Date,Open,High,Low,Close,Volume,Dividends,Stock Splits,Capital Gains,Ticker,Adj Close
2021-03-29 00:00:00+05:00,77.42100477116728,77.42100477116728,75.4854796518881,76.15000915527344,655363.0,0.0,0.0,0.0,HBL.KA,
2021-03-30 00:00:00+05:00,76.73712315424513,77.09841961244098,75.52419089208182,76.09839630126953,589234.0,0.0,0.0,0.0,HBL.KA,
2021-03-31 00:00:00+05:00,76.64681213273232,77.67909141983966,74.19514451884348,74.95645141601562,1835403.0,0.0,0.0,0.0,HBL.KA,
2021-04-01 00:00:00+05:00,75.34356819767926,76.77585810279467,74.84033226827044,75.36292266845703,1208979.0,0.0,0.0,0.0,HBL.KA,
2021-04-02 00:00:00+05:00,75.74356975791568,76.13067389495622,74.87258421900042,75.7500228881836,157824.0,0.0,0.0,0.0,HBL.KA,
2021-04-05 00:00:00+05:00,76.05969641957846,76.05969641957846,73.87255310145018,74.16287994384766,272428.0,0.0,0.0,0.0,HBL.KA,
2021-04-06 00:00:00+05:00,74.09837484200402,75.8532522708251,73.90482522465537,75.37582397460938,242127.0,0.0,0.0,0.0,HBL.KA,
2021-04-07 00:00:00+05:00,75.16290184696496,75.73065418331048,72.90478891594026,73.2918930053711,1813618.0,0.0,0.0,0.0,HBL.KA,
2021-04-08 00:00:00+05:00,74.11125991033262,75.74355200245476,72.33057539061073,74.6209487915039,998575.0,0.0,0.0,0.0,HBL.KA,
2021-04-09 00:00:00+05:00,76.13065589715393,76.74357022571301,73.55640882599276,75.72419738769531,558914.0,0.0,0.0,0.0,HBL.KA,
2021-04-12 00:00:00+05:00,76.58228779646328,76.58228779646328,74.84031687265595,75.25968170166016,179011.0,0.0,0.0,0.0,HBL.KA,
2021-04-13 00:00:00+05:00,75.67905238994824,76.15648065630518,74.69193020624955,75.93711853027344,977655.0,0.0,0.0,0.0,HBL.KA,
2021-04-14 00:00:00+05:00,76.09195382283245,76.96939236361345,76.09195382283245,76.64680480957031,1361999.0,0.0,0.0,0.0,HBL.KA,
2021-04-15 00:00:00+05:00,76.78229557840918,76.78229557840918,75.74356319855487,76.12421417236328,436813.0,0.0,0.0,0.0,HBL.KA,
2021-04-16 00:00:00+05:00,76.56938773151795,76.93713737364479,76.1306684284284,76.47261047363281,896941.0,0.0,0.0,0.0,HBL.KA,
2021-04-19 00:00:00+05:00,75.51776072258313,77.42102563382961,75.4209834560816,75.76937866210938,238583.0,0.0,0.0,0.0,HBL.KA,
2021-04-20 00:00:00+05:00,76.7758494881432,78.05974676940787,75.82098801777445,77.1242446899414,895996.0,0.0,0.0,0.0,HBL.KA,
2021-04-21 00:00:00+05:00,77.42101813731347,78.32426433337461,76.78229611592344,77.48553466796875,1072058.0,0.0,0.0,0.0,HBL.KA,
2021-04-22 00:00:00+05:00,77.45328045848089,82.25338033466285,77.45328045848089,79.2081527709961,1499670.0,0.0,0.0,0.0,HBL.KA,
2021-04-23 00:00:00+05:00,79.80817998610407,79.80817998610407,78.64686743811556,78.74364471435547,864770.0,0.0,0.0,0.0,HBL.KA,
2021-04-26 00:00:00+05:00,79.03396155094413,83.35663339746507,78.07910009455917,80.85335540771484,3305701.0,0.0,0.0,0.0,HBL.KA,
2021-04-27 00:00:00+05:00,81.09852288161122,82.55016712117917,80.66625666717987,81.31143188476562,1696191.0,0.0,0.0,0.0,HBL.KA,
2021-04-28 00:00:00+05:00,80.3888291180984,81.48562991396685,79.51784358057968,79.85333251953125,1338651.0,0.0,0.0,0.0,HBL.KA,
2021-04-29 00:00:00+05:00,79.87268753171794,81.93079296440595,78.0661950977282,80.03398132324219,2402046.0,0.0,0.0,0.0,HBL.KA,
2021-04-30 00:00:00+05:00,80.35656789865126,81.61465748784597,78.78233893798028,80.55011749267578,1872049.0,0.0,0.0,0.0,HBL.KA,
2021-05-03 00:00:00+05:00,81.29207316555616,82.48564627122616,79.7113959340332,81.1888427734375,3083550.0,0.0,0.0,0.0,HBL.KA,
2021-05-04 00:00:00+05:00,82.5630500166334,83.22757951511714,80.64687937511351,82.41465759277344,1612059.0,0.0,0.0,0.0,HBL.KA,
2021-05-05 00:00:00+05:00,83.72948503184423,83.72948503184423,82.41466906481702,82.74173736572266,440870.0,1.75,0.0,0.0,HBL.KA,
2021-05-06 00:00:00+05:00,83.38278751727188,83.59865377831868,82.22496301941423,83.12113189697266,2620856.0,0.0,0.0,0.0,HBL.KA,
2021-05-07 00:00:00+05:00,83.12113189697266,83.12113189697266,83.12113189697266,83.12113189697266,0.0,0.0,0.0,0.0,HBL.KA,
2021-05-10 00:00:00+05:00,83.12113189697266,83.12113189697266,83.12113189697266,83.12113189697266,0.0,0.0,0.0,0.0,HBL.KA,
2021-05-11 00:00:00+05:00,83.12113189697266,83.12113189697266,83.12113189697266,83.12113189697266,0.0,0.0,0.0,0.0,HBL.KA,
2021-05-12 00:00:00+05:00,83.12113189697266,83.12113189697266,83.12113189697266,83.12113189697266,0.0,0.0,0.0,0.0,HBL.KA,
2021-05-13 00:00:00+05:00,83.12113189697266,83.12113189697266,83.12113189697266,83.12113189697266,0.0,0.0,0.0,0.0,HBL.KA,
2021-05-14 00:00:00+05:00,83.12113189697266,83.12113189697266,83.12113189697266,83.12113189697266,0.0,0.0,0.0,0.0,HBL.KA,
2021-05-17 00:00:00+05:00,82.2903990773303,83.8930320003688,81.77363048406204,82.81370544433594,1281995.0,0.0,0.0,0.0,HBL.KA,
2021-05-18 00:00:00+05:00,83.04264912038602,83.36317968528611,81.77362736109491,82.56513214111328,963005.0,0.0,0.0,0.0,HBL.KA,
2021-05-19 00:00:00+05:00,82.42122150706109,82.42122150706109,81.3746038193905,81.69512939453125,855326.0,0.0,0.0,0.0,HBL.KA,
2021-05-20 00:00:00+05:00,81.44001669914661,82.25768754953965,79.28136365784226,79.83084106445312,790533.0,0.0,0.0,0.0,HBL.KA,
2021-05-21 00:00:00+05:00,80.42609509022724,81.96332013321383,79.83737612726746,81.04098510742188,1473126.0,0.0,0.0,0.0,HBL.KA,
2021-05-24 00:00:00+05:00,81.44001163371212,82.42121659315443,81.11294331389801,81.7212905883789,881822.0,0.0,0.0,0.0,HBL.KA,
2021-05-25 00:00:00+05:00,82.0745212717504,84.71069101207516,81.11293965634997,84.32475280761719,3880680.0,0.0,0.0,0.0,HBL.KA,
2021-05-26 00:00:00+05:00,84.37707490995972,85.6918857468419,83.73601392163087,85.31902313232422,2983057.0,0.0,0.0,0.0,HBL.KA,
2021-05-27 00:00:00+05:00,86.34604466903917,87.81785224862506,85.03777126496281,86.20867156982422,3910072.0,0.0,0.0,0.0,HBL.KA,
2021-05-28 00:00:00+05:00,85.69842980991164,88.43272590643546,85.69842980991164,87.7000961303711,4761834.0,0.0,0.0,0.0,HBL.KA,
2021-05-31 00:00:00+05:00,88.27574206055723,89.9110837437144,88.27574206055723,88.9102554321289,2293654.0,0.0,0.0,0.0,HBL.KA,
2021-06-01 00:00:00+05:00,88.93643067747331,90.10733098597599,88.63552340181305,89.45973205566406,1557538.0,0.0,0.0,0.0,HBL.KA,
2021-06-02 00:00:00+05:00,89.61671228671706,89.61671228671706,87.68701135418193,88.11874389648438,1366996.0,0.0,0.0,0.0,HBL.KA,
2021-06-03 00:00:00+05:00,88.85138950963037,88.96259155130943,86.7189074524895,87.68702697753906,1156765.0,0.0,0.0,0.0,HBL.KA,
2021-06-04 00:00:00+05:00,87.6674061363664,88.91679968756507,86.8693585383018,87.44499206542969,486834.0,0.0,0.0,0.0,HBL.KA,
2021-06-07 00:00:00+05:00,87.65432385643011,88.63552897422598,86.45725241495902,87.11138916015625,568821.0,0.0,0.0,0.0,HBL.KA,
2021-06-08 00:00:00+05:00,87.62159617479732,87.9813733035318,87.04596275015464,87.63468170166016,357452.0,0.0,0.0,0.0,HBL.KA,
2021-06-09 00:00:00+05:00,87.94211848096664,87.94211848096664,86.35256149040642,86.75813293457031,409842.0,0.0,0.0,0.0,HBL.KA,
2021-06-10 00:00:00+05:00,87.29452423481935,88.79904035871031,86.3852747917256,87.98790740966797,1506851.0,0.0,0.0,0.0,HBL.KA,
2021-06-11 00:00:00+05:00,88.34116201882853,89.28965822347043,87.8178506703363,88.37387084960938,1223602.0,0.0,0.0,0.0,HBL.KA,
2021-06-14 00:00:00+05:00,89.28965101805841,89.28965101805841,87.98791551616361,88.35424041748047,820637.0,0.0,0.0,0.0,HBL.KA,
2021-06-15 00:00:00+05:00,88.86446589520911,88.86446589520911,87.65430912740946,88.15799713134766,479868.0,0.0,0.0,0.0,HBL.KA,
2021-06-16 00:00:00+05:00,88.68131500922618,88.76634599080889,88.04680162746625,88.43927764892578,1257607.0,0.0,0.0,0.0,HBL.KA,
2021-06-17 00:00:00+05:00,88.63551732911942,88.7598048913913,87.32724401060844,87.43844604492188,169731.0,0.0,0.0,0.0,HBL.KA,
2021-06-18 00:00:00+05:00,87.03288379515855,87.50386298445966,84.38362835067309,85.05738830566406,2267721.0,0.0,0.0,0.0,HBL.KA,
2021-06-21 00:00:00+05:00,85.65918384004813,86.30678265270878,84.3182018440532,85.28633117675781,451442.0,0.0,0.0,0.0,HBL.KA,
2021-06-22 00:00:00+05:00,85.36483553215464,86.34604053827137,84.39016829946532,85.41716766357422,299893.0,0.0,0.0,0.0,HBL.KA,
2021-06-23 00:00:00+05:00,85.4302539969401,85.69190467517055,84.15467949189932,84.93965148925781,435491.0,0.0,0.0,0.0,HBL.KA,
2021-06-24 00:00:00+05:00,85.03777191018297,86.14980231581856,84.41634403479844,85.29288482666016,637245.0,0.0,0.0,0.0,HBL.KA,
2021-06-25 00:00:00+05:00,85.65919327020526,85.65919327020526,82.59129574137097,83.38934326171875,1753036.0,0.0,0.0,0.0,HBL.KA,
2021-06-28 00:00:00+05:00,83.23888291969132,83.72948537304903,80.4588023506643,80.75970458984375,1300352.0,0.0,0.0,0.0,HBL.KA,
2021-06-29 00:00:00+05:00,81.26339077008105,83.00993426758868,80.75970280101738,81.9044418334961,1156820.0,0.0,0.0,0.0,HBL.KA,
2021-06-30 00:00:00+05:00,81.72783821762,81.73437599112562,79.83738361580441,80.04670715332031,4257352.0,0.0,0.0,0.0,HBL.KA,
2021-07-01 00:00:00+05:00,80.39338968834986,81.60354140849896,80.17098064768125,80.75970458984375,1048077.0,0.0,0.0,0.0,HBL.KA,
2021-07-02 00:00:00+05:00,81.02134997043089,81.6885670266178,80.45879216256137,80.83164978027344,822320.0,0.0,0.0,0.0,HBL.KA,
2021-07-05 00:00:00+05:00,80.55692394093775,81.40729853342916,80.13173414935892,80.20368957519531,413241.0,0.0,0.0,0.0,HBL.KA,
2021-07-06 00:00:00+05:00,81.0475366550662,82.35581003128787,80.13828705784547,82.09415435791016,2523758.0,0.0,0.0,0.0,HBL.KA,
2021-07-07 00:00:00+05:00,82.3885116449949,83.59866847783265,82.2249774773862,83.04264831542969,1409206.0,0.0,0.0,0.0,HBL.KA,
2021-07-08 00:00:00+05:00,83.23233319260439,84.08925546642759,83.17346329864662,83.91263580322266,1223609.0,0.0,0.0,0.0,HBL.KA,
2021-07-09 00:00:00+05:00,84.35089790533672,85.29939381412933,82.91179963185856,84.17427825927734,1872284.0,0.0,0.0,0.0,HBL.KA,
2021-07-12 00:00:00+05:00,84.67144241791073,85.00504848793963,83.27812827712518,84.40324401855469,483083.0,0.0,0.0,0.0,HBL.KA,
2021-07-13 00:00:00+05:00,84.71069001386388,84.71069001386388,83.40241680901657,84.36399841308594,777781.0,0.0,0.0,0.0,HBL.KA,
2021-07-14 00:00:00+05:00,84.57987457773727,84.70416214374121,83.48092475756249,84.33783721923828,641310.0,0.0,0.0,0.0,HBL.KA,
2021-07-15 00:00:00+05:00,84.67797831572537,84.7695570377056,83.72948227064464,83.9976806640625,470488.0,0.0,0.0,0.0,HBL.KA,
2021-07-16 00:00:00+05:00,84.3901443941974,85.364811350792,83.7294701371753,85.01811981201172,1065671.0,0.0,0.0,0.0,HBL.KA,
2021-07-19 00:00:00+05:00,85.01811981201172,85.01811981201172,85.01811981201172,85.01811981201172,0.0,0.0,0.0,0.0,HBL.KA,
2021-07-20 00:00:00+05:00,85.01811981201172,85.01811981201172,85.01811981201172,85.01811981201172,0.0,0.0,0.0,0.0,HBL.KA,
2021-07-21 00:00:00+05:00,85.01811981201172,85.01811981201172,85.01811981201172,85.01811981201172,0.0,0.0,0.0,0.0,HBL.KA,
2021-07-22 00:00:00+05:00,85.01811981201172,85.01811981201172,85.01811981201172,85.01811981201172,0.0,0.0,0.0,0.0,HBL.KA,
2021-07-23 00:00:00+05:00,85.01811981201172,85.01811981201172,85.01811981201172,85.01811981201172,0.0,0.0,0.0,0.0,HBL.KA,
2021-07-26 00:00:00+05:00,85.02467097156816,85.33211596664484,83.79490097259371,84.22662353515625,607740.0,0.0,0.0,0.0,HBL.KA,
2021-07-27 00:00:00+05:00,83.59866031280056,86.31332323743202,83.59866031280056,85.8946762084961,2267549.0,0.0,0.0,0.0,HBL.KA,
2021-07-28 00:00:00+05:00,86.2806099147332,86.2806099147332,84.7433949582551,85.56106567382812,802489.0,0.0,0.0,0.0,HBL.KA,
2021-07-29 00:00:00+05:00,85.69190493559663,85.69190493559663,84.05656323835241,84.33783721923828,531104.0,0.0,0.0,0.0,HBL.KA,
2021-07-30 00:00:00+05:00,84.38362128520998,84.69106628529835,82.42121148787952,82.85948181152344,2104560.0,0.0,0.0,0.0,HBL.KA,
2021-08-02 00:00:00+05:00,82.42121305453648,83.72948627762436,82.36234315501734,83.14076232910156,1102000.0,0.0,0.0,0.0,HBL.KA,
2021-08-03 00:00:00+05:00,83.5332454029708,84.30513181433749,83.14730718795387,84.05655670166016,850269.0,0.0,0.0,0.0,HBL.KA,
2021-08-04 00:00:00+05:00,84.37054501081897,85.03122943642587,83.7360316415926,84.76303100585938,1147034.0,0.0,0.0,0.0,HBL.KA,
2021-08-05 00:00:00+05:00,84.71068020338922,85.03774846672276,84.05654367672211,84.6583480834961,2016262.0,0.0,0.0,0.0,HBL.KA,
2021-08-06 00:00:00+05:00,84.41632904865993,84.93964031762621,84.20046277591138,84.42286682128906,644190.0,0.0,0.0,0.0,HBL.KA,
2021-08-09 00:00:00+05:00,84.96581669154183,84.96581669154183,83.14077467543707,84.01077270507812,997110.0,0.0,0.0,0.0,HBL.KA,
2021-08-10 00:00:00+05:00,84.28550074056736,84.35090840853813,83.4351212062921,84.03038787841797,170810.0,0.0,0.0,0.0,HBL.KA,
2021-08-11 00:00:00+05:00,84.0303960490516,85.35174485772528,83.76219763469722,84.27896118164062,606895.0,0.0,0.0,0.0,HBL.KA,
2021-08-12 00:00:00+05:00,84.27894268652717,84.85458598977529,84.08924749686442,84.58638763427734,269949.0,0.0,0.0,0.0,HBL.KA,
2021-08-13 00:00:00+05:00,84.38361448587244,85.02466550657367,84.12196385984423,84.82842254638672,212232.0,0.0,0.0,0.0,HBL.KA,
2021-08-16 00:00:00+05:00,85.0181366834747,85.36482829105437,83.89302090672584,84.98542785644531,577568.0,0.0,0.0,0.0,HBL.KA,
2021-08-17 00:00:00+05:00,85.46293367608763,85.69188545418477,84.44903003936653,84.88075256347656,554445.0,0.0,0.0,0.0,HBL.KA,
2021-08-18 00:00:00+05:00,84.88075256347658,84.88075256347658,84.88075256347658,84.88075256347656,0.0,0.0,0.0,0.0,HBL.KA,
2021-08-19 00:00:00+05:00,84.88075256347658,84.88075256347658,84.88075256347658,84.88075256347656,0.0,0.0,0.0,0.0,HBL.KA,
2021-08-20 00:00:00+05:00,85.03776821132055,85.33212772040072,84.57987453260324,84.72378540039062,657240.0,0.0,0.0,0.0,HBL.KA,
2021-08-23 00:00:00+05:00,84.7237710266531,85.68535257948997,84.71068550052873,85.1685791015625,1436189.0,0.0,0.0,0.0,HBL.KA,
2021-08-24 00:00:00+05:00,85.16858812481027,85.65919060246625,84.57986914415629,84.6976089477539,665106.0,0.0,0.0,0.0,HBL.KA,
2021-08-25 00:00:00+05:00,84.49482757074371,84.95926897132199,84.38362554104647,84.69107055664062,514053.0,0.0,0.0,0.0,HBL.KA,
2021-08-26 00:00:00+05:00,84.71069939023008,84.71069939023008,83.76874098146435,84.08927154541016,546479.0,0.0,0.0,0.0,HBL.KA,
2021-08-27 00:00:00+05:00,84.12196815559643,84.12196815559643,82.26421767380079,83.02955627441406,700103.0,0.0,0.0,0.0,HBL.KA,
2021-08-30 00:00:00+05:00,83.02954920037905,83.02954920037905,79.93548124561468,81.58390808105469,1847573.0,0.0,0.0,0.0,HBL.KA,
2021-08-31 00:00:00+05:00,81.7670781136675,83.30429818407117,81.15873085287515,81.89790344238281,1716145.0,0.0,0.0,0.0,HBL.KA,
2021-09-01 00:00:00+05:00,82.74827907020179,82.74827907020179,81.11293758660096,81.23068237304688,755613.0,0.0,0.0,0.0,HBL.KA,
2021-09-02 00:00:00+05:00,82.09415773529419,82.09415773529419,79.15054251769399,79.72618103027344,3167207.0,0.0,0.0,0.0,HBL.KA,
2021-09-03 00:00:00+05:00,80.13173649386295,80.45226204245182,78.33286077665379,79.0393295288086,1262849.0,0.0,0.0,0.0,HBL.KA,
2021-09-06 00:00:00+05:00,79.15053167619853,79.72617010993098,78.20203556560155,78.48331451416016,7009352.0,0.0,0.0,0.0,HBL.KA,
2021-09-07 00:00:00+05:00,78.65993158017201,78.65993158017201,76.5339874834106,77.90113067626953,1114530.0,0.0,0.0,0.0,HBL.KA,
2021-09-08 00:00:00+05:00,78.4309834782958,78.4309834782958,77.18812287455526,77.81609344482422,1021258.0,0.0,0.0,0.0,HBL.KA,
2021-09-09 00:00:00+05:00,78.07499956818273,78.67251334076856,76.44843908214538,77.12561798095703,2225103.0,1.75,0.0,0.0,HBL.KA,
2021-09-10 00:00:00+05:00,77.64348843833831,77.67004517799899,76.36215487449715,76.85344696044922,1112772.0,0.0,0.0,0.0,HBL.KA,
2021-09-13 00:00:00+05:00,77.24512971372063,78.98455777271668,76.69408888911155,78.09492492675781,2176748.0,0.0,0.0,0.0,HBL.KA,
2021-09-14 00:00:00+05:00,78.09494056539673,80.07337455739147,78.09494056539673,79.47586059570312,1840030.0,0.0,0.0,0.0,HBL.KA,
2021-09-15 00:00:00+05:00,79.6617402873264,80.33228391011556,79.03767474920606,79.66838073730469,1279190.0,0.0,0.0,0.0,HBL.KA,
2021-09-16 00:00:00+05:00,79.66836905308813,80.99617520397292,79.40280680987546,79.74803924560547,4589452.0,0.0,0.0,0.0,HBL.KA,
2021-09-17 00:00:00+05:00,79.96050426437176,79.96050426437176,78.55966808551231,78.98456573486328,1132673.0,0.0,0.0,0.0,HBL.KA,
2021-09-20 00:00:00+05:00,79.00448897820807,79.00448897820807,77.74971220553329,78.89826202392578,201140.0,0.0,0.0,0.0,HBL.KA,
2021-09-21 00:00:00+05:00,78.97126171354624,80.33226492218337,77.08577957971599,77.59034729003906,801918.0,0.0,0.0,0.0,HBL.KA,
2021-09-22 00:00:00+05:00,78.00861695363191,78.27417921587154,75.69159647257837,76.64761352539062,1150303.0,0.0,0.0,0.0,HBL.KA,
2021-09-23 00:00:00+05:00,76.68080783037819,77.27832163170258,75.68495318323042,76.65425109863281,818807.0,0.0,0.0,0.0,HBL.KA,
2021-09-24 00:00:00+05:00,77.00612558789413,77.00612558789413,75.35964859876087,76.27583312988281,143084.0,0.0,0.0,0.0,HBL.KA,
2021-09-27 00:00:00+05:00,76.34887513946178,76.34887513946178,73.69326209113268,74.35052490234375,5459595.0,0.0,0.0,0.0,HBL.KA,
2021-09-28 00:00:00+05:00,74.35715938404334,75.4857928129079,74.03848361514702,74.71566772460938,7044937.0,0.0,0.0,0.0,HBL.KA,
2021-09-29 00:00:00+05:00,75.61857593628794,75.61857593628794,73.30155517295654,73.63350677490234,1347349.0,0.0,0.0,0.0,HBL.KA,
2021-09-30 00:00:00+05:00,73.69327328798582,74.31734407002118,71.73476039334136,72.59783172607422,6587594.0,0.0,0.0,0.0,HBL.KA,
2021-10-01 00:00:00+05:00,72.99615765233068,73.62022830545465,72.09988931051583,73.08910369873047,3308845.0,0.0,0.0,0.0,HBL.KA,
2021-10-04 00:00:00+05:00,73.08911152700989,73.26172780246043,72.4252082300865,73.03600311279297,1599420.0,0.0,0.0,0.0,HBL.KA,
2021-10-05 00:00:00+05:00,73.0426457636106,73.4941002530271,72.36546656207616,72.59783172607422,1589523.0,0.0,0.0,0.0,HBL.KA,
2021-10-06 00:00:00+05:00,73.02271480544869,73.02271480544869,71.43598649191917,71.5422134399414,3148840.0,0.0,0.0,0.0,HBL.KA,
2021-10-07 00:00:00+05:00,71.7015471555746,73.25507824599254,71.54221180236804,72.41856384277344,2483027.0,0.0,0.0,0.0,HBL.KA,
2021-10-08 00:00:00+05:00,72.69740507870226,73.69325994279407,72.03350183597438,73.20197296142578,5834015.0,0.0,0.0,0.0,HBL.KA,
2021-10-11 00:00:00+05:00,72.71729636753052,73.35464265362718,72.37870441188673,72.79696655273438,1206108.0,0.0,0.0,0.0,HBL.KA,
2021-10-12 00:00:00+05:00,72.85009451611813,76.27583211919931,72.3521671560928,75.69823455810547,6622254.0,0.0,0.0,0.0,HBL.KA,
2021-10-13 00:00:00+05:00,76.0169248230517,77.39120439672149,75.1206564167766,76.30904388427734,2676084.0,0.0,0.0,0.0,HBL.KA,
2021-10-14 00:00:00+05:00,76.34887309394003,79.33643769326812,75.75135916103845,79.10407257080078,2542510.0,0.0,0.0,0.0,HBL.KA,
2021-10-15 00:00:00+05:00,79.60198873857503,79.66837804057303,78.2011526861473,79.0243911743164,1357210.0,0.0,0.0,0.0,HBL.KA,
2021-10-18 00:00:00+05:00,79.49577725701883,81.52732473630306,77.70988087975722,80.85678100585938,1824940.0,0.0,0.0,0.0,HBL.KA,
2021-10-19 00:00:00+05:00,80.85678100585938,80.85678100585938,80.85678100585938,80.85678100585938,0.0,0.0,0.0,0.0,HBL.KA,
2021-10-20 00:00:00+05:00,81.32814483145488,83.31985450079662,80.332289996784,82.5298080444336,2318448.0,0.0,0.0,0.0,HBL.KA,
2021-10-21 00:00:00+05:00,82.32398767327771,87.56881831967408,81.14224091871895,84.8069839477539,6216289.0,0.0,0.0,0.0,HBL.KA,
2021-10-22 00:00:00+05:00,84.8468262625822,86.9713143582385,83.65179854303855,86.10823822021484,1951983.0,0.0,0.0,0.0,HBL.KA,
2021-10-25 00:00:00+05:00,84.98624025381993,85.64350803215852,84.0169473087822,86.10823822021484,544116.0,0.0,0.0,0.0,HBL.KA,
2021-10-26 00:00:00+05:00,86.1082437885026,86.1082437885026,82.98790074650577,83.46591186523438,722456.0,0.0,0.0,0.0,HBL.KA,
2021-10-27 00:00:00+05:00,84.42870018880505,85.17603597509229,82.74551240647912,83.39859008789062,1529652.0,1.75,0.0,0.0,HBL.KA,
2021-10-28 00:00:00+05:00,83.48610596789818,84.09205453854976,82.46273015488293,83.7823486328125,755674.0,0.0,0.0,0.0,HBL.KA,
2021-10-29 00:00:00+05:00,84.496019906575,86.85248261313286,82.8464980666569,84.94038391113281,1933104.0,0.0,0.0,0.0,HBL.KA,
2021-11-01 00:00:00+05:00,85.47226971715044,86.84575663931196,84.83939463218495,85.47900390625,465436.0,0.0,0.0,0.0,HBL.KA,
2021-11-02 00:00:00+05:00,85.5059367454177,86.7851553117915,84.83266165293409,86.1657485961914,2460565.0,0.0,0.0,0.0,HBL.KA,
2021-11-03 00:00:00+05:00,86.8188238140542,86.8188238140542,84.15938917092554,84.33444213867188,717179.0,0.0,0.0,0.0,HBL.KA,
2021-11-04 00:00:00+05:00,84.69128132546723,84.89999497722006,83.15621481275748,83.69483184814453,1660552.0,0.0,0.0,0.0,HBL.KA,
2021-11-05 00:00:00+05:00,84.75860467933904,85.10197642975572,83.51978092073375,84.52969360351562,1356774.0,0.0,0.0,0.0,HBL.KA,
2021-11-08 00:00:00+05:00,84.56334569915359,85.51266599027282,84.29403465039545,85.2702865600586,705569.0,0.0,0.0,0.0,HBL.KA,
2021-11-09 00:00:00+05:00,85.77525329747996,85.77525329747996,84.32771072869302,84.37483978271484,854225.0,0.0,0.0,0.0,HBL.KA,
2021-11-10 00:00:00+05:00,84.83265657698581,85.42513677371515,83.55343295047284,83.869873046875,453390.0,0.0,0.0,0.0,HBL.KA,
2021-11-11 00:00:00+05:00,84.13919771360545,84.13919771360545,83.48611998539897,83.5601806640625,2398042.0,0.0,0.0,0.0,HBL.KA,
2021-11-12 00:00:00+05:00,83.55343877172893,84.47582750670956,82.81283719004851,83.08888244628906,415477.0,0.0,0.0,0.0,HBL.KA,
2021-11-15 00:00:00+05:00,82.24055236361328,84.79226554296623,82.24055236361328,84.09879302978516,495611.0,0.0,0.0,0.0,HBL.KA,
2021-11-16 00:00:00+05:00,84.46235082582245,85.16255747646659,82.84649485614611,84.79898834228516,878994.0,0.0,0.0,0.0,HBL.KA,
2021-11-17 00:00:00+05:00,85.1692892582094,86.01088302558301,83.2571906843433,83.93046569824219,4162783.0,0.0,0.0,0.0,HBL.KA,
2021-11-18 00:00:00+05:00,84.15937853409608,84.79225870441034,82.34826706430447,83.33798217773438,1242516.0,0.0,0.0,0.0,HBL.KA,
2021-11-19 00:00:00+05:00,83.2168001771697,85.43861003099165,83.2168001771697,84.7384033203125,3135415.0,0.0,0.0,0.0,HBL.KA,
2021-11-22 00:00:00+05:00,86.17921232314879,86.91981903839591,83.1629376316988,83.94393920898438,4487112.0,0.0,0.0,0.0,HBL.KA,
2021-11-23 00:00:00+05:00,83.82275192955235,83.82275192955235,82.4088752134986,82.99462127685547,1852315.0,0.0,0.0,0.0,HBL.KA,
2021-11-24 00:00:00+05:00,82.84650365189248,82.84650365189248,80.50350402841804,80.89400482177734,3810386.0,0.0,0.0,0.0,HBL.KA,
2021-11-25 00:00:00+05:00,81.37876160292505,81.37876160292505,78.09991008051209,79.13002014160156,4966495.0,0.0,0.0,0.0,HBL.KA,
2021-11-26 00:00:00+05:00,78.16722612055754,81.29122169555099,78.16722612055754,80.40923309326172,3450455.0,0.0,0.0,0.0,HBL.KA,
2021-11-29 00:00:00+05:00,79.51378710348165,85.43860995028962,79.51378710348165,84.2671127319336,5093343.0,0.0,0.0,0.0,HBL.KA,
2021-11-30 00:00:00+05:00,85.431887185414,86.01090425119023,80.79975579588613,83.04849243164062,31480344.0,0.0,0.0,0.0,HBL.KA,
2021-12-01 00:00:00+05:00,84.15936916221573,84.49600663886459,82.21360495811972,83.93718719482422,2901710.0,0.0,0.0,0.0,HBL.KA,
2021-12-02 00:00:00+05:00,83.47937373140705,83.51303953927317,79.10982000513862,80.46983337402344,2946383.0,0.0,0.0,0.0,HBL.KA,
2021-12-03 00:00:00+05:00,80.05239978458701,83.64095682374989,78.87416851608246,82.94747924804688,3277436.0,0.0,0.0,0.0,HBL.KA,
2021-12-06 00:00:00+05:00,83.41877831096755,83.45243898088945,81.50667453024448,81.74905395507812,1012588.0,0.0,0.0,0.0,HBL.KA,
2021-12-07 00:00:00+05:00,82.74551778685554,83.48611943189894,81.80293154012678,82.5166015625,2059729.0,0.0,0.0,0.0,HBL.KA,
2021-12-08 00:00:00+05:00,82.77917274030148,83.38512136678763,81.5672806240106,82.40887451171875,2355553.0,0.0,0.0,0.0,HBL.KA,
2021-12-09 00:00:00+05:00,82.77917101412112,82.77917101412112,80.05914414604831,81.1700439453125,1054086.0,0.0,0.0,0.0,HBL.KA,
2021-12-10 00:00:00+05:00,82.00491020909028,82.00491020909028,80.4294437852956,80.51023864746094,1030716.0,0.0,0.0,0.0,HBL.KA,
2021-12-13 00:00:00+05:00,81.0825049799946,81.12963402250726,79.88407635323223,80.31497192382812,803835.0,0.0,0.0,0.0,HBL.KA,
2021-12-14 00:00:00+05:00,80.44963543858913,81.29796345201125,79.44645703799029,80.38230895996094,2087508.0,0.0,0.0,0.0,HBL.KA,
2021-12-15 00:00:00+05:00,80.76607645594264,80.79300807503604,79.78982966304173,80.08606719970703,1795873.0,0.0,0.0,0.0,HBL.KA,
2021-12-16 00:00:00+05:00,80.28805474652896,80.624692292636,77.42663560461912,77.86426544189453,2280425.0,0.0,0.0,0.0,HBL.KA,
2021-12-17 00:00:00+05:00,78.57120496349127,79.81676805298736,77.090001744471,79.47339630126953,1652856.0,0.0,0.0,0.0,HBL.KA,
2021-12-20 00:00:00+05:00,80.08607584186967,80.86034328014358,78.84051786030645,79.8100357055664,1565638.0,0.0,0.0,0.0,HBL.KA,
2021-12-21 00:00:00+05:00,79.44645317759836,80.13319144492617,78.9145652899229,79.23773956298828,533753.0,0.0,0.0,0.0,HBL.KA,
2021-12-22 00:00:00+05:00,79.91775248883921,79.91775248883921,78.77318687102675,79.43972778320312,761750.0,0.0,0.0,0.0,HBL.KA,
2021-12-23 00:00:00+05:00,78.48367093523846,79.78309196340075,78.48367093523846,79.00209045410156,801572.0,0.0,0.0,0.0,HBL.KA,
2021-12-24 00:00:00+05:00,79.31180965284386,79.31180965284386,78.44328414848249,78.63853454589844,321524.0,0.0,0.0,0.0,HBL.KA,
2021-12-27 00:00:00+05:00,79.38584984658829,79.38584984658829,78.09989225845047,78.2076187133789,379513.0,0.0,0.0,0.0,HBL.KA,
2021-12-28 00:00:00+05:00,78.6923794374161,78.70584781383513,77.56127724220278,78.09989929199219,745571.0,0.0,0.0,0.0,HBL.KA,
2021-12-29 00:00:00+05:00,78.48367743337447,78.48367743337447,77.29198277817797,77.4266357421875,1639485.0,0.0,0.0,0.0,HBL.KA,
2021-12-30 00:00:00+05:00,77.42664538009099,78.03259406692375,76.95535481071104,77.32565307617188,2189778.0,0.0,0.0,0.0,HBL.KA,
2021-12-31 00:00:00+05:00,77.6286036282952,79.10980646054392,76.96205773077106,78.51732635498047,2886976.0,0.0,0.0,0.0,HBL.KA,
2022-01-03 00:00:00+05:00,78.77318330704367,79.37913189828024,78.43654577154348,78.79338073730469,405791.0,0.0,0.0,0.0,HBL.KA,
2022-01-04 00:00:00+05:00,78.8405059256712,80.11972952525942,78.8405059256712,79.4666519165039,916386.0,0.0,0.0,0.0,HBL.KA,
2022-01-05 00:00:00+05:00,79.91772794844574,80.0793176215877,78.77316268209576,79.1838607788086,184922.0,0.0,0.0,0.0,HBL.KA,
2022-01-06 00:00:00+05:00,79.43973066798735,79.91775539098249,78.43655216865055,78.57120513916016,1361906.0,0.0,0.0,0.0,HBL.KA,
2022-01-07 00:00:00+05:00,79.37913655526226,80.45637570472566,78.47021618342383,79.63497924804688,1340981.0,0.0,0.0,0.0,HBL.KA,
2022-01-10 00:00:00+05:00,80.11974073623117,81.62114654126012,79.46666303609199,81.04212951660156,2955003.0,0.0,0.0,0.0,HBL.KA,
2022-01-11 00:00:00+05:00,81.36529773243899,82.4762027147081,79.98508680983443,82.25402069091797,1852575.0,0.0,0.0,0.0,HBL.KA,
2022-01-12 00:00:00+05:00,82.64451935063992,82.71184583397626,81.79619127789412,81.86351776123047,496255.0,0.0,0.0,0.0,HBL.KA,
2022-01-13 00:00:00+05:00,82.1395550009645,82.27420795449045,81.466279959973,81.80291748046875,143600.0,0.0,0.0,0.0,HBL.KA,
2022-01-14 00:00:00+05:00,81.80293108666982,83.48611896911157,81.80293108666982,82.9003677368164,1138299.0,0.0,0.0,0.0,HBL.KA,
2022-01-17 00:00:00+05:00,82.81956412562882,82.88015641363438,82.13955489681892,82.24054718017578,449851.0,0.0,0.0,0.0,HBL.KA,
2022-01-18 00:00:00+05:00,82.24055937819655,82.81284221985925,81.62114748220121,82.14630126953125,476441.0,0.0,0.0,0.0,HBL.KA,
2022-01-19 00:00:00+05:00,81.66826225461804,82.67817478800566,81.49994349905344,81.85004425048828,768005.0,0.0,0.0,0.0,HBL.KA,
2022-01-20 00:00:00+05:00,81.79619290611231,82.44253640503366,80.59102982468093,82.16649627685547,350340.0,0.0,0.0,0.0,HBL.KA,
2022-01-21 00:00:00+05:00,82.47620257295449,82.47620257295449,81.49995569921253,82.22708892822266,96511.0,0.0,0.0,0.0,HBL.KA,
2022-01-24 00:00:00+05:00,82.30788631787736,82.44253929194558,81.56728468713872,81.76253509521484,220830.0,0.0,0.0,0.0,HBL.KA,
2022-01-25 00:00:00+05:00,81.49993845860563,82.19341086677436,81.4662726549025,81.85677337646484,311993.0,0.0,0.0,0.0,HBL.KA,
2022-01-26 00:00:00+05:00,81.97125995593096,81.97125995593096,81.33165053661513,81.47303771972656,271685.0,0.0,0.0,0.0,HBL.KA,
2022-01-27 00:00:00+05:00,81.90393345968967,81.90393345968967,81.12966591120887,81.47303771972656,403396.0,0.0,0.0,0.0,HBL.KA,
2022-01-28 00:00:00+05:00,80.86033538756611,81.80292151882294,80.86033538756611,81.15657806396484,456985.0,0.0,0.0,0.0,HBL.KA,
2022-01-31 00:00:00+05:00,80.92766174280302,81.93757435258848,80.92766174280302,81.59420776367188,691880.0,0.0,0.0,0.0,HBL.KA,
2022-02-01 00:00:00+05:00,81.16331143558608,82.47619576243815,81.16331143558608,81.92411041259766,376741.0,0.0,0.0,0.0,HBL.KA,
2022-02-02 00:00:00+05:00,81.4797475390312,86.17920983551377,81.46628429763412,83.9641342163086,3470427.0,0.0,0.0,0.0,HBL.KA,
2022-02-03 00:00:00+05:00,84.83267339535405,84.83267339535405,83.11581961720384,83.18315124511719,750312.0,0.0,0.0,0.0,HBL.KA,
2022-02-04 00:00:00+05:00,82.88016041604743,84.09205760149236,82.88016041604743,83.41204833984375,2721987.0,0.0,0.0,0.0,HBL.KA,
2022-02-07 00:00:00+05:00,83.78235691273026,84.15938933320496,83.18314247161237,83.4322509765625,191597.0,0.0,0.0,0.0,HBL.KA,
2022-02-08 00:00:00+05:00,83.75541632309283,83.85640860681458,82.8128302361581,83.20333099365234,1701938.0,0.0,0.0,0.0,HBL.KA,
2022-02-09 00:00:00+05:00,83.58711776726707,84.15266647412473,82.92057675227565,83.63424682617188,1243444.0,0.0,0.0,0.0,HBL.KA,
2022-02-10 00:00:00+05:00,83.63421408243363,84.15263352741941,82.1597403163273,82.36172485351562,1544517.0,0.0,0.0,0.0,HBL.KA,
2022-02-11 00:00:00+05:00,82.67818102727419,83.45244325195608,81.84331623826094,82.96768951416016,1131428.0,0.0,0.0,0.0,HBL.KA,
2022-02-14 00:00:00+05:00,82.96768462491835,83.8227416571854,82.44252578406142,82.54351806640625,532437.0,0.0,0.0,0.0,HBL.KA,
2022-02-15 00:00:00+05:00,83.38510964797034,83.38510964797034,81.87024086299303,82.15301513671875,1420639.0,0.0,0.0,0.0,HBL.KA,
2022-02-16 00:00:00+05:00,82.79937156185721,82.79937156185721,81.54034531360976,81.735595703125,363293.0,0.0,0.0,0.0,HBL.KA,
2022-02-17 00:00:00+05:00,81.64807354758757,82.4358093612128,81.12965395259474,82.06550598144531,117622.0,0.0,0.0,0.0,HBL.KA,
2022-02-18 00:00:00+05:00,82.13955153076265,82.7455000693913,81.46627651821541,82.09242248535156,318035.0,0.0,0.0,0.0,HBL.KA,
2022-02-21 00:00:00+05:00,82.40887208185535,82.54352504524577,81.80292347323586,81.96450805664062,83287.0,0.0,0.0,0.0,HBL.KA,
2022-02-22 00:00:00+05:00,82.27419946462719,82.27419946462719,79.44644663893062,81.6615219116211,1400159.0,0.0,0.0,0.0,HBL.KA,
2022-02-23 00:00:00+05:00,81.90392468890269,82.13956996885402,80.26786583569513,81.74234008789062,811166.0,0.0,0.0,0.0,HBL.KA,
2022-02-24 00:00:00+05:00,80.7930219478098,81.76926890833971,78.0325947252627,78.39616394042969,1874967.0,0.0,0.0,0.0,HBL.KA,
2022-02-25 00:00:00+05:00,78.10663977237087,79.10981815582082,78.10663977237087,78.31535339355469,1155499.0,0.0,0.0,0.0,HBL.KA,
2022-02-28 00:00:00+05:00,79.04921245581177,79.04921245581177,77.44008063802458,78.21434783935547,1270047.0,0.0,0.0,0.0,HBL.KA,
2022-03-01 00:00:00+05:00,79.43299750000124,79.51378722344896,78.09991055961969,78.30189514160156,748773.0,0.0,0.0,0.0,HBL.KA,
2022-03-02 00:00:00+05:00,78.73278507696942,78.73278507696942,77.29870594963744,77.73633575439453,674871.0,0.0,0.0,0.0,HBL.KA,
2022-03-03 00:00:00+05:00,78.77318650834768,78.77318650834768,77.29198334662394,77.53436279296875,147193.0,0.0,0.0,0.0,HBL.KA,
2022-03-04 00:00:00+05:00,77.42662785410855,78.77317790374521,77.42662785410855,78.28168487548828,849987.0,0.0,0.0,0.0,HBL.KA,
2022-03-07 00:00:00+05:00,77.49394688455942,78.03256890734202,75.58184846337376,76.08007049560547,453555.0,0.0,0.0,0.0,HBL.KA,
2022-03-08 00:00:00+05:00,78.09989270081648,78.09989270081648,74.83451028333388,75.62897491455078,609309.0,0.0,0.0,0.0,HBL.KA,
2022-03-09 00:00:00+05:00,74.7335254100825,77.40642799661832,74.7335254100825,75.60205078125,1056162.0,0.0,0.0,0.0,HBL.KA,
2022-03-10 00:00:00+05:00,76.68601535847515,77.99889941394993,75.6087765005625,76.7802734375,1116936.0,0.0,0.0,0.0,HBL.KA,
2022-03-11 00:00:00+05:00,76.75336505908352,77.33238208362167,76.12721898076585,76.84088897705078,325294.0,0.0,0.0,0.0,HBL.KA,
2022-03-14 00:00:00+05:00,76.75335921376454,77.08999675417579,76.1204789940534,76.70623016357422,487685.0,0.0,0.0,0.0,HBL.KA,
2022-03-15 00:00:00+05:00,76.82742393872235,77.7632759395276,76.77356069661002,77.44010162353516,268479.0,0.0,0.0,0.0,HBL.KA,
2022-03-16 00:00:00+05:00,77.42662903814504,78.03257759708409,76.41671648547357,76.68602752685547,280721.0,0.0,0.0,0.0,HBL.KA,
2022-03-17 00:00:00+05:00,77.08328144351832,77.32566094290993,76.75337801138959,76.88803100585938,767312.0,0.0,0.0,0.0,HBL.KA,
2022-03-18 00:00:00+05:00,76.71968863764555,77.05632615713795,74.06025428832795,74.49114990234375,1285603.0,0.0,0.0,0.0,HBL.KA,
2022-03-21 00:00:00+05:00,75.25400410432593,76.28488087287833,74.49115487613231,76.01685333251953,841768.0,2.25,0.0,0.0,HBL.KA,
2022-03-22 00:00:00+05:00,76.51854558278117,76.89653583759382,75.2540058999725,75.63199615478516,669559.0,0.0,0.0,0.0,HBL.KA,
2022-03-23 00:00:00+05:00,75.63199615478516,75.63199615478516,75.63199615478516,75.63199615478516,0.0,0.0,0.0,0.0,HBL.KA,
2022-03-24 00:00:00+05:00,76.06495311195113,77.24015188158656,75.26773930706541,76.95838165283203,893817.0,0.0,0.0,0.0,HBL.KA,
2022-03-25 00:00:00+05:00,77.54942539155032,78.34663932604305,75.9756247069213,78.0098876953125,523841.0,0.0,0.0,0.0,HBL.KA,
2022-03-28 00:00:00+05:00,78.13358078797248,78.60778049093567,76.28487361441267,78.14044952392578,378809.0,0.0,0.0,0.0,HBL.KA,
2022-03-29 00:00:00+05:00,78.62152197695993,79.03387156253736,77.73496748414824,77.84492492675781,749914.0,0.0,0.0,0.0,HBL.KA,
2022-03-30 00:00:00+05:00,78.332895941155,78.69026426657533,77.65938744212238,78.09235382080078,100466.0,0.0,0.0,0.0,HBL.KA,
2022-03-31 00:00:00+05:00,78.3397614780585,78.34663545806772,77.3844827458855,77.5975341796875,734793.0,0.0,0.0,0.0,HBL.KA,
2022-04-01 00:00:00+05:00,77.3844798216582,78.69025807861162,76.90340610540127,78.28478240966797,1802294.0,0.0,0.0,0.0,HBL.KA,
2022-04-04 00:00:00+05:00,76.9790078539078,77.65938506912987,74.90350630784177,75.15779113769531,720783.0,0.0,0.0,0.0,HBL.KA,
2022-04-05 00:00:00+05:00,75.26087526849575,76.07870057549884,74.9241184281843,75.29523468017578,477499.0,0.0,0.0,0.0,HBL.KA,
2022-04-06 00:00:00+05:00,75.29523051768457,76.19553304421747,75.25399712862394,75.46017456054688,848481.0,0.0,0.0,0.0,HBL.KA,
2022-04-07 00:00:00+05:00,75.47394421877317,76.10621421219246,74.8416742253539,74.93101501464844,369037.0,0.0,0.0,0.0,HBL.KA,
2022-04-08 00:00:00+05:00,76.27800038703224,77.17830292023017,75.98248219552023,76.65599060058594,990236.0,0.0,0.0,0.0,HBL.KA,
2022-04-11 00:00:00+05:00,78.20918837084895,81.09564130295183,77.04085818914213,79.5287094116211,2207391.0,0.0,0.0,0.0,HBL.KA,
2022-04-12 00:00:00+05:00,79.7211331735855,81.78288661772996,79.52870369106165,79.96854400634766,703976.0,0.0,0.0,0.0,HBL.KA,
2022-04-13 00:00:00+05:00,79.96855047180154,80.40151684248553,79.44623808892916,79.79673767089844,645792.0,0.0,0.0,0.0,HBL.KA,
2022-04-14 00:00:00+05:00,79.85859191410404,80.27094685235734,79.45311619968203,79.75550842285156,1093663.0,0.0,0.0,0.0,HBL.KA,
2022-04-15 00:00:00+05:00,79.92729372461275,80.02350844554202,79.48057952412174,79.89292907714844,191033.0,0.0,0.0,0.0,HBL.KA,
2022-04-18 00:00:00+05:00,80.33278689243315,80.33278689243315,79.03388263211794,79.41187286376953,1195300.0,0.0,0.0,0.0,HBL.KA,
2022-04-19 00:00:00+05:00,79.1026157109444,79.94106305245207,78.69026602063381,78.99952697753906,687019.0,0.0,0.0,0.0,HBL.KA,
2022-04-20 00:00:00+05:00,79.0819973170687,79.65241708547669,75.59763385720103,76.32611846923828,982556.0,0.0,0.0,0.0,HBL.KA,
2022-04-21 00:00:00+05:00,76.62849666590935,77.57003254840933,76.08556767468467,76.50479125976562,768991.0,0.0,0.0,0.0,HBL.KA,
2022-04-22 00:00:00+05:00,78.55999140210878,78.55999140210878,77.55694844068358,78.07600402832031,430165.0,2.25,0.0,0.0,HBL.KA,
2022-04-25 00:00:00+05:00,78.22329097876454,79.26140734106593,78.22329097876454,78.77742004394531,430122.0,0.0,0.0,0.0,HBL.KA,
2022-04-26 00:00:00+05:00,79.60509997512727,79.60509997512727,78.20925909154721,78.41267395019531,913201.0,0.0,0.0,0.0,HBL.KA,
2022-04-27 00:00:00+05:00,79.77993194177857,79.81572593168754,78.02613566416092,78.54869842529297,633532.0,2.25,0.0,0.0,HBL.KA,
2022-04-28 00:00:00+05:00,79.81572905717152,79.81572905717152,77.31030258452489,77.91876220703125,1643917.0,0.0,0.0,0.0,HBL.KA,
2022-04-29 00:00:00+05:00,77.91876220703125,77.91876220703125,77.91876220703125,77.91876220703125,0.0,0.0,0.0,0.0,HBL.KA,
2022-05-02 00:00:00+05:00,77.91876220703125,77.91876220703125,77.91876220703125,77.91876220703125,0.0,0.0,0.0,0.0,HBL.KA,
2022-05-03 00:00:00+05:00,77.91876220703125,77.91876220703125,77.91876220703125,77.91876220703125,0.0,0.0,0.0,0.0,HBL.KA,
2022-05-04 00:00:00+05:00,77.91876220703125,77.91876220703125,77.91876220703125,77.91876220703125,0.0,0.0,0.0,0.0,HBL.KA,
2022-05-05 00:00:00+05:00,77.91876220703125,77.91876220703125,77.91876220703125,77.91876220703125,0.0,0.0,0.0,0.0,HBL.KA,
2022-05-06 00:00:00+05:00,78.72049614364147,78.72049614364147,75.99316237271032,76.61593627929688,314657.0,0.0,0.0,0.0,HBL.KA,
2022-05-09 00:00:00+05:00,77.31029175095794,77.31029175095794,73.37319355993694,73.67384338378906,1731876.0,0.0,0.0,0.0,HBL.KA,
2022-05-10 00:00:00+05:00,72.66452719983234,75.85715568928855,72.66452719983234,73.12982177734375,288350.0,0.0,0.0,0.0,HBL.KA,
2022-05-11 00:00:00+05:00,74.43979612138519,74.43979612138519,71.94152960749012,73.20855712890625,1093343.0,0.0,0.0,0.0,HBL.KA,
2022-05-12 00:00:00+05:00,74.38252346766839,74.38252346766839,72.37818042689469,73.01527404785156,508998.0,0.0,0.0,0.0,HBL.KA,
2022-05-13 00:00:00+05:00,73.01527593843895,74.07471567859896,72.2994398998268,73.56646728515625,321289.0,0.0,0.0,0.0,HBL.KA,
2022-05-16 00:00:00+05:00,73.3731873574874,73.3731873574874,71.40463842838408,72.25648498535156,10735709.0,0.0,0.0,0.0,HBL.KA,
2022-05-17 00:00:00+05:00,72.87211393812414,73.26582049885505,71.69098333313984,72.80768585205078,1015919.0,0.0,0.0,0.0,HBL.KA,
2022-05-18 00:00:00+05:00,73.00811219202585,73.87427309762197,72.52134349302854,73.136962890625,478743.0,0.0,0.0,0.0,HBL.KA,
2022-05-19 00:00:00+05:00,73.71680214017128,73.71680214017128,72.29944429455104,72.60725402832031,573923.0,0.0,0.0,0.0,HBL.KA,
2022-05-20 00:00:00+05:00,72.30659790438746,73.23002702549101,72.29943801499724,73.07969665527344,1150428.0,0.0,0.0,0.0,HBL.KA,
2022-05-23 00:00:00+05:00,73.0868692696079,73.9029220375204,71.72677950262161,73.05823516845703,579563.0,0.0,0.0,0.0,HBL.KA,
2022-05-24 00:00:00+05:00,72.29944728083254,73.9387126319734,72.29944728083254,73.25151062011719,533064.0,0.0,0.0,0.0,HBL.KA,
2022-05-25 00:00:00+05:00,73.33740604671137,73.65953556761018,72.31376020823878,73.45194244384766,2212379.0,0.0,0.0,0.0,HBL.KA,
2022-05-26 00:00:00+05:00,73.45909369117913,74.42547121738431,73.44477391252389,74.02460479736328,284727.0,0.0,0.0,0.0,HBL.KA,
2022-05-27 00:00:00+05:00,74.4469501070256,76.19359183795244,73.75974814602054,74.2393569946289,865427.0,0.0,0.0,0.0,HBL.KA,
2022-05-30 00:00:00+05:00,74.44695564743347,75.43480751588336,73.1656083515957,74.04608917236328,84055.0,0.0,0.0,0.0,HBL.KA,
2022-05-31 00:00:00+05:00,75.07688271751935,75.07688271751935,73.13696768359797,74.01744842529297,1211963.0,0.0,0.0,0.0,HBL.KA,
2022-06-01 00:00:00+05:00,73.73109307420413,74.30376394283327,72.80050427803029,73.02957153320312,597954.0,0.0,0.0,0.0,HBL.KA,
2022-06-02 00:00:00+05:00,73.72395456381184,73.73111445362922,71.08252320635812,71.3259048461914,1278137.0,0.0,0.0,0.0,HBL.KA,
2022-06-03 00:00:00+05:00,71.47623713824393,71.55497955017174,68.7202691049597,69.23567199707031,3428620.0,0.0,0.0,0.0,HBL.KA,
2022-06-06 00:00:00+05:00,68.7918408481776,70.86776641108442,68.7918408481776,70.2879409790039,338817.0,0.0,0.0,0.0,HBL.KA,
2022-06-07 00:00:00+05:00,71.21853222113427,71.5120276442692,68.82764226318848,69.49337005615234,263677.0,0.0,0.0,0.0,HBL.KA,
2022-06-08 00:00:00+05:00,70.38814368244601,70.38814368244601,68.54128579366788,68.6415023803711,282448.0,0.0,0.0,0.0,HBL.KA,
2022-06-09 00:00:00+05:00,68.64151886081596,69.3573549156468,68.040219196228,68.25496673583984,159495.0,0.0,0.0,0.0,HBL.KA,
2022-06-10 00:00:00+05:00,69.13544492880631,69.13544492880631,68.00442269327792,68.1690673828125,328567.0,0.0,0.0,0.0,HBL.KA,
2022-06-13 00:00:00+05:00,68.71309812652486,68.71309812652486,63.70940586893099,64.7402114868164,1666847.0,0.0,0.0,0.0,HBL.KA,
2022-06-14 00:00:00+05:00,65.14108307200809,67.18121480121488,64.4324068842617,66.9163589477539,496900.0,0.0,0.0,0.0,HBL.KA,
2022-06-15 00:00:00+05:00,67.77536392310026,68.71310749075856,66.57275902547455,68.20486450195312,373084.0,0.0,0.0,0.0,HBL.KA,
2022-06-16 00:00:00+05:00,67.29574289176126,68.72025498145706,67.29574289176126,67.99010467529297,301742.0,0.0,0.0,0.0,HBL.KA,
2022-06-17 00:00:00+05:00,69.07102430594804,69.43610224902557,67.2885939320454,68.52699279785156,660783.0,0.0,0.0,0.0,HBL.KA,
2022-06-20 00:00:00+05:00,69.0638604246224,69.25713374368387,67.36732712030272,68.29075622558594,85696.0,0.0,0.0,0.0,HBL.KA,
2022-06-21 00:00:00+05:00,69.02806325160755,69.50767204387192,67.44606640305227,69.40745544433594,4839780.0,0.0,0.0,0.0,HBL.KA,
2022-06-22 00:00:00+05:00,68.82764212032687,71.14694955557566,68.82764212032687,69.24282836914062,3538321.0,0.0,0.0,0.0,HBL.KA,
2022-06-23 00:00:00+05:00,68.04022017343992,69.93718137686973,68.00442618562603,68.22633361816406,623293.0,0.0,0.0,0.0,HBL.KA,
2022-06-24 00:00:00+05:00,69.06386684608522,69.06386684608522,64.42524668196927,66.47969818115234,1533544.0,0.0,0.0,0.0,HBL.KA,
2022-06-27 00:00:00+05:00,66.57274508489223,69.78684705496147,65.21265565216919,68.17621612548828,992359.0,0.0,0.0,0.0,HBL.KA,
2022-06-28 00:00:00+05:00,67.00942591065399,69.03524363086137,67.00942591065399,67.98296356201172,573062.0,0.0,0.0,0.0,HBL.KA,
2022-06-29 00:00:00+05:00,67.99725758801189,68.09747418738208,63.20831863943729,64.48250579833984,3443169.0,0.0,0.0,0.0,HBL.KA,
2022-06-30 00:00:00+05:00,64.35366027834111,66.21483286663778,63.90268008352387,65.38446044921875,2566730.0,0.0,0.0,0.0,HBL.KA,
2022-07-01 00:00:00+05:00,65.49185169461738,65.84261536099798,64.22482403744897,65.2413101196289,652624.0,0.0,0.0,0.0,HBL.KA,
2022-07-04 00:00:00+05:00,65.32004592709853,66.27926370609207,64.42525077741226,65.94282531738281,204822.0,0.0,0.0,0.0,HBL.KA,
2022-07-05 00:00:00+05:00,65.85691708504785,66.25062910000587,64.78316300213946,64.90485382080078,96954.0,0.0,0.0,0.0,HBL.KA,
2022-07-06 00:00:00+05:00,65.78533663006664,65.84260482701517,64.50398939567151,65.64216613769531,121903.0,0.0,0.0,0.0,HBL.KA,
2022-07-07 00:00:00+05:00,65.57057307574766,65.83543434798707,65.22697487211299,65.72805786132812,45485.0,0.0,0.0,0.0,HBL.KA,
2022-07-08 00:00:00+05:00,65.72805786132812,65.72805786132812,65.72805786132812,65.72805786132812,0.0,0.0,0.0,0.0,HBL.KA,
2022-07-11 00:00:00+05:00,65.72805786132812,65.72805786132812,65.72805786132812,65.72805786132812,0.0,0.0,0.0,0.0,HBL.KA,
2022-07-12 00:00:00+05:00,65.72805786132812,65.72805786132812,65.72805786132812,65.72805786132812,0.0,0.0,0.0,0.0,HBL.KA,
2022-07-13 00:00:00+05:00,63.745186594390496,67.26709777435073,63.745186594390496,66.61568450927734,92146.0,0.0,0.0,0.0,HBL.KA,
2022-07-14 00:00:00+05:00,67.28860008705595,67.50335312295624,66.15042319641546,67.13827514648438,488639.0,0.0,0.0,0.0,HBL.KA,
2022-07-15 00:00:00+05:00,67.99011633289517,67.99011633289517,66.22915469103266,66.47254180908203,119617.0,0.0,0.0,0.0,HBL.KA,
2022-07-18 00:00:00+05:00,64.61851848116333,66.46537681949526,64.61851848116333,65.09097290039062,212336.0,0.0,0.0,0.0,HBL.KA,
2022-07-19 00:00:00+05:00,65.14107420287988,65.81396177196265,62.85040125063336,63.40875244140625,536224.0,0.0,0.0,0.0,HBL.KA,
2022-07-20 00:00:00+05:00,63.88837290403271,64.42524998725987,62.621345390630886,63.22980499267578,147724.0,0.0,0.0,0.0,HBL.KA,
2022-07-21 00:00:00+05:00,64.2820826824749,64.2820826824749,61.56190337216951,61.9412956237793,477633.0,0.0,0.0,0.0,HBL.KA,
2022-07-22 00:00:00+05:00,63.673603289839214,63.673603289839214,60.058635148511826,60.58835220336914,353168.0,0.0,0.0,0.0,HBL.KA,
2022-07-25 00:00:00+05:00,61.168184114265294,61.168184114265294,59.772306096568215,59.82241439819336,94226.0,0.0,0.0,0.0,HBL.KA,
2022-07-26 00:00:00+05:00,59.84390018306242,60.47383948125441,58.05430983391943,60.072967529296875,311482.0,0.0,0.0,0.0,HBL.KA,
2022-07-27 00:00:00+05:00,62.27058850696813,62.27058850696813,59.40724375303507,60.44520950317383,1366469.0,0.0,0.0,0.0,HBL.KA,
2022-07-28 00:00:00+05:00,60.574045992784846,62.206151244946405,60.16601967974445,61.8840217590332,2531280.0,0.0,0.0,0.0,HBL.KA,
2022-07-29 00:00:00+05:00,62.206158358647244,62.206158358647244,60.84606867251189,61.74086380004883,628902.0,0.0,0.0,0.0,HBL.KA,
2022-08-01 00:00:00+05:00,63.67360871011423,63.67360871011423,59.6720881736163,61.54042053222656,734281.0,0.0,0.0,0.0,HBL.KA,
2022-08-02 00:00:00+05:00,61.56191246712094,61.56191246712094,60.77449374877432,60.88187026977539,710610.0,0.0,0.0,0.0,HBL.KA,
2022-08-03 00:00:00+05:00,61.27555807988717,62.95777152095618,60.280546516222714,61.926971435546875,1646552.0,0.0,0.0,0.0,HBL.KA,
2022-08-04 00:00:00+05:00,63.30377403710618,63.73356683573376,61.9269720556132,63.01967239379883,438995.0,1.5,0.0,0.0,HBL.KA,
2022-08-05 00:00:00+05:00,64.3892001328316,65.52560691754287,62.648164381275286,64.60045623779297,1594932.0,0.0,0.0,0.0,HBL.KA,
2022-08-08 00:00:00+05:00,64.60045623779297,64.60045623779297,64.60045623779297,64.60045623779297,0.0,0.0,0.0,0.0,HBL.KA,
2022-08-09 00:00:00+05:00,64.60045623779297,64.60045623779297,64.60045623779297,64.60045623779297,0.0,0.0,0.0,0.0,HBL.KA,
2022-08-10 00:00:00+05:00,64.8335720600861,67.66730864146209,64.8335720600861,66.50176239013672,1378718.0,0.0,0.0,0.0,HBL.KA,
2022-08-11 00:00:00+05:00,67.66000379162193,67.66000379162193,63.959396156934524,64.17064666748047,505366.0,0.0,0.0,0.0,HBL.KA,
2022-08-12 00:00:00+05:00,64.81899358154058,66.41433247014417,62.939547460858165,66.239501953125,580206.0,0.0,0.0,0.0,HBL.KA,
2022-08-15 00:00:00+05:00,66.29049734291429,71.20036339213915,66.29049734291429,69.4593276977539,1772521.0,0.0,0.0,0.0,HBL.KA,
2022-08-16 00:00:00+05:00,69.568602935448,72.70101345826427,68.47590236578128,70.6248779296875,1572294.0,0.0,0.0,0.0,HBL.KA,
2022-08-17 00:00:00+05:00,69.93282461208871,73.86654710807102,69.78713345058482,70.23149871826172,1225443.0,0.0,0.0,0.0,HBL.KA,
2022-08-18 00:00:00+05:00,71.30962640525651,71.74670544601727,70.29705783035216,70.37718963623047,292307.0,0.0,0.0,0.0,HBL.KA,
2022-08-19 00:00:00+05:00,71.38248272170875,71.38248272170875,68.54874641930493,70.2023696899414,506768.0,0.0,0.0,0.0,HBL.KA,
2022-08-22 00:00:00+05:00,71.01824776080127,71.75400100237982,68.80370736750194,69.00768280029297,811424.0,0.0,0.0,0.0,HBL.KA,
2022-08-23 00:00:00+05:00,67.75471421955649,71.38976283207774,67.75471421955649,68.89112091064453,1247637.0,0.0,0.0,0.0,HBL.KA,
2022-08-24 00:00:00+05:00,69.53218127044333,69.93284039162548,68.22823007480575,68.48319244384766,1771932.0,0.0,0.0,0.0,HBL.KA,
2022-08-25 00:00:00+05:00,68.65802011969559,69.69972823347733,68.65802011969559,69.4156265258789,725249.0,0.0,0.0,0.0,HBL.KA,
2022-08-26 00:00:00+05:00,69.24807256979591,70.07852452110423,68.03153399032384,68.31563568115234,504502.0,0.0,0.0,0.0,HBL.KA,
2022-08-29 00:00:00+05:00,68.84013307367202,68.84013307367202,65.58388461999287,67.33949279785156,411039.0,0.0,0.0,0.0,HBL.KA,
2022-08-30 00:00:00+05:00,67.82756276917742,69.10966624449183,65.86070409360005,66.2176513671875,664612.0,0.0,0.0,0.0,HBL.KA,
2022-08-31 00:00:00+05:00,67.01167297888473,67.01167297888473,65.03024199142176,66.04281616210938,680614.0,0.0,0.0,0.0,HBL.KA,
2022-09-01 00:00:00+05:00,66.42161509419412,66.42161509419412,65.37990715893352,65.744140625,258339.0,0.0,0.0,0.0,HBL.KA,
2022-09-02 00:00:00+05:00,66.25406334333444,66.25406334333444,64.14879441481617,65.46732330322266,170854.0,0.0,0.0,0.0,HBL.KA,
2022-09-05 00:00:00+05:00,66.29049734341896,66.29049734341896,64.10509633209746,64.46932983398438,274439.0,0.0,0.0,0.0,HBL.KA,
2022-09-06 00:00:00+05:00,65.08852084135191,65.08852084135191,63.95940040402237,64.43289947509766,118957.0,0.0,0.0,0.0,HBL.KA,
2022-09-07 00:00:00+05:00,64.83356430504917,64.83356430504917,63.44947586563611,64.09053039550781,298849.0,0.0,0.0,0.0,HBL.KA,
2022-09-08 00:00:00+05:00,64.64417005892425,64.64417005892425,63.4859100168465,63.77729797363281,142679.0,0.0,0.0,0.0,HBL.KA,
2022-09-09 00:00:00+05:00,64.23621903836928,64.23621903836928,63.44947335974179,63.76271438598633,77062.0,0.0,0.0,0.0,HBL.KA,
2022-09-12 00:00:00+05:00,63.74085571443756,64.83355609811363,63.391189146246134,63.478607177734375,312556.0,0.0,0.0,0.0,HBL.KA,
2022-09-13 00:00:00+05:00,63.76271468971502,64.65144530598,63.23821756813162,64.09780883789062,409207.0,0.0,0.0,0.0,HBL.KA,
2022-09-14 00:00:00+05:00,64.46204226324775,64.46204226324775,63.026961406503744,63.20179748535156,193026.0,0.0,0.0,0.0,HBL.KA,
2022-09-15 00:00:00+05:00,63.733575372233744,63.81370718572114,60.6813024646903,61.59916687011719,422866.0,0.0,0.0,0.0,HBL.KA,
2022-09-16 00:00:00+05:00,61.191217213675436,62.64815095685819,60.244208057502185,60.572021484375,1606236.0,0.0,0.0,0.0,HBL.KA,
2022-09-19 00:00:00+05:00,60.75415010843939,61.75943258744958,59.37006166961973,59.6541633605957,715849.0,0.0,0.0,0.0,HBL.KA,
2022-09-20 00:00:00+05:00,60.025683937240615,60.68130537091832,59.3773487299822,59.76343536376953,619915.0,0.0,0.0,0.0,HBL.KA,
2022-09-21 00:00:00+05:00,59.76343803548257,60.46276574341466,59.282647110037814,59.668739318847656,257611.0,0.0,0.0,0.0,HBL.KA,
2022-09-22 00:00:00+05:00,60.244209877054004,60.244209877054004,58.357483290373025,59.59587478637695,604518.0,0.0,0.0,0.0,HBL.KA,
2022-09-23 00:00:00+05:00,60.2442062663547,60.2442062663547,58.6415814196065,58.96210861206055,4937798.0,0.0,0.0,0.0,HBL.KA,
2022-09-26 00:00:00+05:00,58.72172053979586,60.091236387642375,58.72172053979586,59.0422477722168,522497.0,0.0,0.0,0.0,HBL.KA,
2022-09-27 00:00:00+05:00,59.58131335578389,59.58131335578389,58.729008346011106,59.049530029296875,937046.0,0.0,0.0,0.0,HBL.KA,
2022-09-28 00:00:00+05:00,59.51574220800882,61.264063841405275,59.115088756409605,59.34819793701172,1037680.0,0.0,0.0,0.0,HBL.KA,
2022-09-29 00:00:00+05:00,58.28465075689928,58.28465075689928,54.89727783203124,54.89727783203125,1825607.0,0.0,0.0,0.0,HBL.KA,
2022-09-30 00:00:00+05:00,50.781436920166016,50.781436920166016,50.781436920166016,50.781436920166016,697317.0,0.0,0.0,0.0,HBL.KA,
2022-10-03 00:00:00+05:00,48.996689322737794,51.68472862788767,48.843711927953805,49.674163818359375,13165202.0,0.0,0.0,0.0,HBL.KA,
2022-10-04 00:00:00+05:00,49.89998798455645,51.4297675265452,49.81985617236904,50.533756256103516,3411030.0,0.0,0.0,0.0,HBL.KA,
2022-10-05 00:00:00+05:00,50.28607167527589,51.42247831632929,50.28607167527589,50.70858383178711,940289.0,0.0,0.0,0.0,HBL.KA,
2022-10-06 00:00:00+05:00,50.978116803961846,52.00525225696034,50.628450241769116,51.81584930419922,2492074.0,0.0,0.0,0.0,HBL.KA,
2022-10-07 00:00:00+05:00,51.7211607188727,52.44962777125119,51.06553926017955,52.143672943115234,2131520.0,0.0,0.0,0.0,HBL.KA,
2022-10-10 00:00:00+05:00,52.80657037972904,52.80657037972904,51.502613804875594,52.09995651245117,1457962.0,0.0,0.0,0.0,HBL.KA,
2022-10-11 00:00:00+05:00,52.26750636502963,53.105244512397846,52.01254403089897,52.09995651245117,1303660.0,0.0,0.0,0.0,HBL.KA,
2022-10-12 00:00:00+05:00,52.08537776046384,52.449611171376176,50.999963752118106,52.18736267089844,883409.0,0.0,0.0,0.0,HBL.KA,
2022-10-13 00:00:00+05:00,52.44233289140225,52.44233289140225,51.97611449942854,52.10723876953125,1179978.0,0.0,0.0,0.0,HBL.KA,
2022-10-14 00:00:00+05:00,52.449634162283985,52.81386773285541,51.43706528071651,52.121826171875,2259053.0,0.0,0.0,0.0,HBL.KA,
2022-10-17 00:00:00+05:00,52.37677209177316,52.37677209177316,52.012538635721555,52.09267044067383,1290144.0,0.0,0.0,0.0,HBL.KA,
2022-10-18 00:00:00+05:00,52.40592791229965,52.40592791229965,51.93970938658929,52.121826171875,1366844.0,0.0,0.0,0.0,HBL.KA,
2022-10-19 00:00:00+05:00,52.08538565080774,52.303927953566124,52.01254006914215,52.10723876953125,1289881.0,0.0,0.0,0.0,HBL.KA,
2022-10-20 00:00:00+05:00,52.260218854255875,52.260218854255875,51.99068963241309,52.078102111816406,3777764.0,0.0,0.0,0.0,HBL.KA,
2022-10-21 00:00:00+05:00,52.078102111816406,52.369490011271935,51.35692136792946,52.078102111816406,3101946.0,0.0,0.0,0.0,HBL.KA,
2022-10-24 00:00:00+05:00,52.34035817744338,52.34035817744338,51.575471084078096,52.08539581298828,1516345.0,0.0,0.0,0.0,HBL.KA,
2022-10-25 00:00:00+05:00,52.0926729884304,52.21651103568188,51.57546212247267,51.786712646484375,524964.0,0.0,0.0,0.0,HBL.KA,
2022-10-26 00:00:00+05:00,51.72115332418243,51.793998907452874,50.64301979538994,50.88341522216797,646270.0,0.0,0.0,0.0,HBL.KA,
2022-10-27 00:00:00+05:00,51.713872409463,51.713872409463,50.5993187534532,50.832427978515625,399202.0,0.0,0.0,0.0,HBL.KA,
2022-10-28 00:00:00+05:00,51.6337395572343,51.6337395572343,50.3589222924692,50.66488265991211,356998.0,0.0,0.0,0.0,HBL.KA,
2022-10-31 00:00:00+05:00,50.62845919937206,51.34235934285062,50.519188031993586,50.7960090637207,491769.0,0.0,0.0,0.0,HBL.KA,
2022-11-01 00:00:00+05:00,51.34963703220655,51.35692325834567,50.774147437983,50.9708366394043,992103.0,0.0,0.0,0.0,HBL.KA,
2022-11-02 00:00:00+05:00,50.883418867727414,51.34963730337472,50.32250172281999,50.47547912597656,517560.0,0.0,0.0,0.0,HBL.KA,
2022-11-03 00:00:00+05:00,50.61388750175971,50.99268788060036,50.04567859685587,50.34435272216797,1513917.0,0.0,0.0,0.0,HBL.KA,
2022-11-04 00:00:00+05:00,50.642214880149545,50.93261970698872,50.113529024081636,50.202880859375,257254.0,1.5,0.0,0.0,HBL.KA,
2022-11-07 00:00:00+05:00,50.26989030416851,51.13365673095924,50.26989030416851,50.37413787841797,302170.0,0.0,0.0,0.0,HBL.KA,
2022-11-08 00:00:00+05:00,50.634759093397676,50.82091629594693,50.26989256709989,50.33690643310547,369854.0,0.0,0.0,0.0,HBL.KA,
2022-11-09 00:00:00+05:00,50.33690643310547,50.33690643310547,50.33690643310547,50.33690643310547,0.0,0.0,0.0,0.0,HBL.KA,
2022-11-10 00:00:00+05:00,50.634759901473195,53.054803573234786,50.26244549043295,51.841060638427734,3760847.0,0.0,0.0,0.0,HBL.KA,
2022-11-11 00:00:00+05:00,52.11657331773794,52.33996425243855,51.57299742093657,51.744258880615234,541124.0,0.0,0.0,0.0,HBL.KA,
2022-11-14 00:00:00+05:00,51.744254877210096,52.33996020294424,51.453850093208125,52.06444549560547,575232.0,0.0,0.0,0.0,HBL.KA,
2022-11-15 00:00:00+05:00,52.124018013507396,52.124018013507396,51.82616534578822,51.945308685302734,497806.0,0.0,0.0,0.0,HBL.KA,
2022-11-16 00:00:00+05:00,51.52831531158352,52.049558926998635,51.19323459394105,51.49853515625,352781.0,0.0,0.0,0.0,HBL.KA,
2022-11-17 00:00:00+05:00,51.498535358671205,52.04955913158571,50.90282999044599,50.9921875,329673.0,0.0,0.0,0.0,HBL.KA,
2022-11-18 00:00:00+05:00,51.67724266045227,51.67724266045227,50.5230656853947,50.850704193115234,637019.0,0.0,0.0,0.0,HBL.KA,
2022-11-21 00:00:00+05:00,50.277339496660616,50.9996304195005,50.26244941872477,50.731563568115234,265275.0,0.0,0.0,0.0,HBL.KA,
2022-11-22 00:00:00+05:00,51.30492759977599,51.31981767672868,50.634760515562476,50.83580780029297,100657.0,0.0,0.0,0.0,HBL.KA,
2022-11-23 00:00:00+05:00,51.178337500712125,51.34215105686044,50.71666562138516,50.91027069091797,132930.0,0.0,0.0,0.0,HBL.KA,
2022-11-24 00:00:00+05:00,50.709227150758565,51.133665398164524,50.269898824964535,50.396484375,1192088.0,0.0,0.0,0.0,HBL.KA,
2022-11-25 00:00:00+05:00,50.992186158045065,50.992186158045065,50.45605247696521,50.634761810302734,1248248.0,0.0,0.0,0.0,HBL.KA,
2022-11-28 00:00:00+05:00,51.37938872527342,51.37938872527342,49.51781667000989,49.845455169677734,712640.0,0.0,0.0,0.0,HBL.KA,
2022-11-29 00:00:00+05:00,50.53796437756416,51.00707852907057,49.532710839801446,50.783687591552734,778638.0,0.0,0.0,0.0,HBL.KA,
2022-11-30 00:00:00+05:00,50.99962323245839,51.19322830474592,49.51781356022696,49.5848274230957,807766.0,0.0,0.0,0.0,HBL.KA,
2022-12-01 00:00:00+05:00,49.8752442229783,52.19848266199397,49.8752442229783,50.575191497802734,5477595.0,0.0,0.0,0.0,HBL.KA,
2022-12-02 00:00:00+05:00,50.96983607504649,51.30492242388164,50.26988890754173,51.0815315246582,1432799.0,0.0,0.0,0.0,HBL.KA,
2022-12-05 00:00:00+05:00,51.71446056325905,51.71446056325905,50.3368986145764,50.47093200683594,876686.0,0.0,0.0,0.0,HBL.KA,
2022-12-06 00:00:00+05:00,50.63476157889494,50.85070462618006,50.001828195372205,50.582637786865234,311749.0,0.0,0.0,0.0,HBL.KA,
2022-12-07 00:00:00+05:00,50.634757939091436,50.820915137396916,50.11352005626282,50.26244354248047,1709572.0,0.0,0.0,0.0,HBL.KA,
2022-12-08 00:00:00+05:00,50.88792777192835,50.88792777192835,49.70397074623345,49.81566619873047,665889.0,0.0,0.0,0.0,HBL.KA,
2022-12-09 00:00:00+05:00,50.3741413676705,50.448603114282584,48.77318825070862,48.97423553466797,1549529.0,0.0,0.0,0.0,HBL.KA,
2022-12-12 00:00:00+05:00,49.36144339360836,49.40611930326861,48.54979505469044,48.82530975341797,5508129.0,0.0,0.0,0.0,HBL.KA,
2022-12-13 00:00:00+05:00,48.773184881840955,49.74120456413625,48.475332234898815,49.12316131591797,3577369.0,0.0,0.0,0.0,HBL.KA,
2022-12-14 00:00:00+05:00,48.810420613514836,49.4805819955412,48.810420613514836,49.03380584716797,738520.0,0.0,0.0,0.0,HBL.KA,
2022-12-15 00:00:00+05:00,49.14550278353151,49.14550278353151,46.24889708910874,47.90941619873047,2313381.0,0.0,0.0,0.0,HBL.KA,
2022-12-16 00:00:00+05:00,48.31896703428434,48.66149563356772,47.06054526359522,48.021114349365234,470757.0,0.0,0.0,0.0,HBL.KA,
2022-12-19 00:00:00+05:00,48.40087758655276,49.145506472499726,47.67113877865501,48.229610443115234,705108.0,0.0,0.0,0.0,HBL.KA,
2022-12-20 00:00:00+05:00,47.730708564714504,48.400875671767835,46.42760806585922,46.881832122802734,663578.0,0.0,0.0,0.0,HBL.KA,
2022-12-21 00:00:00+05:00,48.02111381401188,48.02111381401188,46.174434573488384,46.613765716552734,503372.0,0.0,0.0,0.0,HBL.KA,
2022-12-22 00:00:00+05:00,46.91161448064932,47.522209870456365,46.53930008000925,46.86693572998047,508933.0,0.0,0.0,0.0,HBL.KA,
2022-12-23 00:00:00+05:00,46.87438692286374,47.24670134982766,45.757443641971996,46.204219818115234,313705.0,0.0,0.0,0.0,HBL.KA,
2022-12-26 00:00:00+05:00,47.23180766037624,47.23180766037624,46.33080744356905,46.673336029052734,413864.0,0.0,0.0,0.0,HBL.KA,
2022-12-27 00:00:00+05:00,47.20946912573888,47.20946912573888,46.12230887127552,46.636104583740234,232433.0,0.0,0.0,0.0,HBL.KA,
2022-12-28 00:00:00+05:00,46.829707010270546,46.829707010270546,45.94359971861459,46.129756927490234,256561.0,0.0,0.0,0.0,HBL.KA,
2022-12-29 00:00:00+05:00,46.72545730531101,46.72545730531101,44.11925649943709,44.61815643310547,3057746.0,0.0,0.0,0.0,HBL.KA,
2022-12-30 00:00:00+05:00,44.93090863947878,47.65625034230818,44.37988199506094,47.4552001953125,3213843.0,0.0,0.0,0.0,HBL.KA,
2023-01-02 00:00:00+05:00,47.20946848007605,48.2891780002139,46.72545860926467,48.036006927490234,958977.0,0.0,0.0,0.0,HBL.KA,
2023-01-03 00:00:00+05:00,47.82006880950204,48.8104266087681,46.76269429569518,47.3658447265625,1449704.0,0.0,0.0,0.0,HBL.KA,
2023-01-04 00:00:00+05:00,46.241447398507425,47.65624325639503,46.241447398507425,47.49242401123047,109780.0,0.0,0.0,0.0,HBL.KA,
2023-01-05 00:00:00+05:00,48.17748186067901,48.2519492867275,46.91161515279236,48.065792083740234,199038.0,0.0,0.0,0.0,HBL.KA,
2023-01-06 00:00:00+05:00,48.37853638631005,48.37853638631005,47.291376126890164,47.686031341552734,145546.0,0.0,0.0,0.0,HBL.KA,
2023-01-09 00:00:00+05:00,47.47009148811773,47.47009148811773,46.01806459213914,46.1595458984375,280281.0,0.0,0.0,0.0,HBL.KA,
2023-01-10 00:00:00+05:00,46.31591729282206,47.484984416990976,46.31591729282206,46.5318603515625,289175.0,0.0,0.0,0.0,HBL.KA,
2023-01-11 00:00:00+05:00,46.53930230636473,47.283931143266564,46.39037597087764,47.060543060302734,288783.0,0.0,0.0,0.0,HBL.KA,
2023-01-12 00:00:00+05:00,47.611562332492994,47.62645524869484,46.76268599272126,46.83715057373047,277856.0,0.0,0.0,0.0,HBL.KA,
2023-01-13 00:00:00+05:00,46.39036965447731,46.87437946877534,45.97337938053017,46.4424934387207,133141.0,0.0,0.0,0.0,HBL.KA,
2023-01-16 00:00:00+05:00,47.02331231750048,47.02331231750048,45.41491413893529,45.995723724365234,134620.0,0.0,0.0,0.0,HBL.KA,
2023-01-17 00:00:00+05:00,46.89672309644901,46.89672309644901,45.3478966162446,45.720211029052734,426538.0,0.0,0.0,0.0,HBL.KA,
2023-01-18 00:00:00+05:00,45.64575014909508,46.46484362811228,45.4223620513754,46.1595458984375,461778.0,0.0,0.0,0.0,HBL.KA,
2023-01-19 00:00:00+05:00,46.1446552482581,46.53930766831455,44.714966239609836,46.3084716796875,729812.0,0.0,0.0,0.0,HBL.KA,
2023-01-20 00:00:00+05:00,46.53930606515218,47.50732306320059,45.422362719588534,45.943603515625,1032972.0,0.0,0.0,0.0,HBL.KA,
2023-01-23 00:00:00+05:00,46.16698361039951,46.16698361039951,45.0649333747572,45.95848846435547,239903.0,0.0,0.0,0.0,HBL.KA,
2023-01-24 00:00:00+05:00,45.19896539576476,47.35094201462264,45.19896539576476,47.1052131652832,466645.0,0.0,0.0,0.0,HBL.KA,
2023-01-25 00:00:00+05:00,47.95409908597075,50.634761810302734,47.283931984620935,50.634761810302734,4073727.0,0.0,0.0,0.0,HBL.KA,
2023-01-26 00:00:00+05:00,52.49632794937422,54.4323616027832,52.49632794937422,54.4323616027832,8725035.0,0.0,0.0,0.0,HBL.KA,
2023-01-27 00:00:00+05:00,57.70873590145652,58.41613103685392,55.95885923936775,56.859859466552734,8556359.0,0.0,0.0,0.0,HBL.KA,
2023-01-30 00:00:00+05:00,56.554565047113535,56.96411323166377,53.79944027434911,54.402587890625,1799948.0,0.0,0.0,0.0,HBL.KA,
2023-01-31 00:00:00+05:00,54.84191712072416,55.05786017360647,53.61327835552979,53.821773529052734,1474564.0,0.0,0.0,0.0,HBL.KA,
2023-02-01 00:00:00+05:00,53.47180101864196,55.474854634806896,53.47180101864196,53.918582916259766,6169725.0,0.0,0.0,0.0,HBL.KA,
2023-02-02 00:00:00+05:00,54.35045977647642,54.469603122908566,53.28564026227578,54.343017578125,1219556.0,0.0,0.0,0.0,HBL.KA,
2023-02-03 00:00:00+05:00,54.35790124478779,55.176991771167124,53.65794836972176,54.5589485168457,1100144.0,0.0,0.0,0.0,HBL.KA,
2023-02-06 00:00:00+05:00,54.841912696420444,55.66100324678177,54.350454957563485,54.96849822998047,2747178.0,0.0,0.0,0.0,HBL.KA,
2023-02-07 00:00:00+05:00,54.76744009892581,55.84714938120274,54.73020639357868,55.25889205932617,4774538.0,0.0,0.0,0.0,HBL.KA,
2023-02-08 00:00:00+05:00,55.84715858610548,57.29918243691752,55.474844195531446,55.9439582824707,8611564.0,0.0,0.0,0.0,HBL.KA,
2023-02-09 00:00:00+05:00,56.39817854284446,59.37669346935849,56.39817854284446,58.4905891418457,6601780.0,0.0,0.0,0.0,HBL.KA,
2023-02-10 00:00:00+05:00,57.78319091041716,60.97764898750656,57.41087652867341,58.5054817199707,6746833.0,0.0,0.0,0.0,HBL.KA,
2023-02-13 00:00:00+05:00,58.8107793694345,59.57029817145131,58.00657898066399,58.71397399902344,2463261.0,0.0,0.0,0.0,HBL.KA,
2023-02-14 00:00:00+05:00,59.190544532771526,59.190544532771526,56.599239367085524,56.785396575927734,662428.0,0.0,0.0,0.0,HBL.KA,
2023-02-15 00:00:00+05:00,57.55980013574901,59.197980984917784,56.03330904547249,58.46080017089844,2352267.0,0.0,0.0,0.0,HBL.KA,
2023-02-16 00:00:00+05:00,59.12352769885573,59.12352769885573,56.96410304838968,57.18004608154297,1180501.0,0.0,0.0,0.0,HBL.KA,
2023-02-17 00:00:00+05:00,57.187496650037254,57.99913935114059,56.219476894656054,57.291744232177734,1178941.0,0.0,0.0,0.0,HBL.KA,
2023-02-20 00:00:00+05:00,57.33642162764828,57.33642162764828,55.3408160762225,55.795040130615234,399563.0,0.0,0.0,0.0,HBL.KA,
2023-02-21 00:00:00+05:00,56.50988469383554,56.58434644489089,55.12487453614976,55.4599609375,373135.0,0.0,0.0,0.0,HBL.KA,
2023-02-22 00:00:00+05:00,55.47484355795639,56.96410110313643,54.65575304432071,56.1599006652832,735903.0,0.0,0.0,0.0,HBL.KA,
2023-02-23 00:00:00+05:00,56.137567050530976,56.182242962398504,54.357904600957596,54.64086151123047,634632.0,0.0,0.0,0.0,HBL.KA,
2023-02-24 00:00:00+05:00,54.73021040721401,55.69823000657082,51.61021428170511,51.79637145996094,1747078.0,0.0,0.0,0.0,HBL.KA,
2023-02-27 00:00:00+05:00,52.116568398173705,52.56334454433385,51.37938747295611,52.22826385498047,6188576.0,0.0,0.0,0.0,HBL.KA,
2023-02-28 00:00:00+05:00,52.49633193528928,52.66759906396753,51.55809802915129,51.654903411865234,2530013.0,0.0,0.0,0.0,HBL.KA,
2023-03-01 00:00:00+05:00,52.10913204476842,52.67504590887641,50.709226100442976,52.138912200927734,2117777.0,0.0,0.0,0.0,HBL.KA,
2023-03-02 00:00:00+05:00,52.68248847004666,53.98558889156725,51.751702454674806,53.26329803466797,2228981.0,0.0,0.0,0.0,HBL.KA,
2023-03-03 00:00:00+05:00,53.12181475822453,53.97813899659526,51.57299120410716,53.3079719543457,2962095.0,0.0,0.0,0.0,HBL.KA,
2023-03-06 00:00:00+05:00,53.866446026697865,53.866446026697865,52.14635527315965,53.36754608154297,1149366.0,0.0,0.0,0.0,HBL.KA,
2023-03-07 00:00:00+05:00,53.61327221930061,55.06529606947997,52.868643438476994,54.73766326904297,2982777.0,0.0,0.0,0.0,HBL.KA,
2023-03-08 00:00:00+05:00,55.62377098898426,56.07055282911031,54.8791421635303,55.65355682373047,3751825.0,0.0,0.0,0.0,HBL.KA,
2023-03-09 00:00:00+05:00,55.772703938873505,56.219480128181985,54.767456092662556,55.6982421875,2483866.0,0.0,0.0,0.0,HBL.KA,
2023-03-10 00:00:00+05:00,55.772697313883484,56.58433996525794,55.62376814775964,56.0482063293457,1314955.0,0.0,0.0,0.0,HBL.KA,
2023-03-13 00:00:00+05:00,56.58434767202695,56.956662116445465,55.92907629503469,56.234371185302734,953150.0,0.0,0.0,0.0,HBL.KA,
2023-03-14 00:00:00+05:00,56.43541055404677,56.703477343853805,55.5716385244316,55.95140075683594,1293717.0,0.0,0.0,0.0,HBL.KA,
2023-03-15 00:00:00+05:00,54.76745722244165,57.314086666994264,54.76745722244165,56.3311767578125,4823752.0,0.0,0.0,0.0,HBL.KA,
2023-03-16 00:00:00+05:00,55.847162989723564,57.70873508938102,55.847162989723564,57.53746795654297,3058688.0,0.0,0.0,0.0,HBL.KA,
2023-03-17 00:00:00+05:00,57.71618764823029,59.12353581519674,55.4748530678117,56.3013916015625,9176555.0,0.0,0.0,0.0,HBL.KA,
2023-03-20 00:00:00+05:00,56.217818123776325,57.20543076058814,55.83796800131837,55.92153549194336,1059164.0,1.5,0.0,0.0,HBL.KA,
2023-03-21 00:00:00+05:00,55.8379647158843,56.85596020206866,55.26818956572221,56.149444580078125,318828.0,0.0,0.0,0.0,HBL.KA,
2023-03-22 00:00:00+05:00,56.40014648227537,56.749607911323054,55.0858682595583,55.442928314208984,204125.0,0.0,0.0,0.0,HBL.KA,
2023-03-23 00:00:00+05:00,55.44292831420899,55.44292831420899,55.44292831420899,55.442928314208984,0.0,0.0,0.0,0.0,HBL.KA,
2023-03-24 00:00:00+05:00,56.863560507870034,56.863560507870034,54.17422102408098,55.07826614379883,82419.0,0.0,0.0,0.0,HBL.KA,
2023-03-27 00:00:00+05:00,55.45051657250605,56.126649294106215,54.32616351018216,55.420127868652344,804895.0,0.0,0.0,0.0,HBL.KA,
2023-03-28 00:00:00+05:00,56.17224226548121,57.737223035117054,55.95192848205765,56.78759765625,3527993.0,0.0,0.0,0.0,HBL.KA,
2023-03-29 00:00:00+05:00,56.80278728602074,56.97752090037862,55.48850904970844,55.83037185668945,756878.0,0.0,0.0,0.0,HBL.KA,
2023-03-30 00:00:00+05:00,56.2178167545604,56.2178167545604,54.77438516516519,55.404937744140625,885431.0,0.0,0.0,0.0,HBL.KA,
2023-03-31 00:00:00+05:00,56.027893633765736,56.21781869693104,55.2681933811045,55.670833587646484,1791061.0,0.0,0.0,0.0,HBL.KA,
2023-04-03 00:00:00+05:00,56.217818694123864,56.40774375727969,54.05267413335806,55.564476013183594,323949.0,0.0,0.0,0.0,HBL.KA,
2023-04-04 00:00:00+05:00,55.83796364007895,56.2178137328686,55.15423231384708,55.48090362548828,200392.0,0.0,0.0,0.0,HBL.KA,
2023-04-05 00:00:00+05:00,56.59007155139112,56.78759524470234,55.15423850320262,56.08107376098633,2104072.0,0.0,0.0,0.0,HBL.KA,
2023-04-06 00:00:00+05:00,56.71162414108423,57.015505396647775,55.99750405991783,56.60526657104492,1718970.0,0.0,0.0,0.0,HBL.KA,
2023-04-07 00:00:00+05:00,56.711621711760294,56.98511425044675,56.293784278752476,56.4305305480957,2316191.0,0.0,0.0,0.0,HBL.KA,
2023-04-10 00:00:00+05:00,56.7420131317231,56.7420131317231,55.07826774108311,55.4961051940918,744066.0,0.0,0.0,0.0,HBL.KA,
2023-04-11 00:00:00+05:00,55.6100485205199,55.837960883362655,55.45051218495084,55.45811080932617,319761.0,0.0,0.0,0.0,HBL.KA,
2023-04-12 00:00:00+05:00,55.6100644436493,56.620467320952955,55.458126688950415,56.544498443603516,877738.0,0.0,0.0,0.0,HBL.KA,
2023-04-13 00:00:00+05:00,56.46851538928566,56.962321662162914,55.9974991942862,56.41533660888672,334999.0,0.0,0.0,0.0,HBL.KA,
2023-04-14 00:00:00+05:00,56.41533660888672,56.41533660888672,56.41533660888672,56.41533660888672,0.0,0.0,0.0,0.0,HBL.KA,
2023-04-17 00:00:00+05:00,55.974716436861065,56.969921941360965,55.974716436861065,56.407745361328125,986977.0,0.0,0.0,0.0,HBL.KA,
2023-04-18 00:00:00+05:00,56.44573269224836,57.05348943398475,56.4077453601166,56.93953323364258,1068363.0,0.0,0.0,0.0,HBL.KA,
2023-04-19 00:00:00+05:00,56.40773590373024,57.29658368449408,56.40773590373024,56.88634490966797,1087505.0,0.0,0.0,0.0,HBL.KA,
2023-04-20 00:00:00+05:00,56.87875965118262,58.11706896877485,56.71922329463782,57.364967346191406,1068917.0,0.0,0.0,0.0,HBL.KA,
2023-04-21 00:00:00+05:00,57.364967346191406,57.364967346191406,57.364967346191406,57.364967346191406,0.0,0.0,0.0,0.0,HBL.KA,
2023-04-24 00:00:00+05:00,57.364967346191406,57.364967346191406,57.364967346191406,57.364967346191406,0.0,0.0,0.0,0.0,HBL.KA,
2023-04-25 00:00:00+05:00,57.364967346191406,57.364967346191406,57.364967346191406,57.364967346191406,0.0,0.0,0.0,0.0,HBL.KA,
2023-04-26 00:00:00+05:00,56.97752598755998,58.11707650731118,56.44573806343089,56.71923065185547,1410115.0,0.0,0.0,0.0,HBL.KA,
2023-04-27 00:00:00+05:00,57.20543937838954,57.20543937838954,55.84557503960489,56.210227966308594,2102744.0,0.0,0.0,0.0,HBL.KA,
2023-04-28 00:00:00+05:00,56.825583169325476,56.825583169325476,54.789586190418866,55.08586883544922,1504181.0,0.0,0.0,0.0,HBL.KA,
2023-05-01 00:00:00+05:00,55.08586883544922,55.08586883544922,55.08586883544922,55.08586883544922,0.0,0.0,0.0,0.0,HBL.KA,
2023-05-02 00:00:00+05:00,56.14184711435901,59.211036682128906,56.14184711435901,59.211036682128906,6029192.0,0.0,0.0,0.0,HBL.KA,
2023-05-03 00:00:00+05:00,61.91557417484985,62.303022949022974,58.876772988354155,59.43894958496094,23530334.0,0.0,0.0,0.0,HBL.KA,
2023-05-04 00:00:00+05:00,59.44654029597071,60.02391406742692,58.68684010049505,59.11227035522461,4781142.0,0.0,0.0,0.0,HBL.KA,
2023-05-05 00:00:00+05:00,59.561567214137526,61.02562400402976,58.71721956609766,59.61579132080078,2692466.0,1.5,0.0,0.0,HBL.KA,
2023-05-08 00:00:00+05:00,59.65450797018291,60.25872095688023,58.879874723651454,59.20521926879883,2168371.0,0.0,0.0,0.0,HBL.KA,
2023-05-09 00:00:00+05:00,59.53058317149546,59.53058317149546,56.548245384579616,56.93556213378906,4802446.0,0.0,0.0,0.0,HBL.KA,
2023-05-10 00:00:00+05:00,56.93555242808892,57.31512112281411,55.27783749685889,55.649658203125,2522826.0,0.0,0.0,0.0,HBL.KA,
2023-05-11 00:00:00+05:00,56.0137395515288,57.7799027670351,55.88980128008154,56.71091079711914,2009034.0,0.0,0.0,0.0,HBL.KA,
2023-05-12 00:00:00+05:00,56.70316241648527,57.067241059443674,56.044725209637676,56.46302795410156,1814440.0,0.0,0.0,0.0,HBL.KA,
2023-05-15 00:00:00+05:00,56.54823593469948,56.935552619183724,55.63416832291732,56.62569808959961,1434377.0,0.0,0.0,0.0,HBL.KA,
2023-05-16 00:00:00+05:00,57.245413098885,57.245413098885,56.160925087610174,57.082740783691406,4289687.0,0.0,0.0,0.0,HBL.KA,
2023-05-17 00:00:00+05:00,57.08272670796023,58.089746397983546,57.03624469366367,57.361595153808594,2857483.0,0.0,0.0,0.0,HBL.KA,
2023-05-18 00:00:00+05:00,57.361605013139865,57.69469760793399,56.39331327362017,56.5792236328125,990829.0,0.0,0.0,0.0,HBL.KA,
2023-05-19 00:00:00+05:00,56.858094634934226,56.858094634934226,56.315847690891275,56.61795425415039,1091821.0,0.0,0.0,0.0,HBL.KA,
2023-05-22 00:00:00+05:00,56.54823519287987,56.70315950064778,56.315842821244495,56.385562896728516,965778.0,0.0,0.0,0.0,HBL.KA,
2023-05-23 00:00:00+05:00,56.2383866443574,56.85809576125854,56.09121030933108,56.222896575927734,758419.0,0.0,0.0,0.0,HBL.KA,
2023-05-24 00:00:00+05:00,56.509506785177045,57.090481862104774,56.39331649777878,56.64894104003906,1057146.0,0.0,0.0,0.0,HBL.KA,
2023-05-25 00:00:00+05:00,56.54824847906498,56.89683120843512,56.15318371845656,56.18416976928711,1323502.0,0.0,0.0,0.0,HBL.KA,
2023-05-26 00:00:00+05:00,55.866563708928055,56.54823898276997,55.54121318483667,55.9207878112793,2197486.0,0.0,0.0,0.0,HBL.KA,
2023-05-29 00:00:00+05:00,56.47078487132817,56.47078487132817,55.46375892988392,55.913047790527344,3047216.0,0.0,0.0,0.0,HBL.KA,
2023-05-30 00:00:00+05:00,55.85106788281006,58.05877192736944,55.79684378031155,57.57075500488281,5905853.0,0.0,0.0,0.0,HBL.KA,
2023-05-31 00:00:00+05:00,56.70316625891873,58.174970998067664,56.35458356990271,56.92781066894531,2100421.0,0.0,0.0,0.0,HBL.KA,
2023-06-01 00:00:00+05:00,57.22991134423742,57.32286947638782,56.393311794818224,56.517250061035156,475369.0,0.0,0.0,0.0,HBL.KA,
2023-06-02 00:00:00+05:00,56.842605651872226,56.842605651872226,55.77361352032713,55.913047790527344,3159408.0,0.0,0.0,0.0,HBL.KA,
2023-06-05 00:00:00+05:00,56.31585056238627,56.339094530731714,55.54121709709906,55.76586151123047,601559.0,0.0,0.0,0.0,HBL.KA,
2023-06-06 00:00:00+05:00,55.78135711784461,56.006001530476745,55.11517186934496,55.51797866821289,2155824.0,0.0,0.0,0.0,HBL.KA,
2023-06-07 00:00:00+05:00,55.42502824640178,55.928535283942715,55.15390179851423,55.57220458984375,1216068.0,0.0,0.0,0.0,HBL.KA,
2023-06-08 00:00:00+05:00,55.69614770488771,55.7736098699324,54.44898734471963,54.619407653808594,650557.0,0.0,0.0,0.0,HBL.KA,
2023-06-09 00:00:00+05:00,54.84405200956276,54.84405200956276,53.52717156530284,54.10814666748047,1121869.0,0.0,0.0,0.0,HBL.KA,
2023-06-12 00:00:00+05:00,53.99194628834529,53.99194628834529,51.125805036647975,52.101844787597656,3481955.0,0.0,0.0,0.0,HBL.KA,
2023-06-13 00:00:00+05:00,52.280012831581246,52.82225982312633,52.280012831581246,52.411705017089844,315133.0,0.0,0.0,0.0,HBL.KA,
2023-06-14 00:00:00+05:00,52.93070277254404,54.14687700015774,52.45042792667714,53.07013702392578,2204042.0,0.0,0.0,0.0,HBL.KA,
2023-06-15 00:00:00+05:00,52.41944398698799,53.64336625273911,52.28775771927639,53.32576370239258,737148.0,0.0,0.0,0.0,HBL.KA,
2023-06-16 00:00:00+05:00,52.868731356077305,53.98420538137844,52.752535160111094,53.05464172363281,788930.0,0.0,0.0,0.0,HBL.KA,
2023-06-19 00:00:00+05:00,53.05464559674152,53.759564903075585,52.597614678556596,53.10112762451172,4276332.0,0.0,0.0,0.0,HBL.KA,
2023-06-20 00:00:00+05:00,53.449710490932695,53.813789174656854,52.65958693624251,52.7370491027832,1338108.0,0.0,0.0,0.0,HBL.KA,
2023-06-21 00:00:00+05:00,52.71380864716433,53.24830170898326,52.59761244764397,52.75253677368164,1615439.0,0.0,0.0,0.0,HBL.KA,
2023-06-22 00:00:00+05:00,52.752530562638405,53.44970176769196,51.76874879716204,52.55887222290039,1688972.0,0.0,0.0,0.0,HBL.KA,
2023-06-23 00:00:00+05:00,52.675076422652126,53.798292600023736,51.59058837313005,52.8067626953125,1719662.0,0.0,0.0,0.0,HBL.KA,
2023-06-26 00:00:00+05:00,53.46519716089521,54.603909257595156,53.46519716089521,54.17011642456055,2341449.0,0.0,0.0,0.0,HBL.KA,
2023-06-27 00:00:00+05:00,54.13138313722527,57.47779939115247,53.29478350623161,56.726409912109375,6688542.0,0.0,0.0,0.0,HBL.KA,
2023-06-28 00:00:00+05:00,56.726409912109375,56.726409912109375,56.726409912109375,56.726409912109375,0.0,0.0,0.0,0.0,HBL.KA,
2023-06-29 00:00:00+05:00,56.726409912109375,56.726409912109375,56.726409912109375,56.726409912109375,0.0,0.0,0.0,0.0,HBL.KA,
2023-06-30 00:00:00+05:00,56.726409912109375,56.726409912109375,56.726409912109375,56.726409912109375,0.0,0.0,0.0,0.0,HBL.KA,
2023-07-03 00:00:00+05:00,60.80872741927643,60.979147728341964,59.453118846235235,60.909427642822266,6303547.0,0.0,0.0,0.0,HBL.KA,
2023-07-04 00:00:00+05:00,61.7382808463301,61.7382808463301,59.352414418372135,59.47635269165039,2601726.0,0.0,0.0,0.0,HBL.KA,
2023-07-05 00:00:00+05:00,59.917898847043645,60.79323846696203,59.25946156718295,60.25873947143555,1703209.0,0.0,0.0,0.0,HBL.KA,
2023-07-06 00:00:00+05:00,61.11858637372189,61.42069297601528,60.12705640619642,61.30449676513672,2958196.0,0.0,0.0,0.0,HBL.KA,
2023-07-07 00:00:00+05:00,61.319985694059866,61.73828254914707,60.677038523117794,61.23477554321289,1098658.0,0.0,0.0,0.0,HBL.KA,
2023-07-10 00:00:00+05:00,61.20378247009023,61.50588900296128,60.31295293804179,60.545345306396484,1306297.0,0.0,0.0,0.0,HBL.KA,
2023-07-11 00:00:00+05:00,60.73126023793656,61.89321034742521,60.305209500463846,61.45941162109375,3957277.0,0.0,0.0,0.0,HBL.KA,
2023-07-12 00:00:00+05:00,61.583353019526186,62.590378766228866,61.312232521562734,61.89320755004883,3194172.0,0.0,0.0,0.0,HBL.KA,
2023-07-13 00:00:00+05:00,62.31152054511667,62.93897178805483,61.11858424756647,61.513648986816406,4784952.0,0.0,0.0,0.0,HBL.KA,
2023-07-14 00:00:00+05:00,61.97067027745268,61.97067027745268,60.65379589805028,60.73900604248047,3772721.0,0.0,0.0,0.0,HBL.KA,
2023-07-17 00:00:00+05:00,60.73900604248046,61.73053582132232,60.45238956485313,60.73900604248047,3165527.0,0.0,0.0,0.0,HBL.KA,
2023-07-18 00:00:00+05:00,60.88618998553301,61.15731051993098,59.75522582062689,60.48338317871094,5530864.0,0.0,0.0,0.0,HBL.KA,
2023-07-19 00:00:00+05:00,60.94816208196237,61.28125471278972,60.189018675663654,60.48338317871094,3659248.0,0.0,0.0,0.0,HBL.KA,
2023-07-20 00:00:00+05:00,60.762247467553934,61.505894842921194,60.30521067572315,60.444644927978516,3842743.0,0.0,0.0,0.0,HBL.KA,
2023-07-21 00:00:00+05:00,60.72351463813102,61.777016584980835,60.452394117247046,61.23477554321289,8255291.0,0.0,0.0,0.0,HBL.KA,
2023-07-24 00:00:00+05:00,61.88547192083227,61.955192011366044,61.242524675840436,61.56012725830078,2161744.0,0.0,0.0,0.0,HBL.KA,
2023-07-25 00:00:00+05:00,61.27349525885463,66.17692565917969,61.27349525885463,66.17692565917969,12648864.0,0.0,0.0,0.0,HBL.KA,
2023-07-26 00:00:00+05:00,66.99803443191817,67.39309908132816,63.612890593785565,65.7818603515625,10322599.0,0.0,0.0,0.0,HBL.KA,
2023-07-27 00:00:00+05:00,65.7818603515625,65.7818603515625,65.7818603515625,65.7818603515625,0.0,0.0,0.0,0.0,HBL.KA,
2023-07-28 00:00:00+05:00,65.7818603515625,65.7818603515625,65.7818603515625,65.7818603515625,0.0,0.0,0.0,0.0,HBL.KA,
2023-07-31 00:00:00+05:00,70.87896051345213,75.58873329711379,70.87896051345213,75.34085083007812,14673538.0,0.0,0.0,0.0,HBL.KA,
2023-08-01 00:00:00+05:00,75.0929686899492,75.91407825745736,73.59792589194889,74.86832427978516,6095517.0,0.0,0.0,0.0,HBL.KA,
2023-08-02 00:00:00+05:00,74.75211850077466,80.48440649008465,73.9929752150891,79.16752624511719,18677605.0,0.0,0.0,0.0,HBL.KA,
2023-08-03 00:00:00+05:00,81.32100712721025,83.50547281542157,81.02664268831325,81.52240753173828,12084315.0,0.0,0.0,0.0,HBL.KA,
2023-08-04 00:00:00+05:00,82.122553634696,82.82533269826573,80.70119933507488,82.36734008789062,4067599.0,2.0,0.0,0.0,HBL.KA,
2023-08-07 00:00:00+05:00,82.12254291910632,83.46492823010986,81.41186586202697,82.06726837158203,3719995.0,0.0,0.0,0.0,HBL.KA,
2023-08-08 00:00:00+05:00,81.35661206362053,81.72774384499697,79.16931181148495,79.68257904052734,2947084.0,0.0,0.0,0.0,HBL.KA,
2023-08-09 00:00:00+05:00,79.55621304419641,82.35943685653578,78.96398317041827,81.55400085449219,3628129.0,0.0,0.0,0.0,HBL.KA,
2023-08-10 00:00:00+05:00,82.12255299957944,82.28047857632725,79.75363320151465,80.20372772216797,2293921.0,0.0,0.0,0.0,HBL.KA,
2023-08-11 00:00:00+05:00,80.54326711334713,83.30700667115805,80.3221689126381,80.8828125,11415132.0,0.0,0.0,0.0,HBL.KA,
2023-08-14 00:00:00+05:00,80.8828125,80.8828125,80.8828125,80.8828125,0.0,0.0,0.0,0.0,HBL.KA,
2023-08-15 00:00:00+05:00,81.33291364565508,81.68824920810353,80.40113827747345,80.63013458251953,866453.0,0.0,0.0,0.0,HBL.KA,
2023-08-16 00:00:00+05:00,79.79311763443965,80.93809312742806,79.35881326152703,79.9747314453125,1007952.0,0.0,0.0,0.0,HBL.KA,
2023-08-17 00:00:00+05:00,79.12190906333487,80.38533761901174,78.92449910456959,80.01420593261719,1319849.0,0.0,0.0,0.0,HBL.KA,
2023-08-18 00:00:00+05:00,79.95104217529297,80.89860767276589,79.79311660053898,79.95104217529297,1530212.0,0.0,0.0,0.0,HBL.KA,
2023-08-21 00:00:00+05:00,79.11402890675262,79.75363534156095,77.39261356632213,77.82691192626953,1396037.0,0.0,0.0,0.0,HBL.KA,
2023-08-22 00:00:00+05:00,77.61371178949167,78.42703997806886,77.06885829348474,77.82691192626953,1901474.0,0.0,0.0,0.0,HBL.KA,
2023-08-23 00:00:00+05:00,78.49020529635736,79.3588079596779,76.9898883190905,78.79816436767578,4511576.0,0.0,0.0,0.0,HBL.KA,
2023-08-24 00:00:00+05:00,78.37175031901789,79.55621002157233,78.37175031901789,78.88501739501953,10046060.0,0.0,0.0,0.0,HBL.KA,
2023-08-25 00:00:00+05:00,78.56916378636684,79.04294648370143,78.49020100755673,78.78236389160156,1378150.0,0.0,0.0,0.0,HBL.KA,
2023-08-28 00:00:00+05:00,78.22173061334414,78.86923512386691,77.58212418908282,78.11907958984375,808711.0,0.0,0.0,0.0,HBL.KA,
2023-08-29 00:00:00+05:00,77.38469880659659,78.0479933331916,75.92386641157084,77.06094360351562,1417854.0,0.0,0.0,0.0,HBL.KA,
2023-08-30 00:00:00+05:00,77.06885257040025,77.58211970720026,75.29216280611323,77.28205871582031,2201296.0,0.0,0.0,0.0,HBL.KA,
2023-08-31 00:00:00+05:00,78.17434801371482,78.17434801371482,74.22614861908275,75.91597747802734,2999070.0,0.0,0.0,0.0,HBL.KA,
2023-09-01 00:00:00+05:00,75.80541741906829,76.51609441226672,74.3051006610879,75.70276641845703,913660.0,0.0,0.0,0.0,HBL.KA,
2023-09-04 00:00:00+05:00,76.59506244839008,78.16644400145803,75.41060271980673,76.05020904541016,347198.0,0.0,0.0,0.0,HBL.KA,
2023-09-05 00:00:00+05:00,75.80543036308339,77.77953011212202,75.80543036308339,77.10833740234375,1186285.0,0.0,0.0,0.0,HBL.KA,
2023-09-06 00:00:00+05:00,77.35311785695183,77.77952409268104,76.76088797807354,77.10043334960938,1227413.0,0.0,0.0,0.0,HBL.KA,
2023-09-07 00:00:00+05:00,77.75584000044579,77.77952823294603,76.67403119529867,76.9740982055664,1186121.0,0.0,0.0,0.0,HBL.KA,
2023-09-08 00:00:00+05:00,77.37681439761413,77.37681439761413,76.1370799590073,76.83985900878906,3200703.0,0.0,0.0,0.0,HBL.KA,
2023-09-11 00:00:00+05:00,76.98988425190264,77.70056131143036,76.04231885551492,76.41344451904297,2835937.0,0.0,0.0,0.0,HBL.KA,
2023-09-12 00:00:00+05:00,76.59507573115361,77.0925467346172,75.72647298445816,76.00284576416016,1456006.0,0.0,0.0,0.0,HBL.KA,
2023-09-13 00:00:00+05:00,76.04231342707753,76.27920174702676,75.60800913712711,75.69486999511719,893778.0,0.0,0.0,0.0,HBL.KA,
2023-09-14 00:00:00+05:00,76.31869342043544,76.31869342043544,75.37112197689797,75.63960266113281,1058498.0,0.0,0.0,0.0,HBL.KA,
2023-09-15 00:00:00+05:00,76.2002535647011,76.2002535647011,74.66045810453066,75.1263427734375,4841767.0,0.0,0.0,0.0,HBL.KA,
2023-09-18 00:00:00+05:00,75.78173578517399,76.20024393301463,74.97629978129585,75.45008850097656,889980.0,0.0,0.0,0.0,HBL.KA,
2023-09-19 00:00:00+05:00,75.80543025074901,76.397660174583,75.41061030152636,75.82122039794922,1715578.0,0.0,0.0,0.0,HBL.KA,
2023-09-20 00:00:00+05:00,76.43713892418599,76.43713892418599,75.37112032057347,75.41850280761719,882935.0,0.0,0.0,0.0,HBL.KA,
2023-09-21 00:00:00+05:00,75.41059900890791,76.3976487341554,75.02367720346345,76.01072692871094,3144597.0,0.0,0.0,0.0,HBL.KA,
2023-09-22 00:00:00+05:00,76.2002567907793,76.35029031229259,75.61592490224183,76.02653503417969,1863813.0,0.0,0.0,0.0,HBL.KA,
2023-09-25 00:00:00+05:00,76.27921386994194,76.27921386994194,74.42356129196035,74.5656967163086,2349224.0,0.0,0.0,0.0,HBL.KA,
2023-09-26 00:00:00+05:00,74.50251679220115,74.50251679220115,72.6626545415237,73.02589416503906,2075200.0,0.0,0.0,0.0,HBL.KA,
2023-09-27 00:00:00+05:00,72.64687587217313,73.04169584973928,71.39135123526063,71.4703140258789,1839908.0,0.0,0.0,0.0,HBL.KA,
2023-09-28 00:00:00+05:00,71.4703140258789,71.4703140258789,71.4703140258789,71.4703140258789,0.0,0.0,0.0,0.0,HBL.KA,
2023-09-29 00:00:00+05:00,71.4703140258789,71.4703140258789,71.4703140258789,71.4703140258789,0.0,0.0,0.0,0.0,HBL.KA,
2023-10-02 00:00:00+05:00,71.47819993402244,72.15729071892913,70.72014636529563,71.09127807617188,473314.0,0.0,0.0,0.0,HBL.KA,
2023-10-03 00:00:00+05:00,71.0675871440679,71.45450898722177,70.71225161813716,71.07548522949219,2027775.0,0.0,0.0,0.0,HBL.KA,
2023-10-04 00:00:00+05:00,71.15445644788723,75.48957809088618,71.15445644788723,75.11844635009766,6427190.0,0.0,0.0,0.0,HBL.KA,
2023-10-05 00:00:00+05:00,75.7185687408819,76.55558509833756,75.21319969210028,76.08180236816406,2769647.0,0.0,0.0,0.0,HBL.KA,
2023-10-06 00:00:00+05:00,75.80542464174675,76.46871921561458,74.66044928350993,74.96051025390625,1659892.0,0.0,0.0,0.0,HBL.KA,
2023-10-09 00:00:00+05:00,74.32879138800472,75.25267452244728,73.43650059262521,74.12348937988281,884303.0,0.0,0.0,0.0,HBL.KA,
2023-10-10 00:00:00+05:00,73.83132828849608,74.96051355035793,73.67340272333708,74.26563262939453,1548916.0,0.0,0.0,0.0,HBL.KA,
2023-10-11 00:00:00+05:00,74.26563673013193,74.93682945583024,74.07611881210752,74.8183822631836,1574495.0,0.0,0.0,0.0,HBL.KA,
2023-10-12 00:00:00+05:00,74.61307091467323,75.5685344508944,74.46304343343137,75.28426361083984,6603532.0,0.0,0.0,0.0,HBL.KA,
2023-10-13 00:00:00+05:00,75.8054285428995,77.46367108738059,75.45009300639434,76.74510192871094,4567050.0,0.0,0.0,0.0,HBL.KA,
2023-10-16 00:00:00+05:00,77.93744020175086,78.7665643414501,76.51609227944616,76.65032958984375,2261851.0,0.0,0.0,0.0,HBL.KA,
2023-10-17 00:00:00+05:00,76.9819825794178,77.34521616525608,75.64749541121219,75.82910919189453,893777.0,0.0,0.0,0.0,HBL.KA,
2023-10-18 00:00:00+05:00,75.79752886158987,76.51610402960664,74.89733989855118,75.1500244140625,564595.0,0.0,0.0,0.0,HBL.KA,
2023-10-19 00:00:00+05:00,75.4106072039845,78.17434673502058,75.09475005268555,77.57421875,3130496.0,0.0,0.0,0.0,HBL.KA,
2023-10-20 00:00:00+05:00,77.81902382298868,79.70626292679978,77.06886221396029,78.83765411376953,6108214.0,0.0,0.0,0.0,HBL.KA,
2023-10-23 00:00:00+05:00,79.75362269532218,79.75362269532218,78.27699404690516,78.44281768798828,1445805.0,0.0,0.0,0.0,HBL.KA,
2023-10-24 00:00:00+05:00,78.88502212222785,78.88502212222785,77.47156606954097,78.26910400390625,815048.0,0.0,0.0,0.0,HBL.KA,
2023-10-25 00:00:00+05:00,78.49020263500898,79.51673082977278,76.20024585519134,76.95040130615234,2706525.0,0.0,0.0,0.0,HBL.KA,
2023-10-26 00:00:00+05:00,77.1873000730283,77.92166541956139,75.64750468084968,75.82122039794922,1123703.0,0.0,0.0,0.0,HBL.KA,
2023-10-27 00:00:00+05:00,76.3581659659454,76.98988021338309,75.02367880555543,75.31584167480469,1515079.0,0.0,0.0,0.0,HBL.KA,
2023-10-30 00:00:00+05:00,75.7975294764829,75.7975294764829,73.27858238642834,73.98136138916016,8100776.0,0.0,0.0,0.0,HBL.KA,
2023-10-31 00:00:00+05:00,74.5025149816287,75.01578206380209,73.87080674735456,74.02873229980469,1751671.0,0.0,0.0,0.0,HBL.KA,
2023-11-01 00:00:00+05:00,74.23403942074411,76.34237624472993,74.22614133587705,75.3711166381836,3197497.0,0.0,0.0,0.0,HBL.KA,
2023-11-02 00:00:00+05:00,75.2093878817464,76.81870531422048,74.82929643967375,76.65696716308594,1403865.0,2.25,0.0,0.0,HBL.KA,
2023-11-03 00:00:00+05:00,76.6650573579713,77.23114706746313,75.20938929082796,75.57330322265625,818894.0,0.0,0.0,0.0,HBL.KA,
2023-11-06 00:00:00+05:00,76.00191952846332,76.77827375871783,75.45200117746032,76.22835540771484,1160523.0,0.0,0.0,0.0,HBL.KA,
2023-11-07 00:00:00+05:00,76.05852508544922,77.83766934537769,75.8159117000432,76.05852508544922,2191751.0,0.0,0.0,0.0,HBL.KA,
2023-11-08 00:00:00+05:00,76.05853057375185,78.4442022994282,76.01809294996136,77.69210815429688,7270220.0,0.0,0.0,0.0,HBL.KA,
2023-11-09 00:00:00+05:00,77.69210815429688,77.69210815429688,77.69210815429688,77.69210815429688,0.0,0.0,0.0,0.0,HBL.KA,
2023-11-10 00:00:00+05:00,77.83768377986114,78.9294318768163,77.67594560620698,78.17733764648438,3398014.0,0.0,0.0,0.0,HBL.KA,
2023-11-13 00:00:00+05:00,78.36333609825758,79.25290832506606,78.36333609825758,78.81620788574219,2758478.0,0.0,0.0,0.0,HBL.KA,
2023-11-14 00:00:00+05:00,78.60594290675935,79.24481912910427,78.44420474638243,78.66255187988281,2515511.0,0.0,0.0,0.0,HBL.KA,
2023-11-15 00:00:00+05:00,79.25289995954654,80.06969177854248,78.28245875453838,78.91324615478516,3705878.0,0.0,0.0,0.0,HBL.KA,
2023-11-16 00:00:00+05:00,79.25290317394081,79.65725472074664,77.84576151863274,78.8970718383789,1969654.0,0.0,0.0,0.0,HBL.KA,
2023-11-17 00:00:00+05:00,81.6790140135673,81.84075216741032,78.20158817670682,78.46037292480469,2955404.0,0.0,0.0,0.0,HBL.KA,
2023-11-20 00:00:00+05:00,78.84855026867447,79.00220582818619,77.48992884801764,77.98323822021484,405567.0,0.0,0.0,0.0,HBL.KA,
2023-11-21 00:00:00+05:00,78.4441954146984,79.01028507859121,78.16115058275199,78.24201965332031,1664356.0,0.0,0.0,0.0,HBL.KA,
2023-11-22 00:00:00+05:00,77.67592492199115,79.05071754170734,77.67592492199115,78.5412368774414,1455934.0,0.0,0.0,0.0,HBL.KA,
2023-11-23 00:00:00+05:00,78.03984297823335,79.57637998069961,77.7163605298329,78.37141418457031,3262230.0,0.0,0.0,0.0,HBL.KA,
2023-11-24 00:00:00+05:00,78.76769262068093,84.25069930907767,78.44421010790231,82.0186767578125,11462732.0,0.0,0.0,0.0,HBL.KA,
2023-11-27 00:00:00+05:00,82.68989134952746,88.17289733886719,82.56858465146203,88.17289733886719,10967560.0,0.0,0.0,0.0,HBL.KA,
2023-11-28 00:00:00+05:00,89.96822224203538,94.21391362873817,89.96822224203538,92.7986831665039,7088651.0,0.0,0.0,0.0,HBL.KA,
2023-11-29 00:00:00+05:00,93.0008512559714,94.21390583757103,88.55298445677278,89.91160583496094,3955219.0,0.0,0.0,0.0,HBL.KA,
2023-11-30 00:00:00+05:00,91.36727415847184,92.2730176341994,88.18907089544426,90.30786895751953,3226380.0,0.0,0.0,0.0,HBL.KA,
2023-12-01 00:00:00+05:00,90.97100899892563,91.37536054451412,89.36169157505955,90.20274353027344,885115.0,0.0,0.0,0.0,HBL.KA,
2023-12-04 00:00:00+05:00,90.57474483674868,91.4643169895552,89.89543721203219,90.17848205566406,1225196.0,0.0,0.0,0.0,HBL.KA,
2023-12-05 00:00:00+05:00,90.19465759893086,92.51563776452922,90.19465759893086,90.67987823486328,2229251.0,0.0,0.0,0.0,HBL.KA,
2023-12-06 00:00:00+05:00,91.38344367884503,95.42695888587356,90.93865453810605,94.58590698242188,2952670.0,0.0,0.0,0.0,HBL.KA,
2023-12-07 00:00:00+05:00,95.51592570876495,100.44092473315433,95.51592570876495,97.92585754394531,6384442.0,0.0,0.0,0.0,HBL.KA,
2023-12-08 00:00:00+05:00,98.66176736874137,105.26886948962272,98.01480249180028,104.74321746826172,8661913.0,0.0,0.0,0.0,HBL.KA,
2023-12-11 00:00:00+05:00,104.70279900030877,107.15316858529933,97.98247772227539,100.69971466064453,24836375.0,0.0,0.0,0.0,HBL.KA,
2023-12-12 00:00:00+05:00,101.07170186452751,101.41135563773196,99.06611574528922,100.052734375,2279126.0,0.0,0.0,0.0,HBL.KA,
2023-12-13 00:00:00+05:00,100.84525828051592,101.57309219030975,98.0147978745842,99.38150787353516,4172921.0,0.0,0.0,0.0,HBL.KA,
2023-12-14 00:00:00+05:00,100.23066749412499,100.67545051184555,97.85307832733585,99.73735809326172,4067144.0,0.0,0.0,0.0,HBL.KA,
2023-12-15 00:00:00+05:00,100.27917948522338,102.46267528024221,99.06612489467634,100.9342269897461,3642220.0,0.0,0.0,0.0,HBL.KA,
2023-12-18 00:00:00+05:00,101.17684416039943,102.30094096276068,99.4704801456092,99.93952941894531,1659917.0,0.0,0.0,0.0,HBL.KA,
2023-12-19 00:00:00+05:00,100.23874570105248,100.23874570105248,95.5887029259669,97.05245971679688,2757183.0,0.0,0.0,0.0,HBL.KA,
2023-12-20 00:00:00+05:00,96.31653252013237,97.85306955707767,94.01173004967174,96.36505889892578,2337889.0,0.0,0.0,0.0,HBL.KA,
2023-12-21 00:00:00+05:00,94.2543451125647,97.2465439983956,93.89042502974867,96.78558349609375,902675.0,0.0,0.0,0.0,HBL.KA,
2023-12-22 00:00:00+05:00,96.64001765255729,97.85307226744295,93.00085380790033,93.76911926269531,1557241.0,0.0,0.0,0.0,HBL.KA,
2023-12-25 00:00:00+05:00,93.76911926269531,93.76911926269531,93.76911926269531,93.76911926269531,0.0,0.0,0.0,0.0,HBL.KA,
2023-12-26 00:00:00+05:00,93.8095519454391,96.07392290863963,86.73340039783054,87.33992767333984,5375214.0,0.0,0.0,0.0,HBL.KA,
2023-12-27 00:00:00+05:00,89.36169699286889,89.71752834893285,86.571673627121,88.98160552978516,2964157.0,0.0,0.0,0.0,HBL.KA,
2023-12-28 00:00:00+05:00,89.97630822359774,91.77971267322809,89.11907874596152,89.89543914794922,3342584.0,0.0,0.0,0.0,HBL.KA,
2023-12-29 00:00:00+05:00,89.77413430379791,90.57474865811034,88.5934284991802,89.63665008544922,1490758.0,0.0,0.0,0.0,HBL.KA,
2024-01-01 00:00:00+05:00,89.62855865582462,94.21390337356996,89.62855865582462,93.60737609863281,2877447.0,0.0,0.0,0.0,HBL.KA,
2024-01-02 00:00:00+05:00,94.52930805790209,96.07393399262725,93.0008596408757,94.23817443847656,4163065.0,0.0,0.0,0.0,HBL.KA,
2024-01-03 00:00:00+05:00,94.62636634870887,96.40551098070395,94.20583721538321,95.17628479003906,3264531.0,0.0,0.0,0.0,HBL.KA,
2024-01-04 00:00:00+05:00,94.69914126791342,95.22479956958426,93.89043808685538,94.21392059326172,1132175.0,0.0,0.0,0.0,HBL.KA,
2024-01-05 00:00:00+05:00,94.98217179439172,95.41887218656244,93.16258991197107,94.9498291015625,1060265.0,0.0,0.0,0.0,HBL.KA,
2024-01-08 00:00:00+05:00,94.8204380109075,95.42696533293889,93.81764789939179,94.10069274902344,573038.0,0.0,0.0,0.0,HBL.KA,
2024-01-09 00:00:00+05:00,94.6101701555905,94.97409023797722,93.21919989206388,93.46990203857422,390894.0,0.0,0.0,0.0,HBL.KA,
2024-01-10 00:00:00+05:00,94.6182604224565,94.6182604224565,92.91998518731846,93.033203125,447283.0,0.0,0.0,0.0,HBL.KA,
2024-01-11 00:00:00+05:00,93.20302452997875,95.24904221577157,92.20023449688519,94.9579086303711,1236084.0,0.0,0.0,0.0,HBL.KA,
2024-01-12 00:00:00+05:00,95.4269687856209,96.23567191092278,95.02261722296997,95.80706024169922,1597241.0,0.0,0.0,0.0,HBL.KA,
2024-01-15 00:00:00+05:00,96.47828478575734,97.69942205590681,94.83661226769652,95.22479248046875,1911765.0,0.0,0.0,0.0,HBL.KA,
2024-01-16 00:00:00+05:00,95.22479248046875,95.22479248046875,95.22479248046875,95.22479248046875,0.0,0.0,0.0,0.0,HBL.KA,
2024-01-17 00:00:00+05:00,93.8176608670849,94.78001348885111,92.94425992185661,93.34052276611328,5075262.0,0.0,0.0,0.0,HBL.KA,
2024-01-18 00:00:00+05:00,93.0008487826075,93.68824512658301,91.10848664719863,92.71780395507812,872339.0,0.0,0.0,0.0,HBL.KA,
2024-01-19 00:00:00+05:00,93.203027757539,94.21390658354268,92.24875789899494,92.70162963867188,358815.0,0.0,0.0,0.0,HBL.KA,
2024-01-22 00:00:00+05:00,92.70971328336847,93.38902702533042,91.46430989803352,93.00084686279297,563759.0,0.0,0.0,0.0,HBL.KA,
2024-01-23 00:00:00+05:00,93.0817194775704,94.29477404809455,93.0817194775704,93.81764221191406,9668921.0,0.0,0.0,0.0,HBL.KA,
2024-01-24 00:00:00+05:00,94.57782197857007,94.57782197857007,93.40520498995218,93.5912094116211,744945.0,0.0,0.0,0.0,HBL.KA,
2024-01-25 00:00:00+05:00,93.80956361495267,94.62635550848671,93.00894923926339,93.68016815185547,3340148.0,0.0,0.0,0.0,HBL.KA,
2024-01-26 00:00:00+05:00,93.80955237673041,94.52929758671732,91.79588354035769,92.19214630126953,2069564.0,0.0,0.0,0.0,HBL.KA,
2024-01-29 00:00:00+05:00,92.11127590335764,92.16788486838595,90.17847616464346,90.5989990234375,3150745.0,0.0,0.0,0.0,HBL.KA,
2024-01-30 00:00:00+05:00,91.37535244051908,92.17597287211679,89.28081458169241,89.80647277832031,1339104.0,0.0,0.0,0.0,HBL.KA,
2024-01-31 00:00:00+05:00,90.33212870848635,90.89822454851497,89.36977626929263,89.91160583496094,956494.0,0.0,0.0,0.0,HBL.KA,
2024-02-01 00:00:00+05:00,90.15423297223649,90.85780078814786,89.9277908997326,90.34832000732422,636327.0,0.0,0.0,0.0,HBL.KA,
2024-02-02 00:00:00+05:00,90.57474893482075,91.24597400145663,90.17039737707601,90.46961975097656,2207990.0,0.0,0.0,0.0,HBL.KA,
2024-02-06 00:00:00+05:00,91.94953159547953,91.94953159547953,90.41300078189,90.81735229492188,1221222.0,0.0,0.0,0.0,HBL.KA,
2024-02-07 00:00:00+05:00,91.29449279680908,92.19215373466083,90.84970362222849,91.33493041992188,2244630.0,0.0,0.0,0.0,HBL.KA,
2024-02-08 00:00:00+05:00,91.33493041992188,91.33493041992188,91.33493041992188,91.33493041992188,0.0,0.0,0.0,0.0,HBL.KA,
2024-02-09 00:00:00+05:00,89.36169614007216,90.49388175954029,85.94087917487953,89.53961181640625,1497628.0,0.0,0.0,0.0,HBL.KA,
2024-02-12 00:00:00+05:00,88.95734069222999,90.89822935949802,85.19687005625728,87.6795883178711,3683386.0,0.0,0.0,0.0,HBL.KA,
2024-02-13 00:00:00+05:00,86.53931600869295,89.36168795498935,83.2964150168679,88.95733642578125,1386292.0,0.0,0.0,0.0,HBL.KA,
2024-02-14 00:00:00+05:00,89.76603960862502,91.0195318188735,89.76603960862502,90.4938735961914,961375.0,0.0,0.0,0.0,HBL.KA,
2024-02-15 00:00:00+05:00,89.85500089023265,90.97100893409218,87.62297863259863,88.66620635986328,939367.0,0.0,0.0,0.0,HBL.KA,
2024-02-16 00:00:00+05:00,89.36168304613462,90.0814282349945,87.34801426887013,89.00585174560547,524336.0,0.0,0.0,0.0,HBL.KA,
2024-02-19 00:00:00+05:00,88.95734550061692,90.15422886393343,87.75237954823031,89.41021728515625,448399.0,0.0,0.0,0.0,HBL.KA,
2024-02-20 00:00:00+05:00,88.95733642578125,90.0005641115279,88.07585305366665,88.95733642578125,347629.0,0.0,0.0,0.0,HBL.KA,
2024-02-21 00:00:00+05:00,89.40213415798219,91.38345437333167,89.40213415798219,90.36448669433594,528231.0,0.0,0.0,0.0,HBL.KA,
2024-02-22 00:00:00+05:00,90.57474449464362,91.70693003480963,88.99777596471174,91.34300994873047,725835.0,0.0,0.0,0.0,HBL.KA,
2024-02-23 00:00:00+05:00,91.40771072348859,93.00894558181608,90.57474751478014,92.00614929199219,3344363.0,0.0,0.0,0.0,HBL.KA,
2024-02-26 00:00:00+05:00,92.00615139289005,93.80956206809981,92.00615139289005,92.7986831665039,3552299.0,0.0,0.0,0.0,HBL.KA,
2024-02-27 00:00:00+05:00,93.40521573573548,93.80956731900706,92.35389915126316,93.14643096923828,3449850.0,0.0,0.0,0.0,HBL.KA,
2024-02-28 00:00:00+05:00,93.00085711061546,94.60209197389128,92.24067421725152,92.83911895751953,5010576.0,0.0,0.0,0.0,HBL.KA,
2024-02-29 00:00:00+05:00,93.00085819997079,94.2543504958495,93.00085819997079,93.7853012084961,1616054.0,0.0,0.0,0.0,HBL.KA,
2024-03-01 00:00:00+05:00,93.85000047686745,95.26523095093532,93.68825614931056,94.66678619384766,2452549.0,0.0,0.0,0.0,HBL.KA,
2024-03-04 00:00:00+05:00,94.61827531525292,94.61827531525292,92.87956218445099,93.34052276611328,4070863.0,0.0,0.0,0.0,HBL.KA,
2024-03-05 00:00:00+05:00,93.80955369029932,94.14112490197061,93.0412882616636,93.56694030761719,1626318.0,0.0,0.0,0.0,HBL.KA,
2024-03-06 00:00:00+05:00,93.80955688449076,95.38652541587618,93.6478187371386,93.76911926269531,1631771.0,0.0,0.0,0.0,HBL.KA,
2024-03-07 00:00:00+05:00,93.96322740993661,94.21392342923791,92.68547486462293,92.94425964355469,677456.0,0.0,0.0,0.0,HBL.KA,
2024-03-08 00:00:00+05:00,93.39711108181487,93.80955135413755,92.4428412608986,92.56414794921875,491915.0,0.0,0.0,0.0,HBL.KA,
2024-03-11 00:00:00+05:00,92.19215628768707,93.80956253834825,92.19215628768707,92.7339859008789,396401.0,0.0,0.0,0.0,HBL.KA,
2024-03-12 00:00:00+05:00,92.7339868724476,92.9280800668994,91.59371866214086,91.9333724975586,317710.0,0.0,0.0,0.0,HBL.KA,
2024-03-13 00:00:00+05:00,91.93337599917538,92.1921607650526,90.62327465134453,91.21363067626953,471491.0,0.0,0.0,0.0,HBL.KA,
2024-03-14 00:00:00+05:00,91.37535641593477,92.19214822869493,91.01953126743618,91.90910339355469,1131221.0,0.0,0.0,0.0,HBL.KA,
2024-03-15 00:00:00+05:00,91.54518673484523,92.58841445466635,91.54518673484523,91.86058044433594,651359.0,0.0,0.0,0.0,HBL.KA,
2024-03-18 00:00:00+05:00,91.78513850828756,91.78513850828756,90.52780784379047,91.0307388305664,555706.0,4.0,0.0,0.0,HBL.KA,
2024-03-19 00:00:00+05:00,90.94692012882287,92.58144747170978,90.62001466024547,90.7289810180664,1222965.0,0.0,0.0,0.0,HBL.KA,
2024-03-20 00:00:00+05:00,91.36603714466752,91.78514740679903,90.10032236239816,90.70384216308594,734100.0,0.0,0.0,0.0,HBL.KA,
2024-03-21 00:00:00+05:00,91.14809228393801,91.19838986090802,89.01063391859599,89.68959045410156,2215557.0,0.0,0.0,0.0,HBL.KA,
2024-03-22 00:00:00+05:00,89.68959336467205,89.68959336467205,87.60242611345345,88.00476837158203,1356805.0,0.0,0.0,0.0,HBL.KA,
2024-03-26 00:00:00+05:00,87.58565285073918,88.01314706999693,86.33670617342557,87.3509521484375,898188.0,0.0,0.0,0.0,HBL.KA,
2024-03-27 00:00:00+05:00,87.17494327436293,89.18667401356367,86.75583297015926,87.5605239868164,1253860.0,0.0,0.0,0.0,HBL.KA,
2024-03-28 00:00:00+05:00,87.59404378629694,88.6418194296737,87.2671382971726,88.55799865722656,432652.0,0.0,0.0,0.0,HBL.KA,
2024-03-29 00:00:00+05:00,88.80944605854395,89.22855624550284,87.38447398092929,87.52696990966797,671014.0,0.0,0.0,0.0,HBL.KA,
2024-04-01 00:00:00+05:00,87.97123878421883,88.76755209508626,87.71977647166719,88.00476837158203,358080.0,0.0,0.0,0.0,HBL.KA,
2024-04-02 00:00:00+05:00,88.42387212275362,88.42387212275362,87.25874622674493,87.6778564453125,278078.0,0.0,0.0,0.0,HBL.KA,
2024-04-03 00:00:00+05:00,88.01314574687235,89.43811792949025,87.67785629357567,89.24533081054688,1048329.0,0.0,0.0,0.0,HBL.KA,
2024-04-04 00:00:00+05:00,89.4297425495926,92.12042944751892,88.85136838817631,91.24029541015625,1760545.0,0.0,0.0,0.0,HBL.KA,
2024-04-08 00:00:00+05:00,91.35765338523049,92.79100971801601,90.48590327032703,92.45572662353516,1508661.0,0.0,0.0,0.0,HBL.KA,
2024-04-09 00:00:00+05:00,93.70467243870345,94.58480014519695,91.15648129754673,91.91088104248047,4306345.0,0.0,0.0,0.0,HBL.KA,
2024-04-15 00:00:00+05:00,93.44481220653155,93.46157380053795,91.35763882390286,93.0089340209961,1519132.0,0.0,0.0,0.0,HBL.KA,
2024-04-16 00:00:00+05:00,93.29394793076317,99.31237161672149,93.04247921268284,97.0743179321289,15884192.0,0.0,0.0,0.0,HBL.KA,
2024-04-17 00:00:00+05:00,97.23359075324242,98.49092166815505,95.97625983832981,96.74742126464844,3631693.0,0.0,0.0,0.0,HBL.KA,
2024-04-18 00:00:00+05:00,97.06594089051994,97.84548624692214,95.22185186924148,95.85051727294922,3250009.0,0.0,0.0,0.0,HBL.KA,
2024-04-19 00:00:00+05:00,95.05419937517475,97.10783689945323,94.84464426473349,96.46240997314453,2278618.0,0.0,0.0,0.0,HBL.KA,
2024-04-22 00:00:00+05:00,96.47917395763953,97.65268388419788,94.308186029354,96.00138854980469,48145538.0,0.0,0.0,0.0,HBL.KA,
2024-04-23 00:00:00+05:00,96.39535924353048,97.73651078876529,95.2218492432819,97.18328857421875,13143411.0,0.0,0.0,0.0,HBL.KA,
2024-04-24 00:00:00+05:00,97.22519308682956,99.83205932883712,96.37859499430185,99.0776596069336,12553982.0,0.0,0.0,0.0,HBL.KA,
2024-04-25 00:00:00+05:00,100.0835272373356,100.41881671052377,98.28973591016096,98.68370056152344,4556109.0,0.0,0.0,0.0,HBL.KA,
2024-04-26 00:00:00+05:00,98.91000718479417,99.41293814569403,97.48503506305889,98.81780242919922,3845181.0,0.0,0.0,0.0,HBL.KA,
2024-04-29 00:00:00+05:00,98.95193034021662,99.5805957009674,96.73064478654096,97.8035659790039,5594822.0,0.0,0.0,0.0,HBL.KA,
2024-04-30 00:00:00+05:00,98.02150523824469,99.07765844137005,97.23357593851313,97.6275405883789,4028185.0,0.0,0.0,0.0,HBL.KA,
2024-05-02 00:00:00+05:00,95.1380293032163,97.02402547883072,93.88069851947336,94.39201354980469,3468446.0,4.0,0.0,0.0,HBL.KA,
2024-05-03 00:00:00+05:00,93.65437059327654,95.45653938505018,93.65437059327654,93.96450805664062,6791235.0,0.0,0.0,0.0,HBL.KA,
2024-05-06 00:00:00+05:00,94.73567358374567,95.01228787039769,93.37776053129866,93.88069152832031,2726018.0,0.0,0.0,0.0,HBL.KA,
2024-05-07 00:00:00+05:00,93.8639234048823,95.12963160708397,93.46157479817892,94.61831665039062,3366186.0,0.0,0.0,0.0,HBL.KA,
2024-05-08 00:00:00+05:00,95.04582077733863,95.8086044923147,93.9309859916574,95.35596466064453,2989702.0,0.0,0.0,0.0,HBL.KA,
2024-05-09 00:00:00+05:00,95.14640915798306,96.06006641808227,94.63509414990587,95.18831634521484,1997634.0,0.0,0.0,0.0,HBL.KA,
2024-05-10 00:00:00+05:00,94.88655778654116,95.38949520127929,94.29980599616653,94.68538665771484,790046.0,0.0,0.0,0.0,HBL.KA,
2024-05-13 00:00:00+05:00,95.06259936410905,95.64096721755705,94.71892585550883,95.07936096191406,1666197.0,0.0,0.0,0.0,HBL.KA,
2024-05-14 00:00:00+05:00,94.80273920742427,96.61329859406202,94.80273920742427,96.31153869628906,4424900.0,0.0,0.0,0.0,HBL.KA,
2024-05-15 00:00:00+05:00,96.40373498268129,97.10783708545762,95.97624076593024,96.47917175292969,2513749.0,0.0,0.0,0.0,HBL.KA,
2024-05-16 00:00:00+05:00,96.8144634976109,97.56886319349832,96.2277117314288,97.21681213378906,4248282.0,0.0,0.0,0.0,HBL.KA,
2024-05-17 00:00:00+05:00,97.23357702771183,97.85385840087714,96.60491165899818,96.78093719482422,1108541.0,0.0,0.0,0.0,HBL.KA,
2024-05-20 00:00:00+05:00,97.3173906628642,97.3173906628642,94.94522531067636,95.381103515625,1263164.0,0.0,0.0,0.0,HBL.KA,
2024-05-21 00:00:00+05:00,95.13803085130986,96.14389293662566,94.97038930212895,95.31405639648438,1899860.0,0.0,0.0,0.0,HBL.KA,
2024-05-22 00:00:00+05:00,95.47331507170219,95.76669096412293,94.30818910243495,94.66024017333984,777246.0,0.0,0.0,0.0,HBL.KA,
2024-05-23 00:00:00+05:00,94.50935816380563,95.53198816227757,94.09863192339327,94.96199798583984,905976.0,0.0,0.0,0.0,HBL.KA,
2024-05-24 00:00:00+05:00,94.92846663323147,96.35343885025402,94.76082510009277,95.80021667480469,2939584.0,0.0,0.0,0.0,HBL.KA,
2024-05-27 00:00:00+05:00,96.06006341993032,97.90415226867182,95.41463647969528,97.04916381835938,6155777.0,0.0,0.0,0.0,HBL.KA,
2024-05-28 00:00:00+05:00,97.04916381835938,97.04916381835938,97.04916381835938,97.04916381835938,0.0,0.0,0.0,0.0,HBL.KA,
2024-05-29 00:00:00+05:00,96.18578757143341,96.68871851500636,94.80272268027237,95.40624237060547,1996194.0,0.0,0.0,0.0,HBL.KA,
2024-05-30 00:00:00+05:00,95.89243203839567,95.9762528142322,95.02068190044209,95.33082580566406,1100479.0,0.0,0.0,0.0,HBL.KA,
2024-05-31 00:00:00+05:00,95.55713564269398,95.87565712592829,95.05420462886065,95.53199005126953,2288708.0,0.0,0.0,0.0,HBL.KA,
2024-06-03 00:00:00+05:00,95.557141586798,95.96786786088092,94.63510027156245,94.78598022460938,1294625.0,0.0,0.0,0.0,HBL.KA,
2024-06-04 00:00:00+05:00,94.78597867812158,95.13802976444875,93.2268879871126,93.86393737792969,2328511.0,0.0,0.0,0.0,HBL.KA,
2024-06-05 00:00:00+05:00,93.88069112712968,93.88069112712968,90.86309876278057,91.24029541015625,2994912.0,0.0,0.0,0.0,HBL.KA,
2024-06-06 00:00:00+05:00,91.24029451601126,92.61497553957763,90.61162917980295,91.21514892578125,1251708.0,0.0,0.0,0.0,HBL.KA,
2024-06-07 00:00:00+05:00,91.21516118996888,91.78515142723947,87.27552711141206,89.5638656616211,2526399.0,0.0,0.0,0.0,HBL.KA,
2024-06-10 00:00:00+05:00,89.25371728514344,90.07516975367142,88.09696895888933,88.41549682617188,1047371.0,0.0,0.0,0.0,HBL.KA,
2024-06-11 00:00:00+05:00,88.41550173265638,89.89914921351841,87.5940428234282,88.01315307617188,619877.0,0.0,0.0,0.0,HBL.KA,
2024-06-12 00:00:00+05:00,87.23359943170779,89.22018414251437,87.22521543682022,87.81197357177734,391283.0,0.0,0.0,0.0,HBL.KA,
2024-06-13 00:00:00+05:00,88.01314957577125,92.53954140440528,87.8455080393871,91.79352569580078,5604030.0,0.0,0.0,0.0,HBL.KA,
2024-06-14 00:00:00+05:00,92.20424928137922,94.92846573741997,91.28220806758833,94.19083404541016,5185713.0,0.0,0.0,0.0,HBL.KA,
2024-06-20 00:00:00+05:00,95.01228970265963,102.19583892822266,93.93098452089764,102.19583892822266,20943162.0,0.0,0.0,0.0,HBL.KA,
2024-06-21 00:00:00+05:00,103.52023516993572,107.26708195193643,102.59819386849777,105.3224105834961,12901998.0,0.0,0.0,0.0,HBL.KA,
2024-06-24 00:00:00+05:00,105.4481420818221,108.95189765323819,105.4481420818221,106.31150817871094,5385468.0,0.0,0.0,0.0,HBL.KA,
2024-06-25 00:00:00+05:00,106.28635824548749,107.54368895156922,105.19666907550413,105.87562561035156,2583232.0,0.0,0.0,0.0,HBL.KA,
2024-06-26 00:00:00+05:00,106.41208337800926,106.41208337800926,103.31067027663478,103.69625091552734,2146667.0,0.0,0.0,0.0,HBL.KA,
2024-06-27 00:00:00+05:00,104.77755754127433,105.61577800160454,103.3106717356965,103.90580749511719,1148778.0,0.0,0.0,0.0,HBL.KA,
2024-06-28 00:00:00+05:00,104.44227058651565,104.44227058651565,101.92760914513029,103.96448516845703,3455006.0,0.0,0.0,0.0,HBL.KA,
2024-07-01 00:00:00+05:00,103.93095539429392,105.36431164588349,102.69877026702007,104.83623504638672,1963928.0,0.0,0.0,0.0,HBL.KA,
2024-07-02 00:00:00+05:00,105.60739296089169,106.28635587571557,105.13799155419036,105.64092254638672,2221151.0,0.0,0.0,0.0,HBL.KA,
2024-07-03 00:00:00+05:00,106.2444500791092,112.11199367322175,106.03489495074804,111.08098602294922,7324743.0,0.0,0.0,0.0,HBL.KA,
2024-07-04 00:00:00+05:00,111.05584009816512,113.07594180894196,106.45400488865316,111.24024963378906,6996226.0,0.0,0.0,0.0,HBL.KA,
2024-07-05 00:00:00+05:00,111.06420901181886,117.97952768613966,109.22012659004578,116.51264190673828,10034650.0,0.0,0.0,0.0,HBL.KA,
2024-07-08 00:00:00+05:00,117.3508764946234,121.62580639730547,115.2637027296289,119.84877014160156,5278504.0,0.0,0.0,0.0,HBL.KA,
2024-07-09 00:00:00+05:00,119.95773977413909,122.29636940981882,116.51265290679653,117.81189727783203,3225650.0,0.0,0.0,0.0,HBL.KA,
2024-07-10 00:00:00+05:00,118.59982466724556,118.59982466724556,114.83620996959856,115.64090728759766,1934735.0,0.0,0.0,0.0,HBL.KA,
2024-07-11 00:00:00+05:00,115.59058277306393,119.00214578480876,112.65681150684172,117.3089370727539,4112879.0,0.0,0.0,0.0,HBL.KA,
2024-07-12 00:00:00+05:00,117.34248108827798,124.14044919959841,115.2469300402782,122.90826416015625,13200563.0,0.0,0.0,0.0,HBL.KA,
2024-07-15 00:00:00+05:00,124.05663116265774,128.46566628733444,124.05663116265774,124.70206451416016,7829515.0,0.0,0.0,0.0,HBL.KA,
2024-07-16 00:00:00+05:00,124.70206451416016,124.70206451416016,124.70206451416016,124.70206451416016,0.0,0.0,0.0,0.0,HBL.KA,
2024-07-17 00:00:00+05:00,124.70206451416016,124.70206451416016,124.70206451416016,124.70206451416016,0.0,0.0,0.0,0.0,HBL.KA,
2024-07-18 00:00:00+05:00,124.81102366970559,125.55703938119487,122.88312680848864,124.17398071289062,3008807.0,0.0,0.0,0.0,HBL.KA,
2024-07-19 00:00:00+05:00,124.26618752147618,124.26618752147618,117.43469565072128,118.77584075927734,4105210.0,0.0,0.0,0.0,HBL.KA,
2024-07-22 00:00:00+05:00,118.72554492665225,120.91330082935053,115.25531274894765,119.38773345947266,5099615.0,0.0,0.0,0.0,HBL.KA,
2024-07-23 00:00:00+05:00,120.2678811538128,121.54197997341942,117.43470438696161,118.44894409179688,2318442.0,0.0,0.0,0.0,HBL.KA,
2024-07-24 00:00:00+05:00,118.6920353998643,120.192444561767,118.18909795206116,118.5998306274414,988990.0,0.0,0.0,0.0,HBL.KA,
2024-07-25 00:00:00+05:00,119.02730825209562,119.02730825209562,116.09353656982566,117.1329345703125,2704698.0,0.0,0.0,0.0,HBL.KA,
2024-07-26 00:00:00+05:00,117.09939397199496,117.09939397199496,113.99798087391227,114.7691421508789,675443.0,0.0,0.0,0.0,HBL.KA,
2024-07-29 00:00:00+05:00,113.82194277537327,116.25278961564115,113.620778064612,114.09017944335938,1836143.0,0.0,0.0,0.0,HBL.KA,
2024-07-30 00:00:00+05:00,115.65765732970017,116.34500425714617,111.58390531767581,112.01140594482422,1604367.0,0.0,0.0,0.0,HBL.KA,
2024-07-31 00:00:00+05:00,112.01140187304695,114.7523735122537,109.22012626347595,110.52774810791016,2350522.0,0.0,0.0,0.0,HBL.KA,
2024-08-01 00:00:00+05:00,110.52775328969012,112.05330791630836,109.80688316342031,111.68450164794922,1582379.0,0.0,0.0,0.0,HBL.KA,
2024-08-02 00:00:00+05:00,112.74065912957977,115.25532067150348,110.64510784464333,113.89740753173828,4088836.0,0.0,0.0,0.0,HBL.KA,
2024-08-05 00:00:00+05:00,113.15977301768815,113.57888328812403,109.41292617677294,110.29306030273438,1826989.0,0.0,0.0,0.0,HBL.KA,
2024-08-06 00:00:00+05:00,111.37436228504403,113.3274177346798,109.89909869636737,111.05584716796875,2048309.0,0.0,0.0,0.0,HBL.KA,
2024-08-07 00:00:00+05:00,109.94937247480209,113.11784468293547,109.94937247480209,112.40536499023438,1305601.0,0.0,0.0,0.0,HBL.KA,
2024-08-08 00:00:00+05:00,112.19581798684227,114.61827469747044,111.14804237168772,114.17401885986328,3188687.0,0.0,0.0,0.0,HBL.KA,
2024-08-09 00:00:00+05:00,114.20753248026823,115.6744182185469,113.26033931067799,115.55706787109375,1073467.0,0.0,0.0,0.0,HBL.KA,
2024-08-12 00:00:00+05:00,114.1153416913349,115.9259010938707,114.1153416913349,115.18826293945312,643068.0,0.0,0.0,0.0,HBL.KA,
2024-08-13 00:00:00+05:00,114.83621215820312,115.59060551614303,113.67108613769626,114.83621215820312,479120.0,0.0,0.0,0.0,HBL.KA,
2024-08-15 00:00:00+05:00,114.83620187210752,116.4707291947231,113.9979814204863,115.64927673339844,428031.0,0.0,0.0,0.0,HBL.KA,
2024-08-16 00:00:00+05:00,116.07676462997962,116.46235166566115,114.43385970632912,115.1463394165039,181836.0,0.0,0.0,0.0,HBL.KA,
2024-08-19 00:00:00+05:00,115.21339769275653,115.67442149589465,112.82447709687,115.1211929321289,702144.0,0.0,0.0,0.0,HBL.KA,
2024-08-20 00:00:00+05:00,115.66604469806137,115.67442229809326,114.00635899525425,114.7607650756836,186616.0,0.0,0.0,0.0,HBL.KA,
2024-08-21 00:00:00+05:00,114.794293270579,115.23854910598912,113.20167945951212,113.98960876464844,403561.0,0.0,0.0,0.0,HBL.KA,
2024-08-22 00:00:00+05:00,113.99799254040047,113.99799254040047,111.07259827440286,112.23772430419922,842193.0,0.0,0.0,0.0,HBL.KA,
2024-08-23 00:00:00+05:00,112.82448196739357,112.82448196739357,111.48332408040962,112.3802261352539,515666.0,0.0,0.0,0.0,HBL.KA,
2024-08-26 00:00:00+05:00,112.42213624210787,113.11786083448128,107.71134083690085,108.18913269042969,3044515.0,0.0,0.0,0.0,HBL.KA,
2024-08-27 00:00:00+05:00,108.13881299431291,108.95188783406351,107.20839420116778,107.6945571899414,635725.0,0.0,0.0,0.0,HBL.KA,
2024-08-28 00:00:00+05:00,108.13045370206355,108.13045370206355,106.03490227372899,107.22517395019531,514558.0,0.0,0.0,0.0,HBL.KA,
2024-08-29 00:00:00+05:00,107.29222448556388,108.11367699801711,105.61578347797695,106.48753356933594,1469353.0,0.0,0.0,0.0,HBL.KA,
2024-08-30 00:00:00+05:00,106.26959619924884,107.9628052260834,104.44227521505664,105.1296157836914,2262774.0,0.0,0.0,0.0,HBL.KA,
2024-09-02 00:00:00+05:00,105.2385860947132,108.21427142102016,102.25451677279305,103.29391479492188,4119350.0,0.0,0.0,0.0,HBL.KA,
2024-09-03 00:00:00+05:00,103.5278285319445,103.96099936262209,102.66148687058931,103.59713745117188,1820294.0,4.0,0.0,0.0,HBL.KA,
2024-09-04 00:00:00+05:00,103.96100028511651,104.5241236919267,103.4411966056234,103.92634582519531,471361.0,0.0,0.0,0.0,HBL.KA,
2024-09-05 00:00:00+05:00,104.35083602633317,104.35083602633317,102.22830189359347,102.68746185302734,1560409.0,0.0,0.0,0.0,HBL.KA,
2024-09-06 00:00:00+05:00,102.6614827750617,103.91767549004783,102.2543011529227,103.52782440185547,985098.0,0.0,0.0,0.0,HBL.KA,
2024-09-09 00:00:00+05:00,103.87436075990185,103.87436075990185,100.49562714599213,101.04141998291016,1674924.0,0.0,0.0,0.0,HBL.KA,
2024-09-10 00:00:00+05:00,100.58225778681238,104.30752928655654,100.58225778681238,103.7357406616211,2113941.0,0.0,0.0,0.0,HBL.KA,
2024-09-11 00:00:00+05:00,103.5191602478541,103.52782551492058,100.54760817161676,101.3792953491211,1837630.0,0.0,0.0,0.0,HBL.KA,
2024-09-12 00:00:00+05:00,101.57854862351451,101.70850118035963,99.62928009982232,100.86814880371094,1187511.0,0.0,0.0,0.0,HBL.KA,
2024-09-13 00:00:00+05:00,101.36196661614753,101.77781349000344,99.45601775099068,100.06245422363281,745390.0,0.0,0.0,0.0,HBL.KA,
2024-09-16 00:00:00+05:00,99.54265389272267,100.88547944376377,99.23943564633674,100.4956283569336,238665.0,0.0,0.0,0.0,HBL.KA,
2024-09-17 00:00:00+05:00,100.4956283569336,100.4956283569336,100.4956283569336,100.4956283569336,0.0,0.0,0.0,0.0,HBL.KA,
2024-09-18 00:00:00+05:00,100.1057692611758,101.27532903775817,100.1057692611758,100.72087097167969,904474.0,0.0,0.0,0.0,HBL.KA,
2024-09-19 00:00:00+05:00,101.10206651146227,105.78031267862835,100.50429527580823,103.67510223388672,3631265.0,0.0,0.0,0.0,HBL.KA,
2024-09-20 00:00:00+05:00,103.31123572323051,112.59841872587519,103.31123572323051,110.76177215576172,16166846.0,0.0,0.0,0.0,HBL.KA,
2024-09-23 00:00:00+05:00,110.89172217515582,112.08727778504021,109.51424223639893,111.16028594970703,6578961.0,0.0,0.0,0.0,HBL.KA,
2024-09-24 00:00:00+05:00,111.71474540788614,112.10459647959559,109.40161494846495,111.26424407958984,4258144.0,0.0,0.0,0.0,HBL.KA,
2024-09-25 00:00:00+05:00,111.7494089636401,112.79767490826943,110.06870412618927,112.14791870117188,3701632.0,0.0,0.0,0.0,HBL.KA,
2024-09-26 00:00:00+05:00,112.62441569679176,114.70363039115652,111.02167833953064,111.58480834960938,4352809.0,0.0,0.0,0.0,HBL.KA,
2024-09-27 00:00:00+05:00,110.89172644497545,112.32118481845063,110.5451884779025,110.77043914794922,2536054.0,0.0,0.0,0.0,HBL.KA,
2024-09-30 00:00:00+05:00,111.32490134305328,111.66277405571059,107.07982596212504,110.06004333496094,2427707.0,0.0,0.0,0.0,HBL.KA,
2024-10-01 00:00:00+05:00,110.03404176524914,111.64543096222103,107.5129846901526,108.24071502685547,1360816.0,0.0,0.0,0.0,HBL.KA,
2024-10-02 00:00:00+05:00,108.07611346708613,110.02538204665282,106.64664852013821,109.69617462158203,4590754.0,0.0,0.0,0.0,HBL.KA,
2024-10-03 00:00:00+05:00,109.2023573913608,112.45113827436843,108.78651053008471,111.05632781982422,7029524.0,0.0,0.0,0.0,HBL.KA,
2024-10-04 00:00:00+05:00,111.12563368757093,113.70732779046986,110.54517982903117,112.13925170898438,2129048.0,0.0,0.0,0.0,HBL.KA,
2024-10-07 00:00:00+05:00,111.75806422827053,112.45979879554234,111.10830804089687,111.8447036743164,2489854.0,0.0,0.0,0.0,HBL.KA,
2024-10-08 00:00:00+05:00,111.54147291789253,121.80762542175388,111.54147291789253,119.33854675292969,10525888.0,0.0,0.0,0.0,HBL.KA,
2024-10-09 00:00:00+05:00,119.33854675292969,119.33854675292969,119.33854675292969,119.33854675292969,0.0,0.0,0.0,0.0,HBL.KA,
2024-10-10 00:00:00+05:00,122.10218549882028,122.10218549882028,118.39424456060655,119.24325561523438,2862475.0,0.0,0.0,0.0,HBL.KA,
2024-10-11 00:00:00+05:00,119.12197643540564,120.3348494532,116.77418475606689,117.86578369140625,4278696.0,0.0,0.0,0.0,HBL.KA,
2024-10-14 00:00:00+05:00,118.51552474538212,118.68879040868353,116.95610733702391,117.27664947509766,1370755.0,0.0,0.0,0.0,HBL.KA,
2024-10-15 00:00:00+05:00,117.17271214886442,119.53782123241757,116.61825400277402,118.9053955078125,674825.0,0.0,0.0,0.0,HBL.KA,
2024-10-16 00:00:00+05:00,119.51183574774264,120.85466803645723,116.09844730961372,116.81751251220703,2452858.0,0.0,0.0,0.0,HBL.KA,
2024-10-17 00:00:00+05:00,117.60586935606614,117.60586935606614,114.5736738293904,116.1590805053711,1650771.0,0.0,0.0,0.0,HBL.KA,
2024-10-18 00:00:00+05:00,114.58234686833778,116.91280812358875,114.01057140108249,116.10711669921875,1812545.0,0.0,0.0,0.0,HBL.KA,
2024-10-21 00:00:00+05:00,116.10711353309482,117.37196495995704,115.65661216631696,117.14672088623047,1067275.0,0.0,0.0,0.0,HBL.KA,
2024-10-22 00:00:00+05:00,117.12937578155196,119.55513478333941,117.05140821411341,117.19868469238281,1433632.0,0.0,0.0,0.0,HBL.KA,
2024-10-23 00:00:00+05:00,117.75314605406254,120.69871535982742,116.52294259587472,120.19623565673828,3975976.0,0.0,0.0,0.0,HBL.KA,
2024-10-24 00:00:00+05:00,122.18551816984466,124.79033299168795,120.42815803403664,123.32735443115234,4238144.0,4.0,0.0,0.0,HBL.KA,
2024-10-25 00:00:00+05:00,122.34608210051935,124.65652895105175,122.34608210051935,123.79122924804688,3277897.0,0.0,0.0,0.0,HBL.KA,
2024-10-28 00:00:00+05:00,123.55037751483357,126.22655897724873,123.55037751483357,124.76358032226562,3452345.0,0.0,0.0,0.0,HBL.KA,
2024-10-29 00:00:00+05:00,124.35321696319261,126.53877587913968,124.00531394425505,124.68328857421875,1472662.0,0.0,0.0,0.0,HBL.KA,
2024-10-30 00:00:00+05:00,124.88847705182987,125.33450732701498,121.40944635009154,122.19445037841797,619331.0,0.0,0.0,0.0,HBL.KA,
2024-10-31 00:00:00+05:00,122.21227957322539,122.21227957322539,115.96785652933796,116.63690185546875,3432757.0,0.0,0.0,0.0,HBL.KA,
2024-11-01 00:00:00+05:00,116.40497902819476,120.3389554707812,116.01247023205609,119.4736557006836,942345.0,0.0,0.0,0.0,HBL.KA,
2024-11-04 00:00:00+05:00,119.44689324870478,120.41924952027492,117.30595353385661,117.76982879638672,443202.0,0.0,0.0,0.0,HBL.KA,
2024-11-05 00:00:00+05:00,117.31487211292172,117.31487211292172,115.75376622916366,116.3603744506836,702163.0,0.0,0.0,0.0,HBL.KA,
2024-11-06 00:00:00+05:00,116.36037314921396,117.76090104828975,115.53074981072206,117.23458862304688,518233.0,0.0,0.0,0.0,HBL.KA,
2024-11-07 00:00:00+05:00,117.52897032614219,118.10880420372918,115.07580396259843,115.59320068359375,1417473.0,0.0,0.0,0.0,HBL.KA,
2024-11-08 00:00:00+05:00,115.53074062445569,116.80639410902931,114.59408806856422,115.03118896484375,1166098.0,0.0,0.0,0.0,HBL.KA,
2024-11-11 00:00:00+05:00,116.80640049788266,116.80640049788266,113.3006025671962,113.68418884277344,1128150.0,0.0,0.0,0.0,HBL.KA,
2024-11-12 00:00:00+05:00,114.18374541933856,114.18374541933856,111.50756388607282,111.94467163085938,1043642.0,0.0,0.0,0.0,HBL.KA,
2024-11-13 00:00:00+05:00,111.95359651245064,112.31042208561887,110.97233129064934,111.81978607177734,1150637.0,0.0,0.0,0.0,HBL.KA,
2024-11-14 00:00:00+05:00,111.95358790795021,116.85100474136911,111.73057279259572,116.4406509399414,2093410.0,0.0,0.0,0.0,HBL.KA,
2024-11-15 00:00:00+05:00,116.85992620340068,120.42816822487856,116.85992620340068,119.42013549804688,2916396.0,0.0,0.0,0.0,HBL.KA,
2024-11-18 00:00:00+05:00,119.71452082073907,124.53165586658031,117.7965961192623,123.41658020019531,2788981.0,0.0,0.0,0.0,HBL.KA,
2024-11-19 00:00:00+05:00,123.77338478047572,125.78052074988885,122.74752072970269,123.34519958496094,1966284.0,0.0,0.0,0.0,HBL.KA,
2024-11-20 00:00:00+05:00,123.55037639447401,125.76268257204903,119.09898970212086,119.61638641357422,4070058.0,0.0,0.0,0.0,HBL.KA,
2024-11-21 00:00:00+05:00,119.62531362927548,121.23101157455774,119.09898761074245,120.33895111083984,2979799.0,0.0,0.0,0.0,HBL.KA,
2024-11-22 00:00:00+05:00,120.87419270511761,132.37285152573173,120.87419270511761,129.08114624023438,19337975.0,0.0,0.0,0.0,HBL.KA,
2024-11-25 00:00:00+05:00,129.52719611715796,137.99285609306094,129.34878671989722,131.29347229003906,8325904.0,0.0,0.0,0.0,HBL.KA,
2024-11-26 00:00:00+05:00,131.7930204709944,144.4245865473486,128.54592086196845,137.83226013183594,15664430.0,0.0,0.0,0.0,HBL.KA,
2024-11-27 00:00:00+05:00,142.70291945792414,151.61460876464844,141.39158943229245,151.61460876464844,16437727.0,0.0,0.0,0.0,HBL.KA,
2024-11-28 00:00:00+05:00,156.34251723206071,162.71182861287028,153.21138979927952,158.28721618652344,9935745.0,0.0,0.0,0.0,HBL.KA,
2024-11-29 00:00:00+05:00,158.78677014092713,163.15786117762946,153.88043735567376,161.46295166015625,4003513.0,0.0,0.0,0.0,HBL.KA,
2024-12-02 00:00:00+05:00,162.66721539138734,164.84383128007397,158.56373220741918,162.74749755859375,3552010.0,0.0,0.0,0.0,HBL.KA,
2024-12-03 00:00:00+05:00,162.75642124562268,162.75642124562268,156.20870101600846,159.0008544921875,3401122.0,0.0,0.0,0.0,HBL.KA,
2024-12-04 00:00:00+05:00,158.92951199740222,159.678839597966,154.14806687055682,155.01336669921875,4623087.0,0.0,0.0,0.0,HBL.KA,
2024-12-05 00:00:00+05:00,155.040118910177,157.80549831608954,152.42637454534946,155.68240356445312,5266009.0,0.0,0.0,0.0,HBL.KA,
2024-12-06 00:00:00+05:00,156.11057934508815,158.1177153652393,154.37106418330964,155.3612518310547,3748921.0,0.0,0.0,0.0,HBL.KA,
2024-12-09 00:00:00+05:00,151.6592005379278,153.4165608099356,148.2961422570968,149.08114624023438,3592330.0,0.0,0.0,0.0,HBL.KA,
2024-12-10 00:00:00+05:00,148.97409760054148,150.26758255196614,144.01424359483659,146.1195068359375,3169807.0,0.0,0.0,0.0,HBL.KA,
2024-12-11 00:00:00+05:00,145.9410839103363,148.48344783146447,143.7109329557881,146.42279052734375,1676345.0,0.0,0.0,0.0,HBL.KA,
2024-12-12 00:00:00+05:00,146.29792692678572,151.65029010703398,146.29792692678572,151.1239776611328,3035039.0,0.0,0.0,0.0,HBL.KA,
2024-12-13 00:00:00+05:00,150.75822046902107,151.11503921477524,143.28274932313633,144.54055786132812,2530295.0,0.0,0.0,0.0,HBL.KA,
2024-12-16 00:00:00+05:00,144.51379131429567,145.18283664445445,141.43618551791772,142.3996124267578,4109609.0,0.0,0.0,0.0,HBL.KA,
2024-12-17 00:00:00+05:00,140.99906777025316,149.0633015875199,140.68685479039232,145.896484375,3255283.0,0.0,0.0,0.0,HBL.KA,
2024-12-18 00:00:00+05:00,148.97410110240315,149.06331259567258,142.73859340752307,144.26402282714844,1767041.0,0.0,0.0,0.0,HBL.KA,
2024-12-19 00:00:00+05:00,144.2640157928465,145.4950635587723,136.0392174273163,137.81442260742188,2194124.0,0.0,0.0,0.0,HBL.KA,
2024-12-20 00:00:00+05:00,136.58337890170864,140.05349358034346,136.48525170568502,139.65206909179688,1293668.0,0.0,0.0,0.0,HBL.KA,
2024-12-23 00:00:00+05:00,140.93665013538268,144.51380801375996,140.23191468359212,142.90809631347656,1939151.0,0.0,0.0,0.0,HBL.KA,
2024-12-24 00:00:00+05:00,143.11326775880272,144.96875533953278,140.72255201417366,141.19534301757812,1415722.0,0.0,0.0,0.0,HBL.KA,
2024-12-26 00:00:00+05:00,141.21317797846382,141.21317797846382,137.38623086220184,139.91969299316406,1519902.0,0.0,0.0,0.0,HBL.KA,
2024-12-27 00:00:00+05:00,139.6074721271601,140.66902632952352,138.26938133999883,139.32200622558594,1197397.0,0.0,0.0,0.0,HBL.KA,
2024-12-30 00:00:00+05:00,141.9178847895403,153.25597838445026,140.16052472473015,152.9883575439453,7671167.0,0.0,0.0,0.0,HBL.KA,
2024-12-31 00:00:00+05:00,154.4246037927925,159.23280965759037,150.72255792052889,155.62889099121094,7407018.0,0.0,0.0,0.0,HBL.KA,
2025-01-01 00:00:00+05:00,155.62889099121094,155.62889099121094,155.62889099121094,155.62889099121094,0.0,0.0,0.0,0.0,HBL.KA,
2025-01-02 00:00:00+05:00,155.21854038506245,160.52629809541722,155.21854038506245,157.91256713867188,4388527.0,0.0,0.0,0.0,HBL.KA,
2025-01-03 00:00:00+05:00,158.57267014119523,162.80104182640054,155.2185275495545,161.9089813232422,4584507.0,0.0,0.0,0.0,HBL.KA,
2025-01-06 00:00:00+05:00,163.15785800112684,163.15785800112684,157.44867631596142,160.61549377441406,4291933.0,0.0,0.0,0.0,HBL.KA,
2025-01-07 00:00:00+05:00,160.66902588359866,162.13200463820183,152.63156524441024,157.54681396484375,2682335.0,0.0,0.0,0.0,HBL.KA,
2025-01-08 00:00:00+05:00,157.716289912068,159.23278995115513,152.9883668158157,154.37106323242188,673197.0,0.0,0.0,0.0,HBL.KA,
2025-01-09 00:00:00+05:00,153.52361236496694,157.00264275401568,152.0963101679527,155.35232543945312,1870419.0,0.0,0.0,0.0,HBL.KA,
2025-01-10 00:00:00+05:00,155.646712848536,155.646712848536,152.99729206404422,153.6306610107422,543986.0,0.0,0.0,0.0,HBL.KA,
2025-01-13 00:00:00+05:00,154.42459106445312,155.21852435143535,153.4344033818786,154.42459106445312,832354.0,0.0,0.0,0.0,HBL.KA,
2025-01-14 00:00:00+05:00,155.1560781437129,155.17392316522648,152.77427821276785,153.3184356689453,812561.0,0.0,0.0,0.0,HBL.KA,
2025-01-15 00:00:00+05:00,154.59409614897828,155.93218697494444,152.98838443546612,153.1667938232422,1548222.0,0.0,0.0,0.0,HBL.KA,
2025-01-16 00:00:00+05:00,154.2818406118989,154.7546315262373,152.5512412899382,153.74661254882812,1232646.0,0.0,0.0,0.0,HBL.KA,
2025-01-17 00:00:00+05:00,154.3264779941816,155.21853856062194,152.99730284995042,154.4959716796875,1706111.0,0.0,0.0,0.0,HBL.KA,
2025-01-20 00:00:00+05:00,154.23725762791545,156.33360528326654,153.5236201051913,154.5494842529297,1662367.0,0.0,0.0,0.0,HBL.KA,
2025-01-21 00:00:00+05:00,156.9134514789426,157.44869327472387,154.54949637306464,155.10256958007812,2763327.0,0.0,0.0,0.0,HBL.KA,
2025-01-22 00:00:00+05:00,155.10255078137502,156.15518922235938,153.0775832990391,153.6395721435547,3466260.0,0.0,0.0,0.0,HBL.KA,
2025-01-23 00:00:00+05:00,154.6743826848529,154.6743826848529,152.98838874115563,153.1221923828125,713488.0,0.0,0.0,0.0,HBL.KA,
2025-01-24 00:00:00+05:00,154.05883470145747,157.3594555950176,153.2113800089134,155.6734619140625,3353657.0,0.0,0.0,0.0,HBL.KA,
2025-01-27 00:00:00+05:00,155.68239941487147,157.09185661242265,154.86170540334092,155.48614501953125,2683010.0,0.0,0.0,0.0,HBL.KA,
2025-01-28 00:00:00+05:00,156.44956151716949,156.8955917291703,154.05883250272896,155.81619262695312,2280815.0,0.0,0.0,0.0,HBL.KA,
2025-01-29 00:00:00+05:00,156.91343534193584,156.91343534193584,153.4790106094565,154.96875,1520016.0,0.0,0.0,0.0,HBL.KA,
2025-01-30 00:00:00+05:00,154.3264685322055,156.46740831569267,154.3264685322055,154.99551391601562,1126862.0,0.0,0.0,0.0,HBL.KA,
2025-01-31 00:00:00+05:00,154.47811155265632,160.0356445268868,154.32646290460087,156.9937286376953,2648935.0,0.0,0.0,0.0,HBL.KA,
2025-02-03 00:00:00+05:00,157.0026275040659,157.89468788761175,153.4343859698826,153.74661254882812,1015872.0,0.0,0.0,0.0,HBL.KA,
2025-02-04 00:00:00+05:00,154.32646447795346,154.7635790174609,150.80282827147414,151.23992919921875,1734368.0,0.0,0.0,0.0,HBL.KA,
2025-02-06 00:00:00+05:00,151.65029027074186,152.54235080174624,145.58427593755948,146.9848175048828,2172957.0,0.0,0.0,0.0,HBL.KA,
2025-02-07 00:00:00+05:00,147.18996300017878,150.30325863296204,145.58425159055184,146.42279052734375,1574322.0,0.0,0.0,0.0,HBL.KA,
2025-02-10 00:00:00+05:00,146.34251367594402,149.86614958977995,142.8188777621081,148.18907165527344,516169.0,0.0,0.0,0.0,HBL.KA,
2025-02-11 00:00:00+05:00,148.9740954560648,150.71361061478612,146.5209292135248,147.6627655029297,493311.0,0.0,0.0,0.0,HBL.KA,
2025-02-12 00:00:00+05:00,147.6360204065531,149.7412838402047,145.2631360866698,145.78053283691406,866334.0,0.0,0.0,0.0,HBL.KA,
2025-02-13 00:00:00+05:00,145.45047702901294,147.0918651925745,144.9776860211584,145.63780212402344,313059.0,0.0,0.0,0.0,HBL.KA,
2025-02-14 00:00:00+05:00,146.71717620382077,146.7439369270854,144.51378590995643,144.9776611328125,313820.0,0.0,0.0,0.0,HBL.KA,
2025-02-17 00:00:00+05:00,144.97766710311313,146.2800677281639,143.1935462159384,145.23635864257812,246520.0,0.0,0.0,0.0,HBL.KA,
2025-02-18 00:00:00+05:00,146.16409835315673,147.4575831786669,144.95981139837346,147.10968017578125,410196.0,0.0,0.0,0.0,HBL.KA,
2025-02-19 00:00:00+05:00,147.89471348946662,148.97411275066852,144.55841572382482,144.92416381835938,1208852.0,0.0,0.0,0.0,HBL.KA,
2025-02-20 00:00:00+05:00,145.15607677512523,145.15607677512523,141.93573802252342,143.11325073242188,898037.0,0.0,0.0,0.0,HBL.KA,
2025-02-21 00:00:00+05:00,143.35411355791734,144.4870341562422,140.49952280113564,141.12396240234375,468454.0,0.0,0.0,0.0,HBL.KA,
2025-02-24 00:00:00+05:00,141.3915936113534,141.3915936113534,133.45226036116256,137.71630859375,7249879.0,0.0,0.0,0.0,HBL.KA,
2025-02-25 00:00:00+05:00,140.05349865044028,142.72968015331492,137.55572652540465,138.9205780029297,2334637.0,0.0,0.0,0.0,HBL.KA,
2025-02-26 00:00:00+05:00,138.27827738834594,139.50932509330156,136.396029404169,137.14537048339844,808789.0,0.0,0.0,0.0,HBL.KA,
2025-02-27 00:00:00+05:00,136.9312776099681,137.7341265616735,134.0856026270321,135.316650390625,670014.0,0.0,0.0,0.0,HBL.KA,
2025-02-28 00:00:00+05:00,136.48525740987486,136.88668191519835,135.1739273771919,136.01246643066406,1146474.0,0.0,0.0,0.0,HBL.KA,
2025-03-03 00:00:00+05:00,135.59319280351434,136.3960417898827,133.80907184557336,134.99551391601562,175840.0,0.0,0.0,0.0,HBL.KA,
2025-03-04 00:00:00+05:00,135.59321122044378,136.91345709734875,134.70115062030928,136.42282104492188,217870.0,0.0,0.0,0.0,HBL.KA,
2025-03-05 00:00:00+05:00,136.48523955856453,137.3772999478362,134.79924596731155,135.29879760742188,286992.0,0.0,0.0,0.0,HBL.KA,
2025-03-06 00:00:00+05:00,136.3514430667214,137.37730712326172,134.96874666877773,136.82423400878906,380000.0,0.0,0.0,0.0,HBL.KA,
2025-03-07 00:00:00+05:00,137.36839294433594,137.91255036072604,136.63689684515882,137.36839294433594,213958.0,0.0,0.0,0.0,HBL.KA,
2025-03-10 00:00:00+05:00,138.2515318333718,141.3915885900082,137.14538553006344,140.42816162109375,1360061.0,0.0,0.0,0.0,HBL.KA,
2025-03-11 00:00:00+05:00,140.94554479614,141.82868950237534,138.2782792697004,138.8491973876953,785703.0,0.0,0.0,0.0,HBL.KA,
2025-03-12 00:00:00+05:00,138.84921009644165,140.93664199208035,138.76001221432423,139.47366333007812,766770.0,0.0,0.0,0.0,HBL.KA,
2025-03-13 00:00:00+05:00,139.94644858181627,143.39871818802848,139.60746125304175,140.3746337890625,1196969.0,0.0,0.0,0.0,HBL.KA,
2025-03-14 00:00:00+05:00,140.93661953029158,141.73055269694686,139.79478337177073,140.41029357910156,381403.0,0.0,0.0,0.0,HBL.KA,
2025-03-17 00:00:00+05:00,140.27280780620768,141.09793637397442,139.44767923844094,139.80523681640625,1343015.0,4.25,0.0,0.0,HBL.KA,
2025-03-18 00:00:00+05:00,139.81438307458322,141.09791935619074,139.81438307458322,140.62118530273438,1060902.0,0.0,0.0,0.0,HBL.KA,
2025-03-19 00:00:00+05:00,140.91457428885275,142.10643753055697,140.27280607854976,141.2079620361328,1120793.0,0.0,0.0,0.0,HBL.KA,
2025-03-20 00:00:00+05:00,141.29044897560001,142.10641427865247,141.07958531018073,141.21710205078125,1916112.0,0.0,0.0,0.0,HBL.KA,
2025-03-21 00:00:00+05:00,142.28978743531354,142.65652209249924,139.4018237061469,139.66769409179688,1177327.0,0.0,0.0,0.0,HBL.KA,
2025-03-24 00:00:00+05:00,141.55634262333223,141.55634262333223,138.43917474798468,138.8609161376953,191587.0,0.0,0.0,0.0,HBL.KA,
2025-03-25 00:00:00+05:00,138.45750305799731,141.28129693216857,138.4391628279809,138.9892578125,818442.0,0.0,0.0,0.0,HBL.KA,
2025-03-26 00:00:00+05:00,140.27280158015145,141.64802512505491,139.42016969727004,140.1719512939453,754544.0,0.0,0.0,0.0,HBL.KA,
2025-03-27 00:00:00+05:00,141.1621110046165,141.18961435578578,139.8143908393333,140.08026123046875,568480.0,0.0,0.0,0.0,HBL.KA,
2025-03-28 00:00:00+05:00,140.08026123046875,140.08026123046875,140.08026123046875,140.08026123046875,0.0,0.0,0.0,0.0,HBL.KA,
2025-03-31 00:00:00+05:00,140.08026123046875,140.08026123046875,140.08026123046875,140.08026123046875,0.0,0.0,0.0,0.0,HBL.KA,
2025-04-03 00:00:00+05:00,140.7128502360174,142.01472667102155,139.42931402953315,140.91455078125,1200284.0,0.0,0.0,0.0,HBL.KA,
2025-04-04 00:00:00+05:00,141.62969851052839,148.98256502125227,141.18963085090985,145.07693481445312,5435627.0,0.0,0.0,0.0,HBL.KA,
2025-04-07 00:00:00+05:00,142.57399761803362,144.8568736375274,131.2054890802542,139.36514282226562,1971965.0,0.0,0.0,0.0,HBL.KA,
2025-04-08 00:00:00+05:00,141.18962107524044,141.64802893587432,137.54069842165396,138.57669067382812,2340621.0,0.0,0.0,0.0,HBL.KA,
2025-04-09 00:00:00+05:00,138.34748099474686,139.81439168361976,136.37633287172747,137.75155639648438,987736.0,0.0,0.0,0.0,HBL.KA,
2025-04-10 00:00:00+05:00,141.14375143314697,141.14375143314697,138.1365975417328,138.47581481933594,2934385.0,0.0,0.0,0.0,HBL.KA,
2025-04-11 00:00:00+05:00,139.35599346676847,139.35599346676847,136.7063965189868,137.51319885253906,716336.0,0.0,0.0,0.0,HBL.KA,
2025-04-14 00:00:00+05:00,137.5223484147541,141.18961103914756,137.5223484147541,139.6310272216797,1745894.0,0.0,0.0,0.0,HBL.KA,
2025-04-15 00:00:00+05:00,141.09792761277293,141.73970978062792,139.40182699779115,139.79605102539062,1781141.0,0.0,0.0,0.0,HBL.KA,
2025-04-16 00:00:00+05:00,139.86022278398943,140.73119480737367,137.98074800332077,138.75086975097656,1080459.0,0.0,0.0,0.0,HBL.KA,
2025-04-17 00:00:00+05:00,138.4391755039572,140.26364384648684,138.43001238285828,139.52101135253906,916312.0,0.0,0.0,0.0,HBL.KA,
2025-04-18 00:00:00+05:00,139.83273021708902,140.63951849562912,131.01295393917545,134.46018981933594,9362714.0,0.0,0.0,0.0,HBL.KA,
2025-04-21 00:00:00+05:00,134.6802086117213,135.34949408491747,131.9205986393311,132.12229919433594,3660704.0,0.0,0.0,0.0,HBL.KA,
2025-04-22 00:00:00+05:00,132.8465947917713,133.75424740827833,131.43470471114725,132.19566345214844,1889245.0,0.0,0.0,0.0,HBL.KA,
2025-04-23 00:00:00+05:00,131.60889542042548,132.02145968403863,127.99663935463985,129.00514221191406,4346336.0,0.0,0.0,0.0,HBL.KA,
2025-04-24 00:00:00+05:00,127.4373746051449,127.8774421975137,126.29135504934322,126.72225952148438,1647520.0,0.0,0.0,0.0,HBL.KA,
2025-04-25 00:00:00+05:00,127.81327929749938,136.14713060105424,126.61225297630796,135.49618530273438,6914449.0,0.0,0.0,0.0,HBL.KA,
2025-04-28 00:00:00+05:00,139.025946258375,142.0972847600051,137.0639610213945,138.0724639892578,5938523.0,0.0,0.0,0.0,HBL.KA,
2025-04-29 00:00:00+05:00,137.61403679138934,140.45615695669412,136.42217363003718,139.68603515625,3484079.0,0.0,0.0,0.0,HBL.KA,
2025-04-30 00:00:00+05:00,139.26427967169255,139.26427967169255,134.66187557663218,135.08360290527344,3494774.0,0.0,0.0,0.0,HBL.KA,
2025-05-02 00:00:00+05:00,136.59636367742726,141.64801268586308,136.59636367742726,141.1712646484375,4361232.0,0.0,0.0,0.0,HBL.KA,
2025-05-05 00:00:00+05:00,141.6623838248973,141.6623838248973,138.92358350187308,139.18801879882812,1110494.0,4.5,0.0,0.0,HBL.KA,
2025-05-06 00:00:00+05:00,138.81969131197133,140.52908169886462,136.09033007535692,136.94973754882812,1129102.0,0.0,0.0,0.0,HBL.KA,
2025-05-07 00:00:00+05:00,132.21821555479744,135.52367094366738,131.27379972940605,132.6809844970703,1583584.0,0.0,0.0,0.0,HBL.KA,
2025-05-08 00:00:00+05:00,133.9087106070245,135.4764443013722,120.43190024436771,122.71739196777344,2473224.0,0.0,0.0,0.0,HBL.KA,
2025-05-09 00:00:00+05:00,123.7184819472913,132.69043292820172,123.24627400092758,132.2087860107422,1956686.0,0.0,0.0,0.0,HBL.KA,
2025-05-12 00:00:00+05:00,145.43060302734375,145.43060302734375,140.71796271243173,145.43060302734375,3231472.0,0.0,0.0,0.0,HBL.KA,
2025-05-13 00:00:00+05:00,146.38443700089738,150.39820382188972,145.44002127831095,149.26490783691406,10567032.0,0.0,0.0,0.0,HBL.KA,
2025-05-14 00:00:00+05:00,150.16210499907902,150.91764048497612,146.62054591891206,147.3949737548828,4540806.0,0.0,0.0,0.0,HBL.KA,
2025-05-15 00:00:00+05:00,147.3288597470238,150.39821099175347,146.47889132043198,148.7454833984375,2983095.0,0.0,0.0,0.0,HBL.KA,
2025-05-16 00:00:00+05:00,147.35719933435539,149.6899075640727,147.35719933435539,149.13270568847656,1867791.0,0.0,0.0,0.0,HBL.KA,
2025-05-19 00:00:00+05:00,149.22713292804028,150.15267077255555,147.80107028120898,149.6993408203125,1438626.0,0.0,0.0,0.0,HBL.KA,
2025-05-20 00:00:00+05:00,149.69933726884125,149.69933726884125,145.44002736942454,146.2050018310547,1100499.0,0.0,0.0,0.0,HBL.KA,
2025-05-21 00:00:00+05:00,146.38445573745432,148.9815993069898,143.71175717116438,148.18829345703125,3248216.0,0.0,0.0,0.0,HBL.KA,
2025-05-22 00:00:00+05:00,149.17047247946672,149.21769615151638,146.3938877263878,146.80943298339844,1288445.0,0.0,0.0,0.0,HBL.KA,
2025-05-23 00:00:00+05:00,146.43168525946953,147.2722148172962,145.43060673111893,145.52503967285156,487379.0,0.0,0.0,0.0,HBL.KA,
2025-05-26 00:00:00+05:00,146.85666915957418,147.88607900895522,144.30674916883552,144.42007446289062,777098.0,0.0,0.0,0.0,HBL.KA,
2025-05-27 00:00:00+05:00,146.00667957147658,146.0538888300945,144.0517320671702,145.18502807617188,168651.0,0.0,0.0,0.0,HBL.KA,
2025-05-28 00:00:00+05:00,145.18502807617188,145.18502807617188,145.18502807617188,145.18502807617188,0.0,0.0,0.0,0.0,HBL.KA,
2025-05-29 00:00:00+05:00,146.24279918615136,146.8566637204042,144.5900714593944,145.25115966796875,267857.0,0.0,0.0,0.0,HBL.KA,
2025-05-30 00:00:00+05:00,145.44947109595947,146.84721684529836,144.21228871279925,144.79783630371094,452399.0,0.0,0.0,0.0,HBL.KA,
2025-06-02 00:00:00+05:00,145.336139253782,147.80106493877116,144.49560981234498,144.72227478027344,672839.0,0.0,0.0,0.0,HBL.KA,
2025-06-03 00:00:00+05:00,145.44002564241404,153.93976740073694,145.44002564241404,152.23037719726562,5945782.0,0.0,0.0,0.0,HBL.KA,
2025-06-04 00:00:00+05:00,153.04259944944047,156.67859201739685,151.58819089374353,154.9597625732422,4475040.0,0.0,0.0,0.0,HBL.KA,
2025-06-05 00:00:00+05:00,154.87475291174727,155.72472137123307,151.56929759719327,152.48538208007812,964278.0,0.0,0.0,0.0,HBL.KA,
2025-06-06 00:00:00+05:00,152.48538208007812,152.48538208007812,152.48538208007812,152.48538208007812,0.0,0.0,0.0,0.0,HBL.KA,
2025-06-09 00:00:00+05:00,152.48538208007812,152.48538208007812,152.48538208007812,152.48538208007812,0.0,0.0,0.0,0.0,HBL.KA,
2025-06-10 00:00:00+05:00,154.31754088770612,155.1675237812563,152.3531686422896,153.88311767578125,774292.0,0.0,0.0,0.0,HBL.KA,
2025-06-11 00:00:00+05:00,155.82861107882667,157.6135564111221,154.88419525410652,155.97972106933594,1938183.0,0.0,0.0,0.0,HBL.KA,
2025-06-12 00:00:00+05:00,155.82860788577395,160.36180663367026,155.3563999830898,156.46136474609375,3992975.0,0.0,0.0,0.0,HBL.KA,
2025-06-13 00:00:00+05:00,154.8936381231372,155.71528971056088,152.52315953125662,153.53369140625,1918468.0,0.0,0.0,0.0,HBL.KA,
2025-06-16 00:00:00+05:00,153.53369140625,153.53369140625,153.53369140625,153.53369140625,0.0,0.0,0.0,0.0,HBL.KA,
2025-06-17 00:00:00+05:00,152.25872899074858,154.83698030248405,152.25872899074858,154.33644104003906,949307.0,0.0,0.0,0.0,HBL.KA,
2025-06-18 00:00:00+05:00,157.4813430616156,159.559055050465,154.89363844356654,156.008056640625,1827120.0,0.0,0.0,0.0,HBL.KA,
2025-06-19 00:00:00+05:00,156.67859090117048,159.370181960765,155.9325086863037,156.8580322265625,1011245.0,0.0,0.0,0.0,HBL.KA,
2025-06-20 00:00:00+05:00,157.24523098622333,158.1896467879424,156.3952625289328,157.0563507080078,532303.0,0.0,0.0,0.0,HBL.KA,
2025-06-23 00:00:00+05:00,155.8286158156186,156.58415138048946,151.1537602232785,152.608154296875,816594.0,0.0,0.0,0.0,HBL.KA,
2025-06-24 00:00:00+05:00,156.7730180713721,159.60626538591495,155.8286022998578,159.12461853027344,2138870.0,0.0,0.0,0.0,HBL.KA,
2025-06-25 00:00:00+05:00,157.71744186761947,165.74497633393543,157.71744186761947,163.95059204101562,5944985.0,0.0,0.0,0.0,HBL.KA,
2025-06-26 00:00:00+05:00,163.95060078482075,164.32836136853737,159.60628201886675,159.7007293701172,2044629.0,0.0,0.0,0.0,HBL.KA,
2025-06-27 00:00:00+05:00,160.54124185842497,166.97271094354977,160.54124185842497,163.49725341796875,3202967.0,0.0,0.0,0.0,HBL.KA,
2025-06-30 00:00:00+05:00,164.32836804617676,169.98542452479333,163.85616009202107,169.22988891601562,3441747.0,0.0,0.0,0.0,HBL.KA,
2025-07-01 00:00:00+05:00,169.99484344402148,174.52804215132366,169.2393079243642,173.5741729736328,7442615.0,0.0,0.0,0.0,HBL.KA,
2025-07-02 00:00:00+05:00,174.2447201725953,181.80004679254523,174.19749649909224,178.6834716796875,6603701.0,0.0,0.0,0.0,HBL.KA,
2025-07-03 00:00:00+05:00,178.49460010321545,179.3823533300665,173.7725207354055,176.0013427734375,2102504.0,0.0,0.0,0.0,HBL.KA,
2025-07-04 00:00:00+05:00,175.47245203831042,186.53155257771044,174.05582839065556,185.77603149414062,4952704.0,0.0,0.0,0.0,HBL.KA,
2025-07-07 00:00:00+05:00,187.93875704770565,197.14681172717866,186.61658060157674,192.5852813720703,6311350.0,0.0,0.0,0.0,HBL.KA,
2025-07-08 00:00:00+05:00,193.60524567294598,195.29574367252974,190.87588449329942,192.5097198486328,1801109.0,0.0,0.0,0.0,HBL.KA,
2025-07-09 00:00:00+05:00,192.37749138053522,192.55693268432276,188.97760322109966,189.66702270507812,1434607.0,0.0,0.0,0.0,HBL.KA,
2025-07-10 00:00:00+05:00,189.6670396425901,193.60525206507577,188.89261171722143,192.91583251953125,2490100.0,0.0,0.0,0.0,HBL.KA,
2025-07-11 00:00:00+05:00,192.94416531211237,194.21911809147562,189.11927815273748,190.55479431152344,2145453.0,0.0,0.0,0.0,HBL.KA,
2025-07-14 00:00:00+05:00,191.24420383348837,209.6130886775889,190.58311564063678,208.51756286621094,8673875.0,0.0,0.0,0.0,HBL.KA,
2025-07-15 00:00:00+05:00,208.7158940542452,219.7655561514593,203.99381500324418,205.86375427246094,11574070.0,0.0,0.0,0.0,HBL.KA,
2025-07-16 00:00:00+05:00,205.8637481702462,208.23424100639318,202.10497739204655,204.15435791015625,3070646.0,0.0,0.0,0.0,HBL.KA,
2025-07-17 00:00:00+05:00,204.22991794465713,213.4379720485203,203.0493981877516,211.0297088623047,3176593.0,0.0,0.0,0.0,HBL.KA,
2025-07-18 00:00:00+05:00,211.02970818327915,213.43797136174575,207.77147654683213,210.0569610595703,2610289.0,0.0,0.0,0.0,HBL.KA,
2025-07-21 00:00:00+05:00,211.36025542999533,220.99329354870824,211.07692781254823,214.5334930419922,5321459.0,0.0,0.0,0.0,HBL.KA,
2025-07-22 00:00:00+05:00,214.9395901500976,226.1781469046725,214.9395901500976,224.0154266357422,10906148.0,0.0,0.0,0.0,HBL.KA,
2025-07-23 00:00:00+05:00,225.2526202747865,226.6598050858591,220.70998232022683,221.24830627441406,3665011.0,0.0,0.0,0.0,HBL.KA,
2025-07-24 00:00:00+05:00,220.99330579363536,222.40992954872277,213.54186541830128,215.345703125,2710121.0,0.0,0.0,0.0,HBL.KA,
2025-07-25 00:00:00+05:00,215.2323569145612,216.21455742500302,211.54914102700832,213.90074157714844,3281185.0,0.0,0.0,0.0,HBL.KA,
2025-07-28 00:00:00+05:00,213.43797681580105,214.38239264241963,207.31816629429233,210.79360961914062,2250610.0,0.0,0.0,0.0,HBL.KA,
2025-07-29 00:00:00+05:00,210.7936172521085,212.54079235887596,202.10499421472542,204.2677001953125,1463605.0,0.0,0.0,0.0,HBL.KA,
2025-07-30 00:00:00+05:00,204.56047793297836,212.96577319504476,204.33381294219015,210.8219451904297,2784711.0,0.0,0.0,0.0,HBL.KA,
2025-07-31 00:00:00+05:00,212.96577102466404,216.64898702092248,207.68648995981292,209.60365295410156,6469386.0,0.0,0.0,0.0,HBL.KA,
2025-08-01 00:00:00+05:00,209.6603190489732,220.99330926783662,208.24369527161528,218.50949096679688,6775996.0,0.0,0.0,0.0,HBL.KA,
2025-08-04 00:00:00+05:00,220.0488967152898,230.8530165249536,220.0488967152898,224.80874633789062,9247674.0,0.0,0.0,0.0,HBL.KA,
2025-08-05 00:00:00+05:00,222.86324092482923,226.18758864257242,221.92827848686272,223.7982177734375,2808951.0,0.0,0.0,0.0,HBL.KA,
2025-08-06 00:00:00+05:00,224.78985804292077,246.18088506288734,224.78985804292077,245.52923583984375,14442976.0,0.0,0.0,0.0,HBL.KA,
2025-08-07 00:00:00+05:00,247.4463795922632,259.6198836085259,246.03918052792991,252.5462188720703,10786603.0,0.0,0.0,0.0,HBL.KA,
2025-08-08 00:00:00+05:00,255.5144275060634,255.5144275060634,248.88642754269674,251.02850341796875,3172573.0,4.5,0.0,0.0,HBL.KA,
2025-08-11 00:00:00+05:00,250.7115288669414,256.95530257435564,250.7115288669414,255.17822265625,3749318.0,0.0,0.0,0.0,HBL.KA,
2025-08-12 00:00:00+05:00,256.95530496524805,263.19907873075874,255.51443409628405,260.3749694824219,4502657.0,0.0,0.0,0.0,HBL.KA,
2025-08-13 00:00:00+05:00,261.74859222241054,268.4726562659408,259.59690110915056,264.88970947265625,3301172.0,0.0,0.0,0.0,HBL.KA,
2025-08-15 00:00:00+05:00,265.60054047784195,266.55150590756267,262.5266707790239,263.3431701660156,842332.0,0.0,0.0,0.0,HBL.KA,
2025-08-18 00:00:00+05:00,263.295131691882,263.295131691882,252.05632765594362,260.1828308105469,4744653.0,0.0,0.0,0.0,HBL.KA,
2025-08-19 00:00:00+05:00,258.87646467183475,264.15004264199393,257.4452089973614,259.10699462890625,2769188.0,0.0,0.0,0.0,HBL.KA,
2025-08-20 00:00:00+05:00,259.35676775226324,264.0540210614483,257.43560650965384,261.3739929199219,2308382.0,0.0,0.0,0.0,HBL.KA,
2025-08-21 00:00:00+05:00,262.958938195339,262.958938195339,252.66151303205558,254.6306915283203,2487382.0,0.0,0.0,0.0,HBL.KA,
2025-08-22 00:00:00+05:00,254.56347360969204,258.87647111324657,253.59327782522112,254.0543670654297,1203965.0,0.0,0.0,0.0,HBL.KA,
2025-08-25 00:00:00+05:00,253.59326518946204,254.45778182150772,249.92384045311243,251.38394165039062,797345.0,0.0,0.0,0.0,HBL.KA,
2025-08-26 00:00:00+05:00,253.01691258832503,254.073557062847,247.8297834488262,248.48297119140625,1074871.0,0.0,0.0,0.0,HBL.KA,
2025-08-27 00:00:00+05:00,251.6240960310336,251.6240960310336,243.02688806724444,245.0441131591797,983277.0,0.0,0.0,0.0,HBL.KA,
2025-08-28 00:00:00+05:00,245.437941732443,246.74433192357355,237.26340617291,238.6754608154297,2483866.0,0.0,0.0,0.0,HBL.KA,
2025-08-29 00:00:00+05:00,239.3766718756902,249.62606466012238,237.26339758172514,246.11033630371094,3517753.0,0.0,0.0,0.0,HBL.KA,
2025-09-01 00:00:00+05:00,247.34950113567655,251.09575956180313,246.8692108422092,247.99310302734375,922582.0,0.0,0.0,0.0,HBL.KA,
2025-09-02 00:00:00+05:00,248.31008730860106,252.63270004704867,247.34950670005713,249.4147491455078,1684644.0,0.0,0.0,0.0,HBL.KA,
2025-09-03 00:00:00+05:00,251.66249457947384,252.62307515109927,247.9354372712324,249.16500854492188,1239592.0,0.0,0.0,0.0,HBL.KA,
2025-09-04 00:00:00+05:00,249.1650057157515,250.69232528954268,245.53399771152348,246.45616149902344,1709665.0,0.0,0.0,0.0,HBL.KA,
2025-09-05 00:00:00+05:00,246.38892626971582,253.48763104299454,246.38892626971582,249.18421936035156,1499623.0,0.0,0.0,0.0,HBL.KA,
2025-09-08 00:00:00+05:00,249.7509528137395,254.0735654585927,245.9086304627589,251.23025512695312,2807728.0,0.0,0.0,0.0,HBL.KA,
2025-09-09 00:00:00+05:00,251.76818508325653,257.4356048494869,247.82979869838664,253.68934631347656,2653543.0,0.0,0.0,0.0,HBL.KA,
2025-09-10 00:00:00+05:00,253.58365975733332,253.78540278709116,250.95167832987352,251.51841735839844,772032.0,0.0,0.0,0.0,HBL.KA,
2025-09-11 00:00:00+05:00,251.67211415229013,252.53663081890227,248.3100820930038,249.08815002441406,1049025.0,0.0,0.0,0.0,HBL.KA,
2025-09-12 00:00:00+05:00,248.79036726647882,250.6923273455531,245.71651237842946,246.61944580078125,1149742.0,0.0,0.0,0.0,HBL.KA,
2025-09-15 00:00:00+05:00,244.94805118201216,248.6847237592837,243.84338936312957,244.5157928466797,1216214.0,0.0,0.0,0.0,HBL.KA,
2025-09-16 00:00:00+05:00,247.06133266174763,247.82978538672222,244.57341786270015,245.12094116210938,1141458.0,0.0,0.0,0.0,HBL.KA,
2025-09-17 00:00:00+05:00,246.7539418782726,247.34949714222196,240.19317481655676,244.47735595703125,970098.0,0.0,0.0,0.0,HBL.KA,
2025-09-18 00:00:00+05:00,245.01529118090156,248.550220616388,244.99607546560324,247.37831115722656,1639529.0,0.0,0.0,0.0,HBL.KA,
2025-09-19 00:00:00+05:00,247.49357353155574,248.45415408422204,243.02687982457581,244.32366943359375,951730.0,0.0,0.0,0.0,HBL.KA,
2025-09-22 00:00:00+05:00,246.7635677265594,246.7635677265594,241.15376580750328,241.60523986816406,2240194.0,0.0,0.0,0.0,HBL.KA,
2025-09-23 00:00:00+05:00,241.60523986816406,241.60523986816406,241.60523986816406,241.60523986816406,0.0,0.0,0.0,0.0,HBL.KA,
2025-09-24 00:00:00+05:00,240.14513603457482,241.92221590414903,239.18455549043654,239.41510009765625,844670.0,0.0,0.0,0.0,HBL.KA,
2025-09-25 00:00:00+05:00,240.15474172993754,253.59326910816745,239.90499605971524,248.3004608154297,3218063.0,0.0,0.0,0.0,HBL.KA,
2025-09-26 00:00:00+05:00,252.63269010693244,268.9529446232848,251.67210953618365,260.6151123046875,6556543.0,0.0,0.0,0.0,HBL.KA,
2025-09-29 00:00:00+05:00,260.6343245334016,268.00199072523714,256.95531368817535,267.1662902832031,3188579.0,0.0,0.0,0.0,HBL.KA,
2025-09-30 00:00:00+05:00,267.9443335057856,288.5487974557393,267.0413854687456,280.681640625,7843897.0,0.0,0.0,0.0,HBL.KA,
2025-10-01 00:00:00+05:00,283.35204657715377,283.3712476339103,273.0450072540305,276.65679931640625,3231048.0,0.0,0.0,0.0,HBL.KA,
2025-10-02 00:00:00+05:00,277.5021371919135,293.93765680708276,277.5021371919135,292.4199523925781,6492338.0,0.0,0.0,0.0,HBL.KA,
2025-10-03 00:00:00+05:00,292.97709036335465,294.8021876863059,288.17418724264394,289.0098876953125,2024970.0,0.0,0.0,0.0,HBL.KA,
2025-10-06 00:00:00+05:00,289.6150411400669,295.6186696877466,282.21855904348854,292.083740234375,2428524.0,0.0,0.0,0.0,HBL.KA,
2025-10-07 00:00:00+05:00,292.083740234375,292.083740234375,292.083740234375,292.083740234375,0.0,0.0,0.0,0.0,HBL.KA,
2025-10-08 00:00:00+05:00,302.67896067921896,305.4646386276846,297.9625062946062,304.04296875,2018472.0,0.0,0.0,0.0,HBL.KA,
2025-10-09 00:00:00+05:00,304.50406882786655,306.3291662165972,291.6322938633616,294.638916015625,1477067.0,0.0,0.0,0.0,HBL.KA,
2025-10-10 00:00:00+05:00,293.8224147156632,293.8224147156632,285.39810363078976,289.326904296875,2586955.0,0.0,0.0,0.0,HBL.KA,
2025-10-13 00:00:00+05:00,288.145359747927,291.05591775287195,276.1669186599033,284.3126525878906,3610084.0,0.0,0.0,0.0,HBL.KA,
2025-10-14 00:00:00+05:00,288.1837991364156,297.77999008126767,288.17418394961385,296.07977294921875,2027972.0,0.0,0.0,0.0,HBL.KA,
2025-10-15 00:00:00+05:00,296.819384944037,306.050549802846,295.95486832653575,296.9826965332031,2906550.0,0.0,0.0,0.0,HBL.KA,
2025-10-16 00:00:00+05:00,299.69149997265674,301.62227615290317,292.7849238518864,293.4381408691406,2091747.0,0.0,0.0,0.0,HBL.KA,
2025-10-17 00:00:00+05:00,297.7319746384814,297.7319746384814,286.25302451352746,289.71112060546875,1053575.0,0.0,0.0,0.0,HBL.KA,
2025-10-20 00:00:00+05:00,293.93765142899525,306.42519871192644,291.3440721905495,303.54345703125,4173770.0,0.0,0.0,0.0,HBL.KA,
2025-10-21 00:00:00+05:00,303.73559062594626,311.7083977010924,302.59249739244507,304.7922058105469,3841759.0,0.0,0.0,0.0,HBL.KA,
2025-10-22 00:00:00+05:00,305.83927222640745,309.3069541318497,297.8760508203305,301.1804504394531,1351603.0,0.0,0.0,0.0,HBL.KA,
2025-10-23 00:00:00+05:00,301.62229940846294,306.8958773645846,298.02973745222926,301.3341369628906,3333369.0,0.0,0.0,0.0,HBL.KA,
2025-10-24 00:00:00+05:00,300.8538618607142,303.53386068356883,294.89825029184897,296.1854248046875,714092.0,0.0,0.0,0.0,HBL.KA,
2025-10-27 00:00:00+05:00,295.8588300548769,299.5858875394097,290.5756366610398,292.3719177246094,1292332.0,0.0,0.0,0.0,HBL.KA,
2025-10-28 00:00:00+05:00,292.9770862663236,294.84061499626705,286.2530219913588,286.8293762207031,1066557.0,0.0,0.0,0.0,HBL.KA,
2025-10-29 00:00:00+05:00,286.82937657169026,290.06652854340666,283.3808956927754,284.5143737792969,1268243.0,0.0,0.0,0.0,HBL.KA,
2025-10-30 00:00:00+05:00,284.51436633091504,288.6448511280486,280.48953132731793,282.34344482421875,1707462.0,0.0,0.0,0.0,HBL.KA,
2025-10-31 00:00:00+05:00,286.31089386694293,300.9787305036481,281.43465709432024,296.9037780761719,4804883.0,5.0,0.0,0.0,HBL.KA,
2025-11-03 00:00:00+05:00,301.79956473675475,301.79956473675475,290.13175103872015,291.1968994140625,2206633.0,0.0,0.0,0.0,HBL.KA,
2025-11-04 00:00:00+05:00,293.15133223635826,293.15133223635826,286.07638689925864,288.0112609863281,789686.0,0.0,0.0,0.0,HBL.KA,
2025-11-05 00:00:00+05:00,288.27508882431397,294.1383109698932,282.41186667873467,284.34674072265625,1921893.0,0.0,0.0,0.0,HBL.KA,
2025-11-06 00:00:00+05:00,285.343460778551,287.2978680441575,282.43138321691754,285.33367919921875,979007.0,0.0,0.0,0.0,HBL.KA,
2025-11-07 00:00:00+05:00,290.209950184493,290.209950184493,280.5551733685693,281.7180480957031,2266070.0,0.0,0.0,0.0,HBL.KA,
2025-11-10 00:00:00+05:00,282.41184662437246,285.245731162454,279.9883709070795,281.96234130859375,1308236.0,0.0,0.0,0.0,HBL.KA,
2025-11-11 00:00:00+05:00,281.42487977820394,283.0959195517781,274.8971663178469,276.56817626953125,1015041.0,0.0,0.0,0.0,HBL.KA,
2025-11-12 00:00:00+05:00,277.0372452444094,280.4379248108031,270.78314761244087,272.9916076660156,875610.0,0.0,0.0,0.0,HBL.KA,
2025-11-13 00:00:00+05:00,274.34992168706475,277.47698526105114,272.63981531857905,273.6268005371094,758922.0,0.0,0.0,0.0,HBL.KA,
2025-11-14 00:00:00+05:00,276.5486511306562,284.8548827017183,273.71476632373077,282.8125305175781,1239192.0,0.0,0.0,0.0,HBL.KA,
2025-11-17 00:00:00+05:00,283.49653560343484,290.327209372121,280.1642974117578,280.9069519042969,2080936.0,0.0,0.0,0.0,HBL.KA,
2025-11-18 00:00:00+05:00,282.2164006978611,282.96886659038813,278.512820355719,280.2619934082031,547070.0,0.0,0.0,0.0,HBL.KA,
2025-11-19 00:00:00+05:00,280.44767867900987,283.39885292175137,279.773405744204,281.4151306152344,685983.0,0.0,0.0,0.0,HBL.KA,
2025-11-20 00:00:00+05:00,283.2815727329728,283.3402025646322,281.5323698967665,282.441162109375,292507.0,0.0,0.0,0.0,HBL.KA,
2025-11-21 00:00:00+05:00,283.3695396416644,287.28810619949945,280.9460637299568,284.8060302734375,1198371.0,0.0,0.0,0.0,HBL.KA,
2025-11-24 00:00:00+05:00,286.30115008093554,288.26530923437855,282.421650208287,286.76043701171875,923703.0,0.0,0.0,0.0,HBL.KA,
2025-11-25 00:00:00+05:00,286.41839099468683,288.2750719342928,285.05031187191867,286.9558410644531,572965.0,0.0,0.0,0.0,HBL.KA,
2025-11-26 00:00:00+05:00,287.78647162255754,298.0471098298134,283.3890552480193,294.0894470214844,2235403.0,0.0,0.0,0.0,HBL.KA,
2025-11-27 00:00:00+05:00,294.13830759098346,300.00152966920905,294.13830759098346,298.9852294921875,2547659.0,0.0,0.0,0.0,HBL.KA,
2025-11-28 00:00:00+05:00,300.0015397545241,309.7735768800787,299.99175817439357,301.9657287597656,3176465.0,0.0,0.0,0.0,HBL.KA,
2025-12-01 00:00:00+05:00,302.2490769601949,305.96246872263947,297.0992244615298,301.84844970703125,1660116.0,0.0,0.0,0.0,HBL.KA,
2025-12-02 00:00:00+05:00,302.93312747918173,305.8647383902706,300.4901183866077,301.0764465332031,829862.0,0.0,0.0,0.0,HBL.KA,
2025-12-03 00:00:00+05:00,302.9331365309268,303.51946469504196,300.0796887039075,301.1448669433594,1090853.0,0.0,0.0,0.0,HBL.KA,
2025-12-04 00:00:00+05:00,301.23280848075234,305.8549626866903,301.0764523171972,302.6399841308594,468991.0,0.0,0.0,0.0,HBL.KA,
2025-12-05 00:00:00+05:00,303.6171828109612,307.39895612543955,302.708360761323,303.01129150390625,1308006.0,0.0,0.0,0.0,HBL.KA,
2025-12-08 00:00:00+05:00,302.93312537958786,304.8777510607946,300.09924081622097,301.0959777832031,1360952.0,0.0,0.0,0.0,HBL.KA,
2025-12-09 00:00:00+05:00,302.8256592815315,309.57811039062665,301.4673318672016,307.4673767089844,1872536.0,0.0,0.0,0.0,HBL.KA,
2025-12-10 00:00:00+05:00,306.8419525904061,310.26216543775143,306.8419525904061,307.9461975097656,1445659.0,0.0,0.0,0.0,HBL.KA,
2025-12-11 00:00:00+05:00,307.9461877321784,309.480404603671,302.933128289308,303.17742919921875,1276175.0,0.0,0.0,0.0,HBL.KA,
2025-12-12 00:00:00+05:00,305.7572824311519,306.8419642322425,301.0862200791112,304.25238037109375,819070.0,0.0,0.0,0.0,HBL.KA,
2025-12-15 00:00:00+05:00,305.85497726562096,306.8126476298361,303.91035144088517,305.0830078125,424687.0,0.0,0.0,0.0,HBL.KA,
2025-12-16 00:00:00+05:00,304.9852562798448,312.3142834421838,303.9103263316575,306.0015563964844,1673622.0,0.0,0.0,0.0,HBL.KA,
2025-12-17 00:00:00+05:00,308.7865917555934,317.0048785612883,305.962488532153,313.3208312988281,3511411.0,0.0,0.0,0.0,HBL.KA,
2025-12-18 00:00:00+05:00,317.08306162695715,324.52934891595163,315.1970358551348,317.9723205566406,3431276.0,0.0,0.0,0.0,HBL.KA,
2025-12-19 00:00:00+05:00,319.5260624911193,319.5260624911193,311.7279665726385,313.1839904785156,1109243.0,0.0,0.0,0.0,HBL.KA,
2025-12-22 00:00:00+05:00,313.19376274601285,313.6823645599692,307.916869119662,309.0601806640625,840450.0,0.0,0.0,0.0,HBL.KA,
2025-12-23 00:00:00+05:00,309.0602062847724,316.6237832707116,309.0602062847724,313.17425537109375,1653618.0,0.0,0.0,0.0,HBL.KA,
2025-12-24 00:00:00+05:00,313.68238833073036,315.5390694000856,310.84850355941023,311.5716247558594,597127.0,0.0,0.0,0.0,HBL.KA,
2025-12-26 00:00:00+05:00,312.7051844935025,317.59120300121344,312.6074581589702,314.0048522949219,1766219.0,0.0,0.0,0.0,HBL.KA,
2025-12-29 00:00:00+05:00,316.6042132470792,318.5195539468055,313.68238376374876,316.9755554199219,1276741.0,0.0,0.0,0.0,HBL.KA,
2025-12-30 00:00:00+05:00,317.5911846664115,320.51301402233815,316.12537919872034,316.7996520996094,987463.0,0.0,0.0,0.0,HBL.KA,
2025-12-31 00:00:00+05:00,316.81919608197325,319.53582111383236,311.53252060557134,316.0374450683594,1506326.0,0.0,0.0,0.0,HBL.KA,
2026-01-01 00:00:00+05:00,316.0374450683594,316.0374450683594,316.0374450683594,316.0374450683594,0.0,0.0,0.0,0.0,HBL.KA,
2026-01-02 00:00:00+05:00,322.62377716404086,329.21990176230474,319.0667714065813,322.8094482421875,3050426.0,0.0,0.0,0.0,HBL.KA,
2026-01-05 00:00:00+05:00,323.40556156314193,346.36006587694885,323.40556156314193,339.0115051269531,6962571.0,0.0,0.0,0.0,HBL.KA,
2026-01-06 00:00:00+05:00,339.08968551451306,358.63375960756855,335.6694725482283,355.5360107421875,7167264.0,0.0,0.0,0.0,HBL.KA,
2026-01-07 00:00:00+05:00,355.75099278781096,360.3731769952183,350.40568739001947,354.9301452636719,4502931.0,0.0,0.0,0.0,HBL.KA,
2026-01-08 00:00:00+05:00,351.79332213155567,361.55557727770173,351.30472029526186,352.9073486328125,3700906.0,0.0,0.0,0.0,HBL.KA,
2026-01-09 00:00:00+05:00,349.8682216191052,355.7021286025222,347.8942809819712,349.9073181152344,1489607.0,0.0,0.0,0.0,HBL.KA,
2026-01-12 00:00:00+05:00,349.79005180130605,353.55226192482445,345.29490913232235,348.8421630859375,2057618.0,0.0,0.0,0.0,HBL.KA,
2026-01-13 00:00:00+05:00,348.8617037816087,353.7379404623304,343.4870836953374,352.1744384765625,2681962.0,0.0,0.0,0.0,HBL.KA,
2026-01-14 00:00:00+05:00,353.74773461015644,356.6793456704616,347.3763773083069,347.81610107421875,982123.0,0.0,0.0,0.0,HBL.KA,
2026-01-15 00:00:00+05:00,346.9073107822603,348.8617181669491,343.97569970522716,346.0082702636719,543395.0,0.0,0.0,0.0,HBL.KA,
2026-01-16 00:00:00+05:00,347.86496955466083,351.30471570130817,346.0278219027178,347.43499755859375,893245.0,0.0,0.0,0.0,HBL.KA,
2026-01-19 00:00:00+05:00,348.7151471745109,353.16141209178556,347.8845180630721,351.8128662109375,1519824.0,0.0,0.0,0.0,HBL.KA,
2026-01-20 00:00:00+05:00,353.2493366333498,353.6499937070449,348.38288155974624,349.428466796875,792101.0,0.0,0.0,0.0,HBL.KA,
2026-01-21 00:00:00+05:00,351.6956082437478,355.88782049760835,334.3209275232573,342.8714599609375,2639820.0,0.0,0.0,0.0,HBL.KA,
2026-01-22 00:00:00+05:00,342.87145876466826,345.4317276970013,339.15809661915915,340.2916564941406,896035.0,0.0,0.0,0.0,HBL.KA,
2026-01-23 00:00:00+05:00,340.3111780078,342.9984880997496,337.389348578103,338.14178466796875,528604.0,0.0,0.0,0.0,HBL.KA,
2026-01-26 00:00:00+05:00,339.19715811070563,340.9561426437099,333.2557728043308,334.98541259765625,607347.0,0.0,0.0,0.0,HBL.KA,
2026-01-27 00:00:00+05:00,338.1711135523673,343.9757059764715,335.1906541651342,335.88446044921875,1151655.0,0.0,0.0,0.0,HBL.KA,
2026-01-28 00:00:00+05:00,337.1254688494738,339.9691349751948,333.2264359309979,337.1743469238281,1396461.0,0.0,0.0,0.0,HBL.KA,
2026-01-29 00:00:00+05:00,337.62385295254774,338.9919320652571,325.4088076214136,329.21014404296875,1433896.0,0.0,0.0,0.0,HBL.KA,
2026-01-30 00:00:00+05:00,333.6857355115744,339.57827239800815,329.9039621127737,336.0603332519531,1191446.0,0.0,0.0,0.0,HBL.KA,
2026-02-02 00:00:00+05:00,337.13526112227675,338.1124647777036,333.2948579137024,333.8127746582031,1483073.0,0.0,0.0,0.0,HBL.KA,
2026-02-03 00:00:00+05:00,333.82253563739454,338.5522277035761,333.82253563739454,335.33721923828125,1536249.0,0.0,0.0,0.0,HBL.KA,
2026-02-04 00:00:00+05:00,334.350241469353,339.56850567180504,334.350241469353,337.6922912597656,1744843.0,0.0,0.0,0.0,HBL.KA,
2026-02-06 00:00:00+05:00,338.11247132765703,338.11247132765703,326.9723554043607,333.0896301269531,866485.0,0.0,0.0,0.0,HBL.KA,
2026-02-09 00:00:00+05:00,334.2036538320509,335.0831311672311,324.43161717029506,328.574951171875,832963.0,0.0,0.0,0.0,HBL.KA,
2026-02-10 00:00:00+05:00,329.80622422105404,332.1906034574699,317.64980871142177,320.2687072753906,638191.0,0.0,0.0,0.0,HBL.KA,
2026-02-11 00:00:00+05:00,320.229660299689,325.27200508356657,318.37294943605934,319.4087829589844,795615.0,0.0,0.0,0.0,HBL.KA,
2026-02-12 00:00:00+05:00,322.4283606032012,322.4283606032012,314.180759300001,315.7638244628906,490125.0,0.0,0.0,0.0,HBL.KA,
2026-02-13 00:00:00+05:00,314.1905055200489,319.4869624028989,312.76379654704493,315.82244873046875,481417.0,0.0,0.0,0.0,HBL.KA,
2026-02-16 00:00:00+05:00,317.4837192093359,317.4934709672909,295.115512568064,303.51947021484375,1633619.0,0.0,0.0,0.0,HBL.KA,
2026-02-17 00:00:00+05:00,302.93314060776305,310.7409884630036,285.88092447382826,294.9298400878906,1718817.0,0.0,0.0,0.0,HBL.KA,
2026-02-18 00:00:00+05:00,295.11551527358915,324.4218444824219,295.11551527358915,324.4218444824219,5796408.0,0.0,0.0,0.0,HBL.KA,
2026-02-19 00:00:00+05:00,327.83229566784854,330.2948381632447,310.8093947331886,315.7638244628906,3806851.0,0.0,0.0,0.0,HBL.KA,
2026-02-20 00:00:00+05:00,317.6107255799542,322.86808608765483,307.819155558082,314.7670593261719,1627211.0,0.0,0.0,0.0,HBL.KA,
2026-02-23 00:00:00+05:00,314.76706914493974,321.9886187944733,298.03734659091447,306.226318359375,2071353.0,0.0,0.0,0.0,HBL.KA,
2026-02-24 00:00:00+05:00,303.9005547236927,308.78657299223346,293.1610961124446,295.34027099609375,3476309.0,0.0,0.0,0.0,HBL.KA,
2026-02-25 00:00:00+05:00,300.87126071246195,303.91034989692395,294.1480945027253,297.304443359375,1774471.0,0.0,0.0,0.0,HBL.KA,
2026-02-26 00:00:00+05:00,300.0015214871263,308.7865727850641,288.30439256721195,305.57159423828125,2245838.0,0.0,0.0,0.0,HBL.KA,
2026-02-27 00:00:00+05:00,303.9103513000238,312.70518461738783,300.00153649230646,303.4608459472656,1038828.0,0.0,0.0,0.0,HBL.KA,
2026-03-02 00:00:00+05:00,273.11865234375,288.27509126119963,273.11865234375,273.11865234375,2049981.0,0.0,0.0,0.0,HBL.KA,
2026-03-03 00:00:00+05:00,272.6398222517009,288.2750808754543,267.7929004284663,273.5486145019531,5673952.0,0.0,0.0,0.0,HBL.KA,
2026-03-04 00:00:00+05:00,272.6398282855613,273.6170319711726,261.3433560656455,263.4248046875,3330594.0,0.0,0.0,0.0,HBL.KA,
2026-03-05 00:00:00+05:00,262.8677911259136,278.49326849779123,261.9003690212802,275.1121520996094,1989509.0,0.0,0.0,0.0,HBL.KA,
2026-03-06 00:00:00+05:00,275.5714420960451,276.5486457914211,268.97531715225676,272.1610107421875,678643.0,0.0,0.0,0.0,HBL.KA,
2026-03-09 00:00:00+05:00,272.1610050077013,272.1610050077013,249.1869370704738,255.0110626220703,1394313.0,0.0,0.0,0.0,HBL.KA,
2026-03-10 00:00:00+05:00,266.77660156689365,280.5160827636719,266.77660156689365,280.5160827636719,1748110.0,0.0,0.0,0.0,HBL.KA,
2026-03-11 00:00:00+05:00,283.33042530729364,286.3206660550872,274.594222394128,276.87109375,1131163.0,0.0,0.0,0.0,HBL.KA,
2026-03-12 00:00:00+05:00,274.59421512367453,278.48349623746236,270.6951822526449,272.8938903808594,1348492.0,0.0,0.0,0.0,HBL.KA,
2026-03-13 00:00:00+05:00,272.89392043627953,274.5942453663615,268.7310230453716,272.24896240234375,627180.0,0.0,0.0,0.0,HBL.KA,
2026-03-16 00:00:00+05:00,272.1414543443348,272.1512359245365,256.5159764100209,259.1055603027344,870153.0,0.0,0.0,0.0,HBL.KA,
2026-03-17 00:00:00+05:00,257.981773388649,260.9036028700081,247.24229949971922,253.6820831298828,2062757.0,0.0,0.0,0.0,HBL.KA,
2026-03-18 00:00:00+05:00,253.87749594470975,262.3498646986077,252.61692470993853,257.20001220703125,1872002.0,0.0,0.0,0.0,HBL.KA,
2026-03-19 00:00:00+05:00,258.0,261.989990234375,255.0,258.1600036621094,1700207.0,6.0,0.0,0.0,HBL.KA,
2026-03-20 00:00:00+05:00,258.1600036621094,258.1600036621094,258.1600036621094,258.1600036621094,0.0,0.0,0.0,0.0,HBL.KA,
2026-03-23 00:00:00+05:00,258.1600036621094,258.1600036621094,258.1600036621094,258.1600036621094,0.0,0.0,0.0,0.0,HBL.KA,
2026-03-24 00:00:00+05:00,265.0,265.0,255.5,258.3599853515625,914917.0,0.0,0.0,0.0,HBL.KA,
2026-03-25 00:00:00+05:00,263.0,265.79998779296875,259.0,264.07000732421875,2634754.0,0.0,0.0,0.0,HBL.KA,
2026-03-26 00:00:00+05:00,261.1000061035156,263.489990234375,254.25999450683594,255.16000366210938,3711299.0,0.0,0.0,0.0,HBL.KA,
2026-03-27 00:00:00+05:00,256.0,257.489990234375,251.0,252.89999389648438,1380533.0,0.0,0.0,0.0,HBL.KA,
2021-03-29 00:00:00+05:00,75.58208272303679,75.89965449918401,74.41342091278021,74.86437225341797,882516.0,0.0,0.0,0.0,UBL.KA,
2021-03-30 00:00:00+05:00,75.51222250711182,75.58208869104173,73.7401712747969,73.98787689208984,744932.0,0.0,0.0,0.0,UBL.KA,
2021-03-31 00:00:00+05:00,74.31178828026498,76.14735257747566,74.31178828026498,75.5439682006836,1471450.0,0.0,0.0,0.0,UBL.KA,
2021-04-01 00:00:00+05:00,74.94694821337,76.2108826781213,74.66113551865745,75.60749816894531,1072973.0,0.0,0.0,0.0,UBL.KA,
2021-04-02 00:00:00+05:00,75.96316893673222,75.96316893673222,74.95964094723377,75.21369934082031,205134.0,0.0,0.0,0.0,UBL.KA,
2021-04-05 00:00:00+05:00,75.07397294642927,75.07397294642927,73.04151532778664,73.3908462524414,651263.0,0.0,0.0,0.0,UBL.KA,
2021-04-06 00:00:00+05:00,73.67665117869812,74.50233972503952,73.36543219863557,74.35625457763672,282103.0,0.0,0.0,0.0,UBL.KA,
2021-04-07 00:00:00+05:00,74.91518134141138,74.91518134141138,72.34285281789842,72.5842056274414,1479482.0,0.0,0.0,0.0,UBL.KA,
2021-04-08 00:00:00+05:00,73.20665468489489,75.83614887278715,72.72394417894637,74.44518280029297,572795.0,0.0,0.0,0.0,UBL.KA,
2021-04-09 00:00:00+05:00,74.311786499605,75.89329239393761,73.9942147624272,75.22639465332031,629621.0,0.0,0.0,0.0,UBL.KA,
2021-04-12 00:00:00+05:00,75.264510040308,75.50586284279885,73.81003074158207,74.35625457763672,819043.0,0.0,0.0,0.0,UBL.KA,
2021-04-13 00:00:00+05:00,74.8516623652124,76.21722189328587,73.8354337091207,75.92505645751953,1600982.0,0.0,0.0,0.0,UBL.KA,
2021-04-14 00:00:00+05:00,75.92505483929388,76.21722026883316,75.50585780185033,75.86788940429688,1438080.0,0.0,0.0,0.0,UBL.KA,
2021-04-15 00:00:00+05:00,76.21086413682062,76.78884702449236,75.74085932257513,76.19181060791016,2424845.0,0.0,0.0,0.0,UBL.KA,
2021-04-16 00:00:00+05:00,76.52842387990134,77.16992004532116,75.75354818725233,76.00760650634766,493567.0,0.0,0.0,0.0,UBL.KA,
2021-04-19 00:00:00+05:00,74.94694443487536,76.46493724381915,74.94694443487536,75.53762817382812,202487.0,0.0,0.0,0.0,UBL.KA,
2021-04-20 00:00:00+05:00,76.02669209064817,76.66183573332948,75.1883026761393,75.38520050048828,463937.0,0.0,0.0,0.0,UBL.KA,
2021-04-21 00:00:00+05:00,76.15371572354574,76.21722911198688,74.81991518323815,75.67100524902344,627753.0,0.0,0.0,0.0,UBL.KA,
2021-04-22 00:00:00+05:00,77.49386500203858,80.02808638061163,77.49386500203858,78.78955841064453,4360280.0,0.0,0.0,0.0,UBL.KA,
2021-04-23 00:00:00+05:00,79.39294254547994,79.39294254547994,78.53549973514089,78.79590606689453,1351262.0,0.0,0.0,0.0,UBL.KA,
2021-04-26 00:00:00+05:00,78.59901019578781,82.25108541700624,78.4402243166044,80.47903442382812,3534963.0,0.0,0.0,0.0,UBL.KA,
2021-04-27 00:00:00+05:00,80.02808243619407,81.61594121468998,80.02808243619407,81.06971740722656,1841276.0,0.0,0.0,0.0,UBL.KA,
2021-04-28 00:00:00+05:00,81.29837740319616,82.5686645501211,80.48539440448594,80.64418029785156,4379202.0,0.0,0.0,0.0,UBL.KA,
2021-04-29 00:00:00+05:00,80.53620369568631,82.56866110772604,79.71051514630476,80.96810150146484,6573278.0,0.0,0.0,0.0,UBL.KA,
2021-04-30 00:00:00+05:00,80.72674588927642,81.93351962814545,78.75780181310105,80.16146850585938,5534376.0,0.0,0.0,0.0,UBL.KA,
2021-05-03 00:00:00+05:00,81.23486252232948,81.23486252232948,78.92294034506801,79.90106201171875,2441372.0,0.0,0.0,0.0,UBL.KA,
2021-05-04 00:00:00+05:00,80.97444443240929,80.97444443240929,80.04078270085454,80.6759262084961,736377.0,0.0,0.0,0.0,UBL.KA,
2021-05-05 00:00:00+05:00,81.17927524713393,81.17927524713393,79.38532532690138,80.46943664550781,1015570.0,2.0,0.0,0.0,UBL.KA,
2021-05-06 00:00:00+05:00,79.53375237487563,80.66303486295703,79.0497741656979,79.32080078125,2009959.0,0.0,0.0,0.0,UBL.KA,
2021-05-07 00:00:00+05:00,79.32080078125,79.32080078125,79.32080078125,79.32080078125,0.0,0.0,0.0,0.0,UBL.KA,
2021-05-10 00:00:00+05:00,79.32080078125,79.32080078125,79.32080078125,79.32080078125,0.0,0.0,0.0,0.0,UBL.KA,
2021-05-11 00:00:00+05:00,79.32080078125,79.32080078125,79.32080078125,79.32080078125,0.0,0.0,0.0,0.0,UBL.KA,
2021-05-12 00:00:00+05:00,79.32080078125,79.32080078125,79.32080078125,79.32080078125,0.0,0.0,0.0,0.0,UBL.KA,
2021-05-13 00:00:00+05:00,79.32080078125,79.32080078125,79.32080078125,79.32080078125,0.0,0.0,0.0,0.0,UBL.KA,
2021-05-14 00:00:00+05:00,79.32080078125,79.32080078125,79.32080078125,79.32080078125,0.0,0.0,0.0,0.0,UBL.KA,
2021-05-17 00:00:00+05:00,79.40469089276634,80.66303222618247,78.88844551720646,79.13365936279297,1240537.0,0.0,0.0,0.0,UBL.KA,
2021-05-18 00:00:00+05:00,79.69507583242948,79.69507583242948,78.56579338136267,78.72711944580078,916177.0,0.0,0.0,0.0,UBL.KA,
2021-05-19 00:00:00+05:00,79.21109264187227,79.3724186961327,78.24959073699861,79.05622100830078,5776261.0,0.0,0.0,0.0,UBL.KA,
2021-05-20 00:00:00+05:00,79.30789687471666,79.30789687471666,77.55266844809046,78.50772094726562,582934.0,0.0,0.0,0.0,UBL.KA,
2021-05-21 00:00:00+05:00,78.72066263141343,80.30166096880941,78.72066263141343,79.91447448730469,4305757.0,0.0,0.0,0.0,UBL.KA,
2021-05-24 00:00:00+05:00,80.0112737296692,80.66303241006112,79.85640208596051,80.30811309814453,2260906.0,0.0,0.0,0.0,UBL.KA,
2021-05-25 00:00:00+05:00,80.3339237604409,83.3152311328058,80.0177260601733,82.07624816894531,10083686.0,0.0,0.0,0.0,UBL.KA,
2021-05-26 00:00:00+05:00,82.59895068524497,83.56690713858768,82.27629853413073,82.96031951904297,481570.0,0.0,0.0,0.0,UBL.KA,
2021-05-27 00:00:00+05:00,83.76049545283406,85.18016286459837,82.5989458080954,83.16681671142578,2730693.0,0.0,0.0,0.0,UBL.KA,
2021-05-28 00:00:00+05:00,83.56690725650942,83.95409377701776,81.95364649866175,83.38622283935547,5073323.0,0.0,0.0,0.0,UBL.KA,
2021-05-31 00:00:00+05:00,83.87663273379343,85.7609197167948,82.92803482211478,83.41847229003906,2985465.0,0.0,0.0,0.0,UBL.KA,
2021-06-01 00:00:00+05:00,83.79275739096389,84.72844654607132,83.37330373759777,83.4636459350586,1347909.0,0.0,0.0,0.0,UBL.KA,
2021-06-02 00:00:00+05:00,84.21220115994602,84.21220115994602,83.24424482477423,83.59270477294922,951182.0,0.0,0.0,0.0,UBL.KA,
2021-06-03 00:00:00+05:00,83.81213620253412,83.88956957739757,82.92161300535068,83.35396575927734,766478.0,0.0,0.0,0.0,UBL.KA,
2021-06-04 00:00:00+05:00,83.83792141733254,84.53485114269164,83.2442427282994,84.2767333984375,693619.0,0.0,0.0,0.0,UBL.KA,
2021-06-07 00:00:00+05:00,83.89600657619788,85.18016564854045,83.89600657619788,84.52841186523438,626676.0,0.0,0.0,0.0,UBL.KA,
2021-06-08 00:00:00+05:00,84.53484834823719,84.53484834823719,83.88954416237279,84.19928741455078,401895.0,0.0,0.0,0.0,UBL.KA,
2021-06-09 00:00:00+05:00,84.85750542150666,84.85750542150666,83.24424486216243,83.4636459350586,940393.0,0.0,0.0,0.0,UBL.KA,
2021-06-10 00:00:00+05:00,83.24424784060119,85.56088772353311,82.92804521489417,84.85105895996094,3301804.0,0.0,0.0,0.0,UBL.KA,
2021-06-11 00:00:00+05:00,84.54131315715168,85.49637061473109,84.54131315715168,84.81233978271484,296337.0,0.0,0.0,0.0,UBL.KA,
2021-06-14 00:00:00+05:00,84.54777510872435,85.82547491050488,84.53486626523413,85.34794616699219,926573.0,0.0,0.0,0.0,UBL.KA,
2021-06-15 00:00:00+05:00,84.9930291355421,85.74157460008283,84.53485877458205,84.74781036376953,406030.0,0.0,0.0,0.0,UBL.KA,
2021-06-16 00:00:00+05:00,84.61229196726092,84.86396023642531,82.59894581394572,83.97989654541016,518174.0,0.0,0.0,0.0,UBL.KA,
2021-06-17 00:00:00+05:00,83.88954925638846,83.88954925638846,83.02484395799726,83.21843719482422,374182.0,0.0,0.0,0.0,UBL.KA,
2021-06-18 00:00:00+05:00,82.66992436464393,83.88309945422951,82.4118016909057,82.57312774658203,803360.0,0.0,0.0,0.0,UBL.KA,
2021-06-21 00:00:00+05:00,82.59894816849037,83.56690459233987,81.95364388592404,82.23757934570312,2430333.0,0.0,0.0,0.0,UBL.KA,
2021-06-22 00:00:00+05:00,82.14723205154502,83.2377977969789,81.82457993024795,82.61830139160156,186502.0,0.0,0.0,0.0,UBL.KA,
2021-06-23 00:00:00+05:00,83.68949588318458,83.68949588318458,81.88909673337656,82.3279037475586,443203.0,0.0,0.0,0.0,UBL.KA,
2021-06-24 00:00:00+05:00,82.59896346854033,83.88312277347825,81.79233296591786,83.48948669433594,494974.0,0.0,0.0,0.0,UBL.KA,
2021-06-25 00:00:00+05:00,83.81856223012733,83.81856223012733,81.3083292834145,81.489013671875,831364.0,0.0,0.0,0.0,UBL.KA,
2021-06-28 00:00:00+05:00,82.46988874384151,82.46988874384151,78.72066753873337,79.10784912109375,658487.0,0.0,0.0,0.0,UBL.KA,
2021-06-29 00:00:00+05:00,80.01127868484721,81.24381225957976,78.53998567029399,78.7464828491211,1449520.0,0.0,0.0,0.0,UBL.KA,
2021-06-30 00:00:00+05:00,79.37242365891537,79.75315080760042,77.507494748922,78.8561782836914,3072941.0,0.0,0.0,0.0,UBL.KA,
2021-07-01 00:00:00+05:00,79.04977409921611,80.01773051675754,79.04977409921611,79.10784912109375,576356.0,0.0,0.0,0.0,UBL.KA,
2021-07-02 00:00:00+05:00,79.34016170973295,79.88221988179845,79.11430618940612,79.37242889404297,549666.0,0.0,0.0,0.0,UBL.KA,
2021-07-05 00:00:00+05:00,79.37241627570465,80.01772047306811,78.74647041653725,79.83058166503906,3404807.0,0.0,0.0,0.0,UBL.KA,
2021-07-06 00:00:00+05:00,80.27583809002343,80.27583809002343,79.54664124194524,79.81767272949219,630792.0,0.0,0.0,0.0,UBL.KA,
2021-07-07 00:00:00+05:00,80.01128390487746,80.12098938460002,79.37243398546447,79.53376007080078,1133329.0,0.0,0.0,0.0,UBL.KA,
2021-07-08 00:00:00+05:00,79.97255463472219,80.98568209426907,79.436950934105,80.34683227539062,1429383.0,0.0,0.0,0.0,UBL.KA,
2021-07-09 00:00:00+05:00,80.19195815882159,81.23089841044019,80.03708651506601,80.37909698486328,1231132.0,0.0,0.0,0.0,UBL.KA,
2021-07-12 00:00:00+05:00,80.51460255390897,80.69529186476012,79.69506838934687,79.96609497070312,266199.0,0.0,0.0,0.0,UBL.KA,
2021-07-13 00:00:00+05:00,80.27584318296496,80.63075753775135,79.53374237091296,80.03707885742188,331593.0,0.0,0.0,0.0,UBL.KA,
2021-07-14 00:00:00+05:00,80.48880251795948,80.9469679517767,79.37242398188937,80.18550872802734,1750218.0,0.0,0.0,0.0,UBL.KA,
2021-07-15 00:00:00+05:00,80.6307551935335,81.26315545517164,80.02417261312813,80.75336456298828,756088.0,0.0,0.0,0.0,UBL.KA,
2021-07-16 00:00:00+05:00,81.11474874576257,82.59249618729235,80.695304888327,81.7213363647461,1588242.0,0.0,0.0,0.0,UBL.KA,
2021-07-19 00:00:00+05:00,81.9536437960955,82.30856312043035,80.99214179464424,82.08915710449219,264794.0,0.0,0.0,0.0,UBL.KA,
2021-07-20 00:00:00+05:00,82.08915710449219,82.08915710449219,82.08915710449219,82.08915710449219,0.0,0.0,0.0,0.0,UBL.KA,
2021-07-21 00:00:00+05:00,82.08915710449219,82.08915710449219,82.08915710449219,82.08915710449219,0.0,0.0,0.0,0.0,UBL.KA,
2021-07-22 00:00:00+05:00,82.08915710449219,82.08915710449219,82.08915710449219,82.08915710449219,0.0,0.0,0.0,0.0,UBL.KA,
2021-07-23 00:00:00+05:00,82.08915710449219,82.08915710449219,82.08915710449219,82.08915710449219,0.0,0.0,0.0,0.0,UBL.KA,
2021-07-26 00:00:00+05:00,82.52151744619024,82.52151744619024,80.34039054357333,80.7791976928711,805954.0,0.0,0.0,0.0,UBL.KA,
2021-07-27 00:00:00+05:00,80.66303024188156,82.59894296768671,80.12097704183083,82.26983642578125,912859.0,0.0,0.0,0.0,UBL.KA,
2021-07-28 00:00:00+05:00,82.27630364521183,82.46344249527706,81.65035764544088,81.9601058959961,542118.0,0.0,0.0,0.0,UBL.KA,
2021-07-29 00:00:00+05:00,82.26337402361465,82.26337402361465,80.95340248242366,81.4309310913086,360901.0,0.0,0.0,0.0,UBL.KA,
2021-07-30 00:00:00+05:00,81.92136607350427,81.92136607350427,80.3403727556569,80.65657043457031,1071862.0,0.0,0.0,0.0,UBL.KA,
2021-08-02 00:00:00+05:00,80.89534253199461,81.30833686506583,80.0177283433981,80.87598419189453,443239.0,0.0,0.0,0.0,UBL.KA,
2021-08-03 00:00:00+05:00,81.20507817619188,81.46965526140347,80.35973124952326,80.81144714355469,533014.0,0.0,0.0,0.0,UBL.KA,
2021-08-04 00:00:00+05:00,81.21153268290536,81.88910406303147,80.66302509690249,81.62452697753906,572045.0,0.0,0.0,0.0,UBL.KA,
2021-08-05 00:00:00+05:00,81.63098654117049,81.95363866188659,81.31478884138731,81.85684204101562,1855411.0,0.0,0.0,0.0,UBL.KA,
2021-08-06 00:00:00+05:00,81.94073987670195,82.59249365661728,81.82458490903609,82.08915710449219,1405224.0,0.0,0.0,0.0,UBL.KA,
2021-08-09 00:00:00+05:00,82.85705567228199,84.20574893905437,80.7275547577456,82.25692749023438,2628408.0,0.0,0.0,0.0,UBL.KA,
2021-08-10 00:00:00+05:00,82.53443148134551,83.21199812879574,82.03109485087343,82.39891815185547,710941.0,0.0,0.0,0.0,UBL.KA,
2021-08-11 00:00:00+05:00,83.01192980918371,84.21219598489988,82.40534230096925,83.03128814697266,693745.0,0.0,0.0,0.0,UBL.KA,
2021-08-12 00:00:00+05:00,83.56688422251803,83.63141857366888,82.72798689035459,83.373291015625,405784.0,0.0,0.0,0.0,UBL.KA,
2021-08-13 00:00:00+05:00,83.24423978037522,83.81211061349727,82.9861220452618,83.5733413696289,229252.0,0.0,0.0,0.0,UBL.KA,
2021-08-16 00:00:00+05:00,83.53463237687346,83.76049280079089,82.92159531467644,83.24424743652344,1042841.0,0.0,0.0,0.0,UBL.KA,
2021-08-17 00:00:00+05:00,83.24425256409819,83.8895568475408,82.928049920449,83.4765625,497083.0,0.0,0.0,0.0,UBL.KA,
2021-08-18 00:00:00+05:00,83.4765625,83.4765625,83.4765625,83.4765625,0.0,0.0,0.0,0.0,UBL.KA,
2021-08-19 00:00:00+05:00,83.4765625,83.4765625,83.4765625,83.4765625,0.0,0.0,0.0,0.0,UBL.KA,
2021-08-20 00:00:00+05:00,83.56690727604604,83.56690727604604,83.24425512440108,83.45720672607422,384815.0,0.0,0.0,0.0,UBL.KA,
2021-08-23 00:00:00+05:00,83.457201571963,83.88955424687875,83.40557604930059,83.69596099853516,1389752.0,0.0,0.0,0.0,UBL.KA,
2021-08-24 00:00:00+05:00,83.88310470106212,83.88955419893063,83.25069943373043,83.55399322509766,1195814.0,0.0,0.0,0.0,UBL.KA,
2021-08-25 00:00:00+05:00,83.5669122057189,83.5669122057189,83.17972566227964,83.2507095336914,953606.0,0.0,0.0,0.0,UBL.KA,
2021-08-26 00:00:00+05:00,82.26094982033966,82.26094982033966,81.04833920960357,81.4612808227539,985594.0,2.0,0.0,0.0,UBL.KA,
2021-08-27 00:00:00+05:00,81.86767059920928,81.86767059920928,80.36009742132208,80.66816711425781,557378.0,0.0,0.0,0.0,UBL.KA,
2021-08-30 00:00:00+05:00,80.66816237781016,80.75337111733559,79.80294786586751,80.09135437011719,541611.0,0.0,0.0,0.0,UBL.KA,
2021-08-31 00:00:00+05:00,80.45840437456472,80.45840437456472,78.65587393032804,79.26545715332031,1000063.0,0.0,0.0,0.0,UBL.KA,
2021-09-01 00:00:00+05:00,79.31134119898199,80.07168372987147,79.18025007335562,79.65873718261719,400860.0,0.0,0.0,0.0,UBL.KA,
2021-09-02 00:00:00+05:00,79.96682852856745,79.96682852856745,76.03403368290019,77.32530212402344,1204570.0,0.0,0.0,0.0,UBL.KA,
2021-09-03 00:00:00+05:00,77.6726920725177,78.11840898655261,76.6305039210459,77.11554718017578,1318202.0,0.0,0.0,0.0,UBL.KA,
2021-09-06 00:00:00+05:00,77.33185287578837,77.4105055667879,75.71285164195592,76.11268615722656,2785525.0,0.0,0.0,0.0,UBL.KA,
2021-09-07 00:00:00+05:00,76.52562170851172,76.52562170851172,75.24746557323178,75.75872802734375,2567351.0,0.0,0.0,0.0,UBL.KA,
2021-09-08 00:00:00+05:00,76.03402161539434,76.67638020525854,74.71653415097074,74.96561431884766,2674566.0,0.0,0.0,0.0,UBL.KA,
2021-09-09 00:00:00+05:00,75.3785635528492,76.25688528429507,74.10040730162368,76.01436614990234,6051665.0,0.0,0.0,0.0,UBL.KA,
2021-09-10 00:00:00+05:00,76.6567019895062,76.6567019895062,74.91972210325007,76.02090454101562,1371543.0,0.0,0.0,0.0,UBL.KA,
2021-09-13 00:00:00+05:00,76.62394465913084,80.7533757480524,76.02091738912554,79.76362609863281,6691583.0,0.0,0.0,0.0,UBL.KA,
2021-09-14 00:00:00+05:00,79.76362318822856,81.10732488209376,78.32815169498294,79.1474838256836,960755.0,0.0,0.0,0.0,UBL.KA,
2021-09-15 00:00:00+05:00,79.63251295236456,81.27117692373237,78.65587062565491,80.84512329101562,823718.0,0.0,0.0,0.0,UBL.KA,
2021-09-16 00:00:00+05:00,81.21219863411729,81.93320988090802,79.68496240174365,81.04833221435547,519126.0,0.0,0.0,0.0,UBL.KA,
2021-09-17 00:00:00+05:00,79.84227978222762,81.99876265593396,78.65588839913218,80.12413024902344,1250351.0,0.0,0.0,0.0,UBL.KA,
2021-09-20 00:00:00+05:00,79.65219530160623,81.93321829941698,79.51454809496002,81.2384262084961,243827.0,0.0,0.0,0.0,UBL.KA,
2021-09-21 00:00:00+05:00,81.60548886147488,82.59524358042235,79.01640105454607,80.54363250732422,1590233.0,0.0,0.0,0.0,UBL.KA,
2021-09-22 00:00:00+05:00,80.62228926402754,80.62228926402754,77.47605158510856,79.43589782714844,1245741.0,0.0,0.0,0.0,UBL.KA,
2021-09-23 00:00:00+05:00,79.96680764507069,79.96680764507069,78.65587637220068,79.11470031738281,187765.0,0.0,0.0,0.0,UBL.KA,
2021-09-24 00:00:00+05:00,79.24580842930318,79.31135400269778,78.19706425256933,78.91807556152344,290086.0,0.0,0.0,0.0,UBL.KA,
2021-09-27 00:00:00+05:00,79.31134187691195,79.31134187691195,77.34494497087282,77.9217529296875,785387.0,0.0,0.0,0.0,UBL.KA,
2021-09-28 00:00:00+05:00,77.9217529296875,77.9217529296875,77.9217529296875,77.9217529296875,0.0,0.0,0.0,0.0,UBL.KA,
2021-09-29 00:00:00+05:00,78.62312013478743,78.62312013478743,76.36176514164526,76.7878189086914,1638167.0,0.0,0.0,0.0,UBL.KA,
2021-09-30 00:00:00+05:00,76.90580076925129,78.00042741598786,76.03403008617303,77.71202087402344,2127141.0,0.0,0.0,0.0,UBL.KA,
2021-10-01 00:00:00+05:00,77.34494847066998,78.29537168460575,76.72225808923706,77.2335205078125,506091.0,0.0,0.0,0.0,UBL.KA,
2021-10-04 00:00:00+05:00,75.47688565296144,77.96765261930867,75.47688565296144,77.58748626708984,756651.0,0.0,0.0,0.0,UBL.KA,
2021-10-05 00:00:00+05:00,77.6726828646828,79.10159824315394,77.01721718649982,78.66243743896484,1526479.0,0.0,0.0,0.0,UBL.KA,
2021-10-06 00:00:00+05:00,79.24581007080573,80.28799821154604,78.00042414728436,79.91438293457031,1925997.0,0.0,0.0,0.0,UBL.KA,
2021-10-07 00:00:00+05:00,80.26177803081424,81.67103037492777,78.82631145775572,80.90413665771484,2340805.0,0.0,0.0,0.0,UBL.KA,
2021-10-08 00:00:00+05:00,81.53339154348728,81.70381405397397,79.71119739544477,81.09423065185547,670597.0,0.0,0.0,0.0,UBL.KA,
2021-10-11 00:00:00+05:00,81.34330128043743,81.34330128043743,80.43220425769753,80.67472839355469,255409.0,0.0,0.0,0.0,UBL.KA,
2021-10-12 00:00:00+05:00,81.27119109358611,83.56532105348886,79.70462846388847,82.41170501708984,1539298.0,0.0,0.0,0.0,UBL.KA,
2021-10-13 00:00:00+05:00,82.41170351596483,83.89960843393052,79.31134859769995,80.09135437011719,1418439.0,0.0,0.0,0.0,UBL.KA,
2021-10-14 00:00:00+05:00,80.091361296381,84.22734856331765,80.03236677867977,83.79473876953125,1499969.0,0.0,0.0,0.0,UBL.KA,
2021-10-15 00:00:00+05:00,83.27693093808018,86.52148461065697,82.7591123619044,84.88282012939453,2167101.0,0.0,0.0,0.0,UBL.KA,
2021-10-18 00:00:00+05:00,85.85290487660112,87.10484691405652,83.70297792302179,85.22366333007812,638094.0,0.0,0.0,0.0,UBL.KA,
2021-10-19 00:00:00+05:00,85.22366333007812,85.22366333007812,85.22366333007812,85.22366333007812,0.0,0.0,0.0,0.0,UBL.KA,
2021-10-20 00:00:00+05:00,84.5485235408909,88.48786876457004,83.96515947280379,87.4194564819336,2254113.0,0.0,0.0,0.0,UBL.KA,
2021-10-21 00:00:00+05:00,87.49157194104588,93.97412828501348,86.84921825927833,91.84386444091797,6530942.0,0.0,0.0,0.0,UBL.KA,
2021-10-22 00:00:00+05:00,90.88030985521516,93.73158947989894,90.78199400675527,93.239990234375,2330869.0,0.0,0.0,0.0,UBL.KA,
2021-10-25 00:00:00+05:00,93.239990234375,93.40385664954965,91.76519249780316,93.239990234375,464348.0,0.0,0.0,0.0,UBL.KA,
2021-10-26 00:00:00+05:00,91.43747030281924,92.7156264895252,90.78200456588146,91.03763580322266,1419992.0,0.0,0.0,0.0,UBL.KA,
2021-10-27 00:00:00+05:00,93.73158671638839,93.73158671638839,91.77174084810179,92.04703521728516,831425.0,0.0,0.0,0.0,UBL.KA,
2021-10-28 00:00:00+05:00,91.11628122488045,93.40386006494636,90.46081554021417,93.28588104248047,1420966.0,0.0,0.0,0.0,UBL.KA,
2021-10-29 00:00:00+05:00,92.97344088172554,94.39613017780707,91.07873324916645,93.09310150146484,1112881.0,2.0,0.0,0.0,UBL.KA,
2021-11-01 00:00:00+05:00,94.07037748870715,95.00110508110411,92.08259695559583,92.39505767822266,623264.0,0.0,0.0,0.0,UBL.KA,
2021-11-02 00:00:00+05:00,93.39225534279325,93.4055543474803,92.40834202348586,93.113037109375,4007890.0,0.0,0.0,0.0,UBL.KA,
2021-11-03 00:00:00+05:00,93.07314940986211,94.23656377748539,90.44715900891751,90.85933685302734,1912449.0,0.0,0.0,0.0,UBL.KA,
2021-11-04 00:00:00+05:00,90.74631911552125,91.64381424136396,90.40727058611101,90.93246459960938,476272.0,0.0,0.0,0.0,UBL.KA,
2021-11-05 00:00:00+05:00,91.51082752775453,93.00000126865794,90.0881386520624,92.60111236572266,953663.0,0.0,0.0,0.0,UBL.KA,
2021-11-08 00:00:00+05:00,92.40832745791775,93.0066507003383,90.91250920769966,91.90972137451172,432720.0,0.0,0.0,0.0,UBL.KA,
2021-11-09 00:00:00+05:00,92.56788213420441,92.56788213420441,89.6826073130809,90.09479522705078,4079560.0,0.0,0.0,0.0,UBL.KA,
2021-11-10 00:00:00+05:00,91.00561324438137,91.00561324438137,89.7557703192179,90.01504516601562,3771742.0,0.0,0.0,0.0,UBL.KA,
2021-11-11 00:00:00+05:00,91.01223948870548,91.01223948870548,89.23720279315822,89.68927764892578,437342.0,0.0,0.0,0.0,UBL.KA,
2021-11-12 00:00:00+05:00,89.68262323933119,91.0787245343869,88.7518958054062,88.9779281616211,1213978.0,0.0,0.0,0.0,UBL.KA,
2021-11-15 00:00:00+05:00,90.41390007547781,90.9989344397465,88.18678892036382,90.11473846435547,1894571.0,0.0,0.0,0.0,UBL.KA,
2021-11-16 00:00:00+05:00,89.4167059965982,91.24492860991154,89.4167059965982,91.11196899414062,1260174.0,0.0,0.0,0.0,UBL.KA,
2021-11-17 00:00:00+05:00,91.74352362118002,92.80722070633884,90.81279627979144,91.64380645751953,2906273.0,0.0,0.0,0.0,UBL.KA,
2021-11-18 00:00:00+05:00,92.20889985722482,92.7407484722795,91.07872789033901,92.26873016357422,1366743.0,0.0,0.0,0.0,UBL.KA,
2021-11-19 00:00:00+05:00,91.8831400915984,93.97063730447317,91.8831400915984,93.06649780273438,9707962.0,0.0,0.0,0.0,UBL.KA,
2021-11-22 00:00:00+05:00,94.73515832779503,96.3971786493353,92.74737837133276,93.76453399658203,4008696.0,0.0,0.0,0.0,UBL.KA,
2021-11-23 00:00:00+05:00,94.40276807623611,94.40276807623611,91.9496240996388,92.97343444824219,1588647.0,0.0,0.0,0.0,UBL.KA,
2021-11-24 00:00:00+05:00,93.73796331896081,94.947919204052,91.08537474760858,94.42935943603516,1967508.0,0.0,0.0,0.0,UBL.KA,
2021-11-25 00:00:00+05:00,94.43602364228148,94.43602364228148,92.14908140428815,92.78064727783203,1641771.0,0.0,0.0,0.0,UBL.KA,
2021-11-26 00:00:00+05:00,92.7407545061279,94.25651656394183,91.78342896557821,93.37897491455078,3706110.0,0.0,0.0,0.0,UBL.KA,
2021-11-29 00:00:00+05:00,93.07314035760783,96.26422148441641,91.8764836670337,95.53292846679688,2397487.0,0.0,0.0,0.0,UBL.KA,
2021-11-30 00:00:00+05:00,96.06478622571557,97.66032187006708,91.75017729627248,93.90415954589844,20844716.0,0.0,0.0,0.0,UBL.KA,
2021-12-01 00:00:00+05:00,94.74183248870357,96.26424926172703,94.03049284282126,95.65927124023438,1819137.0,0.0,0.0,0.0,UBL.KA,
2021-12-02 00:00:00+05:00,94.48919040843316,95.66589358994344,91.15185048543235,92.9667739868164,1382287.0,0.0,0.0,0.0,UBL.KA,
2021-12-03 00:00:00+05:00,93.67146134950251,96.39717873697339,91.74352183242985,95.59941101074219,1937176.0,0.0,0.0,0.0,UBL.KA,
2021-12-06 00:00:00+05:00,96.23097881494114,96.39718085089095,92.47481686014228,93.63157653808594,1958728.0,0.0,0.0,0.0,UBL.KA,
2021-12-07 00:00:00+05:00,94.40275874880987,94.40275874880987,92.57453630825194,93.04655456542969,311337.0,0.0,0.0,0.0,UBL.KA,
2021-12-08 00:00:00+05:00,94.23656190868296,94.60220844580422,92.47482424460055,94.34293365478516,1140999.0,0.0,0.0,0.0,UBL.KA,
2021-12-09 00:00:00+05:00,94.34292910107736,95.0343251290335,92.04268838744274,93.85096740722656,418338.0,0.0,0.0,0.0,UBL.KA,
2021-12-10 00:00:00+05:00,94.39612105788683,94.39612105788683,92.34185598664213,93.14627838134766,362793.0,0.0,0.0,0.0,UBL.KA,
2021-12-13 00:00:00+05:00,93.73794939218322,94.73516161975965,90.41390863359517,91.24491882324219,5825167.0,0.0,0.0,0.0,UBL.KA,
2021-12-14 00:00:00+05:00,91.74352200911531,92.07592607436573,90.45379261287695,91.37123107910156,1024767.0,0.0,0.0,0.0,UBL.KA,
2021-12-15 00:00:00+05:00,92.32190757427824,92.368449015506,90.7795578906269,91.4842529296875,1090914.0,0.0,0.0,0.0,UBL.KA,
2021-12-16 00:00:00+05:00,91.93632109280422,92.07593527759771,89.12418526007208,89.74246215820312,1440490.0,0.0,0.0,0.0,UBL.KA,
2021-12-17 00:00:00+05:00,90.87928047650499,90.87928047650499,89.09094476463514,89.62944793701172,764216.0,0.0,0.0,0.0,UBL.KA,
2021-12-20 00:00:00+05:00,90.40727507975548,90.61336400851316,88.91810098886373,89.17737579345703,392961.0,0.0,0.0,0.0,UBL.KA,
2021-12-21 00:00:00+05:00,90.08152171688774,90.08152171688774,89.08430929935761,89.2305679321289,120692.0,0.0,0.0,0.0,UBL.KA,
2021-12-22 00:00:00+05:00,90.01502555752131,90.01502555752131,88.41948994697248,88.63887786865234,573905.0,0.0,0.0,0.0,UBL.KA,
2021-12-23 00:00:00+05:00,88.58568658141358,89.64938368621196,88.58568658141358,89.37015533447266,362658.0,0.0,0.0,0.0,UBL.KA,
2021-12-24 00:00:00+05:00,89.4831965138287,90.04827745249618,88.8848629889131,89.7557601928711,120984.0,0.0,0.0,0.0,UBL.KA,
2021-12-27 00:00:00+05:00,90.31420904903844,90.31420904903844,89.08430967128211,89.277099609375,932292.0,0.0,0.0,0.0,UBL.KA,
2021-12-28 00:00:00+05:00,89.7491001227126,89.88205972369056,89.41669604818404,89.70921325683594,68151.0,0.0,0.0,0.0,UBL.KA,
2021-12-29 00:00:00+05:00,89.84881596488911,89.84881596488911,88.08707845348624,88.7053451538086,322747.0,0.0,0.0,0.0,UBL.KA,
2021-12-30 00:00:00+05:00,88.43943169096337,91.07872098655989,88.43943169096337,89.94189453125,769544.0,0.0,0.0,0.0,UBL.KA,
2021-12-31 00:00:00+05:00,90.8460537077629,91.41114484263997,89.1042591394412,90.79952239990234,823280.0,0.0,0.0,0.0,UBL.KA,
2022-01-03 00:00:00+05:00,91.04548097793867,91.74353161690088,90.0881555466954,91.34464263916016,342216.0,0.0,0.0,0.0,UBL.KA,
2022-01-04 00:00:00+05:00,91.7235862074278,91.7235862074278,90.71972949875854,91.0255355834961,430685.0,0.0,0.0,0.0,UBL.KA,
2022-01-05 00:00:00+05:00,91.40446975827341,91.41111418740525,90.61334649242121,91.23161315917969,301979.0,0.0,0.0,0.0,UBL.KA,
2022-01-06 00:00:00+05:00,91.63717316998836,92.07594908035102,91.07873663543747,91.80337524414062,533097.0,0.0,0.0,0.0,UBL.KA,
2022-01-07 00:00:00+05:00,92.2753831838217,93.67147436263387,91.6770496979007,93.46538543701172,865771.0,0.0,0.0,0.0,UBL.KA,
2022-01-10 00:00:00+05:00,93.73132549688911,95.00110163528056,93.07316163060024,94.44266510009766,629891.0,0.0,0.0,0.0,UBL.KA,
2022-01-11 00:00:00+05:00,95.39334010141049,95.39334010141049,93.33907488519365,95.0609359741211,846620.0,0.0,0.0,0.0,UBL.KA,
2022-01-12 00:00:00+05:00,95.66589570153084,95.73238057904463,94.80165315886003,95.10081481933594,467159.0,0.0,0.0,0.0,UBL.KA,
2022-01-13 00:00:00+05:00,95.00109081515211,95.39997980580543,94.07036336251893,94.58891296386719,269803.0,0.0,0.0,0.0,UBL.KA,
2022-01-14 00:00:00+05:00,94.96785951347071,95.20053630698033,94.41606746643079,94.48919677734375,1547436.0,0.0,0.0,0.0,UBL.KA,
2022-01-17 00:00:00+05:00,94.46925468774452,95.0343356036048,94.33628492479512,94.52243041992188,327738.0,0.0,0.0,0.0,UBL.KA,
2022-01-18 00:00:00+05:00,95.38667446163771,95.38667446163771,93.73795302190312,94.10359954833984,1802469.0,0.0,0.0,0.0,UBL.KA,
2022-01-19 00:00:00+05:00,94.40277420455295,94.40277420455295,92.90695559919912,93.13298797607422,911793.0,0.0,0.0,0.0,UBL.KA,
2022-01-20 00:00:00+05:00,93.57175522848488,94.7351695918941,92.77398740812362,93.14627838134766,376981.0,0.0,0.0,0.0,UBL.KA,
2022-01-21 00:00:00+05:00,93.33907085203448,94.73517218399229,92.41498782386614,93.75125885009766,127590.0,0.0,0.0,0.0,UBL.KA,
2022-01-24 00:00:00+05:00,94.03047687317061,94.07036374356383,92.9734342310766,93.07979583740234,665691.0,0.0,0.0,0.0,UBL.KA,
2022-01-25 00:00:00+05:00,93.57176365357299,94.00388496979394,93.09310088942436,93.4986343383789,121962.0,0.0,0.0,0.0,UBL.KA,
2022-01-26 00:00:00+05:00,93.70472447753696,93.70472447753696,92.94019901777062,93.37897491455078,138173.0,0.0,0.0,0.0,UBL.KA,
2022-01-27 00:00:00+05:00,93.70470877194992,94.03711285425139,93.08644204806963,93.4188461303711,289718.0,0.0,0.0,0.0,UBL.KA,
2022-01-28 00:00:00+05:00,93.73794212008498,93.73794212008498,92.90028756580546,93.1263198852539,554581.0,0.0,0.0,0.0,UBL.KA,
2022-01-31 00:00:00+05:00,93.70471187323551,94.05705940060308,92.74738646145649,92.92688751220703,568851.0,0.0,0.0,0.0,UBL.KA,
2022-02-01 00:00:00+05:00,92.74075623733572,93.73796866999524,92.74075623733572,93.37232208251953,184019.0,0.0,0.0,0.0,UBL.KA,
2022-02-02 00:00:00+05:00,93.53850244631653,94.72851468718171,93.07313878124373,93.68476104736328,910491.0,0.0,0.0,0.0,UBL.KA,
2022-02-03 00:00:00+05:00,94.70858114437847,94.76841144809966,93.50526977481093,93.55181121826172,264918.0,0.0,0.0,0.0,UBL.KA,
2022-02-04 00:00:00+05:00,94.00388299456536,94.00388299456536,93.14628481091779,93.61164855957031,103938.0,0.0,0.0,0.0,UBL.KA,
2022-02-07 00:00:00+05:00,94.0371122318648,94.0371122318648,92.7739807851463,93.04655456542969,221399.0,0.0,0.0,0.0,UBL.KA,
2022-02-08 00:00:00+05:00,92.74073713221313,93.77119179584896,92.74073713221313,92.82051086425781,365027.0,0.0,0.0,0.0,UBL.KA,
2022-02-09 00:00:00+05:00,92.84045322389808,94.4027564194932,92.84045322389808,93.63157653808594,149870.0,0.0,0.0,0.0,UBL.KA,
2022-02-10 00:00:00+05:00,93.14629919047724,94.20334204220627,93.14629919047724,93.69143676757812,457438.0,0.0,0.0,0.0,UBL.KA,
2022-02-11 00:00:00+05:00,93.37233300704348,95.72576030420485,93.37233300704348,95.41329956054688,1305115.0,0.0,0.0,0.0,UBL.KA,
2022-02-14 00:00:00+05:00,95.73239041456033,95.73239041456033,94.74182244517546,95.05428314208984,235106.0,0.0,0.0,0.0,UBL.KA,
2022-02-15 00:00:00+05:00,95.05427337624268,95.39997647981184,94.40276418211346,95.10081481933594,360503.0,0.0,0.0,0.0,UBL.KA,
2022-02-16 00:00:00+05:00,94.93460398408489,95.6991292839008,94.93460398408489,95.22046661376953,135924.0,0.0,0.0,0.0,UBL.KA,
2022-02-17 00:00:00+05:00,93.84431904526745,95.71907271647568,93.84431904526745,95.22046661376953,538022.0,0.0,0.0,0.0,UBL.KA,
2022-02-18 00:00:00+05:00,95.56618130101204,96.98222605094526,95.0675751377024,96.46367645263672,601918.0,0.0,0.0,0.0,UBL.KA,
2022-02-21 00:00:00+05:00,95.43322614867512,96.33071119809709,95.30691095833002,95.57283020019531,92045.0,0.0,0.0,0.0,UBL.KA,
2022-02-22 00:00:00+05:00,96.3971790401049,96.92902757398717,94.73515871182724,96.35729217529297,984313.0,0.0,0.0,0.0,UBL.KA,
2022-02-23 00:00:00+05:00,96.39053958466346,100.31954813389072,95.39332733623844,99.59490966796875,5367261.0,0.0,0.0,0.0,UBL.KA,
2022-02-24 00:00:00+05:00,97.12848526676507,99.70128983910624,97.06200038691487,98.73731994628906,2188665.0,0.0,0.0,0.0,UBL.KA,
2022-02-25 00:00:00+05:00,99.3888171733308,99.71457681462853,97.82651398283899,99.00322723388672,346362.0,0.0,0.0,0.0,UBL.KA,
2022-02-28 00:00:00+05:00,100.1666585133346,100.1666585133346,97.79329831914225,98.58441162109375,238610.0,0.0,0.0,0.0,UBL.KA,
2022-03-01 00:00:00+05:00,98.98993135566262,99.85418399589524,98.39160806697639,98.77055358886719,640665.0,0.0,0.0,0.0,UBL.KA,
2022-03-02 00:00:00+05:00,99.05643200225816,99.05643200225816,96.65647374730916,97.6071548461914,633200.0,0.0,0.0,0.0,UBL.KA,
2022-03-03 00:00:00+05:00,97.60714779260879,99.08966728379863,97.39440429287062,98.41156005859375,437945.0,0.0,0.0,0.0,UBL.KA,
2022-03-04 00:00:00+05:00,97.74010004907085,99.22261942864276,97.74010004907085,98.82373046875,527273.0,0.0,0.0,0.0,UBL.KA,
2022-03-07 00:00:00+05:00,98.05922306773267,98.9234758761466,95.0542867475947,96.31742858886719,807788.0,0.0,0.0,0.0,UBL.KA,
2022-03-08 00:00:00+05:00,95.73238745281293,98.05257188395201,95.2005388270191,95.87200164794922,617410.0,0.0,0.0,0.0,UBL.KA,
2022-03-09 00:00:00+05:00,95.40663433081299,97.72681892174036,95.40663433081299,96.31742858886719,396170.0,0.0,0.0,0.0,UBL.KA,
2022-03-10 00:00:00+05:00,96.88915369724509,99.0564248439435,95.99830297230204,98.41156005859375,913077.0,0.0,0.0,0.0,UBL.KA,
2022-03-11 00:00:00+05:00,99.04980038006101,99.05644481170407,96.43045384049633,98.97001647949219,270839.0,0.0,0.0,0.0,UBL.KA,
2022-03-14 00:00:00+05:00,99.65475137975893,99.65475137975893,97.06200329462482,97.48748016357422,791356.0,0.0,0.0,0.0,UBL.KA,
2022-03-15 00:00:00+05:00,97.48746817286352,98.39160767619525,96.72294284656007,96.9755630493164,2075466.0,0.0,0.0,0.0,UBL.KA,
2022-03-16 00:00:00+05:00,97.62708635065206,99.02317745730944,97.06863976382122,97.87306213378906,1813245.0,0.0,0.0,0.0,UBL.KA,
2022-03-17 00:00:00+05:00,97.87305865547826,99.05641637513779,97.72680004795473,98.49132537841797,1261696.0,0.0,0.0,0.0,UBL.KA,
2022-03-18 00:00:00+05:00,97.02568493637851,97.02568493637851,94.48790900309898,95.18681335449219,2674075.0,3.0,0.0,0.0,UBL.KA,
2022-03-21 00:00:00+05:00,95.3360806847708,95.3360806847708,94.31825775931063,94.44039154052734,1838216.0,0.0,0.0,0.0,UBL.KA,
2022-03-22 00:00:00+05:00,94.98324186105008,94.99681573379908,94.05363347745248,94.31148529052734,4242170.0,0.0,0.0,0.0,UBL.KA,
2022-03-23 00:00:00+05:00,94.31148529052734,94.31148529052734,94.31148529052734,94.31148529052734,0.0,0.0,0.0,0.0,UBL.KA,
2022-03-24 00:00:00+05:00,94.5218202789526,94.5218202789526,93.09686410413146,93.52435302734375,5341546.0,0.0,0.0,0.0,UBL.KA,
2022-03-25 00:00:00+05:00,93.63972396203792,93.63972396203792,92.62190087549403,92.90010833740234,782991.0,0.0,0.0,0.0,UBL.KA,
2022-03-28 00:00:00+05:00,93.26650808869498,93.97898622834019,92.28261463577088,93.517578125,2690686.0,0.0,0.0,0.0,UBL.KA,
2022-03-29 00:00:00+05:00,93.63971146372967,94.6507526554634,92.82545517394159,93.5854263305664,738537.0,0.0,0.0,0.0,UBL.KA,
2022-03-30 00:00:00+05:00,93.87720551887965,93.9722019113244,92.68974543640508,92.90687561035156,2722792.0,0.0,0.0,0.0,UBL.KA,
2022-03-31 00:00:00+05:00,92.62867900022853,93.30044593836406,92.24869338611076,92.54725646972656,2923383.0,0.0,0.0,0.0,UBL.KA,
2022-04-01 00:00:00+05:00,92.79152312392829,96.45568150429173,92.62188597013682,95.43785858154297,3714139.0,0.0,0.0,0.0,UBL.KA,
2022-04-04 00:00:00+05:00,92.6286786405392,94.99003555424117,92.6286786405392,93.78900146484375,593447.0,0.0,0.0,0.0,UBL.KA,
2022-04-05 00:00:00+05:00,92.96795975501868,94.175775691902,92.31655875845553,93.3411636352539,383815.0,0.0,0.0,0.0,UBL.KA,
2022-04-06 00:00:00+05:00,94.31826047584168,94.33183434764456,93.00187446438612,93.32079315185547,686761.0,0.0,0.0,0.0,UBL.KA,
2022-04-07 00:00:00+05:00,93.29366329994293,93.29366329994293,89.77199393526675,90.34197235107422,3599394.0,0.0,0.0,0.0,UBL.KA,
2022-04-08 00:00:00+05:00,91.94333954453829,94.96287888316849,91.94333954453829,94.0943374633789,1701455.0,0.0,0.0,0.0,UBL.KA,
2022-04-11 00:00:00+05:00,96.35389927730434,97.84670409675014,96.35389927730434,97.27672576904297,1358852.0,0.0,0.0,0.0,UBL.KA,
2022-04-12 00:00:00+05:00,96.36748353141449,97.8467146394415,96.36069141836703,97.67029571533203,849721.0,0.0,0.0,0.0,UBL.KA,
2022-04-13 00:00:00+05:00,98.34884138045136,98.34884138045136,95.72964322009959,96.00785064697266,436996.0,0.0,0.0,0.0,UBL.KA,
2022-04-14 00:00:00+05:00,96.3539043569774,96.96459397545429,95.77713388654789,96.32676696777344,265920.0,0.0,0.0,0.0,UBL.KA,
2022-04-15 00:00:00+05:00,96.353895109788,96.69316938834359,95.91284268919745,96.4081802368164,32226.0,0.0,0.0,0.0,UBL.KA,
2022-04-18 00:00:00+05:00,95.74999831282534,96.2860471788673,94.65753459616442,95.34286499023438,526241.0,0.0,0.0,0.0,UBL.KA,
2022-04-19 00:00:00+05:00,96.69317196187035,96.69317196187035,94.42003009351559,95.04430389404297,522173.0,0.0,0.0,0.0,UBL.KA,
2022-04-20 00:00:00+05:00,95.26822241987371,97.22922752397166,94.48789564583875,96.32676696777344,1746384.0,0.0,0.0,0.0,UBL.KA,
2022-04-21 00:00:00+05:00,96.35390187784031,96.36068363650924,95.34286072934894,95.91284942626953,452199.0,0.0,0.0,0.0,UBL.KA,
2022-04-22 00:00:00+05:00,96.014631115598,96.3199759282384,95.34965635747415,95.87213134765625,387589.0,0.0,0.0,0.0,UBL.KA,
2022-04-25 00:00:00+05:00,97.53456828247153,97.53456828247153,95.60748261102609,95.82462310791016,1055552.0,0.0,0.0,0.0,UBL.KA,
2022-04-26 00:00:00+05:00,96.62533611385827,96.62533611385827,95.37002716132272,96.11642456054688,428037.0,0.0,0.0,0.0,UBL.KA,
2022-04-27 00:00:00+05:00,96.56537497726711,96.56537497726711,93.94056302020371,94.75563049316406,135520.0,2.5,0.0,0.0,UBL.KA,
2022-04-28 00:00:00+05:00,95.66052881819363,95.66052881819363,93.59521366691726,94.90071105957031,130423.0,0.0,0.0,0.0,UBL.KA,
2022-04-29 00:00:00+05:00,94.90071105957031,94.90071105957031,94.90071105957031,94.90071105957031,0.0,0.0,0.0,0.0,UBL.KA,
2022-05-02 00:00:00+05:00,94.90071105957031,94.90071105957031,94.90071105957031,94.90071105957031,0.0,0.0,0.0,0.0,UBL.KA,
2022-05-03 00:00:00+05:00,94.90071105957031,94.90071105957031,94.90071105957031,94.90071105957031,0.0,0.0,0.0,0.0,UBL.KA,
2022-05-04 00:00:00+05:00,94.90071105957031,94.90071105957031,94.90071105957031,94.90071105957031,0.0,0.0,0.0,0.0,UBL.KA,
2022-05-05 00:00:00+05:00,94.90071105957031,94.90071105957031,94.90071105957031,94.90071105957031,0.0,0.0,0.0,0.0,UBL.KA,
2022-05-06 00:00:00+05:00,95.28751468758696,96.01279329164466,94.70039241942493,94.85235595703125,328772.0,0.0,0.0,0.0,UBL.KA,
2022-05-09 00:00:00+05:00,94.63131315419794,95.21844595540061,91.52298534986296,93.04261016845703,1266895.0,0.0,0.0,0.0,UBL.KA,
2022-05-10 00:00:00+05:00,93.59520686931153,94.40337085941597,92.07558200228141,92.62126159667969,116552.0,0.0,0.0,0.0,UBL.KA,
2022-05-11 00:00:00+05:00,93.87150940022354,93.87150940022354,89.4507800830992,90.8667984008789,756369.0,0.0,0.0,0.0,UBL.KA,
2022-05-12 00:00:00+05:00,91.86145978062292,91.86836338202012,89.10540508481651,89.38861083984375,902207.0,0.0,0.0,0.0,UBL.KA,
2022-05-13 00:00:00+05:00,89.79614862562308,91.83382835184992,89.79614862562308,91.23979187011719,260862.0,0.0,0.0,0.0,UBL.KA,
2022-05-16 00:00:00+05:00,91.17761804608594,91.17761804608594,89.18138122409513,90.29347229003906,505504.0,0.0,0.0,0.0,UBL.KA,
2022-05-17 00:00:00+05:00,91.0740284597286,91.48156232989012,90.224411088557,91.1776351928711,682832.0,0.0,0.0,0.0,UBL.KA,
2022-05-18 00:00:00+05:00,91.5091739523,92.55219743334263,90.62502815873957,90.7493667602539,584372.0,0.0,0.0,0.0,UBL.KA,
2022-05-19 00:00:00+05:00,92.41403023832619,92.41403023832619,90.83224146928394,91.14998626708984,260252.0,0.0,0.0,0.0,UBL.KA,
2022-05-20 00:00:00+05:00,91.69568125941247,92.08940788778982,90.85988171171745,91.17072296142578,526762.0,0.0,0.0,0.0,UBL.KA,
2022-05-23 00:00:00+05:00,91.17762759073717,91.18453119242082,89.6234634840769,90.04481506347656,328867.0,0.0,0.0,0.0,UBL.KA,
2022-05-24 00:00:00+05:00,91.17072727867188,91.17072727867188,86.6947321712206,87.3785629272461,729695.0,0.0,0.0,0.0,UBL.KA,
2022-05-25 00:00:00+05:00,87.10915871363473,88.27651015430075,86.1421223602378,87.5926742553711,619401.0,0.0,0.0,0.0,UBL.KA,
2022-05-26 00:00:00+05:00,87.71011893271859,89.30572049254783,86.76380375974533,88.66333770751953,746138.0,0.0,0.0,0.0,UBL.KA,
2022-05-27 00:00:00+05:00,89.79613673918358,91.55752460626805,89.1744753930825,89.54747009277344,1076420.0,0.0,0.0,0.0,UBL.KA,
2022-05-30 00:00:00+05:00,89.48530811990445,91.1085396896891,89.13993835528872,90.25202941894531,1346872.0,0.0,0.0,0.0,UBL.KA,
2022-05-31 00:00:00+05:00,91.00493911788581,91.17072041043498,89.78924125874032,90.5628662109375,4921434.0,0.0,0.0,0.0,UBL.KA,
2022-06-01 00:00:00+05:00,90.96349555994814,90.96349555994814,88.17290706781664,88.55281066894531,2525869.0,0.0,0.0,0.0,UBL.KA,
2022-06-02 00:00:00+05:00,88.93271329000471,88.93271329000471,86.84668225626024,87.10916137695312,534445.0,0.0,0.0,0.0,UBL.KA,
2022-06-03 00:00:00+05:00,88.39394763703916,88.39394763703916,86.34245017763067,86.80524444580078,360443.0,0.0,0.0,0.0,UBL.KA,
2022-06-06 00:00:00+05:00,87.72391241406774,87.72391241406774,85.85891795890358,86.89502716064453,400820.0,0.0,0.0,0.0,UBL.KA,
2022-06-07 00:00:00+05:00,86.44606244603807,88.00022655416527,86.44606244603807,86.64637756347656,33170.0,0.0,0.0,0.0,UBL.KA,
2022-06-08 00:00:00+05:00,87.02628796934032,87.02628796934032,85.85894153176159,86.31482696533203,316051.0,0.0,0.0,0.0,UBL.KA,
2022-06-09 00:00:00+05:00,85.6862540292211,87.50289737632767,85.6862540292211,87.1851577758789,609891.0,0.0,0.0,0.0,UBL.KA,
2022-06-10 00:00:00+05:00,87.18514678611334,87.71011031934253,86.34244369248674,87.17823791503906,599375.0,0.0,0.0,0.0,UBL.KA,
2022-06-13 00:00:00+05:00,85.99707763215238,85.99707763215238,81.85264015590408,82.19110107421875,1766437.0,0.0,0.0,0.0,UBL.KA,
2022-06-14 00:00:00+05:00,80.85107683219373,82.47431392944256,80.60931374266552,81.13427734375,1242817.0,0.0,0.0,0.0,UBL.KA,
2022-06-15 00:00:00+05:00,82.78513909124642,82.78513909124642,81.16190210316803,81.8802719116211,379555.0,0.0,0.0,0.0,UBL.KA,
2022-06-16 00:00:00+05:00,81.92171796214681,82.68153049094211,80.81653562299684,81.8871841430664,589426.0,0.0,0.0,0.0,UBL.KA,
2022-06-17 00:00:00+05:00,82.12893839659934,83.71763629341662,81.6868654801002,82.97164154052734,504517.0,0.0,0.0,0.0,UBL.KA,
2022-06-20 00:00:00+05:00,84.54652055548677,84.54652055548677,83.30318727837725,83.95248413085938,611805.0,0.0,0.0,0.0,UBL.KA,
2022-06-21 00:00:00+05:00,82.19799936095345,84.88497555712513,82.19799936095345,83.15812683105469,1849402.0,0.0,0.0,0.0,UBL.KA,
2022-06-22 00:00:00+05:00,83.724533885582,84.33929161695396,82.75749753479688,82.92327880859375,1560298.0,0.0,0.0,0.0,UBL.KA,
2022-06-23 00:00:00+05:00,83.51039936471966,83.51039936471966,82.68150887461918,82.86801147460938,1533425.0,0.0,0.0,0.0,UBL.KA,
2022-06-24 00:00:00+05:00,82.61245394458753,83.01308417173715,76.65828204904767,77.50788879394531,2429070.0,0.0,0.0,0.0,UBL.KA,
2022-06-27 00:00:00+05:00,78.05357189737452,79.50412394944698,78.05357189737452,78.88936614990234,639704.0,0.0,0.0,0.0,UBL.KA,
2022-06-28 00:00:00+05:00,77.74273442283875,79.60772900300894,77.72200781067859,78.28841400146484,335877.0,0.0,0.0,0.0,UBL.KA,
2022-06-29 00:00:00+05:00,79.35905838929686,79.35905838929686,75.98134275566181,77.06580352783203,1199217.0,0.0,0.0,0.0,UBL.KA,
2022-06-30 00:00:00+05:00,76.81023640081496,80.12578837247335,76.67209059779778,78.14336395263672,1306573.0,0.0,0.0,0.0,UBL.KA,
2022-07-01 00:00:00+05:00,77.05891071283898,79.43505670410296,77.05891071283898,79.09659576416016,293888.0,0.0,0.0,0.0,UBL.KA,
2022-07-04 00:00:00+05:00,79.42813180854374,79.69751978577413,77.88087683959309,78.06047058105469,1180326.0,0.0,0.0,0.0,UBL.KA,
2022-07-05 00:00:00+05:00,78.66140877158347,78.70976032357903,77.7150990725382,78.30913543701172,118301.0,0.0,0.0,0.0,UBL.KA,
2022-07-06 00:00:00+05:00,78.70977419898355,78.7443132864651,78.1226466012712,78.64070129394531,90349.0,0.0,0.0,0.0,UBL.KA,
2022-07-07 00:00:00+05:00,78.74431610107422,79.43505571599592,78.61307388786308,78.74431610107422,281957.0,0.0,0.0,0.0,UBL.KA,
2022-07-08 00:00:00+05:00,78.74431610107422,78.74431610107422,78.74431610107422,78.74431610107422,0.0,0.0,0.0,0.0,UBL.KA,
2022-07-11 00:00:00+05:00,78.74431610107422,78.74431610107422,78.74431610107422,78.74431610107422,0.0,0.0,0.0,0.0,UBL.KA,
2022-07-12 00:00:00+05:00,78.74431610107422,78.74431610107422,78.74431610107422,78.74431610107422,0.0,0.0,0.0,0.0,UBL.KA,
2022-07-13 00:00:00+05:00,78.74432109543434,79.7873394556986,78.12265434859059,79.61465454101562,710552.0,0.0,0.0,0.0,UBL.KA,
2022-07-14 00:00:00+05:00,79.78042525315244,81.30005029286153,79.78042525315244,80.96849822998047,552747.0,0.0,0.0,0.0,UBL.KA,
2022-07-15 00:00:00+05:00,81.78356061391166,82.17037306058958,79.57319097736443,79.7527847290039,497759.0,0.0,0.0,0.0,UBL.KA,
2022-07-18 00:00:00+05:00,79.0896729818059,79.43504273281816,78.40584235038041,78.96533966064453,219270.0,0.0,0.0,0.0,UBL.KA,
2022-07-19 00:00:00+05:00,79.08968861563159,79.36598552504242,76.2576571515023,76.74117279052734,321305.0,0.0,0.0,0.0,UBL.KA,
2022-07-20 00:00:00+05:00,77.36283111572266,78.05357067925588,76.7411644545578,77.36283111572266,757517.0,0.0,0.0,0.0,UBL.KA,
2022-07-21 00:00:00+05:00,76.8793186921862,78.05357389053403,76.49940980864287,76.98292541503906,186947.0,0.0,0.0,0.0,UBL.KA,
2022-07-22 00:00:00+05:00,77.43190582301256,77.43190582301256,75.67052305690012,75.98135375976562,607672.0,0.0,0.0,0.0,UBL.KA,
2022-07-25 00:00:00+05:00,75.98134801505829,75.98134801505829,74.26140806738715,74.64131164550781,112520.0,0.0,0.0,0.0,UBL.KA,
2022-07-26 00:00:00+05:00,74.25450994968102,75.60145011521682,73.97821304472045,74.6067886352539,1988581.0,0.0,0.0,0.0,UBL.KA,
2022-07-27 00:00:00+05:00,77.32828935432147,77.32828935432147,74.25450051090942,75.40113067626953,1725777.0,0.0,0.0,0.0,UBL.KA,
2022-07-28 00:00:00+05:00,77.01746122307944,77.36283100434886,74.8416305470972,76.77570343017578,1625167.0,0.0,0.0,0.0,UBL.KA,
2022-07-29 00:00:00+05:00,77.34902625555118,77.34902625555118,75.9813594663891,76.20930480957031,3051581.0,0.0,0.0,0.0,UBL.KA,
2022-08-01 00:00:00+05:00,75.99517072018232,76.63065517611463,74.63441809468588,75.22845458984375,206793.0,0.0,0.0,0.0,UBL.KA,
2022-08-02 00:00:00+05:00,75.80867512755857,75.80867512755857,74.01966199807596,74.61369323730469,494011.0,0.0,0.0,0.0,UBL.KA,
2022-08-03 00:00:00+05:00,75.08338058782579,79.43504149049194,74.37191975505532,78.57161712646484,3963433.0,0.0,0.0,0.0,UBL.KA,
2022-08-04 00:00:00+05:00,78.46800888556594,80.8165243215444,78.46800888556594,79.77350616455078,670583.0,0.0,0.0,0.0,UBL.KA,
2022-08-05 00:00:00+05:00,78.99298364935821,84.2356948544805,78.99298364935821,83.08216094970703,628010.0,0.0,0.0,0.0,UBL.KA,
2022-08-08 00:00:00+05:00,83.08216094970703,83.08216094970703,83.08216094970703,83.08216094970703,0.0,0.0,0.0,0.0,UBL.KA,
2022-08-09 00:00:00+05:00,83.08216094970703,83.08216094970703,83.08216094970703,83.08216094970703,0.0,0.0,0.0,0.0,UBL.KA,
2022-08-10 00:00:00+05:00,83.33774064319518,84.82283195923414,82.54338898392547,83.62094116210938,1240160.0,0.0,0.0,0.0,UBL.KA,
2022-08-11 00:00:00+05:00,83.57948874890657,84.9471554290192,82.88874917246932,83.24102783203125,366171.0,0.0,0.0,0.0,UBL.KA,
2022-08-12 00:00:00+05:00,83.92485133537495,84.75373664800154,83.31009358669331,84.45671844482422,603716.0,0.0,0.0,0.0,UBL.KA,
2022-08-15 00:00:00+05:00,83.56489488066175,85.48899264082259,83.0522675379333,84.59716796875,825073.0,2.0,0.0,0.0,UBL.KA,
2022-08-16 00:00:00+05:00,84.61823272705078,85.28534528187522,84.1968981999217,84.61823272705078,461123.0,0.0,0.0,0.0,UBL.KA,
2022-08-17 00:00:00+05:00,84.96934392383685,85.14490041954726,83.75449061619484,84.87103271484375,171315.0,0.0,0.0,0.0,UBL.KA,
2022-08-18 00:00:00+05:00,85.32046185181044,85.32046185181044,83.21378378139536,83.6632080078125,123328.0,0.0,0.0,0.0,UBL.KA,
2022-08-19 00:00:00+05:00,83.28401166472544,84.61824228260208,81.03689036124042,81.39502716064453,532668.0,0.0,0.0,0.0,UBL.KA,
2022-08-22 00:00:00+05:00,82.51156818149455,82.51156818149455,79.42879597761629,79.76586151123047,639363.0,0.0,0.0,0.0,UBL.KA,
2022-08-23 00:00:00+05:00,80.03973128212446,81.44418344785176,79.28132582681737,81.04391479492188,1101524.0,0.0,0.0,0.0,UBL.KA,
2022-08-24 00:00:00+05:00,80.75600571033144,82.6520141361586,80.75600571033144,81.86552429199219,1858709.0,0.0,0.0,0.0,UBL.KA,
2022-08-25 00:00:00+05:00,82.49049624532361,82.65200523912499,80.85430823733081,82.12533569335938,841489.0,0.0,0.0,0.0,UBL.KA,
2022-08-26 00:00:00+05:00,82.50453842600096,82.50453842600096,81.31778002577497,81.88658142089844,286267.0,0.0,0.0,0.0,UBL.KA,
2022-08-29 00:00:00+05:00,82.15342176032226,82.8626715508316,80.20825801429415,82.39218139648438,883355.0,0.0,0.0,0.0,UBL.KA,
2022-08-30 00:00:00+05:00,82.86968413090533,82.86968413090533,81.4582085007331,81.93572235107422,838102.0,0.0,0.0,0.0,UBL.KA,
2022-08-31 00:00:00+05:00,82.42729253995765,82.72223155527807,80.75599645508689,81.95680236816406,829360.0,0.0,0.0,0.0,UBL.KA,
2022-09-01 00:00:00+05:00,82.47644340174011,82.47644340174011,80.75599180628218,82.08319854736328,157730.0,0.0,0.0,0.0,UBL.KA,
2022-09-02 00:00:00+05:00,82.50454135935695,82.50454135935695,81.45822599113924,81.89360809326172,228226.0,0.0,0.0,0.0,UBL.KA,
2022-09-05 00:00:00+05:00,82.11831963557387,82.16045148601935,81.17733390099947,81.96382904052734,280910.0,0.0,0.0,0.0,UBL.KA,
2022-09-06 00:00:00+05:00,82.51156210888433,82.51156210888433,80.75599695763147,82.16747283935547,390921.0,0.0,0.0,0.0,UBL.KA,
2022-09-07 00:00:00+05:00,81.14222350221901,82.71520837894866,81.14222350221901,82.0059585571289,236620.0,0.0,0.0,0.0,UBL.KA,
2022-09-08 00:00:00+05:00,80.96664961018062,82.36407767172636,80.96664961018062,81.12815856933594,142695.0,0.0,0.0,0.0,UBL.KA,
2022-09-09 00:00:00+05:00,82.61688655921292,82.61688655921292,81.10709965005931,81.35990142822266,251759.0,0.0,0.0,0.0,UBL.KA,
2022-09-12 00:00:00+05:00,81.79530689394143,82.09024060044644,81.28267943091659,81.8093490600586,181629.0,0.0,0.0,0.0,UBL.KA,
2022-09-13 00:00:00+05:00,82.16045036461698,84.68846315047786,82.16045036461698,84.19690704345703,1469063.0,0.0,0.0,0.0,UBL.KA,
2022-09-14 00:00:00+05:00,84.61120747001966,84.61120747001966,81.81635104871452,82.06915283203125,443465.0,0.0,0.0,0.0,UBL.KA,
2022-09-15 00:00:00+05:00,82.17449122608306,83.17867470670124,81.92169477330809,82.4062271118164,204057.0,0.0,0.0,0.0,UBL.KA,
2022-09-16 00:00:00+05:00,82.86268209636472,83.49468667539139,82.09023443646996,82.7573471069336,1067864.0,0.0,0.0,0.0,UBL.KA,
2022-09-19 00:00:00+05:00,82.86267864354494,82.86267864354494,81.50035831413868,82.34303283691406,137683.0,0.0,0.0,0.0,UBL.KA,
2022-09-20 00:00:00+05:00,83.35424225452763,83.35424225452763,81.21245570147723,81.45121002197266,305735.0,0.0,0.0,0.0,UBL.KA,
2022-09-21 00:00:00+05:00,82.32897912420313,82.32897912420313,80.86132927767382,81.19839477539062,89717.0,0.0,0.0,0.0,UBL.KA,
2022-09-22 00:00:00+05:00,80.76301516456412,81.80230666240398,80.39785463798093,81.07199096679688,153557.0,0.0,0.0,0.0,UBL.KA,
2022-09-23 00:00:00+05:00,81.6688820786392,81.6688820786392,80.0186467706772,80.10993957519531,180653.0,0.0,0.0,0.0,UBL.KA,
2022-09-26 00:00:00+05:00,80.10995480398418,81.45822763067756,80.05377543014863,80.34870910644531,227437.0,0.0,0.0,0.0,UBL.KA,
2022-09-27 00:00:00+05:00,80.75598427958552,82.153412420481,80.19420137635618,81.84443664550781,374877.0,0.0,0.0,0.0,UBL.KA,
2022-09-28 00:00:00+05:00,82.25173187550611,82.82755699817518,81.74613364095421,82.01297760009766,535239.0,0.0,0.0,0.0,UBL.KA,
2022-09-29 00:00:00+05:00,82.82755496544526,82.82755496544526,79.28834062264352,79.53411865234375,748182.0,0.0,0.0,0.0,UBL.KA,
2022-09-30 00:00:00+05:00,79.36559196978808,80.7560020139636,79.07065829172541,80.67875671386719,109718.0,0.0,0.0,0.0,UBL.KA,
2022-10-03 00:00:00+05:00,80.1239887865664,80.75599328377741,79.70265424094553,80.060791015625,287017.0,0.0,0.0,0.0,UBL.KA,
2022-10-04 00:00:00+05:00,80.60150407822195,80.61555159926648,79.07065109549964,79.3164291381836,352972.0,0.0,0.0,0.0,UBL.KA,
2022-10-05 00:00:00+05:00,79.07766967266232,79.98354184851352,78.29819839012896,78.71250915527344,218446.0,0.0,0.0,0.0,UBL.KA,
2022-10-06 00:00:00+05:00,78.64931244325035,79.70265144918673,78.64931244325035,79.37260437011719,311331.0,0.0,0.0,0.0,UBL.KA,
2022-10-07 00:00:00+05:00,78.12265389705735,79.70266262755963,78.1156301359161,79.30941772460938,712181.0,0.0,0.0,0.0,UBL.KA,
2022-10-10 00:00:00+05:00,80.39084656528259,80.39084656528259,78.50888039642635,79.30941772460938,542174.0,0.0,0.0,0.0,UBL.KA,
2022-10-11 00:00:00+05:00,79.63244259621534,79.63244259621534,77.94007508565763,78.20692443847656,322683.0,0.0,0.0,0.0,UBL.KA,
2022-10-12 00:00:00+05:00,77.98220690680637,79.00043256123844,77.94709346042193,78.8038101196289,524351.0,0.0,0.0,0.0,UBL.KA,
2022-10-13 00:00:00+05:00,79.24620113617388,79.3374939428318,78.6563338818877,79.05660247802734,242318.0,0.0,0.0,0.0,UBL.KA,
2022-10-14 00:00:00+05:00,79.96950845835222,79.96950845835222,78.86701366644014,79.17599487304688,1047669.0,0.0,0.0,0.0,UBL.KA,
2022-10-17 00:00:00+05:00,79.35155267892483,79.35155267892483,76.61286970079503,78.87403869628906,642979.0,0.0,0.0,0.0,UBL.KA,
2022-10-18 00:00:00+05:00,79.3515507448305,79.76586157974548,79.00746144968213,79.2883529663086,693079.0,0.0,0.0,0.0,UBL.KA,
2022-10-19 00:00:00+05:00,79.44283855255597,81.29671506968238,79.35155108622266,80.13804626464844,1041058.0,0.0,0.0,0.0,UBL.KA,
2022-10-20 00:00:00+05:00,79.70265670819984,79.70265670819984,79.16896340986085,79.45687866210938,1262681.0,0.0,0.0,0.0,UBL.KA,
2022-10-21 00:00:00+05:00,79.70267099267764,79.70267099267764,78.65635549033566,79.07769012451172,482122.0,0.0,0.0,0.0,UBL.KA,
2022-10-24 00:00:00+05:00,79.52709436145201,80.25038628298246,79.07767015083972,79.20407104492188,738529.0,0.0,0.0,0.0,UBL.KA,
2022-10-25 00:00:00+05:00,79.35855282871077,79.70966578919477,79.17597258914269,79.3445053100586,750672.0,0.0,0.0,0.0,UBL.KA,
2022-10-26 00:00:00+05:00,79.34450594042482,79.3515296998067,77.94707784671279,78.3122329711914,627292.0,0.0,0.0,0.0,UBL.KA,
2022-10-27 00:00:00+05:00,78.63527323615222,78.99340465418898,78.47375889184508,78.8599853515625,336951.0,0.0,0.0,0.0,UBL.KA,
2022-10-28 00:00:00+05:00,79.30238889519934,79.70265753370941,78.12264890418655,78.42460632324219,377111.0,0.0,0.0,0.0,UBL.KA,
2022-10-31 00:00:00+05:00,77.23050483395737,78.4031553134026,75.79329090350471,76.6155776977539,418931.0,2.0,0.0,0.0,UBL.KA,
2022-11-01 00:00:00+05:00,76.58696469153989,77.21618995708117,75.5859202809377,76.95877838134766,320913.0,0.0,0.0,0.0,UBL.KA,
2022-11-02 00:00:00+05:00,77.15186466077087,77.93839786005067,76.05786783887883,76.27952575683594,1126023.0,0.0,0.0,0.0,UBL.KA,
2022-11-03 00:00:00+05:00,77.15185856471079,77.3663646265173,76.15081391051694,77.14470672607422,336449.0,0.0,0.0,0.0,UBL.KA,
2022-11-04 00:00:00+05:00,76.54408079707841,77.38781770623368,75.93630000295687,77.22335815429688,264249.0,0.0,0.0,0.0,UBL.KA,
2022-11-07 00:00:00+05:00,77.54511544368003,77.79538067620065,76.15080707372746,77.17330169677734,328144.0,0.0,0.0,0.0,UBL.KA,
2022-11-08 00:00:00+05:00,77.18046112863941,77.72388085409914,77.08035720788344,77.2162094116211,699283.0,0.0,0.0,0.0,UBL.KA,
2022-11-09 00:00:00+05:00,77.2162094116211,77.2162094116211,77.2162094116211,77.2162094116211,0.0,0.0,0.0,0.0,UBL.KA,
2022-11-10 00:00:00+05:00,77.54511468963153,79.28979218604611,77.08034887433605,78.60336303710938,2180864.0,0.0,0.0,0.0,UBL.KA,
2022-11-11 00:00:00+05:00,78.97519421327429,78.97519421327429,78.2959167523197,78.6891860961914,459870.0,0.0,0.0,0.0,UBL.KA,
2022-11-14 00:00:00+05:00,78.08138794230284,78.93942846956955,78.08138794230284,78.6462631225586,314074.0,0.0,0.0,0.0,UBL.KA,
2022-11-15 00:00:00+05:00,78.65341882605487,78.83932843438764,78.29590328593643,78.58191680908203,283783.0,0.0,0.0,0.0,UBL.KA,
2022-11-16 00:00:00+05:00,78.29589879934464,78.65341431897635,78.29589879934464,78.5318603515625,137035.0,0.0,0.0,0.0,UBL.KA,
2022-11-17 00:00:00+05:00,78.54616510700444,79.7974695298228,78.54616510700444,78.75352478027344,347226.0,0.0,0.0,0.0,UBL.KA,
2022-11-18 00:00:00+05:00,78.90367968774498,78.90367968774498,77.58087326234117,77.9598388671875,246085.0,0.0,0.0,0.0,UBL.KA,
2022-11-21 00:00:00+05:00,78.29589181070223,78.29589181070223,77.93837632298212,78.1600341796875,122442.0,0.0,0.0,0.0,UBL.KA,
2022-11-22 00:00:00+05:00,78.61766931910552,78.61766931910552,77.79538789680264,77.9097900390625,103044.0,0.0,0.0,0.0,UBL.KA,
2022-11-23 00:00:00+05:00,78.34595600691898,78.64626775428435,76.30811849943358,77.23765563964844,547676.0,0.0,0.0,0.0,UBL.KA,
2022-11-24 00:00:00+05:00,77.54511125941866,77.54511125941866,77.18759575254212,77.40210723876953,276362.0,0.0,0.0,0.0,UBL.KA,
2022-11-25 00:00:00+05:00,77.75962589068544,78.33165290692538,77.23050444657855,78.28160095214844,375379.0,0.0,0.0,0.0,UBL.KA,
2022-11-28 00:00:00+05:00,78.13143614933995,78.28874384455561,76.47256442250396,76.59412384033203,471499.0,0.0,0.0,0.0,UBL.KA,
2022-11-29 00:00:00+05:00,76.86584400316752,78.28875437863864,76.51548028820572,77.28056335449219,784545.0,0.0,0.0,0.0,UBL.KA,
2022-11-30 00:00:00+05:00,77.54512643874426,77.68098410363244,75.86480431855512,76.15081787109375,536748.0,0.0,0.0,0.0,UBL.KA,
2022-12-01 00:00:00+05:00,77.18758613959768,78.18863052523263,76.37960315857428,77.71671295166016,344954.0,0.0,0.0,0.0,UBL.KA,
2022-12-02 00:00:00+05:00,77.22334674744485,77.93837773584713,76.57981776683211,77.68811798095703,451477.0,0.0,0.0,0.0,UBL.KA,
2022-12-05 00:00:00+05:00,77.90262812554708,78.16719156914317,76.9373373311887,77.05889129638672,410456.0,0.0,0.0,0.0,UBL.KA,
2022-12-06 00:00:00+05:00,77.40210723876953,77.90262676629519,76.83008024566558,77.40210723876953,305637.0,0.0,0.0,0.0,UBL.KA,
2022-12-07 00:00:00+05:00,77.40212154653261,77.50937730947251,76.9802557889583,77.0517578125,316915.0,0.0,0.0,0.0,UBL.KA,
2022-12-08 00:00:00+05:00,77.53796104186029,77.53796104186029,76.94448402053906,77.42355346679688,1279004.0,0.0,0.0,0.0,UBL.KA,
2022-12-09 00:00:00+05:00,77.04459879170236,79.29694778246422,77.04459879170236,79.15393829345703,1136270.0,0.0,0.0,0.0,UBL.KA,
2022-12-12 00:00:00+05:00,79.10387766118279,79.36844109539207,78.47465234431783,78.84646606445312,2440654.0,0.0,0.0,0.0,UBL.KA,
2022-12-13 00:00:00+05:00,79.2254568568217,79.36846091059465,78.51042567744697,79.33985900878906,379641.0,0.0,0.0,0.0,UBL.KA,
2022-12-14 00:00:00+05:00,79.36128892571062,79.54719851262688,78.58190775655807,79.05382537841797,607801.0,0.0,0.0,0.0,UBL.KA,
2022-12-15 00:00:00+05:00,79.0109328135237,79.36844834661656,74.93525791836664,75.77184295654297,1811990.0,0.0,0.0,0.0,UBL.KA,
2022-12-16 00:00:00+05:00,76.43682520445783,76.93734478923528,75.00676301337445,75.32137298583984,675775.0,0.0,0.0,0.0,UBL.KA,
2022-12-19 00:00:00+05:00,76.143657841949,76.143657841949,74.89950529577203,75.06396484375,132978.0,0.0,0.0,0.0,UBL.KA,
2022-12-20 00:00:00+05:00,75.40001439646447,80.69124472109873,71.58175159507581,75.4357681274414,1183080.0,0.0,0.0,0.0,UBL.KA,
2022-12-21 00:00:00+05:00,72.93316892754757,75.0568120721021,71.5031067917133,72.41119384765625,508848.0,0.0,0.0,0.0,UBL.KA,
2022-12-22 00:00:00+05:00,72.57564585397502,74.92809847766532,71.8606148603398,74.31317138671875,859690.0,0.0,0.0,0.0,UBL.KA,
2022-12-23 00:00:00+05:00,74.61348305491566,74.93525027503172,72.94031314922499,73.34072875976562,74193.0,0.0,0.0,0.0,UBL.KA,
2022-12-26 00:00:00+05:00,73.64817669636093,74.07004227445,72.64713242691332,73.5480728149414,181729.0,0.0,0.0,0.0,UBL.KA,
2022-12-27 00:00:00+05:00,74.36323040217744,74.79224794806227,70.78807509438045,71.85346984863281,831405.0,0.0,0.0,0.0,UBL.KA,
2022-12-28 00:00:00+05:00,71.78913342687775,72.07514699735438,69.00766250088417,69.694091796875,984566.0,0.0,0.0,0.0,UBL.KA,
2022-12-29 00:00:00+05:00,70.78807552961653,71.43160458002751,69.17925563121617,70.63076782226562,337578.0,0.0,0.0,0.0,UBL.KA,
2022-12-30 00:00:00+05:00,70.78807851635197,72.75441403069507,69.62257979356016,72.03938293457031,382741.0,0.0,0.0,0.0,UBL.KA,
2023-01-02 00:00:00+05:00,72.21099585578072,75.43578793873745,71.5746185550876,75.04251861572266,1070969.0,0.0,0.0,0.0,UBL.KA,
2023-01-03 00:00:00+05:00,73.65534833844941,75.04250483481115,71.76051500733368,74.5276870727539,486041.0,0.0,0.0,0.0,UBL.KA,
2023-01-04 00:00:00+05:00,74.5419929691635,74.72075074606798,73.43369257025402,73.64105224609375,144134.0,0.0,0.0,0.0,UBL.KA,
2023-01-05 00:00:00+05:00,73.648193317148,73.648193317148,73.00466432332608,73.20487213134766,129658.0,0.0,0.0,0.0,UBL.KA,
2023-01-06 00:00:00+05:00,73.64819719571584,73.64819719571584,72.01792729568042,72.21098327636719,176702.0,0.0,0.0,0.0,UBL.KA,
2023-01-09 00:00:00+05:00,71.5031111239286,72.21099039658425,70.64507597254324,71.1241455078125,947381.0,0.0,0.0,0.0,UBL.KA,
2023-01-10 00:00:00+05:00,72.57565522544732,72.57565522544732,71.43875841728502,72.17523956298828,288131.0,0.0,0.0,0.0,UBL.KA,
2023-01-11 00:00:00+05:00,72.39688943539251,72.39688943539251,70.68796576563416,70.9239273071289,113011.0,0.0,0.0,0.0,UBL.KA,
2023-01-12 00:00:00+05:00,71.86062245305388,71.86062245305388,70.78807584927695,70.90962982177734,231003.0,0.0,0.0,0.0,UBL.KA,
2023-01-13 00:00:00+05:00,71.14558971008456,71.14558971008456,68.82173878990592,70.48776245117188,19231.0,0.0,0.0,0.0,UBL.KA,
2023-01-16 00:00:00+05:00,72.1823937736515,72.1823937736515,68.29262795376171,69.46527862548828,72013.0,0.0,0.0,0.0,UBL.KA,
2023-01-17 00:00:00+05:00,70.0730321111431,70.0730321111431,67.06990434562394,67.62047576904297,143077.0,0.0,0.0,0.0,UBL.KA,
2023-01-18 00:00:00+05:00,69.28651467674608,69.64403022672387,67.24867713292356,69.0362548828125,400133.0,0.0,0.0,0.0,UBL.KA,
2023-01-19 00:00:00+05:00,69.03624295230142,69.35800470957437,67.6061809995267,67.8921890258789,307107.0,0.0,0.0,0.0,UBL.KA,
2023-01-20 00:00:00+05:00,68.5714859029889,68.5714859029889,67.06992163319445,67.22007751464844,304561.0,0.0,0.0,0.0,UBL.KA,
2023-01-23 00:00:00+05:00,68.46421591592244,68.46421591592244,65.56833828254706,65.86150360107422,136764.0,0.0,0.0,0.0,UBL.KA,
2023-01-24 00:00:00+05:00,66.20471440864979,67.92794165224412,65.42533327558249,65.99736022949219,679177.0,0.0,0.0,0.0,UBL.KA,
2023-01-25 00:00:00+05:00,66.49788423940261,69.7155237993737,66.03311298968937,69.05054473876953,1598302.0,0.0,0.0,0.0,UBL.KA,
2023-01-26 00:00:00+05:00,69.35801660337954,73.4336916856001,69.28651458453001,72.76156616210938,2417075.0,0.0,0.0,0.0,UBL.KA,
2023-01-27 00:00:00+05:00,73.54093231720572,74.18446126501311,71.54599530662944,72.02507019042969,598035.0,0.0,0.0,0.0,UBL.KA,
2023-01-30 00:00:00+05:00,72.18238647790103,72.57565576018108,70.10880067752787,70.46631622314453,225929.0,0.0,0.0,0.0,UBL.KA,
2023-01-31 00:00:00+05:00,70.78809395353001,73.11194552271155,70.25182051448812,72.64002227783203,973364.0,0.0,0.0,0.0,UBL.KA,
2023-02-01 00:00:00+05:00,72.63999455783045,72.93315987782178,72.21812889862744,72.79730224609375,223712.0,0.0,0.0,0.0,UBL.KA,
2023-02-02 00:00:00+05:00,73.42654674328,74.0057201991572,72.21814241656885,72.37545013427734,405219.0,0.0,0.0,0.0,UBL.KA,
2023-02-03 00:00:00+05:00,73.57668177875036,73.57668177875036,70.82381386447884,72.33967590332031,215360.0,0.0,0.0,0.0,UBL.KA,
2023-02-06 00:00:00+05:00,72.93316547437887,75.77899139025946,71.14558788922251,74.04146575927734,499709.0,0.0,0.0,0.0,UBL.KA,
2023-02-07 00:00:00+05:00,74.01285862441485,74.54198002469712,73.22632563367019,74.00570678710938,156346.0,0.0,0.0,0.0,UBL.KA,
2023-02-08 00:00:00+05:00,74.64924390291134,74.64924390291134,72.82591251419818,73.22633361816406,249714.0,0.0,0.0,0.0,UBL.KA,
2023-02-09 00:00:00+05:00,74.00572416800755,76.50118135885839,73.64820859231668,75.82905578613281,1469118.0,0.0,0.0,0.0,UBL.KA,
2023-02-10 00:00:00+05:00,74.08437207069518,77.15185611796193,73.29068712009624,74.02716827392578,730960.0,0.0,0.0,0.0,UBL.KA,
2023-02-13 00:00:00+05:00,74.36322785417222,74.99960504073474,73.64819681711288,73.87700653076172,520865.0,0.0,0.0,0.0,UBL.KA,
2023-02-14 00:00:00+05:00,74.71359837752037,74.71359837752037,72.25389509433643,72.55420684814453,187632.0,0.0,0.0,0.0,UBL.KA,
2023-02-15 00:00:00+05:00,74.19877286887294,74.36323241780109,72.2538929111286,73.88416290283203,488615.0,0.0,0.0,0.0,UBL.KA,
2023-02-16 00:00:00+05:00,72.9403132161776,74.53482927765377,72.9403132161776,74.27027130126953,194263.0,0.0,0.0,0.0,UBL.KA,
2023-02-17 00:00:00+05:00,74.32747520653173,74.3560771030626,72.9331668459894,73.65534973144531,219186.0,0.0,0.0,0.0,UBL.KA,
2023-02-20 00:00:00+05:00,74.82800663492316,74.82800663492316,72.9331731053509,73.06903076171875,224990.0,0.0,0.0,0.0,UBL.KA,
2023-02-21 00:00:00+05:00,74.18447258897884,74.18447258897884,72.96892196721285,73.26923370361328,253466.0,0.0,0.0,0.0,UBL.KA,
2023-02-22 00:00:00+05:00,73.64819314260471,78.76066589355469,72.9331621412202,78.76066589355469,3579528.0,0.0,0.0,0.0,UBL.KA,
2023-02-23 00:00:00+05:00,80.44100801030403,80.44100801030403,77.5880351203433,77.88119506835938,2117131.0,0.0,0.0,0.0,UBL.KA,
2023-02-24 00:00:00+05:00,78.29590054981229,78.29590054981229,76.57982492616286,77.00884246826172,996579.0,0.0,0.0,0.0,UBL.KA,
2023-02-27 00:00:00+05:00,77.36635715240203,81.47778567526152,76.86583760128595,80.87001037597656,3352546.0,0.0,0.0,0.0,UBL.KA,
2023-02-28 00:00:00+05:00,81.15601481109755,81.76379004242074,80.11922209032583,80.81279754638672,841706.0,0.0,0.0,0.0,UBL.KA,
2023-03-01 00:00:00+05:00,80.79852069624319,80.97727848539417,79.01094280473339,79.90473175048828,1244724.0,0.0,0.0,0.0,UBL.KA,
2023-03-02 00:00:00+05:00,80.56969790659637,83.47987402484107,79.38274376018383,82.3000717163086,4668590.0,0.0,0.0,0.0,UBL.KA,
2023-03-03 00:00:00+05:00,82.92930218941639,83.65863144788108,82.37157339735059,83.43697357177734,654735.0,0.0,0.0,0.0,UBL.KA,
2023-03-06 00:00:00+05:00,83.83739408987644,83.83739408987644,82.40733193056084,82.83634948730469,306335.0,0.0,0.0,0.0,UBL.KA,
2023-03-07 00:00:00+05:00,82.44307806758358,82.94359759510776,81.97830681759474,82.3501205444336,728911.0,0.0,0.0,0.0,UBL.KA,
2023-03-08 00:00:00+05:00,82.94361188577986,83.22962543160934,82.41449037191084,82.52889251708984,4647641.0,0.0,0.0,0.0,UBL.KA,
2023-03-09 00:00:00+05:00,83.22961214438041,83.30111415560916,82.242865841561,82.65758514404297,3861364.0,0.0,0.0,0.0,UBL.KA,
2023-03-10 00:00:00+05:00,83.36546578056237,83.36546578056237,82.44308054572117,82.67189025878906,386192.0,0.0,0.0,0.0,UBL.KA,
2023-03-13 00:00:00+05:00,82.40731982931337,83.55852013493272,82.40731982931337,82.82918548583984,3651796.0,0.0,0.0,0.0,UBL.KA,
2023-03-14 00:00:00+05:00,83.26536317727852,83.8016364621178,82.33582609004279,83.3440170288086,5283166.0,0.0,0.0,0.0,UBL.KA,
2023-03-15 00:00:00+05:00,82.9507443159038,84.23065040619747,82.94359247873642,83.68722534179688,537807.0,0.0,0.0,0.0,UBL.KA,
2023-03-16 00:00:00+05:00,83.73729768283147,84.1949171784212,83.52278615759985,83.85169982910156,1329971.0,0.0,0.0,0.0,UBL.KA,
2023-03-17 00:00:00+05:00,84.08765810892483,84.23066760520672,82.80060537391462,83.05086517333984,867786.0,0.0,0.0,0.0,UBL.KA,
2023-03-20 00:00:00+05:00,79.70352913382186,80.70028541599966,78.18607444331039,79.24234008789062,496719.0,4.5,0.0,0.0,UBL.KA,
2023-03-21 00:00:00+05:00,79.58451254578607,79.58451254578607,78.17863645325144,79.12332916259766,569668.0,0.0,0.0,0.0,UBL.KA,
2023-03-22 00:00:00+05:00,78.84809412407945,80.14239143859075,78.2753321638179,79.3836669921875,378658.0,0.0,0.0,0.0,UBL.KA,
2023-03-23 00:00:00+05:00,79.3836669921875,79.3836669921875,79.3836669921875,79.3836669921875,0.0,0.0,0.0,0.0,UBL.KA,
2023-03-24 00:00:00+05:00,79.22002727903023,79.22002727903023,78.42410798313796,78.75140380859375,63658.0,0.0,0.0,0.0,UBL.KA,
2023-03-27 00:00:00+05:00,79.96388431895154,79.96388431895154,77.43479288918745,79.44319152832031,697490.0,0.0,0.0,0.0,UBL.KA,
2023-03-28 00:00:00+05:00,79.74072088731093,79.81511043035651,78.92248698993771,79.37623596191406,912083.0,0.0,0.0,0.0,UBL.KA,
2023-03-29 00:00:00+05:00,79.51013509164176,79.59195905496065,78.9968767172097,79.01175689697266,1424324.0,0.0,0.0,0.0,UBL.KA,
2023-03-30 00:00:00+05:00,78.9968812891898,78.9968812891898,78.00012484216387,78.59520721435547,79105.0,0.0,0.0,0.0,UBL.KA,
2023-03-31 00:00:00+05:00,77.54637180612173,79.59195955160696,77.54637180612173,79.26466369628906,1465208.0,0.0,0.0,0.0,UBL.KA,
2023-04-03 00:00:00+05:00,79.55475541586867,79.55475541586867,78.21582881781468,78.84066009521484,232448.0,0.0,0.0,0.0,UBL.KA,
2023-04-04 00:00:00+05:00,77.51661672763308,79.33905284215282,77.51661672763308,78.9522476196289,258119.0,0.0,0.0,0.0,UBL.KA,
2023-04-05 00:00:00+05:00,79.55475541586867,79.55475541586867,78.69933245396965,78.84066009521484,191247.0,0.0,0.0,0.0,UBL.KA,
2023-04-06 00:00:00+05:00,79.5845162645964,79.5845162645964,78.6993385530133,78.9076156616211,342562.0,0.0,0.0,0.0,UBL.KA,
2023-04-07 00:00:00+05:00,79.22002862931312,79.5547588745981,78.56544264236958,78.80347442626953,156747.0,0.0,0.0,0.0,UBL.KA,
2023-04-10 00:00:00+05:00,79.55475875424031,79.55475875424031,78.10425346003271,78.28277587890625,206388.0,0.0,0.0,0.0,UBL.KA,
2023-04-11 00:00:00+05:00,78.8406651742326,78.8406651742326,77.57612235986393,77.82159423828125,104322.0,0.0,0.0,0.0,UBL.KA,
2023-04-12 00:00:00+05:00,78.69933864228177,79.06382358275883,78.10425632404831,78.84810638427734,798816.0,0.0,0.0,0.0,UBL.KA,
2023-04-13 00:00:00+05:00,78.84811154570211,79.48038300326037,78.51338126673771,79.17540740966797,685971.0,0.0,0.0,0.0,UBL.KA,
2023-04-14 00:00:00+05:00,79.17540740966797,79.17540740966797,79.17540740966797,79.17540740966797,0.0,0.0,0.0,0.0,UBL.KA,
2023-04-17 00:00:00+05:00,79.14565429618249,79.44319548068573,78.02987911063985,79.07870483398438,739960.0,0.0,0.0,0.0,UBL.KA,
2023-04-18 00:00:00+05:00,79.48038186666633,81.07966071300304,78.99687816775628,80.3506851196289,464175.0,0.0,0.0,0.0,UBL.KA,
2023-04-19 00:00:00+05:00,79.6291525465805,80.63334900962464,79.6291525465805,80.3060531616211,263605.0,0.0,0.0,0.0,UBL.KA,
2023-04-20 00:00:00+05:00,80.33579795033609,82.56734789340098,80.11264068597961,82.03921508789062,1975152.0,0.0,0.0,0.0,UBL.KA,
2023-04-21 00:00:00+05:00,82.03921508789062,82.03921508789062,82.03921508789062,82.03921508789062,0.0,0.0,0.0,0.0,UBL.KA,
2023-04-24 00:00:00+05:00,82.03921508789062,82.03921508789062,82.03921508789062,82.03921508789062,0.0,0.0,0.0,0.0,UBL.KA,
2023-04-25 00:00:00+05:00,82.03921508789062,82.03921508789062,82.03921508789062,82.03921508789062,0.0,0.0,0.0,0.0,UBL.KA,
2023-04-26 00:00:00+05:00,83.27401197197922,84.79146677585038,82.19543165470526,84.47161102294922,924959.0,0.0,0.0,0.0,UBL.KA,
2023-04-27 00:00:00+05:00,84.41210349302212,86.88168535366788,83.75751183770916,86.24197387695312,3342329.0,0.0,0.0,0.0,UBL.KA,
2023-04-28 00:00:00+05:00,86.23454304710576,92.70603670162086,85.0964532925299,91.28528594970703,8107915.0,0.0,0.0,0.0,UBL.KA,
2023-05-01 00:00:00+05:00,91.28528594970703,91.28528594970703,91.28528594970703,91.28528594970703,0.0,0.0,0.0,0.0,UBL.KA,
2023-05-02 00:00:00+05:00,91.3299107439997,96.69307474618213,91.3299107439997,95.55498504638672,3320248.0,0.0,0.0,0.0,UBL.KA,
2023-05-03 00:00:00+05:00,95.57729097211299,98.26258993696854,94.17140924531972,96.1500473022461,3858629.0,0.0,0.0,0.0,UBL.KA,
2023-05-04 00:00:00+05:00,95.94921839557173,98.93205289682179,95.94921839557173,96.4327163696289,2342705.0,0.0,0.0,0.0,UBL.KA,
2023-05-05 00:00:00+05:00,96.32860058367338,98.10640210182525,95.6665743618575,96.49224853515625,1428002.0,0.0,0.0,0.0,UBL.KA,
2023-05-08 00:00:00+05:00,97.29557886075851,97.29557886075851,95.28718620118376,95.54009246826172,981364.0,0.0,0.0,0.0,UBL.KA,
2023-05-09 00:00:00+05:00,95.54753464801888,97.80884510872085,94.39457049978148,96.88646697998047,3404727.0,0.0,0.0,0.0,UBL.KA,
2023-05-10 00:00:00+05:00,92.40524008412274,93.58573807342142,90.09083499184138,92.0324478149414,1546399.0,5.5,0.0,0.0,UBL.KA,
2023-05-11 00:00:00+05:00,91.65965112630217,94.28471532877596,91.65965112630217,92.97218322753906,683255.0,0.0,0.0,0.0,UBL.KA,
2023-05-12 00:00:00+05:00,93.19741404481962,93.97405916185978,92.42076892777945,92.57609558105469,690402.0,0.0,0.0,0.0,UBL.KA,
2023-05-15 00:00:00+05:00,92.49842637708507,94.3546076148431,92.27319859641452,94.03618621826172,1354487.0,0.0,0.0,0.0,UBL.KA,
2023-05-16 00:00:00+05:00,94.3235377115997,97.46895249285632,93.9740498138296,97.16606140136719,2277896.0,0.0,0.0,0.0,UBL.KA,
2023-05-17 00:00:00+05:00,98.47860969553304,98.47860969553304,95.5273556863108,96.30400085449219,929495.0,0.0,0.0,0.0,UBL.KA,
2023-05-18 00:00:00+05:00,95.72151534366947,96.30399920985812,93.01878759740788,93.22848510742188,727209.0,0.0,0.0,0.0,UBL.KA,
2023-05-19 00:00:00+05:00,93.19741014247464,93.21294043701907,91.68295459779213,91.9625473022461,628112.0,0.0,0.0,0.0,UBL.KA,
2023-05-22 00:00:00+05:00,92.03243932153707,92.03243932153707,88.47540353580654,89.3297119140625,885273.0,0.0,0.0,0.0,UBL.KA,
2023-05-23 00:00:00+05:00,89.12002073582747,90.67331085758481,89.12002073582747,89.36077880859375,261576.0,0.0,0.0,0.0,UBL.KA,
2023-05-24 00:00:00+05:00,90.00540932138732,90.86748594411449,89.36079240072962,89.74911499023438,233095.0,0.0,0.0,0.0,UBL.KA,
2023-05-25 00:00:00+05:00,90.63446254497231,90.63446254497231,89.63259578205265,90.15294647216797,304026.0,0.0,0.0,0.0,UBL.KA,
2023-05-26 00:00:00+05:00,90.46362180695657,90.98397259009565,89.42291431534669,89.70250701904297,393642.0,0.0,0.0,0.0,UBL.KA,
2023-05-29 00:00:00+05:00,90.4713825934963,90.4791507032933,88.53753802725697,89.71027374267578,688678.0,0.0,0.0,0.0,UBL.KA,
2023-05-30 00:00:00+05:00,90.09082314200478,90.44807914342469,88.66179913632512,89.02681732177734,144904.0,0.0,0.0,0.0,UBL.KA,
2023-05-31 00:00:00+05:00,89.31418245320623,90.86747258282722,89.12002118700362,90.31605529785156,735000.0,0.0,0.0,0.0,UBL.KA,
2023-06-01 00:00:00+05:00,90.24614992294573,90.86746831575006,88.93362385427687,89.15885162353516,201795.0,0.0,0.0,0.0,UBL.KA,
2023-06-02 00:00:00+05:00,89.66367159789364,93.97405413712589,89.32971397840959,93.0731430053711,1698732.0,0.0,0.0,0.0,UBL.KA,
2023-06-05 00:00:00+05:00,93.07314243305774,93.18964037873474,90.88300357059043,91.17036437988281,368419.0,0.0,0.0,0.0,UBL.KA,
2023-06-06 00:00:00+05:00,92.22660219569626,92.22660219569626,90.40148746362671,90.91407012939453,264262.0,0.0,0.0,0.0,UBL.KA,
2023-06-07 00:00:00+05:00,91.20919927686175,91.51985256582242,90.25392322984584,90.53351593017578,388628.0,0.0,0.0,0.0,UBL.KA,
2023-06-08 00:00:00+05:00,90.71213590992342,91.24801691616459,89.70249506717349,89.85005950927734,205654.0,0.0,0.0,0.0,UBL.KA,
2023-06-09 00:00:00+05:00,90.78203234343577,90.86746376630236,89.43067172087576,89.966552734375,278960.0,0.0,0.0,0.0,UBL.KA,
2023-06-12 00:00:00+05:00,88.73169778668186,90.27721979144458,87.76089146516455,89.58600616455078,1143700.0,0.0,0.0,0.0,UBL.KA,
2023-06-13 00:00:00+05:00,88.92586141028623,90.86747410483397,88.92586141028623,89.25981903076172,636805.0,0.0,0.0,0.0,UBL.KA,
2023-06-14 00:00:00+05:00,89.32970447286326,90.07528888031064,88.92585168371606,88.94915008544922,239221.0,0.0,0.0,0.0,UBL.KA,
2023-06-15 00:00:00+05:00,90.63448102029948,90.63448102029948,88.3278500449683,88.9646987915039,251731.0,0.0,0.0,0.0,UBL.KA,
2023-06-16 00:00:00+05:00,89.19768528691486,89.70250576851396,88.421040215326,88.94139099121094,534597.0,0.0,0.0,0.0,UBL.KA,
2023-06-19 00:00:00+05:00,89.68697955861704,89.68697955861704,86.20760687230066,86.76679229736328,1208956.0,0.0,0.0,0.0,UBL.KA,
2023-06-20 00:00:00+05:00,86.59592820156759,87.52013776188782,85.53192228695801,86.00567626953125,942628.0,0.0,0.0,0.0,UBL.KA,
2023-06-21 00:00:00+05:00,86.20759426388673,87.29489843966863,84.96496345956358,85.54744720458984,785920.0,0.0,0.0,0.0,UBL.KA,
2023-06-22 00:00:00+05:00,86.04451069982487,86.0600409945633,85.0814724420833,85.85034942626953,374967.0,0.0,0.0,0.0,UBL.KA,
2023-06-23 00:00:00+05:00,86.16876660124298,86.32409916765664,85.12806507026337,85.2290267944336,518618.0,0.0,0.0,0.0,UBL.KA,
2023-06-26 00:00:00+05:00,86.01344162672304,91.5586869605051,85.9746070030343,90.91407012939453,1653301.0,0.0,0.0,0.0,UBL.KA,
2023-06-27 00:00:00+05:00,90.94513949625531,91.44995999338708,89.7025085285453,91.286865234375,634357.0,0.0,0.0,0.0,UBL.KA,
2023-06-28 00:00:00+05:00,91.286865234375,91.286865234375,91.286865234375,91.286865234375,0.0,0.0,0.0,0.0,UBL.KA,
2023-06-29 00:00:00+05:00,91.286865234375,91.286865234375,91.286865234375,91.286865234375,0.0,0.0,0.0,0.0,UBL.KA,
2023-06-30 00:00:00+05:00,91.286865234375,91.286865234375,91.286865234375,91.286865234375,0.0,0.0,0.0,0.0,UBL.KA,
2023-07-03 00:00:00+05:00,98.13687133789062,98.13687133789062,98.13687133789062,98.13687133789062,1228586.0,0.0,0.0,0.0,UBL.KA,
2023-07-04 00:00:00+05:00,100.14837375385196,101.5075025496408,96.88646701409122,99.65132141113281,2793050.0,0.0,0.0,0.0,UBL.KA,
2023-07-05 00:00:00+05:00,99.79112829883026,103.02196275077111,99.02224542108661,99.76782989501953,2344670.0,0.0,0.0,0.0,UBL.KA,
2023-07-06 00:00:00+05:00,100.18720149601619,102.12881392810952,98.261119356234,102.06668090820312,2008778.0,0.0,0.0,0.0,UBL.KA,
2023-07-07 00:00:00+05:00,101.12694534942325,103.2005859683607,101.12694534942325,102.81226348876953,932212.0,0.0,0.0,0.0,UBL.KA,
2023-07-10 00:00:00+05:00,102.16765605988809,104.65291778559148,102.16765605988809,104.16362762451172,1364905.0,0.0,0.0,0.0,UBL.KA,
2023-07-11 00:00:00+05:00,104.59854059334444,105.60818144109906,103.67434301838477,104.38885498046875,1108557.0,0.0,0.0,0.0,UBL.KA,
2023-07-12 00:00:00+05:00,104.84707773739846,106.08971451010672,104.09373111967675,104.8160171508789,2363330.0,0.0,0.0,0.0,UBL.KA,
2023-07-13 00:00:00+05:00,105.60819326048018,105.60819326048018,101.63177429579606,101.98126220703125,1479699.0,0.0,0.0,0.0,UBL.KA,
2023-07-14 00:00:00+05:00,101.81817165452551,103.10739344190159,101.5463411444663,101.70166778564453,765791.0,0.0,0.0,0.0,UBL.KA,
2023-07-17 00:00:00+05:00,101.74049706914126,103.95394010442192,101.08034406545055,103.21611785888672,713747.0,0.0,0.0,0.0,UBL.KA,
2023-07-18 00:00:00+05:00,103.09963742012785,105.23541145331316,102.12883104140724,104.86262512207031,1867172.0,0.0,0.0,0.0,UBL.KA,
2023-07-19 00:00:00+05:00,106.01980793023645,111.73591577929817,101.78709492075731,110.91267395019531,6961365.0,0.0,0.0,0.0,UBL.KA,
2023-07-20 00:00:00+05:00,111.33207409265495,114.3998197095606,110.29913474076247,114.00372314453125,4382505.0,0.0,0.0,0.0,UBL.KA,
2023-07-21 00:00:00+05:00,114.17458556574742,120.76830636605567,114.0114967401453,119.07522583007812,5339438.0,0.0,0.0,0.0,UBL.KA,
2023-07-24 00:00:00+05:00,119.60332855144368,122.01093276254926,119.56449393178157,121.08672332763672,2244184.0,0.0,0.0,0.0,UBL.KA,
2023-07-25 00:00:00+05:00,121.15664374858966,122.2439422214522,120.30232934086584,121.5760269165039,4489252.0,0.0,0.0,0.0,UBL.KA,
2023-07-26 00:00:00+05:00,121.54495286270486,123.93702108872779,121.11779570615377,122.77981567382812,11699667.0,0.0,0.0,0.0,UBL.KA,
2023-07-27 00:00:00+05:00,122.77981567382812,122.77981567382812,122.77981567382812,122.77981567382812,0.0,0.0,0.0,0.0,UBL.KA,
2023-07-28 00:00:00+05:00,122.77981567382812,122.77981567382812,122.77981567382812,122.77981567382812,0.0,0.0,0.0,0.0,UBL.KA,
2023-07-31 00:00:00+05:00,120.69579263962883,123.27063376037873,120.69579263962883,122.19242095947266,2217659.0,5.5,0.0,0.0,UBL.KA,
2023-08-01 00:00:00+05:00,122.19244010263967,125.28224993160177,121.17859970564635,123.40744018554688,2723420.0,0.0,0.0,0.0,UBL.KA,
2023-08-02 00:00:00+05:00,122.30507783913497,124.30863254743302,121.66136444757717,122.08782196044922,824565.0,0.0,0.0,0.0,UBL.KA,
2023-08-03 00:00:00+05:00,122.3050650745544,122.70738436756281,116.7208713231481,117.34044647216797,959295.0,0.0,0.0,0.0,UBL.KA,
2023-08-04 00:00:00+05:00,117.07493261890106,118.00831647167861,114.76562344390929,115.36910247802734,842918.0,0.0,0.0,0.0,UBL.KA,
2023-08-07 00:00:00+05:00,114.78976546003413,117.01056395980892,112.56895468244653,112.90691375732422,1530950.0,0.0,0.0,0.0,UBL.KA,
2023-08-08 00:00:00+05:00,113.05173460139997,114.66101196227399,112.64941526118147,113.92074584960938,640049.0,0.0,0.0,0.0,UBL.KA,
2023-08-09 00:00:00+05:00,113.49430156045952,118.6600810176674,113.46210913391494,117.82324981689453,969084.0,0.0,0.0,0.0,UBL.KA,
2023-08-10 00:00:00+05:00,119.08653619636989,121.50045247062063,118.1933866837846,119.92335510253906,1548098.0,0.0,0.0,0.0,UBL.KA,
2023-08-11 00:00:00+05:00,118.20140105986431,124.31665910495376,118.20140105986431,120.93717956542969,2784583.0,0.0,0.0,0.0,UBL.KA,
2023-08-14 00:00:00+05:00,120.93717956542969,120.93717956542969,120.93717956542969,120.93717956542969,0.0,0.0,0.0,0.0,UBL.KA,
2023-08-15 00:00:00+05:00,121.01764096623782,122.30506764201489,119.48883253183692,120.79234313964844,2800475.0,0.0,0.0,0.0,UBL.KA,
2023-08-16 00:00:00+05:00,121.5004698928911,121.5004698928911,119.89119214596539,120.55904388427734,1082515.0,0.0,0.0,0.0,UBL.KA,
2023-08-17 00:00:00+05:00,120.55901703665552,122.707400877034,118.76467618620825,121.39583587646484,641023.0,0.0,0.0,0.0,UBL.KA,
2023-08-18 00:00:00+05:00,121.50043236136547,122.30507098627517,119.89115511154606,119.96356964111328,921604.0,0.0,0.0,0.0,UBL.KA,
2023-08-21 00:00:00+05:00,120.05208926783166,121.4923993886133,114.4196184765196,115.68290710449219,2020335.0,0.0,0.0,0.0,UBL.KA,
2023-08-22 00:00:00+05:00,116.67261480995221,116.67261480995221,114.17018789084693,115.530029296875,746802.0,0.0,0.0,0.0,UBL.KA,
2023-08-23 00:00:00+05:00,114.6610110113674,116.35075713739649,113.293127721531,115.52198028564453,603399.0,0.0,0.0,0.0,UBL.KA,
2023-08-24 00:00:00+05:00,115.52197613891857,118.48304045873131,115.52197613891857,117.75081634521484,2229931.0,0.0,0.0,0.0,UBL.KA,
2023-08-25 00:00:00+05:00,118.28189942519272,119.07849622908945,117.47726065359277,118.16925048828125,291942.0,0.0,0.0,0.0,UBL.KA,
2023-08-28 00:00:00+05:00,118.28187099534922,118.5876375839644,116.75306260789401,117.83931732177734,1437075.0,0.0,0.0,0.0,UBL.KA,
2023-08-29 00:00:00+05:00,115.87601429469376,118.68420776626036,115.87601429469376,118.23361206054688,542710.0,0.0,0.0,0.0,UBL.KA,
2023-08-30 00:00:00+05:00,117.70255549097159,118.88537543693467,117.49335383576529,117.84739685058594,1143095.0,0.0,0.0,0.0,UBL.KA,
2023-08-31 00:00:00+05:00,118.66811664512268,119.89117095439127,110.63782554515973,111.91719818115234,7219945.0,0.0,0.0,0.0,UBL.KA,
2023-09-01 00:00:00+05:00,112.00570369623436,114.65297187381641,109.51133111270201,113.97706604003906,574015.0,0.0,0.0,0.0,UBL.KA,
2023-09-04 00:00:00+05:00,114.64492615499671,114.97483099058987,113.4621062051875,114.34721374511719,401698.0,0.0,0.0,0.0,UBL.KA,
2023-09-05 00:00:00+05:00,114.66102187855012,114.66102187855012,112.68965939655168,113.34945678710938,249598.0,0.0,0.0,0.0,UBL.KA,
2023-09-06 00:00:00+05:00,114.16214504280437,115.54612461761405,112.64942032666065,115.40128326416016,790466.0,0.0,0.0,0.0,UBL.KA,
2023-09-07 00:00:00+05:00,115.85188002963788,116.67261496580555,113.2529003892216,113.800048828125,583034.0,0.0,0.0,0.0,UBL.KA,
2023-09-08 00:00:00+05:00,114.66101813154681,114.86217781247936,113.05174068408651,113.5184326171875,936821.0,0.0,0.0,0.0,UBL.KA,
2023-09-11 00:00:00+05:00,113.61499199433516,114.17019471070051,111.0401503830446,111.48270416259766,962373.0,0.0,0.0,0.0,UBL.KA,
2023-09-12 00:00:00+05:00,111.83674868251656,117.79911272345656,111.0401518686633,114.03340911865234,4179712.0,0.0,0.0,0.0,UBL.KA,
2023-09-13 00:00:00+05:00,114.66100949307548,114.97481808057564,113.47818967607988,113.87246704101562,422820.0,0.0,0.0,0.0,UBL.KA,
2023-09-14 00:00:00+05:00,114.25870088053063,114.66102024982827,111.93329541710277,114.19432830810547,175182.0,0.0,0.0,0.0,UBL.KA,
2023-09-15 00:00:00+05:00,114.09776675122184,115.46565004532536,111.69994693371251,112.15858459472656,1066604.0,0.0,0.0,0.0,UBL.KA,
2023-09-18 00:00:00+05:00,112.64137361613368,114.0575332777356,111.6838516192287,113.0517349243164,1155364.0,0.0,0.0,0.0,UBL.KA,
2023-09-19 00:00:00+05:00,113.45405029755919,115.06332760674444,112.72988041955044,114.8541259765625,1244220.0,0.0,0.0,0.0,UBL.KA,
2023-09-20 00:00:00+05:00,115.05530333538893,115.54613348129116,113.77591834668415,115.42543029785156,421166.0,0.0,0.0,0.0,UBL.KA,
2023-09-21 00:00:00+05:00,113.05977506343474,118.00831024894748,113.05977506343474,117.54161834716797,1379989.0,0.0,0.0,0.0,UBL.KA,
2023-09-22 00:00:00+05:00,118.08073333237765,119.07848977509647,117.47725428638593,118.1933822631836,968761.0,0.0,0.0,0.0,UBL.KA,
2023-09-25 00:00:00+05:00,118.12097420750919,118.68421889245309,116.9944725598081,117.40484619140625,311402.0,0.0,0.0,0.0,UBL.KA,
2023-09-26 00:00:00+05:00,117.4772256738515,118.36233297018931,116.68062910714748,117.48526763916016,326292.0,0.0,0.0,0.0,UBL.KA,
2023-09-27 00:00:00+05:00,118.26579723171149,118.28189344411729,115.54612667014032,116.03695678710938,300230.0,0.0,0.0,0.0,UBL.KA,
2023-09-28 00:00:00+05:00,116.03695678710936,116.03695678710936,116.03695678710936,116.03695678710938,0.0,0.0,0.0,0.0,UBL.KA,
2023-09-29 00:00:00+05:00,116.03695678710936,116.03695678710936,116.03695678710936,116.03695678710938,0.0,0.0,0.0,0.0,UBL.KA,
2023-10-02 00:00:00+05:00,116.59213711346007,117.47724455203152,114.34720065062753,116.2702865600586,258741.0,0.0,0.0,0.0,UBL.KA,
2023-10-03 00:00:00+05:00,117.07494680086772,117.45312802361798,115.46566918161182,115.86798858642578,661523.0,0.0,0.0,0.0,UBL.KA,
2023-10-04 00:00:00+05:00,116.27028422435487,119.88311616109604,116.27028422435487,118.51522064208984,887818.0,0.0,0.0,0.0,UBL.KA,
2023-10-05 00:00:00+05:00,119.40838163610131,120.09232946208579,118.68421169619867,119.44861602783203,682523.0,0.0,0.0,0.0,UBL.KA,
2023-10-06 00:00:00+05:00,119.28770656261551,119.88314371690406,119.08654685509002,119.44058990478516,182460.0,0.0,0.0,0.0,UBL.KA,
2023-10-09 00:00:00+05:00,119.47277987770505,123.35114525099087,118.84516252085372,121.35564422607422,1305233.0,0.0,0.0,0.0,UBL.KA,
2023-10-10 00:00:00+05:00,121.5004322174238,123.19017823885676,121.09811290544557,122.84417724609375,849528.0,0.0,0.0,0.0,UBL.KA,
2023-10-11 00:00:00+05:00,123.10169464466759,123.31089631301603,121.62114991897155,123.14997100830078,240518.0,0.0,0.0,0.0,UBL.KA,
2023-10-12 00:00:00+05:00,123.09360794087664,124.71898132888518,122.78785362588471,124.52586364746094,1351661.0,0.0,0.0,0.0,UBL.KA,
2023-10-13 00:00:00+05:00,123.23846517128909,126.97198821584003,123.23846517128909,126.38460540771484,1152395.0,0.0,0.0,0.0,UBL.KA,
2023-10-16 00:00:00+05:00,127.43064762980084,127.43870187590518,124.51785899292189,125.49951934814453,825199.0,0.0,0.0,0.0,UBL.KA,
2023-10-17 00:00:00+05:00,125.507540902096,125.92595646359632,123.75343443064942,124.01896667480469,456163.0,0.0,0.0,0.0,UBL.KA,
2023-10-18 00:00:00+05:00,123.5200864693365,127.01222787304118,123.5200864693365,125.85354614257812,1090749.0,0.0,0.0,0.0,UBL.KA,
2023-10-19 00:00:00+05:00,124.7351052521178,128.09848940897967,124.7351052521178,127.73640441894531,658091.0,0.0,0.0,0.0,UBL.KA,
2023-10-20 00:00:00+05:00,128.58129642442455,128.7422217460441,127.13294397421855,127.43065643310547,510210.0,0.0,0.0,0.0,UBL.KA,
2023-10-23 00:00:00+05:00,127.93756976023825,128.25942037052215,126.59382443169164,126.81912231445312,515382.0,0.0,0.0,0.0,UBL.KA,
2023-10-24 00:00:00+05:00,127.76857696780823,127.76857696780823,120.69580802006965,126.97199249267578,704174.0,0.0,0.0,0.0,UBL.KA,
2023-10-25 00:00:00+05:00,127.13291048538795,130.35146518122056,126.44092073467147,126.62598419189453,5561097.0,0.0,0.0,0.0,UBL.KA,
2023-10-26 00:00:00+05:00,127.5191421508789,128.62150555693734,127.13291899930147,127.5191421508789,3116506.0,0.0,0.0,0.0,UBL.KA,
2023-10-27 00:00:00+05:00,127.65592281296853,129.14450929541115,127.30189210396313,128.79046630859375,2640864.0,0.0,0.0,0.0,UBL.KA,
2023-10-30 00:00:00+05:00,129.54682735428526,131.71934933261463,128.73414670828618,131.26071166992188,2308002.0,0.0,0.0,0.0,UBL.KA,
2023-10-31 00:00:00+05:00,131.3170489976273,135.1793176724015,131.3170489976273,134.86550903320312,2232153.0,0.0,0.0,0.0,UBL.KA,
2023-11-01 00:00:00+05:00,135.42068170558264,136.38624559048407,133.57001043079856,134.37464904785156,1322108.0,0.0,0.0,0.0,UBL.KA,
2023-11-02 00:00:00+05:00,134.37468511446795,135.50117456957133,133.7309715924885,133.940185546875,1209897.0,0.0,0.0,0.0,UBL.KA,
2023-11-03 00:00:00+05:00,130.61162889282832,131.47704180904356,128.98064228102376,129.86270141601562,1015949.0,5.5,0.0,0.0,UBL.KA,
2023-11-06 00:00:00+05:00,129.1970054013479,130.81134595763302,128.9806553247509,130.4202423095703,390276.0,0.0,0.0,0.0,UBL.KA,
2023-11-07 00:00:00+05:00,130.64493153305847,131.7683165965171,130.64493153305847,131.4021759033203,7678809.0,0.0,0.0,0.0,UBL.KA,
2023-11-08 00:00:00+05:00,131.4770579696474,134.2647095308537,130.43689137178626,132.99154663085938,8071765.0,0.0,0.0,0.0,UBL.KA,
2023-11-09 00:00:00+05:00,132.99154663085938,132.99154663085938,132.99154663085938,132.99154663085938,0.0,0.0,0.0,0.0,UBL.KA,
2023-11-10 00:00:00+05:00,133.14132452622522,133.9817745662524,132.3091912479363,132.99154663085938,2376957.0,0.0,0.0,0.0,UBL.KA,
2023-11-13 00:00:00+05:00,132.908326491111,133.973456057645,132.82510808542875,133.57403564453125,1370793.0,0.0,0.0,0.0,UBL.KA,
2023-11-14 00:00:00+05:00,134.3895167654069,134.3895167654069,130.66156344692357,131.5103302001953,1034203.0,0.0,0.0,0.0,UBL.KA,
2023-11-15 00:00:00+05:00,131.51031526107832,132.47559274645388,128.9806361138066,131.47703552246094,1255007.0,0.0,0.0,0.0,UBL.KA,
2023-11-16 00:00:00+05:00,129.81278717647206,132.39240533391717,129.81278717647206,132.24261474609375,992638.0,0.0,0.0,0.0,UBL.KA,
2023-11-17 00:00:00+05:00,132.51720302662756,133.14130288389583,131.47703659784713,132.176025390625,700772.0,0.0,0.0,0.0,UBL.KA,
2023-11-20 00:00:00+05:00,131.57689425960217,135.22164164841436,131.57689425960217,134.3312530517578,962318.0,0.0,0.0,0.0,UBL.KA,
2023-11-21 00:00:00+05:00,134.80558518151264,137.3019849070962,134.79726842013844,136.55307006835938,1517730.0,0.0,0.0,0.0,UBL.KA,
2023-11-22 00:00:00+05:00,137.21877121425533,137.21877121425533,135.64603984104465,136.7943878173828,871776.0,0.0,0.0,0.0,UBL.KA,
2023-11-23 00:00:00+05:00,134.81390103752778,137.88447471095006,134.80558427620946,137.18548583984375,825468.0,0.0,0.0,0.0,UBL.KA,
2023-11-24 00:00:00+05:00,137.3019734331676,139.38230636397319,136.06209043536344,137.42678833007812,1090353.0,0.0,0.0,0.0,UBL.KA,
2023-11-27 00:00:00+05:00,137.96769994461474,144.20869952566775,137.3019907831665,143.14356994628906,1927325.0,0.0,0.0,0.0,UBL.KA,
2023-11-28 00:00:00+05:00,143.1435404865422,153.87805247779193,143.1435404865422,153.86973571777344,4390794.0,0.0,0.0,0.0,UBL.KA,
2023-11-29 00:00:00+05:00,154.95153704708906,156.7738981867962,153.12916321003627,153.719970703125,2294335.0,0.0,0.0,0.0,UBL.KA,
2023-11-30 00:00:00+05:00,153.9446319372938,157.2648477593096,149.78396620925884,151.05712890625,2092879.0,0.0,0.0,0.0,UBL.KA,
2023-12-01 00:00:00+05:00,153.01267127998594,153.01267127998594,148.20294194710434,151.39833068847656,604374.0,0.0,0.0,0.0,UBL.KA,
2023-12-04 00:00:00+05:00,153.11251404737206,153.61179906342122,149.7922978945396,150.4080810546875,511747.0,0.0,0.0,0.0,UBL.KA,
2023-12-05 00:00:00+05:00,149.8255889611069,151.86431281282367,149.7839797605932,150.95729064941406,306817.0,0.0,0.0,0.0,UBL.KA,
2023-12-06 00:00:00+05:00,151.86431093082868,153.11251074669852,150.6244278760204,152.16387939453125,590588.0,0.0,0.0,0.0,UBL.KA,
2023-12-07 00:00:00+05:00,153.52858474524186,153.86143296656425,150.94896658928323,152.4634552001953,1395098.0,0.0,0.0,0.0,UBL.KA,
2023-12-08 00:00:00+05:00,153.8614478644579,159.3535329294779,153.5285996109069,158.14694213867188,3522859.0,0.0,0.0,0.0,UBL.KA,
2023-12-11 00:00:00+05:00,158.14691432536452,159.76125473560128,154.77677238714327,155.09298706054688,1036495.0,0.0,0.0,0.0,UBL.KA,
2023-12-12 00:00:00+05:00,154.78507930843244,155.19282911414612,152.90446300120294,153.4287109375,609660.0,0.0,0.0,0.0,UBL.KA,
2023-12-13 00:00:00+05:00,154.73515744378162,155.44247570360537,145.62330194713005,151.09873962402344,809724.0,0.0,0.0,0.0,UBL.KA,
2023-12-14 00:00:00+05:00,151.03219954096895,153.0958866461063,145.6233328907414,149.27639770507812,1274988.0,0.0,0.0,0.0,UBL.KA,
2023-12-15 00:00:00+05:00,150.5994667778069,150.5994667778069,145.71484883380143,148.46920776367188,1280393.0,0.0,0.0,0.0,UBL.KA,
2023-12-18 00:00:00+05:00,148.95183451392813,149.7007492733286,145.9644795394751,146.08929443359375,438082.0,0.0,0.0,0.0,UBL.KA,
2023-12-19 00:00:00+05:00,145.62331150478704,148.11971113058337,141.67067876394282,143.99232482910156,1038049.0,0.0,0.0,0.0,UBL.KA,
2023-12-20 00:00:00+05:00,144.35847584968727,144.7911887045209,141.55419079827342,144.3751220703125,654238.0,0.0,0.0,0.0,UBL.KA,
2023-12-21 00:00:00+05:00,145.62329151226592,145.62329151226592,141.8786925876648,144.34181213378906,351453.0,0.0,0.0,0.0,UBL.KA,
2023-12-22 00:00:00+05:00,144.7828786828218,144.7828786828218,141.5042714210584,142.0784454345703,600728.0,0.0,0.0,0.0,UBL.KA,
2023-12-25 00:00:00+05:00,142.0784454345703,142.0784454345703,142.0784454345703,142.0784454345703,0.0,0.0,0.0,0.0,UBL.KA,
2023-12-26 00:00:00+05:00,141.46264433895226,142.710844141943,137.42679323034415,140.74700927734375,775215.0,0.0,0.0,0.0,UBL.KA,
2023-12-27 00:00:00+05:00,141.37943080717068,145.15732278479967,137.75965887228438,142.85231018066406,825070.0,0.0,0.0,0.0,UBL.KA,
2023-12-28 00:00:00+05:00,143.79260846467216,147.94494468771668,143.29332350404982,145.26548767089844,902374.0,0.0,0.0,0.0,UBL.KA,
2023-12-29 00:00:00+05:00,145.498502005816,148.7854257623787,144.8827188375403,147.986572265625,427117.0,0.0,0.0,0.0,UBL.KA,
2024-01-01 00:00:00+05:00,146.85489463835773,153.86145614045932,146.85489463835773,153.3788299560547,720201.0,0.0,0.0,0.0,UBL.KA,
2024-01-02 00:00:00+05:00,155.57565933383097,155.57565933383097,152.90450564832528,153.9363555908203,646424.0,0.0,0.0,0.0,UBL.KA,
2024-01-03 00:00:00+05:00,154.6935731622989,155.75870275516522,151.86432506200015,154.01123046875,495480.0,0.0,0.0,0.0,UBL.KA,
2024-01-04 00:00:00+05:00,154.0195223669332,154.65195169002894,151.90590974342206,153.6783447265625,759786.0,0.0,0.0,0.0,UBL.KA,
2024-01-05 00:00:00+05:00,154.6519617600944,154.68524150157705,149.8755125759222,152.82125854492188,383176.0,0.0,0.0,0.0,UBL.KA,
2024-01-08 00:00:00+05:00,153.86143246875605,153.86143246875605,148.86863298099962,149.3013458251953,639782.0,0.0,0.0,0.0,UBL.KA,
2024-01-09 00:00:00+05:00,150.61610603372054,151.43992245544632,148.61899147464226,149.46775817871094,610880.0,0.0,0.0,0.0,UBL.KA,
2024-01-10 00:00:00+05:00,150.44137989066232,150.44137989066232,148.286157602627,148.6190185546875,420920.0,0.0,0.0,0.0,UBL.KA,
2024-01-11 00:00:00+05:00,149.4511280918574,150.18339667509807,148.2944634494842,149.57594299316406,233138.0,0.0,0.0,0.0,UBL.KA,
2024-01-12 00:00:00+05:00,150.61610347150784,151.86430322403416,149.78397030315696,149.94207763671875,341669.0,0.0,0.0,0.0,UBL.KA,
2024-01-15 00:00:00+05:00,149.99202456869668,151.43161159598534,149.284706197756,149.60923767089844,156973.0,0.0,0.0,0.0,UBL.KA,
2024-01-16 00:00:00+05:00,150.5994397455825,150.5994397455825,148.91021062599197,149.28466796875,661283.0,0.0,0.0,0.0,UBL.KA,
2024-01-17 00:00:00+05:00,149.78399674772518,153.05427458199074,148.53579677482747,152.35528564453125,2997560.0,0.0,0.0,0.0,UBL.KA,
2024-01-18 00:00:00+05:00,153.5202679837798,153.5202679837798,148.11971861600568,152.4634552001953,912688.0,0.0,0.0,0.0,UBL.KA,
2024-01-19 00:00:00+05:00,153.1125088177569,154.1110661184037,151.24020911753976,152.09730529785156,565293.0,0.0,0.0,0.0,UBL.KA,
2024-01-22 00:00:00+05:00,151.45655862632103,152.48840836172283,150.4580013293149,151.4815216064453,251534.0,0.0,0.0,0.0,UBL.KA,
2024-01-23 00:00:00+05:00,152.280403239803,154.77680329291454,151.4565866512312,153.1957550048828,612716.0,0.0,0.0,0.0,UBL.KA,
2024-01-24 00:00:00+05:00,153.90302839846854,154.1942800890759,152.43847857940298,153.77821350097656,772934.0,0.0,0.0,0.0,UBL.KA,
2024-01-25 00:00:00+05:00,153.85309587009152,154.34405137572267,152.2886815024868,153.528564453125,647546.0,0.0,0.0,0.0,UBL.KA,
2024-01-26 00:00:00+05:00,153.32055103310637,154.69356581416605,151.44825122401824,152.43849182128906,496419.0,0.0,0.0,0.0,UBL.KA,
2024-01-29 00:00:00+05:00,153.7366125897436,153.7366125897436,150.70764817300054,152.23045349121094,787771.0,0.0,0.0,0.0,UBL.KA,
2024-01-30 00:00:00+05:00,152.688117268656,152.69643402916677,149.57593469614562,149.8505401611328,779939.0,0.0,0.0,0.0,UBL.KA,
2024-01-31 00:00:00+05:00,151.4066337850653,152.28037618790756,150.59946356216147,151.4981689453125,529567.0,0.0,0.0,0.0,UBL.KA,
2024-02-01 00:00:00+05:00,152.6548440236793,153.11251985619685,150.6161200759328,151.88096618652344,513382.0,0.0,0.0,0.0,UBL.KA,
2024-02-02 00:00:00+05:00,152.28038746381623,152.69645409623104,150.83247101196818,151.9891357421875,360928.0,0.0,0.0,0.0,UBL.KA,
2024-02-06 00:00:00+05:00,152.28039200856477,154.69357346965268,151.78110695582768,153.44537353515625,674476.0,0.0,0.0,0.0,UBL.KA,
2024-02-07 00:00:00+05:00,153.9280156268919,155.19286180922683,153.7532747428755,154.7684783935547,285861.0,0.0,0.0,0.0,UBL.KA,
2024-02-08 00:00:00+05:00,154.7684783935547,154.7684783935547,154.7684783935547,154.7684783935547,0.0,0.0,0.0,0.0,UBL.KA,
2024-02-09 00:00:00+05:00,151.44822360842574,154.52711352693055,151.44822360842574,153.2373046875,608053.0,0.0,0.0,0.0,UBL.KA,
2024-02-12 00:00:00+05:00,152.27206965002136,153.11251967064726,149.7923033958751,151.23190307617188,498070.0,0.0,0.0,0.0,UBL.KA,
2024-02-13 00:00:00+05:00,151.0321716515593,157.09841692610436,150.03361437845595,155.109619140625,1406257.0,0.0,0.0,0.0,UBL.KA,
2024-02-14 00:00:00+05:00,156.10821352618237,156.3578433604915,154.44394691160622,154.7684783935547,929471.0,0.0,0.0,0.0,UBL.KA,
2024-02-15 00:00:00+05:00,155.608909000758,155.608909000758,150.49129487993847,151.4981689453125,931795.0,0.0,0.0,0.0,UBL.KA,
2024-02-16 00:00:00+05:00,150.61613666021807,152.53004590862952,150.2000699843611,151.33177185058594,511264.0,0.0,0.0,0.0,UBL.KA,
2024-02-19 00:00:00+05:00,150.32487855404145,151.43994684818878,149.37624708107953,149.8089599609375,794224.0,0.0,0.0,0.0,UBL.KA,
2024-02-20 00:00:00+05:00,150.61612855578414,150.61612855578414,148.7521453771982,149.06004333496094,518057.0,0.0,0.0,0.0,UBL.KA,
2024-02-21 00:00:00+05:00,150.61608392733996,153.9279699523647,150.1167990121796,152.2470703125,1964122.0,0.0,0.0,0.0,UBL.KA,
2024-02-22 00:00:00+05:00,153.11249422880024,155.1512178353128,151.65626126738502,154.6685791015625,688257.0,0.0,0.0,0.0,UBL.KA,
2024-02-23 00:00:00+05:00,154.03617624605522,157.4395979665012,154.03617624605522,157.1150665283203,722636.0,0.0,0.0,0.0,UBL.KA,
2024-02-26 00:00:00+05:00,157.26489242506807,159.85282775081484,157.26489242506807,158.59629821777344,1227411.0,0.0,0.0,0.0,UBL.KA,
2024-02-27 00:00:00+05:00,158.9291283625503,158.9291283625503,156.532580624236,156.67404174804688,979969.0,0.0,0.0,0.0,UBL.KA,
2024-02-28 00:00:00+05:00,157.16499730080437,158.52137851343994,156.44104546208246,156.67404174804688,1204394.0,0.0,0.0,0.0,UBL.KA,
2024-02-29 00:00:00+05:00,156.69067555582822,160.60169884310864,156.69067555582822,159.96095275878906,830766.0,0.0,0.0,0.0,UBL.KA,
2024-03-01 00:00:00+05:00,160.68495673184904,161.51709009100443,159.76960495783914,160.3021697998047,584076.0,0.0,0.0,0.0,UBL.KA,
2024-03-04 00:00:00+05:00,161.83325826417,162.26597107562822,159.39511412683606,161.433837890625,741062.0,0.0,0.0,0.0,UBL.KA,
2024-03-05 00:00:00+05:00,162.26596805011405,163.76381029466094,161.43383488062628,162.56553649902344,806734.0,0.0,0.0,0.0,UBL.KA,
2024-03-06 00:00:00+05:00,162.4323948590285,163.85534818946383,162.26597076181866,162.68203735351562,2785770.0,0.0,0.0,0.0,UBL.KA,
2024-03-07 00:00:00+05:00,158.40094499395076,160.53294079480114,157.54472366965913,158.37525939941406,939640.0,5.5,0.0,0.0,UBL.KA,
2024-03-08 00:00:00+05:00,158.657813477104,160.11338711058377,156.2603911640724,156.56007385253906,2152131.0,0.0,0.0,0.0,UBL.KA,
2024-03-11 00:00:00+05:00,156.60287201284032,156.60287201284032,154.97605675354225,155.84083557128906,241680.0,0.0,0.0,0.0,UBL.KA,
2024-03-12 00:00:00+05:00,156.07200087364131,156.07200087364131,154.33387286520568,155.56683349609375,116022.0,0.0,0.0,0.0,UBL.KA,
2024-03-13 00:00:00+05:00,155.8237045554009,155.8237045554009,154.11981962397223,154.51368713378906,1018444.0,0.0,0.0,0.0,UBL.KA,
2024-03-14 00:00:00+05:00,154.9760332107364,154.9760332107364,152.85260834756747,153.82012939453125,880930.0,0.0,0.0,0.0,UBL.KA,
2024-03-15 00:00:00+05:00,153.4776354223974,154.79621019574208,152.06487580346402,152.69847106933594,241422.0,0.0,0.0,0.0,UBL.KA,
2024-03-18 00:00:00+05:00,153.2636211725927,154.11984251992564,152.92113785961993,153.9314727783203,282512.0,0.0,0.0,0.0,UBL.KA,
2024-03-19 00:00:00+05:00,154.11983765497286,155.8237227857448,153.45198607032668,155.1644287109375,9031380.0,0.0,0.0,0.0,UBL.KA,
2024-03-20 00:00:00+05:00,154.76200078472317,155.82371990564224,153.60609679771534,154.136962890625,4451128.0,0.0,0.0,0.0,UBL.KA,
2024-03-21 00:00:00+05:00,154.95891768300714,154.9760457661255,152.5186949670658,153.05810546875,405499.0,0.0,0.0,0.0,UBL.KA,
2024-03-22 00:00:00+05:00,153.26359727122883,153.26359727122883,149.57328593010988,150.81480407714844,631379.0,0.0,0.0,0.0,UBL.KA,
2024-03-26 00:00:00+05:00,152.36456310186,153.56328064577704,151.12304494897006,152.92967224121094,757753.0,0.0,0.0,0.0,UBL.KA,
2024-03-27 00:00:00+05:00,152.93824075159645,156.68849413628197,152.93824075159645,155.4127197265625,2484510.0,0.0,0.0,0.0,UBL.KA,
2024-03-28 00:00:00+05:00,155.83227804353427,157.38203652050623,154.14552102171717,155.6524658203125,8739676.0,0.0,0.0,0.0,UBL.KA,
2024-03-29 00:00:00+05:00,155.7723387958004,156.63713069230968,154.66781903929223,156.072021484375,4231135.0,0.0,0.0,0.0,UBL.KA,
2024-04-01 00:00:00+05:00,155.8322752866339,156.7826814442198,155.40416464024202,155.75521850585938,557715.0,0.0,0.0,0.0,UBL.KA,
2024-04-02 00:00:00+05:00,154.98458849086504,156.00349376837173,154.55647790804025,155.20721435546875,297945.0,0.0,0.0,0.0,UBL.KA,
2024-04-03 00:00:00+05:00,155.8237176911282,155.83227520068726,154.9760539083758,155.00173950195312,240902.0,0.0,0.0,0.0,UBL.KA,
2024-04-04 00:00:00+05:00,155.40415933265268,155.66102832469485,154.1198274373415,155.2500457763672,304230.0,0.0,0.0,0.0,UBL.KA,
2024-04-08 00:00:00+05:00,155.83228359514706,159.659594023143,155.83228359514706,159.06024169921875,471334.0,0.0,0.0,0.0,UBL.KA,
2024-04-09 00:00:00+05:00,160.11337059126652,165.41338211459126,158.48655547432028,161.5775146484375,2029359.0,0.0,0.0,0.0,UBL.KA,
2024-04-15 00:00:00+05:00,160.34456288573833,165.67881780602386,160.34456288573833,165.37913513183594,820119.0,0.0,0.0,0.0,UBL.KA,
2024-04-16 00:00:00+05:00,164.88255082690392,167.7508844963072,164.39449838866017,165.18222045898438,1398950.0,0.0,0.0,0.0,UBL.KA,
2024-04-17 00:00:00+05:00,165.6788307891203,170.04556488859237,164.10338664484132,167.1087188720703,3439247.0,0.0,0.0,0.0,UBL.KA,
2024-04-18 00:00:00+05:00,167.3912375778537,167.7337208175269,164.10335144335784,166.79188537597656,1789956.0,0.0,0.0,0.0,UBL.KA,
2024-04-19 00:00:00+05:00,166.11549944430544,170.0712509662518,166.11549944430544,169.11227416992188,1439054.0,0.0,0.0,0.0,UBL.KA,
2024-04-22 00:00:00+05:00,169.53182073162375,175.30275711039775,169.53182073162375,173.51324462890625,1888627.0,0.0,0.0,0.0,UBL.KA,
2024-04-23 00:00:00+05:00,173.8129202149375,176.73263792161168,173.8129202149375,175.53392028808594,1072960.0,0.0,0.0,0.0,UBL.KA,
2024-04-24 00:00:00+05:00,175.9534582446539,178.8817332082369,175.52534764065229,176.09901428222656,1697458.0,0.0,0.0,0.0,UBL.KA,
2024-04-25 00:00:00+05:00,172.47446029263503,177.22509032773777,170.2750920497396,176.2837677001953,2590036.0,5.5,0.0,0.0,UBL.KA,
2024-04-26 00:00:00+05:00,176.28377151991168,178.8086420218234,174.30434005841548,176.36294555664062,1100319.0,0.0,0.0,0.0,UBL.KA,
2024-04-29 00:00:00+05:00,176.31016226373362,176.8292099568013,173.75009436053858,174.9817352294922,1250468.0,0.0,0.0,0.0,UBL.KA,
2024-04-30 00:00:00+05:00,175.94946862535997,176.74123586462244,169.8792173273367,170.36306762695312,1281960.0,0.0,0.0,0.0,UBL.KA,
2024-05-02 00:00:00+05:00,170.6709794362694,170.6709794362694,168.25167431539444,168.95547485351562,600297.0,0.0,0.0,0.0,UBL.KA,
2024-05-03 00:00:00+05:00,170.60939822021842,171.15485070890333,168.47161858967058,170.86453247070312,284099.0,0.0,0.0,0.0,UBL.KA,
2024-05-06 00:00:00+05:00,172.2985274224076,174.1547949061666,171.85865373833087,173.2046661376953,295231.0,0.0,0.0,0.0,UBL.KA,
2024-05-07 00:00:00+05:00,173.83807778584224,174.1019912457517,171.99939566390657,172.8087615966797,169181.0,0.0,0.0,0.0,UBL.KA,
2024-05-08 00:00:00+05:00,173.2750397854479,173.31022377209285,170.40705490230232,171.5243377685547,538672.0,0.0,0.0,0.0,UBL.KA,
2024-05-09 00:00:00+05:00,171.64752726908017,172.34252185520944,170.2311333230802,170.9877166748047,183071.0,0.0,0.0,0.0,UBL.KA,
2024-05-10 00:00:00+05:00,171.55953979492188,172.4304945746048,169.7912523107078,171.55953979492188,251080.0,0.0,0.0,0.0,UBL.KA,
2024-05-13 00:00:00+05:00,171.55073969254343,173.3102344586208,171.11086600102408,172.68560791015625,367453.0,0.0,0.0,0.0,UBL.KA,
2024-05-14 00:00:00+05:00,173.29261790685408,175.94945848871967,172.60641609265832,175.68553161621094,962731.0,0.0,0.0,0.0,UBL.KA,
2024-05-15 00:00:00+05:00,175.94947142506646,181.8437760330303,175.0697240679411,180.93763732910156,2962612.0,0.0,0.0,0.0,UBL.KA,
2024-05-16 00:00:00+05:00,180.4361787220321,189.14567172493096,180.356991261953,188.74098205566406,2740285.0,0.0,0.0,0.0,UBL.KA,
2024-05-17 00:00:00+05:00,189.14566648378658,190.50927746181745,183.16338225440745,188.20433044433594,5154062.0,0.0,0.0,0.0,UBL.KA,
2024-05-20 00:00:00+05:00,189.04887739711438,189.04887739711438,186.28647169500306,186.73513793945312,2456232.0,0.0,0.0,0.0,UBL.KA,
2024-05-21 00:00:00+05:00,188.49464574353277,190.0254108300375,183.95516002029586,189.59432983398438,2974726.0,0.0,0.0,0.0,UBL.KA,
2024-05-22 00:00:00+05:00,190.6764450116643,191.5649850004245,189.36561663072965,190.8347930908203,716766.0,0.0,0.0,0.0,UBL.KA,
2024-05-23 00:00:00+05:00,190.0430363899415,192.09284943507626,186.6032208471835,188.3187255859375,1104945.0,0.0,0.0,0.0,UBL.KA,
2024-05-24 00:00:00+05:00,189.05770667107143,195.3918985488094,188.36271214708947,195.04879760742188,2645450.0,0.0,0.0,0.0,UBL.KA,
2024-05-27 00:00:00+05:00,195.08397409881525,195.08397409881525,190.90517420267378,194.65289306640625,2971497.0,0.0,0.0,0.0,UBL.KA,
2024-05-28 00:00:00+05:00,194.65289306640625,194.65289306640625,194.65289306640625,194.65289306640625,0.0,0.0,0.0,0.0,UBL.KA,
2024-05-29 00:00:00+05:00,197.04581698115805,197.04581698115805,192.66467873035953,194.67050170898438,1671387.0,0.0,0.0,0.0,UBL.KA,
2024-05-30 00:00:00+05:00,196.09567386234252,196.16605525938365,191.79370996931132,194.7144775390625,1091586.0,0.0,0.0,0.0,UBL.KA,
2024-05-31 00:00:00+05:00,193.55321602288075,196.88746610669241,191.79372126486538,196.47398376464844,661174.0,0.0,0.0,0.0,UBL.KA,
2024-06-03 00:00:00+05:00,196.183691655811,196.183691655811,192.57672155177937,194.9256591796875,1168893.0,0.0,0.0,0.0,UBL.KA,
2024-06-04 00:00:00+05:00,196.18366829621084,196.18366829621084,193.77315561100593,194.67050170898438,499092.0,0.0,0.0,0.0,UBL.KA,
2024-06-05 00:00:00+05:00,195.30390126005176,195.30390126005176,192.75263945098087,193.53561401367188,803153.0,0.0,0.0,0.0,UBL.KA,
2024-06-06 00:00:00+05:00,192.83181240438225,195.29510752365937,192.21599198053258,192.295166015625,853358.0,0.0,0.0,0.0,UBL.KA,
2024-06-07 00:00:00+05:00,194.75846202668376,194.75846202668376,181.22794422529037,190.8171844482422,1049677.0,0.0,0.0,0.0,UBL.KA,
2024-06-10 00:00:00+05:00,191.34506437149366,191.77614544106544,186.9727186082668,189.91107177734375,649465.0,0.0,0.0,0.0,UBL.KA,
2024-06-11 00:00:00+05:00,190.9051841066194,193.0957599457852,190.9051841066194,192.277587890625,403020.0,0.0,0.0,0.0,UBL.KA,
2024-06-12 00:00:00+05:00,190.11341360591263,193.98429669651804,190.11341360591263,192.69985961914062,638418.0,0.0,0.0,0.0,UBL.KA,
2024-06-13 00:00:00+05:00,191.82891557221612,205.7729032494451,191.82891557221612,204.4884796142578,1922283.0,0.0,0.0,0.0,UBL.KA,
2024-06-14 00:00:00+05:00,206.30075737831592,211.40329478716103,203.22164159655,210.9722137451172,1657876.0,0.0,0.0,0.0,UBL.KA,
2024-06-20 00:00:00+05:00,211.13935809285255,228.90145874023438,211.13935809285255,228.90145874023438,3194262.0,0.0,0.0,0.0,UBL.KA,
2024-06-21 00:00:00+05:00,237.53178612903957,248.11514574821197,229.21816287541972,233.7048797607422,2106556.0,0.0,0.0,0.0,UBL.KA,
2024-06-24 00:00:00+05:00,235.77229709311297,235.77229709311297,225.20653592538022,227.7050018310547,1689230.0,0.0,0.0,0.0,UBL.KA,
2024-06-25 00:00:00+05:00,229.96594207997717,229.96594207997717,225.9190990735939,226.6053009033203,1476823.0,0.0,0.0,0.0,UBL.KA,
2024-06-26 00:00:00+05:00,227.8105969299914,228.55836073180782,225.2153313955096,226.22703552246094,521014.0,0.0,0.0,0.0,UBL.KA,
2024-06-27 00:00:00+05:00,227.85457072841302,231.37356023773214,226.97482335108324,228.9102783203125,516921.0,0.0,0.0,0.0,UBL.KA,
2024-06-28 00:00:00+05:00,230.48499990514293,231.10963985476056,224.26519311377598,225.42645263671875,1531160.0,0.0,0.0,0.0,UBL.KA,
2024-07-01 00:00:00+05:00,226.05108576553755,234.5406420772668,224.3355677436886,227.93373107910156,1920439.0,0.0,0.0,0.0,UBL.KA,
2024-07-02 00:00:00+05:00,228.73433536343478,230.4938302508458,228.3032677073027,229.6316680908203,473267.0,0.0,0.0,0.0,UBL.KA,
2024-07-03 00:00:00+05:00,231.10965970183668,231.3559879073688,227.11559886778755,230.24749755859375,715866.0,0.0,0.0,0.0,UBL.KA,
2024-07-04 00:00:00+05:00,230.49379083260933,232.6931590657449,229.18297595694267,230.86329650878906,569881.0,0.0,0.0,0.0,UBL.KA,
2024-07-05 00:00:00+05:00,232.06856404196182,237.0743286774618,228.64633391829378,230.57298278808594,1554094.0,0.0,0.0,0.0,UBL.KA,
2024-07-08 00:00:00+05:00,233.04505849642553,233.04505849642553,230.24746847671702,232.2180938720703,302831.0,0.0,0.0,0.0,UBL.KA,
2024-07-09 00:00:00+05:00,232.2180865644988,232.25328397338174,228.9542316442144,229.52606201171875,295153.0,0.0,0.0,0.0,UBL.KA,
2024-07-10 00:00:00+05:00,228.7431179568212,230.48500053404868,226.9748171851426,228.64633178710938,298774.0,0.0,0.0,0.0,UBL.KA,
2024-07-11 00:00:00+05:00,227.86337213631205,228.73431343078494,225.21532399338824,227.03640747070312,332189.0,0.0,0.0,0.0,UBL.KA,
2024-07-12 00:00:00+05:00,226.09506075394663,227.8545553901641,222.57607148151166,225.31207275390625,581807.0,0.0,0.0,0.0,UBL.KA,
2024-07-15 00:00:00+05:00,227.4850515855275,231.37354657675093,227.06279005190672,228.90145874023438,322315.0,0.0,0.0,0.0,UBL.KA,
2024-07-16 00:00:00+05:00,228.90145874023438,228.90145874023438,228.90145874023438,228.90145874023438,0.0,0.0,0.0,0.0,UBL.KA,
2024-07-17 00:00:00+05:00,228.90145874023438,228.90145874023438,228.90145874023438,228.90145874023438,0.0,0.0,0.0,0.0,UBL.KA,
2024-07-18 00:00:00+05:00,228.90148334009677,236.56407585033716,228.73432918248872,234.9013671875,965496.0,0.0,0.0,0.0,UBL.KA,
2024-07-19 00:00:00+05:00,233.14186171659415,235.77229779096407,227.8545713726108,229.73724365234375,2256312.0,0.0,0.0,0.0,UBL.KA,
2024-07-22 00:00:00+05:00,229.6140599766998,229.6140599766998,224.43234858544517,226.76368713378906,775362.0,0.0,0.0,0.0,UBL.KA,
2024-07-23 00:00:00+05:00,226.095069034574,231.23279033876483,226.095069034574,228.3736114501953,454635.0,0.0,0.0,0.0,UBL.KA,
2024-07-24 00:00:00+05:00,227.19476589050402,230.44103594204586,225.87514479143042,226.58773803710938,1303580.0,0.0,0.0,0.0,UBL.KA,
2024-07-25 00:00:00+05:00,226.71091188754707,228.46160059267612,223.4646284647105,224.1156463623047,969448.0,0.0,0.0,0.0,UBL.KA,
2024-07-26 00:00:00+05:00,225.17130972294004,228.73428882987326,222.75200474493175,226.4117431640625,302866.0,0.0,0.0,0.0,UBL.KA,
2024-07-29 00:00:00+05:00,227.85456240341009,234.84856453674936,226.358981177489,233.34417724609375,845098.0,0.0,0.0,0.0,UBL.KA,
2024-07-30 00:00:00+05:00,233.91602465168612,236.52006916644655,231.38234810856474,233.65208435058594,630553.0,0.0,0.0,0.0,UBL.KA,
2024-07-31 00:00:00+05:00,234.02160858452035,241.93052892049275,227.85457087420951,228.6727294921875,2604068.0,0.0,0.0,0.0,UBL.KA,
2024-08-01 00:00:00+05:00,230.48499372882353,230.48499372882353,221.7843066211212,223.1039276123047,565213.0,0.0,0.0,0.0,UBL.KA,
2024-08-02 00:00:00+05:00,224.2388197805584,228.69035301042783,223.63179191176346,225.78717041015625,883004.0,0.0,0.0,0.0,UBL.KA,
2024-08-05 00:00:00+05:00,226.05109075714586,227.67860186517538,221.69633066568096,222.40013122558594,1083166.0,0.0,0.0,0.0,UBL.KA,
2024-08-06 00:00:00+05:00,222.4880959347682,224.51151749261612,222.18898506221896,222.63766479492188,1239836.0,0.0,0.0,0.0,UBL.KA,
2024-08-07 00:00:00+05:00,223.89569459601057,225.21531558577095,220.3767052899829,220.9397430419922,875447.0,0.0,0.0,0.0,UBL.KA,
2024-08-08 00:00:00+05:00,219.48264276110461,219.48264276110461,215.01239858707422,219.16783142089844,1351562.0,5.5,0.0,0.0,UBL.KA,
2024-08-09 00:00:00+05:00,219.46467568530204,227.1099615186015,214.51772602846123,226.53431701660156,1004368.0,0.0,0.0,0.0,UBL.KA,
2024-08-12 00:00:00+05:00,225.77877302338842,228.4591162929568,223.53015967404832,224.8253631591797,414977.0,0.0,0.0,0.0,UBL.KA,
2024-08-13 00:00:00+05:00,223.56612675272515,225.7607755314925,221.30852393821093,224.8523406982422,138454.0,0.0,0.0,0.0,UBL.KA,
2024-08-15 00:00:00+05:00,224.86134160322302,226.6602323360488,223.1074258836073,224.24972534179688,356504.0,0.0,0.0,0.0,UBL.KA,
2024-08-16 00:00:00+05:00,225.67082891653052,225.67082891653052,220.35511742067996,220.80484008789062,245638.0,0.0,0.0,0.0,UBL.KA,
2024-08-19 00:00:00+05:00,221.26355600129747,223.062446700495,219.46466530209992,220.8677978515625,475391.0,0.0,0.0,0.0,UBL.KA,
2024-08-20 00:00:00+05:00,221.26355185423523,229.3585598489024,219.50963620028,225.8147430419922,840446.0,0.0,0.0,0.0,UBL.KA,
2024-08-21 00:00:00+05:00,225.76078708371978,229.3495790383217,225.31106440028609,228.09034729003906,595200.0,0.0,0.0,0.0,UBL.KA,
2024-08-22 00:00:00+05:00,229.35856526908884,229.35856526908884,226.66022920709958,227.84750366210938,510945.0,0.0,0.0,0.0,UBL.KA,
2024-08-23 00:00:00+05:00,227.83847932355926,232.95632510971885,226.88506953253506,231.6431427001953,1111470.0,0.0,0.0,0.0,UBL.KA,
2024-08-26 00:00:00+05:00,231.15745246418064,231.48123961122968,227.55967110287042,228.39614868164062,483077.0,0.0,0.0,0.0,UBL.KA,
2024-08-27 00:00:00+05:00,228.39614259870183,228.90883301676834,227.19989240543939,227.63162231445312,149117.0,0.0,0.0,0.0,UBL.KA,
2024-08-28 00:00:00+05:00,228.45910716904953,228.45910716904953,226.66021656141922,227.55966186523438,115297.0,0.0,0.0,0.0,UBL.KA,
2024-08-29 00:00:00+05:00,227.56865210410962,229.26860318477043,225.7607719784691,226.66021728515625,830315.0,0.0,0.0,0.0,UBL.KA,
2024-08-30 00:00:00+05:00,230.25800741452767,230.25800741452767,225.76977021982648,227.77554321289062,459865.0,0.0,0.0,0.0,UBL.KA,
2024-09-02 00:00:00+05:00,228.45910560274552,229.3585509003941,225.7607697097997,226.22848510742188,244392.0,0.0,0.0,0.0,UBL.KA,
2024-09-03 00:00:00+05:00,226.2284905514822,228.45012158809223,225.00524436826552,226.732177734375,256823.0,0.0,0.0,0.0,UBL.KA,
2024-09-04 00:00:00+05:00,228.00938924913152,228.00938924913152,225.76077594292707,227.53268432617188,417734.0,0.0,0.0,0.0,UBL.KA,
2024-09-05 00:00:00+05:00,227.65860546583372,237.43558542564,226.21049795183615,234.7912139892578,1327601.0,0.0,0.0,0.0,UBL.KA,
2024-09-06 00:00:00+05:00,234.7552091838238,235.6456511936347,232.0748524693964,233.8197784423828,422637.0,0.0,0.0,0.0,UBL.KA,
2024-09-09 00:00:00+05:00,233.8557855697744,235.64567299106653,228.45911359508733,229.40353393554688,435258.0,0.0,0.0,0.0,UBL.KA,
2024-09-10 00:00:00+05:00,231.13047501662604,234.3055160361661,228.46811071503998,233.8378143310547,525791.0,0.0,0.0,0.0,UBL.KA,
2024-09-11 00:00:00+05:00,233.85579647707374,235.38486458744313,231.2653894165815,233.54098510742188,1135491.0,0.0,0.0,0.0,UBL.KA,
2024-09-12 00:00:00+05:00,231.29236355482877,240.5926250710772,231.20241353110313,239.14453125,1633395.0,0.0,0.0,0.0,UBL.KA,
2024-09-13 00:00:00+05:00,242.40050495442253,242.85022759812276,234.85414581766466,237.3456268310547,953442.0,0.0,0.0,0.0,UBL.KA,
2024-09-16 00:00:00+05:00,237.45356224735664,239.24344963368162,233.85578100118457,235.96047973632812,218485.0,0.0,0.0,0.0,UBL.KA,
2024-09-17 00:00:00+05:00,235.96047973632812,235.96047973632812,235.96047973632812,235.96047973632812,0.0,0.0,0.0,0.0,UBL.KA,
2024-09-18 00:00:00+05:00,236.5541208351808,242.85023811976737,234.00870263906802,241.123291015625,1053653.0,0.0,0.0,0.0,UBL.KA,
2024-09-19 00:00:00+05:00,237.5435035333138,249.14634213577938,237.5435035333138,243.45286560058594,1256457.0,0.0,0.0,0.0,UBL.KA,
2024-09-20 00:00:00+05:00,242.85023403345812,254.53401984275555,242.40051137784062,250.55848693847656,3085746.0,0.0,0.0,0.0,UBL.KA,
2024-09-23 00:00:00+05:00,250.04582033647844,260.83916509920414,250.0278413101428,259.0852355957031,1119977.0,0.0,0.0,0.0,UBL.KA,
2024-09-24 00:00:00+05:00,259.0402789847723,268.034733116188,257.286349449588,265.5072937011719,1072648.0,0.0,0.0,0.0,UBL.KA,
2024-09-25 00:00:00+05:00,265.78606684469696,268.8891638838612,261.73856328868635,267.7918395996094,932622.0,0.0,0.0,0.0,UBL.KA,
2024-09-26 00:00:00+05:00,267.13526875926595,270.7330501566972,261.7835579510296,264.1850891113281,408343.0,0.0,0.0,0.0,UBL.KA,
2024-09-27 00:00:00+05:00,265.20144915431507,265.20144915431507,258.15877716467776,259.6338806152344,766485.0,0.0,0.0,0.0,UBL.KA,
2024-09-30 00:00:00+05:00,260.3894164578981,263.1777024002482,257.36729340090176,262.1163635253906,297166.0,0.0,0.0,0.0,UBL.KA,
2024-10-01 00:00:00+05:00,260.85713597283114,265.2374579758754,259.3100888405687,260.3984375,309206.0,0.0,0.0,0.0,UBL.KA,
2024-10-02 00:00:00+05:00,260.3984266412489,267.13526338885737,259.93970073865245,265.65118408203125,284874.0,0.0,0.0,0.0,UBL.KA,
2024-10-03 00:00:00+05:00,264.4369254140241,269.3838746989803,263.6274301117189,265.8310546875,940403.0,0.0,0.0,0.0,UBL.KA,
2024-10-04 00:00:00+05:00,266.23581332474845,268.03470395532105,264.43692269417585,265.67816162109375,717652.0,0.0,0.0,0.0,UBL.KA,
2024-10-07 00:00:00+05:00,265.77710358511365,269.8246077499227,264.33801295229705,268.6193542480469,507155.0,0.0,0.0,0.0,UBL.KA,
2024-10-08 00:00:00+05:00,268.48439450449627,272.037214054547,265.91199438588325,267.4770202636719,712118.0,0.0,0.0,0.0,UBL.KA,
2024-10-09 00:00:00+05:00,267.4770202636719,267.4770202636719,267.4770202636719,267.4770202636719,0.0,0.0,0.0,0.0,UBL.KA,
2024-10-10 00:00:00+05:00,268.934136848461,269.8335821222017,267.13524630097965,267.8997802734375,454785.0,0.0,0.0,0.0,UBL.KA,
2024-10-11 00:00:00+05:00,267.8998144508173,269.83361654628675,267.1352803808239,269.6627197265625,966487.0,0.0,0.0,0.0,UBL.KA,
2024-10-14 00:00:00+05:00,269.6627168687875,270.7330590656564,267.8278406100275,268.97015380859375,1283927.0,0.0,0.0,0.0,UBL.KA,
2024-10-15 00:00:00+05:00,269.024059191184,270.7150205236903,267.7648414272607,269.4827575683594,382107.0,0.0,0.0,0.0,UBL.KA,
2024-10-16 00:00:00+05:00,269.82456782427215,270.7240130611398,263.5374544022124,264.3739318847656,226678.0,0.0,0.0,0.0,UBL.KA,
2024-10-17 00:00:00+05:00,265.2824205646787,265.2824205646787,259.9487160893945,262.889892578125,340633.0,0.0,0.0,0.0,UBL.KA,
2024-10-18 00:00:00+05:00,263.5374943447778,265.3363850911586,262.23328757409405,262.889892578125,222654.0,0.0,0.0,0.0,UBL.KA,
2024-10-21 00:00:00+05:00,263.5464834916678,268.03470688027903,261.3338282287149,266.3707275390625,403252.0,0.0,0.0,0.0,UBL.KA,
2024-10-22 00:00:00+05:00,267.1352357917943,268.03468103015047,264.9855484966556,265.4532775878906,303310.0,0.0,0.0,0.0,UBL.KA,
2024-10-23 00:00:00+05:00,266.23581497906656,269.7886349760808,263.9872016768785,264.4189453125,2471709.0,0.0,0.0,0.0,UBL.KA,
2024-10-24 00:00:00+05:00,266.23579202947667,279.72747067961905,261.7385658127625,278.5132141113281,9883837.0,0.0,0.0,0.0,UBL.KA,
2024-10-25 00:00:00+05:00,280.49204283889685,288.72196244690355,278.37834073930424,284.2067565917969,1051763.0,0.0,0.0,0.0,UBL.KA,
2024-10-28 00:00:00+05:00,291.42027265872684,292.5355760297013,283.379229606121,284.1707458496094,1407476.0,0.0,0.0,0.0,UBL.KA,
2024-10-29 00:00:00+05:00,284.22470359526096,290.38590914715166,281.47240328167385,286.89605712890625,417220.0,0.0,0.0,0.0,UBL.KA,
2024-10-30 00:00:00+05:00,286.9230359286159,289.6213716897001,282.4258096601423,283.69403076171875,513819.0,0.0,0.0,0.0,UBL.KA,
2024-10-31 00:00:00+05:00,285.1241317503824,286.02357696095146,277.02912485526116,280.5549621582031,1028949.0,0.0,0.0,0.0,UBL.KA,
2024-11-01 00:00:00+05:00,274.5670255815484,297.5666328566132,269.3206868879082,293.51971435546875,1120698.0,5.5,0.0,0.0,UBL.KA,
2024-11-04 00:00:00+05:00,295.74459778505957,297.97863858507026,283.9334699053923,294.0232849121094,572900.0,0.0,0.0,0.0,UBL.KA,
2024-11-05 00:00:00+05:00,295.4424866245211,295.4424866245211,283.83281558341133,291.9632568359375,2001385.0,0.0,0.0,0.0,UBL.KA,
2024-11-06 00:00:00+05:00,292.9886518266352,292.9886518266352,285.9386012154267,286.71685791015625,259501.0,0.0,0.0,0.0,UBL.KA,
2024-11-07 00:00:00+05:00,287.4951115521207,291.1574696610649,284.69340983410433,288.57550048828125,480633.0,0.0,0.0,0.0,UBL.KA,
2024-11-08 00:00:00+05:00,288.8685326848498,289.32632750685434,285.6639689308182,286.6070251464844,315988.0,0.0,0.0,0.0,UBL.KA,
2024-11-11 00:00:00+05:00,286.8084487982499,287.4493727096257,285.7097300763422,286.964111328125,373913.0,0.0,0.0,0.0,UBL.KA,
2024-11-12 00:00:00+05:00,286.57951215381365,289.3262806409109,284.3821029524506,287.7239990234375,337062.0,0.0,0.0,0.0,UBL.KA,
2024-11-13 00:00:00+05:00,286.57959326266246,290.2327874431391,284.7941820641058,289.05169677734375,413367.0,0.0,0.0,0.0,UBL.KA,
2024-11-14 00:00:00+05:00,289.32636745098597,298.48226515513113,287.9529827953642,296.0376281738281,1080157.0,0.0,0.0,0.0,UBL.KA,
2024-11-15 00:00:00+05:00,298.4822220363552,312.21606660858015,298.4822220363552,302.6664733886719,1241097.0,0.0,0.0,0.0,UBL.KA,
2024-11-18 00:00:00+05:00,303.06019777761946,307.63814638453215,297.5666594493242,298.8759460449219,628557.0,0.0,0.0,0.0,UBL.KA,
2024-11-19 00:00:00+05:00,300.77119809698274,305.788639405788,297.56663434252476,304.3328552246094,1085615.0,0.0,0.0,0.0,UBL.KA,
2024-11-20 00:00:00+05:00,300.3134083717113,308.544550470838,300.3134083717113,304.9188232421875,230743.0,0.0,0.0,0.0,UBL.KA,
2024-11-21 00:00:00+05:00,304.89133169504953,306.2647160720543,301.22897335637026,305.5871887207031,353620.0,0.0,0.0,0.0,UBL.KA,
2024-11-22 00:00:00+05:00,306.5393976910354,325.9499090707567,303.5271279189638,307.4275207519531,3465164.0,0.0,0.0,0.0,UBL.KA,
2024-11-25 00:00:00+05:00,307.6381187687874,322.26925126205686,305.85270779573005,316.81231689453125,1632164.0,0.0,0.0,0.0,UBL.KA,
2024-11-26 00:00:00+05:00,316.7939793000068,348.49168455006645,310.3940173878223,314.0472106933594,5798098.0,0.0,0.0,0.0,UBL.KA,
2024-11-27 00:00:00+05:00,319.4400957252674,326.8655145915658,314.0564239554594,318.41461181640625,2656424.0,0.0,0.0,0.0,UBL.KA,
2024-11-28 00:00:00+05:00,318.6343730024174,320.9141823609084,303.58207645036254,307.1986389160156,2157257.0,0.0,0.0,0.0,UBL.KA,
2024-11-29 00:00:00+05:00,308.55373008490983,312.41751975141074,306.7225506778777,310.79693603515625,665818.0,0.0,0.0,0.0,UBL.KA,
2024-12-02 00:00:00+05:00,312.21607509907494,315.7777323002863,311.3004854360278,313.4704284667969,972333.0,0.0,0.0,0.0,UBL.KA,
2024-12-03 00:00:00+05:00,314.03805858152924,318.6160064447736,313.47039751713913,316.5376281738281,1354798.0,0.0,0.0,0.0,UBL.KA,
2024-12-04 00:00:00+05:00,318.6435084887301,322.26009887995707,315.4206428931734,317.2335205078125,959830.0,0.0,0.0,0.0,UBL.KA,
2024-12-05 00:00:00+05:00,318.6251961853408,332.35904084850205,315.8784272527086,329.6946716308594,2581424.0,0.0,0.0,0.0,UBL.KA,
2024-12-06 00:00:00+05:00,333.27461061920627,347.00845446340435,328.23886787633364,343.4834289550781,14056879.0,0.0,0.0,0.0,UBL.KA,
2024-12-09 00:00:00+05:00,335.2065275778947,339.683774568396,318.6252117245332,336.29608154296875,3266009.0,0.0,0.0,0.0,UBL.KA,
2024-12-10 00:00:00+05:00,338.7681823062396,338.7681823062396,326.4077216004714,327.36907958984375,2957087.0,0.0,0.0,0.0,UBL.KA,
2024-12-11 00:00:00+05:00,327.32329862278704,333.7324261482682,327.32329862278704,332.70697021484375,814630.0,0.0,0.0,0.0,UBL.KA,
2024-12-12 00:00:00+05:00,336.0214082945295,336.0214082945295,328.78825550266345,331.1138610839844,1409947.0,0.0,0.0,0.0,UBL.KA,
2024-12-13 00:00:00+05:00,330.5278597486079,332.26747447475856,305.8985040426367,316.81231689453125,4946717.0,0.0,0.0,0.0,UBL.KA,
2024-12-16 00:00:00+05:00,316.79403625816013,316.79403625816013,302.1446010554707,312.57318115234375,2146066.0,0.0,0.0,0.0,UBL.KA,
2024-12-17 00:00:00+05:00,311.4011607412584,330.7567380049073,309.01148533330434,326.7281494140625,1810833.0,0.0,0.0,0.0,UBL.KA,
2024-12-18 00:00:00+05:00,322.7545385417144,329.612296548033,316.8032054095971,320.1268005371094,1080769.0,0.0,0.0,0.0,UBL.KA,
2024-12-19 00:00:00+05:00,318.62518309038745,319.06467616051447,297.6123904427094,305.6604309082031,2345091.0,0.0,0.0,0.0,UBL.KA,
2024-12-20 00:00:00+05:00,303.98491227468327,320.3556588061194,303.98491227468327,316.95880126953125,712715.0,0.0,0.0,0.0,UBL.KA,
2024-12-23 00:00:00+05:00,320.45639345680996,331.89209981343447,318.62521406562814,325.45550537109375,2835857.0,0.0,0.0,0.0,UBL.KA,
2024-12-24 00:00:00+05:00,325.99570450204124,336.9370126941492,318.62521852598894,334.30010986328125,2507585.0,0.0,0.0,0.0,UBL.KA,
2024-12-26 00:00:00+05:00,332.4597382719759,343.79474240071295,320.4563715936677,343.2270812988281,2931860.0,0.0,0.0,0.0,UBL.KA,
2024-12-27 00:00:00+05:00,344.2616935625245,345.62591314092225,339.68374550983134,341.89031982421875,347805.0,0.0,0.0,0.0,UBL.KA,
2024-12-30 00:00:00+05:00,344.26170794387116,351.58642513416623,336.936990753576,346.39501953125,1997964.0,0.0,0.0,0.0,UBL.KA,
2024-12-31 00:00:00+05:00,347.92404546043554,350.67081424038633,343.34609749385083,349.9658203125,1806809.0,0.0,0.0,0.0,UBL.KA,
2025-01-01 00:00:00+05:00,349.9658203125,349.9658203125,349.9658203125,349.9658203125,0.0,0.0,0.0,0.0,UBL.KA,
2025-01-02 00:00:00+05:00,355.578363186684,357.0799435407096,351.6779704959733,355.0198669433594,1523011.0,0.0,0.0,0.0,UBL.KA,
2025-01-03 00:00:00+05:00,356.063663723199,356.98839024688994,347.933223358685,355.3861083984375,891133.0,0.0,0.0,0.0,UBL.KA,
2025-01-06 00:00:00+05:00,355.39527279757215,357.07995435744874,350.03906789389487,352.8865661621094,544509.0,0.0,0.0,0.0,UBL.KA,
2025-01-07 00:00:00+05:00,352.50201746555007,355.6150167068002,346.09288987526736,350.64337158203125,460187.0,0.0,0.0,0.0,UBL.KA,
2025-01-08 00:00:00+05:00,350.4419669198858,354.33322324753965,338.9146956457785,342.2291259765625,643961.0,0.0,0.0,0.0,UBL.KA,
2025-01-09 00:00:00+05:00,342.2291161312015,346.9993306331693,337.8525984933145,340.9472961425781,2182493.0,0.0,0.0,0.0,UBL.KA,
2025-01-10 00:00:00+05:00,340.590194932113,342.4305391237896,335.9298468301825,338.722412109375,575123.0,0.0,0.0,0.0,UBL.KA,
2025-01-13 00:00:00+05:00,338.768173492328,346.092890757027,337.85258383424065,344.1884765625,1641184.0,0.0,0.0,0.0,UBL.KA,
2025-01-14 00:00:00+05:00,346.0929171382028,357.0799938727489,341.52413333739327,355.51434326171875,2510435.0,0.0,0.0,0.0,UBL.KA,
2025-01-15 00:00:00+05:00,357.0799697994207,357.0799697994207,349.7644173081687,352.57525634765625,467871.0,0.0,0.0,0.0,UBL.KA,
2025-01-16 00:00:00+05:00,354.3240072666647,354.3240072666647,349.84678869140606,351.6321716308594,353645.0,0.0,0.0,0.0,UBL.KA,
2025-01-17 00:00:00+05:00,352.502006368672,364.1300058073347,350.213032301343,363.1319885253906,2249881.0,0.0,0.0,0.0,UBL.KA,
2025-01-20 00:00:00+05:00,364.4046554795533,364.4046554795533,362.56431146911837,363.47076416015625,266871.0,0.0,0.0,0.0,UBL.KA,
2025-01-21 00:00:00+05:00,363.58061701006187,363.58061701006187,358.91110470240426,359.259033203125,522587.0,0.0,0.0,0.0,UBL.KA,
2025-01-22 00:00:00+05:00,359.25907001325555,361.19095075567594,353.46337190283714,357.2905578613281,2609568.0,0.0,0.0,0.0,UBL.KA,
2025-01-23 00:00:00+05:00,360.69657123216075,360.69657123216075,350.7349508879094,353.4817199707031,535365.0,0.0,0.0,0.0,UBL.KA,
2025-01-24 00:00:00+05:00,354.34235698264325,357.3546267927603,354.34235698264325,356.02703857421875,355831.0,0.0,0.0,0.0,UBL.KA,
2025-01-27 00:00:00+05:00,357.079951451429,357.079951451429,350.2221941456282,353.4267578125,487346.0,0.0,0.0,0.0,UBL.KA,
2025-01-28 00:00:00+05:00,352.96899811739087,359.5062941185393,352.5478067327646,355.3312072753906,1647962.0,0.0,0.0,0.0,UBL.KA,
2025-01-29 00:00:00+05:00,356.89682820645237,358.91113657816516,352.97810569004776,356.16436767578125,1270497.0,0.0,0.0,0.0,UBL.KA,
2025-01-30 00:00:00+05:00,356.16438164036464,360.74232999049786,355.43192108097503,358.599853515625,617513.0,0.0,0.0,0.0,UBL.KA,
2025-01-31 00:00:00+05:00,361.6579044218983,379.04494258178784,359.8358899966221,375.5840148925781,1267359.0,0.0,0.0,0.0,UBL.KA,
2025-02-03 00:00:00+05:00,377.23210200997005,382.25868026544885,375.9411172457847,379.0724182128906,639052.0,0.0,0.0,0.0,UBL.KA,
2025-02-04 00:00:00+05:00,379.9696779960305,381.8008571670957,371.72937172623705,376.4629821777344,495419.0,0.0,0.0,0.0,UBL.KA,
2025-02-06 00:00:00+05:00,374.47617865294364,379.04496220913984,369.18407142680724,375.64813232421875,1615724.0,0.0,0.0,0.0,UBL.KA,
2025-02-07 00:00:00+05:00,377.2229374447979,378.1385270987901,370.82297470469746,376.1150817871094,1183543.0,0.0,0.0,0.0,UBL.KA,
2025-02-10 00:00:00+05:00,378.12939242468934,380.8853264443547,372.7365834621066,377.4335632324219,388651.0,0.0,0.0,0.0,UBL.KA,
2025-02-11 00:00:00+05:00,377.43353057747214,384.5476520820212,377.2229348995065,377.9462585449219,268187.0,0.0,0.0,0.0,UBL.KA,
2025-02-12 00:00:00+05:00,378.0927604330559,380.88529771321595,374.5219384137314,377.69903564453125,130560.0,0.0,0.0,0.0,UBL.KA,
2025-02-13 00:00:00+05:00,378.82522028433254,378.82522028433254,372.69075841064955,373.90850830078125,235627.0,0.0,0.0,0.0,UBL.KA,
2025-02-14 00:00:00+05:00,372.7365501642524,375.39175454712364,371.72939596617607,374.07330322265625,68715.0,0.0,0.0,0.0,UBL.KA,
2025-02-17 00:00:00+05:00,375.3734527712489,378.03782199157996,374.0733031808632,376.6827392578125,545470.0,0.0,0.0,0.0,UBL.KA,
2025-02-18 00:00:00+05:00,375.3917772146114,379.8781611588602,375.3917772146114,379.5668640136719,389904.0,0.0,0.0,0.0,UBL.KA,
2025-02-19 00:00:00+05:00,380.8944495811851,384.5384784131896,359.0759331275546,361.9234313964844,3036988.0,0.0,0.0,0.0,UBL.KA,
2025-02-20 00:00:00+05:00,365.0364594154611,367.65503254325824,361.9234600264452,363.7271728515625,447297.0,0.0,0.0,0.0,UBL.KA,
2025-02-21 00:00:00+05:00,363.72713942056214,363.72713942056214,360.28451352662677,361.65789794921875,103200.0,0.0,0.0,0.0,UBL.KA,
2025-02-24 00:00:00+05:00,361.6579032712541,370.804634719012,355.24877587151036,367.89306640625,470254.0,0.0,0.0,0.0,UBL.KA,
2025-02-25 00:00:00+05:00,368.2501469151653,375.3917345917433,364.6335568321019,367.15142822265625,199975.0,0.0,0.0,0.0,UBL.KA,
2025-02-26 00:00:00+05:00,368.9826495991958,368.9826495991958,364.26736822613253,365.3385925292969,302616.0,0.0,0.0,0.0,UBL.KA,
2025-02-27 00:00:00+05:00,366.23583862609104,371.72021136821206,365.3477155997597,367.15142822265625,343451.0,0.0,0.0,0.0,UBL.KA,
2025-02-28 00:00:00+05:00,370.8137989175297,370.8137989175297,365.32026115578856,365.7414245605469,199390.0,0.0,0.0,0.0,UBL.KA,
2025-03-03 00:00:00+05:00,367.1514536039428,367.1514536039428,355.2487880257601,357.87652587890625,1064472.0,0.0,0.0,0.0,UBL.KA,
2025-03-04 00:00:00+05:00,357.87652587890625,357.87652587890625,357.87652587890625,357.87652587890625,0.0,0.0,0.0,0.0,UBL.KA,
2025-03-05 00:00:00+05:00,363.48908667024915,365.32026594818495,357.2630883018989,361.2184143066406,477719.0,0.0,0.0,0.0,UBL.KA,
2025-03-06 00:00:00+05:00,364.404658954572,364.404658954572,360.7514654103773,362.4727783203125,374154.0,0.0,0.0,0.0,UBL.KA,
2025-03-07 00:00:00+05:00,363.4890773122523,364.4046669276484,360.7514733035228,362.0882263183594,945838.0,0.0,0.0,0.0,UBL.KA,
2025-03-10 00:00:00+05:00,361.65791080270844,370.6764744199018,361.65791080270844,369.2572937011719,825041.0,0.0,0.0,0.0,UBL.KA,
2025-03-11 00:00:00+05:00,365.72994176624655,365.72994176624655,356.9208717769567,359.4828186035156,1390416.0,5.5,0.0,0.0,UBL.KA,
2025-03-12 00:00:00+05:00,360.16048293039586,360.16048293039586,357.3850284799586,358.3039855957031,323480.0,0.0,0.0,0.0,UBL.KA,
2025-03-13 00:00:00+05:00,360.1604745496273,361.5621390696326,356.95800539064174,358.4617919921875,426948.0,0.0,0.0,0.0,UBL.KA,
2025-03-14 00:00:00+05:00,361.08872116546115,361.08872116546115,357.8398509236125,358.4246520996094,489766.0,0.0,0.0,0.0,UBL.KA,
2025-03-17 00:00:00+05:00,359.2322588344705,361.0887562961474,357.37576137279365,359.3714904785156,97682.0,0.0,0.0,0.0,UBL.KA,
2025-03-18 00:00:00+05:00,361.0887276257474,361.09801917724707,357.3664414457054,358.2111511230469,1001456.0,0.0,0.0,0.0,UBL.KA,
2025-03-19 00:00:00+05:00,357.5613915471489,362.01697373892927,356.4381902838191,359.7334899902344,671046.0,0.0,0.0,0.0,UBL.KA,
2025-03-20 00:00:00+05:00,361.9983985374595,362.4625228365766,355.98333742285746,357.1993408203125,273795.0,0.0,0.0,0.0,UBL.KA,
2025-03-21 00:00:00+05:00,357.1993485487485,358.303966670779,354.27537106662646,354.9901123046875,255577.0,0.0,0.0,0.0,UBL.KA,
2025-03-24 00:00:00+05:00,355.98335960352694,358.27613491714027,352.73448930727574,353.72772216796875,222961.0,0.0,0.0,0.0,UBL.KA,
2025-03-25 00:00:00+05:00,355.51924001920116,356.21542652054427,349.61559208520447,351.0079650878906,430282.0,0.0,0.0,0.0,UBL.KA,
2025-03-26 00:00:00+05:00,352.75305023632865,373.1374114753702,352.270371124795,371.3180236816406,1608096.0,0.0,0.0,0.0,UBL.KA,
2025-03-27 00:00:00+05:00,371.29944019790787,384.29492060483466,367.6792763215581,381.4080810546875,554546.0,0.0,0.0,0.0,UBL.KA,
2025-03-28 00:00:00+05:00,381.4080810546875,381.4080810546875,381.4080810546875,381.4080810546875,0.0,0.0,0.0,0.0,UBL.KA,
2025-03-31 00:00:00+05:00,381.4080810546875,381.4080810546875,381.4080810546875,381.4080810546875,0.0,0.0,0.0,0.0,UBL.KA,
2025-04-03 00:00:00+05:00,381.51016654282495,419.5498035655034,376.8689236408441,412.6900329589844,1414936.0,0.0,0.0,0.0,UBL.KA,
2025-04-04 00:00:00+05:00,413.99891595444427,453.96001074848266,413.99891595444427,447.58294677734375,5855977.0,0.0,0.0,0.0,UBL.KA,
2025-04-07 00:00:00+05:00,447.4158527344628,447.4158527344628,404.80924503798525,442.7096252441406,3178664.0,0.0,0.0,0.0,UBL.KA,
2025-04-08 00:00:00+05:00,442.77458656621747,444.63108378452444,425.13786299230105,427.12432861328125,1508984.0,0.0,0.0,0.0,UBL.KA,
2025-04-09 00:00:00+05:00,426.04757106538756,426.901543950724,408.90281754824645,418.64013671875,671384.0,0.0,0.0,0.0,UBL.KA,
2025-04-10 00:00:00+05:00,431.6356170489239,436.7409845624058,423.28137929958984,425.0636291503906,1301134.0,0.0,0.0,0.0,UBL.KA,
2025-04-11 00:00:00+05:00,424.20957619432653,428.8044177271525,401.00336305459314,410.04449462890625,1117598.0,0.0,0.0,0.0,UBL.KA,
2025-04-14 00:00:00+05:00,413.06135014433715,444.631095218405,413.05208692097904,438.7274475097656,1413079.0,0.0,0.0,0.0,UBL.KA,
2025-04-15 00:00:00+05:00,439.9898745828131,447.4158640272488,438.783162629253,440.97381591796875,1131848.0,0.0,0.0,0.0,UBL.KA,
2025-04-16 00:00:00+05:00,446.48760662014536,481.76105579179927,416.7836494229631,444.7981872558594,8373095.0,0.0,0.0,0.0,UBL.KA,
2025-04-17 00:00:00+05:00,444.4175852097508,463.14966404273184,439.98984945442436,459.6687316894531,10968701.0,0.0,0.0,0.0,UBL.KA,
2025-04-18 00:00:00+05:00,462.267821383366,505.63557052398505,460.41132410873405,503.8255310058594,3976638.0,0.0,0.0,0.0,UBL.KA,
2025-04-21 00:00:00+05:00,509.1443972154941,538.3842304193009,508.68027287892573,512.495361328125,2677984.0,0.0,0.0,0.0,UBL.KA,
2025-04-22 00:00:00+05:00,515.1687270855981,515.1687270855981,484.54581212377684,492.0089111328125,910369.0,0.0,0.0,0.0,UBL.KA,
2025-04-23 00:00:00+05:00,492.1574335023333,508.6523730827298,478.97629166413697,481.5196838378906,1084032.0,0.0,0.0,0.0,UBL.KA,
2025-04-24 00:00:00+05:00,468.7655477703142,490.9507121983971,460.88472614104404,474.8177185058594,1395244.0,0.0,0.0,0.0,UBL.KA,
2025-04-25 00:00:00+05:00,475.718126615541,485.9381529956204,465.9808076481402,471.3367919921875,838859.0,0.0,0.0,0.0,UBL.KA,
2025-04-28 00:00:00+05:00,234.6033105612183,236.9024201409083,224.17284221880863,225.35055541992188,2362200.0,5.5,0.0,0.0,UBL.KA,
2025-04-29 00:00:00+05:00,446.3093414999786,454.1826136710982,439.6466017858496,445.8682861328125,2716568.0,0.0,0.0,0.0,UBL.KA,
2025-04-30 00:00:00+05:00,436.4090440421512,454.1919855085194,401.6502399854752,432.6460266113281,5533339.0,0.0,0.0,0.0,UBL.KA,
2025-05-01 00:00:00+05:00,432.6460266113281,432.6460266113281,432.6460266113281,432.6460266113281,0.0,0.0,0.0,0.0,UBL.KA,
2025-05-02 00:00:00+05:00,441.05417688136896,473.8986368618964,441.05417688136896,467.38604736328125,2001263.0,0.0,0.0,0.0,UBL.KA,
2025-05-05 00:00:00+05:00,471.08342197706503,478.59072750658004,453.253571344467,457.251220703125,1402293.0,0.0,0.0,0.0,UBL.KA,
2025-05-06 00:00:00+05:00,457.2512057660476,480.373691149798,457.2512057660476,460.3948669433594,1609391.0,0.0,2.0,0.0,UBL.KA,
2025-05-07 00:00:00+05:00,431.67005889246303,457.9362343987068,431.67005889246303,448.4113464355469,2017389.0,0.0,0.0,0.0,UBL.KA,
2025-05-08 00:00:00+05:00,455.1304034777439,463.576122305166,403.5739798112997,420.4560241699219,2983445.0,0.0,0.0,0.0,UBL.KA,
2025-05-09 00:00:00+05:00,423.2243857036211,436.1744774029486,407.28075337534204,427.77569580078125,2542931.0,0.0,0.0,0.0,UBL.KA,
2025-05-12 00:00:00+05:00,470.55792236328125,470.55792236328125,470.55792236328125,470.55792236328125,378056.0,0.0,0.0,0.0,UBL.KA,
2025-05-13 00:00:00+05:00,487.97484699926304,487.97484699926304,462.16848489834047,464.7585144042969,2054083.0,0.0,0.0,0.0,UBL.KA,
2025-05-14 00:00:00+05:00,463.5667284429381,479.5103882171447,459.8787714326103,469.04705810546875,2205841.0,0.0,0.0,0.0,UBL.KA,
2025-05-15 00:00:00+05:00,470.9802038355163,487.8716410460727,469.44119247671216,483.7144775390625,1753578.0,0.0,0.0,0.0,UBL.KA,
2025-05-16 00:00:00+05:00,486.09799920116285,502.5202289039048,479.52910732006603,486.8393249511719,1468869.0,0.0,0.0,0.0,UBL.KA,
2025-05-19 00:00:00+05:00,486.8393816303824,487.8716705547375,479.5291631482003,483.8177185058594,428531.0,0.0,0.0,0.0,UBL.KA,
2025-05-20 00:00:00+05:00,483.7801553446373,485.98540332131,474.3678440230806,478.1308898925781,185440.0,0.0,0.0,0.0,UBL.KA,
2025-05-21 00:00:00+05:00,478.600114186343,489.7578606216229,478.600114186343,483.9772033691406,766793.0,0.0,0.0,0.0,UBL.KA,
2025-05-22 00:00:00+05:00,484.22119995633506,497.35898445127435,483.2827867781251,484.2868957519531,976394.0,0.0,0.0,0.0,UBL.KA,
2025-05-23 00:00:00+05:00,482.3443747686384,491.72850657347567,479.52913522718717,484.756103515625,351373.0,0.0,0.0,0.0,UBL.KA,
2025-05-26 00:00:00+05:00,485.1596035155394,488.9132561539575,480.5801427145738,482.2974548339844,253548.0,0.0,0.0,0.0,UBL.KA,
2025-05-27 00:00:00+05:00,482.3443765261736,486.70802074180096,472.265828095246,473.70159912109375,1020483.0,0.0,0.0,0.0,UBL.KA,
2025-05-28 00:00:00+05:00,473.70159912109375,473.70159912109375,473.70159912109375,473.70159912109375,0.0,0.0,0.0,0.0,UBL.KA,
2025-05-29 00:00:00+05:00,473.9080590199651,483.28279771830944,473.9080590199651,479.32269287109375,782913.0,0.0,0.0,0.0,UBL.KA,
2025-05-30 00:00:00+05:00,481.4059616351649,482.3349815197433,475.7754825517127,478.2153625488281,550714.0,0.0,0.0,0.0,UBL.KA,
2025-06-02 00:00:00+05:00,478.5907569990177,483.2828232441061,476.7139305009823,477.65234375,380916.0,0.0,0.0,0.0,UBL.KA,
2025-06-03 00:00:00+05:00,478.59073823535334,483.29219759279806,475.3156852888755,480.8898620605469,695473.0,0.0,0.0,0.0,UBL.KA,
2025-06-04 00:00:00+05:00,482.3443812333109,489.85168677779825,478.5907284610673,481.5467529296875,799020.0,0.0,0.0,0.0,UBL.KA,
2025-06-05 00:00:00+05:00,483.28279316638384,485.1596195476125,478.121520618005,481.64996337890625,805913.0,0.0,0.0,0.0,UBL.KA,
2025-06-06 00:00:00+05:00,481.64996337890625,481.64996337890625,481.64996337890625,481.64996337890625,0.0,0.0,0.0,0.0,UBL.KA,
2025-06-09 00:00:00+05:00,481.64996337890625,481.64996337890625,481.64996337890625,481.64996337890625,0.0,0.0,0.0,0.0,UBL.KA,
2025-06-10 00:00:00+05:00,241.63668706282738,241.6413837106259,239.81148095021913,240.72642517089844,2493730.0,0.0,0.0,0.0,UBL.KA,
2025-06-11 00:00:00+05:00,241.6413873181501,244.5739284263801,241.38332942824522,242.002685546875,3708298.0,0.0,0.0,0.0,UBL.KA,
2025-06-12 00:00:00+05:00,484.2212201704174,494.5343722652818,484.2212201704174,488.1625671386719,965451.0,0.0,0.0,0.0,UBL.KA,
2025-06-13 00:00:00+05:00,478.6845738015744,491.2593048161446,478.6845738015744,485.7508239746094,1156413.0,0.0,0.0,0.0,UBL.KA,
2025-06-16 00:00:00+05:00,242.8754119873047,242.8754119873047,242.8754119873047,242.8754119873047,0.0,0.0,0.0,0.0,UBL.KA,
2025-06-17 00:00:00+05:00,243.98742755724305,244.92114409214537,241.45370050814034,242.32644653320312,1192344.0,0.0,0.0,0.0,UBL.KA,
2025-06-18 00:00:00+05:00,246.3240665851372,246.3240665851372,241.2237932401699,242.068359375,1276250.0,0.0,0.0,0.0,UBL.KA,
2025-06-19 00:00:00+05:00,487.9748643799828,490.6962855725805,484.2399981694573,489.2886657714844,381538.0,0.0,2.0,0.0,UBL.KA,
2025-06-20 00:00:00+05:00,490.5929979747577,492.90151498038796,487.97484586349685,491.90679931640625,718562.0,0.0,2.0,0.0,UBL.KA,
2025-06-23 00:00:00+05:00,491.90679931640625,491.90679931640625,491.90679931640625,491.90679931640625,0.0,0.0,0.0,0.0,UBL.KA,
2025-06-24 00:00:00+05:00,248.67951458453837,258.06364721037,247.97570463760098,256.224365234375,4642454.0,0.0,2.0,0.0,UBL.KA,
2025-06-25 00:00:00+05:00,257.92286714433357,257.92286714433357,250.65016503052772,254.39442443847656,1719096.0,0.0,0.0,0.0,UBL.KA,
2025-06-26 00:00:00+05:00,255.2483974241528,255.2577907206027,252.8085173093904,254.0003204345703,2312353.0,0.0,0.0,0.0,UBL.KA,
2025-06-27 00:00:00+05:00,253.8407590838399,259.9404446071115,251.96393276898712,256.1773986816406,3773073.0,0.0,0.0,0.0,UBL.KA,
2025-06-30 00:00:00+05:00,256.1867785183686,259.94043095087216,256.1867785183686,258.9551086425781,1848550.0,0.0,0.0,0.0,UBL.KA,
2025-07-01 00:00:00+05:00,259.0020396296782,273.9228035763771,258.9551304255641,271.9709167480469,4188933.0,0.0,0.0,0.0,UBL.KA,
2025-07-02 00:00:00+05:00,271.67060861603846,287.62363226533955,271.20140203811786,286.9573669433594,9197607.0,0.0,0.0,0.0,UBL.KA,
2025-07-03 00:00:00+05:00,288.0928445911227,293.2541170512242,285.28699836336773,290.7579345703125,2884914.0,0.0,0.0,0.0,UBL.KA,
2025-07-04 00:00:00+05:00,290.7579359684823,309.5825020497085,289.96967233462976,307.3209228515625,3748255.0,0.0,0.0,0.0,UBL.KA,
2025-07-07 00:00:00+05:00,308.26874748561755,317.5965773261542,305.9414723547015,308.80364990234375,5204344.0,0.0,0.0,0.0,UBL.KA,
2025-07-08 00:00:00+05:00,308.26873337166984,315.3068323070961,304.98428720180425,309.7138977050781,3515444.0,0.0,0.0,0.0,UBL.KA,
2025-07-09 00:00:00+05:00,309.7138940188842,312.3977419680301,306.86110993234433,309.76080322265625,1098739.0,0.0,0.0,0.0,UBL.KA,
2025-07-10 00:00:00+05:00,312.3508659201838,315.3068620240391,308.73796906520494,313.1391296386719,1555566.0,0.0,0.0,0.0,UBL.KA,
2025-07-11 00:00:00+05:00,313.430003501783,323.28334193522227,309.20714417316617,320.6651611328125,6871072.0,0.0,0.0,0.0,UBL.KA,
2025-07-14 00:00:00+05:00,322.7203110237392,340.42816447333314,322.7203110237392,338.1478271484375,3934746.0,0.0,0.0,0.0,UBL.KA,
2025-07-15 00:00:00+05:00,340.64400048292424,356.59702529892894,339.70558725845336,347.2691955566406,4612685.0,0.0,0.0,0.0,UBL.KA,
2025-07-16 00:00:00+05:00,347.2128691871701,353.7723680111367,338.344853370259,340.5313720703125,2562688.0,0.0,0.0,0.0,UBL.KA,
2025-07-17 00:00:00+05:00,338.75777975265197,350.96654493171417,337.82875982731844,350.1219787597656,1937340.0,0.0,0.0,0.0,UBL.KA,
2025-07-18 00:00:00+05:00,351.46454317234577,360.54604290734164,350.0260798305763,358.158203125,2788781.0,8.0,0.0,0.0,UBL.KA,
2025-07-21 00:00:00+05:00,358.6280790223296,359.5199192387416,352.4235061916775,354.3606262207031,697674.0,0.0,0.0,0.0,UBL.KA,
2025-07-22 00:00:00+05:00,354.82094455417297,356.7101275106669,345.2311892959521,351.00421142578125,1895384.0,0.0,0.0,0.0,UBL.KA,
2025-07-23 00:00:00+05:00,350.50555804387733,353.86197241639053,346.19976725670585,351.07135009765625,1067686.0,0.0,0.0,0.0,UBL.KA,
2025-07-24 00:00:00+05:00,350.9850530019811,354.5812113319194,348.24239696317494,351.70428466796875,1139833.0,0.0,0.0,0.0,UBL.KA,
2025-07-25 00:00:00+05:00,349.99731027650745,357.19922607596396,349.16300622425416,354.216796875,1477082.0,0.0,0.0,0.0,UBL.KA,
2025-07-28 00:00:00+05:00,353.86195794820867,355.7799089397979,348.29991177884386,349.9781188964844,1348301.0,0.0,0.0,0.0,UBL.KA,
2025-07-29 00:00:00+05:00,351.9344220436446,355.7799233020122,335.64143707736997,343.687255859375,2194506.0,0.0,0.0,0.0,UBL.KA,
2025-07-30 00:00:00+05:00,340.4362966733964,352.89337884019693,340.4362966733964,350.8411865234375,1451582.0,0.0,0.0,0.0,UBL.KA,
2025-07-31 00:00:00+05:00,352.99890414755674,354.5812079444911,350.8507790250462,351.63714599609375,997268.0,0.0,0.0,0.0,UBL.KA,
2025-08-01 00:00:00+05:00,350.98505784644396,353.8619845501034,350.0260822785575,353.4400329589844,563189.0,0.0,0.0,0.0,UBL.KA,
2025-08-04 00:00:00+05:00,353.8619701288773,355.674447925811,350.9850435424637,352.9317626953125,800264.0,0.0,0.0,0.0,UBL.KA,
2025-08-05 00:00:00+05:00,352.90299067663466,359.72129256313866,352.1358219683643,356.5662841796875,975813.0,0.0,0.0,0.0,UBL.KA,
2025-08-06 00:00:00+05:00,356.5662862521605,365.32173746619344,356.5662862521605,363.10650634765625,2359824.0,0.0,0.0,0.0,UBL.KA,
2025-08-07 00:00:00+05:00,364.4107221384841,369.9535998467029,362.49277096933423,365.1587219238281,1436336.0,0.0,0.0,0.0,UBL.KA,
2025-08-08 00:00:00+05:00,365.37929577702755,368.72611119242583,363.45174549266426,365.50396728515625,677736.0,0.0,0.0,0.0,UBL.KA,
2025-08-11 00:00:00+05:00,364.4107065319518,369.2055842494775,363.4517309884467,366.9232177734375,737613.0,0.0,0.0,0.0,UBL.KA,
2025-08-12 00:00:00+05:00,369.20560120242726,370.0207363049577,364.9573463733775,365.74371337890625,297094.0,0.0,0.0,0.0,UBL.KA,
2025-08-13 00:00:00+05:00,365.7053194298714,368.24659869797233,360.680267817857,364.03668212890625,691690.0,0.0,0.0,0.0,UBL.KA,
2025-08-15 00:00:00+05:00,364.4874193710009,366.91362637651594,350.1219841568935,359.155517578125,404946.0,0.0,0.0,0.0,UBL.KA,
2025-08-18 00:00:00+05:00,359.15549602756937,363.94080370387115,356.7388882876917,362.38726806640625,600056.0,0.0,0.0,0.0,UBL.KA,
2025-08-19 00:00:00+05:00,362.38727936799984,375.91841013426813,362.38727936799984,369.6275329589844,2697339.0,0.0,0.0,0.0,UBL.KA,
2025-08-20 00:00:00+05:00,370.16455969916956,371.12353524243167,367.2876330693833,368.2657775878906,500917.0,0.0,0.0,0.0,UBL.KA,
2025-08-21 00:00:00+05:00,368.2753601728439,371.1235185790751,364.3723228632659,365.5902404785156,726587.0,0.0,0.0,0.0,UBL.KA,
2025-08-22 00:00:00+05:00,366.3286620276881,369.67547734980405,365.5902613859226,366.6451110839844,417219.0,0.0,0.0,0.0,UBL.KA,
2025-08-25 00:00:00+05:00,368.2466065822552,368.2466065822552,365.3696799683313,366.0985107421875,237136.0,0.0,0.0,0.0,UBL.KA,
2025-08-26 00:00:00+05:00,366.7889900338524,366.7889900338524,362.50236802460336,364.3340148925781,533252.0,0.0,0.0,0.0,UBL.KA,
2025-08-27 00:00:00+05:00,364.4010986786443,366.80813660015303,359.61582019622847,364.6216735839844,529210.0,0.0,0.0,0.0,UBL.KA,
2025-08-28 00:00:00+05:00,364.410700512631,368.22743364835685,364.410700512631,366.11767578125,449342.0,0.0,0.0,0.0,UBL.KA,
2025-08-29 00:00:00+05:00,364.506615011521,368.2274448545939,359.61583381846754,365.21624755859375,1129866.0,0.0,0.0,0.0,UBL.KA,
2025-09-01 00:00:00+05:00,365.4655667194715,367.28761430546285,364.04627245233223,364.5928955078125,508902.0,0.0,0.0,0.0,UBL.KA,
2025-09-02 00:00:00+05:00,366.31906406094527,367.28763873958843,364.89019984442143,366.4725036621094,367428.0,0.0,0.0,0.0,UBL.KA,
2025-09-03 00:00:00+05:00,367.2876148694232,371.12351685239366,365.5614706833303,367.9493103027344,863714.0,0.0,0.0,0.0,UBL.KA,
2025-09-04 00:00:00+05:00,371.1235213244942,373.04147233909106,367.28761929530043,368.4288024902344,655211.0,0.0,0.0,0.0,UBL.KA,
2025-09-05 00:00:00+05:00,369.20559603850904,369.34943652150554,365.36969374200504,366.6930847167969,893174.0,0.0,0.0,0.0,UBL.KA,
2025-09-08 00:00:00+05:00,368.2465960012464,368.78361994583275,361.0542796730971,361.9557189941406,1191553.0,0.0,0.0,0.0,UBL.KA,
2025-09-09 00:00:00+05:00,364.39153937540954,368.42881823934545,360.59397513293527,363.0489501953125,1335407.0,0.0,0.0,0.0,UBL.KA,
2025-09-10 00:00:00+05:00,363.8353319137875,363.8353319137875,358.90621261392516,360.114501953125,986354.0,0.0,0.0,0.0,UBL.KA,
2025-09-11 00:00:00+05:00,360.1144609394344,362.97221839930717,359.0500122064163,359.5870361328125,446283.0,0.0,0.0,0.0,UBL.KA,
2025-09-12 00:00:00+05:00,360.51725877514883,361.437867078561,344.27221115010406,348.1656494140625,1468630.0,0.0,0.0,0.0,UBL.KA,
2025-09-15 00:00:00+05:00,348.31909176182705,353.52632184482087,348.31909176182705,351.1768493652344,472944.0,0.0,0.0,0.0,UBL.KA,
2025-09-16 00:00:00+05:00,351.224781952282,355.20452448169095,350.3137435078682,352.0399169921875,1238767.0,0.0,0.0,0.0,UBL.KA,
2025-09-17 00:00:00+05:00,352.9029846176589,354.7250322177259,349.5465703617844,350.8028259277344,287886.0,0.0,0.0,0.0,UBL.KA,
2025-09-18 00:00:00+05:00,350.98506384674,355.19498070922623,350.02608826245927,353.48797607421875,571248.0,0.0,0.0,0.0,UBL.KA,
2025-09-19 00:00:00+05:00,355.07984450250007,355.07984450250007,344.7516890004698,346.0367126464844,1399327.0,0.0,0.0,0.0,UBL.KA,
2025-09-22 00:00:00+05:00,346.19014985560034,347.5327096805888,335.83322633070696,337.3963317871094,1147898.0,0.0,0.0,0.0,UBL.KA,
2025-09-23 00:00:00+05:00,337.3963317871094,337.3963317871094,337.3963317871094,337.3963317871094,0.0,0.0,0.0,0.0,UBL.KA,
2025-09-24 00:00:00+05:00,347.1491476569528,349.06709874898013,345.2311965649254,348.1944274902344,2356481.0,0.0,0.0,0.0,UBL.KA,
2025-09-25 00:00:00+05:00,348.2615808636017,349.8342856225093,345.4230212945601,346.084716796875,814442.0,0.0,0.0,0.0,UBL.KA,
2025-09-26 00:00:00+05:00,347.14916017760066,359.60624360461316,345.2503779923901,356.5183410644531,2718865.0,0.0,0.0,0.0,UBL.KA,
2025-09-29 00:00:00+05:00,357.6978918254411,364.5066243058038,357.6978918254411,359.874755859375,1468862.0,0.0,0.0,0.0,UBL.KA,
2025-09-30 00:00:00+05:00,361.53379059373077,383.4943253363549,360.58441414257857,370.22210693359375,3302128.0,0.0,0.0,0.0,UBL.KA,
2025-10-01 00:00:00+05:00,373.885385516743,374.1442983750527,365.4751513617077,369.8001403808594,801293.0,0.0,0.0,0.0,UBL.KA,
2025-10-02 00:00:00+05:00,370.1645742755348,382.6216577080497,370.1645742755348,381.202392578125,1829417.0,0.0,0.0,0.0,UBL.KA,
2025-10-03 00:00:00+05:00,381.1927798258554,393.17997416000173,374.0004632253675,387.4069519042969,3195381.0,0.0,0.0,0.0,UBL.KA,
2025-10-06 00:00:00+05:00,387.4069475584096,393.4676507039013,380.713287781691,384.8273010253906,1241178.0,0.0,0.0,0.0,UBL.KA,
2025-10-07 00:00:00+05:00,384.8273010253906,384.8273010253906,384.8273010253906,384.8273010253906,0.0,0.0,0.0,0.0,UBL.KA,
2025-10-08 00:00:00+05:00,379.6104735581412,381.54759361432156,364.41070538817036,367.0958251953125,1853359.0,0.0,0.0,0.0,UBL.KA,
2025-10-09 00:00:00+05:00,369.09051781866157,371.98661347112915,358.65685905457605,362.44482421875,910277.0,0.0,0.0,0.0,UBL.KA,
2025-10-10 00:00:00+05:00,362.0132612993304,364.8901878791926,354.8784810400232,360.6611022949219,899169.0,0.0,0.0,0.0,UBL.KA,
2025-10-13 00:00:00+05:00,354.8209476586737,359.8076321428237,351.2247894053763,358.7143859863281,1704002.0,0.0,0.0,0.0,UBL.KA,
2025-10-14 00:00:00+05:00,361.53379554555795,376.9733083172042,361.53379554555795,375.31427001953125,1226376.0,0.0,0.0,0.0,UBL.KA,
2025-10-15 00:00:00+05:00,380.1187264129556,381.3845811401287,370.19332379433007,371.9002990722656,3125577.0,0.0,0.0,0.0,UBL.KA,
2025-10-16 00:00:00+05:00,373.9908403921496,377.52946227647345,373.04146402607563,373.6839904785156,1438265.0,0.0,0.0,0.0,UBL.KA,
2025-10-17 00:00:00+05:00,373.68402278161835,376.0143263901207,370.16456956715473,371.1523132324219,516316.0,0.0,0.0,0.0,UBL.KA,
2025-10-20 00:00:00+05:00,375.6307347896669,382.6312446011885,372.0825135470204,379.4186706542969,1517673.0,0.0,0.0,0.0,UBL.KA,
2025-10-21 00:00:00+05:00,379.7543341455515,381.57638191585465,374.48956751443876,378.15283203125,1482326.0,0.0,0.0,0.0,UBL.KA,
2025-10-22 00:00:00+05:00,379.2748170627965,379.46662387248574,373.0414762008289,373.9525146484375,1646534.0,0.0,0.0,0.0,UBL.KA,
2025-10-23 00:00:00+05:00,374.0014673430109,376.93865164151623,369.4977787762527,374.9119873046875,704295.0,8.0,0.0,0.0,UBL.KA,
2025-10-24 00:00:00+05:00,368.1270967516649,376.8701081286569,367.6865071578425,368.7830810546875,405190.0,0.0,0.0,0.0,UBL.KA,
2025-10-27 00:00:00+05:00,368.783087977749,369.1061651083225,363.12411401552873,365.5227966308594,517756.0,0.0,0.0,0.0,UBL.KA,
2025-10-28 00:00:00+05:00,363.2317764443197,367.2459341273724,361.028888312245,362.1841735839844,429566.0,0.0,0.0,0.0,UBL.KA,
2025-10-29 00:00:00+05:00,362.1548291628596,362.54644777231545,354.4202495814131,357.61199951171875,461895.0,0.0,0.0,0.0,UBL.KA,
2025-10-30 00:00:00+05:00,357.35743343229666,359.8050870859425,352.87334508539465,353.3824462890625,600391.0,0.0,0.0,0.0,UBL.KA,
2025-10-31 00:00:00+05:00,355.39930198185453,384.00747839438026,355.39930198185453,376.8113708496094,1989479.0,0.0,0.0,0.0,UBL.KA,
2025-11-03 00:00:00+05:00,378.7988708010589,378.7988708010589,370.8782672189416,372.0727233886719,884657.0,0.0,0.0,0.0,UBL.KA,
2025-11-04 00:00:00+05:00,374.0993816341761,374.58891235343606,368.6166316027478,369.47821044921875,603055.0,0.0,0.0,0.0,UBL.KA,
2025-11-05 00:00:00+05:00,370.08522012892837,372.23916722396933,362.98702476931265,367.7942199707031,1050052.0,0.0,0.0,0.0,UBL.KA,
2025-11-06 00:00:00+05:00,371.06427058429193,371.06427058429193,364.7101716597074,365.20947265625,226204.0,0.0,0.0,0.0,UBL.KA,
2025-11-07 00:00:00+05:00,367.05013652478806,374.01127906399563,364.30877637965904,368.46978759765625,917817.0,0.0,0.0,0.0,UBL.KA,
2025-11-10 00:00:00+05:00,369.1061651083225,370.96637587983594,364.3087699990771,365.5227966308594,475435.0,0.0,0.0,0.0,UBL.KA,
2025-11-11 00:00:00+05:00,365.1899027849015,368.5187055745165,360.29459577706103,361.40093994140625,1434105.0,0.0,0.0,0.0,UBL.KA,
2025-11-12 00:00:00+05:00,362.2527155798973,363.9171319002109,359.3155313995197,363.2415771484375,223070.0,0.0,0.0,0.0,UBL.KA,
2025-11-13 00:00:00+05:00,364.22065986919785,366.2668947159169,362.4485610335563,364.2500305175781,272255.0,0.0,0.0,0.0,UBL.KA,
2025-11-14 00:00:00+05:00,365.6794540863566,369.086598712046,362.4583335277315,368.2641906738281,421440.0,0.0,0.0,0.0,UBL.KA,
2025-11-17 00:00:00+05:00,368.26417110527467,370.57474167864495,364.21084254810023,365.6990051269531,530487.0,0.0,0.0,0.0,UBL.KA,
2025-11-18 00:00:00+05:00,367.14801924533964,367.14801924533964,362.0373176223012,363.67236328125,582907.0,0.0,0.0,0.0,UBL.KA,
2025-11-19 00:00:00+05:00,364.2108602374207,366.56060174710655,362.39959057503927,363.26116943359375,1084147.0,0.0,0.0,0.0,UBL.KA,
2025-11-20 00:00:00+05:00,363.37864343281586,365.18991305235795,362.30166988509484,363.98565673828125,149272.0,0.0,0.0,0.0,UBL.KA,
2025-11-21 00:00:00+05:00,365.09200359557866,365.09200359557866,362.2625315817288,363.83880615234375,597534.0,0.0,0.0,0.0,UBL.KA,
2025-11-24 00:00:00+05:00,363.83879619229646,367.14802853674763,360.39251078738806,364.4262390136719,665345.0,0.0,0.0,0.0,UBL.KA,
2025-11-25 00:00:00+05:00,366.16896522649563,367.1480266308445,362.2527196090999,364.99407958984375,737146.0,0.0,0.0,0.0,UBL.KA,
2025-11-26 00:00:00+05:00,366.15915892334783,370.9663539236788,362.25271354651954,367.9704284667969,984447.0,0.0,0.0,0.0,UBL.KA,
2025-11-27 00:00:00+05:00,367.1969644069446,371.4558874528089,366.1689618931695,370.2908020019531,938937.0,0.0,0.0,0.0,UBL.KA,
2025-11-28 00:00:00+05:00,371.0642877990476,375.9595950259479,370.0852263536675,371.0936584472656,866697.0,0.0,0.0,0.0,UBL.KA,
2025-12-01 00:00:00+05:00,372.0433386222862,373.90354933968104,368.13689312789893,371.96502685546875,823294.0,0.0,0.0,0.0,UBL.KA,
2025-12-02 00:00:00+05:00,371.94543803495645,373.9035609305115,369.10616581211855,370.457275390625,1206966.0,0.0,0.0,0.0,UBL.KA,
2025-12-03 00:00:00+05:00,369.2138261551398,370.57473582790504,366.16895957631834,366.9815673828125,557870.0,0.0,0.0,0.0,UBL.KA,
2025-12-04 00:00:00+05:00,367.2557314449721,369.6446438075858,364.91579008271276,366.0710754394531,101463.0,0.0,0.0,0.0,UBL.KA,
2025-12-05 00:00:00+05:00,372.02378548913094,372.0433559621016,365.1899257206945,368.46978759765625,1262768.0,0.0,0.0,0.0,UBL.KA,
2025-12-08 00:00:00+05:00,367.3438677669511,369.10616642444046,365.9046462411872,367.70611572265625,1626241.0,0.0,0.0,0.0,UBL.KA,
2025-12-09 00:00:00+05:00,368.1466569008831,370.9663585136798,367.157825204241,369.0180358886719,931898.0,0.0,0.0,0.0,UBL.KA,
2025-12-10 00:00:00+05:00,369.0278502877001,371.4461332342458,368.25438338582296,369.8306579589844,2397678.0,0.0,0.0,0.0,UBL.KA,
2025-12-11 00:00:00+05:00,370.8684404556966,371.5342249048047,367.177389792834,369.5956726074219,341707.0,0.0,0.0,0.0,UBL.KA,
2025-12-12 00:00:00+05:00,367.34384380525404,376.05748416082486,367.34384380525404,371.71044921875,1624782.0,0.0,0.0,0.0,UBL.KA,
2025-12-15 00:00:00+05:00,372.3370431907908,376.7330492499801,370.0950140689355,374.295166015625,818174.0,0.0,0.0,0.0,UBL.KA,
2025-12-16 00:00:00+05:00,375.96937707467845,386.72925227948525,375.96937707467845,382.5584411621094,2173145.0,0.0,0.0,0.0,UBL.KA,
2025-12-17 00:00:00+05:00,385.2606611794774,396.51986728764507,381.94162868934995,393.06378173828125,3288808.0,0.0,0.0,0.0,UBL.KA,
2025-12-18 00:00:00+05:00,393.0735816316908,411.20578800355787,393.0735816316908,402.0907287597656,1976738.0,0.0,0.0,0.0,UBL.KA,
2025-12-19 00:00:00+05:00,402.49214275418535,406.31047619329746,397.4989236975392,403.44183349609375,850712.0,0.0,0.0,0.0,UBL.KA,
2025-12-22 00:00:00+05:00,403.37331849273414,403.60828368022374,398.4780112294728,400.7004699707031,814554.0,0.0,0.0,0.0,UBL.KA,
2025-12-23 00:00:00+05:00,404.3425827263676,407.2699968086412,401.4151985226785,402.66839599609375,646393.0,0.0,0.0,0.0,UBL.KA,
2025-12-24 00:00:00+05:00,403.9607642025517,405.0377377838176,399.2221103235662,401.9634704589844,470620.0,0.0,0.0,0.0,UBL.KA,
2025-12-26 00:00:00+05:00,400.4850713686144,404.84190674206053,398.47800736159286,403.8824157714844,595929.0,0.0,0.0,0.0,UBL.KA,
2025-12-29 00:00:00+05:00,404.3523678722726,411.19599766082854,404.00969039835906,409.4728698730469,702417.0,0.0,0.0,0.0,UBL.KA,
2025-12-30 00:00:00+05:00,410.2267378507785,418.9403785740401,408.2686149970755,414.1234130859375,2417653.0,0.0,0.0,0.0,UBL.KA,
2025-12-31 00:00:00+05:00,414.0450603562982,418.4508366591927,411.20578827014947,415.6996765136719,1375378.0,0.0,0.0,0.0,UBL.KA,
2026-01-01 00:00:00+05:00,415.6996765136719,415.6996765136719,415.6996765136719,415.6996765136719,0.0,0.0,0.0,0.0,UBL.KA,
2026-01-02 00:00:00+05:00,440.3230732087398,469.9494813215313,434.70327022241645,454.32366943359375,1899397.0,0.0,0.0,0.0,UBL.KA,
2026-01-05 00:00:00+05:00,457.7112161486665,484.5374932156738,457.7014159732706,477.5861511230469,2999424.0,0.0,0.0,0.0,UBL.KA,
2026-01-06 00:00:00+05:00,479.63240280450395,506.17474297344194,473.96362894175763,492.21331787109375,5763171.0,0.0,0.0,0.0,UBL.KA,
2026-01-07 00:00:00+05:00,494.4260054668551,500.3003738486395,476.3133696230198,485.1640930175781,5418336.0,0.0,0.0,0.0,UBL.KA,
2026-01-08 00:00:00+05:00,485.16411803488467,487.5726008296057,471.90761767042153,477.0672607421875,2485638.0,0.0,0.0,0.0,UBL.KA,
2026-01-09 00:00:00+05:00,478.7610408717909,481.5024009335292,473.78742193732745,475.8140563964844,1288885.0,0.0,0.0,0.0,UBL.KA,
2026-01-12 00:00:00+05:00,475.81404058281487,478.69248349126696,467.9913495520762,470.35089111328125,1109451.0,0.0,0.0,0.0,UBL.KA,
2026-01-13 00:00:00+05:00,470.35091259520595,482.6772926080213,460.1686795382181,479.7499084472656,2333866.0,0.0,0.0,0.0,UBL.KA,
2026-01-14 00:00:00+05:00,479.74009858967395,479.74009858967395,468.57880431248805,469.9005432128906,2436669.0,0.0,0.0,0.0,UBL.KA,
2026-01-15 00:00:00+05:00,473.8461586204844,476.8029133639048,460.6483998721092,464.2611389160156,2333328.0,0.0,0.0,0.0,UBL.KA,
2026-01-16 00:00:00+05:00,468.90188143639006,473.855929860111,464.0751157785826,469.9005432128906,3087898.0,0.0,0.0,0.0,UBL.KA,
2026-01-19 00:00:00+05:00,472.8866709706333,499.3213295963209,471.9076095400523,484.4200134277344,4499136.0,0.0,0.0,0.0,UBL.KA,
2026-01-20 00:00:00+05:00,487.3767533276652,490.5097617614067,479.896739763017,482.54998779296875,1696753.0,0.0,0.0,0.0,UBL.KA,
2026-01-21 00:00:00+05:00,483.08849022661076,485.0368128558685,476.4700255865031,479.4463806152344,777549.0,0.0,0.0,0.0,UBL.KA,
2026-01-22 00:00:00+05:00,484.6354194618333,485.61448091529155,475.5791010173445,476.5679626464844,883788.0,0.0,0.0,0.0,UBL.KA,
2026-01-23 00:00:00+05:00,476.5679342264565,479.98484893411177,469.94946963462246,473.60137939453125,1362851.0,0.0,0.0,0.0,UBL.KA,
2026-01-26 00:00:00+05:00,473.8657362428704,481.6003156314484,473.8657362428704,474.9622802734375,687490.0,0.0,0.0,0.0,UBL.KA,
2026-01-27 00:00:00+05:00,475.94134997370173,481.69823611269527,471.9076215575592,473.88531494140625,1168563.0,0.0,0.0,0.0,UBL.KA,
2026-01-28 00:00:00+05:00,474.64896864036274,487.57259144949364,473.9146725689027,482.58917236328125,2500629.0,0.0,0.0,0.0,UBL.KA,
2026-01-29 00:00:00+05:00,482.6772885889997,482.6772885889997,467.99136702949664,468.9704284667969,2002115.0,0.0,0.0,0.0,UBL.KA,
2026-01-30 00:00:00+05:00,469.94949106556123,486.59353554079985,469.94949106556123,476.724609375,976817.0,0.0,0.0,0.0,UBL.KA,
2026-02-02 00:00:00+05:00,477.29245770450837,486.6229121440808,473.3762118977021,484.8899841308594,2632185.0,0.0,0.0,0.0,UBL.KA,
2026-02-03 00:00:00+05:00,485.61446834198205,491.4888369106351,484.6354069138732,489.2174072265625,1740204.0,0.0,0.0,0.0,UBL.KA,
2026-02-04 00:00:00+05:00,489.52091307242176,495.8946125200553,487.57259039484217,492.60498046875,1476748.0,0.0,0.0,0.0,UBL.KA,
2026-02-06 00:00:00+05:00,494.42602297733816,498.34226870389136,479.74010150276376,483.43115234375,1551538.0,0.0,0.0,0.0,UBL.KA,
2026-02-09 00:00:00+05:00,483.666155316465,491.4888467220697,471.9076177689992,477.7721862792969,2149906.0,0.0,0.0,0.0,UBL.KA,
2026-02-10 00:00:00+05:00,481.68843373138304,481.69823390704033,472.8964810234225,477.5567932128906,775526.0,0.0,0.0,0.0,UBL.KA,
2026-02-11 00:00:00+05:00,481.68842246158624,481.68842246158624,472.78875766536896,474.9035339355469,643116.0,0.0,0.0,0.0,UBL.KA,
2026-02-12 00:00:00+05:00,474.90353557921674,481.61011236079486,464.07511853697406,474.6881408691406,1814049.0,0.0,0.0,0.0,UBL.KA,
2026-02-13 00:00:00+05:00,477.7819627879859,477.7819627879859,468.0109192681221,469.9299011230469,1048900.0,0.0,0.0,0.0,UBL.KA,
2026-02-16 00:00:00+05:00,472.8866754176407,473.3762061375347,436.6614021454819,450.21160888671875,1629894.0,0.0,0.0,0.0,UBL.KA,
2026-02-17 00:00:00+05:00,453.30542483654006,458.6902624965853,436.837605039869,446.031005859375,2234597.0,0.0,0.0,0.0,UBL.KA,
2026-02-18 00:00:00+05:00,452.3263756765451,480.9541220131954,450.42699413298465,479.0743408203125,2275151.0,0.0,0.0,0.0,UBL.KA,
2026-02-19 00:00:00+05:00,480.22962687284746,480.22962687284746,455.26356064398385,467.648681640625,1289120.0,0.0,0.0,0.0,UBL.KA,
2026-02-20 00:00:00+05:00,472.3971250926295,474.8349784153807,459.1797962040274,469.9299011230469,1053062.0,0.0,0.0,0.0,UBL.KA,
2026-02-23 00:00:00+05:00,469.83199841543575,474.6489638637315,454.33343942444793,460.2469787597656,537586.0,0.0,0.0,0.0,UBL.KA,
2026-02-24 00:00:00+05:00,460.2567733542727,469.9299048349101,450.358446993761,451.79766845703125,1204649.0,0.0,0.0,0.0,UBL.KA,
2026-02-25 00:00:00+05:00,457.2216950383711,462.0093198484804,437.64046612880486,440.6168212890625,2942476.0,0.0,0.0,0.0,UBL.KA,
2026-02-26 00:00:00+05:00,440.6755634242338,448.40034270689637,433.7242211723906,441.74273681640625,1492825.0,0.0,0.0,0.0,UBL.KA,
2026-02-27 00:00:00+05:00,440.57765585857715,447.4310860608217,420.99642670930706,430.5912170410156,1416459.0,0.0,0.0,0.0,UBL.KA,
2026-03-02 00:00:00+05:00,387.5321068793392,406.31049815324843,387.5321068793392,387.7377014160156,3856859.0,0.0,0.0,0.0,UBL.KA,
2026-03-03 00:00:00+05:00,387.70831614951953,415.1220354732229,386.72925474510157,409.9134216308594,3163672.0,0.0,0.0,0.0,UBL.KA,
2026-03-04 00:00:00+05:00,411.20578841239774,411.20578841239774,395.2470995278259,404.20550537109375,2585696.0,0.0,0.0,0.0,UBL.KA,
2026-03-05 00:00:00+05:00,407.2895517912784,413.0562379119664,404.4992207612225,407.35809326171875,1102310.0,0.0,0.0,0.0,UBL.KA,
2026-03-06 00:00:00+05:00,409.24768820731856,409.24768820731856,390.6553207372288,393.0833740234375,2875618.0,0.0,0.0,0.0,UBL.KA,
2026-03-09 00:00:00+05:00,372.0433374275119,379.8758287417753,353.7740478515625,353.7740478515625,5325659.0,0.0,0.0,0.0,UBL.KA,
2026-03-10 00:00:00+05:00,389.14754867422124,389.14754867422124,371.45590142248227,373.50213623046875,2343117.0,0.0,0.0,0.0,UBL.KA,
2026-03-11 00:00:00+05:00,374.158116319747,380.8059517358498,365.09199799808175,366.5312194824219,1198962.0,0.0,0.0,0.0,UBL.KA,
2026-03-12 00:00:00+05:00,366.1494025881377,366.1494025881377,354.90976666946034,357.57281494140625,1265998.0,0.0,0.0,0.0,UBL.KA,
2026-03-13 00:00:00+05:00,357.57280306828835,368.1270836873735,354.96849617804884,363.5940246582031,688786.0,0.0,0.0,0.0,UBL.KA,
2026-03-16 00:00:00+05:00,363.5940369692089,367.1284642537006,344.7275340477159,350.944580078125,1020364.0,0.0,0.0,0.0,UBL.KA,
2026-03-17 00:00:00+05:00,352.47192547841144,358.14066981444853,350.0144716547374,357.19097900390625,822144.0,0.0,0.0,0.0,UBL.KA,
2026-03-18 00:00:00+05:00,357.35742156143095,378.89677299801036,357.35742156143095,374.07000732421875,1164731.0,0.0,0.0,0.0,UBL.KA,
2026-03-19 00:00:00+05:00,362.32000732421875,375.0,362.32000732421875,368.7200012207031,1169167.0,8.0,0.0,0.0,UBL.KA,
2026-03-20 00:00:00+05:00,368.7200012207031,368.7200012207031,368.7200012207031,368.7200012207031,0.0,0.0,0.0,0.0,UBL.KA,
2026-03-23 00:00:00+05:00,368.7200012207031,368.7200012207031,368.7200012207031,368.7200012207031,0.0,0.0,0.0,0.0,UBL.KA,
2026-03-24 00:00:00+05:00,378.010009765625,378.7699890136719,367.010009765625,369.5400085449219,707600.0,0.0,0.0,0.0,UBL.KA,
2026-03-25 00:00:00+05:00,372.0199890136719,376.8800048828125,369.3999938964844,374.010009765625,1466624.0,0.0,0.0,0.0,UBL.KA,
2026-03-26 00:00:00+05:00,374.5,374.989990234375,343.0,347.5799865722656,2917729.0,0.0,0.0,0.0,UBL.KA,
2026-03-27 00:00:00+05:00,350.0,354.5,339.0,344.45001220703125,2385166.0,0.0,0.0,0.0,UBL.KA,
2021-03-29 00:00:00+05:00,83.28040351394306,83.31392644520642,78.54834249338529,80.03788757324219,846458.0,0.0,0.0,0.0,MCB.KA,
2021-03-30 00:00:00+05:00,80.48811161148315,83.3378825710862,80.48811161148315,82.86371612548828,409858.0,0.0,0.0,0.0,MCB.KA,
2021-03-31 00:00:00+05:00,82.85893366455055,83.5486276921186,81.9010269169835,82.45182037353516,800724.0,0.0,0.0,0.0,MCB.KA,
2021-04-01 00:00:00+05:00,83.09840596002239,83.09840596002239,81.4747544010297,82.44702911376953,301423.0,0.0,0.0,0.0,MCB.KA,
2021-04-02 00:00:00+05:00,83.28040457621417,83.28040457621417,81.6136417815708,81.87706756591797,89416.0,0.0,0.0,0.0,MCB.KA,
2021-04-05 00:00:00+05:00,82.37998431853207,82.59551188562264,80.89522586391014,81.09159851074219,182457.0,0.0,0.0,0.0,MCB.KA,
2021-04-06 00:00:00+05:00,81.09157300081591,82.3799584033033,80.08098135830599,81.84832000732422,157336.0,0.0,0.0,0.0,MCB.KA,
2021-04-07 00:00:00+05:00,81.90100899753114,83.33786880450536,81.01494252659826,82.09738159179688,2535281.0,0.0,0.0,0.0,MCB.KA,
2021-04-08 00:00:00+05:00,82.85893763508365,83.09841433345093,81.94892910458746,82.83978271484375,103813.0,0.0,0.0,0.0,MCB.KA,
2021-04-09 00:00:00+05:00,83.09840319964485,83.09840319964485,81.68549233023417,82.70565795898438,76857.0,0.0,0.0,0.0,MCB.KA,
2021-04-12 00:00:00+05:00,83.05049869595386,83.81682689370956,82.4278652570556,83.63003540039062,200888.0,0.0,0.0,0.0,MCB.KA,
2021-04-13 00:00:00+05:00,83.6252458959092,84.19998837221586,82.66733933264905,83.74977111816406,273032.0,0.0,0.0,0.0,MCB.KA,
2021-04-14 00:00:00+05:00,84.27183642331086,84.27183642331086,82.6242358091247,83.17024230957031,317266.0,0.0,0.0,0.0,MCB.KA,
2021-04-15 00:00:00+05:00,82.69130307583072,84.22395983003038,82.69130307583072,83.16068267822266,210827.0,0.0,0.0,0.0,MCB.KA,
2021-04-16 00:00:00+05:00,83.7641600873577,83.7689469904026,82.86851956528481,83.20857238769531,674796.0,0.0,0.0,0.0,MCB.KA,
2021-04-19 00:00:00+05:00,83.45283806513137,83.45283806513137,82.43266504539243,82.7535629272461,69339.0,0.0,0.0,0.0,MCB.KA,
2021-04-20 00:00:00+05:00,82.64818956519625,83.81683691782737,82.15008129285665,82.39913177490234,233562.0,0.0,0.0,0.0,MCB.KA,
2021-04-21 00:00:00+05:00,83.02176005433414,83.2277137656505,82.48533471773776,82.83496856689453,32254.0,0.0,0.0,0.0,MCB.KA,
2021-04-22 00:00:00+05:00,82.61945426847907,82.84934983404708,81.18259419424466,81.40291595458984,466708.0,0.0,0.0,0.0,MCB.KA,
2021-04-23 00:00:00+05:00,81.8770625545493,81.8770625545493,80.4928878541514,80.9239501953125,73672.0,0.0,0.0,0.0,MCB.KA,
2021-04-26 00:00:00+05:00,80.84732481843166,81.88665268364699,80.70363735555556,81.07243347167969,206254.0,0.0,0.0,0.0,MCB.KA,
2021-04-27 00:00:00+05:00,81.27838057047352,82.14049804660645,79.74573133970831,79.99478912353516,375005.0,0.0,0.0,0.0,MCB.KA,
2021-04-28 00:00:00+05:00,79.8942000503825,80.70363230933279,78.52439329867757,78.84529113769531,1090572.0,0.0,0.0,0.0,MCB.KA,
2021-04-29 00:00:00+05:00,78.7111646266981,79.26196517410001,78.26094746372031,78.36631774902344,729073.0,0.0,0.0,0.0,MCB.KA,
2021-04-30 00:00:00+05:00,79.02251115771814,79.02729805996474,77.11148477366255,77.69580841064453,285981.0,0.0,0.0,0.0,MCB.KA,
2021-05-03 00:00:00+05:00,78.54356956564844,78.75909713089425,77.11628319226749,78.28014373779297,35775.0,0.0,0.0,0.0,MCB.KA,
2021-05-04 00:00:00+05:00,78.83092531936504,79.76967704379622,78.54834461406219,79.44398498535156,128525.0,0.0,0.0,0.0,MCB.KA,
2021-05-05 00:00:00+05:00,80.12337893484883,80.73384547868956,79.44398935477186,80.33999633789062,131415.0,4.5,0.0,0.0,MCB.KA,
2021-05-06 00:00:00+05:00,79.90673610802261,81.21628089190332,79.90673610802261,80.50243377685547,100899.0,0.0,0.0,0.0,MCB.KA,
2021-05-07 00:00:00+05:00,80.50243377685547,80.50243377685547,80.50243377685547,80.50243377685547,0.0,0.0,0.0,0.0,MCB.KA,
2021-05-10 00:00:00+05:00,80.50243377685547,80.50243377685547,80.50243377685547,80.50243377685547,0.0,0.0,0.0,0.0,MCB.KA,
2021-05-11 00:00:00+05:00,80.50243377685547,80.50243377685547,80.50243377685547,80.50243377685547,0.0,0.0,0.0,0.0,MCB.KA,
2021-05-12 00:00:00+05:00,80.50243377685547,80.50243377685547,80.50243377685547,80.50243377685547,0.0,0.0,0.0,0.0,MCB.KA,
2021-05-13 00:00:00+05:00,80.50243377685547,80.50243377685547,80.50243377685547,80.50243377685547,0.0,0.0,0.0,0.0,MCB.KA,
2021-05-14 00:00:00+05:00,80.50243377685547,80.50243377685547,80.50243377685547,80.50243377685547,0.0,0.0,0.0,0.0,MCB.KA,
2021-05-17 00:00:00+05:00,81.22122686445161,82.65876983854263,80.5418447985889,82.12215423583984,322033.0,0.0,0.0,0.0,MCB.KA,
2021-05-18 00:00:00+05:00,82.65383947198688,82.65383947198688,80.98491061153797,81.42798614501953,296180.0,0.0,0.0,0.0,MCB.KA,
2021-05-19 00:00:00+05:00,81.71846237638896,81.71846237638896,80.24645416316925,80.3843002319336,695731.0,0.0,0.0,0.0,MCB.KA,
2021-05-20 00:00:00+05:00,80.256307682228,80.71907987694257,79.31599460675884,79.5030746459961,322765.0,0.0,0.0,0.0,MCB.KA,
2021-05-21 00:00:00+05:00,79.99536060397905,80.09874137574865,79.31105080857495,79.86735534667969,431128.0,0.0,0.0,0.0,MCB.KA,
2021-05-24 00:00:00+05:00,80.21197227299255,80.32028094916231,79.81813073642518,79.88212585449219,117601.0,0.0,0.0,0.0,MCB.KA,
2021-05-25 00:00:00+05:00,80.21692042292352,80.32030122315122,79.65568782840153,80.16768646240234,234245.0,0.0,0.0,0.0,MCB.KA,
2021-05-26 00:00:00+05:00,80.49260205483317,82.21568527924855,80.30060165316588,81.61998748779297,444710.0,0.0,0.0,0.0,MCB.KA,
2021-05-27 00:00:00+05:00,81.72337418339859,83.1953822420026,79.7541362512685,80.93075561523438,5580737.0,0.0,0.0,0.0,MCB.KA,
2021-05-28 00:00:00+05:00,80.9849016856548,81.42797717030207,80.43843791483208,80.67967224121094,737567.0,0.0,0.0,0.0,MCB.KA,
2021-05-31 00:00:00+05:00,80.9603040670712,82.30923493960765,80.9603040670712,81.75785064697266,700434.0,0.0,0.0,0.0,MCB.KA,
2021-06-01 00:00:00+05:00,82.21568421764374,82.56029935566765,81.72337473131054,82.10245513916016,171963.0,0.0,0.0,0.0,MCB.KA,
2021-06-02 00:00:00+05:00,82.21570350671213,82.46185830763044,81.62493348691788,81.8267822265625,553242.0,0.0,0.0,0.0,MCB.KA,
2021-06-03 00:00:00+05:00,82.45692824665322,82.45692824665322,81.18184081826256,81.31968688964844,529401.0,0.0,0.0,0.0,MCB.KA,
2021-06-04 00:00:00+05:00,81.6741503689388,81.6741503689388,80.9898404030583,81.44276428222656,223943.0,0.0,0.0,0.0,MCB.KA,
2021-06-07 00:00:00+05:00,81.72337389305346,81.54614217930956,81.03414362407524,81.2359848022461,714186.0,0.0,0.0,0.0,MCB.KA,
2021-06-08 00:00:00+05:00,81.1818236833509,82.95414067287156,80.98490291209123,81.85629272460938,2055083.0,0.0,0.0,0.0,MCB.KA,
2021-06-09 00:00:00+05:00,82.46184714160817,82.46184714160817,81.18183934533741,81.3689193725586,614594.0,0.0,0.0,0.0,MCB.KA,
2021-06-10 00:00:00+05:00,81.91536462044797,81.96951895747829,81.0833604933667,81.52644348144531,264776.0,0.0,0.0,0.0,MCB.KA,
2021-06-11 00:00:00+05:00,81.1916834177535,82.05814545026955,81.11291209333014,81.21138000488281,227473.0,0.0,0.0,0.0,MCB.KA,
2021-06-14 00:00:00+05:00,81.96954402681489,81.96954402681489,81.3541570596466,81.72830963134766,1076625.0,0.0,0.0,0.0,MCB.KA,
2021-06-15 00:00:00+05:00,81.96954253573988,82.16154296552186,80.30061341162023,81.03907775878906,482421.0,0.0,0.0,0.0,MCB.KA,
2021-06-16 00:00:00+05:00,81.3541601751197,81.47231718167812,80.2956975558754,80.52215576171875,1358394.0,0.0,0.0,0.0,MCB.KA,
2021-06-17 00:00:00+05:00,80.73876402968398,81.22615317541973,80.00029972453443,80.2021484375,120987.0,0.0,0.0,0.0,MCB.KA,
2021-06-18 00:00:00+05:00,80.49259711696793,80.73875184821249,79.0895121440555,79.55228424072266,622796.0,0.0,0.0,0.0,MCB.KA,
2021-06-21 00:00:00+05:00,79.74922005818611,79.74922005818611,78.4741327208653,78.56767272949219,268587.0,0.0,0.0,0.0,MCB.KA,
2021-06-22 00:00:00+05:00,79.01074528898455,79.01074528898455,78.17874112757029,78.2378158569336,280652.0,0.0,0.0,0.0,MCB.KA,
2021-06-23 00:00:00+05:00,78.6415167697474,78.64643716006864,77.5387408620395,77.7750473022461,240506.0,0.0,0.0,0.0,MCB.KA,
2021-06-24 00:00:00+05:00,78.15413437405203,78.15413437405203,77.04643798134894,77.21382141113281,477148.0,0.0,0.0,0.0,MCB.KA,
2021-06-25 00:00:00+05:00,77.16951894259927,77.53875109064998,76.31289765478458,76.50489807128906,419360.0,0.0,0.0,0.0,MCB.KA,
2021-06-28 00:00:00+05:00,76.38672781594313,76.8002659063944,75.08210340710096,75.2938003540039,412572.0,0.0,0.0,0.0,MCB.KA,
2021-06-29 00:00:00+05:00,75.37260402284213,77.28768809832432,73.84644123255003,75.43167877197266,1309495.0,0.0,0.0,0.0,MCB.KA,
2021-06-30 00:00:00+05:00,75.78612647579187,80.24152900281132,74.58489008048885,78.68582916259766,2558622.0,0.0,0.0,0.0,MCB.KA,
2021-07-01 00:00:00+05:00,78.91721883463947,79.25691361086048,77.5387506539378,78.09998321533203,479686.0,0.0,0.0,0.0,MCB.KA,
2021-07-02 00:00:00+05:00,78.6464501606321,78.76952754742494,76.85936410054468,77.50921630859375,247909.0,0.0,0.0,0.0,MCB.KA,
2021-07-05 00:00:00+05:00,77.76029912108251,77.82922216398323,76.89875732879943,77.6323013305664,1051395.0,0.0,0.0,0.0,MCB.KA,
2021-07-06 00:00:00+05:00,77.7602835576808,78.4741308260035,77.31720801514855,78.06059265136719,246250.0,0.0,0.0,0.0,MCB.KA,
2021-07-07 00:00:00+05:00,78.25258899051526,78.25258899051526,77.29258702352408,77.72089385986328,167931.0,0.0,0.0,0.0,MCB.KA,
2021-07-08 00:00:00+05:00,78.27229094853803,78.81875479987885,77.53874708133644,78.4396743774414,1167305.0,0.0,0.0,0.0,MCB.KA,
2021-07-09 00:00:00+05:00,78.7646012867194,78.7646012867194,77.66182527889767,77.77013397216797,222236.0,0.0,0.0,0.0,MCB.KA,
2021-07-12 00:00:00+05:00,78.24766943251302,78.67105588297791,77.7848973224646,78.46428680419922,204056.0,0.0,0.0,0.0,MCB.KA,
2021-07-13 00:00:00+05:00,78.27721162637634,78.49382901142087,77.78490211929221,78.01136779785156,268436.0,0.0,0.0,0.0,MCB.KA,
2021-07-14 00:00:00+05:00,78.40029872154444,78.40029872154444,76.35721701870638,76.61321258544922,1025218.0,0.0,0.0,0.0,MCB.KA,
2021-07-15 00:00:00+05:00,76.8445984587157,77.34183592876357,76.55905800860104,76.79537200927734,1307153.0,0.0,0.0,0.0,MCB.KA,
2021-07-16 00:00:00+05:00,77.02182498670474,77.7849062657721,76.55413243245292,77.30736541748047,1151544.0,0.0,0.0,0.0,MCB.KA,
2021-07-19 00:00:00+05:00,77.97689481665749,77.97689481665749,77.04643024074946,77.64212799072266,314224.0,0.0,0.0,0.0,MCB.KA,
2021-07-20 00:00:00+05:00,77.64212799072266,77.64212799072266,77.64212799072266,77.64212799072266,0.0,0.0,0.0,0.0,MCB.KA,
2021-07-21 00:00:00+05:00,77.64212799072266,77.64212799072266,77.64212799072266,77.64212799072266,0.0,0.0,0.0,0.0,MCB.KA,
2021-07-22 00:00:00+05:00,77.64212799072266,77.64212799072266,77.64212799072266,77.64212799072266,0.0,0.0,0.0,0.0,MCB.KA,
2021-07-23 00:00:00+05:00,77.64212799072266,77.64212799072266,77.64212799072266,77.64212799072266,0.0,0.0,0.0,0.0,MCB.KA,
2021-07-26 00:00:00+05:00,78.01627160110357,80.24151220337595,77.39103655666835,78.79904174804688,791716.0,0.0,0.0,0.0,MCB.KA,
2021-07-27 00:00:00+05:00,79.65075663978777,80.96030181034054,78.58244584656234,80.07907104492188,2397431.0,0.0,0.0,0.0,MCB.KA,
2021-07-28 00:00:00+05:00,80.73383804617264,81.06368451151175,79.26182992887102,79.54244995117188,210653.0,0.0,0.0,0.0,MCB.KA,
2021-07-29 00:00:00+05:00,80.19228071910192,80.19228071910192,78.27719738543689,79.61627960205078,713969.0,0.0,0.0,0.0,MCB.KA,
2021-07-30 00:00:00+05:00,79.63105648365521,82.16644724014009,78.52336018017316,79.62120819091797,916633.0,0.0,0.0,0.0,MCB.KA,
2021-08-02 00:00:00+05:00,80.2415314468241,81.72338039912182,79.26183279673863,80.97999572753906,352169.0,0.0,0.0,0.0,MCB.KA,
2021-08-03 00:00:00+05:00,80.8618384792285,82.4126104589428,80.73876109950363,81.77753448486328,486590.0,0.0,0.0,0.0,MCB.KA,
2021-08-04 00:00:00+05:00,82.16154514910043,82.21077911170595,80.98492555848941,81.73323822021484,462238.0,0.0,0.0,0.0,MCB.KA,
2021-08-05 00:00:00+05:00,82.16152044453317,82.16152044453317,81.32951630618619,81.4132080078125,329110.0,0.0,0.0,0.0,MCB.KA,
2021-08-06 00:00:00+05:00,81.72338070551234,82.95415451131825,81.08830472701725,81.78245544433594,598730.0,0.0,0.0,0.0,MCB.KA,
2021-08-09 00:00:00+05:00,82.45692830563894,83.19539262232622,81.35415222171551,82.42738342285156,329379.0,0.0,0.0,0.0,MCB.KA,
2021-08-10 00:00:00+05:00,81.94984396255468,82.46184254529648,81.35414615289697,81.51660919189453,247185.0,0.0,0.0,0.0,MCB.KA,
2021-08-11 00:00:00+05:00,82.06305720020184,82.16643797011746,80.86182103135519,81.08335876464844,460040.0,0.0,0.0,0.0,MCB.KA,
2021-08-12 00:00:00+05:00,81.6397033941335,81.6397033941335,80.24646629866787,80.72892761230469,250889.0,0.0,0.0,0.0,MCB.KA,
2021-08-13 00:00:00+05:00,81.17690931263014,81.17690931263014,80.0495239162869,80.24644470214844,398979.0,0.0,0.0,0.0,MCB.KA,
2021-08-16 00:00:00+05:00,80.72400638203118,80.72400638203118,78.7449196702543,79.67538452148438,471761.0,0.0,0.0,0.0,MCB.KA,
2021-08-17 00:00:00+05:00,79.9756730340595,80.98490896429126,79.28644277109687,80.49259948730469,202115.0,0.0,0.0,0.0,MCB.KA,
2021-08-18 00:00:00+05:00,80.49259948730469,80.49259948730469,80.49259948730469,80.49259948730469,0.0,0.0,0.0,0.0,MCB.KA,
2021-08-19 00:00:00+05:00,80.49259948730469,80.49259948730469,80.49259948730469,80.49259948730469,0.0,0.0,0.0,0.0,MCB.KA,
2021-08-20 00:00:00+05:00,80.72398782534833,82.21568498183953,79.5621371263207,81.18675994873047,311059.0,0.0,0.0,0.0,MCB.KA,
2021-08-23 00:00:00+05:00,81.19661438688901,82.757242346165,80.25138090680362,82.22061920166016,336968.0,0.0,0.0,0.0,MCB.KA,
2021-08-24 00:00:00+05:00,82.0630801543842,82.83108185104577,81.11291881589051,81.5116958618164,179849.0,0.0,0.0,0.0,MCB.KA,
2021-08-25 00:00:00+05:00,82.03354246300465,82.43231199532605,81.03415468060368,82.06307983398438,184247.0,0.0,0.0,0.0,MCB.KA,
2021-08-26 00:00:00+05:00,82.6587533693176,83.20029676729592,81.23597936413384,82.72767639160156,232589.0,0.0,0.0,0.0,MCB.KA,
2021-08-27 00:00:00+05:00,82.9246171782377,82.9246171782377,81.7233807413173,82.15168762207031,149143.0,0.0,0.0,0.0,MCB.KA,
2021-08-30 00:00:00+05:00,82.1516943301017,82.46185175848143,80.73876828890121,81.4673843383789,154387.0,0.0,0.0,0.0,MCB.KA,
2021-08-31 00:00:00+05:00,81.47722624578202,82.2107701410931,80.73876195956647,81.3541488647461,1454659.0,0.0,0.0,0.0,MCB.KA,
2021-09-01 00:00:00+05:00,81.95967003584197,81.95967003584197,80.49259006944743,80.60089874267578,653904.0,0.0,0.0,0.0,MCB.KA,
2021-09-02 00:00:00+05:00,80.73876023008657,80.73876023008657,78.79413915378352,79.06491088867188,275691.0,0.0,0.0,0.0,MCB.KA,
2021-09-03 00:00:00+05:00,80.19229484096695,80.19721523167222,79.11906372756253,79.72952270507812,199310.0,0.0,0.0,0.0,MCB.KA,
2021-09-06 00:00:00+05:00,80.68952456689907,80.9849132736277,79.26183001248668,80.1578369140625,529610.0,0.0,0.0,0.0,MCB.KA,
2021-09-07 00:00:00+05:00,80.39413688882273,80.67474937674272,79.65567269360153,80.2907485961914,232148.0,0.0,0.0,0.0,MCB.KA,
2021-09-08 00:00:00+05:00,79.36521549848783,80.73875565835074,79.01567245832496,80.19721221923828,409954.0,0.0,0.0,0.0,MCB.KA,
2021-09-09 00:00:00+05:00,80.23785036284468,80.62893460935287,78.47544090446075,80.10072326660156,866654.0,5.0,0.0,0.0,MCB.KA,
2021-09-10 00:00:00+05:00,80.22261389741847,80.69496381130303,79.11031428560582,79.25252532958984,270141.0,0.0,0.0,0.0,MCB.KA,
2021-09-13 00:00:00+05:00,78.21639041203105,80.42575259181869,78.21639041203105,79.7603988647461,203222.0,0.0,0.0,0.0,MCB.KA,
2021-09-14 00:00:00+05:00,80.19213528196681,80.19213528196681,78.72430816868935,79.01889038085938,189869.0,0.0,0.0,0.0,MCB.KA,
2021-09-15 00:00:00+05:00,79.23222087646,79.53696328749189,78.72432202468782,79.15095520019531,240279.0,0.0,0.0,0.0,MCB.KA,
2021-09-16 00:00:00+05:00,79.43536452148881,79.99405626841086,79.10523342098408,79.7502670288086,120310.0,0.0,0.0,0.0,MCB.KA,
2021-09-17 00:00:00+05:00,78.97826883336049,79.98899030486515,78.77511239935248,78.98334503173828,297450.0,0.0,0.0,0.0,MCB.KA,
2021-09-20 00:00:00+05:00,79.45568193385088,84.81401531278054,78.85128117950869,81.13682556152344,400143.0,0.0,0.0,0.0,MCB.KA,
2021-09-21 00:00:00+05:00,81.13682556152344,81.13682556152344,81.13682556152344,81.13682556152344,0.0,0.0,0.0,0.0,MCB.KA,
2021-09-22 00:00:00+05:00,82.92970685156023,83.29539456966454,80.62892614594053,82.61988830566406,297999.0,0.0,0.0,0.0,MCB.KA,
2021-09-23 00:00:00+05:00,81.26380466766682,82.61989347806806,80.76606603405504,81.24349212646484,151924.0,0.0,0.0,0.0,MCB.KA,
2021-09-24 00:00:00+05:00,82.17294960204498,82.17294960204498,79.28301172333713,79.90264892578125,659364.0,0.0,0.0,0.0,MCB.KA,
2021-09-27 00:00:00+05:00,80.2175356214754,81.18254021635862,78.11483495426974,79.91787719726562,483935.0,0.0,0.0,0.0,MCB.KA,
2021-09-28 00:00:00+05:00,79.91787719726562,79.91787719726562,79.91787719726562,79.91787719726562,0.0,0.0,0.0,0.0,MCB.KA,
2021-09-29 00:00:00+05:00,79.10015443322389,79.10015443322389,75.42296467845787,75.641357421875,1096228.0,0.0,0.0,0.0,MCB.KA,
2021-09-30 00:00:00+05:00,76.07814954144492,77.69834777665871,75.21980717302864,76.53526306152344,2631189.0,0.0,0.0,0.0,MCB.KA,
2021-10-01 00:00:00+05:00,76.687639842966,77.95738679728407,75.17917984124249,75.5753402709961,421745.0,0.0,0.0,0.0,MCB.KA,
2021-10-04 00:00:00+05:00,75.67691493767332,76.69271245361524,74.88967031283433,75.69722747802734,631411.0,0.0,0.0,0.0,MCB.KA,
2021-10-05 00:00:00+05:00,75.52455093912513,75.93087153410785,75.42297272785963,75.62612915039062,431997.0,0.0,0.0,0.0,MCB.KA,
2021-10-06 00:00:00+05:00,75.88008805552204,75.88008805552204,74.91508330277699,75.30616760253906,574016.0,0.0,0.0,0.0,MCB.KA,
2021-10-07 00:00:00+05:00,75.67692258437306,76.69272020295524,75.16902377508195,75.52455139160156,579150.0,0.0,0.0,0.0,MCB.KA,
2021-10-08 00:00:00+05:00,75.85469808824872,76.63178272658823,75.1893440695456,76.28640747070312,861478.0,0.0,0.0,0.0,MCB.KA,
2021-10-11 00:00:00+05:00,76.65715213120613,76.65715213120613,75.27059075865606,75.99180603027344,117847.0,0.0,0.0,0.0,MCB.KA,
2021-10-12 00:00:00+05:00,75.92070887900405,77.0736413010636,75.37217725639317,76.30671691894531,1506093.0,0.0,0.0,0.0,MCB.KA,
2021-10-13 00:00:00+05:00,76.40830722012151,76.69272934724967,74.86429031582337,75.30616760253906,1112418.0,0.0,0.0,0.0,MCB.KA,
2021-10-14 00:00:00+05:00,76.10354702552725,76.83999866483842,74.67127657699433,75.900390625,1170507.0,0.0,0.0,0.0,MCB.KA,
2021-10-15 00:00:00+05:00,76.17974144153945,78.71923536285314,75.8292900404109,77.8761215209961,3790858.0,0.0,0.0,0.0,MCB.KA,
2021-10-18 00:00:00+05:00,77.2056828036739,79.74010024473557,76.94665724253146,79.46075439453125,1366240.0,0.0,0.0,0.0,MCB.KA,
2021-10-19 00:00:00+05:00,79.46075439453125,79.46075439453125,79.46075439453125,79.46075439453125,0.0,0.0,0.0,0.0,MCB.KA,
2021-10-20 00:00:00+05:00,79.23220696969999,81.25872582255009,78.7243082070737,81.07588195800781,1304963.0,0.0,0.0,0.0,MCB.KA,
2021-10-21 00:00:00+05:00,81.26380684839056,83.54427521804492,79.48616107358201,81.5990219116211,1917195.0,0.0,0.0,0.0,MCB.KA,
2021-10-22 00:00:00+05:00,82.7062271207567,82.7062271207567,80.77113420441485,81.17237854003906,1028966.0,0.0,0.0,0.0,MCB.KA,
2021-10-25 00:00:00+05:00,81.74629883351942,81.74629883351942,80.50702469551582,81.17237854003906,512745.0,0.0,0.0,0.0,MCB.KA,
2021-10-26 00:00:00+05:00,81.08604984401755,81.20794836030662,80.50196925538246,80.5578384399414,804349.0,0.0,0.0,0.0,MCB.KA,
2021-10-27 00:00:00+05:00,80.95906282478285,83.80329910654903,80.95906282478285,83.19889831542969,1677425.0,0.0,0.0,0.0,MCB.KA,
2021-10-28 00:00:00+05:00,83.79821477346805,83.79821477346805,81.7716960382024,83.04144287109375,281372.0,0.0,0.0,0.0,MCB.KA,
2021-10-29 00:00:00+05:00,83.75249610828945,83.75249610828945,82.33038588746625,83.27507781982422,124028.0,0.0,0.0,0.0,MCB.KA,
2021-11-01 00:00:00+05:00,84.15883381311924,84.31120501071318,83.27509481693232,83.47317504882812,166531.0,0.0,0.0,0.0,MCB.KA,
2021-11-02 00:00:00+05:00,83.29538234215141,83.8032810149694,83.0414330057424,83.63567352294922,215351.0,0.0,0.0,0.0,MCB.KA,
2021-11-03 00:00:00+05:00,83.80328873016738,83.80328873016738,82.28466876866185,82.85859680175781,1608884.0,0.0,0.0,0.0,MCB.KA,
2021-11-04 00:00:00+05:00,83.54936632292639,83.54936632292639,81.51777078923821,82.13233184814453,464021.0,0.0,0.0,0.0,MCB.KA,
2021-11-05 00:00:00+05:00,82.27960725396599,83.29032867625473,82.26437090965337,83.13287353515625,450404.0,0.0,0.0,0.0,MCB.KA,
2021-11-08 00:00:00+05:00,83.82224995742946,84.0259298722105,82.46960621647311,82.55316925048828,178808.0,4.5,0.0,0.0,MCB.KA,
2021-11-09 00:00:00+05:00,83.03886899509952,83.03886899509952,81.73322640083694,81.90035247802734,163943.0,0.0,0.0,0.0,MCB.KA,
2021-11-10 00:00:00+05:00,82.77250385109689,82.77250385109689,81.05427408570999,81.21095275878906,458924.0,0.0,0.0,0.0,MCB.KA,
2021-11-11 00:00:00+05:00,81.62876560532776,81.73321540501482,80.95504965467978,81.15872955322266,609202.0,0.0,0.0,0.0,MCB.KA,
2021-11-12 00:00:00+05:00,81.3415305487078,81.6026590576924,79.72775827574519,80.12989044189453,342344.0,0.0,0.0,0.0,MCB.KA,
2021-11-15 00:00:00+05:00,80.11423299118282,80.11423299118282,78.88693363295327,79.03316497802734,390643.0,0.0,0.0,0.0,MCB.KA,
2021-11-16 00:00:00+05:00,78.91303403855038,79.38306213993313,78.86602485320473,79.0279312133789,1164868.0,0.0,0.0,0.0,MCB.KA,
2021-11-17 00:00:00+05:00,79.30471570642607,81.4720787154189,79.30471570642607,81.06993865966797,2129747.0,0.0,0.0,0.0,MCB.KA,
2021-11-18 00:00:00+05:00,81.44597587738828,82.23980873234798,81.21096182603439,81.78022003173828,1273530.0,0.0,0.0,0.0,MCB.KA,
2021-11-19 00:00:00+05:00,81.9943621308941,85.33680427856196,81.05952545754988,83.80659484863281,873921.0,0.0,0.0,0.0,MCB.KA,
2021-11-22 00:00:00+05:00,83.58724407250813,85.65015786634048,81.47210138505558,81.82723236083984,1601084.0,0.0,0.0,0.0,MCB.KA,
2021-11-23 00:00:00+05:00,81.98389924763313,82.72550320981372,81.60265388002821,81.99434661865234,1098017.0,0.0,0.0,0.0,MCB.KA,
2021-11-24 00:00:00+05:00,82.62104911932113,82.62104911932113,79.64418605405335,79.86353302001953,2804322.0,0.0,0.0,0.0,MCB.KA,
2021-11-25 00:00:00+05:00,79.51883403058393,81.15872040474493,78.3646507252806,79.56061553955078,3070691.0,0.0,0.0,0.0,MCB.KA,
2021-11-26 00:00:00+05:00,78.61014181624877,81.46688882321918,78.61014181624877,80.43804168701172,2035145.0,0.0,0.0,0.0,MCB.KA,
2021-11-29 00:00:00+05:00,79.94187600787346,83.75434540802462,79.13759583371467,83.40443420410156,1885659.0,0.0,0.0,0.0,MCB.KA,
2021-11-30 00:00:00+05:00,83.69167060349922,84.08336328963105,78.59966568378555,81.06993865966797,20426529.0,0.0,0.0,0.0,MCB.KA,
2021-12-01 00:00:00+05:00,81.99434744116932,82.2554759362049,80.94983346102704,81.5974349975586,1656546.0,0.0,0.0,0.0,MCB.KA,
2021-12-02 00:00:00+05:00,81.59743949996445,81.97868489243027,79.28906443275896,79.94710540771484,821736.0,0.0,0.0,0.0,MCB.KA,
2021-12-03 00:00:00+05:00,79.90531815094583,80.9498321137033,78.91303307392988,80.45368957519531,481065.0,0.0,0.0,0.0,MCB.KA,
2021-12-06 00:00:00+05:00,80.63647649728712,81.4198619864538,80.16644839139082,80.41712951660156,228049.0,0.0,0.0,0.0,MCB.KA,
2021-12-07 00:00:00+05:00,80.53203317384045,80.94984039549013,79.77998176867301,80.69393157958984,303094.0,0.0,0.0,0.0,MCB.KA,
2021-12-08 00:00:00+05:00,80.68870026077391,81.73321418000724,79.85308593778375,81.28407287597656,402695.0,0.0,0.0,0.0,MCB.KA,
2021-12-09 00:00:00+05:00,81.70188850136122,81.70188850136122,80.16645160598358,80.61559295654297,379258.0,0.0,0.0,0.0,MCB.KA,
2021-12-10 00:00:00+05:00,80.87150296141596,81.31019694688398,79.90532428410232,80.6103744506836,90017.0,0.0,0.0,0.0,MCB.KA,
2021-12-13 00:00:00+05:00,80.8715002264083,80.8715002264083,78.92347586453847,79.50318145751953,709666.0,0.0,0.0,0.0,MCB.KA,
2021-12-14 00:00:00+05:00,80.29178842598394,80.29178842598394,78.59967299563993,78.89213562011719,1081166.0,0.0,0.0,0.0,MCB.KA,
2021-12-15 00:00:00+05:00,79.12193254250361,79.69641840863369,78.33854707178575,79.18460083007812,715175.0,0.0,0.0,0.0,MCB.KA,
2021-12-16 00:00:00+05:00,79.43530373560385,79.43530373560385,76.24953241293854,76.6203384399414,1389155.0,0.0,0.0,0.0,MCB.KA,
2021-12-17 00:00:00+05:00,77.2261393417396,77.8685211836188,76.2495213106519,76.90756225585938,470930.0,0.0,0.0,0.0,MCB.KA,
2021-12-20 00:00:00+05:00,77.28881301916846,78.7563538518533,76.77177574226505,77.34103393554688,301398.0,0.0,0.0,0.0,MCB.KA,
2021-12-21 00:00:00+05:00,77.34626668863001,78.86080883629272,77.03290929372965,78.04608917236328,146598.0,0.0,0.0,0.0,MCB.KA,
2021-12-22 00:00:00+05:00,78.33854462937487,78.33854462937487,77.55515918308112,77.86328887939453,72946.0,0.0,0.0,0.0,MCB.KA,
2021-12-23 00:00:00+05:00,77.42981295594154,78.26020756736862,76.77177206423409,77.32536315917969,480383.0,0.0,0.0,0.0,MCB.KA,
2021-12-24 00:00:00+05:00,77.34626295493507,77.86851994188531,77.03812527618743,77.75884246826172,51760.0,0.0,0.0,0.0,MCB.KA,
2021-12-27 00:00:00+05:00,77.76405810292057,78.79290495093376,77.29924972760055,78.0774154663086,128368.0,0.0,0.0,0.0,MCB.KA,
2021-12-28 00:00:00+05:00,78.20275573244434,78.77723357525439,77.81628273458395,78.42732238769531,132850.0,0.0,0.0,0.0,MCB.KA,
2021-12-29 00:00:00+05:00,78.07741129164548,79.11147778512219,78.07219159117132,78.69889831542969,182152.0,0.0,0.0,0.0,MCB.KA,
2021-12-30 00:00:00+05:00,77.81627808680888,79.64417723649902,77.81627808680888,78.96002197265625,306926.0,0.0,0.0,0.0,MCB.KA,
2021-12-31 00:00:00+05:00,79.17416215323394,80.5320255335081,78.70412608509316,80.0881118774414,481271.0,0.0,0.0,0.0,MCB.KA,
2022-01-03 00:00:00+05:00,79.80085202914151,80.53200846594608,79.59194449790628,80.45889282226562,502411.0,0.0,0.0,0.0,MCB.KA,
2022-01-04 00:00:00+05:00,80.42756915351798,80.68347792421315,80.16644068224032,80.26567077636719,233074.0,0.0,0.0,0.0,MCB.KA,
2022-01-05 00:00:00+05:00,80.27090722960666,80.66260001827001,79.90532888732291,80.38058471679688,345748.0,0.0,0.0,0.0,MCB.KA,
2022-01-06 00:00:00+05:00,80.63647942452495,80.63647942452495,79.94188461164372,80.49547576904297,301734.0,0.0,0.0,0.0,MCB.KA,
2022-01-07 00:00:00+05:00,80.6887160547591,81.31542293516875,80.42758752383754,80.91851043701172,296075.0,0.0,0.0,0.0,MCB.KA,
2022-01-10 00:00:00+05:00,81.2370880431532,83.3992319731894,80.69393623298359,83.30522155761719,1609153.0,0.0,0.0,0.0,MCB.KA,
2022-01-11 00:00:00+05:00,83.03885665134176,84.97120580980393,82.7777281713061,84.7623062133789,1806789.0,0.0,0.0,0.0,MCB.KA,
2022-01-12 00:00:00+05:00,84.76231235690274,84.86676216268572,83.7177983610543,83.92147827148438,128629.0,0.0,0.0,0.0,MCB.KA,
2022-01-13 00:00:00+05:00,84.08337374263162,85.12266800121301,83.59245090660835,84.5690689086914,79732.0,0.0,0.0,0.0,MCB.KA,
2022-01-14 00:00:00+05:00,83.85881222777073,85.02344313301093,83.97892910918772,84.69963836669922,914989.0,0.0,0.0,0.0,MCB.KA,
2022-01-17 00:00:00+05:00,84.60563461803432,85.09655747666194,84.08337761421929,84.67353057861328,417392.0,0.0,0.0,0.0,MCB.KA,
2022-01-18 00:00:00+05:00,84.60563431683558,85.36813304605516,84.34450581585769,85.15922546386719,907626.0,0.0,0.0,0.0,MCB.KA,
2022-01-19 00:00:00+05:00,85.18536397644318,85.33681504343791,83.8222724974439,84.0363998413086,97779.0,0.0,0.0,0.0,MCB.KA,
2022-01-20 00:00:00+05:00,84.93987684822721,84.93987684822721,82.07268309370531,83.16942596435547,187480.0,0.0,0.0,0.0,MCB.KA,
2022-01-21 00:00:00+05:00,84.57952460522633,84.57952460522633,82.77773944146949,83.4775619506836,446259.0,0.0,0.0,0.0,MCB.KA,
2022-01-24 00:00:00+05:00,83.03886855489085,84.34451114223191,82.52183122146023,84.1094970703125,288010.0,0.0,0.0,0.0,MCB.KA,
2022-01-25 00:00:00+05:00,83.30521677386486,84.86676817716834,83.30521677386486,84.1094970703125,353458.0,0.0,0.0,0.0,MCB.KA,
2022-01-26 00:00:00+05:00,84.47507652753056,84.60564078800589,83.69169096467866,84.43851470947266,462761.0,0.0,0.0,0.0,MCB.KA,
2022-01-27 00:00:00+05:00,84.5795169416412,84.60563138463583,83.87969449583666,84.47506713867188,474667.0,0.0,0.0,0.0,MCB.KA,
2022-01-28 00:00:00+05:00,84.54296559727345,84.60041418595716,83.82224838815213,83.89014434814453,612543.0,0.0,0.0,0.0,MCB.KA,
2022-01-31 00:00:00+05:00,83.82224728322808,84.25572154321686,83.82224728322808,84.04681396484375,374177.0,0.0,0.0,0.0,MCB.KA,
2022-02-01 00:00:00+05:00,83.82223368248464,85.12787595168221,83.66555501637933,85.00775909423828,246309.0,0.0,0.0,0.0,MCB.KA,
2022-02-02 00:00:00+05:00,84.86676441441055,86.01050854525245,84.86676441441055,85.81727600097656,548718.0,0.0,0.0,0.0,MCB.KA,
2022-02-03 00:00:00+05:00,86.27685131574866,86.27685131574866,85.1331072569789,85.59791564941406,108747.0,0.0,0.0,0.0,MCB.KA,
2022-02-04 00:00:00+05:00,85.91128210616179,85.91128210616179,84.63175396646776,85.56137084960938,88041.0,0.0,0.0,0.0,MCB.KA,
2022-02-07 00:00:00+05:00,85.62403641105816,85.65015085573074,85.13834120998872,85.57181549072266,109836.0,0.0,0.0,0.0,MCB.KA,
2022-02-08 00:00:00+05:00,85.57181197945974,85.7493774455318,85.08088912819399,85.13311004638672,123213.0,0.0,0.0,0.0,MCB.KA,
2022-02-09 00:00:00+05:00,85.9112661287899,85.9112661287899,85.1278807233602,85.65535736083984,170270.0,0.0,0.0,0.0,MCB.KA,
2022-02-10 00:00:00+05:00,85.98961061416267,86.79911054621377,83.6185673749451,84.04681396484375,957015.0,0.0,0.0,0.0,MCB.KA,
2022-02-11 00:00:00+05:00,84.13558320699504,84.89285405905405,83.71777612582231,84.464599609375,298753.0,0.0,0.0,0.0,MCB.KA,
2022-02-14 00:00:00+05:00,83.56110676601163,84.60562060058679,83.40965576636182,83.51932525634766,193947.0,0.0,0.0,0.0,MCB.KA,
2022-02-15 00:00:00+05:00,83.32610727307308,84.33928714427746,83.32610727307308,83.73346710205078,163868.0,0.0,0.0,0.0,MCB.KA,
2022-02-16 00:00:00+05:00,84.58996605571774,84.58996605571774,83.6185677269688,83.83269500732422,22343.0,0.0,0.0,0.0,MCB.KA,
2022-02-17 00:00:00+05:00,83.29997743385012,84.34449125747207,83.29997743385012,83.76478576660156,68984.0,0.0,0.0,0.0,MCB.KA,
2022-02-18 00:00:00+05:00,84.3392901034026,84.71008812968236,83.56634396626575,84.68920135498047,294468.0,0.0,0.0,0.0,MCB.KA,
2022-02-21 00:00:00+05:00,85.1070076896609,85.1070076896609,83.82747161238467,84.20872497558594,8228.0,0.0,0.0,0.0,MCB.KA,
2022-02-22 00:00:00+05:00,84.60042037140956,84.81453970033176,83.29999747922261,83.77525329589844,134922.0,0.0,0.0,0.0,MCB.KA,
2022-02-23 00:00:00+05:00,84.55340837554404,84.60563726516345,83.37833008019454,84.51163482666016,78607.0,0.0,0.0,0.0,MCB.KA,
2022-02-24 00:00:00+05:00,84.08339031164431,84.60042769234236,82.52183876558422,82.96054077148438,382137.0,0.0,0.0,0.0,MCB.KA,
2022-02-25 00:00:00+05:00,83.27386897562093,83.53499745028202,81.99434104358329,82.1980209350586,212986.0,0.0,0.0,0.0,MCB.KA,
2022-02-28 00:00:00+05:00,82.25547307654273,83.55066813556832,81.99434459058546,82.5166015625,118028.0,0.0,0.0,0.0,MCB.KA,
2022-03-01 00:00:00+05:00,83.97893387050686,83.97893387050686,81.99435551892203,82.14058685302734,216837.0,0.0,0.0,0.0,MCB.KA,
2022-03-02 00:00:00+05:00,82.4069299720449,82.4069299720449,81.08040067509356,81.43553161621094,1549654.0,0.0,0.0,0.0,MCB.KA,
2022-03-03 00:00:00+05:00,81.72801720617502,81.73323690837951,80.9550709533152,81.16397857666016,161094.0,0.0,0.0,0.0,MCB.KA,
2022-03-04 00:00:00+05:00,81.15873722760047,81.47209462530165,80.3753517023572,80.43280029296875,201337.0,0.0,0.0,0.0,MCB.KA,
2022-03-07 00:00:00+05:00,79.9053362709624,80.42759337077261,78.20278099442504,78.29678344726562,1626736.0,0.0,0.0,0.0,MCB.KA,
2022-03-08 00:00:00+05:00,77.81630164927404,78.80858687196267,77.68573738476184,77.71707153320312,1086906.0,0.0,0.0,0.0,MCB.KA,
2022-03-09 00:00:00+05:00,77.68574006711943,78.96526830971692,77.60740469331142,77.82675170898438,725422.0,0.0,0.0,0.0,MCB.KA,
2022-03-10 00:00:00+05:00,78.21844644175918,79.38307751877076,77.83719302914577,78.90782165527344,451799.0,0.0,0.0,0.0,MCB.KA,
2022-03-11 00:00:00+05:00,79.24728446104506,79.74342704486659,78.39078325211855,79.33606719970703,456475.0,0.0,0.0,0.0,MCB.KA,
2022-03-14 00:00:00+05:00,79.8478724599047,79.8792066048823,79.12193554822264,79.41439819335938,141196.0,0.0,0.0,0.0,MCB.KA,
2022-03-15 00:00:00+05:00,79.9112066191895,80.73202956138176,79.38199562222823,80.43502044677734,195750.0,5.0,0.0,0.0,MCB.KA,
2022-03-16 00:00:00+05:00,80.9696470996535,81.27205342190044,79.65201248990243,80.16502380371094,225513.0,0.0,0.0,0.0,MCB.KA,
2022-03-17 00:00:00+05:00,79.3928038381204,80.24602633704188,79.3928038381204,79.5548095703125,118471.0,0.0,0.0,0.0,MCB.KA,
2022-03-18 00:00:00+05:00,79.6465996434862,79.6465996434862,76.67652518607167,77.08153533935547,1324882.0,0.0,0.0,0.0,MCB.KA,
2022-03-21 00:00:00+05:00,76.95194056682858,78.03196780285425,76.6873309276189,77.74036407470703,124338.0,0.0,0.0,0.0,MCB.KA,
2022-03-22 00:00:00+05:00,78.0319548968597,78.15075853236947,76.81692445728922,77.10852813720703,773750.0,0.0,0.0,0.0,MCB.KA,
2022-03-23 00:00:00+05:00,77.10852813720703,77.10852813720703,77.10852813720703,77.10852813720703,0.0,0.0,0.0,0.0,MCB.KA,
2022-03-24 00:00:00+05:00,76.84394009898998,77.76196160888182,76.22291948939112,77.38935089111328,236520.0,0.0,0.0,0.0,MCB.KA,
2022-03-25 00:00:00+05:00,78.03195249151497,78.30195924754098,76.95732263614866,77.78894805908203,133679.0,0.0,0.0,0.0,MCB.KA,
2022-03-28 00:00:00+05:00,78.24256449223395,78.24256449223395,77.24894151798217,77.93476104736328,71466.0,0.0,0.0,0.0,MCB.KA,
2022-03-29 00:00:00+05:00,78.269571938173,78.4099725067776,77.70255601426972,78.30197143554688,1493313.0,0.0,0.0,0.0,MCB.KA,
2022-03-30 00:00:00+05:00,78.19396839414192,78.30196946265147,77.47035217117933,77.51895141601562,143475.0,0.0,0.0,0.0,MCB.KA,
2022-03-31 00:00:00+05:00,77.76195409708846,79.38199480744447,77.5189496385257,78.65837860107422,410654.0,0.0,0.0,0.0,MCB.KA,
2022-04-01 00:00:00+05:00,78.51796112509088,80.94802192216669,78.03195226165661,79.6033935546875,788322.0,0.0,0.0,0.0,MCB.KA,
2022-04-04 00:00:00+05:00,77.76194312884333,79.38198361069422,76.92492056522995,77.55133819580078,442388.0,0.0,0.0,0.0,MCB.KA,
2022-04-05 00:00:00+05:00,77.7943573368135,79.3819986277613,77.27594889892457,78.30197143554688,411741.0,0.0,0.0,0.0,MCB.KA,
2022-04-06 00:00:00+05:00,78.78258067680149,78.84198250006405,78.30196892129648,78.47477722167969,126349.0,0.0,0.0,0.0,MCB.KA,
2022-04-07 00:00:00+05:00,78.84199206665032,78.84199206665032,78.03197160021213,78.29117584228516,93997.0,0.0,0.0,0.0,MCB.KA,
2022-04-08 00:00:00+05:00,79.38201317897393,81.27206111180665,79.12280891251572,80.6240463256836,1146052.0,0.0,0.0,0.0,MCB.KA,
2022-04-11 00:00:00+05:00,81.81206137317768,83.69671182597943,81.81206137317768,82.92989349365234,1327103.0,0.0,0.0,0.0,MCB.KA,
2022-04-12 00:00:00+05:00,83.40510110518869,83.40510110518869,81.83906491923938,82.43307495117188,465409.0,0.0,0.0,0.0,MCB.KA,
2022-04-13 00:00:00+05:00,82.96228017136875,82.96228017136875,82.14145730926072,82.50326538085938,194536.0,0.0,0.0,0.0,MCB.KA,
2022-04-14 00:00:00+05:00,82.8326835327469,82.8326835327469,81.82286076486032,82.33047485351562,434889.0,0.0,0.0,0.0,MCB.KA,
2022-04-15 00:00:00+05:00,82.62207342211593,82.62207342211593,82.08745703947214,82.15766143798828,131599.0,0.0,0.0,0.0,MCB.KA,
2022-04-18 00:00:00+05:00,82.08207706788059,82.08207706788059,81.22885448851201,81.3206558227539,504173.0,0.0,0.0,0.0,MCB.KA,
2022-04-19 00:00:00+05:00,81.97405541996316,81.97405541996316,80.18661195584419,81.00202941894531,484624.0,0.0,0.0,0.0,MCB.KA,
2022-04-20 00:00:00+05:00,81.80665238530283,81.80665238530283,79.92200220476697,80.1434097290039,121359.0,0.0,0.0,0.0,MCB.KA,
2022-04-21 00:00:00+05:00,79.9273967805793,81.002026633635,79.65199285640774,79.90579986572266,197916.0,0.0,0.0,0.0,MCB.KA,
2022-04-22 00:00:00+05:00,79.67901103669787,80.17582257679267,79.62500637888053,79.91661834716797,184807.0,0.0,0.0,0.0,MCB.KA,
2022-04-25 00:00:00+05:00,80.4566319810748,81.65005746350222,79.8140144567121,81.42864990234375,255676.0,0.0,0.0,0.0,MCB.KA,
2022-04-26 00:00:00+05:00,81.73105163029436,81.73105163029436,80.89942617393318,81.01283264160156,1977179.0,0.0,0.0,0.0,MCB.KA,
2022-04-27 00:00:00+05:00,81.48804792638525,82.35207297157663,81.00743615798532,81.48265075683594,375824.0,0.0,0.0,0.0,MCB.KA,
2022-04-28 00:00:00+05:00,81.48265075683595,81.8174565478697,81.00203898843603,81.48265075683594,355174.0,0.0,0.0,0.0,MCB.KA,
2022-04-29 00:00:00+05:00,81.48265075683595,81.48265075683595,81.48265075683595,81.48265075683594,0.0,0.0,0.0,0.0,MCB.KA,
2022-05-02 00:00:00+05:00,81.48265075683595,81.48265075683595,81.48265075683595,81.48265075683594,0.0,0.0,0.0,0.0,MCB.KA,
2022-05-03 00:00:00+05:00,81.48265075683595,81.48265075683595,81.48265075683595,81.48265075683594,0.0,0.0,0.0,0.0,MCB.KA,
2022-05-04 00:00:00+05:00,81.48265075683595,81.48265075683595,81.48265075683595,81.48265075683594,0.0,0.0,0.0,0.0,MCB.KA,
2022-05-05 00:00:00+05:00,81.48265075683595,81.48265075683595,81.48265075683595,81.48265075683594,0.0,0.0,0.0,0.0,MCB.KA,
2022-05-06 00:00:00+05:00,81.4826424781446,81.8120510661609,81.00203075857516,81.37464141845703,1943248.0,0.0,0.0,0.0,MCB.KA,
2022-05-09 00:00:00+05:00,81.37464910235903,81.37464910235903,79.42531855384901,79.81629943847656,545651.0,5.0,0.0,0.0,MCB.KA,
2022-05-10 00:00:00+05:00,80.4139610064924,80.4139610064924,78.82209966223192,79.19074249267578,586213.0,0.0,0.0,0.0,MCB.KA,
2022-05-11 00:00:00+05:00,79.85539760130945,79.85539760130945,78.14065567348382,78.31381225585938,501834.0,0.0,0.0,0.0,MCB.KA,
2022-05-12 00:00:00+05:00,79.19631431322426,79.19631431322426,77.64914645259647,78.09598541259766,495232.0,0.0,0.0,0.0,MCB.KA,
2022-05-13 00:00:00+05:00,78.41993410938407,78.8947020974754,77.74967993770657,78.13507843017578,363834.0,0.0,0.0,0.0,MCB.KA,
2022-05-16 00:00:00+05:00,77.63796728659004,78.13507335492537,76.69402229191266,76.99005126953125,170615.0,0.0,0.0,0.0,MCB.KA,
2022-05-17 00:00:00+05:00,78.1630040744116,78.1630040744116,76.80573155206618,77.2078857421875,581251.0,0.0,0.0,0.0,MCB.KA,
2022-05-18 00:00:00+05:00,77.07942727736396,78.09039521352217,76.437102125817,76.58232116699219,677278.0,0.0,0.0,0.0,MCB.KA,
2022-05-19 00:00:00+05:00,76.57672801548291,77.24698210617616,76.52086995678215,76.6158218383789,275372.0,0.0,0.0,0.0,MCB.KA,
2022-05-20 00:00:00+05:00,76.69403048485347,77.29726182144468,76.2416091130962,76.54322052001953,437537.0,0.0,0.0,0.0,MCB.KA,
2022-05-23 00:00:00+05:00,77.02356977630842,77.02356977630842,75.3479300405853,75.64395904541016,455572.0,0.0,0.0,0.0,MCB.KA,
2022-05-24 00:00:00+05:00,76.43709760765435,76.43709760765435,75.0407312540088,75.24739074707031,727758.0,0.0,0.0,0.0,MCB.KA,
2022-05-25 00:00:00+05:00,77.0682427773874,77.0682427773874,74.00741037974778,74.58829498291016,859676.0,0.0,0.0,0.0,MCB.KA,
2022-05-26 00:00:00+05:00,75.34793526413333,75.73892471443655,74.43191915267768,75.40379333496094,221652.0,0.0,0.0,0.0,MCB.KA,
2022-05-27 00:00:00+05:00,75.90646758172369,76.76663398305355,75.26414250193625,75.5769271850586,973289.0,0.0,0.0,0.0,MCB.KA,
2022-05-30 00:00:00+05:00,76.80016339380298,76.80016339380298,75.2920891626192,75.75568389892578,132666.0,0.0,0.0,0.0,MCB.KA,
2022-05-31 00:00:00+05:00,76.29186525701772,76.29186525701772,74.28668534467621,74.74469757080078,160054.0,0.0,0.0,0.0,MCB.KA,
2022-06-01 00:00:00+05:00,74.83965623730921,75.4037851916664,74.23083401292061,74.29227447509766,1854854.0,0.0,0.0,0.0,MCB.KA,
2022-06-02 00:00:00+05:00,74.30345651717964,74.67768173156465,73.72815417776367,73.9124755859375,82761.0,0.0,0.0,0.0,MCB.KA,
2022-06-03 00:00:00+05:00,74.28669318296477,74.5659664656075,73.4488733350366,73.65553283691406,127046.0,0.0,0.0,0.0,MCB.KA,
2022-06-06 00:00:00+05:00,74.77262645133105,74.77262645133105,73.16960052586694,73.72256469726562,2422100.0,0.0,0.0,0.0,MCB.KA,
2022-06-07 00:00:00+05:00,73.19752597073085,73.99624343418725,72.83446560509661,73.1360855102539,454841.0,0.0,0.0,0.0,MCB.KA,
2022-06-08 00:00:00+05:00,72.67248371380826,73.39300493152894,72.67248371380826,73.26454162597656,212919.0,0.0,0.0,0.0,MCB.KA,
2022-06-09 00:00:00+05:00,73.44887478406078,73.54382667930324,72.70042441727121,72.91266632080078,1080405.0,0.0,0.0,0.0,MCB.KA,
2022-06-10 00:00:00+05:00,73.66671207980994,73.66671207980994,72.69483790985475,73.20311737060547,37317.0,0.0,0.0,0.0,MCB.KA,
2022-06-13 00:00:00+05:00,73.16959925994503,73.16959925994503,69.20391954164228,69.4943618774414,390755.0,0.0,0.0,0.0,MCB.KA,
2022-06-14 00:00:00+05:00,69.25977202008187,70.2819132266559,68.14267892298376,69.17040252685547,198971.0,0.0,0.0,0.0,MCB.KA,
2022-06-15 00:00:00+05:00,68.5057380112653,70.79577810764037,68.5057380112653,69.8294906616211,74934.0,0.0,0.0,0.0,MCB.KA,
2022-06-16 00:00:00+05:00,70.63937038421899,70.65612609594014,69.12012335472404,70.20370483398438,178614.0,0.0,0.0,0.0,MCB.KA,
2022-06-17 00:00:00+05:00,70.60028497896012,71.493958609302,70.09759223021406,70.85721588134766,1656794.0,0.0,0.0,0.0,MCB.KA,
2022-06-20 00:00:00+05:00,71.48278217891443,71.9351992140553,70.3936139587642,70.75108337402344,98692.0,0.0,0.0,0.0,MCB.KA,
2022-06-21 00:00:00+05:00,70.12552460643556,72.04692619932588,70.12552460643556,71.52747344970703,149812.0,0.0,0.0,0.0,MCB.KA,
2022-06-22 00:00:00+05:00,72.0524997372999,73.27571795694416,71.49395322770843,72.99644470214844,540953.0,0.0,0.0,0.0,MCB.KA,
2022-06-23 00:00:00+05:00,72.64455148879556,74.84522591285719,72.64455148879556,74.44865417480469,254048.0,0.0,0.0,0.0,MCB.KA,
2022-06-24 00:00:00+05:00,73.47681643073082,75.3758717070678,68.8688063851892,70.2484130859375,824804.0,0.0,0.0,0.0,MCB.KA,
2022-06-27 00:00:00+05:00,72.6110554499954,74.56596848134144,70.54443480712135,72.72276306152344,522679.0,0.0,0.0,0.0,MCB.KA,
2022-06-28 00:00:00+05:00,72.72276893516064,74.28670119110127,71.21469475086776,72.03575897216797,917037.0,0.0,0.0,0.0,MCB.KA,
2022-06-29 00:00:00+05:00,72.60546664278556,72.60546664278556,66.6960433212699,68.33258056640625,2949393.0,0.0,0.0,0.0,MCB.KA,
2022-06-30 00:00:00+05:00,68.28232257920429,69.12014248815159,66.96973890746135,68.6900634765625,2314699.0,0.0,0.0,0.0,MCB.KA,
2022-07-01 00:00:00+05:00,68.68446394101922,70.23163587448919,68.2823097782969,69.87975311279297,258558.0,0.0,0.0,0.0,MCB.KA,
2022-07-04 00:00:00+05:00,70.25957480795513,70.57235952910885,69.39941256341017,70.02498626708984,343491.0,0.0,0.0,0.0,MCB.KA,
2022-07-05 00:00:00+05:00,70.31541126618242,70.31541126618242,68.98048561026194,69.65632629394531,183300.0,0.0,0.0,0.0,MCB.KA,
2022-07-06 00:00:00+05:00,69.94678468275882,70.32100983970852,69.12013393324048,69.79597473144531,157020.0,0.0,0.0,0.0,MCB.KA,
2022-07-07 00:00:00+05:00,70.87955513924369,70.87955513924369,69.29328078641157,70.0808334350586,48581.0,0.0,0.0,0.0,MCB.KA,
2022-07-08 00:00:00+05:00,70.0808334350586,70.0808334350586,70.0808334350586,70.0808334350586,0.0,0.0,0.0,0.0,MCB.KA,
2022-07-11 00:00:00+05:00,70.0808334350586,70.0808334350586,70.0808334350586,70.0808334350586,0.0,0.0,0.0,0.0,MCB.KA,
2022-07-12 00:00:00+05:00,70.0808334350586,70.0808334350586,70.0808334350586,70.0808334350586,0.0,0.0,0.0,0.0,MCB.KA,
2022-07-13 00:00:00+05:00,70.3656998919879,71.21468881699855,69.25977579064957,70.71758270263672,867908.0,0.0,0.0,0.0,MCB.KA,
2022-07-14 00:00:00+05:00,70.86837659598318,72.27591186542955,70.71757091979559,71.64476013183594,611722.0,0.0,0.0,0.0,MCB.KA,
2022-07-15 00:00:00+05:00,71.49396845982442,71.66153415295116,70.09201522887322,70.15904235839844,588055.0,0.0,0.0,0.0,MCB.KA,
2022-07-18 00:00:00+05:00,69.59489709192343,70.15903028288957,68.42195022603717,69.0586929321289,227911.0,0.0,0.0,0.0,MCB.KA,
2022-07-19 00:00:00+05:00,69.25977410102888,69.53346072485682,66.88595119837265,67.54503631591797,878643.0,0.0,0.0,0.0,MCB.KA,
2022-07-20 00:00:00+05:00,67.57855793260555,68.12034886446251,67.03118460244174,67.58414459228516,525801.0,0.0,0.0,0.0,MCB.KA,
2022-07-21 00:00:00+05:00,67.8466400241673,68.08681517541748,66.33297961005427,66.59549713134766,361920.0,0.0,0.0,0.0,MCB.KA,
2022-07-22 00:00:00+05:00,68.05889438252174,68.05889438252174,65.75209872892823,66.72396850585938,118156.0,0.0,0.0,0.0,MCB.KA,
2022-07-25 00:00:00+05:00,67.57297609588103,67.57297609588103,65.91409185119144,66.05931091308594,50343.0,0.0,0.0,0.0,MCB.KA,
2022-07-26 00:00:00+05:00,67.2992722353744,67.2992722353744,65.74092685833062,66.47262573242188,40287.0,0.0,0.0,0.0,MCB.KA,
2022-07-27 00:00:00+05:00,67.27692900486174,67.27692900486174,65.91407834567508,66.7686538696289,20389.0,0.0,0.0,0.0,MCB.KA,
2022-07-28 00:00:00+05:00,67.46682423933139,71.48835685750305,66.00901770643566,68.90787506103516,1042485.0,0.0,0.0,0.0,MCB.KA,
2022-07-29 00:00:00+05:00,69.24860778706649,69.24860778706649,67.6455775469907,67.93601989746094,1147191.0,0.0,0.0,0.0,MCB.KA,
2022-08-01 00:00:00+05:00,67.91925855461336,68.80176311239923,67.7796219193196,68.42195129394531,204912.0,0.0,0.0,0.0,MCB.KA,
2022-08-02 00:00:00+05:00,69.365893387114,69.365893387114,67.86340189107189,68.48897552490234,425570.0,0.0,0.0,0.0,MCB.KA,
2022-08-03 00:00:00+05:00,69.19834175625816,71.15884162375889,67.89134468550607,69.81832885742188,488072.0,0.0,0.0,0.0,MCB.KA,
2022-08-04 00:00:00+05:00,70.92982894476044,72.61105534241126,70.15903619906577,71.99665069580078,528323.0,0.0,0.0,0.0,MCB.KA,
2022-08-05 00:00:00+05:00,71.49954044999649,74.06327557932833,71.38225044780286,72.60546875,1227269.0,0.0,0.0,0.0,MCB.KA,
2022-08-08 00:00:00+05:00,72.60546875,72.60546875,72.60546875,72.60546875,0.0,0.0,0.0,0.0,MCB.KA,
2022-08-09 00:00:00+05:00,72.60546875,72.60546875,72.60546875,72.60546875,0.0,0.0,0.0,0.0,MCB.KA,
2022-08-10 00:00:00+05:00,73.16960539857531,76.52088503515128,72.06368550487379,73.8845443725586,570681.0,0.0,0.0,0.0,MCB.KA,
2022-08-11 00:00:00+05:00,74.23082701198388,74.2866850715109,73.16959206291675,73.27012634277344,146755.0,0.0,0.0,0.0,MCB.KA,
2022-08-12 00:00:00+05:00,74.11913305222568,74.11913305222568,72.49935130085153,72.5831298828125,571038.0,0.0,0.0,0.0,MCB.KA,
2022-08-15 00:00:00+05:00,73.19753211847797,73.72814967293884,72.65015884818372,73.38743591308594,457364.0,0.0,0.0,0.0,MCB.KA,
2022-08-16 00:00:00+05:00,73.70581120089665,74.28669590003216,72.89032943574584,73.00203704833984,259693.0,0.0,0.0,0.0,MCB.KA,
2022-08-17 00:00:00+05:00,73.44888220612866,73.7225731243626,72.27593086826349,72.4658432006836,321916.0,0.0,0.0,0.0,MCB.KA,
2022-08-18 00:00:00+05:00,72.89032820775613,73.72814807221309,72.33736402902655,72.91266632080078,333045.0,0.0,0.0,0.0,MCB.KA,
2022-08-19 00:00:00+05:00,73.72813573758135,73.72813573758135,72.22564433504783,72.32618713378906,92070.0,0.0,0.0,0.0,MCB.KA,
2022-08-22 00:00:00+05:00,73.42093610387936,73.42093610387936,71.49395237336466,71.67269134521484,97968.0,0.0,0.0,0.0,MCB.KA,
2022-08-23 00:00:00+05:00,71.91845153653254,72.86239658052247,71.88494010678636,72.20331573486328,628478.0,0.0,0.0,0.0,MCB.KA,
2022-08-24 00:00:00+05:00,72.59988799573169,72.61106131461027,71.80117041218864,72.03575897216797,197434.0,0.0,0.0,0.0,MCB.KA,
2022-08-25 00:00:00+05:00,72.59988138881755,72.59988138881755,71.15883446482016,71.2817153930664,330278.0,0.0,0.0,0.0,MCB.KA,
2022-08-26 00:00:00+05:00,71.76765107260469,71.76206015240872,70.60028653799534,70.84046173095703,433641.0,0.0,0.0,0.0,MCB.KA,
2022-08-29 00:00:00+05:00,71.91286721927956,71.91286721927956,70.4327180320064,70.65055084228516,1196716.0,0.0,0.0,0.0,MCB.KA,
2022-08-30 00:00:00+05:00,71.62532284954658,71.62532284954658,68.9259627918045,69.27203369140625,235523.0,4.0,0.0,0.0,MCB.KA,
2022-08-31 00:00:00+05:00,69.77960731875156,70.94471368862415,68.69524627692759,69.45660400390625,867973.0,0.0,0.0,0.0,MCB.KA,
2022-09-01 00:00:00+05:00,69.56042257947361,70.22372766338157,69.22588549012455,69.45083618164062,158568.0,0.0,0.0,0.0,MCB.KA,
2022-09-02 00:00:00+05:00,70.07376906717187,70.07953816254363,68.89712444156427,68.9605712890625,240330.0,0.0,0.0,0.0,MCB.KA,
2022-09-05 00:00:00+05:00,69.79115083740221,69.79115083740221,68.37802598974977,68.72986602783203,52370.0,0.0,0.0,0.0,MCB.KA,
2022-09-06 00:00:00+05:00,69.20858561513987,69.79114099943233,68.63756842092931,69.49697875976562,602521.0,0.0,0.0,0.0,MCB.KA,
2022-09-07 00:00:00+05:00,70.06800825851305,70.06800825851305,68.92596934073434,69.19705963134766,49387.0,0.0,0.0,0.0,MCB.KA,
2022-09-08 00:00:00+05:00,69.21435762229406,69.79114393581317,68.70101815530447,68.88558959960938,63673.0,0.0,0.0,0.0,MCB.KA,
2022-09-09 00:00:00+05:00,69.6873198362478,69.6873198362478,68.93173119958985,69.29510498046875,96986.0,0.0,0.0,0.0,MCB.KA,
2022-09-12 00:00:00+05:00,68.77024241154545,69.69886444009514,68.77024241154545,69.08170318603516,51344.0,0.0,0.0,0.0,MCB.KA,
2022-09-13 00:00:00+05:00,69.56042720588643,69.78537351183353,68.63757000193287,69.37008666992188,171944.0,0.0,0.0,0.0,MCB.KA,
2022-09-14 00:00:00+05:00,69.7796080844069,69.7796080844069,68.98940927403817,69.17398071289062,149342.0,0.0,0.0,0.0,MCB.KA,
2022-09-15 00:00:00+05:00,69.50274388374419,69.50274388374419,68.4818341463323,68.82213592529297,1059178.0,0.0,0.0,0.0,MCB.KA,
2022-09-16 00:00:00+05:00,69.49697944647639,69.49697944647639,67.93965821032124,68.0434799194336,439518.0,0.0,0.0,0.0,MCB.KA,
2022-09-19 00:00:00+05:00,68.0607832771839,68.57412273121517,67.95119247221199,68.10115814208984,131679.0,0.0,0.0,0.0,MCB.KA,
2022-09-20 00:00:00+05:00,68.61450209742033,68.61450209742033,66.99950299470439,67.62242889404297,91919.0,0.0,0.0,0.0,MCB.KA,
2022-09-21 00:00:00+05:00,67.20713218008167,68.20497433276887,67.20713218008167,67.77238464355469,64881.0,0.0,0.0,0.0,MCB.KA,
2022-09-22 00:00:00+05:00,68.80483553832462,68.80483553832462,66.6476560936487,67.38017272949219,229179.0,0.0,0.0,0.0,MCB.KA,
2022-09-23 00:00:00+05:00,67.48400936779876,68.07232956451514,67.19561616537227,67.50131225585938,305851.0,0.0,0.0,0.0,MCB.KA,
2022-09-26 00:00:00+05:00,67.19559933659917,68.20497529229917,67.19559933659917,67.88774108886719,603681.0,0.0,0.0,0.0,MCB.KA,
2022-09-27 00:00:00+05:00,67.96273183671536,69.21435707095452,67.94542895153248,69.08746337890625,862897.0,0.0,0.0,0.0,MCB.KA,
2022-09-28 00:00:00+05:00,69.27202472504113,70.6563125448003,68.66640182926065,69.0586166381836,303541.0,0.0,0.0,0.0,MCB.KA,
2022-09-29 00:00:00+05:00,69.0586228205508,69.20281938967365,68.03193955195081,68.15306854248047,520693.0,0.0,0.0,0.0,MCB.KA,
2022-09-30 00:00:00+05:00,67.48976642286897,69.20858713837158,67.48976642286897,68.93173217773438,236449.0,0.0,0.0,0.0,MCB.KA,
2022-10-03 00:00:00+05:00,68.07230556965511,69.65270293025914,68.07230556965511,68.63755798339844,1020196.0,0.0,0.0,0.0,MCB.KA,
2022-10-04 00:00:00+05:00,69.50275939875335,69.73347483288029,67.19561385854577,67.43209838867188,367159.0,0.0,0.0,0.0,MCB.KA,
2022-10-05 00:00:00+05:00,67.43208738219012,67.76662008651324,66.90720974521028,67.25328063964844,564685.0,0.0,0.0,0.0,MCB.KA,
2022-10-06 00:00:00+05:00,67.93389496547434,67.93389496547434,67.20714293910227,67.51860809326172,190929.0,0.0,0.0,0.0,MCB.KA,
2022-10-07 00:00:00+05:00,67.9973245784838,67.9973245784838,66.84952127579663,67.5070571899414,214172.0,0.0,0.0,0.0,MCB.KA,
2022-10-10 00:00:00+05:00,67.6685649604889,68.28572609282148,67.4320848782738,67.48399353027344,172224.0,0.0,0.0,0.0,MCB.KA,
2022-10-11 00:00:00+05:00,67.77239639871621,67.91659298679859,66.91875066103508,67.19561004638672,60489.0,0.0,0.0,0.0,MCB.KA,
2022-10-12 00:00:00+05:00,66.97066497802734,67.62820107998216,66.33043176288228,66.97066497802734,93320.0,0.0,0.0,0.0,MCB.KA,
2022-10-13 00:00:00+05:00,67.47822679194466,67.54167363584664,66.93605067205073,67.07447814941406,104748.0,0.0,0.0,0.0,MCB.KA,
2022-10-14 00:00:00+05:00,67.47248135118102,67.62821175758727,67.05142530336477,67.48978424072266,139756.0,0.0,0.0,0.0,MCB.KA,
2022-10-17 00:00:00+05:00,67.71471736045582,67.71471736045582,66.91874939298438,67.20137786865234,134148.0,0.0,0.0,0.0,MCB.KA,
2022-10-18 00:00:00+05:00,67.20138017580724,67.47823516488705,66.77455510013556,67.0514144897461,141045.0,0.0,0.0,0.0,MCB.KA,
2022-10-19 00:00:00+05:00,67.41477832851132,68.2049771105153,67.41477832851132,67.68009948730469,108886.0,0.0,0.0,0.0,MCB.KA,
2022-10-20 00:00:00+05:00,67.48399406679687,67.99156440379221,67.19560092975928,67.28211975097656,160996.0,0.0,0.0,0.0,MCB.KA,
2022-10-21 00:00:00+05:00,67.73778921181626,68.89136189239608,66.90721547362902,68.41262817382812,3213835.0,0.0,0.0,0.0,MCB.KA,
2022-10-24 00:00:00+05:00,68.8682733441208,69.27202192498781,68.47028945688795,68.63755798339844,113709.0,0.0,0.0,0.0,MCB.KA,
2022-10-25 00:00:00+05:00,67.77237868108669,68.92595108416901,67.77237868108669,68.63755798339844,118092.0,0.0,0.0,0.0,MCB.KA,
2022-10-26 00:00:00+05:00,68.7817655310634,69.61810389680555,68.34340671565617,69.29510498046875,345420.0,0.0,0.0,0.0,MCB.KA,
2022-10-27 00:00:00+05:00,69.50274785480659,69.81998207410697,69.01248038904883,69.49697875976562,113513.0,0.0,0.0,0.0,MCB.KA,
2022-10-28 00:00:00+05:00,69.78536934870169,69.78536934870169,69.07015560837092,69.50851440429688,70661.0,0.0,0.0,0.0,MCB.KA,
2022-10-31 00:00:00+05:00,68.90289661746674,70.59864988908755,68.90289661746674,70.17182922363281,118912.0,0.0,0.0,0.0,MCB.KA,
2022-11-01 00:00:00+05:00,69.53158748596876,70.36215673288736,69.53158748596876,69.80267333984375,119775.0,0.0,0.0,0.0,MCB.KA,
2022-11-02 00:00:00+05:00,70.36216141255736,70.36793050786224,69.79114419222402,69.97571563720703,285055.0,0.0,0.0,0.0,MCB.KA,
2022-11-03 00:00:00+05:00,70.93825171686878,71.28716891943398,69.97572545952272,71.16685485839844,709003.0,5.0,0.0,0.0,MCB.KA,
2022-11-04 00:00:00+05:00,70.98638091321963,71.58796041248421,70.37878433384996,70.56527709960938,225979.0,0.0,0.0,0.0,MCB.KA,
2022-11-07 00:00:00+05:00,70.23438293302536,70.98635705436395,70.23438293302536,70.40282440185547,184572.0,0.0,0.0,0.0,MCB.KA,
2022-11-08 00:00:00+05:00,70.40284441416384,70.96833058285176,70.40284441416384,70.5893325805664,301040.0,0.0,0.0,0.0,MCB.KA,
2022-11-09 00:00:00+05:00,70.5893325805664,70.5893325805664,70.5893325805664,70.5893325805664,0.0,0.0,0.0,0.0,MCB.KA,
2022-11-10 00:00:00+05:00,70.98636125052522,72.18951991578837,70.41486272039967,71.79849243164062,491020.0,0.0,0.0,0.0,MCB.KA,
2022-11-11 00:00:00+05:00,72.17749733732565,73.39268568744254,71.32325111411333,72.18350982666016,264972.0,0.0,0.0,0.0,MCB.KA,
2022-11-14 00:00:00+05:00,71.413480805899,72.12936166819996,71.413480805899,71.84661865234375,81903.0,0.0,0.0,0.0,MCB.KA,
2022-11-15 00:00:00+05:00,71.82856994549746,72.7910959157018,71.58793730552492,72.09326171875,336932.0,0.0,0.0,0.0,MCB.KA,
2022-11-16 00:00:00+05:00,72.18952743221283,72.79110682748126,72.03913258339571,72.17749786376953,119896.0,0.0,0.0,0.0,MCB.KA,
2022-11-17 00:00:00+05:00,72.18953378665516,72.18953378665516,71.73834920048857,72.12335968017578,238559.0,0.0,0.0,0.0,MCB.KA,
2022-11-18 00:00:00+05:00,72.18951354306928,72.24365347517747,71.40745864381176,71.85263061523438,92044.0,0.0,0.0,0.0,MCB.KA,
2022-11-21 00:00:00+05:00,71.58795192713852,72.30383291510968,71.58795192713852,71.75639343261719,86747.0,0.0,0.0,0.0,MCB.KA,
2022-11-22 00:00:00+05:00,71.64810992153855,72.18953233196567,71.44958760610079,71.53982543945312,164511.0,0.0,0.0,0.0,MCB.KA,
2022-11-23 00:00:00+05:00,72.12334414174785,72.1835011556723,71.52778190142966,71.59395599365234,96102.0,0.0,0.0,0.0,MCB.KA,
2022-11-24 00:00:00+05:00,71.88874578503525,72.03914065069432,71.59397313345585,71.96694946289062,45890.0,0.0,0.0,0.0,MCB.KA,
2022-11-25 00:00:00+05:00,72.18351929468831,72.37001205130967,71.53381695548002,71.6661605834961,46832.0,0.0,0.0,0.0,MCB.KA,
2022-11-28 00:00:00+05:00,71.88873609490409,72.18350870675008,71.13676186796995,71.5097427368164,124184.0,0.0,0.0,0.0,MCB.KA,
2022-11-29 00:00:00+05:00,71.9188212113663,72.03913525901397,71.10668532584099,71.80451965332031,331379.0,0.0,0.0,0.0,MCB.KA,
2022-11-30 00:00:00+05:00,71.88873850571038,71.88873850571038,71.49771097665413,71.7744369506836,275627.0,0.0,0.0,0.0,MCB.KA,
2022-12-01 00:00:00+05:00,71.28716707835687,71.87069989765202,71.28716707835687,71.68421173095703,1612386.0,0.0,0.0,0.0,MCB.KA,
2022-12-02 00:00:00+05:00,71.88873508916639,71.88873508916639,71.3172365205664,71.62403869628906,391170.0,0.0,0.0,0.0,MCB.KA,
2022-12-05 00:00:00+05:00,71.67819496268814,71.67819496268814,70.83598278446829,70.94426727294922,194676.0,0.0,0.0,0.0,MCB.KA,
2022-12-06 00:00:00+05:00,72.12336174942254,72.12336174942254,70.68558719409631,71.32927703857422,263302.0,0.0,0.0,0.0,MCB.KA,
2022-12-07 00:00:00+05:00,71.86468313019365,71.86468313019365,70.75176202561501,70.94426727294922,513487.0,0.0,0.0,0.0,MCB.KA,
2022-12-08 00:00:00+05:00,70.99238983039632,72.17750204202956,70.46299699451484,70.67355346679688,876023.0,0.0,0.0,0.0,MCB.KA,
2022-12-09 00:00:00+05:00,70.47502382847219,71.07058611725186,70.23439116350792,70.84198760986328,631950.0,0.0,0.0,0.0,MCB.KA,
2022-12-12 00:00:00+05:00,70.9743364723855,71.1006675900001,70.23439182385843,70.45697784423828,125912.0,0.0,0.0,0.0,MCB.KA,
2022-12-13 00:00:00+05:00,70.91416857342979,71.88872872389845,70.3847804242353,71.67817687988281,397562.0,0.0,0.0,0.0,MCB.KA,
2022-12-14 00:00:00+05:00,71.6781899769284,71.6781899769284,71.11872092364003,71.47966766357422,56575.0,0.0,0.0,0.0,MCB.KA,
2022-12-15 00:00:00+05:00,71.88873822561901,71.88873822561901,70.68557942686387,70.79988098144531,126000.0,0.0,0.0,0.0,MCB.KA,
2022-12-16 00:00:00+05:00,71.37137531614654,71.37137531614654,70.47502334967282,70.48705291748047,100094.0,0.0,0.0,0.0,MCB.KA,
2022-12-19 00:00:00+05:00,71.13676667275567,71.13676667275567,70.32463537075036,70.4269027709961,70057.0,0.0,0.0,0.0,MCB.KA,
2022-12-20 00:00:00+05:00,70.86605456034542,70.86605456034542,69.21171122424785,69.53656005859375,180333.0,0.0,0.0,0.0,MCB.KA,
2022-12-21 00:00:00+05:00,69.71704186760414,70.3246383952493,66.6730513291594,67.15431213378906,307597.0,0.0,0.0,0.0,MCB.KA,
2022-12-22 00:00:00+05:00,67.978471203748,67.978471203748,66.62491757358487,67.20845031738281,412284.0,0.0,0.0,0.0,MCB.KA,
2022-12-23 00:00:00+05:00,67.37688272199065,67.37688272199065,66.20981739185667,67.07007598876953,67208.0,0.0,0.0,0.0,MCB.KA,
2022-12-26 00:00:00+05:00,67.58744540472665,67.61752621092737,66.8174244987293,67.05204010009766,107594.0,0.0,0.0,0.0,MCB.KA,
2022-12-27 00:00:00+05:00,67.66564792256457,67.66564792256457,66.5346757968845,66.7211685180664,167456.0,0.0,0.0,0.0,MCB.KA,
2022-12-28 00:00:00+05:00,67.25658054597866,67.25658054597866,65.54809261786845,65.66841125488281,293657.0,0.0,0.0,0.0,MCB.KA,
2022-12-29 00:00:00+05:00,66.7693014301327,67.79800173208734,65.54207880946217,67.43103790283203,398271.0,0.0,0.0,0.0,MCB.KA,
2022-12-30 00:00:00+05:00,66.474528949269,70.38479535804953,66.474528949269,69.87947082519531,842180.0,0.0,0.0,0.0,MCB.KA,
2023-01-02 00:00:00+05:00,70.0779878943375,70.67956733617328,68.88084609019664,69.80126190185547,103673.0,0.0,0.0,0.0,MCB.KA,
2023-01-03 00:00:00+05:00,70.31861921044198,70.62542600487575,69.21171526221426,69.76516723632812,174878.0,0.0,0.0,0.0,MCB.KA,
2023-01-04 00:00:00+05:00,70.08399536061961,70.23439020044927,68.73044180215271,69.42827606201172,123547.0,0.0,0.0,0.0,MCB.KA,
2023-01-05 00:00:00+05:00,70.37876901127011,70.37876901127011,69.12147033459104,69.19365692138672,110505.0,0.0,0.0,0.0,MCB.KA,
2023-01-06 00:00:00+05:00,69.19365121079727,69.92156622527833,68.58605940354225,68.86278533935547,31589.0,0.0,0.0,0.0,MCB.KA,
2023-01-09 00:00:00+05:00,68.58004990748442,69.17561221367406,66.78132883098806,67.59346008300781,65165.0,0.0,0.0,0.0,MCB.KA,
2023-01-10 00:00:00+05:00,68.33941359702486,68.64020327358719,66.92570303511913,67.71978759765625,123426.0,0.0,0.0,0.0,MCB.KA,
2023-01-11 00:00:00+05:00,68.45371547389882,68.45371547389882,66.83546553746712,67.52728271484375,95244.0,0.0,0.0,0.0,MCB.KA,
2023-01-12 00:00:00+05:00,67.96643991058515,67.96643991058515,67.0761004147657,67.36486053466797,73626.0,0.0,0.0,0.0,MCB.KA,
2023-01-13 00:00:00+05:00,67.36485820459097,67.37688777223121,66.89562245226935,67.08211517333984,96463.0,0.0,0.0,0.0,MCB.KA,
2023-01-16 00:00:00+05:00,68.21911086248588,68.21911086248588,66.89563331257133,67.14830017089844,40445.0,0.0,0.0,0.0,MCB.KA,
2023-01-17 00:00:00+05:00,67.96042819406668,67.96042819406668,65.93310388497459,66.17373657226562,275307.0,0.0,0.0,0.0,MCB.KA,
2023-01-18 00:00:00+05:00,66.77530220510027,67.37688150424532,65.81277624440536,66.39630889892578,1088179.0,0.0,0.0,0.0,MCB.KA,
2023-01-19 00:00:00+05:00,66.34819865548589,66.7151624902815,65.60224141625463,65.96318817138672,413322.0,0.0,0.0,0.0,MCB.KA,
2023-01-20 00:00:00+05:00,66.1737323345369,66.35420798586931,64.36297710099781,65.05479431152344,70498.0,0.0,0.0,0.0,MCB.KA,
2023-01-23 00:00:00+05:00,65.86692764447997,65.86692764447997,64.51939106492617,64.70587921142578,39064.0,0.0,0.0,0.0,MCB.KA,
2023-01-24 00:00:00+05:00,64.37499788807204,65.27134970022587,64.37499788807204,65.00064086914062,49367.0,0.0,0.0,0.0,MCB.KA,
2023-01-25 00:00:00+05:00,64.97057906347902,68.5680261088635,64.97057906347902,68.02660369873047,258446.0,0.0,0.0,0.0,MCB.KA,
2023-01-26 00:00:00+05:00,67.97847263418048,69.7832108457074,67.67768293225933,68.95904541015625,409976.0,0.0,0.0,0.0,MCB.KA,
2023-01-27 00:00:00+05:00,69.4824215209314,69.4824215209314,66.77531418894705,67.49720764160156,102269.0,0.0,0.0,0.0,MCB.KA,
2023-01-30 00:00:00+05:00,68.56801231271102,68.88083153691028,66.95577956563956,67.0640640258789,94259.0,0.0,0.0,0.0,MCB.KA,
2023-01-31 00:00:00+05:00,67.16635119891647,68.51990505589993,67.08213043721248,67.97246551513672,133130.0,0.0,0.0,0.0,MCB.KA,
2023-02-01 00:00:00+05:00,68.57403372032834,68.58005079937034,67.7077625154284,68.20105743408203,50437.0,0.0,0.0,0.0,MCB.KA,
2023-02-02 00:00:00+05:00,68.5800522436782,69.16358500150497,67.44908461335034,68.68231964111328,95518.0,0.0,0.0,0.0,MCB.KA,
2023-02-03 00:00:00+05:00,69.15154587077468,69.15154587077468,67.67767826879543,67.9483871459961,60069.0,0.0,0.0,0.0,MCB.KA,
2023-02-06 00:00:00+05:00,67.9483991811887,68.58005945945325,67.08212786689865,67.9844970703125,321097.0,0.0,0.0,0.0,MCB.KA,
2023-02-07 00:00:00+05:00,68.87483121419766,68.87483121419766,67.98449618202064,68.18301391601562,97462.0,0.0,0.0,0.0,MCB.KA,
2023-02-08 00:00:00+05:00,69.05529988571516,70.07798302997311,67.41900318315317,69.16960144042969,1033562.0,0.0,0.0,0.0,MCB.KA,
2023-02-09 00:00:00+05:00,69.18162786950376,70.68557630144949,69.18162786950376,70.35470581054688,685880.0,0.0,0.0,0.0,MCB.KA,
2023-02-10 00:00:00+05:00,70.35470042253938,71.43754504648686,69.01318109420637,69.83132934570312,420309.0,0.0,0.0,0.0,MCB.KA,
2023-02-13 00:00:00+05:00,70.14415736141109,70.38479004016949,69.12749129292885,69.23577117919922,135049.0,0.0,0.0,0.0,MCB.KA,
2023-02-14 00:00:00+05:00,69.45234536325141,69.45234536325141,68.45974294683676,68.52591705322266,288764.0,0.0,0.0,0.0,MCB.KA,
2023-02-15 00:00:00+05:00,68.94099563313752,69.7832076782258,68.4898111007352,69.4403076171875,417131.0,0.0,0.0,0.0,MCB.KA,
2023-02-16 00:00:00+05:00,68.58004850678869,69.48241756608853,68.58004850678869,69.1876449584961,108273.0,0.0,0.0,0.0,MCB.KA,
2023-02-17 00:00:00+05:00,69.60273777674539,69.78321344048342,68.65224577149387,69.41023254394531,237868.0,0.0,0.0,0.0,MCB.KA,
2023-02-20 00:00:00+05:00,69.36210666486718,69.48242070900814,68.92896876246117,69.16960144042969,218657.0,0.0,0.0,0.0,MCB.KA,
2023-02-21 00:00:00+05:00,69.68694198124892,69.68694198124892,68.58003830291763,69.45834350585938,75544.0,0.0,0.0,0.0,MCB.KA,
2023-02-22 00:00:00+05:00,69.181630418626,70.37877212945347,69.181630418626,69.53656005859375,206052.0,0.0,0.0,0.0,MCB.KA,
2023-02-23 00:00:00+05:00,69.69296457205584,70.17422987268637,69.1816230586897,69.36209869384766,122037.0,0.0,0.0,0.0,MCB.KA,
2023-02-24 00:00:00+05:00,69.63281187970125,69.63281187970125,68.76052363155361,69.19365692138672,342489.0,0.0,0.0,0.0,MCB.KA,
2023-02-27 00:00:00+05:00,68.94100115477727,70.38479269203849,68.88084413024279,69.78923034667969,185963.0,0.0,0.0,0.0,MCB.KA,
2023-02-28 00:00:00+05:00,69.78319383976338,70.39079017468707,69.63279902545355,70.30055236816406,64829.0,0.0,0.0,0.0,MCB.KA,
2023-03-01 00:00:00+05:00,70.38478986369913,71.28715896451578,68.88084136233803,70.88410186767578,7090626.0,0.0,0.0,0.0,MCB.KA,
2023-03-02 00:00:00+05:00,71.34730781170846,71.5939575407203,69.87344028512393,71.35332489013672,403334.0,0.0,0.0,0.0,MCB.KA,
2023-03-03 00:00:00+05:00,71.52780303251494,72.27977740293731,69.84939568696969,72.195556640625,305389.0,0.0,0.0,0.0,MCB.KA,
2023-03-06 00:00:00+05:00,72.18350550894348,72.19553966626572,71.04652089536361,71.88873291015625,86320.0,0.0,0.0,0.0,MCB.KA,
2023-03-07 00:00:00+05:00,71.5879558750636,72.15344203723035,70.83598154864487,70.99239349365234,229725.0,0.0,0.0,0.0,MCB.KA,
2023-03-08 00:00:00+05:00,72.12336102017807,72.18953512788691,70.99239328879517,71.71428680419922,59323.0,0.0,0.0,0.0,MCB.KA,
2023-03-09 00:00:00+05:00,72.17750320287699,72.17750320287699,71.2871636125575,71.89476013183594,92853.0,0.0,0.0,0.0,MCB.KA,
2023-03-10 00:00:00+05:00,72.24367393742295,73.09190316485497,71.13676995262634,72.75502014160156,217295.0,0.0,0.0,0.0,MCB.KA,
2023-03-13 00:00:00+05:00,72.40007739897744,73.21220864329887,71.59997572278301,72.14741516113281,401882.0,0.0,0.0,0.0,MCB.KA,
2023-03-14 00:00:00+05:00,72.1917421175805,73.13529949948398,72.06509187098574,72.83133697509766,535852.0,6.0,0.0,0.0,MCB.KA,
2023-03-15 00:00:00+05:00,73.38860897116268,73.38860897116268,72.19174619703935,72.45138549804688,186203.0,0.0,0.0,0.0,MCB.KA,
2023-03-16 00:00:00+05:00,73.135300668318,73.135300668318,72.19174327133477,72.43238067626953,359862.0,0.0,0.0,0.0,MCB.KA,
2023-03-17 00:00:00+05:00,72.81234535618124,73.2999541565046,72.16008252647941,72.69202423095703,145970.0,0.0,0.0,0.0,MCB.KA,
2023-03-20 00:00:00+05:00,73.14163681689767,73.14163681689767,72.19174542966523,72.28673553466797,72027.0,0.0,0.0,0.0,MCB.KA,
2023-03-21 00:00:00+05:00,73.01498007317741,73.01498007317741,72.1347478524432,72.50836944580078,34116.0,0.0,0.0,0.0,MCB.KA,
2023-03-22 00:00:00+05:00,72.82500844922704,72.95165870527536,72.38172772166034,72.69202423095703,237328.0,0.0,0.0,0.0,MCB.KA,
2023-03-23 00:00:00+05:00,72.69202423095703,72.69202423095703,72.69202423095703,72.69202423095703,0.0,0.0,0.0,0.0,MCB.KA,
2023-03-24 00:00:00+05:00,73.14163523395429,73.14163523395429,72.26773691591657,72.2930679321289,79834.0,0.0,0.0,0.0,MCB.KA,
2023-03-27 00:00:00+05:00,73.45193150237893,73.45193150237893,72.07775648900524,72.20440673828125,252204.0,0.0,0.0,0.0,MCB.KA,
2023-03-28 00:00:00+05:00,72.09676596218257,73.42661313424085,72.06510581010866,73.17964172363281,99294.0,0.0,0.0,0.0,MCB.KA,
2023-03-29 00:00:00+05:00,73.42659260363372,73.42659260363372,72.50836631646429,73.07196807861328,60340.0,0.0,0.0,0.0,MCB.KA,
2023-03-30 00:00:00+05:00,73.42659560674642,73.4582605826598,72.54003425793536,73.0403060913086,24062.0,0.0,0.0,0.0,MCB.KA,
2023-03-31 00:00:00+05:00,72.41971039521589,73.3126056715593,72.29306015916897,72.82499694824219,590527.0,0.0,0.0,0.0,MCB.KA,
2023-04-03 00:00:00+05:00,72.8186629870208,73.29994258051333,72.31838634126092,72.82499694824219,191205.0,0.0,0.0,0.0,MCB.KA,
2023-04-04 00:00:00+05:00,72.83134010421786,73.10364249435327,72.50837568070901,72.81867218017578,178922.0,0.0,0.0,0.0,MCB.KA,
2023-04-05 00:00:00+05:00,72.50837568070901,72.82500614219683,72.13475405522415,72.81867218017578,431639.0,0.0,0.0,0.0,MCB.KA,
2023-04-06 00:00:00+05:00,72.26772914568024,73.45825779127038,72.26772914568024,72.82499694824219,684888.0,0.0,0.0,0.0,MCB.KA,
2023-04-07 00:00:00+05:00,72.82500301334876,73.26828370782765,72.76167789005137,72.83133697509766,495069.0,0.0,0.0,0.0,MCB.KA,
2023-04-10 00:00:00+05:00,73.43294006849821,73.43294006849821,72.25507430077069,73.32528686523438,320465.0,0.0,0.0,0.0,MCB.KA,
2023-04-11 00:00:00+05:00,72.69836425737108,73.45827551984476,72.69836425737108,72.98332977294922,132135.0,0.0,0.0,0.0,MCB.KA,
2023-04-12 00:00:00+05:00,71.7547862669942,73.80655492532158,71.7547862669942,73.17329406738281,48041.0,0.0,0.0,0.0,MCB.KA,
2023-04-13 00:00:00+05:00,73.45193100815871,73.45826496999908,72.862998173333,73.03398132324219,64106.0,0.0,0.0,0.0,MCB.KA,
2023-04-14 00:00:00+05:00,73.03398132324219,73.03398132324219,73.03398132324219,73.03398132324219,0.0,0.0,0.0,0.0,MCB.KA,
2023-04-17 00:00:00+05:00,73.14797470642934,73.45827122346122,72.98332550434402,73.34428405761719,78193.0,0.0,0.0,0.0,MCB.KA,
2023-04-18 00:00:00+05:00,73.4456084036191,73.60392364391443,72.60337016571256,73.38227844238281,431109.0,0.0,0.0,0.0,MCB.KA,
2023-04-19 00:00:00+05:00,73.6102577597052,74.24351876377006,73.4582764715211,74.09153747558594,220743.0,0.0,0.0,0.0,MCB.KA,
2023-04-20 00:00:00+05:00,74.72479284959422,75.57969417439055,74.3385032797074,75.11741638183594,1188804.0,0.0,0.0,0.0,MCB.KA,
2023-04-21 00:00:00+05:00,75.11741638183594,75.11741638183594,75.11741638183594,75.11741638183594,0.0,0.0,0.0,0.0,MCB.KA,
2023-04-24 00:00:00+05:00,75.11741638183594,75.11741638183594,75.11741638183594,75.11741638183594,0.0,0.0,0.0,0.0,MCB.KA,
2023-04-25 00:00:00+05:00,75.11741638183594,75.11741638183594,75.11741638183594,75.11741638183594,0.0,0.0,0.0,0.0,MCB.KA,
2023-04-26 00:00:00+05:00,75.19973198336544,76.3079385599624,74.73112026948138,75.32005310058594,178925.0,0.0,0.0,0.0,MCB.KA,
2023-04-27 00:00:00+05:00,75.32005509295267,76.68789616277935,74.56647305488586,75.9913101196289,844487.0,0.0,0.0,0.0,MCB.KA,
2023-04-28 00:00:00+05:00,76.61824174989935,76.61824174989935,75.76967438752875,76.02297973632812,234469.0,0.0,0.0,0.0,MCB.KA,
2023-05-01 00:00:00+05:00,76.02297973632812,76.02297973632812,76.02297973632812,76.02297973632812,0.0,0.0,0.0,0.0,MCB.KA,
2023-05-02 00:00:00+05:00,76.58657138061997,77.51113167366923,70.35528188985629,76.39659118652344,1243375.0,0.0,0.0,0.0,MCB.KA,
2023-05-03 00:00:00+05:00,77.19451651799335,77.56180905587172,76.30795015571375,76.6625747680664,1918828.0,0.0,0.0,0.0,MCB.KA,
2023-05-04 00:00:00+05:00,76.75122393769428,77.69478621619058,76.75122393769428,77.09318542480469,1506515.0,0.0,0.0,0.0,MCB.KA,
2023-05-05 00:00:00+05:00,77.25783525111761,77.89109619579891,76.94120477877696,77.23883819580078,912303.0,0.0,0.0,0.0,MCB.KA,
2023-05-08 00:00:00+05:00,77.23883730553966,78.59086579389123,76.25978079153003,76.89250183105469,804680.0,6.0,0.0,0.0,MCB.KA,
2023-05-09 00:00:00+05:00,77.52522665526156,77.52522665526156,76.39298233852101,76.50621032714844,565198.0,0.0,0.0,0.0,MCB.KA,
2023-05-10 00:00:00+05:00,76.35967776003665,76.85919592451832,76.22646986735795,76.49954223632812,365036.0,0.0,0.0,0.0,MCB.KA,
2023-05-11 00:00:00+05:00,76.69269214467509,77.39201454687695,76.25977537301013,76.59944915771484,344085.0,0.0,0.0,0.0,MCB.KA,
2023-05-12 00:00:00+05:00,76.5927914713653,77.19221433393534,76.45958864917728,76.87252044677734,230055.0,0.0,0.0,0.0,MCB.KA,
2023-05-15 00:00:00+05:00,76.91914353030108,77.258817339662,76.52619163978245,77.0323715209961,156819.0,0.0,0.0,0.0,MCB.KA,
2023-05-16 00:00:00+05:00,77.03236494767948,77.59182286231123,76.9391168805459,77.26547241210938,2896743.0,0.0,0.0,0.0,MCB.KA,
2023-05-17 00:00:00+05:00,77.59183270562409,77.59183270562409,77.05901122102338,77.0989761352539,411981.0,0.0,0.0,0.0,MCB.KA,
2023-05-18 00:00:00+05:00,77.25214331445304,77.55851382788244,76.49287615478858,76.5661392211914,305148.0,0.0,0.0,0.0,MCB.KA,
2023-05-19 00:00:00+05:00,76.92580119876132,76.99240260776926,76.45292458903451,76.8858413696289,246924.0,0.0,0.0,0.0,MCB.KA,
2023-05-22 00:00:00+05:00,76.8259010215544,76.92580568156912,75.92676924414614,76.43960571289062,188422.0,0.0,0.0,0.0,MCB.KA,
2023-05-23 00:00:00+05:00,76.45959184816839,76.59279467592948,75.60041988943146,76.03999328613281,187638.0,0.0,0.0,0.0,MCB.KA,
2023-05-24 00:00:00+05:00,76.45958830122986,76.65273086811497,75.93342851766624,76.45292663574219,34587.0,0.0,0.0,0.0,MCB.KA,
2023-05-25 00:00:00+05:00,76.59279899755245,76.71934524801917,76.33304991180887,76.60611724853516,1441261.0,0.0,0.0,0.0,MCB.KA,
2023-05-26 00:00:00+05:00,76.6926811751481,77.32540207921623,76.5927765373055,76.8991470336914,2309611.0,0.0,0.0,0.0,MCB.KA,
2023-05-29 00:00:00+05:00,77.12561119820595,77.25881401741538,75.98670524410942,76.69935607910156,1047180.0,0.0,0.0,0.0,MCB.KA,
2023-05-30 00:00:00+05:00,76.99240404600326,76.99240404600326,75.86016482763219,76.0066909790039,701900.0,0.0,0.0,0.0,MCB.KA,
2023-05-31 00:00:00+05:00,76.45292500923857,76.99240303093843,76.09993296633066,76.67271423339844,2742558.0,0.0,0.0,0.0,MCB.KA,
2023-06-01 00:00:00+05:00,76.99906633440689,76.99906633440689,76.26644065298282,76.45292663574219,411229.0,0.0,0.0,0.0,MCB.KA,
2023-06-02 00:00:00+05:00,77.11895712188306,77.11895712188306,76.25978513375674,76.43295288085938,98548.0,0.0,0.0,0.0,MCB.KA,
2023-06-05 00:00:00+05:00,76.98574492123166,77.25215565239388,76.30640238406191,77.1589126586914,185403.0,0.0,0.0,0.0,MCB.KA,
2023-06-06 00:00:00+05:00,76.80590833280768,76.92579288861582,76.46623457779108,76.5661392211914,151479.0,0.0,0.0,0.0,MCB.KA,
2023-06-07 00:00:00+05:00,76.33304432179149,77.24549942884065,76.26644290903042,76.5528335571289,373912.0,0.0,0.0,0.0,MCB.KA,
2023-06-08 00:00:00+05:00,76.85920097440848,76.93246404985499,73.26266893756474,74.57473754882812,376631.0,0.0,0.0,0.0,MCB.KA,
2023-06-09 00:00:00+05:00,74.89442627972532,75.92010425365856,73.92869313172056,75.20745849609375,191762.0,0.0,0.0,0.0,MCB.KA,
2023-06-12 00:00:00+05:00,75.45388882829177,76.00002851681232,74.97435054932507,75.92676544189453,185323.0,0.0,0.0,0.0,MCB.KA,
2023-06-13 00:00:00+05:00,76.05996826100225,76.55282987069683,75.79356262278682,75.92676544189453,536477.0,0.0,0.0,0.0,MCB.KA,
2023-06-14 00:00:00+05:00,75.5937483794562,76.52618329644426,75.5937483794562,75.94007873535156,96118.0,0.0,0.0,0.0,MCB.KA,
2023-06-15 00:00:00+05:00,75.62705385208523,77.25881119389436,75.62705385208523,76.5461654663086,296156.0,0.0,0.0,0.0,MCB.KA,
2023-06-16 00:00:00+05:00,77.09230870206233,77.09230870206233,75.79356341738011,76.0066909790039,190848.0,0.0,0.0,0.0,MCB.KA,
2023-06-19 00:00:00+05:00,76.712683195447,76.712683195447,75.72696494273102,75.92011260986328,702502.0,0.0,0.0,0.0,MCB.KA,
2023-06-20 00:00:00+05:00,76.45291523774077,76.45291523774077,75.19412996041937,75.70030975341797,125215.0,0.0,0.0,0.0,MCB.KA,
2023-06-21 00:00:00+05:00,75.19414373414158,76.05997226666382,75.09423907386845,75.17416381835938,245665.0,0.0,0.0,0.0,MCB.KA,
2023-06-22 00:00:00+05:00,76.48623202604213,76.48623202604213,74.26837485714985,74.60138702392578,129784.0,0.0,0.0,0.0,MCB.KA,
2023-06-23 00:00:00+05:00,75.0609382734219,75.0609382734219,73.2759929058374,73.48912048339844,409468.0,0.0,0.0,0.0,MCB.KA,
2023-06-26 00:00:00+05:00,73.86209028947633,76.91913915577891,73.4957749196885,76.59278869628906,862075.0,0.0,0.0,0.0,MCB.KA,
2023-06-27 00:00:00+05:00,76.59278388718813,76.59278388718813,74.94104161625668,76.23979187011719,654954.0,0.0,0.0,0.0,MCB.KA,
2023-06-28 00:00:00+05:00,76.23979187011719,76.23979187011719,76.23979187011719,76.23979187011719,0.0,0.0,0.0,0.0,MCB.KA,
2023-06-29 00:00:00+05:00,76.23979187011719,76.23979187011719,76.23979187011719,76.23979187011719,0.0,0.0,0.0,0.0,MCB.KA,
2023-06-30 00:00:00+05:00,76.23979187011719,76.23979187011719,76.23979187011719,76.23979187011719,0.0,0.0,0.0,0.0,MCB.KA,
2023-07-03 00:00:00+05:00,78.19125871504804,81.78779117572758,78.09135404754201,81.29492950439453,5948888.0,0.0,0.0,0.0,MCB.KA,
2023-07-04 00:00:00+05:00,81.2549681259724,81.2549681259724,79.55660405472884,79.7164535522461,1257189.0,0.0,0.0,0.0,MCB.KA,
2023-07-05 00:00:00+05:00,79.9229136234572,80.52233649190553,79.06374169224159,79.25688934326172,629396.0,0.0,0.0,0.0,MCB.KA,
2023-07-06 00:00:00+05:00,79.92291734900081,81.6545795419567,79.0038056287777,81.04850006103516,2732495.0,0.0,0.0,0.0,MCB.KA,
2023-07-07 00:00:00+05:00,80.45574158929448,81.25496875764438,80.35583692291014,80.5556411743164,273934.0,0.0,0.0,0.0,MCB.KA,
2023-07-10 00:00:00+05:00,80.55561904503044,82.35388730186236,79.92289813401389,82.01421356201172,2003954.0,0.0,0.0,0.0,MCB.KA,
2023-07-11 00:00:00+05:00,82.58701776689534,84.98470436321014,82.25400559848043,83.9523696899414,2212393.0,0.0,0.0,0.0,MCB.KA,
2023-07-12 00:00:00+05:00,83.95234912523362,86.58314257873533,83.95234912523362,85.8238754272461,3574960.0,0.0,0.0,0.0,MCB.KA,
2023-07-13 00:00:00+05:00,87.68208741137947,87.74869390068189,85.25110299269284,85.94376373291016,1288533.0,0.0,0.0,0.0,MCB.KA,
2023-07-14 00:00:00+05:00,84.918085586193,86.84955170306435,84.918085586193,85.91712188720703,335586.0,0.0,0.0,0.0,MCB.KA,
2023-07-17 00:00:00+05:00,85.91713550012031,86.51655331061278,84.91809904081659,85.36433410644531,223404.0,0.0,0.0,0.0,MCB.KA,
2023-07-18 00:00:00+05:00,86.21018434750218,87.2491805972813,85.25110775917561,87.06935119628906,1580303.0,0.0,0.0,0.0,MCB.KA,
2023-07-19 00:00:00+05:00,87.18255877188848,92.41085251054706,87.15592227699672,91.85139465332031,2554124.0,0.0,0.0,0.0,MCB.KA,
2023-07-20 00:00:00+05:00,91.91801051344379,92.57737823281946,89.91328101748653,90.35285949707031,621230.0,0.0,0.0,0.0,MCB.KA,
2023-07-21 00:00:00+05:00,92.04454570690869,93.64300994184133,90.0131697915469,93.08354187011719,1564497.0,0.0,0.0,0.0,MCB.KA,
2023-07-24 00:00:00+05:00,93.07689618146992,96.57352376610474,92.9103901060111,95.98741912841797,1259937.0,0.0,0.0,0.0,MCB.KA,
2023-07-25 00:00:00+05:00,95.90085367404093,99.22430881012959,95.24148588242757,97.09303283691406,1455455.0,0.0,0.0,0.0,MCB.KA,
2023-07-26 00:00:00+05:00,97.40605771934587,98.80471286963662,97.40605771934587,98.41175079345703,680565.0,0.0,0.0,0.0,MCB.KA,
2023-07-27 00:00:00+05:00,98.41175079345703,98.41175079345703,98.41175079345703,98.41175079345703,0.0,0.0,0.0,0.0,MCB.KA,
2023-07-28 00:00:00+05:00,98.41175079345703,98.41175079345703,98.41175079345703,98.41175079345703,0.0,0.0,0.0,0.0,MCB.KA,
2023-07-31 00:00:00+05:00,98.61155264318512,100.23665350207857,97.77236571430647,98.1719741821289,1315900.0,0.0,0.0,0.0,MCB.KA,
2023-08-01 00:00:00+05:00,99.1710120794407,99.77044003422813,97.23954571592633,98.19195556640625,635945.0,0.0,0.0,0.0,MCB.KA,
2023-08-02 00:00:00+05:00,98.07206717760306,101.22902566417551,96.64011915826552,99.71714782714844,2467706.0,0.0,0.0,0.0,MCB.KA,
2023-08-03 00:00:00+05:00,100.23664576377975,102.2347184368119,99.57727812309881,99.95691680908203,1486628.0,0.0,0.0,0.0,MCB.KA,
2023-08-04 00:00:00+05:00,99.8370452960592,101.23570048628872,98.21861101507719,98.43840026855469,465014.0,0.0,0.0,0.0,MCB.KA,
2023-08-07 00:00:00+05:00,98.05873952124514,101.06917173241213,96.50690192520098,96.99976348876953,1078695.0,0.0,0.0,0.0,MCB.KA,
2023-08-08 00:00:00+05:00,97.53925257955045,97.90556796161145,95.24147087422067,97.47265625,904091.0,0.0,0.0,0.0,MCB.KA,
2023-08-09 00:00:00+05:00,97.89224005417837,99.90363610668894,97.27284238842414,99.31087493896484,897962.0,0.0,0.0,0.0,MCB.KA,
2023-08-10 00:00:00+05:00,100.46394571825631,100.46394571825631,94.72654889433603,97.4659652709961,1392701.0,7.0,0.0,0.0,MCB.KA,
2023-08-11 00:00:00+05:00,98.5351671379181,104.77572260492867,98.5351671379181,101.8546142578125,4390756.0,0.0,0.0,0.0,MCB.KA,
2023-08-14 00:00:00+05:00,101.8546142578125,101.8546142578125,101.8546142578125,101.8546142578125,0.0,0.0,0.0,0.0,MCB.KA,
2023-08-15 00:00:00+05:00,101.5401587823381,101.95246656328888,99.93284515418793,100.23333740234375,121052.0,0.0,0.0,0.0,MCB.KA,
2023-08-16 00:00:00+05:00,101.2536319427712,101.2536319427712,98.54216401540974,100.5897445678711,335043.0,0.0,0.0,0.0,MCB.KA,
2023-08-17 00:00:00+05:00,98.1857592593912,100.4569600963522,98.1857592593912,98.77976989746094,431985.0,0.0,0.0,0.0,MCB.KA,
2023-08-18 00:00:00+05:00,99.05930157013756,99.23400933304785,97.4869317039449,98.01105499267578,128602.0,0.0,0.0,0.0,MCB.KA,
2023-08-21 00:00:00+05:00,98.46528925518254,98.49324846823478,95.13187287249409,95.68394470214844,203509.0,0.0,0.0,0.0,MCB.KA,
2023-08-22 00:00:00+05:00,95.1528341052309,96.43868062098169,95.04101858299644,95.53719329833984,995011.0,0.0,0.0,0.0,MCB.KA,
2023-08-23 00:00:00+05:00,95.14583526032949,95.725866263073,91.37215217024928,93.95782470703125,3422066.0,0.0,0.0,0.0,MCB.KA,
2023-08-24 00:00:00+05:00,95.38344694600157,98.14382726094263,95.38344694600157,97.75946807861328,5534190.0,0.0,0.0,0.0,MCB.KA,
2023-08-25 00:00:00+05:00,97.76645885975698,98.52819280237813,96.95582295226063,97.59175109863281,762789.0,0.0,0.0,0.0,MCB.KA,
2023-08-28 00:00:00+05:00,97.13751352979152,97.83634456237994,96.89991353790712,97.30523681640625,345279.0,0.0,0.0,0.0,MCB.KA,
2023-08-29 00:00:00+05:00,97.66164366476384,97.66164366476384,95.04102710846428,96.73918151855469,183047.0,0.0,0.0,0.0,MCB.KA,
2023-08-30 00:00:00+05:00,97.41005349260107,97.82236122691499,96.44566329213164,97.41703796386719,4806067.0,0.0,0.0,0.0,MCB.KA,
2023-08-31 00:00:00+05:00,96.08926595612442,98.11587166369115,90.11425855855329,90.33089447021484,3354645.0,0.0,0.0,0.0,MCB.KA,
2023-09-01 00:00:00+05:00,91.50494374260948,92.10593890070903,88.961199026231,91.19745635986328,316942.0,0.0,0.0,0.0,MCB.KA,
2023-09-04 00:00:00+05:00,92.20377623731196,92.23172478920941,90.6733344355069,90.91093444824219,80576.0,0.0,0.0,0.0,MCB.KA,
2023-09-05 00:00:00+05:00,90.15618908735189,91.5468667027754,90.15618908735189,90.46367645263672,88497.0,0.0,0.0,0.0,MCB.KA,
2023-09-06 00:00:00+05:00,90.54754962358415,91.47698559135084,89.79979523745635,91.16251373291016,101952.0,0.0,0.0,0.0,MCB.KA,
2023-09-07 00:00:00+05:00,91.54686486122074,91.89628037595821,90.1492028022708,91.10659790039062,430503.0,0.0,0.0,0.0,MCB.KA,
2023-09-08 00:00:00+05:00,90.18414100230258,92.88861350965063,90.18414100230258,92.35750579833984,726128.0,0.0,0.0,0.0,MCB.KA,
2023-09-11 00:00:00+05:00,91.58180973386489,92.93754365477086,90.84803501073051,91.37914276123047,649275.0,0.0,0.0,0.0,MCB.KA,
2023-09-12 00:00:00+05:00,91.53988621821568,91.53988621821568,88.4021308572935,89.2057876586914,2165322.0,0.0,0.0,0.0,MCB.KA,
2023-09-13 00:00:00+05:00,89.45735629922264,89.45735629922264,87.7172685276257,88.00379180908203,386819.0,0.0,0.0,0.0,MCB.KA,
2023-09-14 00:00:00+05:00,87.71029099720904,88.73757354552879,87.71029099720904,88.5069580078125,148944.0,0.0,0.0,0.0,MCB.KA,
2023-09-15 00:00:00+05:00,87.4936326214455,90.55451558820275,87.00445309014763,87.84304809570312,27208683.0,0.0,0.0,0.0,MCB.KA,
2023-09-18 00:00:00+05:00,88.6257446090533,89.6250731230286,88.06667769277696,88.86334991455078,1091915.0,0.0,0.0,0.0,MCB.KA,
2023-09-19 00:00:00+05:00,88.15753495595095,90.07233047345193,87.88499128246809,88.2274169921875,1252869.0,0.0,0.0,0.0,MCB.KA,
2023-09-20 00:00:00+05:00,88.73756394949127,88.73756394949127,87.66834802615611,88.4300765991211,416907.0,0.0,0.0,0.0,MCB.KA,
2023-09-21 00:00:00+05:00,88.52790800046573,90.53355481526225,88.05969252747882,90.33788299560547,1092615.0,0.0,0.0,0.0,MCB.KA,
2023-09-22 00:00:00+05:00,90.48463260414914,91.16249951005784,88.89129881754084,90.71524810791016,721236.0,0.0,0.0,0.0,MCB.KA,
2023-09-25 00:00:00+05:00,91.02273831440534,91.58180525053491,89.48531223753518,90.44969177246094,1793427.0,0.0,0.0,0.0,MCB.KA,
2023-09-26 00:00:00+05:00,90.48463941136504,91.53288596369467,90.07931613153308,91.36517333984375,505460.0,0.0,0.0,0.0,MCB.KA,
2023-09-27 00:00:00+05:00,91.53288072415887,91.8822962216008,90.22607017598678,90.63139343261719,811342.0,0.0,0.0,0.0,MCB.KA,
2023-09-28 00:00:00+05:00,90.63139343261719,90.63139343261719,90.63139343261719,90.63139343261719,0.0,0.0,0.0,0.0,MCB.KA,
2023-09-29 00:00:00+05:00,90.63139343261719,90.63139343261719,90.63139343261719,90.63139343261719,0.0,0.0,0.0,0.0,MCB.KA,
2023-10-02 00:00:00+05:00,90.8130904703376,90.84803415459858,89.73689537298031,90.44271087646484,475798.0,0.0,0.0,0.0,MCB.KA,
2023-10-03 00:00:00+05:00,90.84104886979715,92.2456953926647,90.49861782840968,91.91724395751953,423583.0,0.0,0.0,0.0,MCB.KA,
2023-10-04 00:00:00+05:00,91.89627413446274,96.43867551753505,91.88229452909444,95.93551635742188,1285269.0,0.0,0.0,0.0,MCB.KA,
2023-10-05 00:00:00+05:00,95.87960993105605,96.71820498845479,95.14583525708913,96.10324096679688,200214.0,0.0,0.0,0.0,MCB.KA,
2023-10-06 00:00:00+05:00,96.43170193569156,96.70424562291927,95.04800875747478,95.41838836669922,258078.0,0.0,0.0,0.0,MCB.KA,
2023-10-09 00:00:00+05:00,96.08227944942006,97.13751043622887,94.55882230197125,96.91387939453125,368256.0,0.0,0.0,0.0,MCB.KA,
2023-10-10 00:00:00+05:00,97.13751979904177,98.11587904248269,96.43868872135083,97.5498275756836,523667.0,0.0,0.0,0.0,MCB.KA,
2023-10-11 00:00:00+05:00,97.48692516001728,98.39540759883096,97.347161091734,97.56379699707031,204096.0,0.0,0.0,0.0,MCB.KA,
2023-10-12 00:00:00+05:00,98.18575647543786,98.87060787651345,97.4939099397713,97.72452545166016,273345.0,0.0,0.0,0.0,MCB.KA,
2023-10-13 00:00:00+05:00,98.26962560567168,99.92586255927621,97.7594818897711,99.59041595458984,482187.0,0.0,0.0,0.0,MCB.KA,
2023-10-16 00:00:00+05:00,100.98107444364295,101.32350545528998,97.13750413609945,100.6106948852539,547339.0,0.0,0.0,0.0,MCB.KA,
2023-10-17 00:00:00+05:00,100.9810722474241,101.14180038015226,98.82867164241418,99.40171813964844,166280.0,0.0,0.0,0.0,MCB.KA,
2023-10-18 00:00:00+05:00,100.10754632421053,100.63166960339488,98.95447937533113,100.24032592773438,256392.0,0.0,0.0,0.0,MCB.KA,
2023-10-19 00:00:00+05:00,100.44998865971323,102.02934314633512,100.00273717108388,101.67294311523438,343946.0,0.0,0.0,0.0,MCB.KA,
2023-10-20 00:00:00+05:00,102.02932709605912,103.42698911107362,100.35213694336768,103.10552215576172,312519.0,0.0,0.0,0.0,MCB.KA,
2023-10-23 00:00:00+05:00,103.2453069028533,104.47524575657846,103.07758360598879,103.23831176757812,395352.0,0.0,0.0,0.0,MCB.KA,
2023-10-24 00:00:00+05:00,103.95111294724,103.95111294724,101.26060928798543,102.64430236816406,239864.0,0.0,0.0,0.0,MCB.KA,
2023-10-25 00:00:00+05:00,102.64430236987867,106.21532926477612,102.64430236987867,103.05661010742188,883655.0,0.0,0.0,0.0,MCB.KA,
2023-10-26 00:00:00+05:00,103.70651946070008,104.85959704566993,103.31517579427947,104.20967864990234,808708.0,0.0,0.0,0.0,MCB.KA,
2023-10-27 00:00:00+05:00,104.26557801304878,104.76873716172327,103.42698298636276,103.99303436279297,409038.0,0.0,0.0,0.0,MCB.KA,
2023-10-30 00:00:00+05:00,103.81134261515484,105.34876861484797,103.77639893402933,104.91549682617188,679575.0,0.0,0.0,0.0,MCB.KA,
2023-10-31 00:00:00+05:00,105.4466134968166,107.59901434486771,105.4466134968166,106.32015228271484,1330493.0,0.0,0.0,0.0,MCB.KA,
2023-11-01 00:00:00+05:00,106.5717420899446,107.32648095286807,106.22232654210873,106.30618286132812,418499.0,0.0,0.0,0.0,MCB.KA,
2023-11-02 00:00:00+05:00,106.5647400162661,106.92113997739754,104.83163150767348,105.24394989013672,489144.0,0.0,0.0,0.0,MCB.KA,
2023-11-03 00:00:00+05:00,105.53917433705305,105.53917433705305,104.06310196870267,104.8528060913086,296717.0,8.0,0.0,0.0,MCB.KA,
2023-11-06 00:00:00+05:00,104.85280173280545,107.0004783807118,104.85280173280545,105.58345031738281,394928.0,0.0,0.0,0.0,MCB.KA,
2023-11-07 00:00:00+05:00,106.29197893845432,107.60568250147855,105.17016073735826,105.6720199584961,664927.0,0.0,0.0,0.0,MCB.KA,
2023-11-08 00:00:00+05:00,106.26244314943126,107.75327934566357,104.83803876635905,105.7310562133789,3814912.0,0.0,0.0,0.0,MCB.KA,
2023-11-09 00:00:00+05:00,105.7310562133789,105.7310562133789,105.7310562133789,105.7310562133789,0.0,0.0,0.0,0.0,MCB.KA,
2023-11-10 00:00:00+05:00,106.26983413455342,109.70169788380191,105.91556865810495,109.25149536132812,3327348.0,0.0,0.0,0.0,MCB.KA,
2023-11-13 00:00:00+05:00,108.83819639698407,115.11150392879745,108.83819639698407,113.87159729003906,789323.0,0.0,0.0,0.0,MCB.KA,
2023-11-14 00:00:00+05:00,114.617010854586,114.617010854586,112.18148942399442,112.779296875,1183880.0,0.0,0.0,0.0,MCB.KA,
2023-11-15 00:00:00+05:00,112.77930703370725,112.77930703370725,109.96739098552095,110.57258605957031,581773.0,0.0,0.0,0.0,MCB.KA,
2023-11-16 00:00:00+05:00,109.97477682000371,110.70543675675246,109.04485520540118,110.62425231933594,754597.0,0.0,0.0,0.0,MCB.KA,
2023-11-17 00:00:00+05:00,110.8825402421186,111.81246161126711,109.97474779201794,110.63159942626953,677037.0,0.0,0.0,0.0,MCB.KA,
2023-11-20 00:00:00+05:00,109.96737148566865,110.77921564554654,109.3400363383506,110.63159942626953,317411.0,0.0,0.0,0.0,MCB.KA,
2023-11-21 00:00:00+05:00,110.04119218995659,110.91944573057046,110.04119218995659,110.53567504882812,441722.0,0.0,0.0,0.0,MCB.KA,
2023-11-22 00:00:00+05:00,110.69805282536767,112.47671149467102,110.13713811037496,111.80510711669922,1222354.0,0.0,0.0,0.0,MCB.KA,
2023-11-23 00:00:00+05:00,110.81612656729331,114.7646245866253,110.81612656729331,113.4361572265625,650575.0,0.0,0.0,0.0,MCB.KA,
2023-11-24 00:00:00+05:00,115.12625314219089,117.34773770753237,112.919521190267,116.09307861328125,788577.0,0.0,0.0,0.0,MCB.KA,
2023-11-27 00:00:00+05:00,116.60971023195408,122.51399935762265,115.87905039849899,120.96411895751953,937512.0,0.0,0.0,0.0,MCB.KA,
2023-11-28 00:00:00+05:00,122.50662071557979,129.15632216247724,122.14497895937131,127.36289978027344,1806815.0,0.0,0.0,0.0,MCB.KA,
2023-11-29 00:00:00+05:00,128.77996029175918,129.8943910700809,124.07128501177583,128.3297576904297,1940586.0,0.0,0.0,0.0,MCB.KA,
2023-11-30 00:00:00+05:00,130.2633732029649,130.2633732029649,122.58780217607368,123.80555725097656,1823395.0,0.0,0.0,0.0,MCB.KA,
2023-12-01 00:00:00+05:00,123.80554228301752,125.31851837544504,122.91990131183962,124.98640441894531,523438.0,0.0,0.0,0.0,MCB.KA,
2023-12-04 00:00:00+05:00,125.46613817640566,125.50304223405912,123.99744226948137,124.53621673583984,333724.0,0.0,0.0,0.0,MCB.KA,
2023-12-05 00:00:00+05:00,125.41448593158734,125.83517197069362,124.06388959712925,125.1488037109375,831451.0,0.0,0.0,0.0,MCB.KA,
2023-12-06 00:00:00+05:00,126.5732095847612,126.5732095847612,125.09713716977856,126.17467498779297,481154.0,0.0,0.0,0.0,MCB.KA,
2023-12-07 00:00:00+05:00,126.79460041415834,131.7394398829476,126.17465281159566,130.16741943359375,1355456.0,0.0,0.0,0.0,MCB.KA,
2023-12-08 00:00:00+05:00,130.63239606600104,139.93165588378906,130.27814187396785,139.93165588378906,2588728.0,0.0,0.0,0.0,MCB.KA,
2023-12-11 00:00:00+05:00,141.04607279593247,150.4265161347192,138.0939285367002,141.3855743408203,2213202.0,0.0,0.0,0.0,MCB.KA,
2023-12-12 00:00:00+05:00,142.81000562360003,142.81000562360003,135.87246980334817,137.4149627685547,624853.0,0.0,0.0,0.0,MCB.KA,
2023-12-13 00:00:00+05:00,137.27474137937492,139.48885011130034,134.3225964034744,135.274658203125,829624.0,0.0,0.0,0.0,MCB.KA,
2023-12-14 00:00:00+05:00,133.67308559559012,138.00536486120754,132.95718972711364,136.85401916503906,562452.0,0.0,0.0,0.0,MCB.KA,
2023-12-15 00:00:00+05:00,137.96846977111633,140.21948211920997,135.13441386148554,139.3633575439453,732140.0,0.0,0.0,0.0,MCB.KA,
2023-12-18 00:00:00+05:00,140.153048723271,140.153048723271,136.16765834936774,136.75070190429688,144423.0,0.0,0.0,0.0,MCB.KA,
2023-12-19 00:00:00+05:00,133.59189313454078,135.88718555924032,126.49199037419027,127.90164184570312,881801.0,0.0,0.0,0.0,MCB.KA,
2023-12-20 00:00:00+05:00,125.47351319884403,129.11941333155173,123.25202859390959,127.48097229003906,1926350.0,0.0,0.0,0.0,MCB.KA,
2023-12-21 00:00:00+05:00,126.21157577919423,128.7135182305223,123.95318664314192,125.60639190673828,1120340.0,0.0,0.0,0.0,MCB.KA,
2023-12-22 00:00:00+05:00,126.90532127275713,126.90532127275713,123.25204436572162,123.8203353881836,547691.0,0.0,0.0,0.0,MCB.KA,
2023-12-25 00:00:00+05:00,123.8203353881836,123.8203353881836,123.8203353881836,123.8203353881836,0.0,0.0,0.0,0.0,MCB.KA,
2023-12-26 00:00:00+05:00,123.24468370942338,125.24475574217756,119.56187858047531,124.10818481445312,939531.0,0.0,0.0,0.0,MCB.KA,
2023-12-27 00:00:00+05:00,123.99006311944348,126.57318943443188,121.84976296306789,125.78348541259766,689702.0,0.0,0.0,0.0,MCB.KA,
2023-12-28 00:00:00+05:00,126.38871091397085,129.79843486894993,126.20420184694316,128.57330322265625,733636.0,0.0,0.0,0.0,MCB.KA,
2023-12-29 00:00:00+05:00,129.87221134274515,129.87221134274515,126.24107514015012,127.34812927246094,308816.0,0.0,0.0,0.0,MCB.KA,
2024-01-01 00:00:00+05:00,126.38867820393655,132.84649387859025,126.38867820393655,132.16012573242188,317535.0,0.0,0.0,0.0,MCB.KA,
2024-01-02 00:00:00+05:00,132.80222885872072,133.90189553326778,131.22283192171025,131.488525390625,293301.0,0.0,0.0,0.0,MCB.KA,
2024-01-03 00:00:00+05:00,131.3704430221454,132.84651541565265,129.97555506074258,130.62503051757812,445499.0,0.0,0.0,0.0,MCB.KA,
2024-01-04 00:00:00+05:00,131.77637334978346,131.77637334978346,129.36299168359392,130.40362548828125,73947.0,0.0,0.0,0.0,MCB.KA,
2024-01-05 00:00:00+05:00,129.26700643465614,131.22280867538637,128.78728751871378,130.71356201171875,334883.0,0.0,0.0,0.0,MCB.KA,
2024-01-08 00:00:00+05:00,131.18591216867136,131.222816224683,129.15631296493666,129.28915405273438,137216.0,0.0,0.0,0.0,MCB.KA,
2024-01-09 00:00:00+05:00,130.03459779049876,130.6324053010472,128.04927864255194,129.1710968017578,387254.0,0.0,0.0,0.0,MCB.KA,
2024-01-10 00:00:00+05:00,129.2227483594382,129.71723123451818,128.43305552541253,129.4293975830078,129254.0,0.0,0.0,0.0,MCB.KA,
2024-01-11 00:00:00+05:00,129.15633451426274,129.8943707114871,128.4182983170384,129.28179931640625,156553.0,0.0,0.0,0.0,MCB.KA,
2024-01-12 00:00:00+05:00,129.3039089270809,131.7394300543423,128.0492499407753,129.4441375732422,342848.0,0.0,0.0,0.0,MCB.KA,
2024-01-15 00:00:00+05:00,129.52533633457767,131.22282162716732,129.52533633457767,130.04934692382812,149221.0,0.0,0.0,0.0,MCB.KA,
2024-01-16 00:00:00+05:00,130.81690763201033,130.85381169183046,128.0566483759175,129.1563262939453,156158.0,0.0,0.0,0.0,MCB.KA,
2024-01-17 00:00:00+05:00,128.43306089529256,130.63240558754703,128.43306089529256,129.86485290527344,199819.0,0.0,0.0,0.0,MCB.KA,
2024-01-18 00:00:00+05:00,130.4773925900857,131.18591217632516,127.76142524283081,130.12313842773438,258712.0,0.0,0.0,0.0,MCB.KA,
2024-01-19 00:00:00+05:00,131.27448916383253,131.94610477725806,129.97554956660693,131.0235595703125,160238.0,0.0,0.0,0.0,MCB.KA,
2024-01-22 00:00:00+05:00,131.29659798428244,131.9608371315354,130.0419390548519,131.4663543701172,317787.0,0.0,0.0,0.0,MCB.KA,
2024-01-23 00:00:00+05:00,132.2413168168018,132.84651188760597,130.78000833926887,131.50328063964844,1285313.0,0.0,0.0,0.0,MCB.KA,
2024-01-24 00:00:00+05:00,131.6066082021181,132.46272155476737,130.63239510427695,131.54017639160156,173479.0,0.0,0.0,0.0,MCB.KA,
2024-01-25 00:00:00+05:00,132.1010975646623,132.86127391562943,131.14902460292097,131.20806884765625,387122.0,0.0,0.0,0.0,MCB.KA,
2024-01-26 00:00:00+05:00,132.03464903818985,132.1010808435696,130.05671776684255,131.2818603515625,1499028.0,0.0,0.0,0.0,MCB.KA,
2024-01-29 00:00:00+05:00,132.0199190275948,132.0199190275948,128.86112499328587,129.65081787109375,381346.0,0.0,0.0,0.0,MCB.KA,
2024-01-30 00:00:00+05:00,131.18591957425747,132.81698434513763,129.89435637169797,131.52542114257812,759027.0,0.0,0.0,0.0,MCB.KA,
2024-01-31 00:00:00+05:00,130.66931332118912,132.84651788985397,130.66931332118912,132.1453857421875,287765.0,0.0,0.0,0.0,MCB.KA,
2024-02-01 00:00:00+05:00,133.57718060832946,133.58455691643596,131.00880643334068,133.01626586914062,176938.0,0.0,0.0,0.0,MCB.KA,
2024-02-02 00:00:00+05:00,133.01625479111917,136.31527734776682,133.01625479111917,135.8281707763672,195987.0,0.0,0.0,0.0,MCB.KA,
2024-02-06 00:00:00+05:00,135.79862537823539,139.49618172160945,135.06058937074496,137.09756469726562,1607305.0,0.0,0.0,0.0,MCB.KA,
2024-02-07 00:00:00+05:00,137.3116304138451,137.9020615967049,136.55145406668225,136.9868927001953,305260.0,0.0,0.0,0.0,MCB.KA,
2024-02-08 00:00:00+05:00,136.9868927001953,136.9868927001953,136.9868927001953,136.9868927001953,0.0,0.0,0.0,0.0,MCB.KA,
2024-02-09 00:00:00+05:00,137.24519411930956,140.2268549215118,132.92030224863726,135.6215057373047,156627.0,0.0,0.0,0.0,MCB.KA,
2024-02-12 00:00:00+05:00,133.62143145563917,136.5366716521204,133.5919037066593,134.42588806152344,352317.0,0.0,0.0,0.0,MCB.KA,
2024-02-13 00:00:00+05:00,135.79864711183714,137.1640184488266,131.45161478246862,136.2783660888672,191116.0,0.0,0.0,0.0,MCB.KA,
2024-02-14 00:00:00+05:00,136.16768081657074,137.64375323734657,134.35949435342812,137.3190155029297,66268.0,0.0,0.0,0.0,MCB.KA,
2024-02-15 00:00:00+05:00,137.34852718274675,138.6548430139362,135.87245493472815,136.92784118652344,451644.0,0.0,0.0,0.0,MCB.KA,
2024-02-16 00:00:00+05:00,136.83189489542963,138.16036219045606,136.5366849461072,137.56993103027344,918448.0,0.0,0.0,0.0,MCB.KA,
2024-02-19 00:00:00+05:00,135.1417890086882,138.75078504148664,135.06060458825561,137.4444580078125,699953.0,0.0,0.0,0.0,MCB.KA,
2024-02-20 00:00:00+05:00,138.02752624744116,138.56628949277092,135.79865388372758,135.96839904785156,215374.0,0.0,0.0,0.0,MCB.KA,
2024-02-21 00:00:00+05:00,137.6068347105831,138.75079296875,136.17504281108083,138.38177490234375,323214.0,0.0,0.0,0.0,MCB.KA,
2024-02-22 00:00:00+05:00,139.04601086070232,139.30432802655895,136.53669237040214,138.485107421875,916771.0,0.0,0.0,0.0,MCB.KA,
2024-02-23 00:00:00+05:00,138.73604224331908,142.0719690330666,138.01276991783612,141.54795837402344,277694.0,0.0,0.0,0.0,MCB.KA,
2024-02-26 00:00:00+05:00,140.96491566774355,144.65509670616618,140.96491566774355,142.7952423095703,176305.0,0.0,0.0,0.0,MCB.KA,
2024-02-27 00:00:00+05:00,143.17901380023488,144.13107548331436,141.34129972359366,142.51478576660156,440567.0,0.0,0.0,0.0,MCB.KA,
2024-02-28 00:00:00+05:00,140.33757588690116,146.50018252808852,140.33757588690116,145.1126708984375,1383363.0,0.0,0.0,0.0,MCB.KA,
2024-02-29 00:00:00+05:00,146.1163701593636,147.60720609414457,144.63292179227045,146.13113403320312,868142.0,0.0,0.0,0.0,MCB.KA,
2024-03-01 00:00:00+05:00,146.8691968470704,148.34526917719174,146.50755507203695,147.82125854492188,195687.0,0.0,0.0,0.0,MCB.KA,
2024-03-04 00:00:00+05:00,147.6072312570715,149.4449453403757,146.50017702264344,148.03529357910156,3220381.0,0.0,0.0,0.0,MCB.KA,
2024-03-05 00:00:00+05:00,148.71428524851075,149.8213394811299,147.60723101589156,148.52239990234375,144888.0,0.0,0.0,0.0,MCB.KA,
2024-03-06 00:00:00+05:00,148.36004213619373,151.6664412048496,148.36004213619373,150.53724670410156,559949.0,0.0,0.0,0.0,MCB.KA,
2024-03-07 00:00:00+05:00,149.9689369697274,151.86569519908738,148.3452597619538,148.7880859375,4087394.0,0.0,0.0,0.0,MCB.KA,
2024-03-08 00:00:00+05:00,151.208857986434,151.208857986434,147.607237780888,148.21243286132812,174300.0,0.0,0.0,0.0,MCB.KA,
2024-03-11 00:00:00+05:00,149.06116177201312,149.06116177201312,144.65508506577044,146.58135986328125,515982.0,0.0,0.0,0.0,MCB.KA,
2024-03-12 00:00:00+05:00,147.5924824231705,147.5924824231705,145.7990597861518,146.66993713378906,1048818.0,0.0,0.0,0.0,MCB.KA,
2024-03-13 00:00:00+05:00,146.8691935106547,147.7548346363008,145.76951559554186,146.58135986328125,215985.0,0.0,0.0,0.0,MCB.KA,
2024-03-14 00:00:00+05:00,146.1020580297625,148.35167590483695,145.33671681695816,146.0556640625,344691.0,9.0,0.0,0.0,MCB.KA,
2024-03-15 00:00:00+05:00,146.48860284989684,146.88286313065984,143.79831875832826,146.04022216796875,217322.0,0.0,0.0,0.0,MCB.KA,
2024-03-18 00:00:00+05:00,146.10978196138402,146.49631577609668,143.7132675917352,144.33946228027344,59655.0,0.0,0.0,0.0,MCB.KA,
2024-03-19 00:00:00+05:00,146.10976727393694,149.58857125664971,144.56363217050904,148.7923126220703,791088.0,0.0,0.0,0.0,MCB.KA,
2024-03-20 00:00:00+05:00,148.43671227885832,150.74818875299155,148.42898584909938,149.6272430419922,139079.0,0.0,0.0,0.0,MCB.KA,
2024-03-21 00:00:00+05:00,150.43894533049337,152.29430267511069,145.3366949386843,151.16561889648438,313177.0,0.0,0.0,0.0,MCB.KA,
2024-03-22 00:00:00+05:00,151.3279833082035,151.52125020898026,149.20204739965914,150.63995361328125,309789.0,0.0,0.0,0.0,MCB.KA,
2024-03-26 00:00:00+05:00,151.3434419425819,151.3434419425819,149.61949276305918,149.84368896484375,41927.0,0.0,0.0,0.0,MCB.KA,
2024-03-27 00:00:00+05:00,149.51902369565036,153.68585804341407,149.51902369565036,152.39483642578125,414428.0,0.0,0.0,0.0,MCB.KA,
2024-03-28 00:00:00+05:00,152.29433437725808,154.8454601042143,152.29433437725808,154.6444549560547,602903.0,0.0,0.0,0.0,MCB.KA,
2024-03-29 00:00:00+05:00,155.37887293564307,157.6594201691076,154.54395844889552,157.13372802734375,239673.0,0.0,0.0,0.0,MCB.KA,
2024-04-01 00:00:00+05:00,156.93273085706946,158.47886613644945,156.93273085706946,157.6748809814453,157131.0,0.0,0.0,0.0,MCB.KA,
2024-04-02 00:00:00+05:00,157.70579646392028,159.56889228261596,157.70579646392028,159.09732055664062,64276.0,0.0,0.0,0.0,MCB.KA,
2024-04-03 00:00:00+05:00,158.56389175608135,159.58433482740332,157.7135126999171,158.53297424316406,99896.0,0.0,0.0,0.0,MCB.KA,
2024-04-04 00:00:00+05:00,155.38660242813006,160.64346496899356,155.38660242813006,160.11004638671875,142213.0,0.0,0.0,0.0,MCB.KA,
2024-04-08 00:00:00+05:00,158.48659346545523,168.14221258655323,158.48659346545523,167.13722229003906,332836.0,0.0,0.0,0.0,MCB.KA,
2024-04-09 00:00:00+05:00,167.67837699583382,171.621026927463,161.9654072469834,165.4519500732422,747931.0,0.0,0.0,0.0,MCB.KA,
2024-04-15 00:00:00+05:00,160.8753771249941,165.04221114268196,158.1309847031009,160.18734741210938,370465.0,0.0,0.0,0.0,MCB.KA,
2024-04-16 00:00:00+05:00,160.06365491097625,162.26689057553077,159.40654270803012,160.65892028808594,307624.0,0.0,0.0,0.0,MCB.KA,
2024-04-17 00:00:00+05:00,160.643450583567,162.72300432716384,158.4865853610855,160.3032989501953,305944.0,0.0,0.0,0.0,MCB.KA,
2024-04-18 00:00:00+05:00,160.08682904209223,163.50378618417102,160.08682904209223,163.0012969970703,571132.0,0.0,0.0,0.0,MCB.KA,
2024-04-19 00:00:00+05:00,165.34373397258048,165.34373397258048,160.0404887412594,164.2305145263672,275873.0,0.0,0.0,0.0,MCB.KA,
2024-04-22 00:00:00+05:00,164.58610422698348,165.93124623573652,163.11728035454385,164.11453247070312,569952.0,0.0,0.0,0.0,MCB.KA,
2024-04-23 00:00:00+05:00,163.12500225780923,165.5910899740475,163.1172758278172,164.98809814453125,468625.0,0.0,0.0,0.0,MCB.KA,
2024-04-24 00:00:00+05:00,164.9880822111821,167.74793914565953,164.50878408428358,165.0731201171875,1047692.0,0.0,0.0,0.0,MCB.KA,
2024-04-25 00:00:00+05:00,166.2095172015808,167.75565224531644,164.59380891193487,165.49057006835938,459644.0,0.0,0.0,0.0,MCB.KA,
2024-04-26 00:00:00+05:00,167.73247518239705,168.5210074235084,164.5165111915794,164.74070739746094,453335.0,0.0,0.0,0.0,MCB.KA,
2024-04-29 00:00:00+05:00,166.2095490486115,166.2095490486115,162.2282552665754,163.2023162841797,547277.0,0.0,0.0,0.0,MCB.KA,
2024-04-30 00:00:00+05:00,165.3978088381204,165.82299837264995,160.41925166161144,160.8908233642578,788529.0,0.0,0.0,0.0,MCB.KA,
2024-05-02 00:00:00+05:00,158.7494393693798,162.2436964940397,158.7494393693798,160.9681396484375,695094.0,0.0,0.0,0.0,MCB.KA,
2024-05-03 00:00:00+05:00,161.5983731967952,164.8303406607311,157.55841386687533,164.18394470214844,790334.0,9.0,0.0,0.0,MCB.KA,
2024-05-06 00:00:00+05:00,164.41826167631442,166.64831468530795,161.68724534977468,166.35743713378906,510166.0,0.0,0.0,0.0,MCB.KA,
2024-05-07 00:00:00+05:00,166.52712368664828,167.1250297596097,165.75952157301876,166.05848693847656,1130463.0,0.0,0.0,0.0,MCB.KA,
2024-05-08 00:00:00+05:00,165.88073505725524,166.2039268769383,163.7476369920049,164.32130432128906,1140064.0,0.0,0.0,0.0,MCB.KA,
2024-05-09 00:00:00+05:00,164.2970563751562,165.47672987617142,164.02234211087077,164.83840942382812,299968.0,0.0,0.0,0.0,MCB.KA,
2024-05-10 00:00:00+05:00,166.2362657356313,166.2362657356313,164.02236338743754,164.19204711914062,432199.0,0.0,0.0,0.0,MCB.KA,
2024-05-13 00:00:00+05:00,164.80608707823032,165.58175229563045,164.03849734033233,164.82225036621094,417144.0,0.0,0.0,0.0,MCB.KA,
2024-05-14 00:00:00+05:00,164.8222671858529,169.6540551511105,164.43442220859802,168.71678161621094,413194.0,0.0,0.0,0.0,MCB.KA,
2024-05-15 00:00:00+05:00,168.79760574913774,172.18309408284313,168.06233009601272,171.5286102294922,417165.0,0.0,0.0,0.0,MCB.KA,
2024-05-16 00:00:00+05:00,172.10227857418533,175.73824220603433,171.29428665599667,175.4716033935547,257407.0,0.0,0.0,0.0,MCB.KA,
2024-05-17 00:00:00+05:00,175.33423347822531,175.49582938429916,172.4254578529864,174.83328247070312,165726.0,0.0,0.0,0.0,MCB.KA,
2024-05-20 00:00:00+05:00,174.52625288459717,174.83329375624123,168.54711767106798,171.2781219482422,500372.0,0.0,0.0,0.0,MCB.KA,
2024-05-21 00:00:00+05:00,172.08610469565247,173.71825172208528,167.46439022165833,172.0941925048828,261924.0,0.0,0.0,0.0,MCB.KA,
2024-05-22 00:00:00+05:00,172.91026874119694,173.62938104794281,168.0623172811634,169.08847045898438,189820.0,0.0,0.0,0.0,MCB.KA,
2024-05-23 00:00:00+05:00,169.28237550333918,170.40548373109584,165.23434059516111,165.97769165039062,864106.0,0.0,0.0,0.0,MCB.KA,
2024-05-24 00:00:00+05:00,167.98152052420897,171.69828840479843,166.05850807778074,170.18734741210938,1565614.0,0.0,0.0,0.0,MCB.KA,
2024-05-27 00:00:00+05:00,171.2538587867055,172.08608935070623,165.7191223785729,167.01190185546875,366234.0,0.0,0.0,0.0,MCB.KA,
2024-05-28 00:00:00+05:00,167.01190185546875,167.01190185546875,167.01190185546875,167.01190185546875,0.0,0.0,0.0,0.0,MCB.KA,
2024-05-29 00:00:00+05:00,167.10889914726874,168.87031566065193,163.30325168059628,165.2585906982422,326987.0,0.0,0.0,0.0,MCB.KA,
2024-05-30 00:00:00+05:00,165.3555412292607,167.57751900567087,162.85884915944914,163.47293090820312,657317.0,0.0,0.0,0.0,MCB.KA,
2024-05-31 00:00:00+05:00,164.02234111592895,168.95109619927916,162.6164308965036,168.16734313964844,671117.0,0.0,0.0,0.0,MCB.KA,
2024-06-03 00:00:00+05:00,168.18348848518363,171.2942618513386,166.04231514363246,166.5675048828125,163638.0,0.0,0.0,0.0,MCB.KA,
2024-06-04 00:00:00+05:00,166.56752833966598,167.87648362562408,163.8607628219003,165.0323486328125,361996.0,0.0,0.0,0.0,MCB.KA,
2024-06-05 00:00:00+05:00,165.63832752142602,166.43824388301002,162.81035607593824,164.29705810546875,151942.0,0.0,0.0,0.0,MCB.KA,
2024-06-06 00:00:00+05:00,163.30324464346506,164.83034885291383,162.7295649653541,163.03660583496094,301423.0,0.0,0.0,0.0,MCB.KA,
2024-06-07 00:00:00+05:00,164.01427821678786,164.01427821678786,155.94243479591447,161.14590454101562,699289.0,0.0,0.0,0.0,MCB.KA,
2024-06-10 00:00:00+05:00,161.14588248361125,163.2143394665913,160.38636823820974,161.11355590820312,167872.0,0.0,0.0,0.0,MCB.KA,
2024-06-11 00:00:00+05:00,160.9923915580076,160.9923915580076,158.36641779357333,159.02088928222656,200580.0,0.0,0.0,0.0,MCB.KA,
2024-06-12 00:00:00+05:00,159.9419903997065,162.32556398318215,157.59881887608185,159.8369598388672,356711.0,0.0,0.0,0.0,MCB.KA,
2024-06-13 00:00:00+05:00,161.59838566664902,173.4193115234375,161.59838566664902,173.4193115234375,1630443.0,0.0,0.0,0.0,MCB.KA,
2024-06-14 00:00:00+05:00,174.5181723113795,185.03014233485334,173.71825590390162,181.20025634765625,819530.0,0.0,0.0,0.0,MCB.KA,
2024-06-20 00:00:00+05:00,181.3133831189937,196.60060119628906,181.20026474260254,196.60060119628906,1830228.0,0.0,0.0,0.0,MCB.KA,
2024-06-21 00:00:00+05:00,197.95801634375334,206.28033541502103,197.5540203920314,198.2246551513672,1769890.0,0.0,0.0,0.0,MCB.KA,
2024-06-24 00:00:00+05:00,197.95802130919688,203.8159627561017,192.39095744798718,199.18617248535156,416046.0,0.0,0.0,0.0,MCB.KA,
2024-06-25 00:00:00+05:00,194.0796448914201,201.67477587397659,193.91804898306304,194.6371612548828,74166.0,0.0,0.0,0.0,MCB.KA,
2024-06-26 00:00:00+05:00,194.63714844316797,197.94991982682782,192.96461179184973,193.99884033203125,573110.0,0.0,0.0,0.0,MCB.KA,
2024-06-27 00:00:00+05:00,196.31780455331383,198.74985587788376,187.63189111402008,191.4536895751953,141738.0,0.0,0.0,0.0,MCB.KA,
2024-06-28 00:00:00+05:00,190.3224825996953,191.40518871898075,181.39417019766725,183.43031311035156,1459298.0,0.0,0.0,0.0,MCB.KA,
2024-07-01 00:00:00+05:00,184.2140649269205,188.58529143234298,184.02014244595514,185.38565063476562,512174.0,0.0,0.0,0.0,MCB.KA,
2024-07-02 00:00:00+05:00,186.62994702364344,187.3409837701051,185.43412258284792,185.89468383789062,504332.0,0.0,0.0,0.0,MCB.KA,
2024-07-03 00:00:00+05:00,187.3410037214846,189.8780978118541,186.26637300758273,186.99356079101562,364787.0,0.0,0.0,0.0,MCB.KA,
2024-07-04 00:00:00+05:00,186.64611705510012,188.26210075254687,185.6361272441959,186.01588439941406,339610.0,0.0,0.0,0.0,MCB.KA,
2024-07-05 00:00:00+05:00,187.23596518872097,187.85812242262165,183.05864841905878,184.3514404296875,719151.0,0.0,0.0,0.0,MCB.KA,
2024-07-08 00:00:00+05:00,184.6261666001949,185.43415857656336,181.79819468290523,182.5092315673828,379690.0,0.0,0.0,0.0,MCB.KA,
2024-07-09 00:00:00+05:00,184.22214034926188,185.030132192899,180.20641990006726,181.0386505126953,456510.0,0.0,0.0,0.0,MCB.KA,
2024-07-10 00:00:00+05:00,183.25254728615909,183.25254728615909,178.2349126579946,178.6146697998047,273743.0,0.0,0.0,0.0,MCB.KA,
2024-07-11 00:00:00+05:00,178.55813053353978,180.09331017853907,176.24727325667095,176.9582977294922,656831.0,0.0,0.0,0.0,MCB.KA,
2024-07-12 00:00:00+05:00,178.55811749258623,179.3580215072115,175.33422567877074,178.1298828125,773155.0,0.0,0.0,0.0,MCB.KA,
2024-07-15 00:00:00+05:00,180.9901771627764,186.56531608128884,178.56620157577493,185.36949157714844,2053735.0,0.0,0.0,0.0,MCB.KA,
2024-07-16 00:00:00+05:00,185.36949157714844,185.36949157714844,185.36949157714844,185.36949157714844,0.0,0.0,0.0,0.0,MCB.KA,
2024-07-17 00:00:00+05:00,185.36949157714844,185.36949157714844,185.36949157714844,185.36949157714844,0.0,0.0,0.0,0.0,MCB.KA,
2024-07-18 00:00:00+05:00,185.83814355584929,189.0458724983272,185.0301516273456,188.29443359375,527004.0,0.0,0.0,0.0,MCB.KA,
2024-07-19 00:00:00+05:00,188.29440087497989,188.29440087497989,184.22212768768586,185.13516235351562,428591.0,0.0,0.0,0.0,MCB.KA,
2024-07-22 00:00:00+05:00,183.41413211051514,186.4845033076758,181.402228161268,181.87086486816406,343597.0,0.0,0.0,0.0,MCB.KA,
2024-07-23 00:00:00+05:00,181.80624652398552,184.2140711773393,181.80624652398552,183.31719970703125,299486.0,0.0,0.0,0.0,MCB.KA,
2024-07-24 00:00:00+05:00,184.21408152327984,186.62996946361977,183.41416508733028,184.5049591064453,257161.0,0.0,0.0,0.0,MCB.KA,
2024-07-25 00:00:00+05:00,185.10283696291023,186.48450835416375,180.65888209988586,181.3699188232422,93940.0,0.0,0.0,0.0,MCB.KA,
2024-07-26 00:00:00+05:00,183.00208646574424,183.414157888648,181.07098635382025,181.59617614746094,91587.0,0.0,0.0,0.0,MCB.KA,
2024-07-29 00:00:00+05:00,179.37419228638703,184.62613935783529,179.37419228638703,183.6646270751953,298252.0,0.0,0.0,0.0,MCB.KA,
2024-07-30 00:00:00+05:00,185.41796727598353,185.8300510122294,182.21832643712528,184.44837951660156,133032.0,0.0,0.0,0.0,MCB.KA,
2024-07-31 00:00:00+05:00,185.02203883918816,186.40369785410786,182.6061390216649,184.17364501953125,260236.0,0.0,0.0,0.0,MCB.KA,
2024-08-01 00:00:00+05:00,185.8300663825949,185.83814186337418,182.2021782182212,183.37376403808594,201670.0,0.0,0.0,0.0,MCB.KA,
2024-08-02 00:00:00+05:00,184.86045940762233,184.86045940762233,181.75777350361835,182.1779327392578,130111.0,0.0,0.0,0.0,MCB.KA,
2024-08-05 00:00:00+05:00,184.22215807115708,184.22215807115708,178.7682126019452,179.37420654296875,407463.0,0.0,0.0,0.0,MCB.KA,
2024-08-06 00:00:00+05:00,180.86899006429857,180.99018391658015,178.56620823912596,178.9055633544922,413004.0,0.0,0.0,0.0,MCB.KA,
2024-08-07 00:00:00+05:00,180.57811463563178,181.11946773055203,178.44501650728387,178.7035675048828,335041.0,0.0,0.0,0.0,MCB.KA,
2024-08-08 00:00:00+05:00,179.34996103514962,182.5819285992138,178.978279340532,180.02867126464844,801534.0,0.0,0.0,0.0,MCB.KA,
2024-08-09 00:00:00+05:00,181.7820133436821,184.21407684163907,180.1821928414192,182.80816650390625,214356.0,0.0,0.0,0.0,MCB.KA,
2024-08-12 00:00:00+05:00,185.03015422912566,185.81390739711318,182.60617840953014,184.04440307617188,237849.0,0.0,0.0,0.0,MCB.KA,
2024-08-13 00:00:00+05:00,185.01398991049712,185.02207772039714,182.64657945775238,184.10096740722656,79688.0,0.0,0.0,0.0,MCB.KA,
2024-08-15 00:00:00+05:00,185.02208710312843,189.07012246621622,183.5111337236456,186.84814453125,777507.0,0.0,0.0,0.0,MCB.KA,
2024-08-16 00:00:00+05:00,187.89902206052764,187.89902206052764,182.01404150382209,183.15740966796875,1233576.0,9.0,0.0,0.0,MCB.KA,
2024-08-19 00:00:00+05:00,182.43439360562238,184.1158165881627,179.07154764054178,181.39190673828125,171191.0,0.0,0.0,0.0,MCB.KA,
2024-08-20 00:00:00+05:00,180.07199181327246,182.43438899147333,179.07154311144615,179.8365936279297,85950.0,0.0,0.0,0.0,MCB.KA,
2024-08-21 00:00:00+05:00,180.75296034753612,181.21535420709614,179.0715374605823,179.31533813476562,364263.0,0.0,0.0,0.0,MCB.KA,
2024-08-22 00:00:00+05:00,178.65117427194758,181.59366420113258,178.65117427194758,181.40870666503906,228906.0,0.0,0.0,0.0,MCB.KA,
2024-08-23 00:00:00+05:00,181.42553380703797,182.7538594398529,180.75296208016172,181.63571166992188,285812.0,0.0,0.0,0.0,MCB.KA,
2024-08-26 00:00:00+05:00,181.69453657419285,182.00560850325826,179.9122325807652,180.29896545410156,279960.0,0.0,0.0,0.0,MCB.KA,
2024-08-27 00:00:00+05:00,180.33262437735564,180.74457764794582,179.07155707401748,179.49191284179688,79547.0,0.0,0.0,0.0,MCB.KA,
2024-08-28 00:00:00+05:00,180.95472912560834,181.17330947479041,177.43214625313956,178.27285766601562,197759.0,0.0,0.0,0.0,MCB.KA,
2024-08-29 00:00:00+05:00,179.9122601344479,179.9122601344479,176.54941415062643,179.02951049804688,257775.0,0.0,0.0,0.0,MCB.KA,
2024-08-30 00:00:00+05:00,177.3985114827758,180.92109437251938,177.3985114827758,180.16445922851562,279037.0,0.0,0.0,0.0,MCB.KA,
2024-09-02 00:00:00+05:00,180.18127458611832,181.59366358981822,179.16400814102843,180.1392364501953,72778.0,0.0,0.0,0.0,MCB.KA,
2024-09-03 00:00:00+05:00,179.74411521902866,180.66889014097544,178.1467557258204,178.35693359375,157357.0,0.0,0.0,0.0,MCB.KA,
2024-09-04 00:00:00+05:00,179.86180830131715,181.15649828007227,178.65118176998124,180.71092224121094,127736.0,0.0,0.0,0.0,MCB.KA,
2024-09-05 00:00:00+05:00,179.35739241254464,184.9144960671275,178.74367659548642,182.49325561523438,321410.0,0.0,0.0,0.0,MCB.KA,
2024-09-06 00:00:00+05:00,184.09898130241464,184.91447239784662,180.92109319313377,184.07376098632812,232402.0,0.0,0.0,0.0,MCB.KA,
2024-09-09 00:00:00+05:00,184.07376639914847,184.9565159728484,182.06446657966387,183.97288513183594,198933.0,0.0,0.0,0.0,MCB.KA,
2024-09-10 00:00:00+05:00,184.70430628440866,186.82290276799574,183.27509935963724,186.45298767089844,361447.0,0.0,0.0,0.0,MCB.KA,
2024-09-11 00:00:00+05:00,187.2180371183531,187.2180371183531,182.01403112736654,182.51846313476562,242357.0,0.0,0.0,0.0,MCB.KA,
2024-09-12 00:00:00+05:00,183.6534007277622,183.6534007277622,180.96312684324306,182.47640991210938,97561.0,0.0,0.0,0.0,MCB.KA,
2024-09-13 00:00:00+05:00,183.2666864859189,184.07376226275989,181.08923416552582,181.56004333496094,211815.0,0.0,0.0,0.0,MCB.KA,
2024-09-16 00:00:00+05:00,181.58528229669926,182.35032001558054,179.91226178622193,182.0392608642578,77922.0,0.0,0.0,0.0,MCB.KA,
2024-09-17 00:00:00+05:00,182.0392608642578,182.0392608642578,182.0392608642578,182.0392608642578,0.0,0.0,0.0,0.0,MCB.KA,
2024-09-18 00:00:00+05:00,182.602509802017,187.47023589286866,180.75294732526646,185.11624145507812,478866.0,0.0,0.0,0.0,MCB.KA,
2024-09-19 00:00:00+05:00,185.80562488342213,194.414514376011,183.46004568413198,191.07688903808594,532435.0,0.0,0.0,0.0,MCB.KA,
2024-09-20 00:00:00+05:00,190.83310509559067,200.00525767137975,190.83310509559067,199.00482177734375,1395293.0,0.0,0.0,0.0,MCB.KA,
2024-09-23 00:00:00+05:00,198.4079012197682,201.67826823098144,196.6844401901352,200.32472229003906,493960.0,0.0,0.0,0.0,MCB.KA,
2024-09-24 00:00:00+05:00,200.0893107657146,201.60259383295158,194.20433103731122,196.1800079345703,401001.0,0.0,0.0,0.0,MCB.KA,
2024-09-25 00:00:00+05:00,197.55879088968595,205.97430799830798,194.212750037708,205.61280822753906,464142.0,0.0,0.0,0.0,MCB.KA,
2024-09-26 00:00:00+05:00,205.9743012957478,208.07607988039828,203.46898481475117,205.36898803710938,299591.0,0.0,0.0,0.0,MCB.KA,
2024-09-27 00:00:00+05:00,203.19996338806413,207.26060140058658,200.93004494388566,202.63668823242188,134996.0,0.0,0.0,0.0,MCB.KA,
2024-09-30 00:00:00+05:00,203.4521685824572,203.4521685824572,196.7264770590702,202.10702514648438,294131.0,0.0,0.0,0.0,MCB.KA,
2024-10-01 00:00:00+05:00,200.13135707962937,203.40172400636285,200.08931894277524,201.77914428710938,380916.0,0.0,0.0,0.0,MCB.KA,
2024-10-02 00:00:00+05:00,202.1910960176646,205.12518348448583,200.09771996879618,204.3096923828125,159320.0,0.0,0.0,0.0,MCB.KA,
2024-10-03 00:00:00+05:00,202.29199714893036,205.0411273475221,202.19111587390515,203.00660705566406,186663.0,0.0,0.0,0.0,MCB.KA,
2024-10-04 00:00:00+05:00,204.20881225853887,205.94909117030093,202.61146558645578,205.360595703125,147866.0,0.0,0.0,0.0,MCB.KA,
2024-10-07 00:00:00+05:00,205.89022703042653,208.45439949437255,203.46898680048153,206.9411163330078,258004.0,0.0,0.0,0.0,MCB.KA,
2024-10-08 00:00:00+05:00,206.4030670226208,209.67343410625986,205.9743087939097,208.92520141601562,222389.0,0.0,0.0,0.0,MCB.KA,
2024-10-09 00:00:00+05:00,208.92520141601562,208.92520141601562,208.92520141601562,208.92520141601562,0.0,0.0,0.0,0.0,MCB.KA,
2024-10-10 00:00:00+05:00,215.13805864204917,218.5849807779196,213.54071199073687,214.53274536132812,143058.0,0.0,0.0,0.0,MCB.KA,
2024-10-11 00:00:00+05:00,213.62480145652538,217.4500285936967,213.62480145652538,216.4159698486328,111653.0,0.0,0.0,0.0,MCB.KA,
2024-10-14 00:00:00+05:00,217.73584213594984,220.182315443334,216.90354604144466,217.04647827148438,55102.0,0.0,0.0,0.0,MCB.KA,
2024-10-15 00:00:00+05:00,216.10487161460063,219.97214948129817,216.0712616286959,218.05532836914062,38046.0,0.0,0.0,0.0,MCB.KA,
2024-10-16 00:00:00+05:00,220.0898677216167,220.09825739009491,214.8017852760174,215.6593017578125,69975.0,0.0,0.0,0.0,MCB.KA,
2024-10-17 00:00:00+05:00,214.80176460593614,216.0628317171256,208.4964290499889,210.0433349609375,236926.0,0.0,0.0,0.0,MCB.KA,
2024-10-18 00:00:00+05:00,211.43053943256837,211.43053943256837,207.655740185126,207.9920196533203,99306.0,0.0,0.0,0.0,MCB.KA,
2024-10-21 00:00:00+05:00,209.33715763826106,210.72432644312258,205.97431173242555,207.4035186767578,135113.0,0.0,0.0,0.0,MCB.KA,
2024-10-22 00:00:00+05:00,210.12741099158006,210.12741099158006,206.8318238175129,207.9583740234375,33676.0,0.0,0.0,0.0,MCB.KA,
2024-10-23 00:00:00+05:00,210.00131646206137,210.00131646206137,202.19951489755147,203.25881958007812,393955.0,0.0,0.0,0.0,MCB.KA,
2024-10-24 00:00:00+05:00,203.45216867328983,209.20263184957582,201.93888551420443,208.4207763671875,802288.0,0.0,0.0,0.0,MCB.KA,
2024-10-25 00:00:00+05:00,208.90840967923108,217.74428311326727,208.58053270041407,216.33189392089844,425938.0,0.0,0.0,0.0,MCB.KA,
2024-10-28 00:00:00+05:00,216.06284811179896,222.78012455703055,216.06284811179896,218.91287231445312,196272.0,0.0,0.0,0.0,MCB.KA,
2024-10-29 00:00:00+05:00,220.5354368789342,222.78012211494377,219.48454755138874,220.33364868164062,411640.0,0.0,0.0,0.0,MCB.KA,
2024-10-30 00:00:00+05:00,221.10708995016682,223.29294463990453,220.25796325777674,221.4770050048828,803870.0,0.0,0.0,0.0,MCB.KA,
2024-10-31 00:00:00+05:00,221.09401158950413,221.09401158950413,210.64862521519686,212.502685546875,548000.0,9.0,0.0,0.0,MCB.KA,
2024-11-01 00:00:00+05:00,214.11299811044844,220.2235525767948,208.90771785941007,217.65573120117188,347807.0,0.0,0.0,0.0,MCB.KA,
2024-11-04 00:00:00+05:00,218.4826666459635,218.4826666459635,209.8739278420697,212.13710021972656,264310.0,0.0,0.0,0.0,MCB.KA,
2024-11-05 00:00:00+05:00,211.99785052251545,214.32194769197912,207.26260597328718,213.6778106689453,734005.0,0.0,0.0,0.0,MCB.KA,
2024-11-06 00:00:00+05:00,214.12172496935935,218.95270563219927,212.38952691505008,214.6265869140625,405677.0,0.0,0.0,0.0,MCB.KA,
2024-11-07 00:00:00+05:00,215.00085971783392,220.21485295971578,214.87029770691663,215.33163452148438,269083.0,0.0,0.0,0.0,MCB.KA,
2024-11-08 00:00:00+05:00,216.71564937393708,216.71564937393708,211.51906872179268,213.2425537109375,268697.0,0.0,0.0,0.0,MCB.KA,
2024-11-11 00:00:00+05:00,213.36444255629343,215.87133978467708,211.9543195063261,212.9988555908203,211746.0,0.0,0.0,0.0,MCB.KA,
2024-11-12 00:00:00+05:00,214.12174076211267,214.12174076211267,208.9164465079739,212.92051696777344,207338.0,0.0,0.0,0.0,MCB.KA,
2024-11-13 00:00:00+05:00,212.38952983819377,213.25997873097324,210.04802019149759,211.02291870117188,116291.0,0.0,0.0,0.0,MCB.KA,
2024-11-14 00:00:00+05:00,212.77252259341884,219.23995128220537,210.6486252386209,215.44479370117188,369539.0,0.0,0.0,0.0,MCB.KA,
2024-11-15 00:00:00+05:00,217.59480707953114,219.39664263463501,215.8713220178635,216.76788330078125,634777.0,0.0,0.0,0.0,MCB.KA,
2024-11-18 00:00:00+05:00,218.34339243801136,218.61322946392045,214.27839778893915,214.99217224121094,226697.0,0.0,0.0,0.0,MCB.KA,
2024-11-19 00:00:00+05:00,217.5948097300583,217.61222242681134,214.13042686798235,215.67982482910156,652301.0,0.0,0.0,0.0,MCB.KA,
2024-11-20 00:00:00+05:00,214.23487959491342,217.52517538321783,210.96199650361484,212.45046997070312,712831.0,0.0,0.0,0.0,MCB.KA,
2024-11-21 00:00:00+05:00,212.3895377096338,215.00088448475225,210.64863985955483,214.01727294921875,588491.0,0.0,0.0,0.0,MCB.KA,
2024-11-22 00:00:00+05:00,214.13043367487612,233.2715968675306,213.25998475749856,228.33616638183594,4468300.0,0.0,0.0,0.0,MCB.KA,
2024-11-25 00:00:00+05:00,224.71508517160038,245.51880800962218,224.71508517160038,231.44366455078125,1686740.0,0.0,0.0,0.0,MCB.KA,
2024-11-26 00:00:00+05:00,234.15077068436432,254.58892186698912,222.83493418288947,232.2009735107422,2609931.0,0.0,0.0,0.0,MCB.KA,
2024-11-27 00:00:00+05:00,239.46049942031422,252.34313260711718,239.3734492168914,243.19473266601562,1033683.0,0.0,0.0,0.0,MCB.KA,
2024-11-28 00:00:00+05:00,245.46658575290255,248.29554463126047,230.6689546968765,233.1149139404297,605361.0,0.0,0.0,0.0,MCB.KA,
2024-11-29 00:00:00+05:00,235.01250902243416,237.1973444386593,229.79852819011396,236.1179962158203,385494.0,0.0,0.0,0.0,MCB.KA,
2024-12-02 00:00:00+05:00,236.7620912017508,241.9847843900247,236.7620912017508,239.3125,452878.0,0.0,0.0,0.0,MCB.KA,
2024-12-03 00:00:00+05:00,241.11434954787367,243.24696001604224,237.64126687616357,241.73236083984375,480688.0,0.0,0.0,0.0,MCB.KA,
2024-12-04 00:00:00+05:00,242.3243047119414,243.29049033069464,238.49430794212284,239.13845825195312,232403.0,0.0,0.0,0.0,MCB.KA,
2024-12-05 00:00:00+05:00,241.76718711326308,250.68928852788395,237.63255475039,249.95811462402344,2541753.0,0.0,0.0,0.0,MCB.KA,
2024-12-06 00:00:00+05:00,252.43018516577362,257.1306039905446,248.12145241407106,249.87106323242188,720145.0,0.0,0.0,0.0,MCB.KA,
2024-12-09 00:00:00+05:00,252.4301792747718,252.4301792747718,236.53577396892422,238.5465087890625,1045046.0,0.0,0.0,0.0,MCB.KA,
2024-12-10 00:00:00+05:00,238.54650116776665,241.11433594877428,226.41244184724692,230.27723693847656,1065009.0,0.0,0.0,0.0,MCB.KA,
2024-12-11 00:00:00+05:00,230.32078956694846,234.71654598777403,226.83899388661362,229.9377899169922,440486.0,0.0,0.0,0.0,MCB.KA,
2024-12-12 00:00:00+05:00,229.94649508482036,235.02120042813053,225.05455000660004,230.06834411621094,841408.0,0.0,0.0,0.0,MCB.KA,
2024-12-13 00:00:00+05:00,227.63109508087524,234.57726014145385,218.48266885273935,228.65821838378906,1193288.0,0.0,0.0,0.0,MCB.KA,
2024-12-16 00:00:00+05:00,224.6367492534206,230.66024063835243,221.97316451880596,225.2634735107422,530611.0,0.0,0.0,0.0,MCB.KA,
2024-12-17 00:00:00+05:00,224.57582622650932,239.58235743201985,224.57582622650932,235.27365112304688,1130259.0,0.0,0.0,0.0,MCB.KA,
2024-12-18 00:00:00+05:00,236.76210418523212,238.76412605826016,231.53069772095577,233.88092041015625,686586.0,0.0,0.0,0.0,MCB.KA,
2024-12-19 00:00:00+05:00,233.28030767342392,234.1420435930832,221.0940229442152,223.77499389648438,737336.0,0.0,0.0,0.0,MCB.KA,
2024-12-20 00:00:00+05:00,225.44627423191167,236.76211039027018,218.5087951553429,232.67970275878906,858265.0,0.0,0.0,0.0,MCB.KA,
2024-12-23 00:00:00+05:00,235.02120572442635,243.72569482533103,235.02120572442635,238.52911376953125,775282.0,0.0,0.0,0.0,MCB.KA,
2024-12-24 00:00:00+05:00,238.50301041141634,238.93823488297002,228.4928475656817,229.36329650878906,849408.0,0.0,0.0,0.0,MCB.KA,
2024-12-26 00:00:00+05:00,230.66025819627717,235.4564403995331,229.79852223836133,233.19326782226562,299274.0,0.0,0.0,0.0,MCB.KA,
2024-12-27 00:00:00+05:00,228.08373158252445,236.7621084588135,228.08373158252445,234.11593627929688,533456.0,0.0,0.0,0.0,MCB.KA,
2024-12-30 00:00:00+05:00,235.029913422483,252.43017824295993,235.029913422483,250.09738159179688,995328.0,0.0,0.0,0.0,MCB.KA,
2024-12-31 00:00:00+05:00,250.25404759332054,251.94272050915652,243.72568113436435,244.8572540283203,440607.0,0.0,0.0,0.0,MCB.KA,
2025-01-01 00:00:00+05:00,244.8572540283203,244.8572540283203,244.8572540283203,244.8572540283203,0.0,0.0,0.0,0.0,MCB.KA,
2025-01-02 00:00:00+05:00,247.2945468765868,251.45529170869412,245.4753117965141,246.45892333984375,677112.0,0.0,0.0,0.0,MCB.KA,
2025-01-03 00:00:00+05:00,246.5981686754636,249.81884030852257,241.12306408885345,248.43482971191406,306258.0,0.0,0.0,0.0,MCB.KA,
2025-01-06 00:00:00+05:00,249.81884377615611,252.60429098741093,244.61354959367108,250.81985473632812,268655.0,0.0,0.0,0.0,MCB.KA,
2025-01-07 00:00:00+05:00,252.43015463481305,252.77832884564936,243.76917835881588,251.1157684326172,485562.0,0.0,0.0,0.0,MCB.KA,
2025-01-08 00:00:00+05:00,248.948376490799,252.4301719661948,241.11433667115847,246.29351806640625,263871.0,0.0,0.0,0.0,MCB.KA,
2025-01-09 00:00:00+05:00,248.0779661612286,249.47068988054687,242.863985127301,245.78868103027344,194201.0,0.0,0.0,0.0,MCB.KA,
2025-01-10 00:00:00+05:00,245.78866021696268,248.0779451540619,240.2874166016967,247.34677124023438,235186.0,0.0,0.0,0.0,MCB.KA,
2025-01-13 00:00:00+05:00,245.5101034416385,248.9483872477552,245.04008015822433,246.31964111328125,216630.0,0.0,0.0,0.0,MCB.KA,
2025-01-14 00:00:00+05:00,247.19878390271157,249.59251846769195,245.46659902707637,246.45021057128906,505248.0,0.0,0.0,0.0,MCB.KA,
2025-01-15 00:00:00+05:00,247.20752191886456,249.47069468585053,243.75183824356566,245.13584899902344,733837.0,0.0,0.0,0.0,MCB.KA,
2025-01-16 00:00:00+05:00,247.11174618516458,247.11174618516458,244.1260863273626,245.28379821777344,73954.0,0.0,0.0,0.0,MCB.KA,
2025-01-17 00:00:00+05:00,246.76357281351582,248.16500948444428,242.0892660416514,247.25973510742188,817465.0,0.0,0.0,0.0,MCB.KA,
2025-01-20 00:00:00+05:00,245.46659214952,250.0973867172025,243.81274453648842,248.80039978027344,78562.0,0.0,0.0,0.0,MCB.KA,
2025-01-21 00:00:00+05:00,249.8188378835937,249.9145745132507,247.91255264012906,248.887451171875,248508.0,0.0,0.0,0.0,MCB.KA,
2025-01-22 00:00:00+05:00,248.0866476909045,249.64473208453427,244.60485211614673,247.3119354248047,141447.0,0.0,0.0,0.0,MCB.KA,
2025-01-23 00:00:00+05:00,248.93966771773236,249.7753177720539,245.57103478847364,249.03543090820312,203864.0,0.0,0.0,0.0,MCB.KA,
2025-01-24 00:00:00+05:00,249.03540991248389,251.12448174417827,245.73640148388938,250.22792053222656,137845.0,0.0,0.0,0.0,MCB.KA,
2025-01-27 00:00:00+05:00,246.38050756051734,249.80139132968648,244.59609825224373,246.03233337402344,311792.0,0.0,0.0,0.0,MCB.KA,
2025-01-28 00:00:00+05:00,247.7297620893956,248.0779363363675,244.62225314308716,245.88441467285156,88714.0,0.0,0.0,0.0,MCB.KA,
2025-01-29 00:00:00+05:00,247.20752872822646,248.07797777304415,241.97612146839313,242.42877197265625,276267.0,0.0,0.0,0.0,MCB.KA,
2025-01-30 00:00:00+05:00,242.84651987493487,246.33702831729315,241.9934969898435,245.21414184570312,131721.0,0.0,0.0,0.0,MCB.KA,
2025-01-31 00:00:00+05:00,246.32835194261386,249.73181069173535,243.85627999103613,246.8941650390625,388836.0,0.0,0.0,0.0,MCB.KA,
2025-02-03 00:00:00+05:00,247.20750652653768,248.50446698635716,244.59615962660945,247.00729370117188,225641.0,0.0,0.0,0.0,MCB.KA,
2025-02-04 00:00:00+05:00,247.0072574897438,248.948367963827,244.5961237686552,245.44046020507812,150051.0,0.0,0.0,0.0,MCB.KA,
2025-02-06 00:00:00+05:00,246.7722620648885,247.98219878128447,232.40985527804315,244.5352020263672,1223835.0,0.0,0.0,0.0,MCB.KA,
2025-02-07 00:00:00+05:00,247.20751274676158,252.4302066780312,239.54757227316415,242.68988037109375,757947.0,0.0,0.0,0.0,MCB.KA,
2025-02-10 00:00:00+05:00,243.725669895362,244.28276989155225,239.29508858387152,240.46148681640625,408176.0,0.0,0.0,0.0,MCB.KA,
2025-02-11 00:00:00+05:00,242.8117058867923,245.42305231369173,240.68780866779497,241.82809448242188,117064.0,0.0,0.0,0.0,MCB.KA,
2025-02-12 00:00:00+05:00,243.60383166886058,245.2489929436719,240.67913593229912,240.8793487548828,353171.0,0.0,0.0,0.0,MCB.KA,
2025-02-13 00:00:00+05:00,239.39958246741918,245.46661293478553,239.39958246741918,242.87266540527344,208126.0,0.0,0.0,0.0,MCB.KA,
2025-02-14 00:00:00+05:00,242.0283048572161,245.46658862130286,240.46150747033658,241.41029357910156,71640.0,0.0,0.0,0.0,MCB.KA,
2025-02-17 00:00:00+05:00,241.98480938226274,243.71699430146344,238.93823804111912,239.2515869140625,641947.0,0.0,0.0,0.0,MCB.KA,
2025-02-18 00:00:00+05:00,241.95869801872485,241.95869801872485,215.322954580018,238.7206268310547,208609.0,0.0,0.0,0.0,MCB.KA,
2025-02-19 00:00:00+05:00,238.7815453771021,240.1307305281629,236.77081057055761,237.85015869140625,129906.0,0.0,0.0,0.0,MCB.KA,
2025-02-20 00:00:00+05:00,237.85015205925365,241.72366012918198,237.63253984327994,241.20138549804688,165585.0,0.0,0.0,0.0,MCB.KA,
2025-02-21 00:00:00+05:00,242.42003086091427,242.42003086091427,235.0299278281457,235.9787139892578,441752.0,0.0,0.0,0.0,MCB.KA,
2025-02-24 00:00:00+05:00,236.76210426587463,251.5597357824918,235.02120644039027,247.63400268554688,576946.0,0.0,0.0,0.0,MCB.KA,
2025-02-25 00:00:00+05:00,246.33706926246697,255.91200835040738,245.4666202544724,252.48243713378906,798392.0,0.0,0.0,0.0,MCB.KA,
2025-02-26 00:00:00+05:00,252.43017868876592,254.14496406862517,249.81883201267524,250.0799560546875,89557.0,0.0,0.0,0.0,MCB.KA,
2025-02-27 00:00:00+05:00,248.0866486116428,253.300629003716,248.0866486116428,248.66114807128906,58200.0,0.0,0.0,0.0,MCB.KA,
2025-02-28 00:00:00+05:00,248.94837148048325,251.38561763861193,248.07792262915288,249.087646484375,50130.0,0.0,0.0,0.0,MCB.KA,
2025-03-03 00:00:00+05:00,249.0876374371138,251.10708507420847,243.73438250866903,245.11839294433594,41973.0,0.0,0.0,0.0,MCB.KA,
2025-03-04 00:00:00+05:00,245.11839294433594,245.11839294433594,245.11839294433594,245.11839294433594,0.0,0.0,0.0,0.0,MCB.KA,
2025-03-05 00:00:00+05:00,246.77226991630866,252.82190056278188,245.03137206857457,248.15628051757812,15418.0,0.0,0.0,0.0,MCB.KA,
2025-03-06 00:00:00+05:00,246.55465785372306,251.55973916937674,246.55465785372306,251.02877807617188,46900.0,0.0,0.0,0.0,MCB.KA,
2025-03-07 00:00:00+05:00,252.2995752443381,255.91193224037576,249.90584118426654,252.5694122314453,130802.0,0.0,0.0,0.0,MCB.KA,
2025-03-10 00:00:00+05:00,254.6063190445,255.04154352149914,252.4214836694862,252.74354553222656,222183.0,0.0,0.0,0.0,MCB.KA,
2025-03-11 00:00:00+05:00,254.9109982688414,254.9109982688414,252.43021327386805,252.5782012939453,86202.0,0.0,0.0,0.0,MCB.KA,
2025-03-12 00:00:00+05:00,254.08403723771187,254.08403723771187,252.43018958426873,252.97857666015625,68479.0,0.0,0.0,0.0,MCB.KA,
2025-03-13 00:00:00+05:00,252.43017056902553,254.17106829708777,252.3431203698242,252.7261199951172,235666.0,0.0,0.0,0.0,MCB.KA,
2025-03-14 00:00:00+05:00,254.2172770921703,255.08862362610395,251.74696786247605,253.24713134765625,178537.0,9.0,0.0,0.0,MCB.KA,
2025-03-17 00:00:00+05:00,254.2083067169382,258.7087701365103,252.86985692162375,253.59747314453125,40228.0,0.0,0.0,0.0,MCB.KA,
2025-03-18 00:00:00+05:00,253.58846472370746,257.7116596002603,251.52239884158652,253.4986572265625,254723.0,0.0,0.0,0.0,MCB.KA,
2025-03-19 00:00:00+05:00,251.74700672783246,254.65747182446518,251.74700672783246,253.22918701171875,225967.0,0.0,0.0,0.0,MCB.KA,
2025-03-20 00:00:00+05:00,253.7771384103811,254.76524023640874,252.43866122539055,253.345947265625,227693.0,0.0,0.0,0.0,MCB.KA,
2025-03-21 00:00:00+05:00,253.34593780791383,255.1155786578304,251.97154863915998,252.4296875,351776.0,0.0,0.0,0.0,MCB.KA,
2025-03-24 00:00:00+05:00,252.42967640191756,254.20828147518716,250.17494905810932,250.7588348388672,947709.0,0.0,0.0,0.0,MCB.KA,
2025-03-25 00:00:00+05:00,255.11557647575916,255.11557647575916,247.92922220883636,248.4861602783203,269129.0,0.0,0.0,0.0,MCB.KA,
2025-03-26 00:00:00+05:00,252.42071638000075,252.42071638000075,246.64469019658844,248.36940002441406,2003240.0,0.0,0.0,0.0,MCB.KA,
2025-03-27 00:00:00+05:00,250.43545904861773,252.77999385831268,248.3873492763068,252.11526489257812,1084898.0,0.0,0.0,0.0,MCB.KA,
2025-03-28 00:00:00+05:00,252.11526489257812,252.11526489257812,252.11526489257812,252.11526489257812,0.0,0.0,0.0,0.0,MCB.KA,
2025-03-31 00:00:00+05:00,252.11526489257812,252.11526489257812,252.11526489257812,252.11526489257812,0.0,0.0,0.0,0.0,MCB.KA,
2025-04-03 00:00:00+05:00,252.36682370014546,253.7681607309031,247.03994464003665,252.69918823242188,886073.0,0.0,0.0,0.0,MCB.KA,
2025-04-04 00:00:00+05:00,253.31899395980176,264.0446301524777,253.31899395980176,260.20892333984375,1866890.0,0.0,0.0,0.0,MCB.KA,
2025-04-07 00:00:00+05:00,259.1579233524529,260.3256950571646,248.82753819282306,255.60964965820312,1178602.0,0.0,0.0,0.0,MCB.KA,
2025-04-08 00:00:00+05:00,255.5557405905126,259.60705671863093,251.52240789348323,252.33985900878906,1462227.0,0.0,0.0,0.0,MCB.KA,
2025-04-09 00:00:00+05:00,252.42968376438859,254.3969504257737,249.72580921594044,251.60324096679688,530483.0,0.0,0.0,0.0,MCB.KA,
2025-04-10 00:00:00+05:00,255.11560514265756,255.11560514265756,247.12975490757577,248.8544921875,435487.0,0.0,0.0,0.0,MCB.KA,
2025-04-11 00:00:00+05:00,249.71681763352285,251.49545017337942,245.72838884506808,246.02484130859375,983166.0,0.0,0.0,0.0,MCB.KA,
2025-04-14 00:00:00+05:00,246.02485099683935,248.7197339376598,242.5394646738422,243.87791442871094,1142930.0,0.0,0.0,0.0,MCB.KA,
2025-04-15 00:00:00+05:00,245.2164021798114,245.59367045609804,243.48267324526725,244.17437744140625,406464.0,0.0,0.0,0.0,MCB.KA,
2025-04-16 00:00:00+05:00,246.02485186504907,250.5342794663128,244.85705280497896,246.4739990234375,698724.0,0.0,0.0,0.0,MCB.KA,
2025-04-17 00:00:00+05:00,248.51312402146075,248.99821064158564,245.24334687450417,246.79737854003906,170844.0,0.0,0.0,0.0,MCB.KA,
2025-04-18 00:00:00+05:00,247.0309409542156,250.42649242787192,247.0309409542156,248.41432189941406,1645145.0,0.0,0.0,0.0,MCB.KA,
2025-04-21 00:00:00+05:00,249.7168402722208,261.8528058437666,249.7168402722208,259.3735046386719,1743559.0,0.0,0.0,0.0,MCB.KA,
2025-04-22 00:00:00+05:00,260.3256987710292,260.3256987710292,255.11560236430785,256.43609619140625,180199.0,0.0,0.0,0.0,MCB.KA,
2025-04-23 00:00:00+05:00,258.5830137225564,265.1765187655501,256.0408526237949,257.5140686035156,3317598.0,0.0,0.0,0.0,MCB.KA,
2025-04-24 00:00:00+05:00,255.1155999282686,257.8104830261024,249.1868516302805,250.55227661132812,592202.0,0.0,0.0,0.0,MCB.KA,
2025-04-25 00:00:00+05:00,252.42072345559654,256.91219540320503,250.62413467655315,256.2744140625,863049.0,0.0,0.0,0.0,MCB.KA,
2025-04-28 00:00:00+05:00,256.2743738283701,259.14889897528815,253.76812519922095,254.39694213867188,406490.0,0.0,0.0,0.0,MCB.KA,
2025-04-29 00:00:00+05:00,254.45084295124926,260.59517245049557,254.45084295124926,259.6519470214844,1168476.0,0.0,0.0,0.0,MCB.KA,
2025-04-30 00:00:00+05:00,260.9778457419973,260.9778457419973,247.08893411838204,249.55519104003906,2099322.0,9.0,0.0,0.0,MCB.KA,
2025-05-02 00:00:00+05:00,252.0956168707606,257.742036208768,250.33401280994087,254.738037109375,546716.0,0.0,0.0,0.0,MCB.KA,
2025-05-05 00:00:00+05:00,254.73800517231754,255.85061196322408,252.65188866044235,252.9578399658203,65470.0,0.0,0.0,0.0,MCB.KA,
2025-05-06 00:00:00+05:00,253.11548873219888,259.1327673037777,252.8095374043085,253.79232788085938,392094.0,0.0,0.0,0.0,MCB.KA,
2025-05-07 00:00:00+05:00,245.6981923567999,257.2599159742106,245.6981923567999,253.31947326660156,771853.0,0.0,0.0,0.0,MCB.KA,
2025-05-08 00:00:00+05:00,253.31944863294427,255.8969603627787,234.5814802018212,246.9869384765625,3235392.0,0.0,0.0,0.0,MCB.KA,
2025-05-09 00:00:00+05:00,245.69816296196615,254.96979175298375,244.7710000828644,250.63067626953125,693599.0,0.0,0.0,0.0,MCB.KA,
2025-05-12 00:00:00+05:00,275.6919410429274,275.6919410429274,264.2414716140318,271.81640625,2402150.0,0.0,0.0,0.0,MCB.KA,
2025-05-13 00:00:00+05:00,271.6123802566774,271.6123802566774,260.71821628661235,265.6414489746094,891440.0,0.0,0.0,0.0,MCB.KA,
2025-05-14 00:00:00+05:00,266.09574438031945,266.09574438031945,258.7247882267912,260.4122314453125,352747.0,0.0,0.0,0.0,MCB.KA,
2025-05-15 00:00:00+05:00,260.41223957670246,265.5394492894106,260.41223957670246,263.2586364746094,179229.0,0.0,0.0,0.0,MCB.KA,
2025-05-16 00:00:00+05:00,264.24145220345207,267.27326499524855,263.3235698974925,264.31561279296875,487883.0,0.0,0.0,0.0,MCB.KA,
2025-05-19 00:00:00+05:00,264.2414566732995,266.09578268504197,261.4692483400708,263.471923828125,256616.0,0.0,0.0,0.0,MCB.KA,
2025-05-20 00:00:00+05:00,263.77785214924927,265.0758745852307,260.07848113301054,260.5884094238281,298504.0,0.0,0.0,0.0,MCB.KA,
2025-05-21 00:00:00+05:00,263.2215606202598,263.2215606202598,258.6691870578184,259.6519775390625,377052.0,0.0,0.0,0.0,MCB.KA,
2025-05-22 00:00:00+05:00,260.57912822765127,262.3871072456607,256.92610404693954,258.35394287109375,378541.0,0.0,0.0,0.0,MCB.KA,
2025-05-23 00:00:00+05:00,259.605628849715,259.605628849715,254.96981404882723,255.53536987304688,595250.0,0.0,0.0,0.0,MCB.KA,
2025-05-26 00:00:00+05:00,255.89695617730519,259.6056077161067,254.55255867658332,255.30355834960938,167477.0,0.0,0.0,0.0,MCB.KA,
2025-05-27 00:00:00+05:00,254.9883623508025,256.73143334720214,253.11550324550598,254.10757446289062,262638.0,0.0,0.0,0.0,MCB.KA,
2025-05-28 00:00:00+05:00,254.10757446289062,254.10757446289062,254.10757446289062,254.10757446289062,0.0,0.0,0.0,0.0,MCB.KA,
2025-05-29 00:00:00+05:00,255.8876899834747,256.54599604111917,252.93003795022562,253.106201171875,284925.0,0.0,0.0,0.0,MCB.KA,
2025-05-30 00:00:00+05:00,253.30091365868253,257.28770278025394,252.1975875525481,256.6294250488281,455631.0,0.0,0.0,0.0,MCB.KA,
2025-06-02 00:00:00+05:00,257.73276602705323,257.73276602705323,252.6982497240648,253.3101806640625,472011.0,0.0,0.0,0.0,MCB.KA,
2025-06-03 00:00:00+05:00,253.12478327970848,256.8148739634702,253.12478327970848,255.6095733642578,459027.0,0.0,0.0,0.0,MCB.KA,
2025-06-04 00:00:00+05:00,254.0611927670784,264.2414526007614,254.0611927670784,261.5248718261719,1579630.0,0.0,0.0,0.0,MCB.KA,
2025-06-05 00:00:00+05:00,263.37916910078883,263.37916910078883,261.48774888159335,262.1460266113281,268278.0,0.0,0.0,0.0,MCB.KA,
2025-06-06 00:00:00+05:00,262.1460266113281,262.1460266113281,262.1460266113281,262.1460266113281,0.0,0.0,0.0,0.0,MCB.KA,
2025-06-09 00:00:00+05:00,262.1460266113281,262.1460266113281,262.1460266113281,262.1460266113281,0.0,0.0,0.0,0.0,MCB.KA,
2025-06-10 00:00:00+05:00,262.1460134617232,263.6201989883311,260.0691777454602,261.0612487792969,286846.0,0.0,0.0,0.0,MCB.KA,
2025-06-11 00:00:00+05:00,261.06128810622914,266.08649563271786,261.06128810622914,262.36859130859375,754124.0,0.0,0.0,0.0,MCB.KA,
2025-06-12 00:00:00+05:00,264.75137504039134,267.0136549531209,262.98977105451655,263.8427734375,1312441.0,0.0,0.0,0.0,MCB.KA,
2025-06-13 00:00:00+05:00,263.31428411418676,264.24144708641984,256.4161893371914,262.72088623046875,526702.0,0.0,0.0,0.0,MCB.KA,
2025-06-16 00:00:00+05:00,262.72088623046875,262.72088623046875,262.72088623046875,262.72088623046875,0.0,0.0,0.0,0.0,MCB.KA,
2025-06-17 00:00:00+05:00,264.1487145446426,265.63218089972014,261.0427130531793,261.840087890625,527083.0,0.0,0.0,0.0,MCB.KA,
2025-06-18 00:00:00+05:00,261.45993627969915,262.2016552774798,255.43337746474154,256.6943054199219,1476406.0,0.0,0.0,0.0,MCB.KA,
2025-06-19 00:00:00+05:00,258.5857473471458,261.3950500217677,256.83342404256405,258.8824462890625,368318.0,0.0,0.0,0.0,MCB.KA,
2025-06-20 00:00:00+05:00,260.5234993581049,261.0798027680368,255.0161493598361,257.6585693359375,222946.0,0.0,0.0,0.0,MCB.KA,
2025-06-23 00:00:00+05:00,255.89697860233701,259.14204898316376,253.11548970448553,253.68104553222656,269270.0,0.0,0.0,0.0,MCB.KA,
2025-06-24 00:00:00+05:00,257.6400522324538,263.4997290300265,257.6400522324538,259.85595703125,1470335.0,0.0,0.0,0.0,MCB.KA,
2025-06-25 00:00:00+05:00,259.85595410198044,264.2414451140245,259.2903982746286,262.0997009277344,1878442.0,0.0,0.0,0.0,MCB.KA,
2025-06-26 00:00:00+05:00,262.8507109570762,262.8507109570762,257.7513144482088,259.4201965332031,367365.0,0.0,0.0,0.0,MCB.KA,
2025-06-27 00:00:00+05:00,260.29172469959923,265.168611005281,259.69835510853136,264.53814697265625,579207.0,0.0,0.0,0.0,MCB.KA,
2025-06-30 00:00:00+05:00,264.5381735197685,267.9501268214207,262.43349524542407,267.33819580078125,763063.0,0.0,0.0,0.0,MCB.KA,
2025-07-01 00:00:00+05:00,267.3381388243996,294.06826023996143,266.5593254081442,291.1476745605469,2109433.0,0.0,0.0,0.0,MCB.KA,
2025-07-02 00:00:00+05:00,294.3742493745497,320.2606525094053,291.1755257406037,307.6141357421875,1589952.0,0.0,0.0,0.0,MCB.KA,
2025-07-03 00:00:00+05:00,308.0498916418523,316.1625674939703,296.79411979239654,300.0299377441406,835301.0,0.0,0.0,0.0,MCB.KA,
2025-07-04 00:00:00+05:00,295.76495103756736,313.381045299993,295.76495103756736,308.2074890136719,989196.0,0.0,0.0,0.0,MCB.KA,
2025-07-07 00:00:00+05:00,308.7452525377183,319.85267451182796,308.2445766380954,313.1863708496094,1136654.0,0.0,0.0,0.0,MCB.KA,
2025-07-08 00:00:00+05:00,314.30822737200526,316.1625531972088,306.909457143327,315.77313232421875,511703.0,0.0,0.0,0.0,MCB.KA,
2025-07-09 00:00:00+05:00,315.2354042363506,318.9162422940775,310.6181225411253,314.83673095703125,316675.0,0.0,0.0,0.0,MCB.KA,
2025-07-10 00:00:00+05:00,313.38108586376245,325.4342045508302,312.63936680092723,322.9864807128906,594438.0,0.0,0.0,0.0,MCB.KA,
2025-07-11 00:00:00+05:00,322.98646109734125,324.50702186700613,318.0817896247834,319.6116027832031,404553.0,0.0,0.0,0.0,MCB.KA,
2025-07-14 00:00:00+05:00,319.88050166741874,337.48731721157606,319.88050166741874,329.986572265625,1150894.0,0.0,0.0,0.0,MCB.KA,
2025-07-15 00:00:00+05:00,330.15345800090216,337.48732047584565,324.50703891908233,326.2779235839844,1035433.0,0.0,0.0,0.0,MCB.KA,
2025-07-16 00:00:00+05:00,326.25937300863995,326.25937300863995,317.08971816216985,319.8897399902344,311225.0,0.0,0.0,0.0,MCB.KA,
2025-07-17 00:00:00+05:00,320.79839141459735,326.2779280274848,317.5626016653483,319.5652770996094,541329.0,0.0,0.0,0.0,MCB.KA,
2025-07-18 00:00:00+05:00,319.88049664463995,324.0434492125296,319.87121596086615,321.0579833984375,559747.0,0.0,0.0,0.0,MCB.KA,
2025-07-21 00:00:00+05:00,321.7255455600351,325.424916698172,318.01689373801736,320.77056884765625,1226374.0,0.0,0.0,0.0,MCB.KA,
2025-07-22 00:00:00+05:00,323.1163040015478,324.5070484950982,320.7798634385,321.1600036621094,608314.0,0.0,0.0,0.0,MCB.KA,
2025-07-23 00:00:00+05:00,320.8076677901206,322.74543499894423,315.8473402496129,317.7572937011719,192443.0,0.0,0.0,0.0,MCB.KA,
2025-07-24 00:00:00+05:00,318.71225164056943,323.5705762548887,317.08971654130835,321.64208984375,303268.0,0.0,0.0,0.0,MCB.KA,
2025-07-25 00:00:00+05:00,321.7255513183302,323.1162957764786,318.66592482831106,319.77850341796875,152104.0,0.0,0.0,0.0,MCB.KA,
2025-07-28 00:00:00+05:00,322.6527024999586,322.8844932345132,315.2353989942124,315.8936767578125,833973.0,0.0,0.0,0.0,MCB.KA,
2025-07-29 00:00:00+05:00,317.089714925493,321.7255294711874,313.7519227936398,314.9386901855469,336010.0,0.0,0.0,0.0,MCB.KA,
2025-07-30 00:00:00+05:00,317.9983517303529,317.9983517303529,313.11218498347773,315.62481689453125,149356.0,0.0,0.0,0.0,MCB.KA,
2025-07-31 00:00:00+05:00,317.5533163512463,319.8712237698685,316.25529385577147,318.0354309082031,170858.0,0.0,0.0,0.0,MCB.KA,
2025-08-01 00:00:00+05:00,319.8712054614185,325.4341829477041,317.0989974017449,322.828857421875,503149.0,0.0,0.0,0.0,MCB.KA,
2025-08-04 00:00:00+05:00,324.5070265883069,326.1388424049051,323.1162821886428,325.11895751953125,477626.0,0.0,0.0,0.0,MCB.KA,
2025-08-05 00:00:00+05:00,325.45273759603697,335.81844117004135,324.51632223087313,332.6938781738281,516788.0,0.0,0.0,0.0,MCB.KA,
2025-08-06 00:00:00+05:00,335.6052004187822,339.24894430681707,327.76140917020433,333.0091552734375,1958751.0,0.0,0.0,0.0,MCB.KA,
2025-08-07 00:00:00+05:00,332.85152830116857,336.5508997424456,324.51634170249366,327.0660400390625,863444.0,0.0,0.0,0.0,MCB.KA,
2025-08-08 00:00:00+05:00,329.12431080773723,331.905799629262,326.3613550589063,329.161376953125,513343.0,0.0,0.0,0.0,MCB.KA,
2025-08-11 00:00:00+05:00,330.5335870044345,340.15754281660713,330.5335870044345,337.1257019042969,920465.0,0.0,0.0,0.0,MCB.KA,
2025-08-12 00:00:00+05:00,339.3416455976802,344.8026490495797,338.50720458713135,340.0370178222656,836011.0,0.0,0.0,0.0,MCB.KA,
2025-08-13 00:00:00+05:00,341.1959413609343,343.04098644603386,331.92431251960454,334.6594543457031,1418004.0,0.0,0.0,0.0,MCB.KA,
2025-08-15 00:00:00+05:00,336.56016369479346,338.3125153186603,333.77867473863813,334.7151184082031,951998.0,0.0,0.0,0.0,MCB.KA,
2025-08-18 00:00:00+05:00,335.6564540854779,335.6564540854779,328.0495089503962,332.2808837890625,1705711.0,9.0,0.0,0.0,MCB.KA,
2025-08-19 00:00:00+05:00,332.80387183644166,340.4012995105427,331.8530036311947,339.04156494140625,802651.0,0.0,0.0,0.0,MCB.KA,
2025-08-20 00:00:00+05:00,337.9861064520992,346.1160177901676,337.130301874876,344.84185791015625,1470941.0,0.0,0.0,0.0,MCB.KA,
2025-08-21 00:00:00+05:00,346.97179692793065,346.97179692793065,337.55820764512794,338.2618408203125,705043.0,0.0,0.0,0.0,MCB.KA,
2025-08-22 00:00:00+05:00,341.83710331654083,342.1223521570937,337.66277816789255,338.22381591796875,198341.0,0.0,0.0,0.0,MCB.KA,
2025-08-25 00:00:00+05:00,338.51857141778976,340.41078970603246,334.4203321089854,337.1398010253906,682968.0,0.0,0.0,0.0,MCB.KA,
2025-08-26 00:00:00+05:00,337.5581976100809,339.45993393464477,330.9116384415522,332.9750061035156,235528.0,0.0,0.0,0.0,MCB.KA,
2025-08-27 00:00:00+05:00,332.98450842851605,337.5486637857839,332.98450842851605,335.5993957519531,320344.0,0.0,0.0,0.0,MCB.KA,
2025-08-28 00:00:00+05:00,335.6564629193688,337.54868128569854,330.9021220848168,332.1192321777344,219003.0,0.0,0.0,0.0,MCB.KA,
2025-08-29 00:00:00+05:00,330.90211874452865,339.4599321603354,328.09704607318133,336.21746826171875,738787.0,0.0,0.0,0.0,MCB.KA,
2025-09-01 00:00:00+05:00,338.4139627684158,338.9844894519173,332.80384658673506,338.0050964355469,293235.0,0.0,0.0,0.0,MCB.KA,
2025-09-02 00:00:00+05:00,338.5090582841245,340.19208444758317,335.665971827616,337.6342468261719,145600.0,0.0,0.0,0.0,MCB.KA,
2025-09-03 00:00:00+05:00,338.50908504034084,342.2650261024204,337.0827827157326,338.3854675292969,567224.0,0.0,0.0,0.0,MCB.KA,
2025-09-04 00:00:00+05:00,337.55820622330685,340.4108107829405,335.2285675589951,337.68182373046875,402155.0,0.0,0.0,0.0,MCB.KA,
2025-09-05 00:00:00+05:00,337.5677059565915,342.740430933434,333.7547154486922,339.060546875,342001.0,0.0,0.0,0.0,MCB.KA,
2025-09-08 00:00:00+05:00,341.89414364142215,341.89414364142215,337.4630946586633,339.5359802246094,302367.0,0.0,0.0,0.0,MCB.KA,
2025-09-09 00:00:00+05:00,339.55502272943386,341.36166641377906,338.0336278832826,339.2697448730469,870476.0,0.0,0.0,0.0,MCB.KA,
2025-09-10 00:00:00+05:00,341.23806245243776,341.23806245243776,337.700831627501,338.9274597167969,170643.0,0.0,0.0,0.0,MCB.KA,
2025-09-11 00:00:00+05:00,337.81490372437844,340.4107841168465,336.6643614338817,337.12078857421875,712254.0,0.0,0.0,0.0,MCB.KA,
2025-09-12 00:00:00+05:00,337.12079858815565,340.41079422851044,333.0415661411614,334.3822937011719,359275.0,0.0,0.0,0.0,MCB.KA,
2025-09-15 00:00:00+05:00,334.69606156386516,335.65644765459075,332.8228501995127,334.173095703125,258328.0,0.0,0.0,0.0,MCB.KA,
2025-09-16 00:00:00+05:00,335.65643121666943,335.65643121666943,331.38704283630676,332.4995422363281,276016.0,0.0,0.0,0.0,MCB.KA,
2025-09-17 00:00:00+05:00,334.7055872475657,334.7055872475657,331.8529828107967,332.76580810546875,300458.0,0.0,0.0,0.0,MCB.KA,
2025-09-18 00:00:00+05:00,333.7547372481626,339.4409395144961,332.8228759682701,336.9306335449219,646461.0,0.0,0.0,0.0,MCB.KA,
2025-09-19 00:00:00+05:00,339.45991759115145,339.45991759115145,334.7055770086423,336.2650146484375,170766.0,0.0,0.0,0.0,MCB.KA,
2025-09-22 00:00:00+05:00,337.5581692099579,338.4424695621139,331.8624786829124,333.2697448730469,362552.0,0.0,0.0,0.0,MCB.KA,
2025-09-23 00:00:00+05:00,333.2697448730469,333.2697448730469,333.2697448730469,333.2697448730469,0.0,0.0,0.0,0.0,MCB.KA,
2025-09-24 00:00:00+05:00,331.37755163523303,334.59149063833644,329.71353236590255,330.86407470703125,456331.0,0.0,0.0,0.0,MCB.KA,
2025-09-25 00:00:00+05:00,332.81337257964833,333.7166799169657,328.0495138320909,328.8577575683594,362732.0,0.0,0.0,0.0,MCB.KA,
2025-09-26 00:00:00+05:00,331.3585430509485,337.5581929366439,328.9052869760378,336.58831787109375,253475.0,0.0,0.0,0.0,MCB.KA,
2025-09-29 00:00:00+05:00,336.60730808286024,337.5011264201288,334.70557187900226,335.58038330078125,199919.0,0.0,0.0,0.0,MCB.KA,
2025-09-30 00:00:00+05:00,336.6073204741415,342.2174366784053,302.02425097681356,339.44091796875,890800.0,0.0,0.0,0.0,MCB.KA,
2025-10-01 00:00:00+05:00,341.8371199367504,342.78798814241594,335.6564765999246,339.13665771484375,556310.0,0.0,0.0,0.0,MCB.KA,
2025-10-02 00:00:00+05:00,339.2697283860106,357.62150023041903,338.5090455089974,352.4012145996094,2034936.0,0.0,0.0,0.0,MCB.KA,
2025-10-03 00:00:00+05:00,353.53274227942387,353.53274227942387,346.59141686848375,347.5993347167969,840746.0,0.0,0.0,0.0,MCB.KA,
2025-10-06 00:00:00+05:00,350.8608318157719,353.6278616336435,340.4108000606265,346.5343933105469,1181087.0,0.0,0.0,0.0,MCB.KA,
2025-10-07 00:00:00+05:00,346.5343933105469,346.5343933105469,346.5343933105469,346.5343933105469,0.0,0.0,0.0,0.0,MCB.KA,
2025-10-08 00:00:00+05:00,344.6707073336121,351.3457914913085,342.8069848131161,349.044677734375,732604.0,0.0,0.0,0.0,MCB.KA,
2025-10-09 00:00:00+05:00,349.04465776533306,380.3472491373408,347.26653901852677,356.9083557128906,1192975.0,0.0,0.0,0.0,MCB.KA,
2025-10-10 00:00:00+05:00,351.8307297272299,355.6056774033285,347.54230513049566,348.6167907714844,764993.0,0.0,0.0,0.0,MCB.KA,
2025-10-13 00:00:00+05:00,348.61678607414814,348.61678607414814,337.5581851133002,339.431396484375,1509542.0,0.0,0.0,0.0,MCB.KA,
2025-10-14 00:00:00+05:00,343.7388460733641,350.870357402687,342.32206177509397,349.044677734375,258204.0,0.0,0.0,0.0,MCB.KA,
2025-10-15 00:00:00+05:00,351.82121576315006,356.54703163291254,350.8703476124388,353.5042419433594,780548.0,0.0,0.0,0.0,MCB.KA,
2025-10-16 00:00:00+05:00,355.405978520485,355.62468864186775,348.96861158172584,349.6817626953125,447990.0,0.0,0.0,0.0,MCB.KA,
2025-10-17 00:00:00+05:00,348.7784506023234,351.5359916478714,344.69924684199094,346.03045654296875,329543.0,0.0,0.0,0.0,MCB.KA,
2025-10-20 00:00:00+05:00,346.11600960471725,353.2380028242232,344.1857484041879,352.45831298828125,308147.0,0.0,0.0,0.0,MCB.KA,
2025-10-21 00:00:00+05:00,354.29348768428036,365.37109611550335,354.29348768428036,364.0398864746094,2811814.0,0.0,0.0,0.0,MCB.KA,
2025-10-22 00:00:00+05:00,365.1333743837283,366.084242546186,357.38380466333734,358.6769714355469,744892.0,0.0,0.0,0.0,MCB.KA,
2025-10-23 00:00:00+05:00,359.4281665798788,363.23163924209973,358.2110564886958,362.4994812011719,1042234.0,0.0,0.0,0.0,MCB.KA,
2025-10-24 00:00:00+05:00,357.6310265976958,362.26177913060263,355.62470861419405,360.25543212890625,311376.0,0.0,0.0,0.0,MCB.KA,
2025-10-27 00:00:00+05:00,360.37903109273486,360.37903109273486,354.6738221572298,356.851318359375,157485.0,0.0,0.0,0.0,MCB.KA,
2025-10-28 00:00:00+05:00,356.86081416557255,361.805340278629,355.15878102687515,355.8243713378906,218412.0,0.0,0.0,0.0,MCB.KA,
2025-10-29 00:00:00+05:00,355.3869741239856,357.526427479916,349.7292969754703,349.9765319824219,556763.0,0.0,0.0,0.0,MCB.KA,
2025-10-30 00:00:00+05:00,349.82055835430384,350.89273655399467,341.14571609416146,344.23553466796875,1398110.0,9.0,0.0,0.0,MCB.KA,
2025-10-31 00:00:00+05:00,344.167301800768,358.6903564809131,344.167301800768,354.46990966796875,885939.0,0.0,0.0,0.0,MCB.KA,
2025-11-03 00:00:00+05:00,354.791534959154,356.72145566540496,348.465728373649,349.1382751464844,175194.0,0.0,0.0,0.0,MCB.KA,
2025-11-04 00:00:00+05:00,350.8927267087495,352.3547797367026,341.1457065223953,342.4420471191406,463305.0,0.0,0.0,0.0,MCB.KA,
2025-11-05 00:00:00+05:00,341.1457077771734,343.8651347479212,335.2974956438505,336.48663330078125,731165.0,0.0,0.0,0.0,MCB.KA,
2025-11-06 00:00:00+05:00,339.1963081968886,341.0482361143717,335.0051013443981,335.78485107421875,230160.0,0.0,0.0,0.0,MCB.KA,
2025-11-07 00:00:00+05:00,338.2118556844225,340.4146918416865,336.27220811848775,339.089111328125,289957.0,0.0,0.0,0.0,MCB.KA,
2025-11-10 00:00:00+05:00,340.1807809457701,344.0698327090911,340.1807809457701,343.33880615234375,249091.0,0.0,0.0,0.0,MCB.KA,
2025-11-11 00:00:00+05:00,343.0951184985616,343.0951184985616,336.27220421023793,338.0754089355469,401877.0,0.0,0.0,0.0,MCB.KA,
2025-11-12 00:00:00+05:00,339.1865662214053,341.633077952996,335.3462376587807,340.5121765136719,424374.0,0.0,0.0,0.0,MCB.KA,
2025-11-13 00:00:00+05:00,341.14571607232693,343.1048767032027,337.2663912211651,340.736328125,564865.0,0.0,0.0,0.0,MCB.KA,
2025-11-14 00:00:00+05:00,341.6330784996239,345.0445357742278,339.1963233034782,340.9507751464844,113191.0,0.0,0.0,0.0,MCB.KA,
2025-11-17 00:00:00+05:00,342.1399104503208,348.9433416182009,340.6583740099476,341.7890319824219,408653.0,0.0,0.0,0.0,MCB.KA,
2025-11-18 00:00:00+05:00,344.05033062516793,344.05033062516793,337.2566563382304,338.6407165527344,392872.0,0.0,0.0,0.0,MCB.KA,
2025-11-19 00:00:00+05:00,339.29378996505505,342.12041996436943,339.1963138108278,339.45947265625,496005.0,0.0,0.0,0.0,MCB.KA,
2025-11-20 00:00:00+05:00,342.1204153338347,342.1204153338347,338.2216071818822,339.05010986328125,259434.0,0.0,0.0,0.0,MCB.KA,
2025-11-21 00:00:00+05:00,341.06776485826884,341.8767544964779,337.2469196173381,340.5804138183594,130454.0,0.0,0.0,0.0,MCB.KA,
2025-11-24 00:00:00+05:00,341.14571479723503,342.6077678606518,339.1963107126794,340.5998840332031,446900.0,0.0,0.0,0.0,MCB.KA,
2025-11-25 00:00:00+05:00,341.63305933019484,342.1204103420782,340.17100629454495,341.1651916503906,299794.0,0.0,0.0,0.0,MCB.KA,
2025-11-26 00:00:00+05:00,342.51030590286933,345.9607596042918,339.1963247708839,342.802734375,262544.0,0.0,0.0,0.0,MCB.KA,
2025-11-27 00:00:00+05:00,344.06982300028517,346.95493273408425,344.06982300028517,346.08746337890625,117005.0,0.0,0.0,0.0,MCB.KA,
2025-11-28 00:00:00+05:00,346.9939322878002,352.84214462972943,346.9939322878002,350.600341796875,612303.0,0.0,0.0,0.0,MCB.KA,
2025-12-01 00:00:00+05:00,350.60034614553587,357.7156593515858,348.4657462346116,355.2496643066406,246323.0,0.0,0.0,0.0,MCB.KA,
2025-12-02 00:00:00+05:00,355.86372292332095,357.68641098994914,351.1364120513826,352.7836608886719,106258.0,0.0,0.0,0.0,MCB.KA,
2025-12-03 00:00:00+05:00,352.84214318902923,355.7662493480544,350.7952629286025,351.20465087890625,174993.0,0.0,0.0,0.0,MCB.KA,
2025-12-04 00:00:00+05:00,353.8070934903287,353.8070934903287,349.0505426479992,350.8732604980469,60847.0,0.0,0.0,0.0,MCB.KA,
2025-12-05 00:00:00+05:00,350.99023034774393,355.7662646639866,346.1264466668723,348.5632019042969,471317.0,0.0,0.0,0.0,MCB.KA,
2025-12-08 00:00:00+05:00,350.89273436061666,350.89273436061666,347.7736759347485,348.3390197753906,135344.0,0.0,0.0,0.0,MCB.KA,
2025-12-09 00:00:00+05:00,350.8829868040633,350.8829868040633,348.06611330435277,349.08953857421875,515190.0,0.0,0.0,0.0,MCB.KA,
2025-12-10 00:00:00+05:00,349.91802890381,353.8168370253009,348.1635771473572,349.1090393066406,187764.0,0.0,0.0,0.0,MCB.KA,
2025-12-11 00:00:00+05:00,351.7992041907036,351.7992041907036,347.96863226852736,348.3097839355469,105302.0,0.0,0.0,0.0,MCB.KA,
2025-12-12 00:00:00+05:00,348.45600063893096,359.6650747853581,348.45600063893096,358.6611328125,952509.0,0.0,0.0,0.0,MCB.KA,
2025-12-15 00:00:00+05:00,362.58917513007793,363.07652617191945,350.8927501258819,357.8131408691406,1198327.0,0.0,0.0,0.0,MCB.KA,
2025-12-16 00:00:00+05:00,357.81313208701994,365.25011356227645,357.2283049020547,358.17376708984375,1371602.0,0.0,0.0,0.0,MCB.KA,
2025-12-17 00:00:00+05:00,358.6903466676268,361.6144527545911,350.89273043572183,356.9163818359375,968435.0,0.0,0.0,0.0,MCB.KA,
2025-12-18 00:00:00+05:00,356.7507017534279,361.6144553950181,356.7507017534279,360.6884765625,602354.0,0.0,0.0,0.0,MCB.KA,
2025-12-19 00:00:00+05:00,360.6884945766871,364.0414721279933,358.20301615870267,359.294677734375,240905.0,0.0,0.0,0.0,MCB.KA,
2025-12-22 00:00:00+05:00,357.71566471166295,360.44481864775656,356.7799590400804,357.8131408691406,117869.0,0.0,0.0,0.0,MCB.KA,
2025-12-23 00:00:00+05:00,357.8131265402867,362.48195766291514,356.7507048810832,359.8502502441406,318798.0,0.0,0.0,0.0,MCB.KA,
2025-12-24 00:00:00+05:00,361.8581347942413,362.57940479013865,357.7156510962601,359.548095703125,150872.0,0.0,0.0,0.0,MCB.KA,
2025-12-26 00:00:00+05:00,359.5481040831338,364.5385739186688,356.74095736425875,364.1681823730469,515391.0,0.0,0.0,0.0,MCB.KA,
2025-12-29 00:00:00+05:00,364.53856999847403,369.3146041375801,362.8913211394255,368.8077697753906,847376.0,0.0,0.0,0.0,MCB.KA,
2025-12-30 00:00:00+05:00,369.3145963758079,371.24451712010654,367.9500194712488,369.23663330078125,363525.0,0.0,0.0,0.0,MCB.KA,
2025-12-31 00:00:00+05:00,369.41207916261914,372.3264287910001,365.0356764504811,369.782470703125,279218.0,0.0,0.0,0.0,MCB.KA,
2026-01-01 00:00:00+05:00,369.782470703125,369.782470703125,369.782470703125,369.782470703125,0.0,0.0,0.0,0.0,MCB.KA,
2026-01-02 00:00:00+05:00,376.2350067518735,382.5608137975981,374.28560257181203,380.8356018066406,710352.0,0.0,0.0,0.0,MCB.KA,
2026-01-05 00:00:00+05:00,382.083210468667,399.5206447344999,382.083210468667,393.311767578125,2046316.0,0.0,0.0,0.0,MCB.KA,
2026-01-06 00:00:00+05:00,394.7543353259494,427.8942054520785,392.1421409372916,424.40478515625,1861093.0,0.0,0.0,0.0,MCB.KA,
2026-01-07 00:00:00+05:00,428.6739490867497,440.56532597818455,414.24837066532837,433.1478576660156,1228650.0,0.0,0.0,0.0,MCB.KA,
2026-01-08 00:00:00+05:00,433.7424099655875,435.10698687929147,421.38319517561143,426.98773193359375,882320.0,0.0,0.0,0.0,MCB.KA,
2026-01-09 00:00:00+05:00,426.9682237840049,432.2901184271991,423.9856378719294,429.92156982421875,515570.0,0.0,0.0,0.0,MCB.KA,
2026-01-12 00:00:00+05:00,428.868895146406,430.81829921525326,424.4924925304183,425.2332458496094,236790.0,0.0,0.0,0.0,MCB.KA,
2026-01-13 00:00:00+05:00,425.944791905647,438.8498374095684,418.77099916194015,435.769775390625,920401.0,0.0,0.0,0.0,MCB.KA,
2026-01-14 00:00:00+05:00,438.0798580140908,440.3411442137693,423.02069910844034,424.0733642578125,1724178.0,0.0,0.0,0.0,MCB.KA,
2026-01-15 00:00:00+05:00,424.092881124275,424.97010704751136,414.3166204478433,417.21148681640625,469621.0,0.0,0.0,0.0,MCB.KA,
2026-01-16 00:00:00+05:00,423.7809470080282,425.70111119511245,414.45304145092393,418.634521484375,816138.0,0.0,0.0,0.0,MCB.KA,
2026-01-19 00:00:00+05:00,419.12188241412554,420.95432703140955,414.2483721534962,417.2991943359375,494114.0,0.0,0.0,0.0,MCB.KA,
2026-01-20 00:00:00+05:00,419.59947071218966,419.59947071218966,414.2678493758783,415.0378723144531,449223.0,0.0,0.0,0.0,MCB.KA,
2026-01-21 00:00:00+05:00,415.03787574066416,417.162719061568,403.03929593656153,405.7197265625,779889.0,0.0,0.0,0.0,MCB.KA,
2026-01-22 00:00:00+05:00,405.7197389580021,410.3398172776516,402.4544810557172,406.0024108886719,233390.0,0.0,0.0,0.0,MCB.KA,
2026-01-23 00:00:00+05:00,405.9536660463722,413.4588840764312,404.98872049085355,411.6654357910156,269987.0,0.0,0.0,0.0,MCB.KA,
2026-01-26 00:00:00+05:00,412.3964348034376,414.4627983475566,410.5542336890486,411.56793212890625,231140.0,0.0,0.0,0.0,MCB.KA,
2026-01-27 00:00:00+05:00,414.24838285727907,423.12790450372205,390.8555330018092,405.70025634765625,776193.0,0.0,0.0,0.0,MCB.KA,
2026-01-28 00:00:00+05:00,408.6925507292599,414.2483642181688,403.54612518244187,406.7236633300781,315358.0,0.0,0.0,0.0,MCB.KA,
2026-01-29 00:00:00+05:00,407.4254724932776,409.36512012843843,397.67845162023264,402.17181396484375,384928.0,0.0,0.0,0.0,MCB.KA,
2026-01-30 00:00:00+05:00,404.50135515041455,405.96340824131966,393.77963248377705,396.9766540527344,392942.0,0.0,0.0,0.0,MCB.KA,
2026-02-02 00:00:00+05:00,397.67844165712165,401.57724990866205,392.80493134269614,400.2419128417969,457687.0,0.0,0.0,0.0,MCB.KA,
2026-02-03 00:00:00+05:00,400.2126854135014,408.4294169201736,399.4329058916199,406.24609375,846335.0,0.0,0.0,0.0,MCB.KA,
2026-02-04 00:00:00+05:00,406.4605204331002,412.1722602953283,400.60255146368166,405.1933898925781,1422161.0,0.0,0.0,0.0,MCB.KA,
2026-02-06 00:00:00+05:00,405.23239135992117,405.23239135992117,396.70374812624874,400.6220397949219,311015.0,0.0,0.0,0.0,MCB.KA,
2026-02-09 00:00:00+05:00,403.5266386258791,416.4414404659586,397.1910754590477,405.4078063964844,511446.0,0.0,0.0,0.0,MCB.KA,
2026-02-10 00:00:00+05:00,407.42546158068427,407.42546158068427,401.5772492134974,402.6981506347656,410687.0,0.0,0.0,0.0,MCB.KA,
2026-02-11 00:00:00+05:00,404.50136519156365,414.1704229608099,402.5422044825427,411.32427978515625,381022.0,0.0,0.0,0.0,MCB.KA,
2026-02-12 00:00:00+05:00,414.2483744225263,414.2483744225263,400.7000217728753,404.34539794921875,687300.0,0.0,0.0,0.0,MCB.KA,
2026-02-13 00:00:00+05:00,406.45075106746475,407.32797695519184,401.5772408628189,402.38623046875,210206.0,0.0,0.0,0.0,MCB.KA,
2026-02-16 00:00:00+05:00,406.353269383538,406.353269383538,383.0578968715047,390.53387451171875,872112.0,0.0,0.0,0.0,MCB.KA,
2026-02-17 00:00:00+05:00,389.89058825891925,399.63760905190804,384.1495787339864,386.2159423828125,841764.0,0.0,0.0,0.0,MCB.KA,
2026-02-18 00:00:00+05:00,389.8223486945906,409.37486986117335,386.9469656866327,407.2792663574219,619305.0,0.0,0.0,0.0,MCB.KA,
2026-02-19 00:00:00+05:00,407.4254464947865,407.4254464947865,387.9314059926436,390.46563720703125,186188.0,0.0,0.0,0.0,MCB.KA,
2026-02-20 00:00:00+05:00,389.8808137524549,393.74062547985153,377.69703832269073,383.6719665527344,673608.0,0.0,0.0,0.0,MCB.KA,
2026-02-23 00:00:00+05:00,383.67197590021044,393.7698749445543,374.28559032115044,376.2447509765625,204992.0,0.0,0.0,0.0,MCB.KA,
2026-02-24 00:00:00+05:00,376.2447577597066,382.08321367457734,370.38678876617195,380.3580017089844,1053242.0,0.0,0.0,0.0,MCB.KA,
2026-02-25 00:00:00+05:00,382.08321723191904,393.77964224922266,382.08321723191904,389.9198303222656,931214.0,0.0,0.0,0.0,MCB.KA,
2026-02-26 00:00:00+05:00,389.91983130981197,400.0567270680394,386.22570207040434,392.14215087890625,1242465.0,0.0,0.0,0.0,MCB.KA,
2026-02-27 00:00:00+05:00,389.87107402064674,396.69398855544654,385.0073201779859,387.1906433105469,2801915.0,0.0,0.0,0.0,MCB.KA,
2026-03-02 00:00:00+05:00,348.47547295292395,379.15910478925304,348.47547295292395,348.4852294921875,1154454.0,0.0,0.0,0.0,MCB.KA,
2026-03-03 00:00:00+05:00,347.9686344612036,375.2505355268559,346.9939324038893,362.71588134765625,741433.0,0.0,0.0,0.0,MCB.KA,
2026-03-04 00:00:00+05:00,369.4120680988285,375.2602802587044,350.90248613139573,359.3044128417969,394501.0,0.0,0.0,0.0,MCB.KA,
2026-03-05 00:00:00+05:00,359.66507082050305,369.4120917099476,359.66507082050305,364.411865234375,371255.0,0.0,0.0,0.0,MCB.KA,
2026-03-06 00:00:00+05:00,365.51325887736795,366.48796090104094,359.5383307129654,360.27911376953125,260640.0,0.0,0.0,0.0,MCB.KA,
2026-03-09 00:00:00+05:00,351.93568648661363,355.74677518153817,336.2722169522542,348.7581481933594,493393.0,0.0,0.0,0.0,MCB.KA,
2026-03-10 00:00:00+05:00,370.37703046998575,380.1338077200417,355.863732099333,359.25567626953125,461271.0,0.0,0.0,0.0,MCB.KA,
2026-03-11 00:00:00+05:00,364.50931869214037,367.46266464789716,357.7156443654596,362.9400329589844,201506.0,0.0,0.0,0.0,MCB.KA,
2026-03-12 00:00:00+05:00,358.6903628283672,364.5385752657862,349.58664903691715,352.1890869140625,1126543.0,0.0,0.0,0.0,MCB.KA,
2026-03-13 00:00:00+05:00,352.3548078548261,358.690371481538,348.46575600869653,353.9143371582031,561101.0,0.0,0.0,0.0,MCB.KA,
2026-03-16 00:00:00+05:00,351.92591871660096,355.6980108792725,343.09512055026346,346.760009765625,300049.0,0.0,0.0,0.0,MCB.KA,
2026-03-17 00:00:00+05:00,350.0,364.989990234375,346.0,362.2699890136719,3068659.0,9.0,0.0,0.0,MCB.KA,
2026-03-18 00:00:00+05:00,362.510009765625,374.5,359.1000061035156,372.6400146484375,459765.0,0.0,0.0,0.0,MCB.KA,
2026-03-19 00:00:00+05:00,370.0,375.0,363.5,367.8900146484375,333743.0,0.0,0.0,0.0,MCB.KA,
2026-03-20 00:00:00+05:00,367.8900146484375,367.8900146484375,367.8900146484375,367.8900146484375,0.0,0.0,0.0,0.0,MCB.KA,
2026-03-23 00:00:00+05:00,367.8900146484375,367.8900146484375,367.8900146484375,367.8900146484375,0.0,0.0,0.0,0.0,MCB.KA,
2026-03-24 00:00:00+05:00,371.1099853515625,376.9599914550781,353.0,362.1099853515625,743917.0,0.0,0.0,0.0,MCB.KA,
2026-03-25 00:00:00+05:00,365.989990234375,376.45001220703125,362.5,375.3599853515625,408707.0,0.0,0.0,0.0,MCB.KA,
2026-03-26 00:00:00+05:00,375.0,379.0,365.0,366.70001220703125,377373.0,0.0,0.0,0.0,MCB.KA,
2026-03-27 00:00:00+05:00,369.8999938964844,372.8900146484375,365.0,366.3500061035156,168352.0,0.0,0.0,0.0,MCB.KA,
2021-03-29 00:00:00+05:00,38.432554157993245,38.432554157993245,37.76763107567503,37.90061569213867,151500.0,0.0,0.0,0.0,ABL.KA,
2021-03-30 00:00:00+05:00,38.45914413133715,38.45914413133715,37.50165348289495,37.799537658691406,159500.0,0.0,0.0,0.0,ABL.KA,
2021-03-31 00:00:00+05:00,38.43254802974634,38.43254802974634,37.50165586293588,37.67719650268555,152000.0,0.0,0.0,0.0,ABL.KA,
2021-04-01 00:00:00+05:00,37.76762447808177,37.76762447808177,37.235686105151046,37.326114654541016,241000.0,0.0,0.0,0.0,ABL.KA,
2021-04-02 00:00:00+05:00,38.01763645364368,38.01763645364368,36.703748013110875,37.50165557861328,78000.0,0.0,0.0,0.0,ABL.KA,
2021-04-05 00:00:00+05:00,37.50165601302721,37.874011257894544,37.34207287473104,37.36867141723633,141000.0,0.0,0.0,0.0,ABL.KA,
2021-04-06 00:00:00+05:00,37.50165114249455,38.033589456572486,37.32079406372434,37.517608642578125,66000.0,0.0,0.0,0.0,ABL.KA,
2021-04-07 00:00:00+05:00,37.50164902603301,37.517606525215996,36.975031261159145,37.19844436645508,110000.0,0.0,0.0,0.0,ABL.KA,
2021-04-08 00:00:00+05:00,37.4963333427813,37.74102449800158,36.97503602985866,37.20376968383789,58000.0,0.0,0.0,0.0,ABL.KA,
2021-04-09 00:00:00+05:00,37.23568504665999,37.50165422556471,37.03886639325817,37.22504806518555,63000.0,0.0,0.0,0.0,ABL.KA,
2021-04-12 00:00:00+05:00,37.235685085816655,37.76762344418546,36.81013277577456,36.858009338378906,69000.0,0.0,0.0,0.0,ABL.KA,
2021-04-13 00:00:00+05:00,37.16120972308256,38.831495649644474,36.70374246336258,38.283599853515625,749000.0,0.0,0.0,0.0,ABL.KA,
2021-04-14 00:00:00+05:00,38.03359173091882,38.29956090386231,37.37398931836187,37.741024017333984,165500.0,0.0,0.0,0.0,ABL.KA,
2021-04-15 00:00:00+05:00,37.51228176123269,37.554837793149815,37.23567567050452,37.331424713134766,45000.0,0.0,0.0,0.0,ABL.KA,
2021-04-16 00:00:00+05:00,37.50165471896319,37.76762390136719,37.50165471896319,37.76762390136719,78000.0,0.0,0.0,0.0,ABL.KA,
2021-04-19 00:00:00+05:00,37.241004829073056,38.0282713103544,37.241004829073056,37.799537658691406,20500.0,0.0,0.0,0.0,ABL.KA,
2021-04-20 00:00:00+05:00,38.161258169146464,38.29956328401505,37.79422344736473,38.2357292175293,19000.0,0.0,0.0,0.0,ABL.KA,
2021-04-21 00:00:00+05:00,37.836773485540085,38.884692687454574,37.836773485540085,38.804901123046875,52000.0,0.0,0.0,0.0,ABL.KA,
2021-04-22 00:00:00+05:00,38.03360084188156,39.597501252099775,38.03360084188156,38.77299499511719,293500.0,0.0,0.0,0.0,ABL.KA,
2021-04-23 00:00:00+05:00,38.29956542663122,38.77299028570764,38.113387795258696,38.1506233215332,11500.0,0.0,0.0,0.0,ABL.KA,
2021-04-26 00:00:00+05:00,37.501659481367874,38.299567129907615,37.501659481367874,37.98572540283203,281500.0,0.0,0.0,0.0,ABL.KA,
2021-04-27 00:00:00+05:00,38.29956524188702,38.29956524188702,38.03359603881836,38.03359603881836,7000.0,0.0,0.0,0.0,ABL.KA,
2021-04-28 00:00:00+05:00,38.299569949871746,38.299569949871746,36.975044292115186,37.283565521240234,172500.0,0.0,0.0,0.0,ABL.KA,
2021-04-29 00:00:00+05:00,37.23568813406306,37.608043392056516,36.96971893310547,36.96971893310547,114000.0,0.0,0.0,0.0,ABL.KA,
2021-04-30 00:00:00+05:00,36.97503695477726,37.17185155283011,36.703747251790645,36.783538818359375,28500.0,0.0,0.0,0.0,ABL.KA,
2021-05-03 00:00:00+05:00,36.45373234967593,37.23568232790061,36.4377748494456,36.92184066772461,39500.0,0.0,0.0,0.0,ABL.KA,
2021-05-04 00:00:00+05:00,37.07610073939173,37.20908532462393,36.91652167213356,37.102699279785156,100500.0,0.0,0.0,0.0,ABL.KA,
2021-05-05 00:00:00+05:00,37.52986361537589,37.705108692242035,37.10270400165042,37.507957458496094,20500.0,2.0,0.0,0.0,ABL.KA,
2021-05-06 00:00:00+05:00,37.52438135736441,37.896777621588726,37.52438135736441,37.743438720703125,10000.0,0.0,0.0,0.0,ABL.KA,
2021-05-07 00:00:00+05:00,37.74343872070313,37.74343872070313,37.74343872070313,37.743438720703125,0.0,0.0,0.0,0.0,ABL.KA,
2021-05-10 00:00:00+05:00,37.74343872070313,37.74343872070313,37.74343872070313,37.743438720703125,0.0,0.0,0.0,0.0,ABL.KA,
2021-05-11 00:00:00+05:00,37.74343872070313,37.74343872070313,37.74343872070313,37.743438720703125,0.0,0.0,0.0,0.0,ABL.KA,
2021-05-12 00:00:00+05:00,37.74343872070313,37.74343872070313,37.74343872070313,37.743438720703125,0.0,0.0,0.0,0.0,ABL.KA,
2021-05-13 00:00:00+05:00,37.74343872070313,37.74343872070313,37.74343872070313,37.743438720703125,0.0,0.0,0.0,0.0,ABL.KA,
2021-05-14 00:00:00+05:00,37.74343872070313,37.74343872070313,37.74343872070313,37.743438720703125,0.0,0.0,0.0,0.0,ABL.KA,
2021-05-17 00:00:00+05:00,37.513419300426136,38.302023904486134,37.513419300426136,37.65032958984375,102000.0,0.0,0.0,0.0,ABL.KA,
2021-05-18 00:00:00+05:00,37.78725051879883,38.05012018689033,37.65034019083216,37.78725051879883,111000.0,0.0,0.0,0.0,ABL.KA,
2021-05-19 00:00:00+05:00,37.96249472751368,37.96797231039863,37.661290341414535,37.92416000366211,916000.0,0.0,0.0,0.0,ABL.KA,
2021-05-20 00:00:00+05:00,37.924159681227046,37.924159681227046,37.896775945206656,37.91868209838867,9000.0,0.0,0.0,0.0,ABL.KA,
2021-05-21 00:00:00+05:00,37.89678578676255,39.95044117646802,37.84202247867159,38.69086837768555,233500.0,0.0,0.0,0.0,ABL.KA,
2021-05-24 00:00:00+05:00,38.82777400429874,39.43017867621764,38.718243223294884,39.024925231933594,434500.0,0.0,0.0,0.0,ABL.KA,
2021-05-25 00:00:00+05:00,38.88253100161402,39.840903244611546,38.827767709077015,39.53422546386719,69500.0,0.0,0.0,0.0,ABL.KA,
2021-05-26 00:00:00+05:00,39.69852098219041,39.9778192454371,38.88253652638403,39.70399856567383,295000.0,0.0,0.0,0.0,ABL.KA,
2021-05-27 00:00:00+05:00,39.703996135899054,39.917575918790156,39.227546678126444,39.32612228393555,21000.0,0.0,0.0,0.0,ABL.KA,
2021-05-28 00:00:00+05:00,39.43018013730571,39.43018013730571,39.2111227453529,39.28779220581055,29500.0,0.0,0.0,0.0,ABL.KA,
2021-05-31 00:00:00+05:00,39.37541845646142,39.70400246884496,39.15636105548158,39.40827560424805,159500.0,0.0,0.0,0.0,ABL.KA,
2021-06-01 00:00:00+05:00,39.43018132990057,39.561614097778644,38.882539922540836,39.1563606262207,239000.0,0.0,0.0,0.0,ABL.KA,
2021-06-02 00:00:00+05:00,39.15635301532678,39.36993278842938,38.60871171441312,38.95920181274414,428500.0,0.0,0.0,0.0,ABL.KA,
2021-06-03 00:00:00+05:00,39.287786082707534,39.34802696056017,38.88253268656658,38.96467971801758,22500.0,0.0,0.0,0.0,ABL.KA,
2021-06-04 00:00:00+05:00,39.40279079398393,39.41922354303598,38.69633717709637,38.723716735839844,136500.0,0.0,0.0,0.0,ABL.KA,
2021-06-07 00:00:00+05:00,38.88253474763646,38.88253474763646,38.33489341316271,38.400611877441406,497500.0,0.0,0.0,0.0,ABL.KA,
2021-06-08 00:00:00+05:00,38.84967938820969,38.88253653277164,38.33489517315514,38.76753234863281,50000.0,0.0,0.0,0.0,ABL.KA,
2021-06-09 00:00:00+05:00,38.44989759202158,38.849677604583015,38.351321984689434,38.400611877441406,46500.0,0.0,0.0,0.0,ABL.KA,
2021-06-10 00:00:00+05:00,38.60323582221604,38.937297364657944,38.47180307412846,38.58680725097656,30000.0,0.0,0.0,0.0,ABL.KA,
2021-06-11 00:00:00+05:00,38.87159066625443,39.145411382145234,38.60872094060334,38.88254165649414,63500.0,0.0,0.0,0.0,ABL.KA,
2021-06-14 00:00:00+05:00,39.04682443674211,39.156351020075185,38.94277125785575,39.12896728515625,25500.0,0.0,0.0,0.0,ABL.KA,
2021-06-15 00:00:00+05:00,38.948242387394274,39.413736556692164,38.948242387394274,39.09610366821289,15500.0,0.0,0.0,0.0,ABL.KA,
2021-06-16 00:00:00+05:00,38.98658338703677,39.019440526254584,38.909913943414324,38.98110580444336,54500.0,0.0,0.0,0.0,ABL.KA,
2021-06-17 00:00:00+05:00,38.773006439208984,38.805863580810964,38.72919413162526,38.773006439208984,18000.0,0.0,0.0,0.0,ABL.KA,
2021-06-18 00:00:00+05:00,38.756582608770586,39.156362695667745,38.70729688502615,38.88801956176758,16500.0,0.0,0.0,0.0,ABL.KA,
2021-06-21 00:00:00+05:00,38.8825326966367,38.8825326966367,38.71823863369214,38.86610412597656,24500.0,0.0,0.0,0.0,ABL.KA,
2021-06-22 00:00:00+05:00,38.87705515448362,38.88253273743327,38.33489143127224,38.4718017578125,55500.0,0.0,0.0,0.0,ABL.KA,
2021-06-23 00:00:00+05:00,38.608716773986814,38.66348007562046,38.170602004573446,38.334896087646484,37500.0,0.0,0.0,0.0,ABL.KA,
2021-06-24 00:00:00+05:00,38.34584707670437,38.60323919037182,38.24727146249497,38.334896087646484,189500.0,0.0,0.0,0.0,ABL.KA,
2021-06-25 00:00:00+05:00,38.33489360246441,38.499187674886564,38.323942614116454,38.351322174072266,172000.0,0.0,0.0,0.0,ABL.KA,
2021-06-28 00:00:00+05:00,38.088456672284046,41.22643919456128,37.97892589794453,39.48493957519531,266500.0,0.0,0.0,0.0,ABL.KA,
2021-06-29 00:00:00+05:00,39.1563574430038,41.067624629424486,38.74562642087439,40.10377883911133,343000.0,0.0,0.0,0.0,ABL.KA,
2021-06-30 00:00:00+05:00,39.490412469199015,41.07309541146718,39.43017159500849,40.607601165771484,399500.0,0.0,0.0,0.0,ABL.KA,
2021-07-01 00:00:00+05:00,39.79162017503164,40.607604569037996,39.79162017503164,39.86281204223633,14000.0,0.0,0.0,0.0,ABL.KA,
2021-07-02 00:00:00+05:00,39.54517778210075,39.70399426052343,39.43017361045086,39.550655364990234,13500.0,0.0,0.0,0.0,ABL.KA,
2021-07-05 00:00:00+05:00,39.56708044385983,39.75875404636194,39.161827087402344,39.161827087402344,10000.0,0.0,0.0,0.0,ABL.KA,
2021-07-06 00:00:00+05:00,39.16730415179037,39.43017381562334,39.16730415179037,39.30421447753906,6500.0,0.0,0.0,0.0,ABL.KA,
2021-07-07 00:00:00+05:00,39.435655469393986,39.70399856567383,39.30421853482378,39.70399856567383,141000.0,0.0,0.0,0.0,ABL.KA,
2021-07-08 00:00:00+05:00,39.703998432612174,39.86281492772326,39.43017775376657,39.45756149291992,35500.0,0.0,0.0,0.0,ABL.KA,
2021-07-09 00:00:00+05:00,39.45756477559703,39.45756477559703,38.99206624029471,39.05230712890625,18000.0,0.0,0.0,0.0,ABL.KA,
2021-07-12 00:00:00+05:00,38.93730528551201,39.34803636273929,38.882541977516226,38.88801956176758,520500.0,0.0,0.0,0.0,ABL.KA,
2021-07-13 00:00:00+05:00,38.93729548209039,38.93729548209039,38.909915924072266,38.909915924072266,2500.0,0.0,0.0,0.0,ABL.KA,
2021-07-14 00:00:00+05:00,39.15635132789612,39.56708228588104,39.15635132789612,39.430171966552734,5500.0,0.0,0.0,0.0,ABL.KA,
2021-07-15 00:00:00+05:00,38.888006641527845,39.21111297607422,38.88252905909638,39.21111297607422,19000.0,0.0,0.0,0.0,ABL.KA,
2021-07-16 00:00:00+05:00,39.40279090164073,39.40279090164073,38.96468035700338,39.36445617675781,3000.0,0.0,0.0,0.0,ABL.KA,
2021-07-19 00:00:00+05:00,39.43016617129503,39.43016617129503,39.15634557288326,39.40278244018555,41500.0,0.0,0.0,0.0,ABL.KA,
2021-07-20 00:00:00+05:00,39.402782440185554,39.402782440185554,39.402782440185554,39.40278244018555,0.0,0.0,0.0,0.0,ABL.KA,
2021-07-21 00:00:00+05:00,39.402782440185554,39.402782440185554,39.402782440185554,39.40278244018555,0.0,0.0,0.0,0.0,ABL.KA,
2021-07-22 00:00:00+05:00,39.402782440185554,39.402782440185554,39.402782440185554,39.40278244018555,0.0,0.0,0.0,0.0,ABL.KA,
2021-07-23 00:00:00+05:00,39.402782440185554,39.402782440185554,39.402782440185554,39.40278244018555,0.0,0.0,0.0,0.0,ABL.KA,
2021-07-26 00:00:00+05:00,39.42470718919927,39.430184773639525,39.34803771972656,39.34803771972656,233000.0,0.0,0.0,0.0,ABL.KA,
2021-07-27 00:00:00+05:00,39.42470237796836,40.03258465329896,39.293269614650775,39.977821350097656,86500.0,0.0,0.0,0.0,ABL.KA,
2021-07-28 00:00:00+05:00,39.98329162597656,40.37759402203342,39.70399339907438,39.98329162597656,99000.0,0.0,0.0,0.0,ABL.KA,
2021-07-29 00:00:00+05:00,39.972340804114666,39.97781838748054,39.70399771359369,39.84090805053711,11500.0,0.0,0.0,0.0,ABL.KA,
2021-07-30 00:00:00+05:00,39.70947601607724,39.70947601607724,39.45756149291992,39.45756149291992,83000.0,0.0,0.0,0.0,ABL.KA,
2021-08-02 00:00:00+05:00,39.70400363876484,39.70400363876484,39.32065630938371,39.37541961669922,46500.0,0.0,0.0,0.0,ABL.KA,
2021-08-03 00:00:00+05:00,39.43018001796423,39.43018001796423,38.88253862882584,39.04135513305664,165500.0,0.0,0.0,0.0,ABL.KA,
2021-08-04 00:00:00+05:00,39.019453682247445,39.375421463755124,39.019453682247445,39.34803771972656,200000.0,0.0,0.0,0.0,ABL.KA,
2021-08-05 00:00:00+05:00,39.58351607373986,39.58351607373986,39.04682989100088,39.15087890625,74500.0,0.0,0.0,0.0,ABL.KA,
2021-08-06 00:00:00+05:00,39.265876084091396,39.37540684135772,39.057773912542125,39.161827087402344,13500.0,0.0,0.0,0.0,ABL.KA,
2021-08-09 00:00:00+05:00,38.77301373739618,39.53970837356699,38.77301373739618,39.40827560424805,8000.0,0.0,0.0,0.0,ABL.KA,
2021-08-10 00:00:00+05:00,39.40826581407964,39.430171966552734,39.40826581407964,39.430171966552734,10000.0,0.0,0.0,0.0,ABL.KA,
2021-08-11 00:00:00+05:00,39.430171966552734,39.61636799531698,39.430171966552734,39.430171966552734,34500.0,0.0,0.0,0.0,ABL.KA,
2021-08-12 00:00:00+05:00,39.43564954921385,39.97781324386597,39.430171966552734,39.430171966552734,80000.0,0.0,0.0,0.0,ABL.KA,
2021-08-13 00:00:00+05:00,39.91210587783281,39.91210587783281,39.32065630938371,39.37541961669922,9000.0,0.0,0.0,0.0,ABL.KA,
2021-08-16 00:00:00+05:00,39.293269670679635,39.293269670679635,38.937301932105235,39.04135513305664,32000.0,0.0,0.0,0.0,ABL.KA,
2021-08-17 00:00:00+05:00,38.90992366417777,39.96687174750894,38.882539922540836,39.1563606262207,24500.0,0.0,0.0,0.0,ABL.KA,
2021-08-18 00:00:00+05:00,39.1563606262207,39.1563606262207,39.1563606262207,39.1563606262207,0.0,0.0,0.0,0.0,ABL.KA,
2021-08-19 00:00:00+05:00,39.1563606262207,39.1563606262207,39.1563606262207,39.1563606262207,0.0,0.0,0.0,0.0,ABL.KA,
2021-08-20 00:00:00+05:00,39.42470374593871,39.42470374593871,39.1563606262207,39.1563606262207,63000.0,0.0,0.0,0.0,ABL.KA,
2021-08-23 00:00:00+05:00,39.42468858943898,39.97232978626253,39.402782440185554,39.40278244018555,35000.0,0.0,0.0,0.0,ABL.KA,
2021-08-24 00:00:00+05:00,39.43017850245177,39.70399918649657,39.16730880737305,39.16730880737305,60500.0,0.0,0.0,0.0,ABL.KA,
2021-08-25 00:00:00+05:00,39.15635987728721,39.53970718383789,39.15635987728721,39.53970718383789,7000.0,0.0,0.0,0.0,ABL.KA,
2021-08-26 00:00:00+05:00,39.567092990521616,39.567092990521616,39.2385089708715,39.271366119384766,5500.0,0.0,0.0,0.0,ABL.KA,
2021-08-27 00:00:00+05:00,39.211122004385025,39.2165995880777,38.89348900096434,38.93182373046875,15500.0,0.0,0.0,0.0,ABL.KA,
2021-08-30 00:00:00+05:00,38.88110669063802,39.43896484375,38.81912197372331,39.43896484375,32000.0,2.0,0.0,0.0,ABL.KA,
2021-08-31 00:00:00+05:00,39.438963613252895,39.72071075439454,39.438963613252895,39.72071075439453,4500.0,0.0,0.0,0.0,ABL.KA,
2021-09-01 00:00:00+05:00,39.16849573729269,39.72635397229876,39.16285958971296,39.44460678100586,36500.0,0.0,0.0,0.0,ABL.KA,
2021-09-02 00:00:00+05:00,39.44460422872639,39.44460422872639,39.140316765924595,39.16285705566406,61500.0,0.0,0.0,0.0,ABL.KA,
2021-09-03 00:00:00+05:00,39.16285262569305,39.43896362030759,39.16285262569305,39.30372619628906,30500.0,0.0,0.0,0.0,ABL.KA,
2021-09-06 00:00:00+05:00,38.59935834330897,39.33190263005635,38.59935834330897,39.30372619628906,43000.0,0.0,0.0,0.0,ABL.KA,
2021-09-07 00:00:00+05:00,39.17412505097345,39.58547781525756,39.07833204392123,39.16285705566406,41000.0,0.0,0.0,0.0,ABL.KA,
2021-09-08 00:00:00+05:00,39.16286107585838,39.16286107585838,38.886750021667396,38.9092903137207,35000.0,0.0,0.0,0.0,ABL.KA,
2021-09-09 00:00:00+05:00,39.55166693391157,39.55166693391157,38.881107330322266,38.881107330322266,20000.0,0.0,0.0,0.0,ABL.KA,
2021-09-10 00:00:00+05:00,38.93745300069903,39.219200134277344,38.88110443380739,39.219200134277344,28500.0,0.0,0.0,0.0,ABL.KA,
2021-09-13 00:00:00+05:00,38.88110988260173,39.16285705566406,38.88110988260173,39.16285705566406,33000.0,0.0,0.0,0.0,ABL.KA,
2021-09-14 00:00:00+05:00,39.219201651656995,39.698170937447294,39.16285308258524,39.2642822265625,40000.0,0.0,0.0,0.0,ABL.KA,
2021-09-15 00:00:00+05:00,39.37698014705805,39.979918876257706,39.02198028564453,39.02198028564453,9500.0,0.0,0.0,0.0,ABL.KA,
2021-09-16 00:00:00+05:00,39.68690079354384,39.7263452196695,38.45848313819068,39.09523010253906,37000.0,0.0,0.0,0.0,ABL.KA,
2021-09-17 00:00:00+05:00,39.50095280351472,39.55730137830305,39.16285705566406,39.16285705566406,6000.0,0.0,0.0,0.0,ABL.KA,
2021-09-20 00:00:00+05:00,39.83904497540254,40.00809498371424,39.02761611321915,39.22483825683594,68500.0,0.0,0.0,0.0,ABL.KA,
2021-09-21 00:00:00+05:00,39.416424253743585,39.416424253743585,39.22483825683594,39.22483825683594,6500.0,0.0,0.0,0.0,ABL.KA,
2021-09-22 00:00:00+05:00,38.99380218829013,38.99380218829013,38.31761077658666,38.81348419189453,143000.0,0.0,0.0,0.0,ABL.KA,
2021-09-23 00:00:00+05:00,39.41079197463764,39.41079197463764,38.51483381898814,38.582454681396484,17000.0,0.0,0.0,0.0,ABL.KA,
2021-09-24 00:00:00+05:00,39.43895955952257,39.44459570551975,38.12038513808697,38.306339263916016,22000.0,0.0,0.0,0.0,ABL.KA,
2021-09-27 00:00:00+05:00,38.5993621368672,40.56595617191147,38.5993621368672,38.88674545288086,36000.0,0.0,0.0,0.0,ABL.KA,
2021-09-28 00:00:00+05:00,38.328879781135896,39.44460036889763,38.328879781135896,39.427696228027344,97500.0,0.0,0.0,0.0,ABL.KA,
2021-09-29 00:00:00+05:00,39.16284907864822,39.16284907864822,38.31760773162704,38.419036865234375,15000.0,0.0,0.0,0.0,ABL.KA,
2021-09-30 00:00:00+05:00,39.37134756361346,39.37697941114311,38.17673812193029,38.31761169433594,116500.0,0.0,0.0,0.0,ABL.KA,
2021-10-01 00:00:00+05:00,38.98818043389322,39.213574763396174,38.03587348499455,38.3514289855957,24000.0,0.0,0.0,0.0,ABL.KA,
2021-10-04 00:00:00+05:00,38.04150488501731,38.74023667733471,38.04150488501731,38.69515609741211,18500.0,0.0,0.0,0.0,ABL.KA,
2021-10-05 00:00:00+05:00,38.45848402775207,38.45848402775207,38.43030759453058,38.44721603393555,5000.0,0.0,0.0,0.0,ABL.KA,
2021-10-06 00:00:00+05:00,38.81348294964886,38.824755242317885,38.520467827054155,38.52610397338867,50500.0,0.0,0.0,0.0,ABL.KA,
2021-10-07 00:00:00+05:00,38.59935990332891,38.59935990332891,38.402137756347656,38.402137756347656,34500.0,0.0,0.0,0.0,ABL.KA,
2021-10-08 00:00:00+05:00,38.60500519721298,38.7684191003226,38.31762182973598,38.599369049072266,219000.0,0.0,0.0,0.0,ABL.KA,
2021-10-11 00:00:00+05:00,38.58809911537343,39.89540597552195,38.58809911537343,39.602386474609375,1320500.0,0.0,0.0,0.0,ABL.KA,
2021-10-12 00:00:00+05:00,39.50094482151477,42.571990966796875,39.44459625811286,42.571990966796875,7750000.0,0.0,0.0,0.0,ABL.KA,
2021-10-13 00:00:00+05:00,45.64303715120164,45.64303715120164,43.89620572499204,44.83160400390625,5842000.0,0.0,0.0,0.0,ABL.KA,
2021-10-14 00:00:00+05:00,43.451048133997894,45.58105601372333,43.451048133997894,44.769622802734375,1474000.0,0.0,0.0,0.0,ABL.KA,
2021-10-15 00:00:00+05:00,44.00890242376382,44.51604813576749,43.6708067154681,44.037078857421875,22500.0,0.0,0.0,0.0,ABL.KA,
2021-10-18 00:00:00+05:00,43.9525592173356,44.521689713519,43.1073176939253,43.81732177734375,1161000.0,0.0,0.0,0.0,ABL.KA,
2021-10-19 00:00:00+05:00,43.81732177734375,43.81732177734375,43.81732177734375,43.81732177734375,0.0,0.0,0.0,0.0,ABL.KA,
2021-10-20 00:00:00+05:00,43.8173186677666,44.989383563052726,43.8173186677666,44.52168655395508,219500.0,0.0,0.0,0.0,ABL.KA,
2021-10-21 00:00:00+05:00,44.797798156738274,45.220418894066,44.403353854880585,44.79779815673828,263500.0,0.0,0.0,0.0,ABL.KA,
2021-10-22 00:00:00+05:00,44.51604782830512,44.51604782830512,44.23430069015129,44.3920783996582,9000.0,0.0,0.0,0.0,ABL.KA,
2021-10-25 00:00:00+05:00,43.952553551997454,44.06525068761093,43.952553551997454,44.3920783996582,57500.0,0.0,0.0,0.0,ABL.KA,
2021-10-26 00:00:00+05:00,43.9525532530199,44.96684466312226,43.9525532530199,44.33009338378906,168500.0,0.0,0.0,0.0,ABL.KA,
2021-10-27 00:00:00+05:00,44.60621340282827,44.76962297594858,44.51605224609375,44.51605224609375,195000.0,0.0,0.0,0.0,ABL.KA,
2021-10-28 00:00:00+05:00,44.713274857931424,45.07954703743471,44.51605269946677,44.62874984741211,1104000.0,0.0,0.0,0.0,ABL.KA,
2021-10-29 00:00:00+05:00,44.51605224609375,44.74145083880948,44.51605224609375,44.51605224609375,42500.0,0.0,0.0,0.0,ABL.KA,
2021-11-01 00:00:00+05:00,44.51604404771295,45.35564924435298,44.51604404771295,45.07390213012695,131500.0,0.0,0.0,0.0,ABL.KA,
2021-11-02 00:00:00+05:00,44.521688393169796,45.017561857847944,44.51605224609375,44.51605224609375,386500.0,0.0,0.0,0.0,ABL.KA,
2021-11-03 00:00:00+05:00,45.36128798729794,45.36128798729794,44.256839752197266,44.256839752197266,31500.0,0.0,0.0,0.0,ABL.KA,
2021-11-04 00:00:00+05:00,44.2906469437793,44.2906469437793,43.39469315484123,43.49048614501953,291500.0,0.0,0.0,0.0,ABL.KA,
2021-11-05 00:00:00+05:00,43.67080611678259,44.4991433851795,43.67080611678259,44.33009338378906,288000.0,0.0,0.0,0.0,ABL.KA,
2021-11-08 00:00:00+05:00,45.20316793521338,45.20316793521338,43.9716173702101,44.7059211730957,7500.0,2.0,0.0,0.0,ABL.KA,
2021-11-09 00:00:00+05:00,43.95427113969868,44.52090275204568,43.95427113969868,44.40526580810547,7000.0,0.0,0.0,0.0,ABL.KA,
2021-11-10 00:00:00+05:00,44.40526580810547,44.40526580810547,44.40526580810547,44.40526580810547,0.0,0.0,0.0,0.0,ABL.KA,
2021-11-11 00:00:00+05:00,44.41103711230353,45.67728216884235,44.405258353963234,45.24363708496094,312000.0,0.0,0.0,0.0,ABL.KA,
2021-11-12 00:00:00+05:00,45.243645337207724,46.249700880158365,45.23786216654669,45.57321548461914,33500.0,0.0,0.0,0.0,ABL.KA,
2021-11-15 00:00:00+05:00,44.8967303609359,45.67729077676653,44.8967303609359,45.047061920166016,143000.0,0.0,0.0,0.0,ABL.KA,
2021-11-16 00:00:00+05:00,45.96060962695414,45.96060962695414,45.09910236815322,45.40554428100586,652000.0,0.0,0.0,0.0,ABL.KA,
2021-11-17 00:00:00+05:00,45.417102736066525,45.68884998485645,45.10487770608257,45.67728805541992,2626000.0,0.0,0.0,0.0,ABL.KA,
2021-11-18 00:00:00+05:00,45.966384815264355,46.16875166490216,45.50382823500667,45.67728805541992,302000.0,0.0,0.0,0.0,ABL.KA,
2021-11-19 00:00:00+05:00,45.96060164491285,46.02420328497995,45.63103151514086,45.67728805541992,793500.0,0.0,0.0,0.0,ABL.KA,
2021-11-22 00:00:00+05:00,46.22656981688334,46.22656981688334,45.104877396058015,45.36506271362305,54000.0,0.0,0.0,0.0,ABL.KA,
2021-11-23 00:00:00+05:00,45.61946558045785,45.67728404509715,45.087528647750446,45.099090576171875,307000.0,0.0,0.0,0.0,ABL.KA,
2021-11-24 00:00:00+05:00,44.81577517068573,45.67149899923614,44.80999200107952,45.24363708496094,40000.0,0.0,0.0,0.0,ABL.KA,
2021-11-25 00:00:00+05:00,45.38818483580681,45.38818483580681,44.0583381652832,44.0583381652832,10000.0,0.0,0.0,0.0,ABL.KA,
2021-11-26 00:00:00+05:00,44.75216893513521,46.24968768668082,44.52089069860366,45.440216064453125,88500.0,0.0,0.0,0.0,ABL.KA,
2021-11-29 00:00:00+05:00,45.11065003900342,45.67728154853718,45.09908811121392,45.463348388671875,125000.0,0.0,0.0,0.0,ABL.KA,
2021-11-30 00:00:00+05:00,45.960601008721675,45.960601008721675,44.53246232905599,45.05283737182617,43500.0,0.0,0.0,0.0,ABL.KA,
2021-12-01 00:00:00+05:00,45.388187121649324,45.67150068508856,44.60762682410347,44.81577682495117,44000.0,0.0,0.0,0.0,ABL.KA,
2021-12-02 00:00:00+05:00,45.09331327333428,45.09331327333428,43.36451581147161,43.555320739746094,22500.0,0.0,0.0,0.0,ABL.KA,
2021-12-03 00:00:00+05:00,44.94298231223293,46.25547960506961,43.94270562481613,45.237857818603516,97000.0,0.0,0.0,0.0,ABL.KA,
2021-12-06 00:00:00+05:00,45.10486934684309,45.67727959009624,44.46307430603036,44.50354766845703,55500.0,0.0,0.0,0.0,ABL.KA,
2021-12-07 00:00:00+05:00,44.30697339562408,44.7521849320622,42.78632583573451,44.694366455078125,833000.0,0.0,0.0,0.0,ABL.KA,
2021-12-08 00:00:00+05:00,45.09909374459609,45.09909374459609,44.43417032636479,44.76952362060547,56000.0,0.0,0.0,0.0,ABL.KA,
2021-12-09 00:00:00+05:00,44.520906282582835,44.520906282582835,43.79816429747597,44.34744644165039,33500.0,0.0,0.0,0.0,ABL.KA,
2021-12-10 00:00:00+05:00,43.94270656084278,44.515116897993906,43.94270656084278,44.486209869384766,36000.0,0.0,0.0,0.0,ABL.KA,
2021-12-13 00:00:00+05:00,44.48620986938476,44.48620986938476,44.48620986938476,44.486209869384766,0.0,0.0,0.0,0.0,ABL.KA,
2021-12-14 00:00:00+05:00,44.520909123201335,44.520909123201335,42.237046069050514,42.844146728515625,689000.0,0.0,0.0,0.0,ABL.KA,
2021-12-15 00:00:00+05:00,43.532189980556275,43.537973150821934,42.728501353019624,42.78053665161133,151000.0,0.0,0.0,0.0,ABL.KA,
2021-12-16 00:00:00+05:00,42.67069125753612,45.087540784676,42.36424493105121,43.717220306396484,494500.0,0.0,0.0,0.0,ABL.KA,
2021-12-17 00:00:00+05:00,43.133234054318784,44.23180258240967,43.07541558679112,43.8675422668457,26000.0,0.0,0.0,0.0,ABL.KA,
2021-12-20 00:00:00+05:00,43.86754035810796,45.09909086679937,43.82706699147301,44.56715393066406,1872000.0,0.0,0.0,0.0,ABL.KA,
2021-12-21 00:00:00+05:00,44.52668903521765,45.38819623821501,44.23180907291017,44.33588409423828,111500.0,0.0,0.0,0.0,ABL.KA,
2021-12-22 00:00:00+05:00,45.04128351637328,45.6772956109816,44.52090838032384,44.81000518798828,3161000.0,0.0,0.0,0.0,ABL.KA,
2021-12-23 00:00:00+05:00,45.33036965828695,45.52695332383647,44.80999464467618,44.86781311035156,27500.0,0.0,0.0,0.0,ABL.KA,
2021-12-24 00:00:00+05:00,44.896723896142525,45.49226246534711,44.83890543130767,45.12800216674805,41500.0,0.0,0.0,0.0,ABL.KA,
2021-12-27 00:00:00+05:00,45.38819734467427,45.76402406481352,45.18583046806607,45.255210876464844,54000.0,0.0,0.0,0.0,ABL.KA,
2021-12-28 00:00:00+05:00,45.09909624677924,46.82211494178018,45.04127777487003,46.382686614990234,1267000.0,0.0,0.0,0.0,ABL.KA,
2021-12-29 00:00:00+05:00,46.261256476923165,46.82788355463254,46.25547330760532,46.486751556396484,82000.0,0.0,0.0,0.0,ABL.KA,
2021-12-30 00:00:00+05:00,46.8278828440807,47.527496337890625,46.55035247875501,47.527496337890625,2825500.0,0.0,0.0,0.0,ABL.KA,
2021-12-31 00:00:00+05:00,47.41185619272331,48.279146245029224,47.41185619272331,47.56796646118164,172500.0,0.0,0.0,0.0,ABL.KA,
2022-01-03 00:00:00+05:00,47.90332684512312,47.90332684512312,47.417646460527216,47.56219482421875,83500.0,0.0,0.0,0.0,ABL.KA,
2022-01-04 00:00:00+05:00,47.411864853827595,48.85734853839551,46.689123011543636,47.9495849609375,59000.0,0.0,0.0,0.0,ABL.KA,
2022-01-05 00:00:00+05:00,47.81661318683639,48.8515803517738,47.81661318683639,48.19822311401367,85500.0,0.0,0.0,0.0,ABL.KA,
2022-01-06 00:00:00+05:00,48.29071590492574,49.03080724021116,48.04787571009425,48.712799072265625,25000.0,0.0,0.0,0.0,ABL.KA,
2022-01-07 00:00:00+05:00,49.146455936485644,51.74832713312312,49.146455936485644,49.8634147644043,57500.0,0.0,0.0,0.0,ABL.KA,
2022-01-10 00:00:00+05:00,50.30283671481475,51.11230853270875,49.21005130460113,50.26814651489258,48000.0,0.0,0.0,0.0,ABL.KA,
2022-01-11 00:00:00+05:00,49.72464375042472,50.736482431392666,49.71886057995026,50.30862045288086,34500.0,0.0,0.0,0.0,ABL.KA,
2022-01-12 00:00:00+05:00,50.875248819192656,52.12993216514018,50.875248819192656,50.97354507446289,143500.0,0.0,0.0,0.0,ABL.KA,
2022-01-13 00:00:00+05:00,51.314670790787595,51.45921915921235,50.47629201843048,50.74803924560547,196000.0,0.0,0.0,0.0,ABL.KA,
2022-01-14 00:00:00+05:00,51.430299473557795,51.430299473557795,50.453155659364114,50.742252349853516,2500.0,0.0,0.0,0.0,ABL.KA,
2022-01-17 00:00:00+05:00,51.16435120976092,51.170134381003976,50.01374716335417,50.21611404418945,80500.0,0.0,0.0,0.0,ABL.KA,
2022-01-18 00:00:00+05:00,50.013722624526025,51.748302599943116,49.441312467792585,49.53382110595703,52500.0,0.0,0.0,0.0,ABL.KA,
2022-01-19 00:00:00+05:00,49.14644794473833,49.15223111494523,48.97298812866211,48.97298812866211,7000.0,0.0,0.0,0.0,ABL.KA,
2022-01-20 00:00:00+05:00,49.423981041801575,49.423981041801575,49.13488429928377,49.146446228027344,3500.0,0.0,0.0,0.0,ABL.KA,
2022-01-21 00:00:00+05:00,49.15801482446964,51.9738190665792,49.146452894157825,51.35515213012695,49000.0,0.0,0.0,0.0,ABL.KA,
2022-01-24 00:00:00+05:00,51.08339601334357,51.08339601334357,50.476295471191406,50.476295471191406,26500.0,0.0,0.0,0.0,ABL.KA,
2022-01-25 00:00:00+05:00,49.210039727287366,49.955909729003906,49.14643810154883,49.955909729003906,3000.0,0.0,0.0,0.0,ABL.KA,
2022-01-26 00:00:00+05:00,49.95591798933045,49.95591798933045,49.146446228027344,49.146446228027344,2500.0,0.0,0.0,0.0,ABL.KA,
2022-01-27 00:00:00+05:00,51.17012413967861,51.97381274219147,50.88681056321235,51.45922088623047,705500.0,0.0,0.0,0.0,ABL.KA,
2022-01-28 00:00:00+05:00,52.03741437933418,52.03741437933418,51.45922088623047,51.45922088623047,148000.0,0.0,0.0,0.0,ABL.KA,
2022-01-31 00:00:00+05:00,52.02585326870814,52.03163202761835,51.45922169559718,51.522823333740234,56500.0,0.0,0.0,0.0,ABL.KA,
2022-02-01 00:00:00+05:00,51.58063726269446,53.07816059546544,51.58063726269446,52.59825897216797,288000.0,0.0,0.0,0.0,ABL.KA,
2022-02-02 00:00:00+05:00,53.188021891348356,53.188021891348356,52.615611528554986,52.864234924316406,7500.0,0.0,0.0,0.0,ABL.KA,
2022-02-03 00:00:00+05:00,53.16490192769586,53.16490192769586,52.33230610933942,52.60983657836914,48500.0,0.0,0.0,0.0,ABL.KA,
2022-02-04 00:00:00+05:00,52.09523310242523,53.049253252988365,52.09523310242523,52.32651138305664,62000.0,0.0,0.0,0.0,ABL.KA,
2022-02-07 00:00:00+05:00,52.03741758047121,52.32651434480716,51.5459539633534,51.67893600463867,15000.0,0.0,0.0,0.0,ABL.KA,
2022-02-08 00:00:00+05:00,52.03163432004322,52.384332724824425,51.51704243331652,51.68471908569336,34500.0,0.0,0.0,0.0,ABL.KA,
2022-02-09 00:00:00+05:00,52.55778940538078,52.55778940538078,51.45922088623047,51.45922088623047,29500.0,0.0,0.0,0.0,ABL.KA,
2022-02-10 00:00:00+05:00,51.1701319916949,51.31468038715167,49.72464803712725,50.060001373291016,37500.0,0.0,0.0,0.0,ABL.KA,
2022-02-11 00:00:00+05:00,50.077339494145775,50.88102810794958,50.02529978517688,50.389564514160156,181000.0,0.0,0.0,0.0,ABL.KA,
2022-02-14 00:00:00+05:00,50.30282974243164,50.30282974243164,50.30282974243164,50.30282974243164,1500.0,0.0,0.0,0.0,ABL.KA,
2022-02-15 00:00:00+05:00,50.87524756556783,52.49997438759562,50.36643884626346,51.996944427490234,90500.0,0.0,0.0,0.0,ABL.KA,
2022-02-16 00:00:00+05:00,51.996944427490234,51.996944427490234,51.996944427490234,51.996944427490234,0.0,0.0,0.0,0.0,ABL.KA,
2022-02-17 00:00:00+05:00,49.44132261411321,51.71940178300692,49.2042611847494,49.71885299682617,262500.0,0.0,0.0,0.0,ABL.KA,
2022-02-18 00:00:00+05:00,49.78823891056108,50.73647582667109,49.71885410769961,50.35486602783203,132000.0,0.0,0.0,0.0,ABL.KA,
2022-02-21 00:00:00+05:00,50.01952371002791,50.58615090132279,49.95592206857918,50.01374053955078,39000.0,0.0,0.0,0.0,ABL.KA,
2022-02-22 00:00:00+05:00,50.048428151062154,50.30283470369758,50.0137379525269,50.08890151977539,170000.0,0.0,0.0,0.0,ABL.KA,
2022-02-23 00:00:00+05:00,50.01952371002791,51.11230913307746,50.01374053955078,50.01374053955078,27000.0,0.0,0.0,0.0,ABL.KA,
2022-02-24 00:00:00+05:00,50.01374053955078,50.01374053955078,50.01374053955078,50.01374053955078,171000.0,0.0,0.0,0.0,ABL.KA,
2022-02-25 00:00:00+05:00,50.563022630680834,51.44187927000881,50.01374053955078,50.01374053955078,23000.0,0.0,0.0,0.0,ABL.KA,
2022-02-28 00:00:00+05:00,49.724647477356314,49.724647477356314,49.14067073113031,49.435550689697266,27000.0,0.0,0.0,0.0,ABL.KA,
2022-03-01 00:00:00+05:00,49.724639892578125,49.724639892578125,49.724639892578125,49.724639892578125,2000.0,0.0,0.0,0.0,ABL.KA,
2022-03-02 00:00:00+05:00,49.66682142611907,49.724639892578125,49.66682142611907,49.724639892578125,16000.0,0.0,0.0,0.0,ABL.KA,
2022-03-03 00:00:00+05:00,49.724639892578125,49.724639892578125,49.724639892578125,49.724639892578125,2000.0,0.0,0.0,0.0,ABL.KA,
2022-03-04 00:00:00+05:00,49.724639892578125,49.76511326022609,49.724639892578125,49.724639892578125,21000.0,0.0,0.0,0.0,ABL.KA,
2022-03-07 00:00:00+05:00,49.724639892578125,50.30283337970113,49.724639892578125,49.724639892578125,95000.0,0.0,0.0,0.0,ABL.KA,
2022-03-08 00:00:00+05:00,49.81136979789982,50.56880185442576,49.724639892578125,49.724639892578125,120500.0,0.0,0.0,0.0,ABL.KA,
2022-03-09 00:00:00+05:00,49.79402469908873,50.013736636139626,49.724639892578125,49.724639892578125,140500.0,0.0,0.0,0.0,ABL.KA,
2022-03-10 00:00:00+05:00,50.30283337970113,50.30283337970113,49.724639892578125,49.724639892578125,12500.0,0.0,0.0,0.0,ABL.KA,
2022-03-11 00:00:00+05:00,49.74198427605499,50.3028326563014,49.74198427605499,50.24501419067383,12000.0,0.0,0.0,0.0,ABL.KA,
2022-03-14 00:00:00+05:00,50.297061851654604,50.70757879318004,50.013748212541856,50.591941833496094,32000.0,0.0,0.0,0.0,ABL.KA,
2022-03-15 00:00:00+05:00,51.18366045143172,51.47360131017284,49.710282356819356,50.591941833496094,612500.0,2.0,0.0,0.0,ABL.KA,
2022-03-16 00:00:00+05:00,50.30197882188974,50.443989963605596,50.23688944142564,50.38481903076172,179000.0,0.0,0.0,0.0,ABL.KA,
2022-03-17 00:00:00+05:00,50.33157372510209,50.33157372510209,50.296072060037886,50.3019905090332,5000.0,0.0,0.0,0.0,ABL.KA,
2022-03-18 00:00:00+05:00,50.29607009887696,50.3019885476415,50.29607009887696,50.29607009887695,160000.0,0.0,0.0,0.0,ABL.KA,
2022-03-21 00:00:00+05:00,50.87595618755304,50.87595618755304,50.29607009887696,50.29607009887695,3000.0,0.0,0.0,0.0,ABL.KA,
2022-03-22 00:00:00+05:00,50.29608339783923,50.30791578404329,49.70436476962936,50.290164947509766,140500.0,0.0,0.0,0.0,ABL.KA,
2022-03-23 00:00:00+05:00,50.29016494750977,50.29016494750977,50.29016494750977,50.290164947509766,0.0,0.0,0.0,0.0,ABL.KA,
2022-03-24 00:00:00+05:00,49.70434705789353,50.284233093261726,49.70434705789353,50.28423309326172,10500.0,0.0,0.0,0.0,ABL.KA,
2022-03-25 00:00:00+05:00,50.29607009887696,50.29607009887696,50.29607009887696,50.29607009887695,3500.0,0.0,0.0,0.0,ABL.KA,
2022-03-28 00:00:00+05:00,50.29607009887696,50.29607009887696,50.29607009887696,50.29607009887695,100000.0,0.0,0.0,0.0,ABL.KA,
2022-03-29 00:00:00+05:00,49.70435201370666,49.70435201370666,49.11263353735301,49.1777229309082,22500.0,0.0,0.0,0.0,ABL.KA,
2022-03-30 00:00:00+05:00,49.40849118883066,49.41440963745117,49.40849118883066,49.41440963745117,10000.0,0.0,0.0,0.0,ABL.KA,
2022-03-31 00:00:00+05:00,49.40849734265416,52.071230732378034,49.40849734265416,51.44992446899414,12000.0,0.0,0.0,0.0,ABL.KA,
2022-04-01 00:00:00+05:00,50.065293613165196,51.41441082743916,49.43807356095612,49.597835540771484,12500.0,0.0,0.0,0.0,ABL.KA,
2022-04-04 00:00:00+05:00,49.597842774868376,49.597842774868376,49.40849304199219,49.40849304199219,3000.0,0.0,0.0,0.0,ABL.KA,
2022-04-05 00:00:00+05:00,49.704349517822266,49.704349517822266,49.704349517822266,49.704349517822266,5000.0,0.0,0.0,0.0,ABL.KA,
2022-04-06 00:00:00+05:00,49.704349517822266,49.704349517822266,49.704349517822266,49.704349517822266,500.0,0.0,0.0,0.0,ABL.KA,
2022-04-07 00:00:00+05:00,49.858203131152244,49.858203131152244,49.70435505384324,49.7398567199707,12000.0,0.0,0.0,0.0,ABL.KA,
2022-04-08 00:00:00+05:00,50.59193091211791,50.88779015721802,50.59193091211791,50.73986053466797,5000.0,0.0,0.0,0.0,ABL.KA,
2022-04-11 00:00:00+05:00,51.77537395397746,51.77537395397746,50.296077555292385,50.65110778808594,31000.0,0.0,0.0,0.0,ABL.KA,
2022-04-12 00:00:00+05:00,50.65110778808594,50.65110778808594,50.65110778808594,50.65110778808594,0.0,0.0,0.0,0.0,ABL.KA,
2022-04-13 00:00:00+05:00,50.29607009887696,50.29607009887696,50.29607009887696,50.29607009887695,7000.0,0.0,0.0,0.0,ABL.KA,
2022-04-14 00:00:00+05:00,50.29607009887696,50.35524104316137,50.29015165011241,50.29607009887695,26500.0,0.0,0.0,0.0,ABL.KA,
2022-04-15 00:00:00+05:00,50.29607009887696,50.29607009887696,50.29607009887696,50.29607009887695,10000.0,0.0,0.0,0.0,ABL.KA,
2022-04-18 00:00:00+05:00,50.29607650061942,50.29607650061942,49.716190338134766,49.716190338134766,83500.0,0.0,0.0,0.0,ABL.KA,
2022-04-19 00:00:00+05:00,49.70435893966491,49.70435893966491,49.11264038085937,49.112640380859375,25000.0,0.0,0.0,0.0,ABL.KA,
2022-04-20 00:00:00+05:00,49.70435244136401,49.70435244136401,47.93511544589108,48.00611877441406,1500.0,0.0,0.0,0.0,ABL.KA,
2022-04-21 00:00:00+05:00,48.816777854019115,49.46766732251523,48.006121857179224,48.63334655761719,41500.0,0.0,0.0,0.0,ABL.KA,
2022-04-22 00:00:00+05:00,48.81677720187009,49.10671800847651,48.52683639526367,48.52683639526367,4000.0,0.0,0.0,0.0,ABL.KA,
2022-04-25 00:00:00+05:00,48.81678258264654,49.10672342121137,48.81678258264654,48.91737365722656,4000.0,0.0,0.0,0.0,ABL.KA,
2022-04-26 00:00:00+05:00,48.91736137476906,50.296066395914096,48.91736137476906,49.887779235839844,29500.0,0.0,0.0,0.0,ABL.KA,
2022-04-27 00:00:00+05:00,51.09998321533203,51.09998321533203,51.09998321533203,51.09998321533203,0.0,2.0,0.0,0.0,ABL.KA,
2022-04-28 00:00:00+05:00,49.09986154873414,49.887783948053254,46.148170963699684,48.366485595703125,105000.0,0.0,0.0,0.0,ABL.KA,
2022-04-29 00:00:00+05:00,48.366485595703125,48.366485595703125,48.366485595703125,48.366485595703125,0.0,0.0,0.0,0.0,ABL.KA,
2022-05-02 00:00:00+05:00,48.366485595703125,48.366485595703125,48.366485595703125,48.366485595703125,0.0,0.0,0.0,0.0,ABL.KA,
2022-05-03 00:00:00+05:00,48.366485595703125,48.366485595703125,48.366485595703125,48.366485595703125,0.0,0.0,0.0,0.0,ABL.KA,
2022-05-04 00:00:00+05:00,48.366485595703125,48.366485595703125,48.366485595703125,48.366485595703125,0.0,0.0,0.0,0.0,ABL.KA,
2022-05-05 00:00:00+05:00,48.366485595703125,48.366485595703125,48.366485595703125,48.366485595703125,0.0,0.0,0.0,0.0,ABL.KA,
2022-05-06 00:00:00+05:00,48.366485595703125,48.366485595703125,48.366485595703125,48.366485595703125,0.0,0.0,0.0,0.0,ABL.KA,
2022-05-09 00:00:00+05:00,48.487701416015625,48.548310117956134,47.275508880615234,47.275508880615234,53500.0,0.0,0.0,0.0,ABL.KA,
2022-05-10 00:00:00+05:00,47.2755174202714,47.2755174202714,46.73002975597705,47.027015686035156,12500.0,0.0,0.0,0.0,ABL.KA,
2022-05-11 00:00:00+05:00,46.37242889404296,46.37242889404296,46.37242889404296,46.37242889404297,1000.0,0.0,0.0,0.0,ABL.KA,
2022-05-12 00:00:00+05:00,46.60880562480241,46.66941432897153,45.46328400665947,45.948158264160156,239500.0,0.0,0.0,0.0,ABL.KA,
2022-05-13 00:00:00+05:00,45.46934749925889,46.075443867345854,45.46934749925889,46.063323974609375,3000.0,0.0,0.0,0.0,ABL.KA,
2022-05-16 00:00:00+05:00,46.05726171616698,46.063323974609375,46.05726171616698,46.063323974609375,3000.0,0.0,0.0,0.0,ABL.KA,
2022-05-17 00:00:00+05:00,47.8816060959918,48.184654235839844,47.275509816295695,48.184654235839844,3000.0,0.0,0.0,0.0,ABL.KA,
2022-05-18 00:00:00+05:00,48.184654235839844,48.184654235839844,48.184654235839844,48.184654235839844,0.0,0.0,0.0,0.0,ABL.KA,
2022-05-19 00:00:00+05:00,48.184654235839844,48.184654235839844,48.184654235839844,48.184654235839844,0.0,0.0,0.0,0.0,ABL.KA,
2022-05-20 00:00:00+05:00,48.18465328216553,48.18465328216553,47.275508880615234,47.275508880615234,2500.0,0.0,0.0,0.0,ABL.KA,
2022-05-23 00:00:00+05:00,47.275508880615234,47.275508880615234,47.275508880615234,47.275508880615234,0.0,0.0,0.0,0.0,ABL.KA,
2022-05-24 00:00:00+05:00,46.67548059314254,46.67548059314254,46.66941833496094,46.66941833496094,2000.0,0.0,0.0,0.0,ABL.KA,
2022-05-25 00:00:00+05:00,46.09362396888052,46.09362396888052,45.76026916503906,45.76026916503906,15000.0,0.0,0.0,0.0,ABL.KA,
2022-05-26 00:00:00+05:00,45.760271394151246,46.0633195490794,42.669181138713654,42.86919403076172,400500.0,0.0,0.0,0.0,ABL.KA,
2022-05-27 00:00:00+05:00,43.03284344266684,43.63893982918327,42.82071063221578,43.00253677368164,130000.0,0.0,0.0,0.0,ABL.KA,
2022-05-30 00:00:00+05:00,43.03283953186825,43.572264896913346,43.03283953186825,43.190425872802734,12500.0,0.0,0.0,0.0,ABL.KA,
2022-05-31 00:00:00+05:00,43.511652029116455,43.51771428661273,43.09344412067755,43.09950637817383,11000.0,0.0,0.0,0.0,ABL.KA,
2022-06-01 00:00:00+05:00,43.39649371327378,44.335944818366684,43.39649371327378,44.24502944946289,28500.0,0.0,0.0,0.0,ABL.KA,
2022-06-02 00:00:00+05:00,43.6389274597168,43.6389274597168,43.6389274597168,43.6389274597168,79500.0,0.0,0.0,0.0,ABL.KA,
2022-06-03 00:00:00+05:00,43.644996643066406,43.644996643066406,43.638934385195945,43.644996643066406,90000.0,0.0,0.0,0.0,ABL.KA,
2022-06-06 00:00:00+05:00,43.63893320862677,43.63893320862677,43.03283691406251,43.0328369140625,11500.0,0.0,0.0,0.0,ABL.KA,
2022-06-07 00:00:00+05:00,43.638931872096244,43.638931872096244,43.62681198120117,43.62681198120117,1500.0,0.0,0.0,0.0,ABL.KA,
2022-06-08 00:00:00+05:00,43.638933878582975,43.638933878582975,42.72978942277916,43.602569580078125,3000.0,0.0,0.0,0.0,ABL.KA,
2022-06-09 00:00:00+05:00,43.62681198120117,43.62681198120117,43.62681198120117,43.62681198120117,500.0,0.0,0.0,0.0,ABL.KA,
2022-06-10 00:00:00+05:00,43.57832556800817,43.57832556800817,43.33588611943351,43.505592346191406,4500.0,0.0,0.0,0.0,ABL.KA,
2022-06-13 00:00:00+05:00,43.03283696934796,43.03283696934796,41.82064437866211,41.82064437866211,4000.0,0.0,0.0,0.0,ABL.KA,
2022-06-14 00:00:00+05:00,41.82064437866211,41.82064437866211,41.82064437866211,41.82064437866211,0.0,0.0,0.0,0.0,ABL.KA,
2022-06-15 00:00:00+05:00,42.420677185058594,42.420677185058594,42.420677185058594,42.420677185058594,500.0,0.0,0.0,0.0,ABL.KA,
2022-06-16 00:00:00+05:00,41.826705422384904,42.420677185058594,41.826705422384904,42.420677185058594,2000.0,0.0,0.0,0.0,ABL.KA,
2022-06-17 00:00:00+05:00,42.42674237106621,43.632872752282246,42.42674237106621,42.66918182373047,108000.0,0.0,0.0,0.0,ABL.KA,
2022-06-20 00:00:00+05:00,42.66918182373047,42.66918182373047,42.66918182373047,42.66918182373047,0.0,0.0,0.0,0.0,ABL.KA,
2022-06-21 00:00:00+05:00,42.66918182373047,42.66918182373047,42.66918182373047,42.66918182373047,0.0,0.0,0.0,0.0,ABL.KA,
2022-06-22 00:00:00+05:00,42.881309982732674,42.881309982732674,42.72978591918945,42.72978591918945,4000.0,0.0,0.0,0.0,ABL.KA,
2022-06-23 00:00:00+05:00,43.03283691406251,43.03283691406251,42.72978876678037,43.0328369140625,19500.0,0.0,0.0,0.0,ABL.KA,
2022-06-24 00:00:00+05:00,42.30552011713278,42.43279977478766,41.45698444195282,41.814579010009766,527000.0,0.0,0.0,0.0,ABL.KA,
2022-06-27 00:00:00+05:00,42.911614688294236,42.911614688294236,42.123687744140625,42.123687744140625,2500.0,0.0,0.0,0.0,ABL.KA,
2022-06-28 00:00:00+05:00,42.42674255371094,42.42674255371094,42.123694392613,42.42674255371094,9000.0,0.0,0.0,0.0,ABL.KA,
2022-06-29 00:00:00+05:00,42.42674032711957,42.42674032711957,42.27521625452271,42.30552291870117,7000.0,0.0,0.0,0.0,ABL.KA,
2022-06-30 00:00:00+05:00,41.82064437866211,41.83276426994395,41.82064437866211,41.82064437866211,86000.0,0.0,0.0,0.0,ABL.KA,
2022-07-01 00:00:00+05:00,41.8206454832108,41.8509521484375,41.76003677690529,41.8509521484375,109500.0,0.0,0.0,0.0,ABL.KA,
2022-07-04 00:00:00+05:00,42.42675013936089,42.42675013936089,41.899444580078125,41.899444580078125,50500.0,0.0,0.0,0.0,ABL.KA,
2022-07-05 00:00:00+05:00,41.82065072111621,41.82065072111621,41.1478833613229,41.256980895996094,16500.0,0.0,0.0,0.0,ABL.KA,
2022-07-06 00:00:00+05:00,41.31152232967089,41.31152232967089,41.27515341050588,41.28121566772461,90000.0,0.0,0.0,0.0,ABL.KA,
2022-07-07 00:00:00+05:00,41.51759842091021,41.82064658456649,41.51759842091021,41.7479133605957,3000.0,0.0,0.0,0.0,ABL.KA,
2022-07-08 00:00:00+05:00,41.7479133605957,41.7479133605957,41.7479133605957,41.7479133605957,0.0,0.0,0.0,0.0,ABL.KA,
2022-07-11 00:00:00+05:00,41.7479133605957,41.7479133605957,41.7479133605957,41.7479133605957,0.0,0.0,0.0,0.0,ABL.KA,
2022-07-12 00:00:00+05:00,41.7479133605957,41.7479133605957,41.7479133605957,41.7479133605957,0.0,0.0,0.0,0.0,ABL.KA,
2022-07-13 00:00:00+05:00,41.814579607350154,41.82064186470054,40.747853521057024,41.802459716796875,3000.0,0.0,0.0,0.0,ABL.KA,
2022-07-14 00:00:00+05:00,41.69336630040378,41.69942855834961,41.69336630040378,41.69942855834961,1000.0,0.0,0.0,0.0,ABL.KA,
2022-07-15 00:00:00+05:00,41.69942855834961,41.69942855834961,41.69942855834961,41.69942855834961,2000.0,0.0,0.0,0.0,ABL.KA,
2022-07-18 00:00:00+05:00,41.57820367206478,41.79033644415819,41.27515553360345,41.39637756347656,5000.0,0.0,0.0,0.0,ABL.KA,
2022-07-19 00:00:00+05:00,41.40243416571078,41.40243416571078,39.82658480978873,40.09933090209961,11500.0,0.0,0.0,0.0,ABL.KA,
2022-07-20 00:00:00+05:00,39.39625831886574,42.42673972800926,39.39625831886574,40.9114990234375,13000.0,0.0,0.0,0.0,ABL.KA,
2022-07-21 00:00:00+05:00,40.97210875534623,40.97210875534623,39.39625930786133,39.39625930786133,20500.0,0.0,0.0,0.0,ABL.KA,
2022-07-22 00:00:00+05:00,39.941744636996006,39.941744636996006,39.24473301005738,39.27503967285156,3000.0,0.0,0.0,0.0,ABL.KA,
2022-07-25 00:00:00+05:00,41.39637659231413,41.39637659231413,39.27503967285156,39.27503967285156,3000.0,0.0,0.0,0.0,ABL.KA,
2022-07-26 00:00:00+05:00,38.79015674981319,38.79015674981319,38.55377960205078,38.55377960205078,5500.0,0.0,0.0,0.0,ABL.KA,
2022-07-27 00:00:00+05:00,39.02654577362845,39.03260803222656,39.02654577362845,39.03260803222656,7000.0,0.0,0.0,0.0,ABL.KA,
2022-07-28 00:00:00+05:00,39.39625930786133,39.39625930786133,39.39625930786133,39.39625930786133,4000.0,0.0,0.0,0.0,ABL.KA,
2022-07-29 00:00:00+05:00,39.69325266467823,39.69325266467823,39.63870620727539,39.63870620727539,1000.0,0.0,0.0,0.0,ABL.KA,
2022-08-01 00:00:00+05:00,39.63869570826342,39.63869570826342,39.32958532574142,39.33564758300781,2000.0,0.0,0.0,0.0,ABL.KA,
2022-08-02 00:00:00+05:00,39.0932092666626,39.0932092666626,38.78410118744796,38.7901611328125,215500.0,0.0,0.0,0.0,ABL.KA,
2022-08-03 00:00:00+05:00,39.39625628322945,39.40231854049584,39.33564758300781,39.33564758300781,122000.0,0.0,0.0,0.0,ABL.KA,
2022-08-04 00:00:00+05:00,39.15382773712439,40.6084600673518,39.093219020062556,39.4871826171875,93500.0,0.0,0.0,0.0,ABL.KA,
2022-08-05 00:00:00+05:00,39.51747614372831,40.0023550239811,39.0932105916179,39.60232925415039,51000.0,0.0,0.0,0.0,ABL.KA,
2022-08-08 00:00:00+05:00,39.60232925415039,39.60232925415039,39.60232925415039,39.60232925415039,0.0,0.0,0.0,0.0,ABL.KA,
2022-08-09 00:00:00+05:00,39.60232925415039,39.60232925415039,39.60232925415039,39.60232925415039,0.0,0.0,0.0,0.0,ABL.KA,
2022-08-10 00:00:00+05:00,39.996295344594245,42.57220473567262,39.693247180937966,41.7479133605957,191000.0,0.0,0.0,0.0,ABL.KA,
2022-08-11 00:00:00+05:00,41.82065485449997,41.82065485449997,41.2145584073333,41.54185104370117,35500.0,0.0,0.0,0.0,ABL.KA,
2022-08-12 00:00:00+05:00,41.820642160198936,42.42067616599701,40.911497765412,42.33582305908203,15000.0,0.0,0.0,0.0,ABL.KA,
2022-08-15 00:00:00+05:00,42.72979153022053,42.72979153022053,41.917624662570525,42.56008529663086,19500.0,0.0,0.0,0.0,ABL.KA,
2022-08-16 00:00:00+05:00,43.02677661792342,43.02677661792342,42.12975665059639,42.42674255371094,14000.0,0.0,0.0,0.0,ABL.KA,
2022-08-17 00:00:00+05:00,42.426748194917174,43.548025615238835,41.675189950225956,42.06309127807617,34500.0,0.0,0.0,0.0,ABL.KA,
2022-08-18 00:00:00+05:00,42.12369187063322,42.12369187063322,41.36607151324773,41.444862365722656,7000.0,0.0,0.0,0.0,ABL.KA,
2022-08-19 00:00:00+05:00,41.82063963087342,42.123687744140625,41.82063963087342,42.123687744140625,2000.0,0.0,0.0,0.0,ABL.KA,
2022-08-22 00:00:00+05:00,41.2206084610516,41.51759433746338,41.21454620361328,41.21454620361328,6500.0,0.0,0.0,0.0,ABL.KA,
2022-08-23 00:00:00+05:00,42.184305374359546,42.24491408501724,41.002419332015684,41.52366256713867,2000.0,0.0,0.0,0.0,ABL.KA,
2022-08-24 00:00:00+05:00,41.82064384483228,41.82064384483228,41.57820440496024,41.584266662597656,20500.0,0.0,0.0,0.0,ABL.KA,
2022-08-25 00:00:00+05:00,41.28121716299211,41.51759433746338,41.06302213668823,41.21454620361328,6000.0,0.0,0.0,0.0,ABL.KA,
2022-08-26 00:00:00+05:00,41.82064273199993,42.42673900347819,41.5115323387847,41.553958892822266,132500.0,0.0,0.0,0.0,ABL.KA,
2022-08-29 00:00:00+05:00,41.2043465625142,41.82865484376442,41.2043465625142,41.497772216796875,24500.0,2.0,0.0,0.0,ABL.KA,
2022-08-30 00:00:00+05:00,42.446719576021465,42.446719576021465,41.27302169799805,41.27302169799805,11500.0,0.0,0.0,0.0,ABL.KA,
2022-08-31 00:00:00+05:00,41.27302169799805,41.27302169799805,41.27302169799805,41.27302169799805,0.0,0.0,0.0,0.0,ABL.KA,
2022-09-01 00:00:00+05:00,41.816166515452274,42.4529588017168,41.27301665136363,42.4217414855957,215000.0,0.0,0.0,0.0,ABL.KA,
2022-09-02 00:00:00+05:00,41.828655049554996,41.828655049554996,40.904676692997405,40.93589401245117,3500.0,0.0,0.0,0.0,ABL.KA,
2022-09-05 00:00:00+05:00,41.74125530487325,41.74125530487325,41.210594177246094,41.210594177246094,3000.0,0.0,0.0,0.0,ABL.KA,
2022-09-06 00:00:00+05:00,41.51650887409239,41.51650887409239,40.8922004699707,40.8922004699707,11000.0,0.0,0.0,0.0,ABL.KA,
2022-09-07 00:00:00+05:00,41.32920927778998,41.32920927778998,41.204349517822266,41.204349517822266,1000.0,0.0,0.0,0.0,ABL.KA,
2022-09-08 00:00:00+05:00,40.580043550590496,40.580043550590496,40.26788936943211,40.57379913330078,20500.0,0.0,0.0,0.0,ABL.KA,
2022-09-09 00:00:00+05:00,40.673686134066486,40.954622959936245,40.642468814261285,40.8984375,9000.0,0.0,0.0,0.0,ABL.KA,
2022-09-12 00:00:00+05:00,40.76733559484075,41.516503680836074,40.76733559484075,41.204349517822266,6500.0,0.0,0.0,0.0,ABL.KA,
2022-09-13 00:00:00+05:00,41.20435221609481,41.42285919189453,41.20435221609481,41.42285919189453,3000.0,0.0,0.0,0.0,ABL.KA,
2022-09-14 00:00:00+05:00,41.329210533957294,41.36042785644531,41.20435077019457,41.36042785644531,28000.0,0.0,0.0,0.0,ABL.KA,
2022-09-15 00:00:00+05:00,41.298000421011196,41.298000421011196,40.829769134521484,40.829769134521484,17500.0,0.0,0.0,0.0,ABL.KA,
2022-09-16 00:00:00+05:00,40.08683500072669,40.58003912473711,40.08683500072669,40.28661346435547,4500.0,0.0,0.0,0.0,ABL.KA,
2022-09-19 00:00:00+05:00,40.34281099487134,40.34281099487134,39.95573806762695,39.95573806762695,306500.0,0.0,0.0,0.0,ABL.KA,
2022-09-20 00:00:00+05:00,39.96197608741304,41.204348285381606,39.331423363318805,40.580039978027344,49500.0,0.0,0.0,0.0,ABL.KA,
2022-09-21 00:00:00+05:00,41.14191840726506,41.204348285381606,40.57379556128737,40.580039978027344,114500.0,0.0,0.0,0.0,ABL.KA,
2022-09-22 00:00:00+05:00,40.82976943065769,40.82976943065769,40.26789093017578,40.26789093017578,1500.0,0.0,0.0,0.0,ABL.KA,
2022-09-23 00:00:00+05:00,39.95573557455709,39.95573557455709,39.64358139038086,39.64358139038086,8500.0,0.0,0.0,0.0,ABL.KA,
2022-09-26 00:00:00+05:00,40.26164627075195,40.267890688246176,40.26164627075195,40.26164627075195,2000.0,0.0,0.0,0.0,ABL.KA,
2022-09-27 00:00:00+05:00,40.26789093017578,40.26789093017578,40.26789093017578,40.26789093017578,7000.0,0.0,0.0,0.0,ABL.KA,
2022-09-28 00:00:00+05:00,40.58004512343295,40.58004512343295,40.26164651264404,40.26789093017578,17500.0,0.0,0.0,0.0,ABL.KA,
2022-09-29 00:00:00+05:00,39.64358139038086,39.64358139038086,39.64358139038086,39.64358139038086,500.0,0.0,0.0,0.0,ABL.KA,
2022-09-30 00:00:00+05:00,40.26788058481365,40.51760482788086,40.26788058481365,40.51760482788086,1000.0,0.0,0.0,0.0,ABL.KA,
2022-10-03 00:00:00+05:00,40.36152736847086,40.36152736847086,39.58114209360906,39.83086395263672,10500.0,0.0,0.0,0.0,ABL.KA,
2022-10-04 00:00:00+05:00,40.58004303227409,40.58004303227409,39.64358050076007,39.81838607788086,11500.0,0.0,0.0,0.0,ABL.KA,
2022-10-05 00:00:00+05:00,40.2054557800293,40.2054557800293,39.81838291635578,40.2054557800293,1500.0,0.0,0.0,0.0,ABL.KA,
2022-10-06 00:00:00+05:00,39.64358139038086,39.64358139038086,39.64358139038086,39.64358139038086,2000.0,0.0,0.0,0.0,ABL.KA,
2022-10-07 00:00:00+05:00,39.649822758129666,40.57379884193767,39.649822758129666,39.77468490600586,10500.0,0.0,0.0,0.0,ABL.KA,
2022-10-10 00:00:00+05:00,39.77468490600586,39.77468490600586,39.77468490600586,39.77468490600586,0.0,0.0,0.0,0.0,ABL.KA,
2022-10-11 00:00:00+05:00,39.768445332487744,40.11181447424571,39.768445332487744,40.036895751953125,1500.0,0.0,0.0,0.0,ABL.KA,
2022-10-12 00:00:00+05:00,39.95573806762695,39.95573806762695,39.64358386397362,39.95573806762695,2000.0,0.0,0.0,0.0,ABL.KA,
2022-10-13 00:00:00+05:00,39.48750544703284,40.45518535136808,39.48750544703284,40.26789093017578,3000.0,0.0,0.0,0.0,ABL.KA,
2022-10-14 00:00:00+05:00,39.955731215399965,39.955731215399965,39.39385279256454,39.568660736083984,18500.0,0.0,0.0,0.0,ABL.KA,
2022-10-17 00:00:00+05:00,39.76843917734775,39.95573119099611,39.46877147920094,39.518714904785156,48500.0,0.0,0.0,0.0,ABL.KA,
2022-10-18 00:00:00+05:00,39.64358139038086,39.64358139038086,39.64358139038086,39.64358139038086,1000.0,0.0,0.0,0.0,ABL.KA,
2022-10-19 00:00:00+05:00,39.64358139038086,39.64358139038086,39.58115150616459,39.64358139038086,7500.0,0.0,0.0,0.0,ABL.KA,
2022-10-20 00:00:00+05:00,39.643584180818834,39.643584180818834,39.39385986328125,39.39385986328125,117500.0,0.0,0.0,0.0,ABL.KA,
2022-10-21 00:00:00+05:00,39.400092621037736,39.400092621037736,39.019264221191406,39.019264221191406,11000.0,0.0,0.0,0.0,ABL.KA,
2022-10-24 00:00:00+05:00,39.02551749285908,39.95573806762695,38.70712125301361,39.95573806762695,41000.0,0.0,0.0,0.0,ABL.KA,
2022-10-25 00:00:00+05:00,39.824625541499614,39.92451477050781,39.824625541499614,39.92451477050781,1000.0,0.0,0.0,0.0,ABL.KA,
2022-10-26 00:00:00+05:00,39.86208178428254,39.955728976690466,39.86208178428254,39.8932991027832,12500.0,0.0,0.0,0.0,ABL.KA,
2022-10-27 00:00:00+05:00,39.830870921952425,39.955733064087156,39.37512612747586,39.381370544433594,9000.0,0.0,0.0,0.0,ABL.KA,
2022-10-28 00:00:00+05:00,39.86209117250352,39.86209117250352,39.331429974670655,39.39385986328125,1500.0,0.0,0.0,0.0,ABL.KA,
2022-10-31 00:00:00+05:00,40.928348541259766,40.928348541259766,39.39385714323164,40.928348541259766,500.0,2.0,0.0,0.0,ABL.KA,
2022-11-01 00:00:00+05:00,39.651748932942695,41.25716228899426,39.651748932942695,40.6833381652832,568000.0,0.0,0.0,0.0,ABL.KA,
2022-11-02 00:00:00+05:00,40.92190170288086,40.92190170288086,40.92190170288086,40.92190170288086,1000.0,0.0,0.0,0.0,ABL.KA,
2022-11-03 00:00:00+05:00,40.909000396728516,40.909000396728516,40.909000396728516,40.909000396728516,2500.0,0.0,0.0,0.0,ABL.KA,
2022-11-04 00:00:00+05:00,41.070187191661844,41.070187191661844,40.45767999073816,40.618865966796875,269000.0,0.0,0.0,0.0,ABL.KA,
2022-11-07 00:00:00+05:00,40.61886389832139,41.1991343663842,40.61886389832139,40.767154693603516,13500.0,0.0,0.0,0.0,ABL.KA,
2022-11-08 00:00:00+05:00,40.76716105045414,41.26361420398622,40.76716105045414,40.94124221801758,705500.0,0.0,0.0,0.0,ABL.KA,
2022-11-09 00:00:00+05:00,40.94124221801758,40.94124221801758,40.94124221801758,40.94124221801758,0.0,0.0,0.0,0.0,ABL.KA,
2022-11-10 00:00:00+05:00,40.94768690034975,41.74717047502576,40.94768690034975,41.52151107788086,224500.0,0.0,0.0,0.0,ABL.KA,
2022-11-11 00:00:00+05:00,41.32808567817891,41.74717022407505,41.32808567817891,41.598876953125,207000.0,0.0,0.0,0.0,ABL.KA,
2022-11-14 00:00:00+05:00,41.908356803223064,41.908356803223064,41.424798840108956,41.46348190307617,30500.0,0.0,0.0,0.0,ABL.KA,
2022-11-15 00:00:00+05:00,41.90190984176703,41.908358658882435,41.424800674356874,41.469932556152344,29000.0,0.0,0.0,0.0,ABL.KA,
2022-11-16 00:00:00+05:00,41.27006349663042,41.469932556152344,41.10242868467316,41.469932556152344,3000.0,0.0,0.0,0.0,ABL.KA,
2022-11-17 00:00:00+05:00,41.58598849404863,41.81164791292823,41.27006530761719,41.27006530761719,4000.0,0.0,0.0,0.0,ABL.KA,
2022-11-18 00:00:00+05:00,41.26360915952617,41.843879647133114,41.26360915952617,41.6375617980957,6500.0,0.0,0.0,0.0,ABL.KA,
2022-11-21 00:00:00+05:00,41.58598192250674,41.58598192250674,40.94123801673144,41.03150177001953,21000.0,0.0,0.0,0.0,ABL.KA,
2022-11-22 00:00:00+05:00,40.94124353848971,41.90835952758789,40.93479718074377,41.90835952758789,216500.0,0.0,0.0,0.0,ABL.KA,
2022-11-23 00:00:00+05:00,41.585984488635695,41.585984488635695,41.52151107788086,41.52151107788086,2000.0,0.0,0.0,0.0,ABL.KA,
2022-11-24 00:00:00+05:00,41.52151107788086,41.52151107788086,41.52151107788086,41.52151107788086,0.0,0.0,0.0,0.0,ABL.KA,
2022-11-25 00:00:00+05:00,41.908353830655926,41.908353830655926,41.457035064697266,41.457035064697266,2000.0,0.0,0.0,0.0,ABL.KA,
2022-11-28 00:00:00+05:00,41.56019629458979,41.56019629458979,41.263614654541016,41.263614654541016,7500.0,0.0,0.0,0.0,ABL.KA,
2022-11-29 00:00:00+05:00,41.263614654541016,41.263614654541016,41.263614654541016,41.263614654541016,0.0,0.0,0.0,0.0,ABL.KA,
2022-11-30 00:00:00+05:00,41.26361084440798,41.26361084440798,40.94768524169922,40.94768524169922,3000.0,0.0,0.0,0.0,ABL.KA,
2022-12-01 00:00:00+05:00,41.263614654541016,41.58598664402962,41.263614654541016,41.263614654541016,61500.0,0.0,0.0,0.0,ABL.KA,
2022-12-02 00:00:00+05:00,41.30230132784037,41.30230132784037,41.10243225097656,41.10243225097656,305000.0,0.0,0.0,0.0,ABL.KA,
2022-12-05 00:00:00+05:00,41.10243225097656,41.10243225097656,41.10243225097656,41.10243225097656,2000.0,0.0,0.0,0.0,ABL.KA,
2022-12-06 00:00:00+05:00,41.10242341420014,41.16689682006836,41.10242341420014,41.16689682006836,206500.0,0.0,0.0,0.0,ABL.KA,
2022-12-07 00:00:00+05:00,41.10243225097656,41.26361825980392,41.10243225097656,41.10243225097656,124000.0,0.0,0.0,0.0,ABL.KA,
2022-12-08 00:00:00+05:00,41.10243225097656,41.10243225097656,41.10243225097656,41.10243225097656,105500.0,0.0,0.0,0.0,ABL.KA,
2022-12-09 00:00:00+05:00,41.10243225097656,41.134668960841374,41.10243225097656,41.10243225097656,6000.0,0.0,0.0,0.0,ABL.KA,
2022-12-12 00:00:00+05:00,41.10243225097656,41.10243225097656,41.10243225097656,41.10243225097656,500.0,0.0,0.0,0.0,ABL.KA,
2022-12-13 00:00:00+05:00,41.10243225097656,41.10243225097656,41.10243225097656,41.10243225097656,1000.0,0.0,0.0,0.0,ABL.KA,
2022-12-14 00:00:00+05:00,41.10243225097656,41.10243225097656,41.10243225097656,41.10243225097656,0.0,0.0,0.0,0.0,ABL.KA,
2022-12-15 00:00:00+05:00,41.10243225097656,41.10243225097656,41.10243225097656,41.10243225097656,0.0,0.0,0.0,0.0,ABL.KA,
2022-12-16 00:00:00+05:00,40.618865966796875,40.618865966796875,40.618865966796875,40.618865966796875,500.0,0.0,0.0,0.0,ABL.KA,
2022-12-19 00:00:00+05:00,40.61886905837651,40.61886905837651,37.62080869169514,39.928993225097656,8500.0,0.0,0.0,0.0,ABL.KA,
2022-12-20 00:00:00+05:00,39.68399084485432,39.97412612313251,39.65175413826854,39.90965270996094,7000.0,0.0,0.0,0.0,ABL.KA,
2022-12-21 00:00:00+05:00,40.038595469184365,40.65755148647198,39.980568419423115,40.618865966796875,110000.0,0.0,0.0,0.0,ABL.KA,
2022-12-22 00:00:00+05:00,40.62531082742827,40.63175964355469,40.61886447080458,40.63175964355469,12500.0,0.0,0.0,0.0,ABL.KA,
2022-12-23 00:00:00+05:00,40.618865966796875,40.618865966796875,40.618865966796875,40.618865966796875,7500.0,0.0,0.0,0.0,ABL.KA,
2022-12-26 00:00:00+05:00,40.934795860479554,40.94124221801758,40.780056225033256,40.94124221801758,38500.0,0.0,0.0,0.0,ABL.KA,
2022-12-27 00:00:00+05:00,40.94124221801758,40.94124221801758,40.94124221801758,40.94124221801758,500.0,0.0,0.0,0.0,ABL.KA,
2022-12-28 00:00:00+05:00,40.780062609142064,40.94124862736001,40.780062609142064,40.79940414428711,208500.0,0.0,0.0,0.0,ABL.KA,
2022-12-29 00:00:00+05:00,41.26361783596838,41.26361783596838,40.780059814453125,40.780059814453125,278000.0,0.0,0.0,0.0,ABL.KA,
2022-12-30 00:00:00+05:00,41.26361567220964,41.26361567220964,40.78005767605093,41.2442741394043,13000.0,0.0,0.0,0.0,ABL.KA,
2023-01-02 00:00:00+05:00,41.263614654541016,41.263614654541016,41.24427312221269,41.263614654541016,1500.0,0.0,0.0,0.0,ABL.KA,
2023-01-03 00:00:00+05:00,40.94123840247708,41.2636103584021,40.94123840247708,41.257164001464844,2500.0,0.0,0.0,0.0,ABL.KA,
2023-01-04 00:00:00+05:00,44.01666928041095,44.01666928041095,41.263614654541016,41.263614654541016,158000.0,0.0,0.0,0.0,ABL.KA,
2023-01-05 00:00:00+05:00,41.86967468261719,41.86967468261719,41.86967468261719,41.86967468261719,500.0,0.0,0.0,0.0,ABL.KA,
2023-01-06 00:00:00+05:00,41.263614654541016,41.263614654541016,41.263614654541016,41.263614654541016,1500.0,0.0,0.0,0.0,ABL.KA,
2023-01-09 00:00:00+05:00,41.747169019647146,41.747169019647146,41.26361107733463,41.42479705810547,5500.0,0.0,0.0,0.0,ABL.KA,
2023-01-10 00:00:00+05:00,41.42480045030932,41.42480045030932,41.26361445633925,41.308746337890625,41500.0,0.0,0.0,0.0,ABL.KA,
2023-01-11 00:00:00+05:00,41.308746337890625,41.308746337890625,41.308746337890625,41.308746337890625,0.0,0.0,0.0,0.0,ABL.KA,
2023-01-12 00:00:00+05:00,41.42479705810547,41.42479705810547,41.42479705810547,41.42479705810547,2500.0,0.0,0.0,0.0,ABL.KA,
2023-01-13 00:00:00+05:00,41.42479705810547,41.42479705810547,41.42479705810547,41.42479705810547,13000.0,0.0,0.0,0.0,ABL.KA,
2023-01-16 00:00:00+05:00,41.42479705810547,41.42479705810547,41.42479705810547,41.42479705810547,10500.0,0.0,0.0,0.0,ABL.KA,
2023-01-17 00:00:00+05:00,41.42479705810547,41.42479705810547,41.26361107733463,41.42479705810547,171000.0,0.0,0.0,0.0,ABL.KA,
2023-01-18 00:00:00+05:00,41.42479705810547,41.42479705810547,41.42479705810547,41.42479705810547,500.0,0.0,0.0,0.0,ABL.KA,
2023-01-19 00:00:00+05:00,41.42479705810547,41.42479705810547,41.42479705810547,41.42479705810547,0.0,0.0,0.0,0.0,ABL.KA,
2023-01-20 00:00:00+05:00,41.42479705810547,41.42479705810547,41.42479705810547,41.42479705810547,25000.0,0.0,0.0,0.0,ABL.KA,
2023-01-23 00:00:00+05:00,41.42479941342323,42.166255950927734,41.42479941342323,42.166255950927734,5500.0,0.0,0.0,0.0,ABL.KA,
2023-01-24 00:00:00+05:00,42.23072814941406,42.23072814941406,42.23072814941406,42.23072814941406,6000.0,0.0,0.0,0.0,ABL.KA,
2023-01-25 00:00:00+05:00,42.23072405533858,42.23072405533858,41.26360823727739,41.437686920166016,16500.0,0.0,0.0,0.0,ABL.KA,
2023-01-26 00:00:00+05:00,41.90835324651364,42.35967200618157,41.58598129846354,41.592430114746094,18500.0,0.0,0.0,0.0,ABL.KA,
2023-01-27 00:00:00+05:00,42.48218128759897,42.488630104848056,41.90835952758789,41.90835952758789,3500.0,0.0,0.0,0.0,ABL.KA,
2023-01-30 00:00:00+05:00,41.90835831247164,41.97283172607422,41.90835831247164,41.97283172607422,2000.0,0.0,0.0,0.0,ABL.KA,
2023-01-31 00:00:00+05:00,41.972830086117604,41.972830086117604,41.90835667503413,41.92124938964844,30000.0,0.0,0.0,0.0,ABL.KA,
2023-02-01 00:00:00+05:00,43.77166506395557,44.13272009108429,42.5853385925293,42.5853385925293,16500.0,0.0,0.0,0.0,ABL.KA,
2023-02-02 00:00:00+05:00,42.585339750953466,42.585339750953466,42.28230930822478,42.5531005859375,2500.0,0.0,0.0,0.0,ABL.KA,
2023-02-03 00:00:00+05:00,42.30165481567383,42.30165481567383,42.30165481567383,42.30165481567383,500.0,0.0,0.0,0.0,ABL.KA,
2023-02-06 00:00:00+05:00,42.5531033830929,42.572444915771484,42.5531033830929,42.572444915771484,1000.0,0.0,0.0,0.0,ABL.KA,
2023-02-07 00:00:00+05:00,44.3906162148248,44.422855377197266,44.3906162148248,44.422855377197266,1000.0,0.0,0.0,0.0,ABL.KA,
2023-02-08 00:00:00+05:00,43.19784164428711,43.19784164428711,43.19784164428711,43.19784164428711,1000.0,0.0,0.0,0.0,ABL.KA,
2023-02-09 00:00:00+05:00,43.19784164428711,43.520213596856415,42.875469691717804,43.19784164428711,26500.0,0.0,0.0,0.0,ABL.KA,
2023-02-10 00:00:00+05:00,40.78649586331322,43.17849747435921,40.328728308932135,41.173343658447266,15500.0,0.0,0.0,0.0,ABL.KA,
2023-02-13 00:00:00+05:00,41.334535724702896,41.457038651349556,41.26361349548704,41.29585266113281,15500.0,0.0,0.0,0.0,ABL.KA,
2023-02-14 00:00:00+05:00,41.263614654541016,41.263614654541016,41.263614654541016,41.263614654541016,2500.0,0.0,0.0,0.0,ABL.KA,
2023-02-15 00:00:00+05:00,41.27006354584797,41.882568359375,41.26361472872487,41.882568359375,3500.0,0.0,0.0,0.0,ABL.KA,
2023-02-16 00:00:00+05:00,40.747820912485025,43.77811817616962,40.747820912485025,41.27650833129883,11500.0,0.0,0.0,0.0,ABL.KA,
2023-02-17 00:00:00+05:00,41.585987531221825,42.54665470307093,41.585987531221825,41.90835952758789,76500.0,0.0,0.0,0.0,ABL.KA,
2023-02-20 00:00:00+05:00,41.90835952758789,41.90835952758789,41.90835952758789,41.90835952758789,13500.0,0.0,0.0,0.0,ABL.KA,
2023-02-21 00:00:00+05:00,44.16496222160473,44.16496222160473,41.97283172607422,41.97283172607422,2500.0,0.0,0.0,0.0,ABL.KA,
2023-02-22 00:00:00+05:00,42.23072814941406,42.23072814941406,42.23072814941406,42.23072814941406,1000.0,0.0,0.0,0.0,ABL.KA,
2023-02-23 00:00:00+05:00,42.230728082443584,43.83613911619498,42.230728082443584,42.6562614440918,22500.0,0.0,0.0,0.0,ABL.KA,
2023-02-24 00:00:00+05:00,42.55954940274188,42.617573996963486,42.5531005859375,42.5531005859375,7000.0,0.0,0.0,0.0,ABL.KA,
2023-02-27 00:00:00+05:00,42.5531005859375,42.64981316197946,42.5531005859375,42.5531005859375,8000.0,0.0,0.0,0.0,ABL.KA,
2023-02-28 00:00:00+05:00,42.5531005859375,43.13337112318329,42.5531005859375,42.5531005859375,6000.0,0.0,0.0,0.0,ABL.KA,
2023-03-01 00:00:00+05:00,43.7458759064391,43.77811507145507,39.36161755009159,42.5531005859375,22500.0,0.0,0.0,0.0,ABL.KA,
2023-03-02 00:00:00+05:00,42.62402281376787,42.62402281376787,42.5531005859375,42.5531005859375,42500.0,0.0,0.0,0.0,ABL.KA,
2023-03-03 00:00:00+05:00,42.87547468460894,43.13337326049805,42.87547468460894,43.13337326049805,2000.0,0.0,0.0,0.0,ABL.KA,
2023-03-06 00:00:00+05:00,43.20429501409743,43.20429501409743,42.57244375610631,42.60468292236328,2500.0,0.0,0.0,0.0,ABL.KA,
2023-03-07 00:00:00+05:00,42.5853385925293,42.5853385925293,42.5853385925293,42.5853385925293,500.0,0.0,0.0,0.0,ABL.KA,
2023-03-08 00:00:00+05:00,42.8754768371582,42.8754768371582,42.8754768371582,42.8754768371582,14000.0,0.0,0.0,0.0,ABL.KA,
2023-03-09 00:00:00+05:00,42.888364228730566,43.48797628276044,42.88192033108928,43.20429229736328,14000.0,0.0,0.0,0.0,ABL.KA,
2023-03-10 00:00:00+05:00,43.6813967368182,43.97152950768941,43.6813967368182,43.84258270263672,1538000.0,0.0,0.0,0.0,ABL.KA,
2023-03-13 00:00:00+05:00,45.125621613230635,45.125621613230635,42.90770606849144,43.84258270263672,2500.0,0.0,0.0,0.0,ABL.KA,
2023-03-14 00:00:00+05:00,43.23653030395508,43.23653030395508,43.23653030395508,43.23653030395508,1000.0,0.0,0.0,0.0,ABL.KA,
2023-03-15 00:00:00+05:00,43.23653030395508,43.23653030395508,43.23653030395508,43.23653030395508,0.0,0.0,0.0,0.0,ABL.KA,
2023-03-16 00:00:00+05:00,43.19784334631089,43.19784334631089,42.624021641649016,42.823890686035156,2500.0,0.0,0.0,0.0,ABL.KA,
2023-03-17 00:00:00+05:00,42.38172306939634,42.823897136753885,42.24103190153209,42.54251480102539,5500.0,2.5,0.0,0.0,ABL.KA,
2023-03-20 00:00:00+05:00,42.54251480102539,42.54251480102539,42.54251480102539,42.54251480102539,0.0,0.0,0.0,0.0,ABL.KA,
2023-03-21 00:00:00+05:00,42.54251480102539,42.54251480102539,42.54251480102539,42.54251480102539,0.0,0.0,0.0,0.0,ABL.KA,
2023-03-22 00:00:00+05:00,40.8877065961249,43.446956634521484,40.8877065961249,43.446956634521484,1500.0,0.0,0.0,0.0,ABL.KA,
2023-03-23 00:00:00+05:00,43.446956634521484,43.446956634521484,43.446956634521484,43.446956634521484,0.0,0.0,0.0,0.0,ABL.KA,
2023-03-24 00:00:00+05:00,42.00654363858095,42.00654363858095,41.87255096435547,41.87255096435547,1500.0,0.0,0.0,0.0,ABL.KA,
2023-03-27 00:00:00+05:00,41.20258712768555,41.20258712768555,41.20258712768555,41.20258712768555,500.0,0.0,0.0,0.0,ABL.KA,
2023-03-28 00:00:00+05:00,41.03509419678986,41.40357208251953,41.03509419678986,41.40357208251953,1500.0,0.0,0.0,0.0,ABL.KA,
2023-03-29 00:00:00+05:00,41.209282859893904,41.53086625526607,41.209282859893904,41.40357208251953,43500.0,0.0,0.0,0.0,ABL.KA,
2023-03-30 00:00:00+05:00,41.40357208251953,41.40357208251953,41.40357208251953,41.40357208251953,0.0,0.0,0.0,0.0,ABL.KA,
2023-03-31 00:00:00+05:00,41.53757095336914,41.53757095336914,41.40357827786389,41.53757095336914,23500.0,0.0,0.0,0.0,ABL.KA,
2023-04-03 00:00:00+05:00,41.611270087608204,42.50901775656376,41.611270087608204,42.35492706298828,1500.0,0.0,0.0,0.0,ABL.KA,
2023-04-04 00:00:00+05:00,42.20753636885946,42.20753636885946,41.537575474115656,41.57777404785156,16500.0,0.0,0.0,0.0,ABL.KA,
2023-04-05 00:00:00+05:00,41.571070116908565,41.571070116908565,41.537572585640355,41.55767059326172,1500.0,0.0,0.0,0.0,ABL.KA,
2023-04-06 00:00:00+05:00,41.711761474609375,41.711761474609375,41.711761474609375,41.711761474609375,500.0,0.0,0.0,0.0,ABL.KA,
2023-04-07 00:00:00+05:00,41.57106848332103,41.57106848332103,41.53757095336914,41.53757095336914,10500.0,0.0,0.0,0.0,ABL.KA,
2023-04-10 00:00:00+05:00,42.67650019579118,42.67650019579118,42.20752716064453,42.20752716064453,2000.0,0.0,0.0,0.0,ABL.KA,
2023-04-11 00:00:00+05:00,42.609502587514555,42.643002669501584,41.87924526933264,42.20752716064453,8000.0,0.0,0.0,0.0,ABL.KA,
2023-04-12 00:00:00+05:00,42.37502315317602,42.67650604248047,42.207532943084416,42.67650604248047,20500.0,0.0,0.0,0.0,ABL.KA,
2023-04-13 00:00:00+05:00,42.542511111184524,42.54920959472656,42.542511111184524,42.54920959472656,1500.0,0.0,0.0,0.0,ABL.KA,
2023-04-14 00:00:00+05:00,42.54920959472656,42.54920959472656,42.54920959472656,42.54920959472656,0.0,0.0,0.0,0.0,ABL.KA,
2023-04-17 00:00:00+05:00,42.54920959472656,42.54920959472656,42.54920959472656,42.54920959472656,0.0,0.0,0.0,0.0,ABL.KA,
2023-04-18 00:00:00+05:00,42.54251031453935,42.57600784301758,42.54251031453935,42.57600784301758,1500.0,0.0,0.0,0.0,ABL.KA,
2023-04-19 00:00:00+05:00,42.57600784301758,42.57600784301758,42.57600784301758,42.57600784301758,0.0,0.0,0.0,0.0,ABL.KA,
2023-04-20 00:00:00+05:00,42.643001556396484,42.643001556396484,42.643001556396484,42.643001556396484,500.0,0.0,0.0,0.0,ABL.KA,
2023-04-21 00:00:00+05:00,42.643001556396484,42.643001556396484,42.643001556396484,42.643001556396484,0.0,0.0,0.0,0.0,ABL.KA,
2023-04-24 00:00:00+05:00,42.643001556396484,42.643001556396484,42.643001556396484,42.643001556396484,0.0,0.0,0.0,0.0,ABL.KA,
2023-04-25 00:00:00+05:00,42.643001556396484,42.643001556396484,42.643001556396484,42.643001556396484,0.0,0.0,0.0,0.0,ABL.KA,
2023-04-26 00:00:00+05:00,41.54426821034989,42.87079284741439,41.54426821034989,41.825653076171875,29500.0,0.0,0.0,0.0,ABL.KA,
2023-04-27 00:00:00+05:00,42.5425126917222,42.71000289916992,42.5425126917222,42.71000289916992,4500.0,0.0,0.0,0.0,ABL.KA,
2023-04-28 00:00:00+05:00,43.48044957034452,43.48044957034452,42.609498633452624,42.69659423828125,10500.0,0.0,0.0,0.0,ABL.KA,
2023-05-01 00:00:00+05:00,42.69659423828125,42.69659423828125,42.69659423828125,42.69659423828125,0.0,0.0,0.0,0.0,ABL.KA,
2023-05-02 00:00:00+05:00,42.87748748189931,45.88560978186076,42.87748748189931,45.45013427734375,41000.0,0.0,0.0,0.0,ABL.KA,
2023-05-03 00:00:00+05:00,45.28935067716051,45.28935067716051,44.384904587098724,44.40500259399414,6500.0,0.0,0.0,0.0,ABL.KA,
2023-05-04 00:00:00+05:00,44.88737353368662,44.954368591308594,44.21741273467637,44.954368591308594,509000.0,0.0,0.0,0.0,ABL.KA,
2023-05-05 00:00:00+05:00,44.90077615258611,45.4903450012207,44.88737918393346,45.4903450012207,5500.0,0.0,0.0,0.0,ABL.KA,
2023-05-08 00:00:00+05:00,46.046795456537694,46.046795456537694,45.21211242675781,45.21211242675781,11000.0,2.5,0.0,0.0,ABL.KA,
2023-05-09 00:00:00+05:00,45.21211242675781,45.219069622261806,45.21211242675781,45.21211242675781,69000.0,0.0,0.0,0.0,ABL.KA,
2023-05-10 00:00:00+05:00,45.21906661987305,45.21906661987305,45.21906661987305,45.21906661987305,38500.0,0.0,0.0,0.0,ABL.KA,
2023-05-11 00:00:00+05:00,45.21906661987305,45.21906661987305,45.21906661987305,45.21906661987305,0.0,0.0,0.0,0.0,ABL.KA,
2023-05-12 00:00:00+05:00,45.21906225481633,45.3859977722168,45.21210506044585,45.3859977722168,2500.0,0.0,0.0,0.0,ABL.KA,
2023-05-15 00:00:00+05:00,45.699007113708475,45.90768051147461,45.55989505305435,45.90768051147461,7500.0,0.0,0.0,0.0,ABL.KA,
2023-05-16 00:00:00+05:00,45.55989456176758,45.55989456176758,45.55989456176758,45.55989456176758,1000.0,0.0,0.0,0.0,ABL.KA,
2023-05-17 00:00:00+05:00,45.55989456176758,45.55989456176758,45.55989456176758,45.55989456176758,3500.0,0.0,0.0,0.0,ABL.KA,
2023-05-18 00:00:00+05:00,45.56685175676075,45.56685175676075,45.55989456176758,45.55989456176758,14000.0,0.0,0.0,0.0,ABL.KA,
2023-05-19 00:00:00+05:00,46.255469591734915,47.73703385017031,45.55989862043063,47.3336067199707,6000.0,0.0,0.0,0.0,ABL.KA,
2023-05-22 00:00:00+05:00,45.55989456176758,45.55989456176758,45.55989456176758,45.55989456176758,500.0,0.0,0.0,0.0,ABL.KA,
2023-05-23 00:00:00+05:00,47.124928764674976,47.99439239501953,47.124928764674976,47.99439239501953,12000.0,0.0,0.0,0.0,ABL.KA,
2023-05-24 00:00:00+05:00,48.30044937133789,48.30044937133789,48.30044937133789,48.30044937133789,1000.0,0.0,0.0,0.0,ABL.KA,
2023-05-25 00:00:00+05:00,46.95103403347642,47.29881947076143,46.603248596191406,46.603248596191406,9500.0,0.0,0.0,0.0,ABL.KA,
2023-05-26 00:00:00+05:00,48.168286286156956,48.168286286156956,46.60325171368254,46.61716079711914,9000.0,0.0,0.0,0.0,ABL.KA,
2023-05-29 00:00:00+05:00,46.603248596191406,46.603248596191406,46.603248596191406,46.603248596191406,500.0,0.0,0.0,0.0,ABL.KA,
2023-05-30 00:00:00+05:00,46.74236064839156,46.74236064839156,46.603248596191406,46.603248596191406,13000.0,0.0,0.0,0.0,ABL.KA,
2023-05-31 00:00:00+05:00,46.6102057908368,46.6102057908368,46.603248596191406,46.603248596191406,7000.0,0.0,0.0,0.0,ABL.KA,
2023-06-01 00:00:00+05:00,46.6102057908368,46.6102057908368,46.603248596191406,46.603248596191406,6500.0,0.0,0.0,0.0,ABL.KA,
2023-06-02 00:00:00+05:00,46.603248596191406,46.62411487334297,46.603248596191406,46.603248596191406,11500.0,0.0,0.0,0.0,ABL.KA,
2023-06-05 00:00:00+05:00,46.60324652626457,46.63802719116211,46.60324652626457,46.63802719116211,1500.0,0.0,0.0,0.0,ABL.KA,
2023-06-06 00:00:00+05:00,46.610209836298615,46.951038108519896,46.60325264104938,46.64498519897461,4500.0,0.0,0.0,0.0,ABL.KA,
2023-06-07 00:00:00+05:00,46.63803701123148,46.63803701123148,46.60325633901056,46.624122619628906,7000.0,0.0,0.0,0.0,ABL.KA,
2023-06-08 00:00:00+05:00,46.603248596191406,46.77714131483391,46.603248596191406,46.603248596191406,26000.0,0.0,0.0,0.0,ABL.KA,
2023-06-09 00:00:00+05:00,46.603248596191406,46.6102057908368,46.603248596191406,46.603248596191406,138500.0,0.0,0.0,0.0,ABL.KA,
2023-06-12 00:00:00+05:00,45.212109594634086,45.90768051147461,45.212109594634086,45.90768051147461,1000.0,0.0,0.0,0.0,ABL.KA,
2023-06-13 00:00:00+05:00,46.603248596191406,46.603248596191406,46.603248596191406,46.603248596191406,243500.0,0.0,0.0,0.0,ABL.KA,
2023-06-14 00:00:00+05:00,46.603248596191406,46.603248596191406,46.603248596191406,46.603248596191406,9000.0,0.0,0.0,0.0,ABL.KA,
2023-06-15 00:00:00+05:00,46.603248596191406,46.603248596191406,46.59629140154601,46.603248596191406,157500.0,0.0,0.0,0.0,ABL.KA,
2023-06-16 00:00:00+05:00,46.60325159816972,46.60325159816972,46.59629440307617,46.59629440307617,251500.0,0.0,0.0,0.0,ABL.KA,
2023-06-19 00:00:00+05:00,47.29882315187472,47.29882315187472,46.603252223170685,47.22926712036133,1044500.0,0.0,0.0,0.0,ABL.KA,
2023-06-20 00:00:00+05:00,45.91463721143073,45.91463721143073,45.55989456176758,45.55989456176758,1000.0,0.0,0.0,0.0,ABL.KA,
2023-06-21 00:00:00+05:00,45.55989456176758,45.55989456176758,45.55989456176758,45.55989456176758,0.0,0.0,0.0,0.0,ABL.KA,
2023-06-22 00:00:00+05:00,45.62945556640625,45.62945556640625,45.62945556640625,45.62945556640625,500.0,0.0,0.0,0.0,ABL.KA,
2023-06-23 00:00:00+05:00,45.559893865009315,45.671187756058416,45.559893865009315,45.57380294799805,19000.0,0.0,0.0,0.0,ABL.KA,
2023-06-26 00:00:00+05:00,45.57380294799805,45.57380294799805,45.57380294799805,45.57380294799805,0.0,0.0,0.0,0.0,ABL.KA,
2023-06-27 00:00:00+05:00,46.603248596191406,46.603248596191406,46.603248596191406,46.603248596191406,17500.0,0.0,0.0,0.0,ABL.KA,
2023-06-28 00:00:00+05:00,46.603248596191406,46.603248596191406,46.603248596191406,46.603248596191406,0.0,0.0,0.0,0.0,ABL.KA,
2023-06-29 00:00:00+05:00,46.603248596191406,46.603248596191406,46.603248596191406,46.603248596191406,0.0,0.0,0.0,0.0,ABL.KA,
2023-06-30 00:00:00+05:00,46.603248596191406,46.603248596191406,46.603248596191406,46.603248596191406,0.0,0.0,0.0,0.0,ABL.KA,
2023-07-03 00:00:00+05:00,47.64660523893342,47.64660523893342,47.31272888183594,47.31272888183594,1000.0,0.0,0.0,0.0,ABL.KA,
2023-07-04 00:00:00+05:00,48.06394423662643,48.06394423662643,46.63802719116211,46.63802719116211,2000.0,0.0,0.0,0.0,ABL.KA,
2023-07-05 00:00:00+05:00,47.291865467084236,47.29882266219906,46.8814811706543,46.8814811706543,2000.0,0.0,0.0,0.0,ABL.KA,
2023-07-06 00:00:00+05:00,46.64498240921319,47.88309775027293,46.64498240921319,47.472713470458984,6000.0,0.0,0.0,0.0,ABL.KA,
2023-07-07 00:00:00+05:00,47.64660446759677,47.64660446759677,47.570091247558594,47.570091247558594,131000.0,0.0,0.0,0.0,ABL.KA,
2023-07-10 00:00:00+05:00,47.646610678058785,50.77667999267578,47.646610678058785,50.77667999267578,36000.0,0.0,0.0,0.0,ABL.KA,
2023-07-11 00:00:00+05:00,49.733319356441626,50.08110480648668,47.305778401026956,49.64984893798828,19500.0,0.0,0.0,0.0,ABL.KA,
2023-07-12 00:00:00+05:00,50.70711883199497,50.70711883199497,50.421932220458984,50.421932220458984,1500.0,0.0,0.0,0.0,ABL.KA,
2023-07-13 00:00:00+05:00,50.42888918206554,50.42888918206554,48.00830016634112,48.55084991455078,12000.0,0.0,0.0,0.0,ABL.KA,
2023-07-14 00:00:00+05:00,48.68997278347821,49.42032449794474,48.68997278347821,49.38554382324219,21000.0,0.0,0.0,0.0,ABL.KA,
2023-07-17 00:00:00+05:00,50.41497733161769,52.160856336913206,50.41497733161769,50.42888641357422,24000.0,0.0,0.0,0.0,ABL.KA,
2023-07-18 00:00:00+05:00,50.0810999303431,50.776670762708974,49.38552909797722,49.733314514160156,33500.0,0.0,0.0,0.0,ABL.KA,
2023-07-19 00:00:00+05:00,49.392497319701576,50.428896605416405,49.392497319701576,49.67072677612305,16500.0,0.0,0.0,0.0,ABL.KA,
2023-07-20 00:00:00+05:00,50.081114863006164,50.081114863006164,49.38554382324219,49.38554382324219,20000.0,0.0,0.0,0.0,ABL.KA,
2023-07-21 00:00:00+05:00,48.7108300664868,50.776676522016054,48.68996378823457,49.5246467590332,77000.0,0.0,0.0,0.0,ABL.KA,
2023-07-24 00:00:00+05:00,49.55943298339844,49.55943298339844,49.38554023608827,49.55943298339844,13500.0,0.0,0.0,0.0,ABL.KA,
2023-07-25 00:00:00+05:00,51.12446224695682,51.12446224695682,49.733320417107656,49.8306999206543,19500.0,0.0,0.0,0.0,ABL.KA,
2023-07-26 00:00:00+05:00,49.420320681807866,49.90026105357058,49.385540009791,49.5177001953125,8000.0,0.0,0.0,0.0,ABL.KA,
2023-07-27 00:00:00+05:00,49.5177001953125,49.5177001953125,49.5177001953125,49.5177001953125,0.0,0.0,0.0,0.0,ABL.KA,
2023-07-28 00:00:00+05:00,49.5177001953125,49.5177001953125,49.5177001953125,49.5177001953125,0.0,0.0,0.0,0.0,ABL.KA,
2023-07-31 00:00:00+05:00,49.399438987653745,50.17848024308846,49.38552990576402,49.740272521972656,24000.0,0.0,0.0,0.0,ABL.KA,
2023-08-01 00:00:00+05:00,49.39249445601059,50.25500094480356,49.39249445601059,50.10197448730469,10500.0,0.0,0.0,0.0,ABL.KA,
2023-08-02 00:00:00+05:00,50.11589027118507,50.776680566806085,49.88635057855596,50.47758483886719,29500.0,0.0,0.0,0.0,ABL.KA,
2023-08-03 00:00:00+05:00,50.08805712456636,50.15065595222283,49.733314514160156,49.733314514160156,18500.0,0.0,0.0,0.0,ABL.KA,
2023-08-04 00:00:00+05:00,49.399442410495745,49.59420671793775,49.399442410495745,49.54551696777344,5000.0,0.0,0.0,0.0,ABL.KA,
2023-08-07 00:00:00+05:00,50.408034100780974,50.408034100780974,49.38554382324219,49.38554382324219,38000.0,0.0,0.0,0.0,ABL.KA,
2023-08-08 00:00:00+05:00,49.385533700080444,49.385533700080444,48.6969199977678,48.82907485961914,16500.0,0.0,0.0,0.0,ABL.KA,
2023-08-09 00:00:00+05:00,49.38552909797722,50.32454866031429,49.38552909797722,49.733314514160156,19000.0,0.0,0.0,0.0,ABL.KA,
2023-08-10 00:00:00+05:00,51.11751422635444,51.11751422635444,49.38554382324219,49.38554382324219,1500.0,0.0,0.0,0.0,ABL.KA,
2023-08-11 00:00:00+05:00,51.159242645923285,51.159242645923285,48.703872871474424,49.5246467590332,1500.0,0.0,0.0,0.0,ABL.KA,
2023-08-14 00:00:00+05:00,49.5246467590332,49.5246467590332,49.5246467590332,49.5246467590332,0.0,0.0,0.0,0.0,ABL.KA,
2023-08-15 00:00:00+05:00,49.455099865861406,49.455099865861406,49.38554382324219,49.38554382324219,12000.0,0.0,0.0,0.0,ABL.KA,
2023-08-16 00:00:00+05:00,49.38554382324219,49.38554382324219,49.38554382324219,49.38554382324219,0.0,0.0,0.0,0.0,ABL.KA,
2023-08-17 00:00:00+05:00,50.081114863006164,50.081114863006164,49.0377583033602,49.38554382324219,16500.0,0.0,0.0,0.0,ABL.KA,
2023-08-18 00:00:00+05:00,49.38554023608827,50.08111122532895,48.68996924684759,49.55943298339844,14000.0,0.0,0.0,0.0,ABL.KA,
2023-08-21 00:00:00+05:00,49.03774642944336,50.3871556180133,49.03078923483027,49.03774642944336,18500.0,0.0,0.0,0.0,ABL.KA,
2023-08-22 00:00:00+05:00,49.37857801784079,49.3855352129255,48.689964294433594,48.689964294433594,104500.0,0.0,0.0,0.0,ABL.KA,
2023-08-23 00:00:00+05:00,48.696921489518296,48.7664775200105,48.689964294433594,48.689964294433594,289500.0,0.0,0.0,0.0,ABL.KA,
2023-08-24 00:00:00+05:00,49.24642630421309,49.35771489876721,48.68996741108655,48.70387649536133,52500.0,0.0,0.0,0.0,ABL.KA,
2023-08-25 00:00:00+05:00,49.0377549841582,49.73332597684129,48.68996948781665,49.19773864746094,188500.0,0.0,0.0,0.0,ABL.KA,
2023-08-28 00:00:00+05:00,50.57495197114156,50.57495197114156,49.75294719668601,50.11347579956055,69000.0,2.5,0.0,0.0,ABL.KA,
2023-08-29 00:00:00+05:00,49.76015705836471,50.113473532856375,49.75294494628906,49.75294494628906,256000.0,0.0,0.0,0.0,ABL.KA,
2023-08-30 00:00:00+05:00,49.75294494628906,49.78900000543766,49.75294494628906,49.75294494628906,77500.0,0.0,0.0,0.0,ABL.KA,
2023-08-31 00:00:00+05:00,49.75294719668601,50.11347579956055,49.75294719668601,50.11347579956055,62500.0,0.0,0.0,0.0,ABL.KA,
2023-09-01 00:00:00+05:00,50.47400211942369,50.47400211942369,49.75294494628906,49.75294494628906,300000.0,0.0,0.0,0.0,ABL.KA,
2023-09-04 00:00:00+05:00,49.839473724365234,49.839473724365234,49.83226161229872,49.839473724365234,1000.0,0.0,0.0,0.0,ABL.KA,
2023-09-05 00:00:00+05:00,52.52180185053579,52.52180185053579,49.75294494628906,49.75294494628906,2500.0,0.0,0.0,0.0,ABL.KA,
2023-09-06 00:00:00+05:00,50.834529876708984,50.834529876708984,50.474001296023104,50.834529876708984,3500.0,0.0,0.0,0.0,ABL.KA,
2023-09-07 00:00:00+05:00,50.474001420531714,50.474001420531714,49.752944257381266,49.81783676147461,3000.0,0.0,0.0,0.0,ABL.KA,
2023-09-08 00:00:00+05:00,50.47400665283203,50.47400665283203,49.039104289760246,50.47400665283203,9000.0,0.0,0.0,0.0,ABL.KA,
2023-09-11 00:00:00+05:00,50.47400665283203,50.47400665283203,50.47400665283203,50.47400665283203,2000.0,0.0,0.0,0.0,ABL.KA,
2023-09-12 00:00:00+05:00,50.47400665283203,50.48121876555545,50.47400665283203,50.47400665283203,1500.0,0.0,0.0,0.0,ABL.KA,
2023-09-13 00:00:00+05:00,50.4812126159668,50.51005556211669,50.47400050412195,50.4812126159668,6500.0,0.0,0.0,0.0,ABL.KA,
2023-09-14 00:00:00+05:00,50.47400665283203,50.47400665283203,50.47400665283203,50.47400665283203,5000.0,0.0,0.0,0.0,ABL.KA,
2023-09-15 00:00:00+05:00,50.47400665283203,50.47400665283203,50.47400665283203,50.47400665283203,1500.0,0.0,0.0,0.0,ABL.KA,
2023-09-18 00:00:00+05:00,50.47400665283203,50.47400665283203,50.47400665283203,50.47400665283203,0.0,0.0,0.0,0.0,ABL.KA,
2023-09-19 00:00:00+05:00,50.474003670434115,50.48842239379883,50.474003670434115,50.48842239379883,6000.0,0.0,0.0,0.0,ABL.KA,
2023-09-20 00:00:00+05:00,50.48842239379883,50.48842239379883,50.48842239379883,50.48842239379883,0.0,0.0,0.0,0.0,ABL.KA,
2023-09-21 00:00:00+05:00,50.510061715218974,50.510061715218974,50.47400665283203,50.47400665283203,130000.0,0.0,0.0,0.0,ABL.KA,
2023-09-22 00:00:00+05:00,52.2045332522423,52.2045332522423,50.47399517458227,50.531681060791016,266000.0,0.0,0.0,0.0,ABL.KA,
2023-09-25 00:00:00+05:00,50.47400207699229,51.18784713745117,50.47400207699229,51.18784713745117,81000.0,0.0,0.0,0.0,ABL.KA,
2023-09-26 00:00:00+05:00,51.26716548500926,51.26716548500926,50.48842239379883,50.48842239379883,1500.0,0.0,0.0,0.0,ABL.KA,
2023-09-27 00:00:00+05:00,50.48842239379883,50.48842239379883,50.48842239379883,50.48842239379883,0.0,0.0,0.0,0.0,ABL.KA,
2023-09-28 00:00:00+05:00,50.48842239379883,50.48842239379883,50.48842239379883,50.48842239379883,0.0,0.0,0.0,0.0,ABL.KA,
2023-09-29 00:00:00+05:00,50.48842239379883,50.48842239379883,50.48842239379883,50.48842239379883,0.0,0.0,0.0,0.0,ABL.KA,
2023-10-02 00:00:00+05:00,51.1950569152832,51.1950569152832,51.1950569152832,51.1950569152832,1500.0,0.0,0.0,0.0,ABL.KA,
2023-10-03 00:00:00+05:00,50.59657890215264,51.916114807128906,50.59657890215264,51.916114807128906,31000.0,0.0,0.0,0.0,ABL.KA,
2023-10-04 00:00:00+05:00,50.69753641787507,51.555596355372245,50.474010417846955,50.9787483215332,19500.0,0.0,0.0,0.0,ABL.KA,
2023-10-05 00:00:00+05:00,51.12295913696289,51.12295913696289,51.12295913696289,51.12295913696289,500.0,0.0,0.0,0.0,ABL.KA,
2023-10-06 00:00:00+05:00,50.8345337124344,50.8345337124344,50.474005104544794,50.553321838378906,9500.0,0.0,0.0,0.0,ABL.KA,
2023-10-09 00:00:00+05:00,50.47400127529976,50.69032062411431,50.47400127529976,50.58216094970703,2500.0,0.0,0.0,0.0,ABL.KA,
2023-10-10 00:00:00+05:00,50.58216714760972,50.76243145996668,50.517269134521484,50.517269134521484,9000.0,0.0,0.0,0.0,ABL.KA,
2023-10-11 00:00:00+05:00,50.69032361903102,51.05085222086984,50.474004257435766,50.82011413574219,34000.0,0.0,0.0,0.0,ABL.KA,
2023-10-12 00:00:00+05:00,50.82011413574219,50.82011413574219,50.82011413574219,50.82011413574219,0.0,0.0,0.0,0.0,ABL.KA,
2023-10-13 00:00:00+05:00,51.18785616616096,51.84402094948895,50.65427530471917,51.505123138427734,37500.0,0.0,0.0,0.0,ABL.KA,
2023-10-16 00:00:00+05:00,51.90890784956384,53.538498710941624,51.836803227640225,53.35823440551758,100500.0,0.0,0.0,0.0,ABL.KA,
2023-10-17 00:00:00+05:00,51.73585207861982,52.63717354340414,51.71422124366174,51.80795669555664,53000.0,0.0,0.0,0.0,ABL.KA,
2023-10-18 00:00:00+05:00,51.55558625885117,51.55558625885117,50.83452910837773,51.014793395996094,55000.0,0.0,0.0,0.0,ABL.KA,
2023-10-19 00:00:00+05:00,51.916114807128906,51.916114807128906,51.916114807128906,51.916114807128906,2000.0,0.0,0.0,0.0,ABL.KA,
2023-10-20 00:00:00+05:00,51.916114807128906,51.916114807128906,51.916114807128906,51.916114807128906,0.0,0.0,0.0,0.0,ABL.KA,
2023-10-23 00:00:00+05:00,51.916114807128906,51.95216986512565,51.908902695283665,51.916114807128906,5000.0,0.0,0.0,0.0,ABL.KA,
2023-10-24 00:00:00+05:00,51.916114097678424,52.60111618041992,51.916114097678424,52.60111618041992,2000.0,0.0,0.0,0.0,ABL.KA,
2023-10-25 00:00:00+05:00,51.23832441333719,53.35823440551758,51.23832441333719,53.35823440551758,30500.0,0.0,0.0,0.0,ABL.KA,
2023-10-26 00:00:00+05:00,53.35823440551758,53.35823440551758,53.35823440551758,53.35823440551758,4000.0,0.0,0.0,0.0,ABL.KA,
2023-10-27 00:00:00+05:00,53.97113784185234,54.403771121903596,52.34875891573715,54.36772155761719,10500.0,0.0,0.0,0.0,ABL.KA,
2023-10-30 00:00:00+05:00,53.7187614440918,53.7187614440918,53.7187614440918,53.7187614440918,500.0,0.0,0.0,0.0,ABL.KA,
2023-10-31 00:00:00+05:00,54.43982618742063,54.98061916279235,53.40871402766264,54.36772155761719,28500.0,0.0,0.0,0.0,ABL.KA,
2023-11-01 00:00:00+05:00,54.259552777608235,54.72824104470395,54.079288482666016,54.079288482666016,5000.0,0.0,0.0,0.0,ABL.KA,
2023-11-02 00:00:00+05:00,53.71875989278157,54.079288482666016,53.71875989278157,54.079288482666016,3500.0,0.0,0.0,0.0,ABL.KA,
2023-11-03 00:00:00+05:00,53.39428630713364,55.15366208311319,53.39428630713364,54.699398040771484,20500.0,0.0,0.0,0.0,ABL.KA,
2023-11-06 00:00:00+05:00,54.80450742443657,55.47267150878906,54.80450742443657,55.47267150878906,2500.0,3.0,0.0,0.0,ABL.KA,
2023-11-07 00:00:00+05:00,55.18738730505764,55.18738730505764,54.43664066240644,55.17987823486328,8500.0,0.0,0.0,0.0,ABL.KA,
2023-11-08 00:00:00+05:00,55.17987602233887,56.56875611000578,55.17987602233887,56.30599594116211,15500.0,0.0,0.0,0.0,ABL.KA,
2023-11-09 00:00:00+05:00,56.30599594116211,56.30599594116211,56.30599594116211,56.30599594116211,0.0,0.0,0.0,0.0,ABL.KA,
2023-11-10 00:00:00+05:00,57.05674062722669,57.80748721442704,57.05674062722669,57.61980056762695,24500.0,0.0,0.0,0.0,ABL.KA,
2023-11-13 00:00:00+05:00,58.55824230563256,58.93361565374559,58.18286895751953,58.18286895751953,26000.0,0.0,0.0,0.0,ABL.KA,
2023-11-14 00:00:00+05:00,55.64533177305639,57.88255310058594,55.562749201126664,57.88255310058594,5500.0,0.0,0.0,0.0,ABL.KA,
2023-11-15 00:00:00+05:00,57.99517581939697,58.933609085083006,55.637831914213024,56.30599594116211,51500.0,0.0,0.0,0.0,ABL.KA,
2023-11-16 00:00:00+05:00,56.351030843205486,60.53268864774599,56.30598788577408,59.2489128112793,200000.0,0.0,0.0,0.0,ABL.KA,
2023-11-17 00:00:00+05:00,59.759419321277704,60.660318543854444,57.88255310058594,57.88255310058594,14000.0,0.0,0.0,0.0,ABL.KA,
2023-11-20 00:00:00+05:00,57.06424279511981,58.520687103271484,57.06424279511981,58.520687103271484,1500.0,0.0,0.0,0.0,ABL.KA,
2023-11-21 00:00:00+05:00,56.793982388559314,59.90207290649414,56.793982388559314,59.90207290649414,2000.0,0.0,0.0,0.0,ABL.KA,
2023-11-22 00:00:00+05:00,57.281963385345996,58.918591074291356,57.281963385345996,57.8074836730957,16500.0,0.0,0.0,0.0,ABL.KA,
2023-11-23 00:00:00+05:00,59.046225735012634,61.56122589111329,57.88256612524217,61.56122589111328,525500.0,0.0,0.0,0.0,ABL.KA,
2023-11-24 00:00:00+05:00,57.890069013847324,61.561219317358244,57.890069013847324,59.68435287475586,43000.0,0.0,0.0,0.0,ABL.KA,
2023-11-27 00:00:00+05:00,60.05222654549963,61.37354233282443,59.12130224721619,61.088260650634766,106500.0,0.0,0.0,0.0,ABL.KA,
2023-11-28 00:00:00+05:00,61.74891127872506,63.81346454336328,61.5612246183034,61.8540153503418,122000.0,0.0,0.0,0.0,ABL.KA,
2023-11-29 00:00:00+05:00,62.30446354384946,64.5642125882045,60.059732640190234,63.85100555419922,162500.0,0.0,0.0,0.0,ABL.KA,
2023-11-30 00:00:00+05:00,64.93956993764301,64.93956993764301,62.31946634970676,63.047691345214844,5000.0,0.0,0.0,0.0,ABL.KA,
2023-12-01 00:00:00+05:00,63.3630077487266,64.56420104115327,63.3630077487266,64.11375427246094,32000.0,0.0,0.0,0.0,ABL.KA,
2023-12-04 00:00:00+05:00,64.18883774916661,65.3149577096783,63.43809110882548,64.3089599609375,141500.0,0.0,0.0,0.0,ABL.KA,
2023-12-05 00:00:00+05:00,62.40206868261123,63.81347043735591,62.38705054085468,63.6182746887207,15500.0,0.0,0.0,0.0,ABL.KA,
2023-12-06 00:00:00+05:00,63.15281288565173,64.19635031431883,63.062721221918785,63.32548141479492,10500.0,0.0,0.0,0.0,ABL.KA,
2023-12-07 00:00:00+05:00,64.26391345558176,66.77891364080179,63.32548012320544,66.4335708618164,69500.0,0.0,0.0,0.0,ABL.KA,
2023-12-08 00:00:00+05:00,67.48461588675703,68.31794512618593,66.17831831998024,67.95008087158203,70500.0,0.0,0.0,0.0,ABL.KA,
2023-12-11 00:00:00+05:00,67.56719048880707,68.31793704979383,66.81644392782033,67.31944274902344,34000.0,0.0,0.0,0.0,ABL.KA,
2023-12-12 00:00:00+05:00,66.40354114687986,66.82396317996151,64.60175370814521,66.2083511352539,48500.0,0.0,0.0,0.0,ABL.KA,
2023-12-13 00:00:00+05:00,66.74137901842873,66.816452538654,64.56421256544095,64.72937774658203,26000.0,0.0,0.0,0.0,ABL.KA,
2023-12-14 00:00:00+05:00,65.31494903564453,65.31494903564453,65.31494903564453,65.31494903564453,78000.0,0.0,0.0,0.0,ABL.KA,
2023-12-15 00:00:00+05:00,65.30744674944599,65.31495581939993,64.33898292410514,64.66180419921875,13500.0,0.0,0.0,0.0,ABL.KA,
2023-12-18 00:00:00+05:00,64.62427542870529,65.81795989762692,64.56421431979608,65.07472229003906,13000.0,0.0,0.0,0.0,ABL.KA,
2023-12-19 00:00:00+05:00,64.18882693122416,64.55669111922617,61.93658738977769,63.813453674316406,14500.0,0.0,0.0,0.0,ABL.KA,
2023-12-20 00:00:00+05:00,61.23088946451153,62.61226615538453,61.185846502417824,61.98163604736328,9000.0,0.0,0.0,0.0,ABL.KA,
2023-12-21 00:00:00+05:00,61.636297387426126,61.64380645751953,61.636297387426126,61.64380645751953,1000.0,0.0,0.0,0.0,ABL.KA,
2023-12-22 00:00:00+05:00,63.03268967036591,63.055211154007274,60.43510688178238,61.95912170410156,25000.0,0.0,0.0,0.0,ABL.KA,
2023-12-25 00:00:00+05:00,61.95912170410156,61.95912170410156,61.95912170410156,61.95912170410156,0.0,0.0,0.0,0.0,ABL.KA,
2023-12-26 00:00:00+05:00,61.546207595619634,61.5537109375,61.546207595619634,61.5537109375,1000.0,0.0,0.0,0.0,ABL.KA,
2023-12-27 00:00:00+05:00,60.44261026104852,62.31196768791831,60.05972789196946,62.30445861816406,14000.0,0.0,0.0,0.0,ABL.KA,
2023-12-28 00:00:00+05:00,63.81345502666379,63.81345502666379,61.568724506552286,63.002647399902344,14500.0,0.0,0.0,0.0,ABL.KA,
2023-12-29 00:00:00+05:00,62.311973571777344,63.06272024131683,62.311973571777344,62.311973571777344,4500.0,0.0,0.0,0.0,ABL.KA,
2024-01-01 00:00:00+05:00,62.3119624548348,63.81345552603564,62.3119624548348,63.025169372558594,19000.0,0.0,0.0,0.0,ABL.KA,
2024-01-02 00:00:00+05:00,62.98764443821818,63.723372940179694,62.54470094080915,63.43809127807617,6000.0,0.0,0.0,0.0,ABL.KA,
2024-01-03 00:00:00+05:00,62.687339782714844,63.438086366938975,62.31947556021275,62.687339782714844,26000.0,0.0,0.0,0.0,ABL.KA,
2024-01-04 00:00:00+05:00,62.311966212734575,62.31947528231106,62.23689270019531,62.23689270019531,2500.0,0.0,0.0,0.0,ABL.KA,
2024-01-05 00:00:00+05:00,62.46210823075531,63.055198669433594,61.936587957365134,63.055198669433594,6500.0,0.0,0.0,0.0,ABL.KA,
2024-01-08 00:00:00+05:00,63.663312633302965,63.68583411439099,62.687339782714844,62.687339782714844,13000.0,0.0,0.0,0.0,ABL.KA,
2024-01-09 00:00:00+05:00,63.062721252441406,63.062721252441406,62.72488753682895,63.062721252441406,2500.0,0.0,0.0,0.0,ABL.KA,
2024-01-10 00:00:00+05:00,61.26092655598099,63.43058395385743,61.26092655598099,63.43058395385742,2500.0,0.0,0.0,0.0,ABL.KA,
2024-01-11 00:00:00+05:00,62.68734791165307,63.062721252441406,62.68734791165307,63.062721252441406,7000.0,0.0,0.0,0.0,ABL.KA,
2024-01-12 00:00:00+05:00,62.76242171368114,63.21286857908402,62.687348190737765,62.987648010253906,17000.0,0.0,0.0,0.0,ABL.KA,
2024-01-15 00:00:00+05:00,62.38704585859182,63.06271899335482,61.93659901133062,62.694854736328125,18500.0,0.0,0.0,0.0,ABL.KA,
2024-01-16 00:00:00+05:00,62.34950611091074,63.655803563693,62.31196649060278,62.687339782714844,6500.0,0.0,0.0,0.0,ABL.KA,
2024-01-17 00:00:00+05:00,62.694857261354905,62.987648010253906,62.694857261354905,62.987648010253906,2000.0,0.0,0.0,0.0,ABL.KA,
2024-01-18 00:00:00+05:00,62.68734134827262,63.8134612527326,62.53719431877476,63.72336959838867,20500.0,0.0,0.0,0.0,ABL.KA,
2024-01-19 00:00:00+05:00,62.72487876746008,63.813459012458225,62.72487876746008,63.70835494995117,4000.0,0.0,0.0,0.0,ABL.KA,
2024-01-22 00:00:00+05:00,62.68733447806047,63.44559006773035,62.68733447806047,63.055198669433594,7000.0,0.0,0.0,0.0,ABL.KA,
2024-01-23 00:00:00+05:00,62.69484297249891,63.81345367431641,62.69484297249891,63.813453674316406,4500.0,0.0,0.0,0.0,ABL.KA,
2024-01-24 00:00:00+05:00,63.07021959688387,65.29993777840473,63.07021959688387,64.40654754638672,63000.0,0.0,0.0,0.0,ABL.KA,
2024-01-25 00:00:00+05:00,64.564208984375,64.564208984375,64.564208984375,64.564208984375,500.0,0.0,0.0,0.0,ABL.KA,
2024-01-26 00:00:00+05:00,65.61525873158149,66.36600538588392,63.986139866403384,65.68282318115234,66000.0,0.0,0.0,0.0,ABL.KA,
2024-01-29 00:00:00+05:00,65.68282318115234,65.68282318115234,65.68282318115234,65.68282318115234,0.0,0.0,0.0,0.0,ABL.KA,
2024-01-30 00:00:00+05:00,63.13779097558209,64.56421073028807,63.13779097558209,64.55670166015625,16000.0,0.0,0.0,0.0,ABL.KA,
2024-01-31 00:00:00+05:00,64.564208984375,64.9395822924237,64.564208984375,64.564208984375,9000.0,0.0,0.0,0.0,ABL.KA,
2024-02-01 00:00:00+05:00,66.0281698951465,66.05820045043981,64.1888427734375,64.1888427734375,3000.0,0.0,0.0,0.0,ABL.KA,
2024-02-02 00:00:00+05:00,64.564208984375,65.29994318835696,64.564208984375,64.564208984375,4000.0,0.0,0.0,0.0,ABL.KA,
2024-02-06 00:00:00+05:00,66.05818876128427,66.81644439697266,66.05818876128427,66.81644439697266,12500.0,0.0,0.0,0.0,ABL.KA,
2024-02-07 00:00:00+05:00,66.4410749461878,67.49212134512223,66.4410749461878,67.43206024169922,11500.0,0.0,0.0,0.0,ABL.KA,
2024-02-08 00:00:00+05:00,67.43206024169922,67.43206024169922,67.43206024169922,67.43206024169922,0.0,0.0,0.0,0.0,ABL.KA,
2024-02-09 00:00:00+05:00,67.43206024169922,67.43206024169922,67.43206024169922,67.43206024169922,0.0,0.0,0.0,0.0,ABL.KA,
2024-02-12 00:00:00+05:00,64.564208984375,64.564208984375,64.564208984375,64.564208984375,11000.0,0.0,0.0,0.0,ABL.KA,
2024-02-13 00:00:00+05:00,65.31495159639383,65.31495159639383,62.70235101233169,63.33298110961914,17500.0,0.0,0.0,0.0,ABL.KA,
2024-02-14 00:00:00+05:00,63.81346236827761,65.31495560047239,63.81346236827761,64.564208984375,8500.0,0.0,0.0,0.0,ABL.KA,
2024-02-15 00:00:00+05:00,64.18883917059256,65.23988563589344,64.03869213029634,64.90204620361328,11500.0,0.0,0.0,0.0,ABL.KA,
2024-02-16 00:00:00+05:00,63.88853761198079,64.55670166015625,63.88853761198079,64.55670166015625,2000.0,0.0,0.0,0.0,ABL.KA,
2024-02-19 00:00:00+05:00,63.81345451741892,64.18882777928609,63.81345451741892,64.11375427246094,10500.0,0.0,0.0,0.0,ABL.KA,
2024-02-20 00:00:00+05:00,64.22637906992327,64.82697296142578,64.18883944581702,64.82697296142578,1500.0,0.0,0.0,0.0,ABL.KA,
2024-02-21 00:00:00+05:00,64.56420249500493,65.31494903564453,64.56420249500493,65.31494903564453,9000.0,0.0,0.0,0.0,ABL.KA,
2024-02-22 00:00:00+05:00,64.71435953937178,64.90204620361328,64.71435953937178,64.90204620361328,5000.0,0.0,0.0,0.0,ABL.KA,
2024-02-23 00:00:00+05:00,65.16480501047802,65.3149520344029,65.16480501047802,65.27741241455078,5500.0,0.0,0.0,0.0,ABL.KA,
2024-02-26 00:00:00+05:00,64.94708612308196,65.31495033152635,64.94708612308196,65.11225128173828,18000.0,0.0,0.0,0.0,ABL.KA,
2024-02-27 00:00:00+05:00,65.31494903564453,65.39002254416019,65.31494903564453,65.31494903564453,9000.0,0.0,0.0,0.0,ABL.KA,
2024-02-28 00:00:00+05:00,65.49513318456796,65.54018187639845,64.564208984375,64.564208984375,4500.0,0.0,0.0,0.0,ABL.KA,
2024-02-29 00:00:00+05:00,65.31495033152635,65.61525009928859,64.93957705375895,65.11225128173828,47500.0,0.0,0.0,0.0,ABL.KA,
2024-03-01 00:00:00+05:00,65.72036840673324,65.80295100396495,65.31496449152567,65.76541137695312,7500.0,0.0,0.0,0.0,ABL.KA,
2024-03-04 00:00:00+05:00,65.7053299011077,65.7053299011077,64.19633358898852,64.22636413574219,24500.0,0.0,0.0,0.0,ABL.KA,
2024-03-05 00:00:00+05:00,65.60775456818446,65.61526363905698,64.93959045410156,64.93959045410156,2000.0,0.0,0.0,0.0,ABL.KA,
2024-03-06 00:00:00+05:00,65.87801556254541,65.87801556254541,64.564208984375,64.564208984375,2500.0,0.0,0.0,0.0,ABL.KA,
2024-03-07 00:00:00+05:00,64.564208984375,64.564208984375,64.564208984375,64.564208984375,0.0,0.0,0.0,0.0,ABL.KA,
2024-03-08 00:00:00+05:00,65.31494114898685,65.99061409952454,65.31494114898685,65.3900146484375,5000.0,0.0,0.0,0.0,ABL.KA,
2024-03-11 00:00:00+05:00,65.3900146484375,65.3900146484375,65.3900146484375,65.3900146484375,500.0,0.0,0.0,0.0,ABL.KA,
2024-03-12 00:00:00+05:00,65.3900146484375,65.3900146484375,65.3900146484375,65.3900146484375,0.0,0.0,0.0,0.0,ABL.KA,
2024-03-13 00:00:00+05:00,65.6903305053711,65.6903305053711,65.6903305053711,65.6903305053711,500.0,0.0,0.0,0.0,ABL.KA,
2024-03-14 00:00:00+05:00,65.6903305053711,65.6903305053711,65.6903305053711,65.6903305053711,0.0,0.0,0.0,0.0,ABL.KA,
2024-03-15 00:00:00+05:00,64.59424765729861,65.65279754065357,64.55670803067731,64.58673858642578,32000.0,0.0,0.0,0.0,ABL.KA,
2024-03-18 00:00:00+05:00,64.56420835572163,65.97560991825492,64.56420835572163,65.6753158569336,3500.0,0.0,0.0,0.0,ABL.KA,
2024-03-19 00:00:00+05:00,66.87113920931327,67.65785849412872,66.87113920931327,67.46904754638672,55500.0,4.0,0.0,0.0,ABL.KA,
2024-03-20 00:00:00+05:00,67.69718933105469,67.69718933105469,67.69718933105469,67.69718933105469,1000.0,0.0,0.0,0.0,ABL.KA,
2024-03-21 00:00:00+05:00,67.65784914246724,68.44456831854244,67.07567863278507,67.45330047607422,16500.0,0.0,0.0,0.0,ABL.KA,
2024-03-22 00:00:00+05:00,67.26448510629764,67.26448510629764,67.04420471191406,67.04420471191406,2500.0,0.0,0.0,0.0,ABL.KA,
2024-03-26 00:00:00+05:00,68.38949828075876,68.44456838304828,67.65784920623163,67.66571807861328,12000.0,0.0,0.0,0.0,ABL.KA,
2024-03-27 00:00:00+05:00,69.14473666262883,69.14473666262883,67.66570701287597,68.4445571899414,1500.0,0.0,0.0,0.0,ABL.KA,
2024-03-28 00:00:00+05:00,67.2644915652652,68.42883862162806,66.87113196546832,66.8868637084961,66000.0,0.0,0.0,0.0,ABL.KA,
2024-03-29 00:00:00+05:00,69.19194746533199,69.19194746533199,66.97339968242125,67.64997863769531,51000.0,0.0,0.0,0.0,ABL.KA,
2024-04-01 00:00:00+05:00,67.65784337660845,67.65784337660845,66.87112426757812,66.87112426757812,473000.0,0.0,0.0,0.0,ABL.KA,
2024-04-02 00:00:00+05:00,67.57918548583984,67.57918548583984,67.57918548583984,67.57918548583984,500.0,0.0,0.0,0.0,ABL.KA,
2024-04-03 00:00:00+05:00,67.65784884077407,68.0433395547185,67.64211709828675,68.03547668457031,5500.0,0.0,0.0,0.0,ABL.KA,
2024-04-04 00:00:00+05:00,68.44455317718739,69.23127217922404,68.05119367616908,68.52322387695312,11000.0,0.0,0.0,0.0,ABL.KA,
2024-04-08 00:00:00+05:00,67.1543468874472,68.44456580872375,67.14647801536152,68.16134643554688,9500.0,0.0,0.0,0.0,ABL.KA,
2024-04-09 00:00:00+05:00,68.83792342255173,69.62464254738089,68.83792342255173,69.56957244873047,13500.0,0.0,0.0,0.0,ABL.KA,
2024-04-15 00:00:00+05:00,67.65783989088143,69.9786587420763,67.65783989088143,68.47602844238281,65000.0,0.0,0.0,0.0,ABL.KA,
2024-04-16 00:00:00+05:00,69.23128144759983,70.72604895202018,69.1290101244317,69.781982421875,22000.0,0.0,0.0,0.0,ABL.KA,
2024-04-17 00:00:00+05:00,70.56084577770137,72.37029630584487,70.17534905463054,71.607177734375,94500.0,0.0,0.0,0.0,ABL.KA,
2024-04-18 00:00:00+05:00,70.73392813962509,71.59144921065695,70.73392813962509,71.19808959960938,35000.0,0.0,0.0,0.0,ABL.KA,
2024-04-19 00:00:00+05:00,70.8047184564437,72.38602551591758,70.8047184564437,72.11853790283203,96000.0,0.0,0.0,0.0,ABL.KA,
2024-04-22 00:00:00+05:00,73.16488752973841,74.41576820967887,73.16488752973841,73.95160675048828,49000.0,0.0,0.0,0.0,ABL.KA,
2024-04-23 00:00:00+05:00,73.9515958917204,74.34495544433594,73.9515958917204,74.34495544433594,2000.0,0.0,0.0,0.0,ABL.KA,
2024-04-24 00:00:00+05:00,74.30561714514948,78.27855103048759,74.30561714514948,76.8545913696289,97000.0,0.0,0.0,0.0,ABL.KA,
2024-04-25 00:00:00+05:00,75.52505251861191,77.88521040981854,75.52505251861191,76.68939971923828,36500.0,0.0,0.0,0.0,ABL.KA,
2024-04-26 00:00:00+05:00,76.70511803777669,77.72785534582339,76.70511803777669,76.73658752441406,10500.0,0.0,0.0,0.0,ABL.KA,
2024-04-29 00:00:00+05:00,78.59324384658852,78.65618281876286,76.74445505484995,77.38956451416016,18500.0,0.0,0.0,0.0,ABL.KA,
2024-04-30 00:00:00+05:00,77.18501333454905,78.58537240763843,77.0984737511837,77.88519287109375,22500.0,0.0,0.0,0.0,ABL.KA,
2024-05-02 00:00:00+05:00,74.75404375289632,77.86945656712938,74.73831201238373,76.63430786132812,12500.0,0.0,0.0,0.0,ABL.KA,
2024-05-03 00:00:00+05:00,76.95428125133171,76.95428125133171,73.8777509176039,76.36358642578125,102000.0,4.0,0.0,0.0,ABL.KA,
2024-05-06 00:00:00+05:00,77.65163732631784,77.93877894426895,76.46204168163777,77.03633117675781,59500.0,0.0,0.0,0.0,ABL.KA,
2024-05-07 00:00:00+05:00,77.1183528193721,77.52855682373047,77.1183528193721,77.52855682373047,43500.0,0.0,0.0,0.0,ABL.KA,
2024-05-08 00:00:00+05:00,77.85671961955659,78.30794025920325,76.2979431843766,77.8156967163086,43000.0,0.0,0.0,0.0,ABL.KA,
2024-05-09 00:00:00+05:00,77.93875495592754,79.57957084973654,77.93875495592754,78.75916290283203,40000.0,0.0,0.0,0.0,ABL.KA,
2024-05-10 00:00:00+05:00,77.7008414771263,79.66161611022359,77.7008414771263,79.16937255859375,42500.0,0.0,0.0,0.0,ABL.KA,
2024-05-13 00:00:00+05:00,79.37446870609205,80.81018261033661,79.37446870609205,80.39997863769531,27000.0,0.0,0.0,0.0,ABL.KA,
2024-05-14 00:00:00+05:00,80.39998594605696,80.81018995598582,80.39998594605696,80.5230484008789,14500.0,0.0,0.0,0.0,ABL.KA,
2024-05-15 00:00:00+05:00,79.58778091704264,80.81018707040013,79.58778091704264,80.62149047851562,26000.0,0.0,0.0,0.0,ABL.KA,
2024-05-16 00:00:00+05:00,80.62148531938504,81.30242541018903,79.98977396113159,80.9988784790039,30000.0,0.0,0.0,0.0,ABL.KA,
2024-05-17 00:00:00+05:00,80.32615125426932,80.39998497073695,78.80019185510783,79.62879943847656,19000.0,0.0,0.0,0.0,ABL.KA,
2024-05-20 00:00:00+05:00,80.80198345082023,81.01529128678882,80.39998527701574,80.60508728027344,10500.0,0.0,0.0,0.0,ABL.KA,
2024-05-21 00:00:00+05:00,78.76737539685622,80.8101896048448,78.34896555596627,80.48202514648438,31500.0,0.0,0.0,0.0,ABL.KA,
2024-05-22 00:00:00+05:00,80.48203209840099,80.56407165527344,80.39999254152853,80.56407165527344,11500.0,0.0,0.0,0.0,ABL.KA,
2024-05-23 00:00:00+05:00,80.56406744516748,80.81019236213984,80.39998833999701,80.73635864257812,35500.0,0.0,0.0,0.0,ABL.KA,
2024-05-24 00:00:00+05:00,80.3999802913102,81.63059223454454,80.3999802913102,81.04810333251953,53000.0,0.0,0.0,0.0,ABL.KA,
2024-05-27 00:00:00+05:00,81.13835615584159,81.42549771710645,80.4820272221934,80.81839752197266,47538.0,0.0,0.0,0.0,ABL.KA,
2024-05-28 00:00:00+05:00,80.81839752197266,80.81839752197266,80.81839752197266,80.81839752197266,0.0,0.0,0.0,0.0,ABL.KA,
2024-05-29 00:00:00+05:00,81.60598940909341,81.60598940909341,80.39998857893472,81.5485610961914,86683.0,0.0,0.0,0.0,ABL.KA,
2024-05-30 00:00:00+05:00,81.38446161498986,81.38446161498986,80.39997463336952,80.63789367675781,47206.0,0.0,0.0,0.0,ABL.KA,
2024-05-31 00:00:00+05:00,81.95875766209467,81.95875766209467,80.48202080867397,80.84300231933594,5411.0,0.0,0.0,0.0,ABL.KA,
2024-06-03 00:00:00+05:00,81.6306040032866,81.6306040032866,80.81019592285156,80.81019592285156,70924.0,0.0,0.0,0.0,ABL.KA,
2024-06-04 00:00:00+05:00,77.9879869785428,81.61419530485313,77.9879869785428,80.44921112060547,52257.0,0.0,0.0,0.0,ABL.KA,
2024-06-05 00:00:00+05:00,77.94695496444214,81.22038067544807,77.94695496444214,80.69532012939453,46096.0,0.0,0.0,0.0,ABL.KA,
2024-06-06 00:00:00+05:00,81.22038814077229,81.74544873508646,80.39998017975438,80.46561431884766,36333.0,0.0,0.0,0.0,ABL.KA,
2024-06-07 00:00:00+05:00,80.81018261033661,81.61418515076856,79.58777652444599,80.39997863769531,21720.0,0.0,0.0,0.0,ABL.KA,
2024-06-10 00:00:00+05:00,80.81018413253851,82.02439066848346,80.39998015217029,81.2367935180664,35481.0,0.0,0.0,0.0,ABL.KA,
2024-06-11 00:00:00+05:00,81.86030921364647,81.86030921364647,80.81018797544023,80.9332504272461,10182.0,0.0,0.0,0.0,ABL.KA,
2024-06-12 00:00:00+05:00,81.9177352190433,81.9177352190433,80.39998171403985,81.46651458740234,123072.0,0.0,0.0,0.0,ABL.KA,
2024-06-13 00:00:00+05:00,81.79467795468328,83.68161892431021,81.22039483830109,82.1884765625,41890.0,0.0,0.0,0.0,ABL.KA,
2024-06-14 00:00:00+05:00,83.51753384897086,83.51753384897086,82.08181990148316,82.48381805419922,41686.0,0.0,0.0,0.0,ABL.KA,
2024-06-20 00:00:00+05:00,83.673410689886,89.49830627441406,82.86941435002687,89.49830627441406,44795.0,0.0,0.0,0.0,ABL.KA,
2024-06-21 00:00:00+05:00,90.63047995001895,96.80815167853918,89.43268492611931,90.80276489257812,71766.0,0.0,0.0,0.0,ABL.KA,
2024-06-24 00:00:00+05:00,93.98594333499953,94.34692487660718,87.37345651616229,91.10631561279297,17367.0,0.0,0.0,0.0,ABL.KA,
2024-06-25 00:00:00+05:00,90.24488431913359,91.8857003976633,89.42447627986874,91.06529235839844,18328.0,0.0,0.0,0.0,ABL.KA,
2024-06-26 00:00:00+05:00,93.1163086977872,93.1163086977872,90.24488067626953,90.24488067626953,9829.0,0.0,0.0,0.0,ABL.KA,
2024-06-27 00:00:00+05:00,91.86930045142265,91.88570585912774,88.27590901996146,90.66329956054688,6217.0,0.0,0.0,0.0,ABL.KA,
2024-06-28 00:00:00+05:00,91.8856953279442,91.8856953279442,88.2676930699826,90.4089584350586,5732.0,0.0,0.0,0.0,ABL.KA,
2024-07-01 00:00:00+05:00,91.05708062248432,91.06528645492565,90.24487846884524,90.26128387451172,8886.0,0.0,0.0,0.0,ABL.KA,
2024-07-02 00:00:00+05:00,91.06528856862231,91.47549257118366,89.42447255837686,89.49830627441406,17712.0,0.0,0.0,0.0,ABL.KA,
2024-07-03 00:00:00+05:00,84.50201810019534,91.14732118438694,84.50201810019534,90.93401336669922,33463.0,0.0,0.0,0.0,ABL.KA,
2024-07-04 00:00:00+05:00,91.06529142672336,92.13182437054279,90.7371269625315,91.8528823852539,61686.0,0.0,0.0,0.0,ABL.KA,
2024-07-05 00:00:00+05:00,94.29769806101669,96.79993871976481,90.33512589619413,92.63227081298828,7665.0,0.0,0.0,0.0,ABL.KA,
2024-07-08 00:00:00+05:00,95.97951913036317,101.4352329548328,93.93670519785482,101.05784606933594,110321.0,0.0,0.0,0.0,ABL.KA,
2024-07-09 00:00:00+05:00,101.05786268314125,105.00402335515244,100.91018898547676,102.82994079589844,148470.0,0.0,0.0,0.0,ABL.KA,
2024-07-10 00:00:00+05:00,103.53549429336304,109.11427158484639,101.73059907158611,103.16631317138672,263622.0,0.0,0.0,0.0,ABL.KA,
2024-07-11 00:00:00+05:00,104.80711932973738,104.80711932973738,103.16630337154187,103.34679412841797,3396.0,0.0,0.0,0.0,ABL.KA,
2024-07-12 00:00:00+05:00,102.55920421262849,103.78161036073966,97.62855045792901,102.20642852783203,4581.0,0.0,0.0,0.0,ABL.KA,
2024-07-15 00:00:00+05:00,104.19182222126628,104.19182222126628,100.91019002532089,101.27117156982422,24902.0,0.0,0.0,0.0,ABL.KA,
2024-07-16 00:00:00+05:00,101.27117156982422,101.27117156982422,101.27117156982422,101.27117156982422,0.0,0.0,0.0,0.0,ABL.KA,
2024-07-17 00:00:00+05:00,101.27117156982422,101.27117156982422,101.27117156982422,101.27117156982422,0.0,0.0,0.0,0.0,ABL.KA,
2024-07-18 00:00:00+05:00,100.91019060431019,103.37141476539092,98.53921182987308,102.12439727783203,9784.0,0.0,0.0,0.0,ABL.KA,
2024-07-19 00:00:00+05:00,103.24835369015973,103.24835369015973,100.91019195761923,102.37872314453125,954.0,0.0,0.0,0.0,ABL.KA,
2024-07-22 00:00:00+05:00,100.91018398632752,101.73059198621635,95.16732798710562,98.20283508300781,17598.0,0.0,0.0,0.0,ABL.KA,
2024-07-23 00:00:00+05:00,102.0915768710774,102.0915768710774,95.15912528819548,95.36422729492188,17715.0,0.0,0.0,0.0,ABL.KA,
2024-07-24 00:00:00+05:00,97.628549073377,97.628549073377,95.16732514715741,96.01234436035156,10431.0,0.0,0.0,0.0,ABL.KA,
2024-07-25 00:00:00+05:00,95.98773608278483,95.98773608278483,95.16732808207728,95.39704132080078,1602.0,0.0,0.0,0.0,ABL.KA,
2024-07-26 00:00:00+05:00,101.71418684144616,101.71418684144616,93.69879715678987,95.2083511352539,4986.0,0.0,0.0,0.0,ABL.KA,
2024-07-29 00:00:00+05:00,100.08156137594254,100.08156137594254,94.3879346123556,96.18462371826172,3243.0,0.0,0.0,0.0,ABL.KA,
2024-07-30 00:00:00+05:00,95.98774357499748,95.98774357499748,94.34692744551035,95.1673355102539,7420.0,0.0,0.0,0.0,ABL.KA,
2024-07-31 00:00:00+05:00,98.4489652291718,100.08157548330824,94.42896456380396,96.05337524414062,2289.0,0.0,0.0,0.0,ABL.KA,
2024-08-01 00:00:00+05:00,95.97953914979634,97.21835709831338,95.97953914979634,96.004150390625,2171.0,0.0,0.0,0.0,ABL.KA,
2024-08-02 00:00:00+05:00,96.80814078218387,96.80814078218387,94.34691686399276,95.20014190673828,5288.0,0.0,0.0,0.0,ABL.KA,
2024-08-05 00:00:00+05:00,93.5675344146462,97.62034565719668,92.71430934799972,93.77263641357422,2611.0,0.0,0.0,0.0,ABL.KA,
2024-08-06 00:00:00+05:00,93.5265121459961,95.32320767174998,93.5265121459961,93.5265121459961,4944.0,0.0,0.0,0.0,ABL.KA,
2024-08-07 00:00:00+05:00,90.32691847273371,96.7261033002322,90.32691847273371,91.98414611816406,4731.0,0.0,0.0,0.0,ABL.KA,
2024-08-08 00:00:00+05:00,92.70609693297679,96.79993078832162,92.70609693297679,93.5675277709961,1483.0,0.0,0.0,0.0,ABL.KA,
2024-08-09 00:00:00+05:00,94.34692337640374,96.80814746448384,90.9422288027163,94.82276153564453,5333.0,0.0,0.0,0.0,ABL.KA,
2024-08-12 00:00:00+05:00,95.16733757252021,96.59484588352727,91.07350299331753,92.07440185546875,19424.0,0.0,0.0,0.0,ABL.KA,
2024-08-13 00:00:00+05:00,94.34691539313873,94.34691539313873,91.39344798919672,91.97593688964844,1751.0,0.0,0.0,0.0,ABL.KA,
2024-08-15 00:00:00+05:00,92.0497845330696,95.15913192293951,92.0497845330696,92.30411529541016,4912.0,0.0,0.0,0.0,ABL.KA,
2024-08-16 00:00:00+05:00,95.15091764291245,95.15091764291245,92.87017826384817,93.03426361083984,5125.0,0.0,0.0,0.0,ABL.KA,
2024-08-19 00:00:00+05:00,95.08528461489854,95.08528461489854,91.47548830872017,93.41165161132812,5667.0,0.0,0.0,0.0,ABL.KA,
2024-08-20 00:00:00+05:00,93.526511738004,94.3469197357058,91.88569574260043,91.96773529052734,467.0,0.0,0.0,0.0,ABL.KA,
2024-08-21 00:00:00+05:00,94.34691686636074,95.16732483911171,90.24487700260593,92.39434814453125,257629.0,0.0,0.0,0.0,ABL.KA,
2024-08-22 00:00:00+05:00,92.39435691981552,95.16733387776337,92.39435691981552,93.93672180175781,53220.0,0.0,0.0,0.0,ABL.KA,
2024-08-23 00:00:00+05:00,94.34692606212185,95.15912828172814,92.7307211968004,94.7489242553711,12975.0,0.0,0.0,0.0,ABL.KA,
2024-08-26 00:00:00+05:00,94.74891761158977,95.1673274417158,94.1418174477318,94.54381561279297,26080.0,0.0,0.0,0.0,ABL.KA,
2024-08-27 00:00:00+05:00,94.14181672537595,94.92120181113702,93.53471656617629,94.20745086669922,12017.0,0.0,0.0,0.0,ABL.KA,
2024-08-28 00:00:00+05:00,94.71610445913123,94.74072195774694,93.93671933514632,94.65867614746094,5090.0,0.0,0.0,0.0,ABL.KA,
2024-08-29 00:00:00+05:00,94.65047336106848,95.15912231596405,93.4444725977113,93.5265121459961,109749.0,0.0,0.0,0.0,ABL.KA,
2024-08-30 00:00:00+05:00,95.59259643744028,95.59259643744028,91.4179099898341,92.67626953125,14796.0,4.0,0.0,0.0,ABL.KA,
2024-09-02 00:00:00+05:00,92.67627237357678,93.10139288905191,92.25965608472195,92.74429321289062,10274.0,0.0,0.0,0.0,ABL.KA,
2024-09-03 00:00:00+05:00,92.67626907303998,92.67626907303998,83.46815747894512,90.75472259521484,3987.0,0.0,0.0,0.0,ABL.KA,
2024-09-04 00:00:00+05:00,89.2753043897091,92.67626836645994,87.5748224013337,91.39240264892578,2562.0,0.0,0.0,0.0,ABL.KA,
2024-09-05 00:00:00+05:00,92.67627362665779,92.67627362665779,90.97579154176499,91.93656158447266,5887.0,0.0,0.0,0.0,ABL.KA,
2024-09-06 00:00:00+05:00,91.9365499080799,95.2269846597029,91.14582557955764,93.43297576904297,15905.0,0.0,0.0,0.0,ABL.KA,
2024-09-09 00:00:00+05:00,91.87704412985717,95.2269958822116,91.82603174356119,93.3564682006836,12238.0,0.0,0.0,0.0,ABL.KA,
2024-09-10 00:00:00+05:00,92.67626964034508,95.20999069205436,90.97578762859563,91.9195556640625,17849.0,0.0,0.0,0.0,ABL.KA,
2024-09-11 00:00:00+05:00,92.5402286203571,92.59124749211087,90.97578827215635,91.01830291748047,27136.0,0.0,0.0,0.0,ABL.KA,
2024-09-12 00:00:00+05:00,93.09288433496722,93.09288433496722,91.09481930247995,91.3328857421875,13705.0,0.0,0.0,0.0,ABL.KA,
2024-09-13 00:00:00+05:00,89.44535559778497,92.25115364912402,89.44535559778497,91.79202270507812,24573.0,0.0,0.0,0.0,ABL.KA,
2024-09-16 00:00:00+05:00,91.82603421289242,93.41598732572432,90.97579315536564,91.50294494628906,3009.0,0.0,0.0,0.0,ABL.KA,
2024-09-17 00:00:00+05:00,91.50294494628906,91.50294494628906,91.50294494628906,91.50294494628906,0.0,0.0,0.0,0.0,ABL.KA,
2024-09-18 00:00:00+05:00,91.52844406692746,93.52650910034272,91.00129231674163,92.64225769042969,6292.0,0.0,0.0,0.0,ABL.KA,
2024-09-19 00:00:00+05:00,93.2289287342568,93.52651179259567,91.40090925185487,91.89405059814453,16730.0,0.0,0.0,0.0,ABL.KA,
2024-09-20 00:00:00+05:00,93.34796473568666,93.44149176920861,91.39240774527684,91.40941619873047,47222.0,0.0,0.0,0.0,ABL.KA,
2024-09-23 00:00:00+05:00,92.59124677970885,92.59124677970885,90.97578757218376,91.6559829711914,48356.0,0.0,0.0,0.0,ABL.KA,
2024-09-24 00:00:00+05:00,92.54873175639028,94.8018717087156,91.65598259651924,93.66255187988281,155798.0,0.0,0.0,0.0,ABL.KA,
2024-09-25 00:00:00+05:00,93.5265126101119,95.00593017508834,91.99607617267128,94.40225982666016,53635.0,0.0,0.0,0.0,ABL.KA,
2024-09-26 00:00:00+05:00,95.22699737548828,96.92747947147915,94.63183123662124,95.22699737548828,55669.0,0.0,0.0,0.0,ABL.KA,
2024-09-27 00:00:00+05:00,95.22699737548828,95.22699737548828,90.97579213551113,95.22699737548828,231.0,0.0,0.0,0.0,ABL.KA,
2024-09-30 00:00:00+05:00,95.22699579462275,95.22699579462275,93.52651372686162,94.37675476074219,18585.0,0.0,0.0,0.0,ABL.KA,
2024-10-01 00:00:00+05:00,94.37674923877266,94.37674923877266,90.97578530224031,93.77307891845703,6324.0,0.0,0.0,0.0,ABL.KA,
2024-10-02 00:00:00+05:00,93.77308357781479,96.07723598088435,93.77308357781479,94.46177673339844,36461.0,0.0,0.0,0.0,ABL.KA,
2024-10-03 00:00:00+05:00,95.43104770844839,95.43104770844839,92.67626869385909,95.09095001220703,36370.0,0.0,0.0,0.0,ABL.KA,
2024-10-04 00:00:00+05:00,91.9110521058003,95.22699335018034,91.9110521058003,94.92090606689453,18777.0,0.0,0.0,0.0,ABL.KA,
2024-10-07 00:00:00+05:00,94.92941493105597,95.60960388183594,93.52651589526215,95.60960388183594,23456.0,0.0,0.0,0.0,ABL.KA,
2024-10-08 00:00:00+05:00,94.84438924076387,97.75221199884705,94.3767540807691,96.5873794555664,31361.0,0.0,0.0,0.0,ABL.KA,
2024-10-09 00:00:00+05:00,96.5873794555664,96.5873794555664,96.5873794555664,96.5873794555664,0.0,0.0,0.0,0.0,ABL.KA,
2024-10-10 00:00:00+05:00,95.66911865095092,101.935397430333,95.65211668440972,99.18061828613281,9191.0,0.0,0.0,0.0,ABL.KA,
2024-10-11 00:00:00+05:00,99.47819773522738,100.32843874151138,94.8018722006654,95.82215881347656,51189.0,0.0,0.0,0.0,ABL.KA,
2024-10-14 00:00:00+05:00,97.3440894289357,97.77771415148342,94.4362667910076,97.59066009521484,68104.0,0.0,0.0,0.0,ABL.KA,
2024-10-15 00:00:00+05:00,97.76920897772683,97.76920897772683,94.83588017633996,96.10273742675781,11768.0,0.0,0.0,0.0,ABL.KA,
2024-10-16 00:00:00+05:00,97.75221591999144,97.75221591999144,95.24400089540832,96.07723999023438,10951.0,0.0,0.0,0.0,ABL.KA,
2024-10-17 00:00:00+05:00,96.50235935252475,97.48013785918835,90.97579251735813,94.26622772216797,31765.0,0.0,0.0,0.0,ABL.KA,
2024-10-18 00:00:00+05:00,96.78294005015778,96.78294005015778,94.37675632749286,95.22699737548828,9593.0,0.0,0.0,0.0,ABL.KA,
2024-10-21 00:00:00+05:00,96.07723471558506,96.07723471558506,94.80187319281181,95.2439956665039,65873.0,0.0,0.0,0.0,ABL.KA,
2024-10-22 00:00:00+05:00,95.23550315530336,96.91047908506043,95.23550315530336,96.07723999023438,26951.0,0.0,0.0,0.0,ABL.KA,
2024-10-23 00:00:00+05:00,97.75220080195304,97.75220080195304,96.07722513124227,96.42582702636719,4839.0,0.0,0.0,0.0,ABL.KA,
2024-10-24 00:00:00+05:00,96.42584086485033,97.35260049827609,96.07723891969606,96.39183044433594,11257.0,0.0,0.0,0.0,ABL.KA,
2024-10-25 00:00:00+05:00,97.7522103873025,98.62795759356035,96.07723455234758,97.0465087890625,32106.0,0.0,0.0,0.0,ABL.KA,
2024-10-28 00:00:00+05:00,97.77771131214305,97.90524875469755,94.46177023984474,95.48206329345703,43375.0,0.0,0.0,0.0,ABL.KA,
2024-10-29 00:00:00+05:00,96.50235269888316,97.77771418829572,96.0772322024123,96.57037353515625,12053.0,0.0,0.0,0.0,ABL.KA,
2024-10-30 00:00:00+05:00,96.92747468888636,102.02892072514354,96.92747468888636,101.81636047363281,261359.0,0.0,0.0,0.0,ABL.KA,
2024-10-31 00:00:00+05:00,102.66660620265561,104.5711443274955,99.4782022833185,101.19568634033203,93858.0,0.0,0.0,0.0,ABL.KA,
2024-11-01 00:00:00+05:00,101.60379300137679,106.27161397651018,100.34543354765944,102.16495513916016,77926.0,0.0,0.0,0.0,ABL.KA,
2024-11-04 00:00:00+05:00,102.17345952692038,104.57964311643715,102.02892011359722,104.02698516845703,98418.0,0.0,0.0,0.0,ABL.KA,
2024-11-05 00:00:00+05:00,103.72940429496182,105.42988633258416,102.0289222573395,104.99626159667969,143909.0,0.0,0.0,0.0,ABL.KA,
2024-11-06 00:00:00+05:00,104.99625555407665,105.42988026502573,102.45403687044839,102.49655151367188,56185.0,0.0,0.0,0.0,ABL.KA,
2024-11-07 00:00:00+05:00,103.59583571102294,103.59583571102294,101.13345329484576,102.10961151123047,22984.0,4.0,0.0,0.0,ABL.KA,
2024-11-08 00:00:00+05:00,103.76292148624161,103.76292148624161,101.14224966401659,102.127197265625,10626.0,0.0,0.0,0.0,ABL.KA,
2024-11-11 00:00:00+05:00,101.59954377608439,103.745333938629,101.57316221006165,102.05684661865234,25728.0,0.0,0.0,0.0,ABL.KA,
2024-11-12 00:00:00+05:00,102.75157633460505,102.75157633460505,98.94368739515635,100.70252990722656,4777.0,0.0,0.0,0.0,ABL.KA,
2024-11-13 00:00:00+05:00,102.80435641682668,102.80435641682668,100.25403317829536,100.95757293701172,46286.0,0.0,0.0,0.0,ABL.KA,
2024-11-14 00:00:00+05:00,100.91359518243506,103.77171443596808,100.25402920085052,100.28041076660156,93495.0,0.0,0.0,0.0,ABL.KA,
2024-11-15 00:00:00+05:00,100.51785588473514,102.8483169299691,100.51785588473514,101.19500732421875,28240.0,0.0,0.0,0.0,ABL.KA,
2024-11-18 00:00:00+05:00,102.54052466026896,102.54052466026896,101.04551109873535,101.09827423095703,11907.0,0.0,0.0,0.0,ABL.KA,
2024-11-19 00:00:00+05:00,102.0128714881143,102.0128714881143,100.26282496795616,101.23898315429688,29708.0,0.0,0.0,0.0,ABL.KA,
2024-11-20 00:00:00+05:00,101.92493676008495,101.92493676008495,100.2540348375683,100.6233901977539,32852.0,0.0,0.0,0.0,ABL.KA,
2024-11-21 00:00:00+05:00,102.01287470278533,102.4349998950938,100.26282812747903,101.13345336914062,115835.0,0.0,0.0,0.0,ABL.KA,
2024-11-22 00:00:00+05:00,101.22139680924589,109.47916281149205,101.22139680924589,105.71524047851562,215238.0,0.0,0.0,0.0,ABL.KA,
2024-11-25 00:00:00+05:00,107.1926542917701,109.0482336429342,105.53054868671053,107.29818725585938,94185.0,0.0,0.0,0.0,ABL.KA,
2024-11-26 00:00:00+05:00,108.16002131471285,116.87508270787113,105.53055356698208,110.36737060546875,299160.0,0.0,0.0,0.0,ABL.KA,
2024-11-27 00:00:00+05:00,110.71913959216216,118.72187183309525,110.71913959216216,116.39141082763672,142561.0,0.0,0.0,0.0,ABL.KA,
2024-11-28 00:00:00+05:00,117.83365538347482,127.07636767565323,116.08360230578702,122.89032745361328,368967.0,0.0,0.0,0.0,ABL.KA,
2024-11-29 00:00:00+05:00,126.54872454391064,127.51609337848166,111.77445016435105,126.41681671142578,214125.0,0.0,0.0,0.0,ABL.KA,
2024-12-02 00:00:00+05:00,127.56006007208644,131.91319274902344,127.56006007208644,131.91319274902344,89604.0,0.0,0.0,0.0,ABL.KA,
2024-12-03 00:00:00+05:00,132.801405418321,135.43087993090177,127.61282512619223,132.73985290527344,173606.0,0.0,0.0,0.0,ABL.KA,
2024-12-04 00:00:00+05:00,133.23233064220372,136.13442369640885,130.1543560069053,133.22354125976562,134497.0,0.0,0.0,0.0,ABL.KA,
2024-12-05 00:00:00+05:00,133.02126360440653,135.43088284425932,128.52742013690903,132.4232635498047,161159.0,0.0,0.0,0.0,ABL.KA,
2024-12-06 00:00:00+05:00,134.53387145634798,134.53387145634798,127.51609299240414,132.4672393798828,26179.0,0.0,0.0,0.0,ABL.KA,
2024-12-09 00:00:00+05:00,132.47602022540121,132.47602022540121,127.95579541220059,128.34274291992188,51728.0,0.0,0.0,0.0,ABL.KA,
2024-12-10 00:00:00+05:00,128.3515465543655,129.71465236469075,122.84637359667671,124.18309783935547,84331.0,0.0,0.0,0.0,ABL.KA,
2024-12-11 00:00:00+05:00,122.23956696568885,125.66051546128179,122.23956696568885,122.9167251586914,89683.0,0.0,0.0,0.0,ABL.KA,
2024-12-12 00:00:00+05:00,123.98961251810775,123.98961251810775,120.49830892300815,122.7232437133789,71203.0,0.0,0.0,0.0,ABL.KA,
2024-12-13 00:00:00+05:00,122.50338930212452,123.10138934274815,116.0836111530608,116.312255859375,145889.0,0.0,0.0,0.0,ABL.KA,
2024-12-16 00:00:00+05:00,116.08360924501847,119.51334687787792,110.36737091098347,112.53074645996094,136349.0,0.0,0.0,0.0,ABL.KA,
2024-12-17 00:00:00+05:00,112.56592739296883,117.78969210807347,109.95404503541651,117.2972183227539,127729.0,0.0,0.0,0.0,ABL.KA,
2024-12-18 00:00:00+05:00,117.41153174212626,118.67790054831516,111.68650396795988,112.35486602783203,80972.0,0.0,0.0,0.0,ABL.KA,
2024-12-19 00:00:00+05:00,111.6953038260518,116.04844338939462,102.02166929789294,112.25813293457031,28701.0,0.0,0.0,0.0,ABL.KA,
2024-12-20 00:00:00+05:00,112.25812753251626,114.32476619491864,112.12621299886251,112.90889739990234,17475.0,0.0,0.0,0.0,ABL.KA,
2024-12-23 00:00:00+05:00,116.42658804143215,117.05098308307554,112.57471836500896,116.9630355834961,39624.0,0.0,0.0,0.0,ABL.KA,
2024-12-24 00:00:00+05:00,116.08362167810652,118.06231977489243,116.08362167810652,116.18914794921875,26822.0,0.0,0.0,0.0,ABL.KA,
2024-12-26 00:00:00+05:00,116.08360680868459,116.08360680868459,112.60989550084179,113.44534301757812,32069.0,0.0,0.0,0.0,ABL.KA,
2024-12-27 00:00:00+05:00,113.66520373815624,114.32476971729449,110.85984762653027,113.99058532714844,16506.0,0.0,0.0,0.0,ABL.KA,
2024-12-30 00:00:00+05:00,115.20418995426573,125.38789018797236,115.20418995426573,124.30620574951172,187584.0,0.0,0.0,0.0,ABL.KA,
2024-12-31 00:00:00+05:00,123.11898314283918,123.11898314283918,120.92042987243134,121.24581146240234,22855.0,0.0,0.0,0.0,ABL.KA,
2025-01-01 00:00:00+05:00,121.24581146240234,121.24581146240234,121.24581146240234,121.24581146240234,0.0,0.0,0.0,0.0,ABL.KA,
2025-01-02 00:00:00+05:00,119.654058949688,124.86903419374993,119.654058949688,120.76213836669922,55200.0,0.0,0.0,0.0,ABL.KA,
2025-01-03 00:00:00+05:00,122.15161847775488,122.22197379506177,119.16159129618732,121.14028930664062,23642.0,0.0,0.0,0.0,ABL.KA,
2025-01-06 00:00:00+05:00,120.48071676142075,121.84382244505704,118.76584792925432,119.6012954711914,67192.0,0.0,0.0,0.0,ABL.KA,
2025-01-07 00:00:00+05:00,117.93040049959794,120.4807168761296,117.40274235739636,117.84245300292969,40745.0,0.0,0.0,0.0,ABL.KA,
2025-01-08 00:00:00+05:00,122.59133244071066,122.59133244071066,117.8512518383952,119.64527893066406,42340.0,0.0,0.0,0.0,ABL.KA,
2025-01-09 00:00:00+05:00,121.2985818784638,121.2985818784638,117.84246237089917,119.25833129882812,82874.0,0.0,0.0,0.0,ABL.KA,
2025-01-10 00:00:00+05:00,121.2633972065806,121.2633972065806,116.98061995729773,119.31108093261719,31872.0,0.0,0.0,0.0,ABL.KA,
2025-01-13 00:00:00+05:00,120.34881417728735,120.9204326732719,118.73066873441938,119.12641906738281,3868.0,0.0,0.0,0.0,ABL.KA,
2025-01-14 00:00:00+05:00,118.7306675823096,120.82369461795751,118.7306675823096,120.47193145751953,7123.0,0.0,0.0,0.0,ABL.KA,
2025-01-15 00:00:00+05:00,120.48072882493913,121.30738706755116,118.73067545134761,121.09632110595703,10253.0,0.0,0.0,0.0,ABL.KA,
2025-01-16 00:00:00+05:00,121.34255478089217,121.34255478089217,118.89776448800251,119.42542266845703,15396.0,0.0,0.0,0.0,ABL.KA,
2025-01-17 00:00:00+05:00,120.48071541335409,121.36013669374353,118.76584660037543,120.17291259765625,37833.0,0.0,0.0,0.0,ABL.KA,
2025-01-20 00:00:00+05:00,119.16158642208873,123.99840358313293,119.16158642208873,123.5586929321289,68120.0,0.0,0.0,0.0,ABL.KA,
2025-01-21 00:00:00+05:00,124.84265284081697,124.85144222295436,121.81744144145677,123.92804718017578,19833.0,0.0,0.0,0.0,ABL.KA,
2025-01-22 00:00:00+05:00,124.42933837976058,124.43812776293073,121.43050819334624,123.1189956665039,14421.0,0.0,0.0,0.0,ABL.KA,
2025-01-23 00:00:00+05:00,121.88779905901963,124.87782614853552,121.88779905901963,122.60012817382812,28723.0,0.0,0.0,0.0,ABL.KA,
2025-01-24 00:00:00+05:00,124.40295031435652,125.66930578890971,122.67927856072636,123.13658142089844,84208.0,0.0,0.0,0.0,ABL.KA,
2025-01-27 00:00:00+05:00,123.99840666960577,124.77230172868536,121.88780085981257,122.84636688232422,12027.0,0.0,0.0,0.0,ABL.KA,
2025-01-28 00:00:00+05:00,121.38651810584852,123.11018971755986,121.3513471589949,121.73828125,19864.0,0.0,0.0,0.0,ABL.KA,
2025-01-29 00:00:00+05:00,119.61890019206396,128.48346933697815,119.61890019206396,124.43812561035156,145033.0,0.0,0.0,0.0,ABL.KA,
2025-01-30 00:00:00+05:00,124.78987806472432,126.1969575231363,122.4594169693152,123.9808120727539,45075.0,0.0,0.0,0.0,ABL.KA,
2025-01-31 00:00:00+05:00,123.11899356012982,127.51610047299161,123.11899356012982,126.18817901611328,42185.0,0.0,0.0,0.0,ABL.KA,
2025-02-03 00:00:00+05:00,126.18816362339655,128.7912430836942,124.13030764083106,126.77737426757812,33486.0,0.0,0.0,0.0,ABL.KA,
2025-02-04 00:00:00+05:00,129.97848358576812,129.97848358576812,123.1717572246416,124.47329711914062,52181.0,0.0,0.0,0.0,ABL.KA,
2025-02-06 00:00:00+05:00,124.70193981192918,124.70193981192918,122.26593911637822,123.64663696289062,36133.0,0.0,0.0,0.0,ABL.KA,
2025-02-07 00:00:00+05:00,123.1189705441157,123.99839176228795,121.79983871685731,122.68804931640625,3553.0,0.0,0.0,0.0,ABL.KA,
2025-02-10 00:00:00+05:00,122.2395582440521,123.99840080871472,121.3601369617208,123.09259796142578,33038.0,0.0,0.0,0.0,ABL.KA,
2025-02-11 00:00:00+05:00,125.247189042223,125.247189042223,121.38652979127777,122.9958724975586,102830.0,0.0,0.0,0.0,ABL.KA,
2025-02-12 00:00:00+05:00,122.67926247917435,124.78986807899675,121.37772280658066,123.11018371582031,22346.0,0.0,0.0,0.0,ABL.KA,
2025-02-13 00:00:00+05:00,124.77231118728533,124.77231118728533,122.2483626715106,122.51219177246094,1078.0,0.0,0.0,0.0,ABL.KA,
2025-02-14 00:00:00+05:00,123.11897309737928,124.87781557019899,121.88778873396674,123.11018371582031,58181.0,0.0,0.0,0.0,ABL.KA,
2025-02-17 00:00:00+05:00,125.28237872459397,125.29995749100664,110.8070965559084,114.50066375732422,23250.0,0.0,0.0,0.0,ABL.KA,
2025-02-18 00:00:00+05:00,122.85515410667922,122.85515410667922,116.56729711882367,119.10002136230469,4515.0,0.0,0.0,0.0,ABL.KA,
2025-02-19 00:00:00+05:00,119.60129693049565,123.86649560771102,119.1615862800159,120.83248138427734,4664.0,0.0,0.0,0.0,ABL.KA,
2025-02-20 00:00:00+05:00,123.08380879882425,123.08380879882425,120.56866339011691,121.720703125,3812.0,0.0,0.0,0.0,ABL.KA,
2025-02-21 00:00:00+05:00,122.54737362419877,122.54737362419877,119.64528041119705,121.4568862915039,4185.0,0.0,0.0,0.0,ABL.KA,
2025-02-24 00:00:00+05:00,122.01970993215211,122.01970993215211,119.60130126683018,120.52469635009766,20063.0,0.0,0.0,0.0,ABL.KA,
2025-02-25 00:00:00+05:00,119.68043284248002,123.33882840648175,119.68043284248002,123.11018371582031,284497.0,0.0,0.0,0.0,ABL.KA,
2025-02-26 00:00:00+05:00,120.75333444335574,123.9544273825954,120.75333444335574,123.08380889892578,29786.0,0.0,0.0,0.0,ABL.KA,
2025-02-27 00:00:00+05:00,123.10138348273027,123.11018628337598,120.95559347411367,122.01969909667969,1280.0,0.0,0.0,0.0,ABL.KA,
2025-02-28 00:00:00+05:00,122.23955286806343,123.11018473008717,120.56865787267996,120.78851318359375,76162.0,0.0,0.0,0.0,ABL.KA,
2025-03-03 00:00:00+05:00,120.48072647738572,122.22197701516693,119.6188973007533,120.81491088867188,1499.0,0.0,0.0,0.0,ABL.KA,
2025-03-04 00:00:00+05:00,120.92042916087898,122.67048238463101,120.92042916087898,121.79985046386719,9696.0,0.0,0.0,0.0,ABL.KA,
2025-03-05 00:00:00+05:00,121.7998569411973,123.03104146329366,120.54229085212066,120.61263275146484,24105.0,0.0,0.0,0.0,ABL.KA,
2025-03-06 00:00:00+05:00,122.9782647067398,122.9782647067398,120.83247470400475,121.05233001708984,64364.0,0.0,0.0,0.0,ABL.KA,
2025-03-07 00:00:00+05:00,122.94310240355523,123.11898398260666,120.52469378961118,122.24835205078125,24124.0,0.0,0.0,0.0,ABL.KA,
2025-03-10 00:00:00+05:00,121.36013275580207,121.36013275580207,120.83247463712853,120.85885620117188,61189.0,0.0,0.0,0.0,ABL.KA,
2025-03-11 00:00:00+05:00,122.15161833170117,122.15161833170117,119.61889400620447,120.55986785888672,44916.0,0.0,0.0,0.0,ABL.KA,
2025-03-12 00:00:00+05:00,119.65405828186617,121.36013772737712,118.80982136008801,119.6100845336914,51188.0,0.0,0.0,0.0,ABL.KA,
2025-03-13 00:00:00+05:00,121.41316944860023,121.41316944860023,119.59197688405375,120.18091583251953,23035.0,4.0,0.0,0.0,ABL.KA,
2025-03-14 00:00:00+05:00,120.51615100933434,122.22861970535187,119.60102691692501,121.88432312011719,10766.0,0.0,0.0,0.0,ABL.KA,
2025-03-17 00:00:00+05:00,123.19812384213269,123.19812384213269,119.6282120648519,122.3101806640625,15781.0,0.0,0.0,0.0,ABL.KA,
2025-03-18 00:00:00+05:00,120.14467752794323,123.12563653425691,120.14467752794323,121.00543975830078,10046.0,0.0,0.0,0.0,ABL.KA,
2025-03-19 00:00:00+05:00,123.19812162390554,123.19812162390554,120.23527408067854,122.29205322265625,2557.0,0.0,0.0,0.0,ABL.KA,
2025-03-20 00:00:00+05:00,122.3192314481535,122.3192314481535,120.86951650819509,122.1833267211914,1569.0,0.0,0.0,0.0,ABL.KA,
2025-03-21 00:00:00+05:00,123.17999702790395,123.18906656028804,122.22862243652344,122.22862243652344,1251.0,0.0,0.0,0.0,ABL.KA,
2025-03-24 00:00:00+05:00,123.18906692998846,123.18906692998846,121.41316676571475,121.53096008300781,3432.0,0.0,0.0,0.0,ABL.KA,
2025-03-25 00:00:00+05:00,121.53095838727238,121.77558689984303,119.60102827950912,121.36785888671875,20999.0,0.0,0.0,0.0,ABL.KA,
2025-03-26 00:00:00+05:00,121.23195970994212,122.22862669594817,119.15705524565747,120.96013641357422,2791123.0,0.0,0.0,0.0,ABL.KA,
2025-03-27 00:00:00+05:00,122.17426598162844,122.17426598162844,120.51615906582963,121.5037841796875,2554.0,0.0,0.0,0.0,ABL.KA,
2025-03-28 00:00:00+05:00,121.5037841796875,121.5037841796875,121.5037841796875,121.5037841796875,0.0,0.0,0.0,0.0,ABL.KA,
2025-03-31 00:00:00+05:00,121.5037841796875,121.5037841796875,121.5037841796875,121.5037841796875,0.0,0.0,0.0,0.0,ABL.KA,
2025-04-03 00:00:00+05:00,122.31017476424064,123.12563077051016,121.86619628386812,122.94441986083984,4033.0,0.0,0.0,0.0,ABL.KA,
2025-04-04 00:00:00+05:00,123.20717689863358,125.85289496194184,123.20717689863358,123.89579772949219,67580.0,0.0,0.0,0.0,ABL.KA,
2025-04-07 00:00:00+05:00,123.89580923556161,124.13138206375527,117.78890268823493,120.56147003173828,69053.0,0.0,0.0,0.0,ABL.KA,
2025-04-08 00:00:00+05:00,121.41317024498436,122.31923867964842,121.41317024498436,121.42222595214844,49572.0,0.0,0.0,0.0,ABL.KA,
2025-04-09 00:00:00+05:00,123.21624629009398,123.21624629009398,120.5070968057743,121.44940185546875,16132.0,0.0,0.0,0.0,ABL.KA,
2025-04-10 00:00:00+05:00,123.21623514084234,123.21623514084234,121.22287378732793,121.40409851074219,26621.0,0.0,0.0,0.0,ABL.KA,
2025-04-11 00:00:00+05:00,122.31923210889774,123.22530049488957,119.60102695092222,120.50709533691406,434724.0,0.0,0.0,0.0,ABL.KA,
2025-04-14 00:00:00+05:00,122.21051228856601,122.21051228856601,120.59771161525721,121.3950424194336,8458.0,0.0,0.0,0.0,ABL.KA,
2025-04-15 00:00:00+05:00,121.86620124526988,121.86620124526988,118.60434943638337,118.85804748535156,89239.0,0.0,0.0,0.0,ABL.KA,
2025-04-16 00:00:00+05:00,119.5104210954328,120.46179571767537,117.65299186332484,117.87950897216797,192965.0,0.0,0.0,0.0,ABL.KA,
2025-04-17 00:00:00+05:00,117.78889957207723,118.64966184231014,116.9009563541375,117.68017578125,20467.0,0.0,0.0,0.0,ABL.KA,
2025-04-18 00:00:00+05:00,117.7979418261243,117.7979418261243,115.7955385043717,115.85896301269531,76072.0,0.0,0.0,0.0,ABL.KA,
2025-04-21 00:00:00+05:00,115.85896918792714,120.04500769865749,115.85896918792714,119.3835678100586,63183.0,0.0,0.0,0.0,ABL.KA,
2025-04-22 00:00:00+05:00,120.50709487450426,120.50709487450426,118.24192391821659,119.51041412353516,18634.0,0.0,0.0,0.0,ABL.KA,
2025-04-23 00:00:00+05:00,119.78223402840126,120.39836770041458,117.9247911314795,118.087890625,6368.0,0.0,0.0,0.0,ABL.KA,
2025-04-24 00:00:00+05:00,117.7888996977358,120.47992412764006,117.33586546812913,117.76171875,47001.0,0.0,0.0,0.0,ABL.KA,
2025-04-25 00:00:00+05:00,117.78889426900379,118.69496268645767,115.52372322536911,117.77983856201172,80391.0,0.0,0.0,0.0,ABL.KA,
2025-04-28 00:00:00+05:00,118.68589969941037,120.04500224222542,117.78888704397028,119.40168762207031,64700.0,0.0,0.0,0.0,ABL.KA,
2025-04-29 00:00:00+05:00,119.78224112104452,122.31923543592809,117.33585917742731,121.69404602050781,51324.0,0.0,0.0,0.0,ABL.KA,
2025-04-30 00:00:00+05:00,119.61008094056486,122.30110511437074,119.61008094056486,121.48564910888672,68854.0,0.0,0.0,0.0,ABL.KA,
2025-05-02 00:00:00+05:00,121.4131608779728,123.21624190102935,120.96012669559231,122.16519927978516,174947.0,0.0,0.0,0.0,ABL.KA,
2025-05-05 00:00:00+05:00,124.65836404653696,124.65836404653696,121.36215526066863,121.39016723632812,62197.0,4.0,0.0,0.0,ABL.KA,
2025-05-06 00:00:00+05:00,122.32393479747617,122.32393479747617,118.68222844357031,120.33499908447266,25480.0,0.0,0.0,0.0,ABL.KA,
2025-05-07 00:00:00+05:00,113.92000503785346,120.91395146010592,113.92000503785346,116.74932861328125,14089.0,0.0,0.0,0.0,ABL.KA,
2025-05-08 00:00:00+05:00,120.44707080501412,120.44707080501412,115.78755053710938,116.72132110595703,189004.0,0.0,0.0,0.0,ABL.KA,
2025-05-09 00:00:00+05:00,116.81469200710747,119.98951323743226,116.72131637882515,116.94541931152344,42495.0,0.0,0.0,0.0,ABL.KA,
2025-05-12 00:00:00+05:00,125.1159197007356,125.1159197007356,117.7111119143928,122.4453353881836,149961.0,0.0,0.0,0.0,ABL.KA,
2025-05-13 00:00:00+05:00,123.21101983837852,123.21101983837852,118.58885851745774,119.37322235107422,174694.0,0.0,0.0,0.0,ABL.KA,
2025-05-14 00:00:00+05:00,118.58885508991071,119.98951085868917,118.32740048626196,118.61686706542969,70328.0,0.0,0.0,0.0,ABL.KA,
2025-05-15 00:00:00+05:00,120.31633971482977,120.31633971482977,118.58885851745774,119.37322235107422,36927.0,0.0,0.0,0.0,ABL.KA,
2025-05-16 00:00:00+05:00,118.63554518858034,120.35367949355725,118.63554518858034,119.5506362915039,26538.0,0.0,0.0,0.0,ABL.KA,
2025-05-19 00:00:00+05:00,119.52262851126467,121.01666706693852,118.64488192842185,120.5497817993164,39323.0,0.0,0.0,0.0,ABL.KA,
2025-05-20 00:00:00+05:00,120.91394935810489,120.96997330940357,119.13044425132443,120.41905212402344,21019.0,0.0,0.0,0.0,ABL.KA,
2025-05-21 00:00:00+05:00,120.59646263307897,121.29679055603114,119.2891895428515,119.74674224853516,24031.0,0.0,0.0,0.0,ABL.KA,
2025-05-22 00:00:00+05:00,120.4377286462744,120.45640804787328,119.55064942114498,119.61602020263672,21654.0,0.0,0.0,0.0,ABL.KA,
2025-05-23 00:00:00+05:00,121.18473734909053,121.18473734909053,118.12197117315311,119.5319595336914,45873.0,0.0,0.0,0.0,ABL.KA,
2025-05-26 00:00:00+05:00,119.55064206985118,119.61601284732319,118.58885954567594,119.46660614013672,17597.0,0.0,0.0,0.0,ABL.KA,
2025-05-27 00:00:00+05:00,118.59819533078374,119.47593477216502,117.66442481400526,119.14911651611328,6297.0,0.0,0.0,0.0,ABL.KA,
2025-05-28 00:00:00+05:00,119.14911651611328,119.14911651611328,119.14911651611328,119.14911651611328,0.0,0.0,0.0,0.0,ABL.KA,
2025-05-29 00:00:00+05:00,119.51328670432032,119.98951166364881,118.40210463135874,118.9530258178711,33012.0,0.0,0.0,0.0,ABL.KA,
2025-05-30 00:00:00+05:00,119.75607168231323,121.56758880852696,118.58885850802169,121.12871551513672,74566.0,0.0,0.0,0.0,ABL.KA,
2025-06-02 00:00:00+05:00,121.12870939737641,121.16605394785623,118.59819221821179,119.60665893554688,47420.0,0.0,0.0,0.0,ABL.KA,
2025-06-03 00:00:00+05:00,120.26965437201935,121.01667369074413,118.75694345744859,120.45640563964844,116545.0,0.0,0.0,0.0,ABL.KA,
2025-06-04 00:00:00+05:00,120.45639344262294,129.3272131147541,120.45639344262294,128.524169921875,409153.0,0.0,0.0,0.0,ABL.KA,
2025-06-05 00:00:00+05:00,128.44014459894925,128.44014459894925,125.91896691261755,126.068359375,31162.0,0.0,0.0,0.0,ABL.KA,
2025-06-06 00:00:00+05:00,126.068359375,126.068359375,126.068359375,126.068359375,0.0,0.0,0.0,0.0,ABL.KA,
2025-06-09 00:00:00+05:00,126.068359375,126.068359375,126.068359375,126.068359375,0.0,0.0,0.0,0.0,ABL.KA,
2025-06-10 00:00:00+05:00,126.20842007603775,133.52917713728135,126.08702535557775,129.81277465820312,119056.0,0.0,0.0,0.0,ABL.KA,
2025-06-11 00:00:00+05:00,132.5674054320507,135.38739646784333,128.16933989527405,132.27793884277344,93098.0,0.0,0.0,0.0,ABL.KA,
2025-06-12 00:00:00+05:00,130.72787684024738,137.26427068225973,129.85013024460673,133.29574584960938,186539.0,0.0,0.0,0.0,ABL.KA,
2025-06-13 00:00:00+05:00,134.45362103073984,134.45362103073984,128.98172526543604,129.38323974609375,40634.0,0.0,0.0,0.0,ABL.KA,
2025-06-16 00:00:00+05:00,129.38323974609375,129.38323974609375,129.38323974609375,129.38323974609375,0.0,0.0,0.0,0.0,ABL.KA,
2025-06-17 00:00:00+05:00,129.7941057824065,135.3967290535895,128.16000732831145,133.68792724609375,25060.0,0.0,0.0,0.0,ABL.KA,
2025-06-18 00:00:00+05:00,131.75502392188338,137.21757282584505,131.75502392188338,133.3330841064453,21090.0,0.0,0.0,0.0,ABL.KA,
2025-06-19 00:00:00+05:00,134.91116219862778,135.3780474636753,128.8603331531103,131.0266876220703,125843.0,0.0,0.0,0.0,ABL.KA,
2025-06-20 00:00:00+05:00,131.2414482470879,133.52918315072816,131.101374121432,131.57760620117188,69775.0,0.0,0.0,0.0,ABL.KA,
2025-06-23 00:00:00+05:00,130.72787687402467,130.72787687402467,127.45967995217406,127.842529296875,18729.0,0.0,0.0,0.0,ABL.KA,
2025-06-24 00:00:00+05:00,128.95372965539346,133.49185548547166,127.92657626348333,128.16001892089844,158297.0,0.0,0.0,0.0,ABL.KA,
2025-06-25 00:00:00+05:00,130.49442589427775,132.59540949543785,128.2066910448781,132.42733764648438,199010.0,0.0,0.0,0.0,ABL.KA,
2025-06-26 00:00:00+05:00,132.45536832792365,132.57674881990803,125.12526325158808,126.4605484008789,124758.0,0.0,0.0,0.0,ABL.KA,
2025-06-27 00:00:00+05:00,128.8603352570705,133.0623027111054,127.9265647117294,131.93243408203125,131188.0,0.0,0.0,0.0,ABL.KA,
2025-06-30 00:00:00+05:00,131.93243880996957,133.9213747022482,129.84080183230247,131.66165161132812,161888.0,0.0,0.0,0.0,ABL.KA,
2025-07-01 00:00:00+05:00,132.5860758850055,143.80065424586422,129.7940970141242,140.81259155273438,301875.0,0.0,0.0,0.0,ABL.KA,
2025-07-02 00:00:00+05:00,140.76591067300862,148.46951772476532,138.29142441021236,144.687744140625,183086.0,0.0,0.0,0.0,ABL.KA,
2025-07-03 00:00:00+05:00,144.73443913962623,147.51707146390913,142.40001270189032,146.61131286621094,205169.0,0.0,0.0,0.0,ABL.KA,
2025-07-04 00:00:00+05:00,146.69535624260865,156.87344933977533,143.90337722321863,151.4295654296875,307886.0,0.0,0.0,0.0,ABL.KA,
2025-07-07 00:00:00+05:00,150.5705028467849,157.8072246890335,150.5705028467849,156.61199951171875,150541.0,0.0,0.0,0.0,ABL.KA,
2025-07-08 00:00:00+05:00,159.5813792967651,160.5898531879177,156.8734504349684,158.73165893554688,82981.0,0.0,0.0,0.0,ABL.KA,
2025-07-09 00:00:00+05:00,156.87346564677108,160.50583282306854,155.00592438907142,157.41505432128906,18822.0,0.0,0.0,0.0,ABL.KA,
2025-07-10 00:00:00+05:00,159.3852944218904,159.3946269978577,155.93967887833844,158.63827514648438,71378.0,0.0,0.0,0.0,ABL.KA,
2025-07-11 00:00:00+05:00,156.87346010403735,158.74100129575208,152.20460712475054,153.36248779296875,186252.0,0.0,0.0,0.0,ABL.KA,
2025-07-14 00:00:00+05:00,153.418505199441,168.6949920654297,153.418505199441,168.6949920654297,770734.0,0.0,0.0,0.0,ABL.KA,
2025-07-15 00:00:00+05:00,173.7747039596491,185.56821624307858,173.6813212059542,185.5588836669922,1392563.0,0.0,0.0,0.0,ABL.KA,
2025-07-16 00:00:00+05:00,191.23620923821588,203.56197750346294,186.76344037737744,191.7964630126953,1349304.0,0.0,0.0,0.0,ABL.KA,
2025-07-17 00:00:00+05:00,192.35672480301258,203.64600683426042,191.42295429426008,195.69029235839844,1450450.0,0.0,0.0,0.0,ABL.KA,
2025-07-18 00:00:00+05:00,197.81930426902528,197.9500315810878,185.3534612513277,189.06053161621094,312886.0,0.0,0.0,0.0,ABL.KA,
2025-07-21 00:00:00+05:00,189.06052055316061,193.16910519031526,186.75410620171283,188.7430419921875,200460.0,0.0,0.0,0.0,ABL.KA,
2025-07-22 00:00:00+05:00,191.42296730042474,205.24277461858483,189.55542615603034,192.3380584716797,1427695.0,0.0,0.0,0.0,ABL.KA,
2025-07-23 00:00:00+05:00,194.2242827803609,197.95936514152172,189.64881258722235,191.53501892089844,591777.0,0.0,0.0,0.0,ABL.KA,
2025-07-24 00:00:00+05:00,192.35672658956167,194.2242676244118,181.33823163430455,183.05636596679688,441985.0,0.0,0.0,0.0,ABL.KA,
2025-07-25 00:00:00+05:00,183.112426959501,185.8203560978238,174.14822317710625,175.85702514648438,651078.0,0.0,0.0,0.0,ABL.KA,
2025-07-28 00:00:00+05:00,176.4826284492152,180.58188046601737,165.74426745891904,167.3223419189453,376113.0,0.0,0.0,0.0,ABL.KA,
2025-07-29 00:00:00+05:00,167.32234349154086,180.20837965064842,161.54230163316137,165.80029296875,1457615.0,0.0,0.0,0.0,ABL.KA,
2025-07-30 00:00:00+05:00,166.95817205572064,172.7475464380573,166.21115278904972,170.48782348632812,563891.0,0.0,0.0,0.0,ABL.KA,
2025-07-31 00:00:00+05:00,170.31039646250943,172.9249566436428,168.19073349355196,171.12277221679688,292158.0,0.0,0.0,0.0,ABL.KA,
2025-08-01 00:00:00+05:00,171.81377171656678,172.84092496415516,169.94623071964756,171.24417114257812,90871.0,0.0,0.0,0.0,ABL.KA,
2025-08-04 00:00:00+05:00,172.74755596866686,174.52171435771044,170.0956509614746,172.32736206054688,252784.0,0.0,0.0,0.0,ABL.KA,
2025-08-05 00:00:00+05:00,174.52172557343192,174.52172557343192,171.35624369812484,172.2059783935547,20796.0,0.0,0.0,0.0,ABL.KA,
2025-08-06 00:00:00+05:00,168.54559891131052,177.22966863006695,168.54559891131052,175.27809143066406,225848.0,0.0,0.0,0.0,ABL.KA,
2025-08-07 00:00:00+05:00,175.3154149331495,177.41639860079044,172.7475460060328,174.48435974121094,147902.0,0.0,0.0,0.0,ABL.KA,
2025-08-08 00:00:00+05:00,175.54886074266844,177.41640181439894,174.14820493887055,174.5123748779297,83813.0,0.0,0.0,0.0,ABL.KA,
2025-08-11 00:00:00+05:00,174.51238374742087,177.39773143032082,173.6813284981912,176.3052215576172,118451.0,0.0,0.0,0.0,ABL.KA,
2025-08-12 00:00:00+05:00,176.57600977393255,177.60314878969416,169.95556600563734,175.17535400390625,85082.0,0.0,0.0,0.0,ABL.KA,
2025-08-13 00:00:00+05:00,175.5488533236512,175.5488533236512,173.68131233084642,174.70846557617188,109210.0,0.0,0.0,0.0,ABL.KA,
2025-08-15 00:00:00+05:00,174.2415939191436,178.35017872450874,173.6813258783174,176.7627716064453,75429.0,0.0,0.0,0.0,ABL.KA,
2025-08-18 00:00:00+05:00,177.40707029978378,179.2559319823602,176.2958810757429,176.89349365234375,47726.0,0.0,0.0,0.0,ABL.KA,
2025-08-19 00:00:00+05:00,177.41640286591792,179.23725257200553,176.48263232451833,178.21011352539062,88920.0,0.0,0.0,0.0,ABL.KA,
2025-08-20 00:00:00+05:00,179.75082501938664,181.12346882302765,178.35016924001482,180.2830810546875,149718.0,0.0,0.0,0.0,ABL.KA,
2025-08-21 00:00:00+05:00,182.55214526726698,183.01903054928047,172.8502696769554,174.38165283203125,148386.0,0.0,0.0,0.0,ABL.KA,
2025-08-22 00:00:00+05:00,172.74755902613308,177.4164119727853,172.74755902613308,174.6431121826172,57085.0,0.0,0.0,0.0,ABL.KA,
2025-08-25 00:00:00+05:00,174.72713544831242,176.37058068523712,172.7475465018794,173.2144317626953,39867.0,0.0,0.0,0.0,ABL.KA,
2025-08-26 00:00:00+05:00,175.54886288598843,175.54886288598843,169.01246905512716,170.31040954589844,136192.0,0.0,0.0,0.0,ABL.KA,
2025-08-27 00:00:00+05:00,172.56080590615704,172.56080590615704,168.0880368522648,168.90975952148438,30857.0,0.0,0.0,0.0,ABL.KA,
2025-08-28 00:00:00+05:00,170.87067383052658,170.87067383052658,166.30453652434838,167.07022094726562,174750.0,0.0,0.0,0.0,ABL.KA,
2025-08-29 00:00:00+05:00,170.01202159061765,170.91938620677254,167.15619643073072,169.2861328125,117662.0,4.0,0.0,0.0,ABL.KA,
2025-09-01 00:00:00+05:00,169.2861295769486,170.96714203973846,168.5793327933734,169.3052215576172,47612.0,0.0,0.0,0.0,ABL.KA,
2025-09-02 00:00:00+05:00,169.3052275180869,170.95760206804647,163.43122239484416,167.1944122314453,142724.0,0.0,0.0,0.0,ABL.KA,
2025-09-03 00:00:00+05:00,167.95849447707474,169.53444262112396,166.15331141747862,166.7454833984375,99040.0,0.0,0.0,0.0,ABL.KA,
2025-09-04 00:00:00+05:00,167.14664714200745,168.57933268893893,164.57736206266534,166.27748107910156,62932.0,0.0,0.0,0.0,ABL.KA,
2025-09-05 00:00:00+05:00,167.62420234077024,168.10176417080095,166.33477957007523,166.80279541015625,54453.0,0.0,0.0,0.0,ABL.KA,
2025-09-08 00:00:00+05:00,168.0922178499917,168.91362477898892,166.1915165235598,166.2201690673828,91868.0,0.0,0.0,0.0,ABL.KA,
2025-09-09 00:00:00+05:00,168.09220598192266,168.10175197117954,165.7139429943162,165.87631225585938,129489.0,0.0,0.0,0.0,ABL.KA,
2025-09-10 00:00:00+05:00,166.1819658135869,167.6050906964769,165.2363881721935,165.56112670898438,40298.0,0.0,0.0,0.0,ABL.KA,
2025-09-11 00:00:00+05:00,165.56113317263842,167.45228852925763,164.28127095482745,164.61557006835938,65307.0,0.0,0.0,0.0,ABL.KA,
2025-09-12 00:00:00+05:00,164.90208760613316,165.23638670364267,163.32613945851384,163.60311889648438,53059.0,0.0,0.0,0.0,ABL.KA,
2025-09-15 00:00:00+05:00,163.51716605554446,164.2812678907727,162.8485824149811,163.88966369628906,30114.0,0.0,0.0,0.0,ABL.KA,
2025-09-16 00:00:00+05:00,164.281264991091,164.281264991091,162.8485795405873,163.32614135742188,64234.0,0.0,0.0,0.0,ABL.KA,
2025-09-17 00:00:00+05:00,163.8037106207119,163.8037106207119,162.41878420373945,163.22108459472656,41051.0,0.0,0.0,0.0,ABL.KA,
2025-09-18 00:00:00+05:00,163.32615458590269,164.75884015244569,162.89635183074603,163.9756317138672,76218.0,0.0,0.0,0.0,ABL.KA,
2025-09-19 00:00:00+05:00,164.75883356129697,164.75883356129697,162.1800025594915,162.42832946777344,161660.0,0.0,0.0,0.0,ABL.KA,
2025-09-22 00:00:00+05:00,163.3261358904883,164.27171350282072,160.460765085392,161.50184631347656,96490.0,0.0,0.0,0.0,ABL.KA,
2025-09-23 00:00:00+05:00,161.50184631347656,161.50184631347656,161.50184631347656,161.50184631347656,0.0,0.0,0.0,0.0,ABL.KA,
2025-09-24 00:00:00+05:00,160.2697560755909,162.31372016345253,159.98321605739835,160.77597045898438,108012.0,0.0,0.0,0.0,ABL.KA,
2025-09-25 00:00:00+05:00,161.4159110830451,162.12270789301868,159.50566361460668,160.81417846679688,33526.0,0.0,0.0,0.0,ABL.KA,
2025-09-26 00:00:00+05:00,159.50564644128795,164.4245273133085,159.50564644128795,160.6708984375,313529.0,0.0,0.0,0.0,ABL.KA,
2025-09-29 00:00:00+05:00,162.37101582061902,164.2812630655675,161.47319728364846,162.43788146972656,329318.0,0.0,0.0,0.0,ABL.KA,
2025-09-30 00:00:00+05:00,162.37101960629784,169.5344469418698,162.37101960629784,164.2144012451172,430926.0,0.0,0.0,0.0,ABL.KA,
2025-10-01 00:00:00+05:00,165.23639944805078,168.1017705367453,164.28127575181927,167.3949737548828,381808.0,0.0,0.0,0.0,ABL.KA,
2025-10-02 00:00:00+05:00,168.1017700085123,184.13829040527344,168.00625180957687,184.13829040527344,1765109.0,0.0,0.0,0.0,ABL.KA,
2025-10-03 00:00:00+05:00,186.24910484061962,187.67224427297558,175.27472926259085,176.0579376220703,721770.0,0.0,0.0,0.0,ABL.KA,
2025-10-06 00:00:00+05:00,179.5632466854528,181.425734893182,176.22031390141512,177.81536865234375,362558.0,0.0,0.0,0.0,ABL.KA,
2025-10-07 00:00:00+05:00,177.81536865234375,177.81536865234375,177.81536865234375,177.81536865234375,0.0,0.0,0.0,0.0,ABL.KA,
2025-10-08 00:00:00+05:00,191.9512057616743,193.8901056522746,186.26822282115515,188.57962036132812,746363.0,0.0,0.0,0.0,ABL.KA,
2025-10-09 00:00:00+05:00,189.11449503229832,194.99806059773732,184.33887647087664,189.05718994140625,831254.0,0.0,0.0,0.0,ABL.KA,
2025-10-10 00:00:00+05:00,189.35326506911525,189.35326506911525,184.3484118579641,187.06097412109375,217900.0,0.0,0.0,0.0,ABL.KA,
2025-10-13 00:00:00+05:00,186.24912182765178,186.24912182765178,179.57280190625553,179.87844848632812,176768.0,0.0,0.0,0.0,ABL.KA,
2025-10-14 00:00:00+05:00,180.56612953596942,189.1335898703226,180.56612953596942,186.64071655273438,479594.0,0.0,0.0,0.0,ABL.KA,
2025-10-15 00:00:00+05:00,189.1144784867455,201.1490420382413,188.92345667580733,196.6695098876953,1491478.0,0.0,0.0,0.0,ABL.KA,
2025-10-16 00:00:00+05:00,198.66571961197198,202.4957602097634,196.6599541132005,196.9560546875,687217.0,0.0,0.0,0.0,ABL.KA,
2025-10-17 00:00:00+05:00,197.71059392358944,198.57019937190603,191.01518243881827,193.46029663085938,268883.0,0.0,0.0,0.0,ABL.KA,
2025-10-20 00:00:00+05:00,194.13842776491555,199.62084276009736,193.46029813517794,197.11842346191406,259961.0,0.0,0.0,0.0,ABL.KA,
2025-10-21 00:00:00+05:00,198.64660159266464,202.48620253274012,196.41161587379673,197.19482421875,517108.0,0.0,0.0,0.0,ABL.KA,
2025-10-22 00:00:00+05:00,197.194838447048,197.194838447048,191.02473315361286,193.74684143066406,139909.0,0.0,0.0,0.0,ABL.KA,
2025-10-23 00:00:00+05:00,196.7554728949287,196.7554728949287,183.38374172731218,185.15072631835938,500684.0,0.0,0.0,0.0,ABL.KA,
2025-10-24 00:00:00+05:00,185.29399324146814,185.29399324146814,178.60812750595124,181.29202270507812,157188.0,0.0,0.0,0.0,ABL.KA,
2025-10-27 00:00:00+05:00,181.29203274812923,184.3388797768033,175.7905253133589,181.70274353027344,108025.0,0.0,0.0,0.0,ABL.KA,
2025-10-28 00:00:00+05:00,184.24336232673465,184.24336232673465,177.7580785901038,178.5603790283203,95300.0,0.0,0.0,0.0,ABL.KA,
2025-10-29 00:00:00+05:00,177.6720965225136,179.3913219208977,175.7427427657698,176.12478637695312,57729.0,0.0,0.0,0.0,ABL.KA,
2025-10-30 00:00:00+05:00,176.69788132522277,181.37798154152176,174.31007211812516,174.7494354248047,110194.0,0.0,0.0,0.0,ABL.KA,
2025-10-31 00:00:00+05:00,177.71790334257034,181.6237913281213,174.98377877272858,180.5008544921875,139448.0,4.0,0.0,0.0,ABL.KA,
2025-11-03 00:00:00+05:00,179.67084754809449,184.94379037491996,179.66108819203995,181.2234344482422,123143.0,0.0,0.0,0.0,ABL.KA,
2025-11-04 00:00:00+05:00,180.64731165363665,184.44578696214626,179.67083969875213,179.95401000976562,108775.0,0.0,0.0,0.0,ABL.KA,
2025-11-05 00:00:00+05:00,179.1826082701472,181.3796702244133,178.6943722803103,178.88966369628906,135141.0,0.0,0.0,0.0,ABL.KA,
2025-11-06 00:00:00+05:00,180.59848883777147,180.59848883777147,177.22966350320374,178.95802307128906,16646.0,0.0,0.0,0.0,ABL.KA,
2025-11-07 00:00:00+05:00,176.85858984923453,180.6277720663733,173.90965537089264,176.42893981933594,84191.0,0.0,0.0,0.0,ABL.KA,
2025-11-10 00:00:00+05:00,179.64155348749685,179.64155348749685,166.00999792879213,175.1204833984375,68368.0,0.0,0.0,0.0,ABL.KA,
2025-11-11 00:00:00+05:00,175.12047126092426,175.12047126092426,167.08411149895224,169.16400146484375,101830.0,0.0,0.0,0.0,ABL.KA,
2025-11-12 00:00:00+05:00,169.8084756596879,172.44496199223744,166.00024080121912,166.69354248046875,127898.0,0.0,0.0,0.0,ABL.KA,
2025-11-13 00:00:00+05:00,166.98646104907954,170.83376287557522,166.97670169360282,167.44540405273438,41394.0,0.0,0.0,0.0,ABL.KA,
2025-11-14 00:00:00+05:00,168.4902362393366,170.77517700315744,167.95317369234127,168.9589385986328,259043.0,0.0,0.0,0.0,ABL.KA,
2025-11-17 00:00:00+05:00,169.4178781520992,171.37082199246922,169.4178781520992,170.5603485107422,52288.0,0.0,0.0,0.0,ABL.KA,
2025-11-18 00:00:00+05:00,171.53682460834065,173.8120060257524,168.9296463059279,169.3788299560547,106943.0,0.0,0.0,0.0,ABL.KA,
2025-11-19 00:00:00+05:00,170.8728277698713,170.88258712521508,168.73435186702537,168.9784698486328,27131.0,0.0,0.0,0.0,ABL.KA,
2025-11-20 00:00:00+05:00,168.93940319369187,172.83553155712036,167.96293126399064,170.00376892089844,122065.0,0.0,0.0,0.0,ABL.KA,
2025-11-21 00:00:00+05:00,170.87282977906509,172.83553301034675,168.93940461415906,170.6580047607422,49679.0,0.0,0.0,0.0,ABL.KA,
2025-11-24 00:00:00+05:00,172.32777465405286,172.34730826602149,170.88260026376068,171.53683471679688,14636.0,0.0,0.0,0.0,ABL.KA,
2025-11-25 00:00:00+05:00,172.32775975890272,172.76716914164456,170.6384675142477,171.35128784179688,16933.0,0.0,0.0,0.0,ABL.KA,
2025-11-26 00:00:00+05:00,170.14047564901327,173.27494222257914,169.02729823694082,171.5661163330078,27260.0,0.0,0.0,0.0,ABL.KA,
2025-11-27 00:00:00+05:00,171.85906280486134,173.81200670037114,170.9021244679998,173.54835510253906,33940.0,0.0,0.0,0.0,ABL.KA,
2025-11-28 00:00:00+05:00,173.5581271298125,176.93671168179515,173.54835287460156,176.59495544433594,38380.0,0.0,0.0,0.0,ABL.KA,
2025-12-01 00:00:00+05:00,180.10048812777487,180.10048812777487,176.74142224913055,178.2744903564453,76333.0,0.0,0.0,0.0,ABL.KA,
2025-12-02 00:00:00+05:00,178.27449707004206,180.53014496657747,177.33707741055437,178.09872436523438,29583.0,0.0,0.0,0.0,ABL.KA,
2025-12-03 00:00:00+05:00,178.69436799996467,179.6708399562486,174.7884801748288,175.41342163085938,63576.0,0.0,0.0,0.0,ABL.KA,
2025-12-04 00:00:00+05:00,173.91941599254037,176.73165991796824,173.91941599254037,175.75518798828125,41052.0,0.0,0.0,0.0,ABL.KA,
2025-12-05 00:00:00+05:00,175.76496056930662,178.6748429667933,174.3002525645624,174.6810760498047,38087.0,0.0,0.0,0.0,ABL.KA,
2025-12-08 00:00:00+05:00,175.81377824232578,177.71789557207063,174.78847971099253,177.41519165039062,34230.0,0.0,0.0,0.0,ABL.KA,
2025-12-09 00:00:00+05:00,177.41519563290163,179.67084351260047,176.7414275857646,178.6553192138672,96730.0,0.0,0.0,0.0,ABL.KA,
2025-12-10 00:00:00+05:00,179.56342078827217,179.56342078827217,177.72764881058478,178.73341369628906,32763.0,0.0,0.0,0.0,ABL.KA,
2025-12-11 00:00:00+05:00,177.0050691789905,179.67083334968632,177.0050691789905,178.4307098388672,11633.0,0.0,0.0,0.0,ABL.KA,
2025-12-12 00:00:00+05:00,178.2061397687329,178.6943757680993,171.8590717769698,177.59095764160156,28533.0,0.0,0.0,0.0,ABL.KA,
2025-12-15 00:00:00+05:00,178.4404885733213,178.65531359317967,175.56965867137671,175.8528289794922,145130.0,0.0,0.0,0.0,ABL.KA,
2025-12-16 00:00:00+05:00,174.79824144353765,177.59095186506556,173.61671870737953,175.5794219970703,62801.0,0.0,0.0,0.0,ABL.KA,
2025-12-17 00:00:00+05:00,176.7414306886321,176.7414306886321,172.85507632940616,175.7259063720703,64363.0,0.0,0.0,0.0,ABL.KA,
2025-12-18 00:00:00+05:00,176.73166910845165,179.3778998316376,176.30201905308186,178.2842559814453,148398.0,0.0,0.0,0.0,ABL.KA,
2025-12-19 00:00:00+05:00,178.51861477156226,178.51861477156226,175.76495663242653,176.16531372070312,29559.0,0.0,0.0,0.0,ABL.KA,
2025-12-22 00:00:00+05:00,177.2491935455703,177.70813655666686,174.36860425661806,176.01882934570312,26428.0,0.0,0.0,0.0,ABL.KA,
2025-12-23 00:00:00+05:00,176.0188253787119,177.69835829640894,174.7884761063531,176.292236328125,33682.0,0.0,0.0,0.0,ABL.KA,
2025-12-24 00:00:00+05:00,175.34507600394318,178.47954263369851,174.847065771339,176.80978393554688,34646.0,0.0,0.0,0.0,ABL.KA,
2025-12-26 00:00:00+05:00,177.20036304291395,178.10847478957817,175.76494810804923,177.80577087402344,83908.0,0.0,0.0,0.0,ABL.KA,
2025-12-29 00:00:00+05:00,177.80577582223995,179.51460175417924,175.77471235516137,178.37213134765625,53889.0,0.0,0.0,0.0,ABL.KA,
2025-12-30 00:00:00+05:00,178.93849071970277,178.93849071970277,178.20613673312826,178.70413208007812,30191.0,0.0,0.0,0.0,ABL.KA,
2025-12-31 00:00:00+05:00,178.20613599164804,179.67084395870268,175.76495604655696,178.46978759765625,164272.0,0.0,0.0,0.0,ABL.KA,
2026-01-01 00:00:00+05:00,178.46978759765625,178.46978759765625,178.46978759765625,178.46978759765625,0.0,0.0,0.0,0.0,ABL.KA,
2026-01-02 00:00:00+05:00,182.6002578714512,186.01790975674572,182.3756734909273,185.0804901123047,126515.0,0.0,0.0,0.0,ABL.KA,
2026-01-05 00:00:00+05:00,185.08048562145544,194.80615273495303,185.08048562145544,191.2908477783203,329069.0,0.0,0.0,0.0,ABL.KA,
2026-01-06 00:00:00+05:00,191.3885035562108,195.01122107228494,186.53543673833877,193.39027404785156,254271.0,0.0,0.0,0.0,ABL.KA,
2026-01-07 00:00:00+05:00,195.00144325506844,195.00144325506844,189.78708667630826,193.4781494140625,108840.0,0.0,0.0,0.0,ABL.KA,
2026-01-08 00:00:00+05:00,195.17721313189887,199.20027269486584,193.03873723223933,197.61839294433594,199440.0,0.0,0.0,0.0,ABL.KA,
2026-01-09 00:00:00+05:00,197.73557550545834,200.07910229227772,195.29439556094653,195.6556854248047,113962.0,0.0,0.0,0.0,ABL.KA,
2026-01-12 00:00:00+05:00,197.24733633274425,197.24733633274425,192.31614994446971,192.41380310058594,133942.0,0.0,0.0,0.0,ABL.KA,
2026-01-13 00:00:00+05:00,192.42356694610172,194.31792498063146,189.53321821488976,193.1656951904297,123182.0,0.0,0.0,0.0,ABL.KA,
2026-01-14 00:00:00+05:00,193.3414507865769,194.31792276024646,191.38850683923772,192.6969757080078,36685.0,0.0,0.0,0.0,ABL.KA,
2026-01-15 00:00:00+05:00,190.41202512335633,192.36496897077538,188.9277836273797,189.14260864257812,63873.0,0.0,0.0,0.0,ABL.KA,
2026-01-16 00:00:00+05:00,189.14260925828947,195.27485176716507,189.14260925828947,193.80038452148438,102681.0,0.0,0.0,0.0,ABL.KA,
2026-01-19 00:00:00+05:00,194.3179232844814,196.26110788124697,193.34145130817745,195.23580932617188,86331.0,0.0,0.0,0.0,ABL.KA,
2026-01-20 00:00:00+05:00,195.19674411523764,206.02582976790197,193.34145330104872,202.48123168945312,302599.0,0.0,0.0,0.0,ABL.KA,
2026-01-21 00:00:00+05:00,203.50651978863007,209.94146627190085,201.64145481463964,203.65298461914062,228045.0,0.0,0.0,0.0,ABL.KA,
2026-01-22 00:00:00+05:00,205.93793537225076,205.93793537225076,201.1044020335998,201.75863647460938,48963.0,0.0,0.0,0.0,ABL.KA,
2026-01-23 00:00:00+05:00,201.75863842542287,203.53582460457466,195.3041579557115,198.78041076660156,70652.0,0.0,0.0,0.0,ABL.KA,
2026-01-26 00:00:00+05:00,196.8274666516089,200.14746546571592,196.27087046407004,197.87228393554688,42898.0,0.0,0.0,0.0,ABL.KA,
2026-01-27 00:00:00+05:00,199.20027768950246,200.1767496389608,197.2668674015132,198.18475341796875,41629.0,0.0,0.0,0.0,ABL.KA,
2026-01-28 00:00:00+05:00,198.22381135091518,198.22381135091518,197.24733937381706,197.77462768554688,13671.0,0.0,0.0,0.0,ABL.KA,
2026-01-29 00:00:00+05:00,201.15322201469132,201.15322201469132,193.4390995575349,194.66944885253906,137995.0,0.0,0.0,0.0,ABL.KA,
2026-01-30 00:00:00+05:00,194.69874757252654,199.20028399808226,192.36498013540296,195.16744995117188,37554.0,0.0,0.0,0.0,ABL.KA,
2026-02-02 00:00:00+05:00,195.1674527744659,197.24734289069846,192.36498291815644,193.33169555664062,46307.0,0.0,0.0,0.0,ABL.KA,
2026-02-03 00:00:00+05:00,193.3414448572298,197.14967947783921,193.3414448572298,196.43685913085938,97478.0,0.0,0.0,0.0,ABL.KA,
2026-02-04 00:00:00+05:00,196.46615128344837,200.7528625026478,196.43685831724034,200.1376953125,76889.0,0.0,0.0,0.0,ABL.KA,
2026-02-06 00:00:00+05:00,200.76264709742262,200.77240645340146,192.36498202378203,195.3334503173828,77172.0,0.0,0.0,0.0,ABL.KA,
2026-02-09 00:00:00+05:00,195.40180671693543,197.72581477589415,191.38850632004934,191.6716766357422,50793.0,0.0,0.0,0.0,ABL.KA,
2026-02-10 00:00:00+05:00,192.36496989556358,193.34144182396744,189.92379007455386,192.40402221679688,45836.0,0.0,0.0,0.0,ABL.KA,
2026-02-11 00:00:00+05:00,192.60909894359781,193.243799773614,182.79555251936725,191.95486450195312,61930.0,0.0,0.0,0.0,ABL.KA,
2026-02-12 00:00:00+05:00,193.30240341296832,193.30240341296832,185.52967974763766,188.9082794189453,47364.0,0.0,0.0,0.0,ABL.KA,
2026-02-13 00:00:00+05:00,193.2340371898677,193.2340371898677,183.57673002042284,189.01568603515625,54534.0,0.0,0.0,0.0,ABL.KA,
2026-02-16 00:00:00+05:00,188.4590949432181,188.4590949432181,173.8120150253514,174.6322479248047,220749.0,0.0,0.0,0.0,ABL.KA,
2026-02-17 00:00:00+05:00,175.75518934677683,177.70813322124604,169.03705765067338,171.26341247558594,325184.0,0.0,0.0,0.0,ABL.KA,
2026-02-18 00:00:00+05:00,170.9802523334959,180.647319126859,170.9802523334959,179.8954315185547,103923.0,0.0,0.0,0.0,ABL.KA,
2026-02-19 00:00:00+05:00,180.45202612480816,182.51238261276708,171.90789624105568,173.97801208496094,91667.0,0.0,0.0,0.0,ABL.KA,
2026-02-20 00:00:00+05:00,179.66107518242436,179.66107518242436,169.90611526941504,174.42718505859375,16237.0,0.0,0.0,0.0,ABL.KA,
2026-02-23 00:00:00+05:00,178.19637293513642,178.19637293513642,169.90612064985226,170.87283325195312,39699.0,0.0,0.0,0.0,ABL.KA,
2026-02-24 00:00:00+05:00,172.82577346581073,172.8355328212586,162.09434151598265,167.9336395263672,47803.0,0.0,0.0,0.0,ABL.KA,
2026-02-25 00:00:00+05:00,168.44141870067853,174.78848665171859,168.0605952196073,168.646484375,49108.0,0.0,0.0,0.0,ABL.KA,
2026-02-26 00:00:00+05:00,169.41789088657924,171.12671687534876,167.04507109406802,170.88259887695312,41129.0,0.0,0.0,0.0,ABL.KA,
2026-02-27 00:00:00+05:00,170.58964383738302,174.1049487586137,169.9061164637491,170.5408172607422,49361.0,0.0,0.0,0.0,ABL.KA,
2026-03-02 00:00:00+05:00,166.0002273449369,166.97669927049535,153.4916243624978,154.14585876464844,1046044.0,0.0,0.0,0.0,ABL.KA,
2026-03-03 00:00:00+05:00,148.47256460845438,167.9043506670043,148.47256460845438,167.05482482910156,101710.0,0.0,0.0,0.0,ABL.KA,
2026-03-04 00:00:00+05:00,166.97670614737527,170.2478931926305,164.0472902500529,165.17022705078125,123491.0,0.0,0.0,0.0,ABL.KA,
2026-03-05 00:00:00+05:00,164.04728919893967,171.839531263951,164.04728919893967,171.29270935058594,20320.0,0.0,0.0,0.0,ABL.KA,
2026-03-06 00:00:00+05:00,171.29270408297933,173.31400812891548,166.00022801312267,166.3712921142578,42772.0,0.0,0.0,0.0,ABL.KA,
2026-03-09 00:00:00+05:00,165.18000313581626,171.1755404760842,149.89820776232364,162.4947052001953,131507.0,0.0,0.0,0.0,ABL.KA,
2026-03-10 00:00:00+05:00,167.95317826989844,173.81201007001118,166.00023433652754,166.07835388183594,174881.0,0.0,0.0,0.0,ABL.KA,
2026-03-11 00:00:00+05:00,170.82400452695958,170.89234981525817,166.30293465143862,168.28517150878906,16466.0,0.0,0.0,0.0,ABL.KA,
2026-03-12 00:00:00+05:00,168.28518052932284,168.92965562383503,165.0725942123798,166.7618865966797,45750.0,0.0,0.0,0.0,ABL.KA,
2026-03-13 00:00:00+05:00,166.77163769710205,167.6895237135852,156.33316507289325,166.88882446289062,57507.0,0.0,0.0,0.0,ABL.KA,
2026-03-16 00:00:00+05:00,166.8888282210329,174.76894928296448,166.00023515104192,166.00999450683594,52627.0,0.0,0.0,0.0,ABL.KA,
2026-03-17 00:00:00+05:00,169.99000549316406,171.0,166.0,170.00999450683594,254042.0,4.0,0.0,0.0,ABL.KA,
2026-03-18 00:00:00+05:00,173.97999572753906,173.97999572753906,170.0,170.07000732421875,68169.0,0.0,0.0,0.0,ABL.KA,
2026-03-19 00:00:00+05:00,170.0800018310547,171.9199981689453,169.5,170.02999877929688,79711.0,0.0,0.0,0.0,ABL.KA,
2026-03-20 00:00:00+05:00,170.02999877929688,170.02999877929688,170.02999877929688,170.02999877929688,0.0,0.0,0.0,0.0,ABL.KA,
2026-03-23 00:00:00+05:00,170.02999877929688,170.02999877929688,170.02999877929688,170.02999877929688,0.0,0.0,0.0,0.0,ABL.KA,
2026-03-24 00:00:00+05:00,171.0,174.0,170.0,171.6999969482422,9566.0,0.0,0.0,0.0,ABL.KA,
2026-03-25 00:00:00+05:00,173.0,173.0,170.00999450683594,171.4199981689453,33830.0,0.0,0.0,0.0,ABL.KA,
2026-03-26 00:00:00+05:00,171.00999450683594,172.0,170.0,170.02000427246094,59841.0,0.0,0.0,0.0,ABL.KA,
2026-03-27 00:00:00+05:00,170.0,171.52000427246094,170.0,170.6699981689453,30979.0,0.0,0.0,0.0,ABL.KA,
2021-03-29 00:00:00+05:00,13.836275971799415,13.836275971799415,13.242025604489085,13.290806770324707,735007.0,0.0,0.0,0.0,BAFL.KA,
2021-03-30 00:00:00+05:00,13.499239628097865,13.614542037147078,13.308547214895423,13.48593521118164,439812.0,0.0,0.0,0.0,BAFL.KA,
2021-03-31 00:00:00+05:00,13.636714518715483,13.88062289534332,13.50367373980078,13.516977310180664,1319460.0,0.0,0.0,0.0,BAFL.KA,
2021-04-01 00:00:00+05:00,13.716539506615558,13.716539506615558,13.348459111152486,13.477065086364746,686646.0,0.0,0.0,0.0,BAFL.KA,
2021-04-02 00:00:00+05:00,13.65445233375711,13.65445233375711,13.401673526494736,13.525845527648926,143162.0,0.0,0.0,0.0,BAFL.KA,
2021-04-05 00:00:00+05:00,13.548020793809153,13.548020793809153,13.39280682576945,13.432719230651855,312298.0,0.0,0.0,0.0,BAFL.KA,
2021-04-06 00:00:00+05:00,13.30854584667266,13.743146604356705,13.299676236307043,13.312980651855469,979145.0,0.0,0.0,0.0,BAFL.KA,
2021-04-07 00:00:00+05:00,13.348457230935393,13.348457230935393,12.771945288862597,12.913856506347656,2554613.0,0.0,0.0,0.0,BAFL.KA,
2021-04-08 00:00:00+05:00,13.144461363944059,13.36619654671425,13.038028577716679,13.295241355895996,543626.0,0.0,0.0,0.0,BAFL.KA,
2021-04-09 00:00:00+05:00,13.304111041489852,13.40610902313665,13.126723063440506,13.312980651855469,108584.0,0.0,0.0,0.0,BAFL.KA,
2021-04-12 00:00:00+05:00,13.30410982353937,13.414977405402198,13.259762621623734,13.281936645507812,311608.0,0.0,0.0,0.0,BAFL.KA,
2021-04-13 00:00:00+05:00,13.392807815656367,13.477066591433443,13.268635786194137,13.304113388061523,1077215.0,0.0,0.0,0.0,BAFL.KA,
2021-04-14 00:00:00+05:00,13.304113388061523,13.516978999265849,13.259766174264103,13.304113388061523,512925.0,0.0,0.0,0.0,BAFL.KA,
2021-04-15 00:00:00+05:00,13.308547421795456,13.308547421795456,13.259765404863602,13.264200210571289,109369.0,0.0,0.0,0.0,BAFL.KA,
2021-04-16 00:00:00+05:00,13.3706327535523,13.383937170420186,13.259765150544649,13.286373138427734,32560.0,0.0,0.0,0.0,BAFL.KA,
2021-04-19 00:00:00+05:00,13.171069716426164,13.30411048291428,13.171069716426164,13.268632888793945,173329.0,0.0,0.0,0.0,BAFL.KA,
2021-04-20 00:00:00+05:00,13.259763584735204,13.503672790061072,13.259763584735204,13.335153579711914,119861.0,0.0,0.0,0.0,BAFL.KA,
2021-04-21 00:00:00+05:00,13.43715107240736,13.446020682283754,13.308545112609863,13.308545112609863,75214.0,0.0,0.0,0.0,BAFL.KA,
2021-04-22 00:00:00+05:00,13.370633709552648,13.822973765170827,13.304113312162386,13.614542961120605,1481779.0,0.0,0.0,0.0,BAFL.KA,
2021-04-23 00:00:00+05:00,13.610107557113073,13.610107557113073,13.219853110094359,13.31741714477539,585680.0,0.0,0.0,0.0,BAFL.KA,
2021-04-26 00:00:00+05:00,13.304109201616127,13.65001634536504,13.206546038644502,13.530279159545898,494354.0,0.0,0.0,0.0,BAFL.KA,
2021-04-27 00:00:00+05:00,13.437153519788742,13.587933531739605,13.30411273082161,13.370633125305176,714743.0,0.0,0.0,0.0,BAFL.KA,
2021-04-28 00:00:00+05:00,13.552453463242822,13.592365861834041,13.25976310414225,13.308545112609863,969091.0,0.0,0.0,0.0,BAFL.KA,
2021-04-29 00:00:00+05:00,13.477068650297616,13.477068650297616,12.949339347631696,12.993685722351074,750075.0,0.0,0.0,0.0,BAFL.KA,
2021-04-30 00:00:00+05:00,13.166637489464012,13.166637489464012,12.638907433473207,12.80299186706543,381736.0,0.0,0.0,0.0,BAFL.KA,
2021-05-03 00:00:00+05:00,12.86063941050384,13.08680937750121,12.86063941050384,13.082374572753906,142130.0,0.0,0.0,0.0,BAFL.KA,
2021-05-04 00:00:00+05:00,13.210984300648857,13.210984300648857,12.993683049135893,13.117855072021484,70013.0,0.0,0.0,0.0,BAFL.KA,
2021-05-05 00:00:00+05:00,13.126724510062239,13.410545306219467,13.086812104871042,13.32185173034668,111172.0,0.0,0.0,0.0,BAFL.KA,
2021-05-06 00:00:00+05:00,13.406108327664779,14.319657847468529,13.304110351309355,14.018097877502441,1249078.0,0.0,0.0,0.0,BAFL.KA,
2021-05-07 00:00:00+05:00,14.018097877502441,14.018097877502441,14.018097877502441,14.018097877502441,0.0,0.0,0.0,0.0,BAFL.KA,
2021-05-10 00:00:00+05:00,14.018097877502441,14.018097877502441,14.018097877502441,14.018097877502441,0.0,0.0,0.0,0.0,BAFL.KA,
2021-05-11 00:00:00+05:00,14.018097877502441,14.018097877502441,14.018097877502441,14.018097877502441,0.0,0.0,0.0,0.0,BAFL.KA,
2021-05-12 00:00:00+05:00,14.018097877502441,14.018097877502441,14.018097877502441,14.018097877502441,0.0,0.0,0.0,0.0,BAFL.KA,
2021-05-13 00:00:00+05:00,14.018097877502441,14.018097877502441,14.018097877502441,14.018097877502441,0.0,0.0,0.0,0.0,BAFL.KA,
2021-05-14 00:00:00+05:00,14.018097877502441,14.018097877502441,14.018097877502441,14.018097877502441,0.0,0.0,0.0,0.0,BAFL.KA,
2021-05-17 00:00:00+05:00,14.1910517578125,14.1910517578125,13.822971386678343,13.85844898223877,1352062.0,0.0,0.0,0.0,BAFL.KA,
2021-05-18 00:00:00+05:00,13.854014304098133,13.96931670218995,13.778624307109352,13.964881896972656,2572610.0,0.0,0.0,0.0,BAFL.KA,
2021-05-19 00:00:00+05:00,13.814102392654766,13.880622781566863,13.752016809117158,13.809667587280273,230647.0,0.0,0.0,0.0,BAFL.KA,
2021-05-20 00:00:00+05:00,13.809663991231384,13.836272816549371,13.76975159910682,13.805229187011719,120434.0,0.0,0.0,0.0,BAFL.KA,
2021-05-21 00:00:00+05:00,13.805232090911764,13.920534487319395,13.747581315634246,13.840709686279297,467367.0,0.0,0.0,0.0,BAFL.KA,
2021-05-24 00:00:00+05:00,13.880623592750254,13.924970803234183,13.791930017635085,13.831842422485352,56687.0,0.0,0.0,0.0,BAFL.KA,
2021-05-25 00:00:00+05:00,13.858449413264994,13.969317008571114,13.747581817958874,13.796363830566406,739516.0,0.0,0.0,0.0,BAFL.KA,
2021-05-26 00:00:00+05:00,14.133402983358796,14.8296505776186,13.822973343862124,14.545829772949219,2714573.0,0.0,0.0,0.0,BAFL.KA,
2021-05-27 00:00:00+05:00,14.417221409518811,14.612349460764541,14.191052258499292,14.230964660644531,3396166.0,0.0,0.0,0.0,BAFL.KA,
2021-05-28 00:00:00+05:00,14.195486796387843,14.630089278213287,13.995925623382972,14.146705627441406,963223.0,0.0,0.0,0.0,BAFL.KA,
2021-05-31 00:00:00+05:00,14.368441619859292,14.536959153634156,14.257574019989098,14.346266746520996,435121.0,0.0,0.0,0.0,BAFL.KA,
2021-06-01 00:00:00+05:00,14.434962712317937,14.501483956053866,14.301921916551581,14.319661140441895,897552.0,0.0,0.0,0.0,BAFL.KA,
2021-06-02 00:00:00+05:00,14.279747002264822,14.41278778191063,14.124532195442947,14.226531028747559,3329862.0,0.0,0.0,0.0,BAFL.KA,
2021-06-03 00:00:00+05:00,14.199922811069445,14.30192080293847,14.022534815242295,14.06688117980957,2877537.0,0.0,0.0,0.0,BAFL.KA,
2021-06-04 00:00:00+05:00,14.102358365147634,14.59017681959968,14.071315572520405,14.346266746520996,516309.0,0.0,0.0,0.0,BAFL.KA,
2021-06-07 00:00:00+05:00,14.452698339033022,14.452698339033022,14.257571999921643,14.297484397888184,302227.0,0.0,0.0,0.0,BAFL.KA,
2021-06-08 00:00:00+05:00,14.3329636109451,14.3329636109451,14.151140809307144,14.284181594848633,150178.0,0.0,0.0,0.0,BAFL.KA,
2021-06-09 00:00:00+05:00,14.341831864129507,14.341831864129507,14.035837071336594,14.093488693237305,260283.0,0.0,0.0,0.0,BAFL.KA,
2021-06-10 00:00:00+05:00,14.10679256339593,14.412787362704389,14.10679256339593,14.395048141479492,484776.0,0.0,0.0,0.0,BAFL.KA,
2021-06-11 00:00:00+05:00,14.390613555908203,14.62565230594346,14.30635310460864,14.390613555908203,921523.0,0.0,0.0,0.0,BAFL.KA,
2021-06-14 00:00:00+05:00,14.501482630315117,14.634523413918764,14.41278821067757,14.4527006149292,311682.0,0.0,0.0,0.0,BAFL.KA,
2021-06-15 00:00:00+05:00,14.501481949016245,14.501481949016245,14.262007534757299,14.301919937133789,171352.0,0.0,0.0,0.0,BAFL.KA,
2021-06-16 00:00:00+05:00,14.306351187774883,14.412784804527726,14.191049653688838,14.208788871765137,297671.0,0.0,0.0,0.0,BAFL.KA,
2021-06-17 00:00:00+05:00,14.191051997468147,14.324092771603366,14.191051997468147,14.199921607971191,98145.0,0.0,0.0,0.0,BAFL.KA,
2021-06-18 00:00:00+05:00,14.332962558897606,14.54582813848061,14.257573406249671,14.395048141479492,137308.0,0.0,0.0,0.0,BAFL.KA,
2021-06-21 00:00:00+05:00,14.217663143709412,14.386180695587385,14.084621502061497,14.155576705932617,845607.0,0.0,0.0,0.0,BAFL.KA,
2021-06-22 00:00:00+05:00,13.978187604822338,14.319660025447527,13.96931799356781,14.06688117980957,7577988.0,0.0,0.0,0.0,BAFL.KA,
2021-06-23 00:00:00+05:00,14.275311969174885,14.275311969174885,13.978187604822338,14.06688117980957,4780669.0,0.0,0.0,0.0,BAFL.KA,
2021-06-24 00:00:00+05:00,14.168880156990639,14.315224514867353,13.8983629320337,13.938275337219238,1309872.0,0.0,0.0,0.0,BAFL.KA,
2021-06-25 00:00:00+05:00,14.049141283494897,14.146704459183509,13.831840906379858,13.969316482543945,11256807.0,0.0,0.0,0.0,BAFL.KA,
2021-06-28 00:00:00+05:00,14.07575000354772,14.07575000354772,13.530281629702587,13.62784481048584,1311549.0,0.0,0.0,0.0,BAFL.KA,
2021-06-29 00:00:00+05:00,13.747582003742666,13.876188822045009,13.63671440693829,13.809667587280273,3923904.0,0.0,0.0,0.0,BAFL.KA,
2021-06-30 00:00:00+05:00,13.956015274465171,14.563570185667785,13.747584459743802,14.270879745483398,5389914.0,0.0,0.0,0.0,BAFL.KA,
2021-07-01 00:00:00+05:00,14.018098493314547,14.146704459183509,13.924969276920907,13.969316482543945,4522043.0,0.0,0.0,0.0,BAFL.KA,
2021-07-02 00:00:00+05:00,13.924969934184498,14.124531945981277,13.924969934184498,13.956012725830078,4809736.0,0.0,0.0,0.0,BAFL.KA,
2021-07-05 00:00:00+05:00,14.142268522612085,14.390612515891803,13.969315364956856,14.19105052947998,6210551.0,0.0,0.0,0.0,BAFL.KA,
2021-07-06 00:00:00+05:00,14.191053417957866,14.40835466777072,13.969318208302274,14.009230613708496,12351722.0,0.0,0.0,0.0,BAFL.KA,
2021-07-07 00:00:00+05:00,14.080186993247274,14.102360177730178,13.880624949490063,14.004796981811523,8172109.0,0.0,0.0,0.0,BAFL.KA,
2021-07-08 00:00:00+05:00,13.933838839923741,14.173312396111216,13.92496922965872,14.11566162109375,4914603.0,0.0,0.0,0.0,BAFL.KA,
2021-07-09 00:00:00+05:00,14.106793443060655,14.244269032715737,14.013665063380568,14.142271041870117,1950040.0,0.0,0.0,0.0,BAFL.KA,
2021-07-12 00:00:00+05:00,13.867318035545367,14.40391675257337,13.858448425548401,14.177746772766113,3873821.0,0.0,0.0,0.0,BAFL.KA,
2021-07-13 00:00:00+05:00,14.102356997825714,14.301918996584199,14.102356997825714,14.173312187194824,5637261.0,0.0,0.0,0.0,BAFL.KA,
2021-07-14 00:00:00+05:00,14.293049165168982,14.364004353439586,14.13340041448641,14.177746772766113,4073366.0,0.0,0.0,0.0,BAFL.KA,
2021-07-15 00:00:00+05:00,14.199924628299254,14.98930152221344,14.19105501590964,14.594613075256348,1526791.0,0.0,0.0,0.0,BAFL.KA,
2021-07-16 00:00:00+05:00,14.638955114361792,15.52146183141233,14.461567994168702,14.949384689331055,3432134.0,0.0,0.0,0.0,BAFL.KA,
2021-07-19 00:00:00+05:00,14.856255862080772,14.94938422416222,14.634520699960163,14.723215103149414,426933.0,0.0,0.0,0.0,BAFL.KA,
2021-07-20 00:00:00+05:00,14.723215103149414,14.723215103149414,14.723215103149414,14.723215103149414,0.0,0.0,0.0,0.0,BAFL.KA,
2021-07-21 00:00:00+05:00,14.723215103149414,14.723215103149414,14.723215103149414,14.723215103149414,0.0,0.0,0.0,0.0,BAFL.KA,
2021-07-22 00:00:00+05:00,14.723215103149414,14.723215103149414,14.723215103149414,14.723215103149414,0.0,0.0,0.0,0.0,BAFL.KA,
2021-07-23 00:00:00+05:00,14.723215103149414,14.723215103149414,14.723215103149414,14.723215103149414,0.0,0.0,0.0,0.0,BAFL.KA,
2021-07-26 00:00:00+05:00,14.674434829665238,15.064689234758763,14.674434829665238,14.81634521484375,1205127.0,0.0,0.0,0.0,BAFL.KA,
2021-07-27 00:00:00+05:00,14.851823572485394,14.856257531875954,14.678868705559525,14.745389938354492,5785098.0,0.0,0.0,0.0,BAFL.KA,
2021-07-28 00:00:00+05:00,14.727652473902523,14.767564879998687,14.63452409024662,14.656697273254395,847131.0,0.0,0.0,0.0,BAFL.KA,
2021-07-29 00:00:00+05:00,14.41722275849155,14.638957970777644,14.41278879859621,14.532526016235352,693763.0,0.0,0.0,0.0,BAFL.KA,
2021-07-30 00:00:00+05:00,14.532524119092416,14.811910923777967,14.434960097077258,14.585740089416504,595608.0,0.0,0.0,0.0,BAFL.KA,
2021-08-02 00:00:00+05:00,14.576872822320171,14.701045695310839,14.43496241750695,14.470440864562988,521135.0,0.0,0.0,0.0,BAFL.KA,
2021-08-03 00:00:00+05:00,14.430526042271726,14.634522003585184,14.412786821712682,14.461568832397461,499654.0,0.0,0.0,0.0,BAFL.KA,
2021-08-04 00:00:00+05:00,14.501484542508475,14.616786119047429,14.412790111175513,14.505918502807617,151351.0,0.0,0.0,0.0,BAFL.KA,
2021-08-05 00:00:00+05:00,14.505915192089889,14.581306033613235,14.421656431992204,14.461568832397461,9325607.0,0.0,0.0,0.0,BAFL.KA,
2021-08-06 00:00:00+05:00,14.439399793638279,15.024780706327133,14.368444582757984,14.76313304901123,816131.0,0.0,0.0,0.0,BAFL.KA,
2021-08-09 00:00:00+05:00,14.55469818666888,15.255382220770553,13.774190192213199,14.332962989807129,2024619.0,0.0,0.0,0.0,BAFL.KA,
2021-08-10 00:00:00+05:00,14.545827404084253,14.63452181402544,14.372874235136779,14.448265075683594,771979.0,0.0,0.0,0.0,BAFL.KA,
2021-08-11 00:00:00+05:00,14.58574202995712,14.58574202995712,14.421658446132872,14.457135200500488,49622.0,0.0,0.0,0.0,BAFL.KA,
2021-08-12 00:00:00+05:00,14.412788719087187,14.545829507383834,14.324094296320954,14.408354759216309,512461.0,0.0,0.0,0.0,BAFL.KA,
2021-08-13 00:00:00+05:00,14.213227671792067,14.457136082454808,14.213227671792067,14.386180877685547,345108.0,0.0,0.0,0.0,BAFL.KA,
2021-08-16 00:00:00+05:00,14.239836508210997,14.523657327292844,14.14670727329179,14.279748916625977,250559.0,0.0,0.0,0.0,BAFL.KA,
2021-08-17 00:00:00+05:00,14.27531136494559,14.408353836426878,14.27531136494559,14.332962989807129,39246.0,0.0,0.0,0.0,BAFL.KA,
2021-08-18 00:00:00+05:00,14.332962989807129,14.332962989807129,14.332962989807129,14.332962989807129,0.0,0.0,0.0,0.0,BAFL.KA,
2021-08-19 00:00:00+05:00,14.332962989807129,14.332962989807129,14.332962989807129,14.332962989807129,0.0,0.0,0.0,0.0,BAFL.KA,
2021-08-20 00:00:00+05:00,14.501485417288734,14.501485417288734,14.191055734749945,14.23540210723877,893238.0,0.0,0.0,0.0,BAFL.KA,
2021-08-23 00:00:00+05:00,14.36844099277117,14.559133391561858,14.124531776190182,14.341832160949707,1913686.0,0.0,0.0,0.0,BAFL.KA,
2021-08-24 00:00:00+05:00,14.25757305257196,14.324092592957344,14.208791041266222,14.23983383178711,1461804.0,0.0,0.0,0.0,BAFL.KA,
2021-08-25 00:00:00+05:00,14.239834871332103,14.501482476041392,14.16887967471799,14.364006042480469,2729052.0,0.0,0.0,0.0,BAFL.KA,
2021-08-26 00:00:00+05:00,14.479307713448696,14.479307713448696,14.346265254080599,14.412786483764648,803052.0,0.0,0.0,0.0,BAFL.KA,
2021-08-27 00:00:00+05:00,14.408351982050235,14.408351982050235,14.257571999921643,14.297484397888184,2814555.0,0.0,0.0,0.0,BAFL.KA,
2021-08-30 00:00:00+05:00,14.408354023480774,14.457134346391191,14.279747201622072,14.346266746520996,688974.0,0.0,0.0,0.0,BAFL.KA,
2021-08-31 00:00:00+05:00,14.412788649723648,14.497047420508089,14.346267410042765,14.443831443786621,13170.0,0.0,0.0,0.0,BAFL.KA,
2021-09-01 00:00:00+05:00,14.457136041609644,14.723219327521761,14.457136041609644,14.56800365447998,2521981.0,0.0,0.0,0.0,BAFL.KA,
2021-09-02 00:00:00+05:00,14.545829770359108,14.607915359906299,14.479310220860874,14.492613792419434,605790.0,0.0,0.0,0.0,BAFL.KA,
2021-09-03 00:00:00+05:00,14.60791310356724,15.077992295924636,14.42609032296106,14.678868293762207,2784117.0,0.0,0.0,0.0,BAFL.KA,
2021-09-06 00:00:00+05:00,14.634522944881223,14.767563724220901,14.550264179363992,14.590176582336426,600622.0,0.0,0.0,0.0,BAFL.KA,
2021-09-07 00:00:00+05:00,14.501479868201312,14.63452062646453,14.501479868201312,14.576869010925293,859203.0,0.0,0.0,0.0,BAFL.KA,
2021-09-08 00:00:00+05:00,14.678868563034507,14.678868563034507,14.519220650946096,14.528088569641113,2132652.0,0.0,0.0,0.0,BAFL.KA,
2021-09-09 00:00:00+05:00,14.457136112636821,14.745392584198093,14.434962928294922,14.638958930969238,631692.0,0.0,0.0,0.0,BAFL.KA,
2021-09-10 00:00:00+05:00,14.745390385669914,14.878431163590543,14.634522788785178,14.7897367477417,3438705.0,0.0,0.0,0.0,BAFL.KA,
2021-09-13 00:00:00+05:00,14.718971222977288,15.261496312831728,14.624618485724278,15.15299129486084,5292827.0,2.0,0.0,0.0,BAFL.KA,
2021-09-14 00:00:00+05:00,15.233195979556474,15.233195979556474,14.865221281911113,15.072796821594238,2841078.0,0.0,0.0,0.0,BAFL.KA,
2021-09-15 00:00:00+05:00,15.053926184685231,15.285090369369778,15.002032073860375,15.233196258544922,3617022.0,0.0,0.0,0.0,BAFL.KA,
2021-09-16 00:00:00+05:00,14.865219611026301,15.351134758448588,14.865219611026301,15.181300163269043,3236493.0,0.0,0.0,0.0,BAFL.KA,
2021-09-17 00:00:00+05:00,15.181300293928834,15.403028995058138,14.9548547649502,15.091665267944336,2894992.0,0.0,0.0,0.0,BAFL.KA,
2021-09-20 00:00:00+05:00,15.421899987480279,15.421899987480279,14.98316205899077,15.134126663208008,1946930.0,0.0,0.0,0.0,BAFL.KA,
2021-09-21 00:00:00+05:00,15.4030280435493,15.804024972247266,15.119969800089871,15.530402183532715,11734929.0,0.0,0.0,0.0,BAFL.KA,
2021-09-22 00:00:00+05:00,15.520969634413314,15.728544254705106,15.336980953220941,15.53512191772461,3960940.0,0.0,0.0,0.0,BAFL.KA,
2021-09-23 00:00:00+05:00,15.728543806710565,15.728543806710565,15.332263688619545,15.511533737182617,403681.0,0.0,0.0,0.0,BAFL.KA,
2021-09-24 00:00:00+05:00,15.615320344302761,15.615320344302761,15.355851623102144,15.52096939086914,3996715.0,0.0,0.0,0.0,BAFL.KA,
2021-09-27 00:00:00+05:00,15.563426996002498,15.662496570241133,15.36528604789627,15.469074249267578,9651571.0,0.0,0.0,0.0,BAFL.KA,
2021-09-28 00:00:00+05:00,15.469074249267578,15.469074249267578,15.469074249267578,15.469074249267578,0.0,0.0,0.0,0.0,BAFL.KA,
2021-09-29 00:00:00+05:00,15.563427916130737,15.563427916130737,15.049206405819964,15.129405975341797,1328985.0,0.0,0.0,0.0,BAFL.KA,
2021-09-30 00:00:00+05:00,15.322828966491754,15.520969934830553,15.096383430982513,15.261499404907227,666244.0,0.0,0.0,0.0,BAFL.KA,
2021-10-01 00:00:00+05:00,15.119972390484989,15.558711213328408,15.096384649396166,15.421899795532227,3078656.0,0.0,0.0,0.0,BAFL.KA,
2021-10-04 00:00:00+05:00,15.56814556912783,15.56814556912783,15.200171795193414,15.266218185424805,289379.0,0.0,0.0,0.0,BAFL.KA,
2021-10-05 00:00:00+05:00,15.37944173098467,15.5681472661841,15.332266246999492,15.450206756591797,737706.0,0.0,0.0,0.0,BAFL.KA,
2021-10-06 00:00:00+05:00,15.450204567825308,15.450204567825308,15.355851813592157,15.388875007629395,1343348.0,0.0,0.0,0.0,BAFL.KA,
2021-10-07 00:00:00+05:00,15.403028589413275,15.615320029994962,15.403028589413275,15.55399227142334,3344528.0,0.0,0.0,0.0,BAFL.KA,
2021-10-08 00:00:00+05:00,15.563427686996894,15.804025492205636,15.379439012861928,15.506814956665039,1356340.0,0.0,0.0,0.0,BAFL.KA,
2021-10-11 00:00:00+05:00,15.634194861149979,15.634194861149979,15.200174616427676,15.219043731689453,3166149.0,0.0,0.0,0.0,BAFL.KA,
2021-10-12 00:00:00+05:00,15.469075149387107,15.686085219764603,15.190735520118903,15.615320205688477,897720.0,0.0,0.0,0.0,BAFL.KA,
2021-10-13 00:00:00+05:00,15.794590395158984,16.412599218072046,15.332263884743739,15.52096939086914,6286325.0,0.0,0.0,0.0,BAFL.KA,
2021-10-14 00:00:00+05:00,15.511533134248301,16.48808020879468,15.497379052261218,16.355985641479492,1682113.0,0.0,0.0,0.0,BAFL.KA,
2021-10-15 00:00:00+05:00,16.511672963102203,16.912670015211443,16.280508749781777,16.610742568969727,3654431.0,0.0,0.0,0.0,BAFL.KA,
2021-10-18 00:00:00+05:00,16.747548460704806,16.936253951944604,16.502232041944644,16.525819778442383,859067.0,0.0,0.0,0.0,BAFL.KA,
2021-10-19 00:00:00+05:00,16.525819778442383,16.525819778442383,16.525819778442383,16.525819778442383,0.0,0.0,0.0,0.0,BAFL.KA,
2021-10-20 00:00:00+05:00,16.60601958119559,16.983428749025947,16.60601958119559,16.78057098388672,2535834.0,0.0,0.0,0.0,BAFL.KA,
2021-10-21 00:00:00+05:00,16.97871681751819,17.459912520484924,16.74755262327549,17.030609130859375,3664854.0,0.0,0.0,0.0,BAFL.KA,
2021-10-22 00:00:00+05:00,16.983431477087816,17.29007748749801,16.60602224863392,17.209877014160156,1342753.0,0.0,0.0,0.0,BAFL.KA,
2021-10-25 00:00:00+05:00,17.45047663454456,17.497652113240363,17.101371973456484,17.209877014160156,463543.0,0.0,0.0,0.0,BAFL.KA,
2021-10-26 00:00:00+05:00,17.030606140390606,17.686356780492783,16.516385528857963,16.973995208740234,1791086.0,0.0,0.0,0.0,BAFL.KA,
2021-10-27 00:00:00+05:00,17.172135516462514,17.573132449828474,16.299374838505713,16.45505714416504,919145.0,0.0,0.0,0.0,BAFL.KA,
2021-10-28 00:00:00+05:00,16.511672183248056,16.912669216418017,16.426754868049567,16.860776901245117,407957.0,0.0,0.0,0.0,BAFL.KA,
2021-10-29 00:00:00+05:00,16.841904053299732,17.219313299948087,16.629610789675894,17.15326690673828,829016.0,0.0,0.0,0.0,BAFL.KA,
2021-11-01 00:00:00+05:00,17.21931202778331,17.49765166405319,17.106088362339158,17.186288833618164,810450.0,0.0,0.0,0.0,BAFL.KA,
2021-11-02 00:00:00+05:00,17.18628672267854,17.290074919951927,16.940970310705275,16.983428955078125,1477577.0,0.0,0.0,0.0,BAFL.KA,
2021-11-03 00:00:00+05:00,17.124960971086505,17.266489217202075,16.841904478855373,16.978715896606445,735099.0,0.0,0.0,0.0,BAFL.KA,
2021-11-04 00:00:00+05:00,17.101374064406304,17.266490059659166,16.79944664472714,17.219314575195312,2278229.0,0.0,0.0,0.0,BAFL.KA,
2021-11-05 00:00:00+05:00,17.172134487445273,17.337250438435962,16.79944214134755,16.98814582824707,1298744.0,0.0,0.0,0.0,BAFL.KA,
2021-11-08 00:00:00+05:00,17.209877716933367,17.219313172983657,16.794726648866618,16.856056213378906,123111.0,0.0,0.0,0.0,BAFL.KA,
2021-11-09 00:00:00+05:00,16.64847884091841,16.978712549846897,16.52581973206806,16.71452522277832,2850623.0,0.0,0.0,0.0,BAFL.KA,
2021-11-10 00:00:00+05:00,16.889079961017465,16.98343272497094,16.700376232739806,16.978715896606445,448884.0,0.0,0.0,0.0,BAFL.KA,
2021-11-11 00:00:00+05:00,17.07778187217947,17.07778187217947,16.60601995195147,16.70037269592285,1238134.0,0.0,0.0,0.0,BAFL.KA,
2021-11-12 00:00:00+05:00,16.60602656592412,16.97871906325394,16.488086038892884,16.653202056884766,491142.0,0.0,0.0,0.0,BAFL.KA,
2021-11-15 00:00:00+05:00,16.289939614806055,16.818314296393858,16.289939614806055,16.66263198852539,414871.0,0.0,0.0,0.0,BAFL.KA,
2021-11-16 00:00:00+05:00,16.865491055427714,16.865491055427714,16.3937290678633,16.629610061645508,334025.0,0.0,0.0,0.0,BAFL.KA,
2021-11-17 00:00:00+05:00,16.8607742273889,16.8607742273889,16.55884504365918,16.629610061645508,1432465.0,0.0,0.0,0.0,BAFL.KA,
2021-11-18 00:00:00+05:00,16.74754926620046,16.87964203664413,16.51166829062017,16.563562393188477,513323.0,0.0,0.0,0.0,BAFL.KA,
2021-11-19 00:00:00+05:00,16.8890791003938,17.19100648995605,16.60602262258649,17.12967872619629,4057646.0,0.0,0.0,0.0,BAFL.KA,
2021-11-22 00:00:00+05:00,17.45991113789092,17.742969422689722,17.21931330545972,17.252336502075195,6254636.0,0.0,0.0,0.0,BAFL.KA,
2021-11-23 00:00:00+05:00,17.40801760340798,17.40801760340798,16.82303196236765,16.997583389282227,2631652.0,0.0,0.0,0.0,BAFL.KA,
2021-11-24 00:00:00+05:00,16.79472217118321,17.219308582100194,16.511665763657717,16.72395896911621,1699256.0,0.0,0.0,0.0,BAFL.KA,
2021-11-25 00:00:00+05:00,16.67678601320172,16.67678601320172,16.374858620543975,16.459775924682617,348739.0,0.0,0.0,0.0,BAFL.KA,
2021-11-26 00:00:00+05:00,16.747549964589634,16.747549964589634,16.275787993756122,16.30881118774414,3457304.0,0.0,0.0,0.0,BAFL.KA,
2021-11-29 00:00:00+05:00,16.275785923126417,16.695653735811376,16.15312861815115,16.59186553955078,2584755.0,0.0,0.0,0.0,BAFL.KA,
2021-11-30 00:00:00+05:00,16.747548691389316,16.81831370148621,16.035188961423305,16.247480392456055,10812380.0,0.0,0.0,0.0,BAFL.KA,
2021-12-01 00:00:00+05:00,16.27578718194905,16.370139931335423,16.087081683176297,16.171998977661133,2179526.0,0.0,0.0,0.0,BAFL.KA,
2021-12-02 00:00:00+05:00,16.03990654391392,16.129540667910508,15.572861414474938,15.752131462097168,1554251.0,0.0,0.0,0.0,BAFL.KA,
2021-12-03 00:00:00+05:00,15.5728590008232,16.511665941929568,15.5728590008232,16.252197265625,3685776.0,0.0,0.0,0.0,BAFL.KA,
2021-12-06 00:00:00+05:00,16.60602335337474,16.629611094291853,15.813463021080704,16.002166748046875,1094164.0,0.0,0.0,0.0,BAFL.KA,
2021-12-07 00:00:00+05:00,15.94555607938614,16.271073028282782,15.804027831862488,15.865357398986816,1002061.0,0.0,0.0,0.0,BAFL.KA,
2021-12-08 00:00:00+05:00,16.214459049835547,16.214459049835547,15.851202102533716,16.143695831298828,544218.0,0.0,0.0,0.0,BAFL.KA,
2021-12-09 00:00:00+05:00,16.275788378126084,16.31824702848897,15.926683719628004,16.228612899780273,1168373.0,0.0,0.0,0.0,BAFL.KA,
2021-12-10 00:00:00+05:00,16.417314727683937,16.74754843707314,16.039905545365823,16.62017250061035,602365.0,0.0,0.0,0.0,BAFL.KA,
2021-12-13 00:00:00+05:00,16.818313030787586,16.818313030787586,15.992729677515829,16.021034240722656,2804682.0,0.0,0.0,0.0,BAFL.KA,
2021-12-14 00:00:00+05:00,16.365419576079717,16.365419576079717,16.039904514677634,16.181432723999023,343072.0,0.0,0.0,0.0,BAFL.KA,
2021-12-15 00:00:00+05:00,16.181436143121186,16.464494421202737,15.921967404601666,16.162565231323242,1911021.0,0.0,0.0,0.0,BAFL.KA,
2021-12-16 00:00:00+05:00,16.04462543131173,16.436188769853377,15.945555839498521,15.950274467468262,217958.0,0.0,0.0,0.0,BAFL.KA,
2021-12-17 00:00:00+05:00,16.256916253622055,16.26635170851284,15.945553440742101,16.07292938232422,501985.0,0.0,0.0,0.0,BAFL.KA,
2021-12-20 00:00:00+05:00,15.954986774774213,16.4597718467429,15.954986774774213,16.252197265625,1215965.0,0.0,0.0,0.0,BAFL.KA,
2021-12-21 00:00:00+05:00,16.322963443889684,16.322963443889684,16.08708245886452,16.110671997070312,132053.0,0.0,0.0,0.0,BAFL.KA,
2021-12-22 00:00:00+05:00,16.195590189732002,16.511669863293026,16.044624695323034,16.25691795349121,59952.0,0.0,0.0,0.0,BAFL.KA,
2021-12-23 00:00:00+05:00,16.27578718194905,16.29937491938839,16.039906208297612,16.171998977661133,330388.0,0.0,0.0,0.0,BAFL.KA,
2021-12-24 00:00:00+05:00,16.351271946434554,16.36542423150391,16.091803188930218,16.219179153442383,14521.0,0.0,0.0,0.0,BAFL.KA,
2021-12-27 00:00:00+05:00,16.322963303387038,16.417316056510764,16.0634945820186,16.20502281188965,250156.0,0.0,0.0,0.0,BAFL.KA,
2021-12-28 00:00:00+05:00,16.181434414124762,16.275787163403628,16.039906190020968,16.07292938232422,452072.0,0.0,0.0,0.0,BAFL.KA,
2021-12-29 00:00:00+05:00,16.19086769963429,16.25219724839248,16.039904040867018,16.058774948120117,99693.0,0.0,0.0,0.0,BAFL.KA,
2021-12-30 00:00:00+05:00,15.945553440742101,16.242763971100377,15.945553440742101,16.07292938232422,132308.0,0.0,0.0,0.0,BAFL.KA,
2021-12-31 00:00:00+05:00,16.09179759255918,16.346549432986457,16.09179759255918,16.322959899902344,890269.0,0.0,0.0,0.0,BAFL.KA,
2022-01-03 00:00:00+05:00,16.091801050792814,16.83718402601783,16.091801050792814,16.497516632080078,3020533.0,0.0,0.0,0.0,BAFL.KA,
2022-01-04 00:00:00+05:00,16.41731746382349,16.67678620743391,16.275789221820464,16.370141983032227,2411056.0,0.0,0.0,0.0,BAFL.KA,
2022-01-05 00:00:00+05:00,16.47864895426378,16.47864895426378,16.22389700911027,16.271074295043945,481149.0,0.0,0.0,0.0,BAFL.KA,
2022-01-06 00:00:00+05:00,16.3088112065185,16.41731624397962,16.039907026804165,16.115388870239258,703215.0,0.0,0.0,0.0,BAFL.KA,
2022-01-07 00:00:00+05:00,16.039906208297612,16.436186316017185,16.039906208297612,16.171998977661133,518897.0,0.0,0.0,0.0,BAFL.KA,
2022-01-10 00:00:00+05:00,16.275786893564174,16.8937956814471,16.271070066011486,16.83246612548828,3815545.0,0.0,0.0,0.0,BAFL.KA,
2022-01-11 00:00:00+05:00,16.742835557171166,17.191008054550448,16.73811692898838,17.016456604003906,3663660.0,0.0,0.0,0.0,BAFL.KA,
2022-01-12 00:00:00+05:00,17.2145936908722,17.35612191054933,16.97871272486733,17.011735916137695,982949.0,0.0,0.0,0.0,BAFL.KA,
2022-01-13 00:00:00+05:00,17.011739578246313,17.068350518377986,16.889080441726797,16.90795135498047,118760.0,0.0,0.0,0.0,BAFL.KA,
2022-01-14 00:00:00+05:00,16.983430452361016,17.36083965804323,16.983430452361016,17.157981872558594,776105.0,0.0,0.0,0.0,BAFL.KA,
2022-01-17 00:00:00+05:00,17.10608686283648,17.337251001357995,16.98342955235069,17.011735916137695,1218000.0,0.0,0.0,0.0,BAFL.KA,
2022-01-18 00:00:00+05:00,17.030607178421377,17.148547676331855,16.98343169910886,17.025890350341797,363500.0,0.0,0.0,0.0,BAFL.KA,
2022-01-19 00:00:00+05:00,16.89851125059166,17.209874035122724,16.747547585341984,17.058910369873047,718500.0,0.0,0.0,0.0,BAFL.KA,
2022-01-20 00:00:00+05:00,17.058912723221116,17.058912723221116,16.65319714203164,16.790008544921875,432500.0,0.0,0.0,0.0,BAFL.KA,
2022-01-21 00:00:00+05:00,16.983432568428064,17.115525356967805,16.823033411074405,16.874927520751953,447000.0,0.0,0.0,0.0,BAFL.KA,
2022-01-24 00:00:00+05:00,16.747551409075204,16.983432414836827,16.747551409075204,16.870208740234375,1137500.0,0.0,0.0,0.0,BAFL.KA,
2022-01-25 00:00:00+05:00,16.983429987301403,17.398581001998224,16.82774768192922,17.22874641418457,3490000.0,0.0,0.0,0.0,BAFL.KA,
2022-01-26 00:00:00+05:00,17.408016486859072,17.761837945538087,17.224027816657625,17.62030792236328,2753000.0,0.0,0.0,0.0,BAFL.KA,
2022-01-27 00:00:00+05:00,17.691070771834287,18.115657190209824,17.54954256558537,17.60615348815918,4878500.0,0.0,0.0,0.0,BAFL.KA,
2022-01-28 00:00:00+05:00,17.686357497093123,18.17227176267389,17.38442831692334,18.077919006347656,5486000.0,0.0,0.0,0.0,BAFL.KA,
2022-01-31 00:00:00+05:00,17.926955042174257,18.445892494596077,17.926955042174257,18.158119201660156,3278000.0,0.0,0.0,0.0,BAFL.KA,
2022-02-01 00:00:00+05:00,18.346821478910407,18.346821478910407,17.926953642076104,18.18642234802246,1667500.0,0.0,0.0,0.0,BAFL.KA,
2022-02-02 00:00:00+05:00,18.162836778184595,18.549681469489876,17.691074783946032,17.908084869384766,4293500.0,0.0,0.0,0.0,BAFL.KA,
2022-02-03 00:00:00+05:00,17.879779220423583,17.92695469714338,17.507086835598308,17.851472854614258,1429000.0,0.0,0.0,0.0,BAFL.KA,
2022-02-04 00:00:00+05:00,17.80901531910156,17.879780338234436,17.691074820299566,17.813732147216797,346500.0,0.0,0.0,0.0,BAFL.KA,
2022-02-07 00:00:00+05:00,17.582568860239494,17.974130360030856,17.558981121635284,17.761838912963867,342666.0,0.0,0.0,0.0,BAFL.KA,
2022-02-08 00:00:00+05:00,17.91751887224255,17.91751887224255,17.62030833607773,17.738248825073242,183002.0,0.0,0.0,0.0,BAFL.KA,
2022-02-09 00:00:00+05:00,17.50236635464857,17.809012319740695,17.455190882924654,17.563695907592773,498586.0,0.0,0.0,0.0,BAFL.KA,
2022-02-10 00:00:00+05:00,17.511801328376627,17.922235479553283,17.511801328376627,17.72881317138672,2042179.0,0.0,0.0,0.0,BAFL.KA,
2022-02-11 00:00:00+05:00,17.922239867400396,17.922239867400396,17.50237015941668,17.662769317626953,365414.0,0.0,0.0,0.0,BAFL.KA,
2022-02-14 00:00:00+05:00,17.681639661870403,17.681639661870403,17.21931311474508,17.341970443725586,270105.0,0.0,0.0,0.0,BAFL.KA,
2022-02-15 00:00:00+05:00,17.455194670635105,17.568418346822053,17.101373157041152,17.464630126953125,402156.0,0.0,0.0,0.0,BAFL.KA,
2022-02-16 00:00:00+05:00,17.856187541915027,17.856187541915027,17.24289741993072,17.549543380737305,142992.0,0.0,0.0,0.0,BAFL.KA,
2022-02-17 00:00:00+05:00,17.49293766862081,18.2524730570326,17.45519584081855,17.818452835083008,2338096.0,0.0,0.0,0.0,BAFL.KA,
2022-02-18 00:00:00+05:00,17.842035319575107,18.11565809161633,17.50236616797328,17.941104888916016,1180645.0,0.0,0.0,0.0,BAFL.KA,
2022-02-21 00:00:00+05:00,18.044897161905435,18.044897161905435,17.714663389866278,17.856191635131836,169223.0,0.0,0.0,0.0,BAFL.KA,
2022-02-22 00:00:00+05:00,17.57785184892809,18.153402081860804,17.478782257904044,18.040180206298828,1004906.0,0.0,0.0,0.0,BAFL.KA,
2022-02-23 00:00:00+05:00,17.92695764580411,18.134532296994212,17.80901713497645,17.903369903564453,350190.0,0.0,0.0,0.0,BAFL.KA,
2022-02-24 00:00:00+05:00,17.926956271321377,17.926956271321377,17.209877804513013,17.24761962890625,4194905.0,0.0,0.0,0.0,BAFL.KA,
2022-02-25 00:00:00+05:00,17.337253138908828,17.549546394413138,17.124959883404518,17.412734985351562,1577691.0,0.0,0.0,0.0,BAFL.KA,
2022-02-28 00:00:00+05:00,17.66748887611942,17.66748887611942,17.15326817709417,17.219314575195312,1192134.0,0.0,0.0,0.0,BAFL.KA,
2022-03-01 00:00:00+05:00,17.219309723259258,17.426884315892426,17.172134252088178,17.360837936401367,240477.0,0.0,0.0,0.0,BAFL.KA,
2022-03-02 00:00:00+05:00,17.219309489154433,17.455190441060658,16.98342853724821,17.058910369873047,515973.0,0.0,0.0,0.0,BAFL.KA,
2022-03-03 00:00:00+05:00,17.101369903510037,17.337250867696383,16.983429421416865,17.10608673095703,139940.0,0.0,0.0,0.0,BAFL.KA,
2022-03-04 00:00:00+05:00,17.308945584410544,17.308945584410544,16.945688660936572,17.063629150390625,76770.0,0.0,0.0,0.0,BAFL.KA,
2022-03-07 00:00:00+05:00,17.258385985891195,17.977484687608936,17.258385985891195,17.50307846069336,622542.0,2.0,0.0,0.0,BAFL.KA,
2022-03-08 00:00:00+05:00,17.72779835595025,17.97748565673828,17.47811105516222,17.97748565673828,166705.0,0.0,0.0,0.0,BAFL.KA,
2022-03-09 00:00:00+05:00,17.947520030364466,17.96250256172919,17.278358079941075,17.543027877807617,1038387.0,0.0,0.0,0.0,BAFL.KA,
2022-03-10 00:00:00+05:00,17.927549362182617,18.1722418556846,17.54303068171653,17.927549362182617,439843.0,0.0,0.0,0.0,BAFL.KA,
2022-03-11 00:00:00+05:00,17.73778761896159,18.08235543822422,17.73778761896159,17.90258026123047,23377.0,0.0,0.0,0.0,BAFL.KA,
2022-03-14 00:00:00+05:00,17.972494406612483,17.972494406612483,17.65289303195628,17.867624282836914,34941.0,0.0,0.0,0.0,BAFL.KA,
2022-03-15 00:00:00+05:00,17.627921263406318,17.902576885371825,17.627921263406318,17.72779655456543,791647.0,0.0,0.0,0.0,BAFL.KA,
2022-03-16 00:00:00+05:00,17.877611440603037,17.877611440603037,17.677862730825602,17.772743225097656,1341330.0,0.0,0.0,0.0,BAFL.KA,
2022-03-17 00:00:00+05:00,18.07236660876594,18.07236660876594,17.777735510080934,17.802705764770508,3164957.0,0.0,0.0,0.0,BAFL.KA,
2022-03-18 00:00:00+05:00,17.458815205273833,17.80270176659098,17.194287702163624,17.45352554321289,998716.0,2.0,0.0,0.0,BAFL.KA,
2022-03-21 00:00:00+05:00,17.855611760209875,17.855611760209875,17.30010424241818,17.522306442260742,79749.0,0.0,0.0,0.0,BAFL.KA,
2022-03-22 00:00:00+05:00,17.310681761171892,17.68101867904294,17.310681761171892,17.458816528320312,190480.0,0.0,0.0,0.0,BAFL.KA,
2022-03-23 00:00:00+05:00,17.458816528320312,17.458816528320312,17.458816528320312,17.458816528320312,0.0,0.0,0.0,0.0,BAFL.KA,
2022-03-24 00:00:00+05:00,17.453526865858514,17.68101867904294,17.25248538316792,17.458816528320312,2853898.0,0.0,0.0,0.0,BAFL.KA,
2022-03-25 00:00:00+05:00,17.204872846574986,17.70747561719151,17.204872846574986,17.294811248779297,571694.0,0.0,0.0,0.0,BAFL.KA,
2022-03-28 00:00:00+05:00,17.273651225080602,17.591083503585505,17.273651225080602,17.448238372802734,243651.0,0.0,0.0,0.0,BAFL.KA,
2022-03-29 00:00:00+05:00,17.855611777943714,17.855611777943714,17.517016796027168,17.665151596069336,651600.0,0.0,0.0,0.0,BAFL.KA,
2022-03-30 00:00:00+05:00,17.35300773979834,17.66515034505705,17.35300773979834,17.64398765563965,151875.0,0.0,0.0,0.0,BAFL.KA,
2022-03-31 00:00:00+05:00,17.64398774908337,18.040779095927988,17.511723966801828,17.94554901123047,1705668.0,0.0,0.0,0.0,BAFL.KA,
2022-04-01 00:00:00+05:00,18.199497393539154,18.77616756958717,17.83973974142561,18.532800674438477,798403.0,0.0,0.0,0.0,BAFL.KA,
2022-04-04 00:00:00+05:00,18.14658920090904,18.43756909705339,17.987873077392578,17.987873077392578,241557.0,0.0,0.0,0.0,BAFL.KA,
2022-04-05 00:00:00+05:00,17.98258603419764,18.247113617989875,17.855611905975838,18.125429153442383,777787.0,0.0,0.0,0.0,BAFL.KA,
2022-04-06 00:00:00+05:00,18.257692311942897,18.358214081935238,18.130720206311306,18.337051391601562,37598.0,0.0,0.0,0.0,BAFL.KA,
2022-04-07 00:00:00+05:00,18.24711487646011,18.49047978596893,18.030202323517827,18.1942081451416,32838.0,0.0,0.0,0.0,BAFL.KA,
2022-04-08 00:00:00+05:00,18.94017528713433,18.94017528713433,18.46931649370917,18.61216163635254,1148205.0,0.0,0.0,0.0,BAFL.KA,
2022-04-11 00:00:00+05:00,18.622740738624774,19.575039556663256,18.622740738624774,19.506261825561523,1496551.0,0.0,0.0,0.0,BAFL.KA,
2022-04-12 00:00:00+05:00,19.204701700640793,19.786663581378544,19.204701700640793,19.35283851623535,1163219.0,0.0,0.0,0.0,BAFL.KA,
2022-04-13 00:00:00+05:00,19.564458790695955,19.564458790695955,19.04598499685274,19.23115348815918,564255.0,0.0,0.0,0.0,BAFL.KA,
2022-04-14 00:00:00+05:00,19.051273217664303,19.559167646276354,18.622739879322467,18.829071044921875,1270286.0,0.0,0.0,0.0,BAFL.KA,
2022-04-15 00:00:00+05:00,19.12534144460243,19.310509910442295,18.78145484440278,19.220571517944336,159305.0,0.0,0.0,0.0,BAFL.KA,
2022-04-18 00:00:00+05:00,19.15179497211802,19.15179497211802,18.511638787204472,18.654481887817383,912676.0,0.0,0.0,0.0,BAFL.KA,
2022-04-19 00:00:00+05:00,18.64919211913184,18.78145589302639,18.516928345237286,18.527509689331055,473497.0,0.0,0.0,0.0,BAFL.KA,
2022-04-20 00:00:00+05:00,19.17824658022556,19.17824658022556,18.516927732631576,18.564542770385742,264615.0,0.0,0.0,0.0,BAFL.KA,
2022-04-21 00:00:00+05:00,18.15188231699493,18.569834337719644,18.15188231699493,18.34234046936035,319103.0,0.0,0.0,0.0,BAFL.KA,
2022-04-22 00:00:00+05:00,18.971917239562178,18.971917239562178,18.01961841146539,18.07252311706543,234342.0,0.0,0.0,0.0,BAFL.KA,
2022-04-25 00:00:00+05:00,17.993160180302198,18.352917752119996,17.993160180302198,18.009033203125,321954.0,0.0,0.0,0.0,BAFL.KA,
2022-04-26 00:00:00+05:00,18.25239960377704,19.04069253263717,17.781540922415275,18.522216796875,2270636.0,0.0,0.0,0.0,BAFL.KA,
2022-04-27 00:00:00+05:00,18.675645802617545,18.78145723291891,18.363503193230358,18.532800674438477,362880.0,0.0,0.0,0.0,BAFL.KA,
2022-04-28 00:00:00+05:00,18.78145854343167,18.78145854343167,18.257693036894995,18.617450714111328,2349824.0,0.0,0.0,0.0,BAFL.KA,
2022-04-29 00:00:00+05:00,18.617450714111328,18.617450714111328,18.617450714111328,18.617450714111328,0.0,0.0,0.0,0.0,BAFL.KA,
2022-05-02 00:00:00+05:00,18.617450714111328,18.617450714111328,18.617450714111328,18.617450714111328,0.0,0.0,0.0,0.0,BAFL.KA,
2022-05-03 00:00:00+05:00,18.617450714111328,18.617450714111328,18.617450714111328,18.617450714111328,0.0,0.0,0.0,0.0,BAFL.KA,
2022-05-04 00:00:00+05:00,18.617450714111328,18.617450714111328,18.617450714111328,18.617450714111328,0.0,0.0,0.0,0.0,BAFL.KA,
2022-05-05 00:00:00+05:00,18.617450714111328,18.617450714111328,18.617450714111328,18.617450714111328,0.0,0.0,0.0,0.0,BAFL.KA,
2022-05-06 00:00:00+05:00,18.464024943089118,18.77087587067503,18.384665865890344,18.437570571899414,32922.0,0.0,0.0,0.0,BAFL.KA,
2022-05-09 00:00:00+05:00,18.770871344179017,18.770871344179017,18.014322525213068,18.506343841552734,1588011.0,0.0,0.0,0.0,BAFL.KA,
2022-05-10 00:00:00+05:00,18.464024346891573,18.72855190476575,18.426990650243997,18.569833755493164,3398808.0,0.0,0.0,0.0,BAFL.KA,
2022-05-11 00:00:00+05:00,18.78145721551388,18.78145721551388,17.855610733058967,18.437570571899414,3893611.0,0.0,0.0,0.0,BAFL.KA,
2022-05-12 00:00:00+05:00,18.464022435442615,18.649190899511325,18.098973151728742,18.522216796875,7890502.0,0.0,0.0,0.0,BAFL.KA,
2022-05-13 00:00:00+05:00,18.56983619912608,19.035405327341408,18.278856250811014,18.40583038330078,1579114.0,0.0,0.0,0.0,BAFL.KA,
2022-05-16 00:00:00+05:00,18.10955681054455,18.35821336681608,17.728636472117554,18.247112274169922,1250866.0,0.0,0.0,0.0,BAFL.KA,
2022-05-17 00:00:00+05:00,18.252403910354165,18.252403910354165,18.014328673103776,18.136011123657227,129765.0,0.0,0.0,0.0,BAFL.KA,
2022-05-18 00:00:00+05:00,18.13600852872396,18.437569780031396,17.855609966185312,18.014326095581055,299038.0,0.0,0.0,0.0,BAFL.KA,
2022-05-19 00:00:00+05:00,17.987873743712612,18.173042224976797,17.966711054943826,18.014326095581055,256844.0,0.0,0.0,0.0,BAFL.KA,
2022-05-20 00:00:00+05:00,17.993164049372897,18.506348170324554,17.993164049372897,18.12013816833496,421438.0,0.0,0.0,0.0,BAFL.KA,
2022-05-23 00:00:00+05:00,18.511641167826028,18.511641167826028,18.120139456530122,18.15717315673828,170889.0,0.0,0.0,0.0,BAFL.KA,
2022-05-24 00:00:00+05:00,18.49047837393013,18.49047837393013,17.93497085571289,17.93497085571289,371361.0,0.0,0.0,0.0,BAFL.KA,
2022-05-25 00:00:00+05:00,18.2259488949934,18.2259488949934,17.670441434597784,17.95083999633789,1919139.0,0.0,0.0,0.0,BAFL.KA,
2022-05-26 00:00:00+05:00,17.98787624150444,18.30530854437449,17.98787624150444,18.10426902770996,183054.0,0.0,0.0,0.0,BAFL.KA,
2022-05-27 00:00:00+05:00,18.30530731283253,18.49047782553665,17.987875031318644,18.051361083984375,846735.0,0.0,0.0,0.0,BAFL.KA,
2022-05-30 00:00:00+05:00,18.173044137790075,18.252403219933466,17.88206420023979,17.919097900390625,127241.0,0.0,0.0,0.0,BAFL.KA,
2022-05-31 00:00:00+05:00,17.786830999471437,18.247110366341218,17.786830999471437,17.993162155151367,317196.0,0.0,0.0,0.0,BAFL.KA,
2022-06-01 00:00:00+05:00,17.9878731020542,18.157170569795202,17.9878731020542,18.08310317993164,69416.0,0.0,0.0,0.0,BAFL.KA,
2022-06-02 00:00:00+05:00,17.98787492469182,17.98787492469182,17.511724487058245,17.60695457458496,2710811.0,0.0,0.0,0.0,BAFL.KA,
2022-06-03 00:00:00+05:00,17.469398454178254,17.665148262752094,17.30539065780374,17.326553344726562,433123.0,0.0,0.0,0.0,BAFL.KA,
2022-06-06 00:00:00+05:00,17.24719555766349,17.85032007060853,17.24719555766349,17.490562438964844,137910.0,0.0,0.0,0.0,BAFL.KA,
2022-06-07 00:00:00+05:00,17.19958124778263,17.8238664575372,17.19958124778263,17.723346710205078,55376.0,0.0,0.0,0.0,BAFL.KA,
2022-06-08 00:00:00+05:00,17.485273335814284,17.696896215578,16.929765799166212,17.199583053588867,840667.0,0.0,0.0,0.0,BAFL.KA,
2022-06-09 00:00:00+05:00,17.448238318029503,17.45352999962626,17.051446962051372,17.114933013916016,43790.0,0.0,0.0,0.0,BAFL.KA,
2022-06-10 00:00:00+05:00,17.167837142944336,17.27364855884207,16.855694576047718,17.167837142944336,18052.0,0.0,0.0,0.0,BAFL.KA,
2022-06-13 00:00:00+05:00,16.823953576550917,17.067318464226908,16.65994676054785,16.712852478027344,752590.0,0.0,0.0,0.0,BAFL.KA,
2022-06-14 00:00:00+05:00,16.81337197117477,16.924473061311897,16.681108192006256,16.818662643432617,33043.0,0.0,0.0,0.0,BAFL.KA,
2022-06-15 00:00:00+05:00,17.009122898508316,17.088479955519023,16.935053486505826,17.072608947753906,80480.0,0.0,0.0,0.0,BAFL.KA,
2022-06-16 00:00:00+05:00,16.823948794172395,17.554045267848284,16.823948794172395,17.45352554321289,332379.0,0.0,0.0,0.0,BAFL.KA,
2022-06-17 00:00:00+05:00,17.66514894097162,18.43756887964605,17.405913079861353,17.47998046875,923911.0,0.0,0.0,0.0,BAFL.KA,
2022-06-20 00:00:00+05:00,17.670441886810256,17.855610372285835,17.353007602614095,17.501144409179688,336778.0,0.0,0.0,0.0,BAFL.KA,
2022-06-21 00:00:00+05:00,17.405915680701284,17.882064116783564,17.353008953457508,17.839740753173828,201008.0,0.0,0.0,0.0,BAFL.KA,
2022-06-22 00:00:00+05:00,17.8556091624095,17.987872933982906,17.591081619262695,17.591081619262695,1711023.0,0.0,0.0,0.0,BAFL.KA,
2022-06-23 00:00:00+05:00,17.908510050217075,17.961416758491154,17.67043692662969,17.733922958374023,185864.0,0.0,0.0,0.0,BAFL.KA,
2022-06-24 00:00:00+05:00,17.62282458235343,17.866189422926652,16.48535540852335,16.580585479736328,2482538.0,0.0,0.0,0.0,BAFL.KA,
2022-06-27 00:00:00+05:00,16.136180469181415,16.92976311520673,16.136180469181415,16.855695724487305,182382.0,0.0,0.0,0.0,BAFL.KA,
2022-06-28 00:00:00+05:00,17.353006200945753,17.353006200945753,16.69168735168574,16.908599853515625,264086.0,0.0,0.0,0.0,BAFL.KA,
2022-06-29 00:00:00+05:00,16.797499893188476,17.083190139515793,16.18908671304898,16.53297233581543,1092538.0,0.0,0.0,0.0,BAFL.KA,
2022-06-30 00:00:00+05:00,16.665238112211227,16.987962093801798,16.53297431766987,16.929765701293945,214100.0,0.0,0.0,0.0,BAFL.KA,
2022-07-01 00:00:00+05:00,16.61233060760553,17.1942914428752,16.61233060760553,17.1837100982666,411520.0,0.0,0.0,0.0,BAFL.KA,
2022-07-04 00:00:00+05:00,17.14138548834753,17.21545287702282,17.0355740681607,17.162546157836914,133317.0,0.0,0.0,0.0,BAFL.KA,
2022-07-05 00:00:00+05:00,17.241907289280906,17.241907289280906,16.427161880056914,16.564716339111328,168783.0,0.0,0.0,0.0,BAFL.KA,
2022-07-06 00:00:00+05:00,16.665237426757812,16.760467516365534,16.50652128347336,16.665237426757812,57683.0,0.0,0.0,0.0,BAFL.KA,
2022-07-07 00:00:00+05:00,16.871566836205584,16.987959604163567,16.411289463748627,16.982667922973633,116301.0,0.0,0.0,0.0,BAFL.KA,
2022-07-08 00:00:00+05:00,16.982667922973633,16.982667922973633,16.982667922973633,16.982667922973633,0.0,0.0,0.0,0.0,BAFL.KA,
2022-07-11 00:00:00+05:00,16.982667922973633,16.982667922973633,16.982667922973633,16.982667922973633,0.0,0.0,0.0,0.0,BAFL.KA,
2022-07-12 00:00:00+05:00,16.982667922973633,16.982667922973633,16.982667922973633,16.982667922973633,0.0,0.0,0.0,0.0,BAFL.KA,
2022-07-13 00:00:00+05:00,17.363588337331283,17.723345969205788,16.67052643421571,17.538177490234375,285114.0,0.0,0.0,0.0,BAFL.KA,
2022-07-14 00:00:00+05:00,17.903222940959978,17.903222940959978,17.384749235062138,17.61753273010254,57875.0,0.0,0.0,0.0,BAFL.KA,
2022-07-15 00:00:00+05:00,17.61753330041904,17.908513183185384,17.331843080313213,17.56462860107422,83978.0,0.0,0.0,0.0,BAFL.KA,
2022-07-18 00:00:00+05:00,17.22603474388916,17.453528597833436,16.99854088994488,17.04615592956543,65667.0,0.0,0.0,0.0,BAFL.KA,
2022-07-19 00:00:00+05:00,17.300102025666693,17.300102025666693,16.45361367108833,16.61762046813965,155592.0,0.0,0.0,0.0,BAFL.KA,
2022-07-20 00:00:00+05:00,16.45361198427846,16.65465245594773,16.3901249353294,16.41657829284668,103704.0,0.0,0.0,0.0,BAFL.KA,
2022-07-21 00:00:00+05:00,16.40599920897697,16.495938618735725,16.26844475822284,16.437742233276367,187430.0,0.0,0.0,0.0,BAFL.KA,
2022-07-22 00:00:00+05:00,16.8239544760776,16.8239544760776,16.035662371672654,16.204959869384766,817089.0,0.0,0.0,0.0,BAFL.KA,
2022-07-25 00:00:00+05:00,16.53826419028237,16.53826419028237,16.0039183651003,16.077985763549805,24229.0,0.0,0.0,0.0,BAFL.KA,
2022-07-26 00:00:00+05:00,15.876945814440512,16.13618272732944,15.612418228746588,15.771134376525879,302062.0,0.0,0.0,0.0,BAFL.KA,
2022-07-27 00:00:00+05:00,16.316060707316492,16.65465567626863,15.723518502557646,16.31077003479004,706303.0,0.0,0.0,0.0,BAFL.KA,
2022-07-28 00:00:00+05:00,16.628202417924538,16.65994544226339,16.400708557128908,16.53297233581543,662027.0,0.0,0.0,0.0,BAFL.KA,
2022-07-29 00:00:00+05:00,17.167838636153782,17.770961135588365,17.06202721105287,17.760379791259766,1687027.0,0.0,0.0,0.0,BAFL.KA,
2022-08-01 00:00:00+05:00,17.91380751783033,18.379376610138085,17.458819770596072,17.781543731689453,563742.0,0.0,0.0,0.0,BAFL.KA,
2022-08-02 00:00:00+05:00,17.591081619262695,18.146589056233992,17.416492472057005,17.591081619262695,633054.0,0.0,0.0,0.0,BAFL.KA,
2022-08-03 00:00:00+05:00,17.850320788023797,18.0407789375618,17.643987594200308,17.707475662231445,782669.0,0.0,0.0,0.0,BAFL.KA,
2022-08-04 00:00:00+05:00,19.21120674198742,19.58285299982534,19.21120674198742,19.4685001373291,491920.0,2.5,0.0,0.0,BAFL.KA,
2022-08-05 00:00:00+05:00,19.72007715471932,20.297555956038334,19.21120701834579,19.845863342285156,2547747.0,0.0,0.0,0.0,BAFL.KA,
2022-08-08 00:00:00+05:00,19.845863342285156,19.845863342285156,19.845863342285156,19.845863342285156,0.0,0.0,0.0,0.0,BAFL.KA,
2022-08-09 00:00:00+05:00,19.845863342285156,19.845863342285156,19.845863342285156,19.845863342285156,0.0,0.0,0.0,0.0,BAFL.KA,
2022-08-10 00:00:00+05:00,20.024545372435945,20.271002255636123,19.408405514822533,20.141611099243164,7265479.0,2.5,0.0,0.0,BAFL.KA,
2022-08-11 00:00:00+05:00,20.14777486744436,20.86865741035698,19.716476474487518,19.77808952331543,2556952.0,0.0,0.0,0.0,BAFL.KA,
2022-08-12 00:00:00+05:00,20.086158683969863,21.071983879435212,19.71647570466227,20.351099014282227,1619918.0,0.0,0.0,0.0,BAFL.KA,
2022-08-15 00:00:00+05:00,20.64068641068482,21.866805831639134,20.455844912905373,20.517457962036133,4350270.0,0.0,0.0,0.0,BAFL.KA,
2022-08-16 00:00:00+05:00,20.548263280051575,20.609878675951578,20.209386828956163,20.338775634765625,647941.0,0.0,0.0,0.0,BAFL.KA,
2022-08-17 00:00:00+05:00,20.215549476642327,20.64068513019965,20.215549476642327,20.474327087402344,257948.0,0.0,0.0,0.0,BAFL.KA,
2022-08-18 00:00:00+05:00,20.622202025855337,20.948755402057675,20.425037457161054,20.548263549804688,836129.0,0.0,0.0,0.0,BAFL.KA,
2022-08-19 00:00:00+05:00,20.48665018934353,20.48665018934353,19.962932252477525,20.01838493347168,5665365.0,0.0,0.0,0.0,BAFL.KA,
2022-08-22 00:00:00+05:00,19.993739894987428,20.295647124786214,19.599409566366045,19.77808952331543,2930735.0,0.0,0.0,0.0,BAFL.KA,
2022-08-23 00:00:00+05:00,19.63021874852024,20.542105572287888,19.62405720813339,19.839706420898438,10172134.0,0.0,0.0,0.0,BAFL.KA,
2022-08-24 00:00:00+05:00,19.722636691168184,20.3326162116892,19.47002060744413,20.049192428588867,13097030.0,0.0,0.0,0.0,BAFL.KA,
2022-08-25 00:00:00+05:00,20.289486830289285,20.94259596190676,20.08615953775649,20.32645606994629,4410036.0,0.0,0.0,0.0,BAFL.KA,
2022-08-26 00:00:00+05:00,20.092321395874023,20.609878977060376,20.030705999073824,20.092321395874023,2286486.0,0.0,0.0,0.0,BAFL.KA,
2022-08-29 00:00:00+05:00,20.08615961758759,20.20938806654688,19.833542354895272,20.06151580810547,996044.0,0.0,0.0,0.0,BAFL.KA,
2022-08-30 00:00:00+05:00,20.258681653354135,20.332617787199137,20.024547820726422,20.23403549194336,578589.0,0.0,0.0,0.0,BAFL.KA,
2022-08-31 00:00:00+05:00,20.301808465067786,20.486649949421256,19.778088183948128,19.87051010131836,3626279.0,0.0,0.0,0.0,BAFL.KA,
2022-09-01 00:00:00+05:00,19.962932994489833,20.018385677545137,19.833541833769388,19.901317596435547,452058.0,0.0,0.0,0.0,BAFL.KA,
2022-09-02 00:00:00+05:00,20.012225787178068,20.289489241589024,19.845867714531494,20.129291534423828,297510.0,0.0,0.0,0.0,BAFL.KA,
2022-09-05 00:00:00+05:00,20.240194629788515,20.240194629788515,19.87051163259282,19.99374008178711,80755.0,0.0,0.0,0.0,BAFL.KA,
2022-09-06 00:00:00+05:00,20.141609422391166,20.184739020802468,19.870508753750574,20.16009521484375,486781.0,0.0,0.0,0.0,BAFL.KA,
2022-09-07 00:00:00+05:00,20.24019451074661,20.394229483736726,20.178581461705427,20.32645606994629,494900.0,0.0,0.0,0.0,BAFL.KA,
2022-09-08 00:00:00+05:00,20.42503684301589,20.42503684301589,20.086158047274214,20.13545036315918,85281.0,0.0,0.0,0.0,BAFL.KA,
2022-09-09 00:00:00+05:00,20.320293392784254,20.480491081210165,20.030706890897765,20.25868034362793,1035044.0,0.0,0.0,0.0,BAFL.KA,
2022-09-12 00:00:00+05:00,20.332614964599422,20.332614964599422,20.086158085479784,20.197063446044922,338891.0,0.0,0.0,0.0,BAFL.KA,
2022-09-13 00:00:00+05:00,20.326455615509335,20.326455615509335,19.753445340765868,20.03070640563965,229486.0,0.0,0.0,0.0,BAFL.KA,
2022-09-14 00:00:00+05:00,20.258679548508862,20.258679548508862,19.858187693549887,19.888994216918945,172702.0,0.0,0.0,0.0,BAFL.KA,
2022-09-15 00:00:00+05:00,20.024545331808554,20.08615837729008,19.876670732111062,19.95060920715332,268297.0,0.0,0.0,0.0,BAFL.KA,
2022-09-16 00:00:00+05:00,20.36342209214853,20.51745705857989,19.408405770351504,20.221710205078125,4907517.0,0.0,0.0,0.0,BAFL.KA,
2022-09-19 00:00:00+05:00,20.20938586331436,20.20938586331436,19.839702907126593,19.852025985717773,132650.0,0.0,0.0,0.0,BAFL.KA,
2022-09-20 00:00:00+05:00,20.141611772879493,20.141611772879493,19.815058389546653,19.901317596435547,195713.0,0.0,0.0,0.0,BAFL.KA,
2022-09-21 00:00:00+05:00,20.14777350304206,20.14777350304206,19.839703578990616,19.87051010131836,532262.0,0.0,0.0,0.0,BAFL.KA,
2022-09-22 00:00:00+05:00,20.018384795252576,20.018384795252576,19.402243768994676,19.53779411315918,627927.0,0.0,0.0,0.0,BAFL.KA,
2022-09-23 00:00:00+05:00,19.67950764241955,19.86435030727298,19.426890391460713,19.45769691467285,853324.0,0.0,0.0,0.0,BAFL.KA,
2022-09-26 00:00:00+05:00,19.593246258250836,19.691828537711224,19.513148596886822,19.624053955078125,170010.0,0.0,0.0,0.0,BAFL.KA,
2022-09-27 00:00:00+05:00,19.624053352750284,19.771926767402135,19.593245656868582,19.599407196044922,546576.0,0.0,0.0,0.0,BAFL.KA,
2022-09-28 00:00:00+05:00,19.716474758926623,19.716474758926623,19.470019059478734,19.488502502441406,56903.0,0.0,0.0,0.0,BAFL.KA,
2022-09-29 00:00:00+05:00,19.710314096673944,19.710314096673944,18.915494283684883,18.9586238861084,1654808.0,0.0,0.0,0.0,BAFL.KA,
2022-09-30 00:00:00+05:00,19.223567067538955,19.40840858397553,18.989433226512684,19.18659782409668,43323.0,0.0,0.0,0.0,BAFL.KA,
2022-10-03 00:00:00+05:00,19.39608214973545,19.39608214973545,18.853879600112577,19.038721084594727,50849.0,0.0,0.0,0.0,BAFL.KA,
2022-10-04 00:00:00+05:00,19.32831027517926,19.32831027517926,18.853882243252883,19.100337982177734,414932.0,0.0,0.0,0.0,BAFL.KA,
2022-10-05 00:00:00+05:00,19.346791997299437,19.37759969641611,18.866203643014913,18.940139770507812,41437.0,0.0,0.0,0.0,BAFL.KA,
2022-10-06 00:00:00+05:00,19.094176441805406,19.254372965904974,18.853882243252883,19.100337982177734,84884.0,0.0,0.0,0.0,BAFL.KA,
2022-10-07 00:00:00+05:00,18.853882815605147,19.48234585033718,18.829236653367637,19.25437355041504,108983.0,0.0,0.0,0.0,BAFL.KA,
2022-10-10 00:00:00+05:00,19.59324678915344,19.59324678915344,18.977106938234233,19.408405303955078,95353.0,0.0,0.0,0.0,BAFL.KA,
2022-10-11 00:00:00+05:00,19.4638591286796,19.5932479408855,19.192757249285034,19.346792221069336,15218.0,0.0,0.0,0.0,BAFL.KA,
2022-10-12 00:00:00+05:00,19.562444041890558,19.562444041890558,18.977110600480906,19.235889434814453,16984.0,0.0,0.0,0.0,BAFL.KA,
2022-10-13 00:00:00+05:00,19.562442933359453,19.562442933359453,19.007917226980123,19.100337982177734,107657.0,0.0,0.0,0.0,BAFL.KA,
2022-10-14 00:00:00+05:00,19.346791083824456,19.439211826423637,19.100335378495476,19.408405303955078,162038.0,0.0,0.0,0.0,BAFL.KA,
2022-10-17 00:00:00+05:00,19.64869816217014,19.685667396904385,19.235884442518458,19.56243896484375,328072.0,0.0,0.0,0.0,BAFL.KA,
2022-10-18 00:00:00+05:00,19.6486990008809,19.65486054026628,19.1311414444436,19.488502502441406,373438.0,0.0,0.0,0.0,BAFL.KA,
2022-10-19 00:00:00+05:00,19.50698809212017,19.50698809212017,19.254370840705594,19.389921188354492,249694.0,0.0,0.0,0.0,BAFL.KA,
2022-10-20 00:00:00+05:00,19.53163360113903,19.710313545496074,19.112658317552174,19.174272537231445,352434.0,0.0,0.0,0.0,BAFL.KA,
2022-10-21 00:00:00+05:00,19.396078601189622,19.654857337236717,19.03871760142871,19.180429458618164,155770.0,0.0,0.0,0.0,BAFL.KA,
2022-10-24 00:00:00+05:00,19.53163020285411,19.53163020285411,19.131138432216673,19.223560333251953,27900.0,0.0,0.0,0.0,BAFL.KA,
2022-10-25 00:00:00+05:00,19.40224304451636,19.40224304451636,19.038720451946794,19.081850051879883,108351.0,0.0,0.0,0.0,BAFL.KA,
2022-10-26 00:00:00+05:00,19.10649748098207,19.10649748098207,18.79226600673153,18.86620330810547,149697.0,0.0,0.0,0.0,BAFL.KA,
2022-10-27 00:00:00+05:00,19.100334529141875,19.100334529141875,18.866201913289125,18.97710609436035,19007.0,0.0,0.0,0.0,BAFL.KA,
2022-10-28 00:00:00+05:00,19.285176960171917,19.285176960171917,18.551971380049366,19.0756893157959,16775.0,0.0,0.0,0.0,BAFL.KA,
2022-10-31 00:00:00+05:00,18.853880821144614,19.254371513588538,18.853880821144614,19.149627685546875,15609.0,0.0,0.0,0.0,BAFL.KA,
2022-11-01 00:00:00+05:00,19.248205311719616,19.254366850134854,19.038717706374687,19.223560333251953,97007.0,0.0,0.0,0.0,BAFL.KA,
2022-11-02 00:00:00+05:00,19.198916907652325,19.266692664657217,18.853878933724015,19.02023696899414,930821.0,0.0,0.0,0.0,BAFL.KA,
2022-11-03 00:00:00+05:00,18.946300536589877,19.10033550030199,18.638230609165653,18.749135971069336,540777.0,0.0,0.0,0.0,BAFL.KA,
2022-11-04 00:00:00+05:00,18.63823246494638,19.100337402093814,18.63823246494638,18.816913604736328,944092.0,0.0,0.0,0.0,BAFL.KA,
2022-11-07 00:00:00+05:00,19.06953103325047,19.100337559236298,18.792267598603456,18.9832706451416,138296.0,0.0,0.0,0.0,BAFL.KA,
2022-11-08 00:00:00+05:00,19.038722783414922,19.90131841328996,18.884687807537464,19.63637924194336,6073741.0,0.0,0.0,0.0,BAFL.KA,
2022-11-09 00:00:00+05:00,19.63637924194336,19.63637924194336,19.63637924194336,19.63637924194336,0.0,0.0,0.0,0.0,BAFL.KA,
2022-11-10 00:00:00+05:00,19.882834505383077,21.108951568603516,19.716476453262217,21.108951568603516,21316777.0,0.0,0.0,0.0,BAFL.KA,
2022-11-11 00:00:00+05:00,21.564900096851055,21.564900096851055,20.671496622761136,20.91179084777832,8743137.0,0.0,0.0,0.0,BAFL.KA,
2022-11-14 00:00:00+05:00,20.83784905913264,20.93643133884709,20.529779141226612,20.6468448638916,718770.0,0.0,0.0,0.0,BAFL.KA,
2022-11-15 00:00:00+05:00,20.51745506572479,20.696136173522813,20.332613594038175,20.35725975036621,482004.0,0.0,0.0,0.0,BAFL.KA,
2022-11-16 00:00:00+05:00,20.357261083867552,20.455843365250498,20.086158047274214,20.13545036315918,541856.0,0.0,0.0,0.0,BAFL.KA,
2022-11-17 00:00:00+05:00,20.043027908820882,20.153933266202284,19.87050950862178,19.975252151489258,615132.0,0.0,0.0,0.0,BAFL.KA,
2022-11-18 00:00:00+05:00,19.870510702866774,20.332615602933444,19.870510702866774,20.024545669555664,119321.0,0.0,0.0,0.0,BAFL.KA,
2022-11-21 00:00:00+05:00,20.271001981620266,20.271001981620266,19.870510139430433,19.9321231842041,217659.0,0.0,0.0,0.0,BAFL.KA,
2022-11-22 00:00:00+05:00,19.901319418676955,20.32645747782393,19.882835972761807,20.0368709564209,376380.0,0.0,0.0,0.0,BAFL.KA,
2022-11-23 00:00:00+05:00,20.209386853141165,20.326454930297754,19.870510401640214,19.88283348083496,154143.0,0.0,0.0,0.0,BAFL.KA,
2022-11-24 00:00:00+05:00,19.901316251181015,20.17241928352011,19.83970320767865,19.864349365234375,1328601.0,0.0,0.0,0.0,BAFL.KA,
2022-11-25 00:00:00+05:00,19.901316623646107,19.932123145973854,19.741121297309633,19.87051010131836,313631.0,0.0,0.0,0.0,BAFL.KA,
2022-11-28 00:00:00+05:00,19.697993606443664,19.95677243019197,19.562443241696908,19.61173439025879,446350.0,0.0,0.0,0.0,BAFL.KA,
2022-11-29 00:00:00+05:00,19.574765103301505,19.96293390234133,19.53163549789566,19.80889892578125,6738956.0,0.0,0.0,0.0,BAFL.KA,
2022-11-30 00:00:00+05:00,19.85202800237351,19.925964131044434,19.71031493456601,19.77808952331543,839129.0,0.0,0.0,0.0,BAFL.KA,
2022-12-01 00:00:00+05:00,19.870511072601957,20.024546042157013,19.716476103046904,19.901317596435547,1940129.0,0.0,0.0,0.0,BAFL.KA,
2022-12-02 00:00:00+05:00,19.932124158179775,19.932124158179775,19.500826947721432,19.704153060913086,1316801.0,0.0,0.0,0.0,BAFL.KA,
2022-12-05 00:00:00+05:00,19.71647461819681,19.71647461819681,19.346790484066926,19.383758544921875,191783.0,0.0,0.0,0.0,BAFL.KA,
2022-12-06 00:00:00+05:00,19.69799220329804,19.716476823389662,19.346792647912388,19.46385955810547,1557452.0,0.0,0.0,0.0,BAFL.KA,
2022-12-07 00:00:00+05:00,19.44537261856301,19.90747866418463,19.408404557982923,19.852025985717773,386816.0,0.0,0.0,0.0,BAFL.KA,
2022-12-08 00:00:00+05:00,19.962931423235258,20.02454446605296,19.78425030852223,19.975252151489258,247764.0,0.0,0.0,0.0,BAFL.KA,
2022-12-09 00:00:00+05:00,19.981416365564392,20.264840144415224,19.882834079425532,20.166257858276367,359767.0,0.0,0.0,0.0,BAFL.KA,
2022-12-12 00:00:00+05:00,20.2648407510592,20.63452609793707,19.87051159469921,20.06151580810547,2873798.0,0.0,0.0,0.0,BAFL.KA,
2022-12-13 00:00:00+05:00,20.147774112984187,20.326455238436196,19.969092987532182,20.024545669555664,918094.0,0.0,0.0,0.0,BAFL.KA,
2022-12-14 00:00:00+05:00,20.024544871478614,20.024544871478614,19.131141630212174,19.198917388916016,3682253.0,0.0,0.0,0.0,BAFL.KA,
2022-12-15 00:00:00+05:00,19.223563739080237,19.223563739080237,18.699844632930883,18.909332275390625,41170025.0,0.0,0.0,0.0,BAFL.KA,
2022-12-16 00:00:00+05:00,19.03872316628678,19.06336932701574,18.915495888222853,18.94630241394043,17468556.0,0.0,0.0,0.0,BAFL.KA,
2022-12-19 00:00:00+05:00,19.346793778025237,19.346793778025237,18.63823308583392,18.903173446655273,29018337.0,0.0,0.0,0.0,BAFL.KA,
2022-12-20 00:00:00+05:00,18.79842816453903,18.977108121344617,18.33632324754012,18.515003204345703,4133983.0,0.0,0.0,0.0,BAFL.KA,
2022-12-21 00:00:00+05:00,18.847717730607126,18.847717730607126,18.052896775824383,18.26238441467285,654378.0,0.0,0.0,0.0,BAFL.KA,
2022-12-22 00:00:00+05:00,18.478035143520074,18.730652404178237,18.360968235470768,18.3856143951416,1080883.0,0.0,0.0,0.0,BAFL.KA,
2022-12-23 00:00:00+05:00,18.484195573633983,18.669037059292922,18.182287186954515,18.379451751708984,182014.0,0.0,0.0,0.0,BAFL.KA,
2022-12-26 00:00:00+05:00,18.669039122665467,18.68136220312299,18.36096916238918,18.48419761657715,299161.0,0.0,0.0,0.0,BAFL.KA,
2022-12-27 00:00:00+05:00,18.669038517759585,18.853881193052345,18.42258279256283,18.459550857543945,16339606.0,0.0,0.0,0.0,BAFL.KA,
2022-12-28 00:00:00+05:00,18.428742585003846,18.656714843688352,18.18228688317836,18.23773956298828,57893713.0,0.0,0.0,0.0,BAFL.KA,
2022-12-29 00:00:00+05:00,18.41025733947754,18.484194635103066,18.176124724518015,18.41025733947754,52190634.0,0.0,0.0,0.0,BAFL.KA,
2022-12-30 00:00:00+05:00,18.410259041807233,18.773781663926684,18.39177559758684,18.57045555114746,4688805.0,0.0,0.0,0.0,BAFL.KA,
2023-01-02 00:00:00+05:00,18.484199180589883,19.593250661347785,18.360970715975125,19.279020309448242,1937561.0,0.0,0.0,0.0,BAFL.KA,
2023-01-03 00:00:00+05:00,19.346791449976504,19.371437608572602,19.014076535283884,19.15578842163086,5807404.0,0.0,0.0,0.0,BAFL.KA,
2023-01-04 00:00:00+05:00,19.161950725005603,19.40224490492717,19.038722277500735,19.346792221069336,2664539.0,0.0,0.0,0.0,BAFL.KA,
2023-01-05 00:00:00+05:00,19.37759965788832,19.408406181750188,19.100336242357326,19.137304306030273,160412.0,0.0,0.0,0.0,BAFL.KA,
2023-01-06 00:00:00+05:00,19.223562922572285,19.223562922572285,18.835394176480886,18.91549301147461,327025.0,0.0,0.0,0.0,BAFL.KA,
2023-01-09 00:00:00+05:00,18.669039705331222,19.06953160634476,18.089869008075148,18.13916015625,906546.0,0.0,0.0,0.0,BAFL.KA,
2023-01-10 00:00:00+05:00,18.48419761657715,18.63207105648653,18.237741883394847,18.48419761657715,335096.0,0.0,0.0,0.0,BAFL.KA,
2023-01-11 00:00:00+05:00,18.545809286832217,18.576615808535216,18.237739369028336,18.39793586730957,91618.0,0.0,0.0,0.0,BAFL.KA,
2023-01-12 00:00:00+05:00,18.23774003515826,18.484195743364417,18.23774003515826,18.416419982910156,155752.0,0.0,0.0,0.0,BAFL.KA,
2023-01-13 00:00:00+05:00,18.18228818706389,18.40409892221003,18.17612664717721,18.21309471130371,41047.0,0.0,0.0,0.0,BAFL.KA,
2023-01-16 00:00:00+05:00,18.29935380855301,18.48419529138951,17.929669667686525,18.04057502746582,183450.0,0.0,0.0,0.0,BAFL.KA,
2023-01-17 00:00:00+05:00,18.47803236327602,18.47803236327602,17.344335043254862,17.55998420715332,1303461.0,0.0,0.0,0.0,BAFL.KA,
2023-01-18 00:00:00+05:00,17.806444454948405,17.806444454948405,17.356662570085184,17.44908332824707,2732755.0,0.0,0.0,0.0,BAFL.KA,
2023-01-19 00:00:00+05:00,17.775636154030295,18.003607256408092,17.313531234125836,17.48604965209961,953565.0,0.0,0.0,0.0,BAFL.KA,
2023-01-20 00:00:00+05:00,17.775632558569953,17.775632558569953,17.381302307547315,17.566144943237305,37686.0,0.0,0.0,0.0,BAFL.KA,
2023-01-23 00:00:00+05:00,17.455242886646733,17.806442432896844,17.3628221389799,17.584632873535156,233964.0,0.0,0.0,0.0,BAFL.KA,
2023-01-24 00:00:00+05:00,17.80028011416959,17.80028011416959,17.40595098127519,17.52301788330078,1059402.0,0.0,0.0,0.0,BAFL.KA,
2023-01-25 00:00:00+05:00,17.559986014090732,18.132996272055184,17.559986014090732,17.892702102661133,2300479.0,0.0,0.0,0.0,BAFL.KA,
2023-01-26 00:00:00+05:00,17.960477829500327,18.933978823383548,17.898863604531797,18.527326583862305,2892109.0,0.0,0.0,0.0,BAFL.KA,
2023-01-27 00:00:00+05:00,18.607422849500153,18.761457802972195,18.453387896028108,18.638229370117188,1464663.0,0.0,0.0,0.0,BAFL.KA,
2023-01-30 00:00:00+05:00,18.977108086269215,18.977108086269215,18.36096819807614,18.45339012145996,2837153.0,0.0,0.0,0.0,BAFL.KA,
2023-01-31 00:00:00+05:00,18.662876576121892,19.223563744270376,18.45338893360559,19.038721084594727,2125918.0,0.0,0.0,0.0,BAFL.KA,
2023-02-01 00:00:00+05:00,19.07569021309762,19.470020537339124,18.890848718279788,19.242048263549805,486610.0,0.0,0.0,0.0,BAFL.KA,
2023-02-02 00:00:00+05:00,19.433050356431703,19.778087149067737,18.798425923022528,19.40224266052246,2894361.0,0.0,0.0,0.0,BAFL.KA,
2023-02-03 00:00:00+05:00,19.4022411069068,19.4022411069068,18.792262879068435,18.88468360900879,779575.0,0.0,0.0,0.0,BAFL.KA,
2023-02-06 00:00:00+05:00,19.08801206160165,19.2235635792388,18.860040977710334,19.131141662597656,2197290.0,0.0,0.0,0.0,BAFL.KA,
2023-02-07 00:00:00+05:00,19.223565328701913,19.223565328701913,19.03872265379129,19.094175338745117,354746.0,0.0,0.0,0.0,BAFL.KA,
2023-02-08 00:00:00+05:00,19.21740558977184,19.34679441666157,18.946303679610974,18.98943328857422,2238245.0,0.0,0.0,0.0,BAFL.KA,
2023-02-09 00:00:00+05:00,19.161949961279884,19.28517722867979,19.04488305833548,19.15578842163086,520265.0,0.0,0.0,0.0,BAFL.KA,
2023-02-10 00:00:00+05:00,18.95246396322987,19.254372381142957,18.792267443995524,18.816913604736328,510225.0,0.0,0.0,0.0,BAFL.KA,
2023-02-13 00:00:00+05:00,19.05104309243,19.094172691371224,18.54580863307265,18.638229370117188,336651.0,0.0,0.0,0.0,BAFL.KA,
2023-02-14 00:00:00+05:00,18.6382303045101,18.835394866807842,18.4841953433158,18.607423782348633,207662.0,0.0,0.0,0.0,BAFL.KA,
2023-02-15 00:00:00+05:00,18.792266755146102,18.915495203945802,18.367129899500068,18.619747161865234,970807.0,0.0,0.0,0.0,BAFL.KA,
2023-02-16 00:00:00+05:00,18.515000780051643,18.853878379928794,18.515000780051643,18.730649948120117,692973.0,0.0,0.0,0.0,BAFL.KA,
2023-02-17 00:00:00+05:00,18.847721425341156,19.069532186472685,18.607427217577808,18.92165756225586,110260.0,0.0,0.0,0.0,BAFL.KA,
2023-02-20 00:00:00+05:00,18.909333760158308,18.909333760158308,18.638231876536302,18.662878036499023,68968.0,0.0,0.0,0.0,BAFL.KA,
2023-02-21 00:00:00+05:00,18.545808773728112,18.940137881545322,18.545808773728112,18.74297332763672,49021.0,0.0,0.0,0.0,BAFL.KA,
2023-02-22 00:00:00+05:00,18.73065435960676,18.786107049461666,18.638233601579813,18.755300521850586,309835.0,0.0,0.0,0.0,BAFL.KA,
2023-02-23 00:00:00+05:00,19.038721141731674,19.038721141731674,18.576616253945986,18.644392013549805,136323.0,0.0,0.0,0.0,BAFL.KA,
2023-02-24 00:00:00+05:00,18.644394136944054,18.970948717906623,18.30551647552396,18.48419761657715,483722.0,0.0,0.0,0.0,BAFL.KA,
2023-02-27 00:00:00+05:00,18.50884313900726,18.730652703622926,18.071383199404956,18.527326583862305,163987.0,0.0,0.0,0.0,BAFL.KA,
2023-02-28 00:00:00+05:00,18.515003305907427,19.25437164723883,18.515003305907427,19.124982833862305,2750723.0,0.0,0.0,0.0,BAFL.KA,
2023-03-01 00:00:00+05:00,19.124982701110138,19.254371513588538,18.91549504502681,19.149627685546875,1198155.0,0.0,0.0,0.0,BAFL.KA,
2023-03-02 00:00:00+05:00,18.804586835488163,19.53163198200735,18.804586835488163,19.315982818603516,308715.0,0.0,0.0,0.0,BAFL.KA,
2023-03-03 00:00:00+05:00,19.408406790875844,19.83970518963941,19.100336841814325,19.72879981994629,1853122.0,0.0,0.0,0.0,BAFL.KA,
2023-03-06 00:00:00+05:00,19.932123749387504,20.326455238436196,19.778088782698614,20.024545669555664,2074061.0,0.0,0.0,0.0,BAFL.KA,
2023-03-07 00:00:00+05:00,20.271003280471632,20.271003280471632,19.414568035958837,19.716476440429688,436035.0,0.0,0.0,0.0,BAFL.KA,
2023-03-08 00:00:00+05:00,19.993739080918914,19.993739080918914,19.476181500521093,19.654861450195312,114363.0,0.0,0.0,0.0,BAFL.KA,
2023-03-09 00:00:00+05:00,20.07999937384545,20.07999937384545,19.617894450253168,19.72879981994629,2311034.0,0.0,0.0,0.0,BAFL.KA,
2023-03-10 00:00:00+05:00,20.383754110952367,20.383754110952367,19.728801006106757,20.276823043823242,595919.0,2.5,0.0,0.0,BAFL.KA,
2023-03-13 00:00:00+05:00,20.671130544728534,20.69786267248682,20.083008437420744,20.196622848510742,2062598.0,0.0,0.0,0.0,BAFL.KA,
2023-03-14 00:00:00+05:00,20.083005909884577,20.31691805324495,20.05627378549065,20.2701358795166,2280390.0,0.0,0.0,0.0,BAFL.KA,
2023-03-15 00:00:00+05:00,20.11642328923222,20.383750915142816,19.982758838917583,20.0562744140625,550295.0,0.0,0.0,0.0,BAFL.KA,
2023-03-16 00:00:00+05:00,20.209988282457733,20.27682050974084,19.982759474526397,19.996126174926758,362918.0,0.0,0.0,0.0,BAFL.KA,
2023-03-17 00:00:00+05:00,20.3169186915201,20.3169186915201,19.88251114004273,20.029541015625,112740.0,0.0,0.0,0.0,BAFL.KA,
2023-03-20 00:00:00+05:00,20.123106639216626,20.123106639216626,19.849095663318476,19.88919448852539,273781.0,0.0,0.0,0.0,BAFL.KA,
2023-03-21 00:00:00+05:00,19.849096926645526,20.116424569570572,19.71543246782363,19.962711334228516,132537.0,0.0,0.0,0.0,BAFL.KA,
2023-03-22 00:00:00+05:00,19.715435021399237,20.183259413150513,19.595137247822112,19.742168426513672,107092.0,0.0,0.0,0.0,BAFL.KA,
2023-03-23 00:00:00+05:00,19.742168426513672,19.742168426513672,19.742168426513672,19.742168426513672,0.0,0.0,0.0,0.0,BAFL.KA,
2023-03-24 00:00:00+05:00,19.722116458365125,19.949345280906357,19.648600876155083,19.862462997436523,51227.0,0.0,0.0,0.0,BAFL.KA,
2023-03-27 00:00:00+05:00,20.176571515350858,20.176571515350858,19.715430578790144,19.795629501342773,67474.0,0.0,0.0,0.0,BAFL.KA,
2023-03-28 00:00:00+05:00,20.042907070163757,20.042907070163757,19.648598356594178,19.7622127532959,212416.0,0.0,0.0,0.0,BAFL.KA,
2023-03-29 00:00:00+05:00,20.022855727411944,20.022855727411944,19.52829934863368,19.715429306030273,246651.0,0.0,0.0,0.0,BAFL.KA,
2023-03-30 00:00:00+05:00,19.94266195885765,19.94266195885765,19.501571014402817,19.555036544799805,1557252.0,0.0,0.0,0.0,BAFL.KA,
2023-03-31 00:00:00+05:00,19.514937746653697,19.70874981663082,19.113945630680497,19.234243392944336,395731.0,0.0,0.0,0.0,BAFL.KA,
2023-04-03 00:00:00+05:00,19.682014431869227,19.782262125594347,19.120625817346248,19.160724639892578,613664.0,0.0,0.0,0.0,BAFL.KA,
2023-04-04 00:00:00+05:00,19.14735921008977,19.367904660792508,19.04711150971919,19.07384490966797,139937.0,0.0,0.0,0.0,BAFL.KA,
2023-04-05 00:00:00+05:00,19.715433157834422,19.715433157834422,19.047113389772235,19.35453987121582,297425.0,0.0,0.0,0.0,BAFL.KA,
2023-04-06 00:00:00+05:00,19.067160932464052,19.387954072984837,19.067160932464052,19.254289627075195,2496275.0,0.0,0.0,0.0,BAFL.KA,
2023-04-07 00:00:00+05:00,19.37458737360916,19.37458737360916,19.15404193015948,19.24760627746582,1005354.0,0.0,0.0,0.0,BAFL.KA,
2023-04-10 00:00:00+05:00,19.51493450588563,19.51493450588563,18.91344579445328,18.98027801513672,2792253.0,0.0,0.0,0.0,BAFL.KA,
2023-04-11 00:00:00+05:00,19.58176938087536,19.58176938087536,18.900084162338192,19.01369857788086,548078.0,0.0,0.0,0.0,BAFL.KA,
2023-04-12 00:00:00+05:00,19.281026867992164,19.281026867992164,18.98028244212985,19.11394691467285,1701444.0,0.0,0.0,0.0,BAFL.KA,
2023-04-13 00:00:00+05:00,19.361221313496497,19.361221313496497,18.980279287204148,19.027061462402344,492150.0,0.0,0.0,0.0,BAFL.KA,
2023-04-14 00:00:00+05:00,19.027061462402344,19.027061462402344,19.027061462402344,19.027061462402344,0.0,0.0,0.0,0.0,BAFL.KA,
2023-04-17 00:00:00+05:00,19.01369731475172,19.341173837862218,18.880032855445137,18.92013168334961,1824110.0,0.0,0.0,0.0,BAFL.KA,
2023-04-18 00:00:00+05:00,19.047109603881836,19.10725847302947,18.87334634575739,19.047109603881836,212720.0,0.0,0.0,0.0,BAFL.KA,
2023-04-19 00:00:00+05:00,18.886716831128844,19.240926767714313,18.886716831128844,19.0203800201416,1197133.0,0.0,0.0,0.0,BAFL.KA,
2023-04-20 00:00:00+05:00,19.294390361142273,19.441420236710425,18.90008163491272,19.227558135986328,3210408.0,0.0,0.0,0.0,BAFL.KA,
2023-04-21 00:00:00+05:00,19.227558135986328,19.227558135986328,19.227558135986328,19.227558135986328,0.0,0.0,0.0,0.0,BAFL.KA,
2023-04-24 00:00:00+05:00,19.227558135986328,19.227558135986328,19.227558135986328,19.227558135986328,0.0,0.0,0.0,0.0,BAFL.KA,
2023-04-25 00:00:00+05:00,19.227558135986328,19.227558135986328,19.227558135986328,19.227558135986328,0.0,0.0,0.0,0.0,BAFL.KA,
2023-04-26 00:00:00+05:00,19.44142213336636,19.77558201702722,19.44142213336636,19.555036544799805,3469301.0,0.0,0.0,0.0,BAFL.KA,
2023-04-27 00:00:00+05:00,19.702064514917883,20.049591065994264,19.481519064180695,19.688697814941406,14264424.0,0.0,0.0,0.0,BAFL.KA,
2023-04-28 00:00:00+05:00,19.915927262303867,19.915927262303867,19.381271993072122,19.50825309753418,2048249.0,0.0,0.0,0.0,BAFL.KA,
2023-05-01 00:00:00+05:00,19.50825309753418,19.50825309753418,19.50825309753418,19.50825309753418,0.0,0.0,0.0,0.0,BAFL.KA,
2023-05-02 00:00:00+05:00,19.414685592209597,19.942658734906075,19.38127011913301,19.802310943603516,2104470.0,0.0,0.0,0.0,BAFL.KA,
2023-05-03 00:00:00+05:00,19.942661915303326,20.116425207393732,19.76221527258804,20.022859573364258,3350516.0,0.0,0.0,0.0,BAFL.KA,
2023-05-04 00:00:00+05:00,19.98275946751304,20.55083148714201,19.98275946751304,20.183256149291992,11782165.0,0.0,0.0,0.0,BAFL.KA,
2023-05-05 00:00:00+05:00,20.183255514033583,21.018655141688637,20.183255514033583,20.731277465820312,8830315.0,0.0,0.0,0.0,BAFL.KA,
2023-05-08 00:00:00+05:00,20.945141512272585,20.945141512272585,20.51741727108914,20.54414939880371,3914404.0,0.0,0.0,0.0,BAFL.KA,
2023-05-09 00:00:00+05:00,20.898360007425243,20.898360007425243,20.203306818343943,20.323604583740234,257974.0,0.0,0.0,0.0,BAFL.KA,
2023-05-10 00:00:00+05:00,20.323602039973096,20.323602039973096,19.715431213006987,20.0562744140625,4025757.0,0.0,0.0,0.0,BAFL.KA,
2023-05-11 00:00:00+05:00,20.316916788534385,20.423847828890995,20.08968800909695,20.363698959350586,186242.0,0.0,0.0,0.0,BAFL.KA,
2023-05-12 00:00:00+05:00,20.610982251463813,20.95182549445076,20.377070071996044,20.671131134033203,649377.0,0.0,0.0,0.0,BAFL.KA,
2023-05-15 00:00:00+05:00,20.851577136572875,20.851577136572875,20.216672851193337,20.717912673950195,492140.0,0.0,0.0,0.0,BAFL.KA,
2023-05-16 00:00:00+05:00,20.918410050286155,20.918410050286155,20.5241012508485,20.55083465576172,611987.0,0.0,0.0,0.0,BAFL.KA,
2023-05-17 00:00:00+05:00,20.94514087223554,20.94514087223554,20.41716766277948,20.423851013183594,208002.0,0.0,0.0,0.0,BAFL.KA,
2023-05-18 00:00:00+05:00,20.38375091704273,20.610979717767584,20.316918691879184,20.357017517089844,44955.0,0.0,0.0,0.0,BAFL.KA,
2023-05-19 00:00:00+05:00,19.922609344306558,20.577563600821772,19.922609344306558,20.443899154663086,114522.0,0.0,0.0,0.0,BAFL.KA,
2023-05-22 00:00:00+05:00,20.584247615138818,20.584247615138818,20.06964238079941,20.129791259765625,149995.0,0.0,0.0,0.0,BAFL.KA,
2023-05-23 00:00:00+05:00,20.71122741622313,20.71122741622313,20.042907714087303,20.0562744140625,437145.0,0.0,0.0,0.0,BAFL.KA,
2023-05-24 00:00:00+05:00,20.517417958500694,20.517417958500694,20.049593597993315,20.136474609375,105652.0,0.0,0.0,0.0,BAFL.KA,
2023-05-25 00:00:00+05:00,20.45058183990069,20.45058183990069,19.91592534735824,19.969390869140625,448241.0,0.0,0.0,0.0,BAFL.KA,
2023-05-26 00:00:00+05:00,20.049590419770812,20.250085814081068,19.715430579441296,19.768896102905273,1467197.0,0.0,0.0,0.0,BAFL.KA,
2023-05-29 00:00:00+05:00,19.982759483511813,19.982759483511813,19.64859962166473,19.682016372680664,342080.0,0.0,0.0,0.0,BAFL.KA,
2023-05-30 00:00:00+05:00,19.94934401893868,19.94934401893868,18.98696325933226,19.34117317199707,9223546.0,0.0,0.0,0.0,BAFL.KA,
2023-05-31 00:00:00+05:00,19.715432523460187,19.715432523460187,19.053796127334046,19.120628356933594,2453661.0,0.0,0.0,0.0,BAFL.KA,
2023-06-01 00:00:00+05:00,19.34785782242264,19.36122324901634,19.04711341648535,19.06048011779785,810460.0,0.0,0.0,0.0,BAFL.KA,
2023-06-02 00:00:00+05:00,19.147360485590525,19.254291543071503,19.047112778541948,19.107261657714844,3689867.0,0.0,0.0,0.0,BAFL.KA,
2023-06-05 00:00:00+05:00,19.341176375288615,19.341176375288615,19.04711529106664,19.22087860107422,3416045.0,0.0,0.0,0.0,BAFL.KA,
2023-06-06 00:00:00+05:00,19.3344879147317,19.381270086848428,19.127309177621076,19.301071166992188,1100016.0,0.0,0.0,0.0,BAFL.KA,
2023-06-07 00:00:00+05:00,19.414685560054664,19.414685560054664,19.180774699468785,19.321121215820312,1583898.0,0.0,0.0,0.0,BAFL.KA,
2023-06-08 00:00:00+05:00,19.381272651849702,19.381272651849702,19.06047947940676,19.107261657714844,669508.0,0.0,0.0,0.0,BAFL.KA,
2023-06-09 00:00:00+05:00,19.314440420581654,19.314440420581654,19.007013949029986,19.120628356933594,1982646.0,0.0,0.0,0.0,BAFL.KA,
2023-06-12 00:00:00+05:00,18.44562526391784,19.147360488067395,18.44562526391784,19.08721160888672,3302460.0,0.0,0.0,0.0,BAFL.KA,
2023-06-13 00:00:00+05:00,19.374589291890725,19.374589291890725,19.127311699607077,19.260974884033203,324058.0,0.0,0.0,0.0,BAFL.KA,
2023-06-14 00:00:00+05:00,19.31443977355957,19.34785652459928,19.06047883925133,19.31443977355957,70732.0,0.0,0.0,0.0,BAFL.KA,
2023-06-15 00:00:00+05:00,19.374588011183477,19.48820241153081,19.053794860103476,19.401321411132812,489825.0,0.0,0.0,0.0,BAFL.KA,
2023-06-16 00:00:00+05:00,18.880030963289233,19.708747213667376,18.880030963289233,19.24760627746582,216578.0,0.0,0.0,0.0,BAFL.KA,
2023-06-19 00:00:00+05:00,19.11394309966416,19.34785524256775,19.11394309966416,19.127309799194336,6057834.0,0.0,0.0,0.0,BAFL.KA,
2023-06-20 00:00:00+05:00,19.060478844134103,19.3144397785074,19.060478844134103,19.154043197631836,1874615.0,0.0,0.0,0.0,BAFL.KA,
2023-06-21 00:00:00+05:00,19.1540457465482,19.174095799845315,19.047114678401353,19.11394691467285,853424.0,0.0,0.0,0.0,BAFL.KA,
2023-06-22 00:00:00+05:00,19.060478841748044,19.307756425880733,19.053795491539226,19.180776596069336,641383.0,0.0,0.0,0.0,BAFL.KA,
2023-06-23 00:00:00+05:00,19.374591233940933,19.514939057582975,19.047114678401353,19.11394691467285,462620.0,0.0,0.0,0.0,BAFL.KA,
2023-06-26 00:00:00+05:00,19.34785588671668,20.022857664121332,19.247606911621386,19.88919448852539,431355.0,0.0,0.0,0.0,BAFL.KA,
2023-06-27 00:00:00+05:00,19.715433677121847,20.383753462786995,19.488204848018192,20.34365463256836,3017643.0,0.0,0.0,0.0,BAFL.KA,
2023-06-28 00:00:00+05:00,20.34365463256836,20.34365463256836,20.34365463256836,20.34365463256836,0.0,0.0,0.0,0.0,BAFL.KA,
2023-06-29 00:00:00+05:00,20.34365463256836,20.34365463256836,20.34365463256836,20.34365463256836,0.0,0.0,0.0,0.0,BAFL.KA,
2023-06-30 00:00:00+05:00,20.34365463256836,20.34365463256836,20.34365463256836,20.34365463256836,0.0,0.0,0.0,0.0,BAFL.KA,
2023-07-03 00:00:00+05:00,21.867422103881836,21.867422103881836,21.867422103881836,21.867422103881836,2834483.0,0.0,0.0,0.0,BAFL.KA,
2023-07-04 00:00:00+05:00,22.388715174882012,22.55579513887367,21.18573994402967,22.101337432861328,4289487.0,0.0,0.0,0.0,BAFL.KA,
2023-07-05 00:00:00+05:00,21.219150540285664,22.26173019329084,21.219150540285664,21.940937042236328,2231619.0,0.0,0.0,0.0,BAFL.KA,
2023-07-06 00:00:00+05:00,21.74712432349841,23.05703036420877,21.74712432349841,22.856534957885742,12044456.0,0.0,0.0,0.0,BAFL.KA,
2023-07-07 00:00:00+05:00,23.19069611913962,23.19069611913962,22.602574018088404,22.736238479614258,1504116.0,0.0,0.0,0.0,BAFL.KA,
2023-07-10 00:00:00+05:00,22.716185384420864,24.193171157389667,22.42212311507669,23.92584228515625,4094645.0,0.0,0.0,0.0,BAFL.KA,
2023-07-11 00:00:00+05:00,23.85233117560631,23.85233117560631,23.52485592282712,23.611738204956055,903988.0,0.0,0.0,0.0,BAFL.KA,
2023-07-12 00:00:00+05:00,23.711978888122744,24.052823308732115,23.157274950834854,23.571632385253906,2659110.0,0.0,0.0,0.0,BAFL.KA,
2023-07-13 00:00:00+05:00,23.464704508589097,23.798864350524145,23.217426939399594,23.310991287231445,2672252.0,0.0,0.0,0.0,BAFL.KA,
2023-07-14 00:00:00+05:00,23.23079108918264,23.72534877699062,23.224109014096452,23.324357986450195,305898.0,0.0,0.0,0.0,BAFL.KA,
2023-07-17 00:00:00+05:00,23.524851419175334,23.524851419175334,22.62261839157166,22.963462829589844,1419482.0,0.0,0.0,0.0,BAFL.KA,
2023-07-18 00:00:00+05:00,23.2708924639185,23.2708924639185,22.89663250264001,23.05034828186035,2459299.0,0.0,0.0,0.0,BAFL.KA,
2023-07-19 00:00:00+05:00,23.057029726315502,23.93252945401072,22.99019877586923,23.85232925415039,1882703.0,0.0,0.0,0.0,BAFL.KA,
2023-07-20 00:00:00+05:00,23.7253475189209,24.12633828819823,23.571634305716685,23.7253475189209,2373543.0,0.0,0.0,0.0,BAFL.KA,
2023-07-21 00:00:00+05:00,23.725351792362908,25.503082275390625,23.725351792362908,25.503082275390625,3660470.0,0.0,0.0,0.0,BAFL.KA,
2023-07-24 00:00:00+05:00,25.730309168061666,25.897389097724407,24.42708520680483,25.6968936920166,1826899.0,0.0,0.0,0.0,BAFL.KA,
2023-07-25 00:00:00+05:00,25.65679485424803,26.15803466791353,25.496399541560088,25.770410537719727,1832520.0,0.0,0.0,0.0,BAFL.KA,
2023-07-26 00:00:00+05:00,25.563229840878552,26.518927265028484,25.462980860943258,26.405311584472656,2638040.0,0.0,0.0,0.0,BAFL.KA,
2023-07-27 00:00:00+05:00,26.405311584472653,26.405311584472653,26.405311584472653,26.405311584472656,0.0,0.0,0.0,0.0,BAFL.KA,
2023-07-28 00:00:00+05:00,26.405311584472653,26.405311584472653,26.405311584472653,26.405311584472656,0.0,0.0,0.0,0.0,BAFL.KA,
2023-07-31 00:00:00+05:00,26.692689221743937,28.203093246208173,26.071151666016945,27.461257934570312,6728353.0,0.0,0.0,0.0,BAFL.KA,
2023-08-01 00:00:00+05:00,27.92908031960015,27.935762394714878,27.066947311875467,27.40778923034668,991524.0,0.0,0.0,0.0,BAFL.KA,
2023-08-02 00:00:00+05:00,27.56818706985559,27.902346913126568,26.899867383313637,27.33427619934082,2148156.0,0.0,0.0,0.0,BAFL.KA,
2023-08-03 00:00:00+05:00,27.73526639527931,28.637496932941218,27.33427561174896,28.33007049560547,4166922.0,0.0,0.0,0.0,BAFL.KA,
2023-08-04 00:00:00+05:00,28.396905266810023,28.396905266810023,27.54145431441942,27.888980865478516,870447.0,0.0,0.0,0.0,BAFL.KA,
2023-08-07 00:00:00+05:00,28.21645992752324,28.60408404674205,27.768684380952635,27.92239761352539,3155525.0,0.0,0.0,0.0,BAFL.KA,
2023-08-08 00:00:00+05:00,27.668437986815132,28.06942880714218,26.939969375318945,27.113731384277344,947678.0,0.0,0.0,0.0,BAFL.KA,
2023-08-09 00:00:00+05:00,27.234028487400266,27.862248104036084,27.133779510002974,27.688486099243164,856685.0,0.0,0.0,0.0,BAFL.KA,
2023-08-10 00:00:00+05:00,27.80878255688371,28.737746512998584,25.610010176931194,27.0001163482666,23236014.0,0.0,0.0,0.0,BAFL.KA,
2023-08-11 00:00:00+05:00,27.066947937728926,28.670916242702614,27.066947937728926,28.557300567626953,10741145.0,0.0,0.0,0.0,BAFL.KA,
2023-08-14 00:00:00+05:00,28.557300567626953,28.557300567626953,28.557300567626953,28.557300567626953,0.0,0.0,0.0,0.0,BAFL.KA,
2023-08-15 00:00:00+05:00,28.67092008024558,29.00507997605526,28.102846727706517,28.51720428466797,1086500.0,0.0,0.0,0.0,BAFL.KA,
2023-08-16 00:00:00+05:00,28.697648379687084,28.697648379687084,28.142944327730095,28.41027069091797,1042937.0,0.0,0.0,0.0,BAFL.KA,
2023-08-17 00:00:00+05:00,28.149625139904533,28.724380491646947,27.969178514396752,28.584033966064453,6511380.0,0.0,0.0,0.0,BAFL.KA,
2023-08-18 00:00:00+05:00,28.74442800092383,29.12537255984308,28.57066600777512,28.831310272216797,3185504.0,0.0,0.0,0.0,BAFL.KA,
2023-08-21 00:00:00+05:00,28.795403551227658,29.06834653113856,28.515279087099056,28.766672134399414,1623541.0,3.0,0.0,0.0,BAFL.KA,
2023-08-22 00:00:00+05:00,28.83849487938156,29.449022294371158,28.65892767026954,29.29100227355957,1283946.0,0.0,0.0,0.0,BAFL.KA,
2023-08-23 00:00:00+05:00,29.08989231808063,30.67008454755233,28.838499282928158,29.118623733520508,2739561.0,0.0,0.0,0.0,BAFL.KA,
2023-08-24 00:00:00+05:00,29.233541572923713,30.239116278688673,28.881588644920203,30.0954647064209,2751703.0,0.0,0.0,0.0,BAFL.KA,
2023-08-25 00:00:00+05:00,30.167297238439204,30.346864483906106,29.6716926273429,30.145750045776367,1048590.0,0.0,0.0,0.0,BAFL.KA,
2023-08-28 00:00:00+05:00,29.463393223896354,30.50488376940289,29.463393223896354,30.138565063476562,1653732.0,0.0,0.0,0.0,BAFL.KA,
2023-08-29 00:00:00+05:00,29.62858982387751,30.059550034415356,28.83131096840211,29.204811096191406,791267.0,0.0,0.0,0.0,BAFL.KA,
2023-08-30 00:00:00+05:00,29.398743695018048,29.48493518819793,28.809763468328878,29.29100227355957,1391208.0,0.0,0.0,0.0,BAFL.KA,
2023-08-31 00:00:00+05:00,29.28382175624397,29.28382175624397,27.725176904976028,28.795398712158203,1784449.0,0.0,0.0,0.0,BAFL.KA,
2023-09-01 00:00:00+05:00,28.37880001501714,28.98214593644391,28.098675612207945,28.651742935180664,538401.0,0.0,0.0,0.0,BAFL.KA,
2023-09-04 00:00:00+05:00,28.788220303918397,29.082710458425513,28.019670020714486,28.1633243560791,183042.0,0.0,0.0,0.0,BAFL.KA,
2023-09-05 00:00:00+05:00,28.03403460194554,28.364440382003245,27.445054316594348,28.012487411499023,468764.0,0.0,0.0,0.0,BAFL.KA,
2023-09-06 00:00:00+05:00,28.29261471664823,28.94623937960787,27.660537246320413,28.766672134399414,308607.0,0.0,0.0,0.0,BAFL.KA,
2023-09-07 00:00:00+05:00,28.996518448075534,28.996518448075534,27.68926910146282,27.818557739257812,862296.0,0.0,0.0,0.0,BAFL.KA,
2023-09-08 00:00:00+05:00,27.832923687924495,29.528038962540503,27.65335643832498,29.319740295410156,9272484.0,0.0,0.0,0.0,BAFL.KA,
2023-09-11 00:00:00+05:00,29.441846199463626,29.980547925382258,29.08989319960617,29.535219192504883,59316454.0,0.0,0.0,0.0,BAFL.KA,
2023-09-12 00:00:00+05:00,29.628591048960857,29.78661107801504,28.824130677370874,29.14735221862793,1161504.0,0.0,0.0,0.0,BAFL.KA,
2023-09-13 00:00:00+05:00,29.089889854051595,29.39874569392251,28.730755411408985,28.9246883392334,1790467.0,0.0,0.0,0.0,BAFL.KA,
2023-09-14 00:00:00+05:00,29.348471643277154,29.370018836384737,28.91750860127402,29.0611629486084,232721.0,0.0,0.0,0.0,BAFL.KA,
2023-09-15 00:00:00+05:00,29.08989170065438,29.25509322595944,28.371622769774024,28.508092880249023,3609114.0,0.0,0.0,0.0,BAFL.KA,
2023-09-18 00:00:00+05:00,28.587099075317383,28.651743380044604,28.2566960689241,28.587099075317383,161530.0,0.0,0.0,0.0,BAFL.KA,
2023-09-19 00:00:00+05:00,28.730754030742496,29.089888456126776,28.242330993021614,28.33570671081543,210862.0,0.0,0.0,0.0,BAFL.KA,
2023-09-20 00:00:00+05:00,28.536825666067827,28.536825666067827,27.832922408785027,27.926298141479492,251057.0,0.0,0.0,0.0,BAFL.KA,
2023-09-21 00:00:00+05:00,28.012486530730556,28.407533869706725,27.725177880577874,27.90474510192871,418439.0,0.0,0.0,0.0,BAFL.KA,
2023-09-22 00:00:00+05:00,28.01248651273776,28.3788024384677,27.904745084005118,28.141775131225586,1191646.0,0.0,0.0,0.0,BAFL.KA,
2023-09-25 00:00:00+05:00,28.199238375542297,28.35725842472083,27.832922408785027,27.926298141479492,401475.0,0.0,0.0,0.0,BAFL.KA,
2023-09-26 00:00:00+05:00,27.66053433980656,28.005305825560175,27.653352856343474,27.753910064697266,457684.0,0.0,0.0,0.0,BAFL.KA,
2023-09-27 00:00:00+05:00,27.725176619359765,27.969388138886856,27.617437935437305,27.653350830078125,320491.0,0.0,0.0,0.0,BAFL.KA,
2023-09-28 00:00:00+05:00,27.653350830078125,27.653350830078125,27.653350830078125,27.653350830078125,0.0,0.0,0.0,0.0,BAFL.KA,
2023-09-29 00:00:00+05:00,27.653350830078125,27.653350830078125,27.653350830078125,27.653350830078125,0.0,0.0,0.0,0.0,BAFL.KA,
2023-10-02 00:00:00+05:00,27.96938880769913,27.96938880769913,26.89198550284199,27.085918426513672,2420350.0,0.0,0.0,0.0,BAFL.KA,
2023-10-03 00:00:00+05:00,27.00690841242762,27.222391265381685,26.942264104537063,27.085918426513672,158193.0,0.0,0.0,0.0,BAFL.KA,
2023-10-04 00:00:00+05:00,27.0284597829844,28.084313214861826,27.00690985255288,27.9334774017334,2818237.0,0.0,0.0,0.0,BAFL.KA,
2023-10-05 00:00:00+05:00,27.947845714096523,28.220788691853507,27.509701200848884,27.603076934814453,501295.0,0.0,0.0,0.0,BAFL.KA,
2023-10-06 00:00:00+05:00,27.81855741547087,27.868836025141636,27.373231412681793,27.51688575744629,357362.0,0.0,0.0,0.0,BAFL.KA,
2023-10-09 00:00:00+05:00,27.301401240103083,27.832921462000236,27.17211535151149,27.480968475341797,330997.0,0.0,0.0,0.0,BAFL.KA,
2023-10-10 00:00:00+05:00,27.617439263788174,27.990939413969507,27.445053525251264,27.696449279785156,553080.0,0.0,0.0,0.0,BAFL.KA,
2023-10-11 00:00:00+05:00,27.653352848176034,27.99812159384939,27.653352848176034,27.83292007446289,340816.0,0.0,0.0,0.0,BAFL.KA,
2023-10-12 00:00:00+05:00,27.67489979276634,27.940661258095222,27.595889775505235,27.7108154296875,232517.0,0.0,0.0,0.0,BAFL.KA,
2023-10-13 00:00:00+05:00,27.732363400642498,28.838498193483613,27.732363400642498,28.730756759643555,4614749.0,0.0,0.0,0.0,BAFL.KA,
2023-10-16 00:00:00+05:00,29.089889417612067,29.26227515308467,28.08431189730823,28.752302169799805,363293.0,0.0,0.0,0.0,BAFL.KA,
2023-10-17 00:00:00+05:00,28.730758585859753,28.730758585859753,28.443449904009693,28.47218132019043,342745.0,0.0,0.0,0.0,BAFL.KA,
2023-10-18 00:00:00+05:00,28.47218134958376,28.551191374173026,27.861653824995425,27.926298141479492,444819.0,0.0,0.0,0.0,BAFL.KA,
2023-10-19 00:00:00+05:00,27.876016730563354,28.306976970477766,27.653352387286493,28.055583953857422,2744056.0,0.0,0.0,0.0,BAFL.KA,
2023-10-20 00:00:00+05:00,28.192053324475893,28.910322198984833,28.15614042874611,28.752302169799805,1396727.0,0.0,0.0,0.0,BAFL.KA,
2023-10-23 00:00:00+05:00,29.018063388394165,29.018063388394165,28.28542881360046,28.314157485961914,744338.0,0.0,0.0,0.0,BAFL.KA,
2023-10-24 00:00:00+05:00,28.644560744755363,28.7307522342643,28.084309213002136,28.51527214050293,678205.0,0.0,0.0,0.0,BAFL.KA,
2023-10-25 00:00:00+05:00,28.587101545944773,28.781034476887005,28.278245701108453,28.702024459838867,1087912.0,0.0,0.0,0.0,BAFL.KA,
2023-10-26 00:00:00+05:00,28.824134348214493,29.341286140108362,27.79700950851136,27.926298141479492,4578280.0,0.0,0.0,0.0,BAFL.KA,
2023-10-27 00:00:00+05:00,27.926292992930932,28.220783104848067,26.949446941700003,28.041215896606445,1108934.0,0.0,0.0,0.0,BAFL.KA,
2023-10-30 00:00:00+05:00,28.01966789134029,28.14895650934521,27.689264863095868,27.804187774658203,1168657.0,0.0,0.0,0.0,BAFL.KA,
2023-10-31 00:00:00+05:00,27.761098235278762,28.371625795649308,27.761098235278762,28.271068572998047,514069.0,0.0,0.0,0.0,BAFL.KA,
2023-11-01 00:00:00+05:00,28.19205439359491,28.76666896699734,28.012487168158,28.59428596496582,510292.0,0.0,0.0,0.0,BAFL.KA,
2023-11-02 00:00:00+05:00,28.651746163442485,28.903141924016246,28.58710185243534,28.773853302001953,613476.0,0.0,0.0,0.0,BAFL.KA,
2023-11-03 00:00:00+05:00,28.874408651458563,29.44902319009899,28.658928541965683,29.240724563598633,3721704.0,0.0,0.0,0.0,BAFL.KA,
2023-11-06 00:00:00+05:00,29.161712779851527,29.944625897447416,29.161712779851527,29.341279983520508,3207921.0,0.0,0.0,0.0,BAFL.KA,
2023-11-07 00:00:00+05:00,29.441843507395962,29.520850785057775,29.089890539719956,29.140169143676758,997209.0,0.0,0.0,0.0,BAFL.KA,
2023-11-08 00:00:00+05:00,29.269454643749675,29.80815626295979,29.05397454406125,29.67168617248535,1341103.0,0.0,0.0,0.0,BAFL.KA,
2023-11-09 00:00:00+05:00,29.67168617248535,29.67168617248535,29.67168617248535,29.67168617248535,0.0,0.0,0.0,0.0,BAFL.KA,
2023-11-10 00:00:00+05:00,29.449024763743175,29.915900642574364,29.312554659766832,29.563947677612305,1402428.0,0.0,0.0,0.0,BAFL.KA,
2023-11-13 00:00:00+05:00,29.44184137874273,29.87998307583443,29.37001284972737,29.642955780029297,2281231.0,0.0,0.0,0.0,BAFL.KA,
2023-11-14 00:00:00+05:00,29.635773477725664,29.642957701081894,28.544007165720988,28.702024459838867,2773284.0,0.0,0.0,0.0,BAFL.KA,
2023-11-15 00:00:00+05:00,28.709208683195094,29.22636042572931,28.55118864909882,28.702024459838867,2120326.0,0.0,0.0,0.0,BAFL.KA,
2023-11-16 00:00:00+05:00,28.551187716810755,28.94623504917348,28.227966175794595,28.285429000854492,2285856.0,0.0,0.0,0.0,BAFL.KA,
2023-11-17 00:00:00+05:00,28.37161772281151,28.40753061497136,27.43786882676522,27.574338912963867,2895817.0,0.0,0.0,0.0,BAFL.KA,
2023-11-20 00:00:00+05:00,27.976572233574696,27.976572233574696,27.452236302282923,27.552793502807617,1213979.0,0.0,0.0,0.0,BAFL.KA,
2023-11-21 00:00:00+05:00,27.552794313469164,27.97657305670471,27.552794313469164,27.94784164428711,817434.0,0.0,0.0,0.0,BAFL.KA,
2023-11-22 00:00:00+05:00,28.256700276690932,28.809767690609373,28.012488726908487,28.601469039916992,4623224.0,0.0,0.0,0.0,BAFL.KA,
2023-11-23 00:00:00+05:00,28.658930297136823,30.002092377214595,28.385987347074813,29.844072341918945,8111903.0,0.0,0.0,0.0,BAFL.KA,
2023-11-24 00:00:00+05:00,29.765059535514713,30.167291069500187,29.449022234512086,29.815338134765625,3744701.0,0.0,0.0,0.0,BAFL.KA,
2023-11-27 00:00:00+05:00,29.91590011253466,31.496089465243344,29.642957169439487,30.856830596923828,5359514.0,0.0,0.0,0.0,BAFL.KA,
2023-11-28 00:00:00+05:00,30.849648286777818,32.75305913424074,30.698812482786007,32.63095474243164,3952623.0,0.0,0.0,0.0,BAFL.KA,
2023-11-29 00:00:00+05:00,32.64531502898501,33.75863103644674,32.17843924844728,32.54475784301758,6061317.0,0.0,0.0,0.0,BAFL.KA,
2023-11-30 00:00:00+05:00,33.03318882018001,33.21993753369783,32.32210138413843,32.50885009765625,1985935.0,0.0,0.0,0.0,BAFL.KA,
2023-12-01 00:00:00+05:00,32.66686541616514,32.99726841386245,32.34364390103598,32.7961540222168,1971544.0,0.0,0.0,0.0,BAFL.KA,
2023-12-04 00:00:00+05:00,32.968539567934855,33.36358686655294,32.731509544777154,33.219932556152344,1998557.0,0.0,0.0,0.0,BAFL.KA,
2023-12-05 00:00:00+05:00,33.39950448492688,33.952571877238135,33.04755151164573,33.2486686706543,2559950.0,0.0,0.0,0.0,BAFL.KA,
2023-12-06 00:00:00+05:00,33.23430117529297,33.83046291675865,33.23430117529297,33.4282341003418,2875164.0,0.0,0.0,0.0,BAFL.KA,
2023-12-07 00:00:00+05:00,33.5431541658545,35.934987891975325,33.44259697027883,35.9134407043457,7664285.0,0.0,0.0,0.0,BAFL.KA,
2023-12-08 00:00:00+05:00,36.23666802651373,38.41302200521931,36.093013692676536,38.2047233581543,5874237.0,0.0,0.0,0.0,BAFL.KA,
2023-12-11 00:00:00+05:00,37.91741723004737,38.41302180218877,36.983668175008624,37.22069549560547,3451961.0,0.0,0.0,0.0,BAFL.KA,
2023-12-12 00:00:00+05:00,37.21351174392755,37.529549065454965,36.667625859496695,36.84001159667969,1110343.0,0.0,0.0,0.0,BAFL.KA,
2023-12-13 00:00:00+05:00,36.8112753766324,38.06824575534668,35.57585218476027,36.2653923034668,3441286.0,0.0,0.0,0.0,BAFL.KA,
2023-12-14 00:00:00+05:00,36.13610726272385,36.48805746905164,35.38192276920779,35.82725143432617,1002932.0,0.0,0.0,0.0,BAFL.KA,
2023-12-15 00:00:00+05:00,35.90625982074272,37.349978955549545,35.90625982074272,37.2566032409668,1101499.0,0.0,0.0,0.0,BAFL.KA,
2023-12-18 00:00:00+05:00,37.40743978572632,37.70911136142831,35.76260360398549,36.2653923034668,497495.0,0.0,0.0,0.0,BAFL.KA,
2023-12-19 00:00:00+05:00,35.84161779419957,36.25103083187463,35.195174713671435,35.41783905029297,2572688.0,0.0,0.0,0.0,BAFL.KA,
2023-12-20 00:00:00+05:00,34.85040283203125,35.55430593384331,33.61497960763806,34.85040283203125,1759322.0,0.0,0.0,0.0,BAFL.KA,
2023-12-21 00:00:00+05:00,35.14489588915794,35.18799300757949,34.11777118992611,34.7426643371582,651546.0,0.0,0.0,0.0,BAFL.KA,
2023-12-22 00:00:00+05:00,35.00842528699815,35.12334819449022,34.11777069895089,34.26142501831055,500885.0,0.0,0.0,0.0,BAFL.KA,
2023-12-25 00:00:00+05:00,34.26142501831055,34.26142501831055,34.26142501831055,34.26142501831055,0.0,0.0,0.0,0.0,BAFL.KA,
2023-12-26 00:00:00+05:00,34.11777247804232,34.36198401169481,32.03479158865469,32.51603317260742,837715.0,0.0,0.0,0.0,BAFL.KA,
2023-12-27 00:00:00+05:00,31.977327922692197,34.09622147163098,31.977327922692197,33.76581573486328,1358831.0,0.0,0.0,0.0,BAFL.KA,
2023-12-28 00:00:00+05:00,33.406682764976225,35.66204923915691,33.406682764976225,35.13771057128906,1525875.0,0.0,0.0,0.0,BAFL.KA,
2023-12-29 00:00:00+05:00,35.19517268956613,35.19517268956613,34.728296853815316,34.84321975708008,1074218.0,0.0,0.0,0.0,BAFL.KA,
2024-01-01 00:00:00+05:00,35.12334892698318,35.92780929620461,35.0084260170944,35.338829040527344,1388329.0,0.0,0.0,0.0,BAFL.KA,
2024-01-02 00:00:00+05:00,35.56148949001341,35.89907672566189,34.87913627579877,35.029972076416016,1171797.0,0.0,0.0,0.0,BAFL.KA,
2024-01-03 00:00:00+05:00,35.19517473179446,35.53276197846391,34.83604029575574,35.10179901123047,1252386.0,0.0,0.0,0.0,BAFL.KA,
2024-01-04 00:00:00+05:00,35.36037463871888,35.36755886150144,34.83603871469711,35.17362594604492,225667.0,0.0,0.0,0.0,BAFL.KA,
2024-01-05 00:00:00+05:00,35.48248537826142,35.913445629827976,34.83604226093314,35.597408294677734,2130835.0,0.0,0.0,0.0,BAFL.KA,
2024-01-08 00:00:00+05:00,36.0571020609964,36.416236538217525,35.21672595951009,35.381927490234375,1320969.0,0.0,0.0,0.0,BAFL.KA,
2024-01-09 00:00:00+05:00,35.51839626303925,35.899077888348785,35.01560750471941,35.25981903076172,969439.0,0.0,0.0,0.0,BAFL.KA,
2024-01-10 00:00:00+05:00,35.195177658188925,35.726697873311316,34.85040889972246,35.15208053588867,2560974.0,0.0,0.0,0.0,BAFL.KA,
2024-01-11 00:00:00+05:00,35.12335253088364,35.195178329442086,34.76421805813423,34.90068817138672,1311308.0,0.0,0.0,0.0,BAFL.KA,
2024-01-12 00:00:00+05:00,35.18799591064453,35.41065752424683,34.84322441478441,35.18799591064453,1991420.0,0.0,0.0,0.0,BAFL.KA,
2024-01-15 00:00:00+05:00,35.19517449066061,35.453751721233424,34.59182853265016,34.7426643371582,554705.0,0.0,0.0,0.0,BAFL.KA,
2024-01-16 00:00:00+05:00,34.69238465472137,35.19517339406074,34.47690454928399,35.13771057128906,457181.0,0.0,0.0,0.0,BAFL.KA,
2024-01-17 00:00:00+05:00,34.907865196230816,35.697962579342125,34.907865196230816,35.310096740722656,915567.0,0.0,0.0,0.0,BAFL.KA,
2024-01-18 00:00:00+05:00,35.08743171447422,35.53276036775981,34.548730084835555,35.01560592651367,428477.0,0.0,0.0,0.0,BAFL.KA,
2024-01-19 00:00:00+05:00,35.20235552087971,35.4393855591816,34.62774098254245,34.807308197021484,888088.0,0.0,0.0,0.0,BAFL.KA,
2024-01-22 00:00:00+05:00,34.94378458419285,35.76979221073876,34.692388814391336,35.46812057495117,696342.0,0.0,0.0,0.0,BAFL.KA,
2024-01-23 00:00:00+05:00,35.913447891792046,36.17202515500953,35.62613921266625,35.89908218383789,1750079.0,0.0,0.0,0.0,BAFL.KA,
2024-01-24 00:00:00+05:00,36.26539860595981,37.78094371009744,35.76979130263593,36.84719467163086,5022983.0,0.0,0.0,0.0,BAFL.KA,
2024-01-25 00:00:00+05:00,37.349985764074894,37.349985764074894,35.906266366092595,36.136112213134766,4691190.0,0.0,0.0,0.0,BAFL.KA,
2024-01-26 00:00:00+05:00,36.093012202205614,36.26539794368725,35.59740764791084,35.76979064941406,750754.0,0.0,0.0,0.0,BAFL.KA,
2024-01-29 00:00:00+05:00,35.91344426208123,35.91344426208123,34.72829950544121,34.92941665649414,4153566.0,0.0,0.0,0.0,BAFL.KA,
2024-01-30 00:00:00+05:00,35.432203166653615,35.54712607137102,34.591827199675365,35.17362594604492,1360562.0,0.0,0.0,0.0,BAFL.KA,
2024-01-31 00:00:00+05:00,35.27418060905828,36.96929538674944,35.27418060905828,36.2653923034668,3987311.0,0.0,0.0,0.0,BAFL.KA,
2024-02-01 00:00:00+05:00,36.63171252227379,38.606951922984635,36.09301086753447,36.825645446777344,10327286.0,0.0,0.0,0.0,BAFL.KA,
2024-02-02 00:00:00+05:00,37.06267728389517,37.06267728389517,36.236669622904266,36.49524688720703,1563078.0,0.0,0.0,0.0,BAFL.KA,
2024-02-06 00:00:00+05:00,36.62453079223633,36.703538066150365,35.94935630259517,36.62453079223633,1640393.0,0.0,0.0,0.0,BAFL.KA,
2024-02-07 00:00:00+05:00,36.73226576037706,37.41462166404014,36.48087277796446,37.32843017578125,2064380.0,0.0,0.0,0.0,BAFL.KA,
2024-02-08 00:00:00+05:00,37.32843017578125,37.32843017578125,37.32843017578125,37.32843017578125,0.0,0.0,0.0,0.0,BAFL.KA,
2024-02-09 00:00:00+05:00,36.61016579625082,36.99084742695849,36.35158856030661,36.52397155761719,1415532.0,0.0,0.0,0.0,BAFL.KA,
2024-02-12 00:00:00+05:00,36.65326241685779,36.775369559066185,35.33883170707124,35.89189910888672,1004635.0,0.0,0.0,0.0,BAFL.KA,
2024-02-13 00:00:00+05:00,35.76979085557051,36.610166897671995,35.55431073246038,36.28694534301758,433959.0,0.0,0.0,0.0,BAFL.KA,
2024-02-14 00:00:00+05:00,36.5957967197526,37.06266980612182,36.5957967197526,36.854373931884766,587849.0,0.0,0.0,0.0,BAFL.KA,
2024-02-15 00:00:00+05:00,36.85437303096578,37.28533321399902,36.452141517484215,36.5886116027832,1081420.0,0.0,0.0,0.0,BAFL.KA,
2024-02-16 00:00:00+05:00,36.35159098383038,36.9046583886994,35.90626501444722,36.33004379272461,557842.0,0.0,0.0,0.0,BAFL.KA,
2024-02-19 00:00:00+05:00,35.91344387242925,36.63171274987783,35.91344387242925,36.16483688354492,451959.0,0.0,0.0,0.0,BAFL.KA,
2024-02-20 00:00:00+05:00,36.40905064986204,36.631715001952436,36.09301331074726,36.157657623291016,487033.0,0.0,0.0,0.0,BAFL.KA,
2024-02-21 00:00:00+05:00,36.40904909458744,36.768183540049854,36.2797604750227,36.459327697753906,652559.0,0.0,0.0,0.0,BAFL.KA,
2024-02-22 00:00:00+05:00,36.59580345945393,36.63171635886887,35.992457433355774,36.12174606323242,1382405.0,0.0,0.0,0.0,BAFL.KA,
2024-02-23 00:00:00+05:00,36.12892201616357,37.17041237962702,36.12892201616357,37.08422088623047,2098747.0,0.0,0.0,0.0,BAFL.KA,
2024-02-26 00:00:00+05:00,36.70353856418447,38.161626249486304,36.70353856418447,38.04670333862305,1748493.0,0.0,0.0,0.0,BAFL.KA,
2024-02-27 00:00:00+05:00,37.52954194784304,39.14564662502289,37.52954194784304,38.84397506713867,1586548.0,0.0,0.0,0.0,BAFL.KA,
2024-02-28 00:00:00+05:00,39.43296234830138,39.86392257747192,38.42738482693239,39.641258239746094,2360174.0,0.0,0.0,0.0,BAFL.KA,
2024-02-29 00:00:00+05:00,39.07382240676346,41.659588897514574,39.07382240676346,41.18553161621094,4517901.0,0.0,0.0,0.0,BAFL.KA,
2024-03-01 00:00:00+05:00,41.58777080971085,42.27012407935217,40.589374727436905,41.96845245361328,5834010.0,0.0,0.0,0.0,BAFL.KA,
2024-03-04 00:00:00+05:00,41.379468155371214,42.27011997923805,41.379468155371214,41.688323974609375,1778256.0,0.0,0.0,0.0,BAFL.KA,
2024-03-05 00:00:00+05:00,41.02033880709944,42.191117923811646,41.02033880709944,41.65241622924805,637655.0,0.0,0.0,0.0,BAFL.KA,
2024-03-06 00:00:00+05:00,42.00436127663016,42.12646840376017,41.44411246032753,41.688323974609375,754483.0,0.0,0.0,0.0,BAFL.KA,
2024-03-07 00:00:00+05:00,41.99718140132117,41.99718140132117,41.271728313491,41.61649703979492,209576.0,0.0,0.0,0.0,BAFL.KA,
2024-03-08 00:00:00+05:00,41.93971761387928,42.090553414427646,40.58937141188013,41.3579216003418,7401248.0,0.0,0.0,0.0,BAFL.KA,
2024-03-11 00:00:00+05:00,41.63804652473178,41.6595937136527,40.66120044063581,41.60213088989258,448930.0,0.0,0.0,0.0,BAFL.KA,
2024-03-12 00:00:00+05:00,41.62368305021008,41.78888456740938,41.30764298254325,41.51594161987305,9472732.0,0.0,0.0,0.0,BAFL.KA,
2024-03-13 00:00:00+05:00,42.1842907581424,42.1842907581424,40.49377282862516,40.98126983642578,7571063.0,5.0,0.0,0.0,BAFL.KA,
2024-03-14 00:00:00+05:00,40.871185471773934,41.62602004237323,40.15566463933058,41.16997528076172,888980.0,0.0,0.0,0.0,BAFL.KA,
2024-03-15 00:00:00+05:00,41.53167157037182,41.53167157037182,40.35224128420197,40.84760284423828,287870.0,0.0,0.0,0.0,BAFL.KA,
2024-03-18 00:00:00+05:00,40.80828234363023,40.87118372209775,40.21856729819885,40.690338134765625,226745.0,0.0,0.0,0.0,BAFL.KA,
2024-03-19 00:00:00+05:00,41.083486863789375,42.255055560139894,40.50163328988559,41.633888244628906,1401740.0,0.0,0.0,0.0,BAFL.KA,
2024-03-20 00:00:00+05:00,41.63388326014226,42.06634036493938,41.09134349279956,41.89335632324219,284142.0,0.0,0.0,0.0,BAFL.KA,
2024-03-21 00:00:00+05:00,41.869773508232335,42.44376253160413,41.83045976679929,42.06634521484375,630513.0,0.0,0.0,0.0,BAFL.KA,
2024-03-22 00:00:00+05:00,41.80686722056802,42.20787516350315,41.47662820821775,42.082069396972656,435761.0,0.0,0.0,0.0,BAFL.KA,
2024-03-26 00:00:00+05:00,42.07420084929481,42.53811013166734,41.012714982576796,41.78327560424805,88253.0,0.0,0.0,0.0,BAFL.KA,
2024-03-27 00:00:00+05:00,41.79900531665682,42.459486335181936,41.67319955119709,42.31009292602539,182479.0,0.0,0.0,0.0,BAFL.KA,
2024-03-28 00:00:00+05:00,42.459483577307196,43.041337079419066,42.34153936759189,42.38871765136719,874302.0,0.0,0.0,0.0,BAFL.KA,
2024-03-29 00:00:00+05:00,42.85263300433602,42.85263300433602,40.88691589404538,41.17784118652344,719832.0,0.0,0.0,0.0,BAFL.KA,
2024-04-01 00:00:00+05:00,41.28005599975586,41.358683478072216,40.88691260928199,41.28005599975586,114343.0,0.0,0.0,0.0,BAFL.KA,
2024-04-02 00:00:00+05:00,41.28005598979513,42.42017242178344,40.91050024301614,42.042755126953125,128898.0,0.0,0.0,0.0,BAFL.KA,
2024-04-03 00:00:00+05:00,42.41230909729539,43.009888747593166,41.437315140730135,42.42017364501953,423581.0,0.0,0.0,0.0,BAFL.KA,
2024-04-04 00:00:00+05:00,42.459486001678265,42.844767842560856,42.07420416079568,42.47521209716797,766594.0,0.0,0.0,0.0,BAFL.KA,
2024-04-08 00:00:00+05:00,42.45948722790862,43.12782980856948,42.10565756778683,42.8211784362793,901012.0,0.0,0.0,0.0,BAFL.KA,
2024-04-09 00:00:00+05:00,43.049198752865486,43.71754127801747,41.43731154556974,41.98771286010742,6607310.0,0.0,0.0,0.0,BAFL.KA,
2024-04-15 00:00:00+05:00,41.90908485090506,42.26291450244263,41.66533786830388,41.94839859008789,657735.0,0.0,0.0,0.0,BAFL.KA,
2024-04-16 00:00:00+05:00,41.71251227622668,42.38085782602996,41.59457106116444,42.137107849121094,2458126.0,0.0,0.0,0.0,BAFL.KA,
2024-04-17 00:00:00+05:00,42.21573219155492,44.818342269831575,41.75182291474901,43.607460021972656,2062170.0,0.0,0.0,0.0,BAFL.KA,
2024-04-18 00:00:00+05:00,43.54456092442074,44.50382871692434,43.24577112047082,44.12641143798828,1931692.0,0.0,0.0,0.0,BAFL.KA,
2024-04-19 00:00:00+05:00,44.024193819499054,45.60462877272888,44.024193819499054,45.329429626464844,2876819.0,0.0,0.0,0.0,BAFL.KA,
2024-04-22 00:00:00+05:00,45.59676973057167,46.99635917894439,45.211487905188655,46.05281448364258,2997834.0,0.0,0.0,0.0,BAFL.KA,
2024-04-23 00:00:00+05:00,46.05281670719971,46.23366230761869,44.85766043537143,45.20362854003906,1113522.0,0.0,0.0,0.0,BAFL.KA,
2024-04-24 00:00:00+05:00,45.13286007312051,46.76047338486899,45.13286007312051,45.48668670654297,2054309.0,0.0,0.0,0.0,BAFL.KA,
2024-04-25 00:00:00+05:00,45.98991065134669,46.39091555075814,45.526001375861284,46.06067657470703,1476290.0,0.0,0.0,0.0,BAFL.KA,
2024-04-26 00:00:00+05:00,45.6124935103082,47.55462276232637,45.6124935103082,46.42237091064453,838960.0,0.0,0.0,0.0,BAFL.KA,
2024-04-29 00:00:00+05:00,46.42237214290421,47.019948775070525,45.612494721070064,46.03709030151367,480836.0,0.0,0.0,0.0,BAFL.KA,
2024-04-30 00:00:00+05:00,46.03709131070196,46.98063606588937,45.801205871766626,46.24152755737305,491233.0,0.0,0.0,0.0,BAFL.KA,
2024-05-02 00:00:00+05:00,46.19435159788645,47.91631868828787,46.19435159788645,47.759063720703125,1314473.0,0.0,0.0,0.0,BAFL.KA,
2024-05-03 00:00:00+05:00,47.320003339472414,48.783507957894884,47.320003339472414,48.04362487792969,3477889.0,2.0,0.0,0.0,BAFL.KA,
2024-05-06 00:00:00+05:00,48.677815023792846,48.864818120039345,47.482621051993725,48.53959655761719,3326520.0,0.0,0.0,0.0,BAFL.KA,
2024-05-07 00:00:00+05:00,48.702210568380735,48.94612752399824,47.58018885065337,48.02737045288086,1292417.0,0.0,0.0,0.0,BAFL.KA,
2024-05-08 00:00:00+05:00,48.33632445539633,48.57211214531054,47.767182932061665,47.9704475402832,3251675.0,0.0,0.0,0.0,BAFL.KA,
2024-05-09 00:00:00+05:00,48.17371377369519,48.368849168862546,47.198043001002176,48.320064544677734,433763.0,0.0,0.0,0.0,BAFL.KA,
2024-05-10 00:00:00+05:00,48.531466744039406,48.531466744039406,47.24683576815281,47.62084197998047,391667.0,0.0,0.0,0.0,BAFL.KA,
2024-05-13 00:00:00+05:00,47.8891487121582,48.295677977621104,47.56392405915902,47.8891487121582,503916.0,0.0,0.0,0.0,BAFL.KA,
2024-05-14 00:00:00+05:00,48.29567632668152,48.661550171833376,47.604574738075925,47.84849166870117,439913.0,0.0,0.0,0.0,BAFL.KA,
2024-05-15 00:00:00+05:00,47.87288657436726,49.35265283413529,47.84849270967359,49.0436897277832,1290509.0,0.0,0.0,0.0,BAFL.KA,
2024-05-16 00:00:00+05:00,49.10874114326872,50.4096336748951,48.9623903457642,50.25515365600586,548797.0,0.0,0.0,0.0,BAFL.KA,
2024-05-17 00:00:00+05:00,50.00310210715737,51.173905332612584,50.00310210715737,50.759246826171875,392171.0,0.0,0.0,0.0,BAFL.KA,
2024-05-20 00:00:00+05:00,50.954371645040965,50.962503966432735,50.00309474594575,50.03561782836914,239037.0,0.0,0.0,0.0,BAFL.KA,
2024-05-21 00:00:00+05:00,50.165710611003874,50.734852187452525,49.807962882141936,50.458412170410156,303902.0,0.0,0.0,0.0,BAFL.KA,
2024-05-22 00:00:00+05:00,50.694195901853824,51.16577131751521,50.29579897634736,50.873069763183594,411701.0,0.0,0.0,0.0,BAFL.KA,
2024-05-23 00:00:00+05:00,50.41775495881851,51.710518065535496,50.24701342246788,50.98689651489258,701988.0,0.0,0.0,0.0,BAFL.KA,
2024-05-24 00:00:00+05:00,50.97876753627892,52.848801428033404,50.97876753627892,52.4422721862793,1586243.0,0.0,0.0,0.0,BAFL.KA,
2024-05-27 00:00:00+05:00,52.0682689714322,52.44227515060962,50.40962882694258,51.38529968261719,1468800.0,0.0,0.0,0.0,BAFL.KA,
2024-05-28 00:00:00+05:00,51.38529968261719,51.38529968261719,51.38529968261719,51.38529968261719,0.0,0.0,0.0,0.0,BAFL.KA,
2024-05-29 00:00:00+05:00,51.93818192400396,52.35284042685032,50.40963095561915,50.88933563232422,921218.0,0.0,0.0,0.0,BAFL.KA,
2024-05-30 00:00:00+05:00,50.40962846531862,51.718653184621175,50.39336692265728,50.49906539916992,322931.0,0.0,0.0,0.0,BAFL.KA,
2024-05-31 00:00:00+05:00,51.62921478233291,51.78369478086372,48.79163925086418,50.4421501159668,306866.0,0.0,0.0,0.0,BAFL.KA,
2024-06-03 00:00:00+05:00,50.385239227326934,50.81615926539437,49.19817138969243,49.53965759277344,1042820.0,0.0,0.0,0.0,BAFL.KA,
2024-06-04 00:00:00+05:00,50.149449451997945,50.149449451997945,48.864815509577355,49.32012939453125,219777.0,0.0,0.0,0.0,BAFL.KA,
2024-06-05 00:00:00+05:00,48.954252191178966,48.954252191178966,47.36065825437888,47.56392288208008,995354.0,0.0,0.0,0.0,BAFL.KA,
2024-06-06 00:00:00+05:00,47.97044823848423,48.7835066832043,47.563919016124196,48.27941131591797,376622.0,0.0,0.0,0.0,BAFL.KA,
2024-06-07 00:00:00+05:00,47.986711799098316,48.29567488953483,46.06789329255356,47.6370964050293,1855109.0,0.0,0.0,0.0,BAFL.KA,
2024-06-10 00:00:00+05:00,47.604576908036385,47.92980156474281,46.75899528185744,47.19804763793945,200857.0,0.0,0.0,0.0,BAFL.KA,
2024-06-11 00:00:00+05:00,47.19804751187709,47.96232452262421,45.65323815057813,46.7508659362793,270014.0,0.0,0.0,0.0,BAFL.KA,
2024-06-12 00:00:00+05:00,46.50695088078963,47.645231019228504,44.71822140430305,45.669498443603516,542174.0,0.0,0.0,0.0,BAFL.KA,
2024-06-13 00:00:00+05:00,45.85649973781706,49.54778289794922,45.53940432373945,49.54778289794922,1314576.0,0.0,0.0,0.0,BAFL.KA,
2024-06-14 00:00:00+05:00,51.01942419016438,53.75943374633789,49.98683945587996,53.75943374633789,5053677.0,0.0,0.0,0.0,BAFL.KA,
2024-06-20 00:00:00+05:00,54.47492258756703,58.32881835912044,54.149697928504914,57.678375244140625,4325817.0,0.0,0.0,0.0,BAFL.KA,
2024-06-21 00:00:00+05:00,57.40192582493224,59.15000274815244,56.38560275365814,56.881568908691406,1483343.0,0.0,0.0,0.0,BAFL.KA,
2024-06-24 00:00:00+05:00,56.873435305213135,56.873435305213135,55.32862923421417,55.79207229614258,455744.0,0.0,0.0,0.0,BAFL.KA,
2024-06-25 00:00:00+05:00,55.377418563938264,56.08478173847224,52.94637522634532,54.6700553894043,732566.0,0.0,0.0,0.0,BAFL.KA,
2024-06-26 00:00:00+05:00,54.1090504171301,55.27172442255562,53.6618657215262,54.68632125854492,1044626.0,0.0,0.0,0.0,BAFL.KA,
2024-06-27 00:00:00+05:00,54.873316492841035,56.092904244279495,54.7594887989583,55.564414978027344,1394155.0,0.0,0.0,0.0,BAFL.KA,
2024-06-28 00:00:00+05:00,55.75141818391807,56.10103356877678,55.125365901012074,55.30423355102539,539473.0,0.0,0.0,0.0,BAFL.KA,
2024-07-01 00:00:00+05:00,54.89770769443466,56.90596320036826,54.89770769443466,55.98720932006836,706174.0,0.0,0.0,0.0,BAFL.KA,
2024-07-02 00:00:00+05:00,56.67018372143886,58.53208871838694,56.05226363226498,56.759620666503906,1314759.0,0.0,0.0,0.0,BAFL.KA,
2024-07-03 00:00:00+05:00,57.40192922087198,58.94674162122957,56.515698427799904,57.166141510009766,1070255.0,0.0,0.0,0.0,BAFL.KA,
2024-07-04 00:00:00+05:00,58.28816415338815,58.45077336739739,56.50756410521072,56.79213333129883,1128848.0,0.0,0.0,0.0,BAFL.KA,
2024-07-05 00:00:00+05:00,57.29623560841754,57.70276487346589,55.49124467909978,55.88151550292969,2180507.0,0.0,0.0,0.0,BAFL.KA,
2024-07-08 00:00:00+05:00,55.85711169427981,57.060440900807,55.62133020820034,56.800262451171875,936014.0,0.0,0.0,0.0,BAFL.KA,
2024-07-09 00:00:00+05:00,56.51570026882749,56.90596489023765,55.28798014922172,55.32050323486328,726681.0,0.0,0.0,0.0,BAFL.KA,
2024-07-10 00:00:00+05:00,55.89777318947702,55.89777318947702,54.523702307158636,54.87331771850586,498352.0,0.0,0.0,0.0,BAFL.KA,
2024-07-11 00:00:00+05:00,55.27984839789795,55.27984839789795,53.66186364017315,54.47492218017578,104740.0,0.0,0.0,0.0,BAFL.KA,
2024-07-12 00:00:00+05:00,54.09278584059232,55.653856811172396,53.295991913234516,54.832672119140625,314559.0,0.0,0.0,0.0,BAFL.KA,
2024-07-15 00:00:00+05:00,55.29611066826169,56.13355993600452,55.29611066826169,55.69450759887695,631065.0,0.0,0.0,0.0,BAFL.KA,
2024-07-16 00:00:00+05:00,55.69450759887695,55.69450759887695,55.69450759887695,55.69450759887695,0.0,0.0,0.0,0.0,BAFL.KA,
2024-07-17 00:00:00+05:00,55.69450759887695,55.69450759887695,55.69450759887695,55.69450759887695,0.0,0.0,0.0,0.0,BAFL.KA,
2024-07-18 00:00:00+05:00,55.37741507837235,55.88963970160131,55.28797814688322,55.71076583862305,434012.0,0.0,0.0,0.0,BAFL.KA,
2024-07-19 00:00:00+05:00,55.87338524367571,55.87338524367571,53.255335687599015,53.93017578125,1061469.0,0.0,0.0,0.0,BAFL.KA,
2024-07-22 00:00:00+05:00,52.946370735012316,54.369223082651914,51.93004452798348,52.8975830078125,627395.0,0.0,0.0,0.0,BAFL.KA,
2024-07-23 00:00:00+05:00,54.4342628289628,54.67818285455295,52.11704739843209,52.85693359375,454437.0,0.0,0.0,0.0,BAFL.KA,
2024-07-24 00:00:00+05:00,53.019545294631534,54.922105455265466,52.206486775401224,54.109046936035156,183405.0,0.0,0.0,0.0,BAFL.KA,
2024-07-25 00:00:00+05:00,54.39361223806309,54.67818145855694,52.84879992276879,52.94636917114258,476309.0,0.0,0.0,0.0,BAFL.KA,
2024-07-26 00:00:00+05:00,53.25532713018263,54.39361017206715,52.450401021889064,54.20660400390625,246659.0,0.0,0.0,0.0,BAFL.KA,
2024-07-29 00:00:00+05:00,54.466788021705845,54.47492034371214,52.87319408140142,53.68625259399414,538108.0,0.0,0.0,0.0,BAFL.KA,
2024-07-30 00:00:00+05:00,54.385486356289434,54.393618678736125,52.69432306975802,53.03581237792969,286402.0,0.0,0.0,0.0,BAFL.KA,
2024-07-31 00:00:00+05:00,54.02773437914789,54.02773437914789,52.03574355253502,52.45040512084961,860043.0,0.0,0.0,0.0,BAFL.KA,
2024-08-01 00:00:00+05:00,52.767499959085846,52.767499959085846,49.81609661995229,50.51532745361328,1279830.0,0.0,0.0,0.0,BAFL.KA,
2024-08-02 00:00:00+05:00,51.182033125470085,52.02761470869347,49.60469765261646,50.450279235839844,151135.0,0.0,0.0,0.0,BAFL.KA,
2024-08-05 00:00:00+05:00,50.79989513602904,51.94630750662984,48.376981157793736,49.14938735961914,1095945.0,0.0,0.0,0.0,BAFL.KA,
2024-08-06 00:00:00+05:00,50.31206183509187,50.409627988565035,49.190040214648135,49.6209602355957,191214.0,0.0,0.0,0.0,BAFL.KA,
2024-08-07 00:00:00+05:00,49.59656659700934,49.98683428984636,49.14938505948184,49.50712966918945,174583.0,0.0,0.0,0.0,BAFL.KA,
2024-08-08 00:00:00+05:00,49.99497120623565,50.279540455841605,49.596571155215095,49.96244812011719,243064.0,0.0,0.0,0.0,BAFL.KA,
2024-08-09 00:00:00+05:00,51.05497465838277,51.85336584977895,49.16404967103526,50.75242614746094,222099.0,2.0,0.0,0.0,BAFL.KA,
2024-08-12 00:00:00+05:00,50.433075717417175,51.676887139679465,49.58426179891936,49.937232971191406,453744.0,0.0,0.0,0.0,BAFL.KA,
2024-08-13 00:00:00+05:00,50.34062649573,50.34062649573,49.172452366258504,49.58425521850586,333559.0,0.0,0.0,0.0,BAFL.KA,
2024-08-15 00:00:00+05:00,49.86999864100735,50.29860692439758,48.75225025312936,49.105224609375,355233.0,0.0,0.0,0.0,BAFL.KA,
2024-08-16 00:00:00+05:00,49.3657490293167,49.3657490293167,48.50012342322655,48.91192626953125,332645.0,0.0,0.0,0.0,BAFL.KA,
2024-08-19 00:00:00+05:00,48.99597340887395,49.1640562937963,48.61778771927726,48.7186393737793,599619.0,0.0,0.0,0.0,BAFL.KA,
2024-08-20 00:00:00+05:00,49.4918161800637,49.50022208756679,48.57576782300422,48.74385070800781,671211.0,0.0,0.0,0.0,BAFL.KA,
2024-08-21 00:00:00+05:00,49.1472485952587,50.416271354314844,48.58417460713835,49.89521408081055,355653.0,0.0,0.0,0.0,BAFL.KA,
2024-08-22 00:00:00+05:00,50.004460070437915,50.63476839065351,49.3825544505564,50.36583709716797,194618.0,0.0,0.0,0.0,BAFL.KA,
2024-08-23 00:00:00+05:00,50.34062755122511,50.844872942671124,49.584256258142084,49.853187561035156,301156.0,0.0,0.0,0.0,BAFL.KA,
2024-08-26 00:00:00+05:00,49.58426508035999,50.42467635290846,48.74385380781151,48.97916793823242,259686.0,0.0,0.0,0.0,BAFL.KA,
2024-08-27 00:00:00+05:00,48.979163741593446,49.15565253020177,48.37406985722619,48.73544692993164,152319.0,0.0,0.0,0.0,BAFL.KA,
2024-08-28 00:00:00+05:00,49.35734769044806,50.256587386987334,48.02949970728082,48.70182800292969,366134.0,0.0,0.0,0.0,BAFL.KA,
2024-08-29 00:00:00+05:00,48.70183072105469,49.16405624974118,48.323645031796886,49.00437927246094,591580.0,0.0,0.0,0.0,BAFL.KA,
2024-08-30 00:00:00+05:00,49.44978784165265,49.44978784165265,48.11353410253351,48.407676696777344,228688.0,0.0,0.0,0.0,BAFL.KA,
2024-09-02 00:00:00+05:00,48.32364627162762,49.3405431020111,47.163877863452505,47.84461212158203,226729.0,0.0,0.0,0.0,BAFL.KA,
2024-09-03 00:00:00+05:00,47.903438321029356,48.73544681826006,46.642821523107536,46.82771301269531,542211.0,0.0,0.0,0.0,BAFL.KA,
2024-09-04 00:00:00+05:00,47.90343477944454,48.07151764792365,47.079832250402376,47.928646087646484,88314.0,0.0,0.0,0.0,BAFL.KA,
2024-09-05 00:00:00+05:00,48.14715472609802,48.31523759439439,47.48322915958009,47.87822341918945,639792.0,0.0,0.0,0.0,BAFL.KA,
2024-09-06 00:00:00+05:00,48.609377763007615,49.584254502964946,47.90343231642376,48.91192626953125,379449.0,0.0,0.0,0.0,BAFL.KA,
2024-09-09 00:00:00+05:00,49.37415916721837,49.37415916721837,48.32364514238394,48.45811080932617,376927.0,0.0,0.0,0.0,BAFL.KA,
2024-09-10 00:00:00+05:00,48.51693598311769,51.34912070055922,47.98747605355923,51.105403900146484,684231.0,0.0,0.0,0.0,BAFL.KA,
2024-09-11 00:00:00+05:00,51.26508195884445,51.26508195884445,49.68510804344047,50.491905212402344,535131.0,0.0,0.0,0.0,BAFL.KA,
2024-09-12 00:00:00+05:00,51.23987000612707,51.25667861421884,50.13893022047251,50.46669006347656,389785.0,0.0,0.0,0.0,BAFL.KA,
2024-09-13 00:00:00+05:00,50.26499139663375,51.68528506794914,50.2145655741457,51.265079498291016,166937.0,0.0,0.0,0.0,BAFL.KA,
2024-09-16 00:00:00+05:00,51.34912207220605,51.55922486825585,50.92891648010645,51.25667953491211,521498.0,0.0,0.0,0.0,BAFL.KA,
2024-09-17 00:00:00+05:00,51.25667953491211,51.25667953491211,51.25667953491211,51.25667953491211,0.0,0.0,0.0,0.0,BAFL.KA,
2024-09-18 00:00:00+05:00,51.55922250138695,51.55922250138695,50.42466873716634,50.88689422607422,237813.0,0.0,0.0,0.0,BAFL.KA,
2024-09-19 00:00:00+05:00,50.424667293103404,52.94590065775857,50.424667293103404,52.13910675048828,2044293.0,0.0,0.0,0.0,BAFL.KA,
2024-09-20 00:00:00+05:00,52.315593654366126,53.78631315468967,51.685285297084604,53.76950454711914,5177776.0,0.0,0.0,0.0,BAFL.KA,
2024-09-23 00:00:00+05:00,53.534196910294035,53.78631964243505,52.10549715360896,52.475276947021484,701219.0,0.0,0.0,0.0,BAFL.KA,
2024-09-24 00:00:00+05:00,52.10548850717198,52.35761119747551,50.67678898756673,51.01295471191406,823424.0,0.0,0.0,0.0,BAFL.KA,
2024-09-25 00:00:00+05:00,50.60115561621053,52.273575249822294,50.60115561621053,51.609649658203125,3377794.0,0.0,0.0,0.0,BAFL.KA,
2024-09-26 00:00:00+05:00,51.92900635763973,53.113985965272896,51.60964921911107,52.5593147277832,1179400.0,0.0,0.0,0.0,BAFL.KA,
2024-09-27 00:00:00+05:00,52.525700855647585,52.525700855647585,50.45829003938874,51.05498123168945,1076948.0,0.0,0.0,0.0,BAFL.KA,
2024-09-30 00:00:00+05:00,51.64326407781675,51.66007268496309,50.02127035620607,50.9709358215332,737673.0,0.0,0.0,0.0,BAFL.KA,
2024-10-01 00:00:00+05:00,50.40786232827183,51.248273510548955,48.75225127329335,49.06320571899414,1048326.0,0.0,0.0,0.0,BAFL.KA,
2024-10-02 00:00:00+05:00,49.374157190322876,51.18104252305784,48.32364320755005,50.4246711730957,755038.0,0.0,0.0,0.0,BAFL.KA,
2024-10-03 00:00:00+05:00,51.1810416583649,52.130703974488924,50.67679303160457,52.063472747802734,2106544.0,0.0,0.0,0.0,BAFL.KA,
2024-10-04 00:00:00+05:00,52.07188121538158,52.929101090480245,50.85328423982227,52.91229248046875,353059.0,0.0,0.0,0.0,BAFL.KA,
2024-10-07 00:00:00+05:00,52.91228906826538,54.635134615323,52.433254934530765,54.34099197387695,11325520.0,0.0,0.0,0.0,BAFL.KA,
2024-10-08 00:00:00+05:00,54.64353114886959,57.66901647353785,54.64353114886959,57.56816482543945,1692558.0,0.0,0.0,0.0,BAFL.KA,
2024-10-09 00:00:00+05:00,57.56816482543946,57.56816482543946,57.56816482543946,57.56816482543945,0.0,0.0,0.0,0.0,BAFL.KA,
2024-10-10 00:00:00+05:00,56.72775193830237,57.021894554876084,55.88734079847567,56.290740966796875,236863.0,0.0,0.0,0.0,BAFL.KA,
2024-10-11 00:00:00+05:00,56.97146780663516,57.559752997119475,55.47553711212275,57.030296325683594,278476.0,0.0,0.0,0.0,BAFL.KA,
2024-10-14 00:00:00+05:00,57.147954801269954,57.98836590128863,55.92936127097401,57.23199462890625,373093.0,0.0,0.0,0.0,BAFL.KA,
2024-10-15 00:00:00+05:00,57.400085207234994,57.78667357420727,56.72775370964856,57.618587493896484,272759.0,0.0,0.0,0.0,BAFL.KA,
2024-10-16 00:00:00+05:00,57.24881303260821,57.9883725775124,55.887344585573544,56.93785858154297,293072.0,0.0,0.0,0.0,BAFL.KA,
2024-10-17 00:00:00+05:00,57.7278469032088,58.744743677394304,56.307549935149005,56.509246826171875,888562.0,0.0,0.0,0.0,BAFL.KA,
2024-10-18 00:00:00+05:00,57.13955987627783,57.81189145023541,56.307554522672866,57.248817443847656,435066.0,0.0,0.0,0.0,BAFL.KA,
2024-10-21 00:00:00+05:00,57.76986309568448,57.778269002851424,56.50924631744045,57.097537994384766,2334416.0,0.0,0.0,0.0,BAFL.KA,
2024-10-22 00:00:00+05:00,57.097534517783,57.21519156364216,56.8958312290289,56.97987747192383,184850.0,0.0,0.0,0.0,BAFL.KA,
2024-10-23 00:00:00+05:00,56.75296287503251,57.324442702846206,56.44201485890248,56.97987747192383,360372.0,0.0,0.0,0.0,BAFL.KA,
2024-10-24 00:00:00+05:00,56.45041510328429,57.20678641658503,56.45041510328429,56.82019805908203,461295.0,0.0,0.0,0.0,BAFL.KA,
2024-10-25 00:00:00+05:00,56.399991482789396,57.55975653466217,56.080637561446245,56.57647705078125,1238586.0,0.0,0.0,0.0,BAFL.KA,
2024-10-28 00:00:00+05:00,56.72775197312795,58.40016834709791,56.72775197312795,57.5345458984375,601784.0,0.0,0.0,0.0,BAFL.KA,
2024-10-29 00:00:00+05:00,58.608015238228845,58.86772844681849,57.54320561353007,58.03665542602539,2354443.0,2.0,0.0,0.0,BAFL.KA,
2024-10-30 00:00:00+05:00,58.841754657036056,58.841754657036056,57.222889851295136,57.56917190551758,738618.0,0.0,0.0,0.0,BAFL.KA,
2024-10-31 00:00:00+05:00,57.36140736856316,57.99336603072237,56.114794570643184,56.72078323364258,537678.0,0.0,0.0,0.0,BAFL.KA,
2024-11-01 00:00:00+05:00,56.27062308454301,59.29192084389741,55.83777213773884,58.54741668701172,1186856.0,0.0,0.0,0.0,BAFL.KA,
2024-11-04 00:00:00+05:00,58.26174256060962,59.04952788282475,57.95874160112992,58.175167083740234,1428759.0,0.0,0.0,0.0,BAFL.KA,
2024-11-05 00:00:00+05:00,58.002030827213154,58.43488180353564,57.35275436272942,58.06262969970703,1363752.0,0.0,0.0,0.0,BAFL.KA,
2024-11-06 00:00:00+05:00,58.00202941894531,58.86773135057136,58.00202941894531,58.00202941894531,528407.0,0.0,0.0,0.0,BAFL.KA,
2024-11-07 00:00:00+05:00,58.85907354081804,59.257295643956425,57.361412870839054,57.725006103515625,791319.0,0.0,0.0,0.0,BAFL.KA,
2024-11-08 00:00:00+05:00,58.010688158777995,58.81579121759362,57.36141171150028,58.46950912475586,1170001.0,0.0,0.0,0.0,BAFL.KA,
2024-11-11 00:00:00+05:00,58.867731270005876,58.867731270005876,58.002029339564615,58.175167083740234,568858.0,0.0,0.0,0.0,BAFL.KA,
2024-11-12 00:00:00+05:00,58.53010812561973,58.53010812561973,57.136327487319264,58.00202941894531,41398.0,0.0,0.0,0.0,BAFL.KA,
2024-11-13 00:00:00+05:00,58.434879886858546,58.434879886858546,57.361411350127675,57.993370056152344,1034826.0,0.0,0.0,0.0,BAFL.KA,
2024-11-14 00:00:00+05:00,57.136321332966396,58.86772500972295,57.136321332966396,58.079933166503906,3217896.0,0.0,0.0,0.0,BAFL.KA,
2024-11-15 00:00:00+05:00,58.85042168417656,59.29192492486222,57.85486311704805,58.045318603515625,2217101.0,0.0,0.0,0.0,BAFL.KA,
2024-11-18 00:00:00+05:00,58.85906857514456,58.85906857514456,58.00202556905986,58.01933670043945,693905.0,0.0,0.0,0.0,BAFL.KA,
2024-11-19 00:00:00+05:00,58.434877431004416,58.78115950710736,58.019337618724634,58.20979309082031,374885.0,0.0,0.0,0.0,BAFL.KA,
2024-11-20 00:00:00+05:00,58.43488038475834,58.69459360615879,58.00202941894531,58.00202941894531,1197786.0,0.0,0.0,0.0,BAFL.KA,
2024-11-21 00:00:00+05:00,58.00202563736901,58.434876574961315,57.14498263027497,57.84619903564453,323220.0,0.0,0.0,0.0,BAFL.KA,
2024-11-22 00:00:00+05:00,58.694596179948476,63.62909476468475,58.00203196236569,63.20490264892578,8609097.0,0.0,0.0,0.0,BAFL.KA,
2024-11-25 00:00:00+05:00,63.60312060616143,67.85371356459105,61.73320130374852,64.31299591064453,2818227.0,0.0,0.0,0.0,BAFL.KA,
2024-11-26 00:00:00+05:00,64.31299556208246,70.74516100513291,63.19623930776867,65.57691955566406,9749937.0,0.0,0.0,0.0,BAFL.KA,
2024-11-27 00:00:00+05:00,65.85394299437382,70.97889663586895,65.85394299437382,70.95292663574219,3859594.0,0.0,0.0,0.0,BAFL.KA,
2024-11-28 00:00:00+05:00,71.42906918117511,73.15181419876576,67.53341043686214,67.9056625366211,1504751.0,0.0,0.0,0.0,BAFL.KA,
2024-11-29 00:00:00+05:00,67.52475384045779,71.42041271586882,67.52475384045779,70.892333984375,1836946.0,0.0,0.0,0.0,BAFL.KA,
2024-12-02 00:00:00+05:00,71.85325238482783,73.04791854073397,69.25614687694248,72.00907897949219,2781183.0,0.0,0.0,0.0,BAFL.KA,
2024-12-03 00:00:00+05:00,72.71896713161172,74.83993436437092,69.68901016779458,73.51541137695312,2628904.0,0.0,0.0,0.0,BAFL.KA,
2024-12-04 00:00:00+05:00,73.58466122675382,74.88321407193183,72.80552819869077,74.4676742553711,871691.0,0.0,0.0,0.0,BAFL.KA,
2024-12-05 00:00:00+05:00,74.85724153454034,75.74891340124141,73.58465873263451,75.29009246826172,2078671.0,0.0,0.0,0.0,BAFL.KA,
2024-12-06 00:00:00+05:00,75.31606509245117,76.54536020191607,72.73627053145653,74.43305206298828,1809314.0,0.0,0.0,0.0,BAFL.KA,
2024-12-09 00:00:00+05:00,74.44169741082982,74.88320718693532,69.2561453752003,69.74093627929688,6724129.0,0.0,0.0,0.0,BAFL.KA,
2024-12-10 00:00:00+05:00,70.12185830371502,72.71896416681557,67.53341130949703,67.97491455078125,1790168.0,0.0,0.0,0.0,BAFL.KA,
2024-12-11 00:00:00+05:00,68.80599071521391,70.01796810542946,67.53340785070615,68.74539184570312,2145946.0,0.0,0.0,0.0,BAFL.KA,
2024-12-12 00:00:00+05:00,68.83195610498082,70.98755186721992,68.39044631110211,70.15647888183594,3834897.0,0.0,0.0,0.0,BAFL.KA,
2024-12-13 00:00:00+05:00,70.1218493485105,70.51141253631208,65.70677126604194,66.0270767211914,2756796.0,0.0,0.0,0.0,BAFL.KA,
2024-12-16 00:00:00+05:00,66.05305767310733,68.38179129501347,65.01421142927609,65.87991333007812,2214953.0,0.0,0.0,0.0,BAFL.KA,
2024-12-17 00:00:00+05:00,65.8799161746391,71.80997313022455,65.27392745982486,69.16958618164062,1383490.0,0.0,0.0,0.0,BAFL.KA,
2024-12-18 00:00:00+05:00,70.4681385079772,70.55470738012532,67.35161287717338,67.87103271484375,2106702.0,0.0,0.0,0.0,BAFL.KA,
2024-12-19 00:00:00+05:00,68.39910646260125,69.42928719461023,61.68991698338616,64.18313598632812,2835637.0,0.0,0.0,0.0,BAFL.KA,
2024-12-20 00:00:00+05:00,64.91898025330907,69.16092066351683,64.4947881937226,68.90986633300781,1156522.0,0.0,0.0,0.0,BAFL.KA,
2024-12-23 00:00:00+05:00,69.24749639886814,73.53272496892083,68.39045332677026,71.4377212524414,1675130.0,0.0,0.0,0.0,BAFL.KA,
2024-12-24 00:00:00+05:00,71.63683557944172,71.85326106457599,69.68900621323334,70.1305160522461,1086249.0,0.0,0.0,0.0,BAFL.KA,
2024-12-26 00:00:00+05:00,71.32517892750582,71.63683213951643,67.75848472604063,68.39910888671875,1060451.0,0.0,0.0,0.0,BAFL.KA,
2024-12-27 00:00:00+05:00,69.24750233116417,71.20399073442165,67.95760817814103,70.41619873046875,3767987.0,0.0,0.0,0.0,BAFL.KA,
2024-12-30 00:00:00+05:00,69.26481466167417,75.31606942473654,68.90987369294054,74.32051086425781,2712315.0,0.0,0.0,0.0,BAFL.KA,
2024-12-31 00:00:00+05:00,74.32050472497028,74.32050472497028,71.50697362829864,72.1389389038086,984421.0,0.0,0.0,0.0,BAFL.KA,
2025-01-01 00:00:00+05:00,72.1389389038086,72.1389389038086,72.1389389038086,72.1389389038086,0.0,0.0,0.0,0.0,BAFL.KA,
2025-01-02 00:00:00+05:00,72.0696899868943,75.57578565519654,72.0696899868943,74.11274719238281,1332538.0,0.0,0.0,0.0,BAFL.KA,
2025-01-03 00:00:00+05:00,75.26413438319969,76.18177639442038,73.15181937873321,75.17755889892578,500509.0,0.0,0.0,0.0,BAFL.KA,
2025-01-06 00:00:00+05:00,75.17755242978144,76.18176983886158,72.06968567142304,74.57156372070312,769682.0,0.0,0.0,0.0,BAFL.KA,
2025-01-07 00:00:00+05:00,75.31606808399658,75.53249356699658,73.15181325399668,73.94825744628906,268437.0,0.0,0.0,0.0,BAFL.KA,
2025-01-08 00:00:00+05:00,74.45036227501795,74.75335661448328,70.9875547273427,72.19087982177734,237823.0,0.0,0.0,0.0,BAFL.KA,
2025-01-09 00:00:00+05:00,72.71895764283803,73.58465951953849,71.29920709343179,71.82728576660156,492208.0,0.0,0.0,0.0,BAFL.KA,
2025-01-10 00:00:00+05:00,71.82728654460898,73.47212144911234,71.4204056013876,72.50253295898438,374068.0,0.0,0.0,0.0,BAFL.KA,
2025-01-13 00:00:00+05:00,70.99621990759886,73.58466693027796,70.72784780754267,71.5069808959961,1029642.0,0.0,0.0,0.0,BAFL.KA,
2025-01-14 00:00:00+05:00,71.27322969318014,71.75802058026375,69.35137066969799,70.5633544921875,1340349.0,0.0,0.0,0.0,BAFL.KA,
2025-01-15 00:00:00+05:00,70.98755327378795,73.1518079467693,70.98755327378795,72.44193267822266,365750.0,0.0,0.0,0.0,BAFL.KA,
2025-01-16 00:00:00+05:00,73.10852294854554,73.39420616122239,71.76668896392815,72.89209747314453,1450715.0,0.0,0.0,0.0,BAFL.KA,
2025-01-17 00:00:00+05:00,73.06524492182268,74.01751573310513,72.06968637170763,73.6625747680664,832526.0,0.0,0.0,0.0,BAFL.KA,
2025-01-20 00:00:00+05:00,73.49810110757365,74.23394648648325,72.45925474489354,72.5718002319336,625309.0,0.0,0.0,0.0,BAFL.KA,
2025-01-21 00:00:00+05:00,73.15180070951098,73.15180070951098,72.29475779314043,72.76223754882812,215852.0,0.0,0.0,0.0,BAFL.KA,
2025-01-22 00:00:00+05:00,72.68432712679594,74.18199424562599,72.2861050651187,72.71895599365234,970442.0,0.0,0.0,0.0,BAFL.KA,
2025-01-23 00:00:00+05:00,74.0001894133144,74.0001894133144,72.63237904621354,72.69297790527344,119546.0,0.0,0.0,0.0,BAFL.KA,
2025-01-24 00:00:00+05:00,72.97867423298207,73.75780067432845,71.8619179676624,73.5586929321289,290794.0,0.0,0.0,0.0,BAFL.KA,
2025-01-27 00:00:00+05:00,73.55869739789645,73.84438063295082,70.98756149197094,71.53295135498047,971702.0,0.0,0.0,0.0,BAFL.KA,
2025-01-28 00:00:00+05:00,72.27745363581079,72.27745363581079,70.98755958536677,71.74072265625,195035.0,0.0,0.0,0.0,BAFL.KA,
2025-01-29 00:00:00+05:00,71.84458943798862,71.84458943798862,69.94004814891973,70.5633544921875,2165797.0,0.0,0.0,0.0,BAFL.KA,
2025-01-30 00:00:00+05:00,71.42040131614831,72.1995342878261,69.25614673081049,70.11318969726562,1247053.0,0.0,0.0,0.0,BAFL.KA,
2025-01-31 00:00:00+05:00,70.9009916370814,70.9009916370814,69.94872080482973,70.20842742919922,3841081.0,0.0,0.0,0.0,BAFL.KA,
2025-02-03 00:00:00+05:00,69.26480478200904,70.12184773836151,69.25614591443113,69.43794250488281,235314.0,0.0,0.0,0.0,BAFL.KA,
2025-02-04 00:00:00+05:00,69.43794218276484,69.99199081912765,68.30387491220675,68.47701263427734,439163.0,0.0,0.0,0.0,BAFL.KA,
2025-02-06 00:00:00+05:00,69.93140719028959,70.03529380903181,67.09190565915749,68.139404296875,439131.0,0.0,0.0,0.0,BAFL.KA,
2025-02-07 00:00:00+05:00,69.15227014127467,69.2561567541273,67.95760381498742,68.29522705078125,375327.0,0.0,0.0,0.0,BAFL.KA,
2025-02-10 00:00:00+05:00,69.16957974685565,69.16957974685565,65.83662891587551,67.95759582519531,525422.0,0.0,0.0,0.0,BAFL.KA,
2025-02-11 00:00:00+05:00,69.23884512029595,69.23884512029595,68.17402881179818,68.28656768798828,103854.0,0.0,0.0,0.0,BAFL.KA,
2025-02-12 00:00:00+05:00,68.39045087016487,69.16958390989518,66.65904705066703,66.86681365966797,503177.0,0.0,0.0,0.0,BAFL.KA,
2025-02-13 00:00:00+05:00,67.43817513888601,67.90565492840044,66.65904215636196,67.61131286621094,467283.0,0.0,0.0,0.0,BAFL.KA,
2025-02-14 00:00:00+05:00,67.3083272506762,69.07436003799445,67.1351895009473,68.60688018798828,310083.0,0.0,0.0,0.0,BAFL.KA,
2025-02-17 00:00:00+05:00,68.99643974699825,69.43794957147311,67.52474913845727,68.12208557128906,791708.0,0.0,0.0,0.0,BAFL.KA,
2025-02-18 00:00:00+05:00,69.10898353472001,69.25615127102343,67.9489395664441,69.01375579833984,399048.0,0.0,0.0,0.0,BAFL.KA,
2025-02-19 00:00:00+05:00,69.16957996697101,69.42928656222259,68.39044697165419,69.23017883300781,1472409.0,0.0,0.0,0.0,BAFL.KA,
2025-02-20 00:00:00+05:00,69.25615249632303,69.25615249632303,67.87968963575368,68.09611511230469,4696305.0,0.0,0.0,0.0,BAFL.KA,
2025-02-21 00:00:00+05:00,68.39044744235954,68.39044744235954,66.78890031055165,67.03129577636719,431459.0,0.0,0.0,0.0,BAFL.KA,
2025-02-24 00:00:00+05:00,67.03130421643333,68.39045605355963,67.03130421643333,67.3948974609375,490876.0,0.0,0.0,0.0,BAFL.KA,
2025-02-25 00:00:00+05:00,68.26059510336442,68.3904517123822,66.66770674010532,67.50743865966797,7394938.0,0.0,0.0,0.0,BAFL.KA,
2025-02-26 00:00:00+05:00,67.65460745714428,67.95760181306147,66.78890552321992,66.95338439941406,4172023.0,0.0,0.0,0.0,BAFL.KA,
2025-02-27 00:00:00+05:00,68.04416446520523,68.30387766355335,66.58113282186835,66.68501281738281,601817.0,0.0,0.0,0.0,BAFL.KA,
2025-02-28 00:00:00+05:00,66.68501327730947,67.49011627200426,66.65904327825173,66.71098327636719,235176.0,0.0,0.0,0.0,BAFL.KA,
2025-03-03 00:00:00+05:00,67.95759704149688,67.95759704149688,66.71964309871531,66.74561309814453,191361.0,0.0,0.0,0.0,BAFL.KA,
2025-03-04 00:00:00+05:00,66.74561309814453,66.74561309814453,66.74561309814453,66.74561309814453,0.0,0.0,0.0,0.0,BAFL.KA,
2025-03-05 00:00:00+05:00,67.54205673559484,67.54205673559484,66.65904373764144,66.73695373535156,282804.0,0.0,0.0,0.0,BAFL.KA,
2025-03-06 00:00:00+05:00,66.7456240286624,67.50744602884448,66.52919852493473,66.87548065185547,461675.0,0.0,0.0,0.0,BAFL.KA,
2025-03-07 00:00:00+05:00,67.30832668446827,68.04417202179872,67.09190119673686,67.32563781738281,282515.0,0.0,0.0,0.0,BAFL.KA,
2025-03-10 00:00:00+05:00,69.32027179995208,69.32027179995208,67.08413399995364,67.99647521972656,82266.0,2.5,0.0,0.0,BAFL.KA,
2025-03-11 00:00:00+05:00,67.5313626094682,68.86409884821725,67.08413504251808,67.20935821533203,96268.0,0.0,0.0,0.0,BAFL.KA,
2025-03-12 00:00:00+05:00,67.97858527355481,68.64048011414042,66.18967513477706,67.6923599243164,98420.0,0.0,0.0,0.0,BAFL.KA,
2025-03-13 00:00:00+05:00,67.97859012047834,68.3989851249297,67.08413498731416,67.12886047363281,239395.0,0.0,0.0,0.0,BAFL.KA,
2025-03-14 00:00:00+05:00,68.31848340819299,68.51526463740042,67.53136531551459,67.63870239257812,394461.0,0.0,0.0,0.0,BAFL.KA,
2025-03-17 00:00:00+05:00,67.96964071511141,68.2648125340701,67.17357622699916,67.5403060913086,42758.0,0.0,0.0,0.0,BAFL.KA,
2025-03-18 00:00:00+05:00,67.88915135937863,68.87305071910697,67.88915135937863,68.59577178955078,101545.0,0.0,0.0,0.0,BAFL.KA,
2025-03-19 00:00:00+05:00,69.08771605666908,69.75855744035077,67.9785935464111,69.24871826171875,397781.0,0.0,0.0,0.0,BAFL.KA,
2025-03-20 00:00:00+05:00,69.2487163482103,69.76750197505186,68.74782364596396,68.79254913330078,355656.0,0.0,0.0,0.0,BAFL.KA,
2025-03-21 00:00:00+05:00,69.49916787611565,69.49916787611565,67.71025743581252,67.96965026855469,103044.0,0.0,0.0,0.0,BAFL.KA,
2025-03-24 00:00:00+05:00,68.8730442017756,69.1056044436088,67.1735781098886,67.94281005859375,112747.0,0.0,0.0,0.0,BAFL.KA,
2025-03-25 00:00:00+05:00,68.98933171604703,68.98933171604703,67.45087440182736,67.58503723144531,344640.0,0.0,0.0,0.0,BAFL.KA,
2025-03-26 00:00:00+05:00,68.85516048075011,68.85516048075011,64.84799840431228,66.08234405517578,2410018.0,0.0,0.0,0.0,BAFL.KA,
2025-03-27 00:00:00+05:00,67.06624641819157,67.06624641819157,63.953539666749954,65.4114990234375,2047192.0,0.0,0.0,0.0,BAFL.KA,
2025-03-28 00:00:00+05:00,65.4114990234375,65.4114990234375,65.4114990234375,65.4114990234375,0.0,0.0,0.0,0.0,BAFL.KA,
2025-03-31 00:00:00+05:00,65.4114990234375,65.4114990234375,65.4114990234375,65.4114990234375,0.0,0.0,0.0,0.0,BAFL.KA,
2025-04-03 00:00:00+05:00,66.16285212210393,67.08413988465561,65.4830642605103,66.61902618408203,713152.0,0.0,0.0,0.0,BAFL.KA,
2025-04-04 00:00:00+05:00,67.08414184702741,69.76750752090851,66.2880772430415,66.52063751220703,43523860.0,0.0,0.0,0.0,BAFL.KA,
2025-04-07 00:00:00+05:00,65.96606545486434,66.3685675313692,62.61185873682038,65.67984008789062,7698691.0,0.0,0.0,0.0,BAFL.KA,
2025-04-08 00:00:00+05:00,66.27913522077957,68.11277128378056,66.27913522077957,67.35248565673828,32603056.0,0.0,0.0,0.0,BAFL.KA,
2025-04-09 00:00:00+05:00,67.03940199709967,67.03940199709967,65.51883117058247,65.78717041015625,2886543.0,0.0,0.0,0.0,BAFL.KA,
2025-04-10 00:00:00+05:00,67.5134803649504,68.20220785475868,66.36857199588817,66.93208312988281,6431847.0,0.0,0.0,0.0,BAFL.KA,
2025-04-11 00:00:00+05:00,66.90524117529601,66.90524117529601,65.75139332972856,66.21650695800781,1783130.0,0.0,0.0,0.0,BAFL.KA,
2025-04-14 00:00:00+05:00,66.99468635417928,66.99468635417928,65.25049486677527,65.98394775390625,3438962.0,0.0,0.0,0.0,BAFL.KA,
2025-04-15 00:00:00+05:00,66.6369057470462,67.21830293383047,66.19862465356614,66.46695709228516,1866115.0,0.0,0.0,0.0,BAFL.KA,
2025-04-16 00:00:00+05:00,66.99468907874083,67.72814199570013,66.18967811521213,66.9141845703125,4089687.0,0.0,0.0,0.0,BAFL.KA,
2025-04-17 00:00:00+05:00,67.08413222167327,68.42581486610675,66.18967712538429,66.6458511352539,10345768.0,0.0,0.0,0.0,BAFL.KA,
2025-04-18 00:00:00+05:00,66.62796854636908,67.44192608583619,65.74245977445527,67.15570068359375,4036186.0,0.0,0.0,0.0,BAFL.KA,
2025-04-21 00:00:00+05:00,67.53136512211161,69.09666166467711,67.53136512211161,68.55998992919922,6429759.0,0.0,0.0,0.0,BAFL.KA,
2025-04-22 00:00:00+05:00,68.78360594702862,68.78360594702862,67.08413970955621,67.62081146240234,1596323.0,0.0,0.0,0.0,BAFL.KA,
2025-04-23 00:00:00+05:00,67.79076025453429,68.06803918210076,67.07519336669304,67.173583984375,3616887.0,0.0,0.0,0.0,BAFL.KA,
2025-04-24 00:00:00+05:00,66.64585613709588,67.08413725640871,64.84799934786176,65.71562194824219,2854200.0,0.0,0.0,0.0,BAFL.KA,
2025-04-25 00:00:00+05:00,66.63690765427708,66.63690765427708,65.38466909862822,66.31490325927734,4283445.0,0.0,0.0,0.0,BAFL.KA,
2025-04-28 00:00:00+05:00,67.48125474502567,67.48125474502567,65.69471373644544,65.87984466552734,2427924.0,2.5,0.0,0.0,BAFL.KA,
2025-04-29 00:00:00+05:00,65.8335607060477,67.03692578268713,65.26890223218065,66.3426742553711,880667.0,0.0,0.0,0.0,BAFL.KA,
2025-04-30 00:00:00+05:00,66.35193412218257,66.35193412218257,64.7875517256828,65.3707275390625,2438938.0,0.0,0.0,0.0,BAFL.KA,
2025-05-02 00:00:00+05:00,65.25964605083777,68.03665226576705,65.25964605083777,67.064697265625,1228905.0,0.0,0.0,0.0,BAFL.KA,
2025-05-05 00:00:00+05:00,67.11098041450836,67.74043540985335,65.9538945452927,66.16680145263672,366694.0,0.0,0.0,0.0,BAFL.KA,
2025-05-06 00:00:00+05:00,66.02794756502317,66.87956104181677,64.90788932792239,65.750244140625,512721.0,0.0,0.0,0.0,BAFL.KA,
2025-05-07 00:00:00+05:00,63.86188411917583,66.53706620123153,63.42681868328926,64.00999450683594,1474547.0,0.0,0.0,0.0,BAFL.KA,
2025-05-08 00:00:00+05:00,64.61168062593282,65.62991482351909,57.854296025265064,62.47338104248047,6702326.0,0.0,0.0,0.0,BAFL.KA,
2025-05-09 00:00:00+05:00,62.00130048945521,65.24114134996825,62.00130048945521,64.9356689453125,4507583.0,0.0,0.0,0.0,BAFL.KA,
2025-05-12 00:00:00+05:00,71.4338557063179,71.4338557063179,68.63833919014434,71.07284545898438,10000983.0,0.0,0.0,0.0,BAFL.KA,
2025-05-13 00:00:00+05:00,70.35082479732026,70.35082479732026,68.86975621404562,69.1011734008789,1803613.0,0.0,0.0,0.0,BAFL.KA,
2025-05-14 00:00:00+05:00,69.01785424807122,69.28629901168516,67.57381337291214,67.7867202758789,1116299.0,0.0,0.0,0.0,BAFL.KA,
2025-05-15 00:00:00+05:00,67.80522824993899,68.49947973372677,67.80522824993899,67.95333862304688,362649.0,0.0,0.0,0.0,BAFL.KA,
2025-05-16 00:00:00+05:00,68.86974704122154,69.42514680318882,67.94407841717901,69.3140640258789,1200566.0,0.0,0.0,0.0,BAFL.KA,
2025-05-19 00:00:00+05:00,69.31406903612998,69.41589315711813,68.26806595777816,69.11042785644531,640567.0,0.0,0.0,0.0,BAFL.KA,
2025-05-20 00:00:00+05:00,69.3233266062138,69.33258527041885,67.20354448991732,67.7867202758789,3364680.0,0.0,0.0,0.0,BAFL.KA,
2025-05-21 00:00:00+05:00,68.26806145955872,69.3325817964711,67.58306865082977,68.92528533935547,1405999.0,0.0,0.0,0.0,BAFL.KA,
2025-05-22 00:00:00+05:00,69.40664784120827,69.42515810929548,67.94408948208897,68.11071014404297,1008528.0,0.0,0.0,0.0,BAFL.KA,
2025-05-23 00:00:00+05:00,68.41618203134843,68.96232321455672,67.99036818326017,68.4994888305664,692266.0,0.0,0.0,0.0,BAFL.KA,
2025-05-26 00:00:00+05:00,68.49948486082145,68.49948486082145,68.03665050365373,68.3143539428711,433044.0,0.0,0.0,0.0,BAFL.KA,
2025-05-27 00:00:00+05:00,68.48097116476012,68.48097116476012,67.80522992972459,68.30509185791016,697707.0,0.0,0.0,0.0,BAFL.KA,
2025-05-28 00:00:00+05:00,68.30509185791016,68.30509185791016,68.30509185791016,68.30509185791016,0.0,0.0,0.0,0.0,BAFL.KA,
2025-05-29 00:00:00+05:00,67.81450069819492,68.91604180735233,67.81450069819492,68.03665924072266,238259.0,0.0,0.0,0.0,BAFL.KA,
2025-05-30 00:00:00+05:00,68.48097210997398,68.49948237618086,67.80523086561146,68.156982421875,175108.0,0.0,0.0,0.0,BAFL.KA,
2025-06-02 00:00:00+05:00,68.28657554982652,68.68461336549713,68.0366481131457,68.0921859741211,231499.0,0.0,0.0,0.0,BAFL.KA,
2025-06-03 00:00:00+05:00,67.89780314888861,69.61028896803877,67.89780314888861,69.19374084472656,862192.0,0.0,0.0,0.0,BAFL.KA,
2025-06-04 00:00:00+05:00,69.40664054023655,72.89640834669547,69.40664054023655,71.55419158935547,11109864.0,0.0,0.0,0.0,BAFL.KA,
2025-06-05 00:00:00+05:00,71.96148292311324,72.43357593862133,70.81365570996208,71.71155548095703,1593248.0,0.0,0.0,0.0,BAFL.KA,
2025-06-06 00:00:00+05:00,71.71155548095703,71.71155548095703,71.71155548095703,71.71155548095703,0.0,0.0,0.0,0.0,BAFL.KA,
2025-06-09 00:00:00+05:00,71.71155548095703,71.71155548095703,71.71155548095703,71.71155548095703,0.0,0.0,0.0,0.0,BAFL.KA,
2025-06-10 00:00:00+05:00,71.78561349654454,73.57215444436493,71.09136194266033,73.2574234008789,1240004.0,0.0,0.0,0.0,BAFL.KA,
2025-06-11 00:00:00+05:00,73.59065966127426,74.79403176367082,73.59065966127426,74.43302154541016,2867052.0,0.0,0.0,0.0,BAFL.KA,
2025-06-12 00:00:00+05:00,74.43302463590645,75.44200014363288,71.55419437219061,72.08182525634766,3841723.0,0.0,0.0,0.0,BAFL.KA,
2025-06-13 00:00:00+05:00,71.28575038890489,72.19290178323884,70.35082300053499,70.98027801513672,521425.0,0.0,0.0,0.0,BAFL.KA,
2025-06-16 00:00:00+05:00,70.98027801513672,70.98027801513672,70.98027801513672,70.98027801513672,0.0,0.0,0.0,0.0,BAFL.KA,
2025-06-17 00:00:00+05:00,71.73932479607075,71.73932479607075,69.89724604649076,70.93399047851562,371361.0,0.0,0.0,0.0,BAFL.KA,
2025-06-18 00:00:00+05:00,71.27648458259533,71.49864307658007,69.6658231421964,70.52669525146484,122225.0,0.0,0.0,0.0,BAFL.KA,
2025-06-19 00:00:00+05:00,71.25797502513277,72.20215393066407,68.77718278707471,69.4251480102539,2087020.0,0.0,0.0,0.0,BAFL.KA,
2025-06-20 00:00:00+05:00,70.75812282040629,70.75812282040629,68.97158181732705,69.58251953125,418720.0,0.0,0.0,0.0,BAFL.KA,
2025-06-23 00:00:00+05:00,69.1382013279307,70.24900100511047,68.03665325341807,68.84198760986328,927767.0,0.0,0.0,0.0,BAFL.KA,
2025-06-24 00:00:00+05:00,69.4344099569767,74.04423604792841,69.4344099569767,72.24844360351562,2193720.0,0.0,0.0,0.0,BAFL.KA,
2025-06-25 00:00:00+05:00,73.12783120410816,73.91464822865598,72.29472791717257,73.62769317626953,1195235.0,0.0,0.0,0.0,BAFL.KA,
2025-06-26 00:00:00+05:00,74.0349868885715,74.05349715545195,71.2764910121225,72.01702880859375,1068053.0,0.0,0.0,0.0,BAFL.KA,
2025-06-27 00:00:00+05:00,72.52614864113269,74.51633796189012,71.9707487768566,73.50736236572266,2891840.0,0.0,0.0,0.0,BAFL.KA,
2025-06-30 00:00:00+05:00,72.24844791737804,74.84031614968755,72.24844791737804,74.2756576538086,2333404.0,0.0,0.0,0.0,BAFL.KA,
2025-07-01 00:00:00+05:00,74.97916470790284,76.83050210809797,74.28491318282967,76.691650390625,9013689.0,0.0,0.0,0.0,BAFL.KA,
2025-07-02 00:00:00+05:00,76.93233064486438,78.35786137229391,76.73794105416381,78.02462005615234,8271590.0,0.0,0.0,0.0,BAFL.KA,
2025-07-03 00:00:00+05:00,78.21901119433959,78.6818455801049,77.1174630962846,77.42293548583984,9520118.0,0.0,0.0,0.0,BAFL.KA,
2025-07-04 00:00:00+05:00,77.2933322182175,79.58899357593921,76.83049789355752,78.9965591430664,4818340.0,0.0,0.0,0.0,BAFL.KA,
2025-07-07 00:00:00+05:00,80.051837259449,84.13403280780751,79.60751314842135,82.35675048828125,10366138.0,0.0,0.0,0.0,BAFL.KA,
2025-07-08 00:00:00+05:00,82.38451950391601,82.79181601757672,80.99601636620956,82.29195404052734,3119897.0,0.0,0.0,0.0,BAFL.KA,
2025-07-09 00:00:00+05:00,81.92168599400851,82.38452037815544,80.92196202930099,82.2086410522461,1744672.0,0.0,0.0,0.0,BAFL.KA,
2025-07-10 00:00:00+05:00,81.92168470408878,85.62435971896284,81.92168470408878,84.71720123291016,3901522.0,0.0,0.0,0.0,BAFL.KA,
2025-07-11 00:00:00+05:00,85.7169230115373,87.75339845553009,83.58788916926679,84.75422668457031,4084365.0,0.0,0.0,0.0,BAFL.KA,
2025-07-14 00:00:00+05:00,84.93010217973546,87.47569107340601,84.87456431835234,87.12393951416016,4798976.0,0.0,0.0,0.0,BAFL.KA,
2025-07-15 00:00:00+05:00,87.01285717922268,89.69729780252936,85.25408524931197,86.28157806396484,6396304.0,0.0,0.0,0.0,BAFL.KA,
2025-07-16 00:00:00+05:00,86.2815818323281,86.9202955186006,83.77302041113812,84.49504089355469,2834159.0,0.0,0.0,0.0,BAFL.KA,
2025-07-17 00:00:00+05:00,84.69868239824291,85.4854993468612,83.58788283105137,84.86530303955078,2423990.0,0.0,0.0,0.0,BAFL.KA,
2025-07-18 00:00:00+05:00,84.6986889015698,85.16152326715215,84.13403041057597,84.6894302368164,636668.0,0.0,0.0,0.0,BAFL.KA,
2025-07-21 00:00:00+05:00,84.68942691299118,85.61509560782595,84.2636201608422,85.06895446777344,771397.0,0.0,0.0,0.0,BAFL.KA,
2025-07-22 00:00:00+05:00,85.06895486123624,85.56881680623398,84.60612051167814,84.7449722290039,1174066.0,0.0,0.0,0.0,BAFL.KA,
2025-07-23 00:00:00+05:00,86.07793621824077,86.07793621824077,84.93010893057185,85.15226745605469,928064.0,0.0,0.0,0.0,BAFL.KA,
2025-07-24 00:00:00+05:00,85.62435458879922,86.07793027350361,84.559834173345,84.80976867675781,341896.0,0.0,0.0,0.0,BAFL.KA,
2025-07-25 00:00:00+05:00,85.62435498632185,85.62435498632185,84.55983456592544,85.115234375,790704.0,0.0,0.0,0.0,BAFL.KA,
2025-07-28 00:00:00+05:00,85.54105161143863,85.62435840809769,82.1993868966906,82.56964874267578,2730461.0,0.0,0.0,0.0,BAFL.KA,
2025-07-29 00:00:00+05:00,83.1250541142335,84.00443657578502,82.43080257228488,83.17133331298828,1042227.0,0.0,0.0,0.0,BAFL.KA,
2025-07-30 00:00:00+05:00,84.14328372798887,84.14328372798887,82.38451183808823,83.43977355957031,1393876.0,0.0,0.0,0.0,BAFL.KA,
2025-07-31 00:00:00+05:00,83.54160728047357,86.08719642198385,81.25520426704121,81.49588012695312,6554598.0,0.0,0.0,0.0,BAFL.KA,
2025-08-01 00:00:00+05:00,80.63500166062472,81.7365496822825,80.63500166062472,81.0237808227539,5146940.0,0.0,0.0,0.0,BAFL.KA,
2025-08-04 00:00:00+05:00,81.4495793991728,82.38450667710731,81.05154161251086,81.47734832763672,4038798.0,0.0,0.0,0.0,BAFL.KA,
2025-08-05 00:00:00+05:00,81.51438490895089,82.3845157623291,81.24594013371097,81.45884704589844,3121515.0,0.0,0.0,0.0,BAFL.KA,
2025-08-06 00:00:00+05:00,81.73654869227005,84.14328588972245,81.25519701540455,83.40274810791016,19236934.0,0.0,0.0,0.0,BAFL.KA,
2025-08-07 00:00:00+05:00,83.58788532572333,84.87456423666605,82.86585781697944,84.5042953491211,7941820.0,0.0,0.0,0.0,BAFL.KA,
2025-08-08 00:00:00+05:00,84.41863467482744,85.56071755569549,83.56208159060105,84.28539276123047,1613831.0,2.5,0.0,0.0,BAFL.KA,
2025-08-11 00:00:00+05:00,85.55120140546852,86.2650005098157,83.33366377862295,84.98016357421875,8681240.0,0.0,0.0,0.0,BAFL.KA,
2025-08-12 00:00:00+05:00,84.98968376688278,91.0236621031233,84.98968376688278,89.46282196044922,10208778.0,0.0,0.0,0.0,BAFL.KA,
2025-08-13 00:00:00+05:00,89.92916325134392,92.31801283302902,88.74901749154594,90.405029296875,5587956.0,0.0,0.0,0.0,BAFL.KA,
2025-08-15 00:00:00+05:00,90.41455126433627,91.08076084288071,90.17661823469328,90.59538269042969,964790.0,0.0,0.0,0.0,BAFL.KA,
2025-08-18 00:00:00+05:00,90.59537899159139,94.22147589173912,90.1290250445108,93.94547271728516,7290928.0,0.0,0.0,0.0,BAFL.KA,
2025-08-19 00:00:00+05:00,94.2214823457404,95.1161128855173,93.17457843857129,94.90673065185547,2722713.0,0.0,0.0,0.0,BAFL.KA,
2025-08-20 00:00:00+05:00,95.17321590897564,99.64635415224144,95.17321590897564,98.06648254394531,6204463.0,0.0,0.0,0.0,BAFL.KA,
2025-08-21 00:00:00+05:00,98.06648150111458,99.17048701812593,96.80067600031205,97.99034118652344,7348237.0,0.0,0.0,0.0,BAFL.KA,
2025-08-22 00:00:00+05:00,97.93323628691647,100.87408504296087,97.07667592942883,98.94207000732422,8545465.0,0.0,0.0,0.0,BAFL.KA,
2025-08-25 00:00:00+05:00,98.9896632254974,100.83601866397457,98.50427779454995,100.60760498046875,2433979.0,0.0,0.0,0.0,BAFL.KA,
2025-08-26 00:00:00+05:00,100.88360269882695,100.88360269882695,99.94138995202306,100.47435760498047,950877.0,0.0,0.0,0.0,BAFL.KA,
2025-08-27 00:00:00+05:00,100.50291550554657,100.8836098250389,99.45601157279779,99.9699478149414,4887175.0,0.0,0.0,0.0,BAFL.KA,
2025-08-28 00:00:00+05:00,99.93187272186894,100.83601533251563,98.9801406007083,99.87477111816406,9891749.0,0.0,0.0,0.0,BAFL.KA,
2025-08-29 00:00:00+05:00,100.69326682007795,100.69326682007795,99.50360160368355,100.00801849365234,7232305.0,0.0,0.0,0.0,BAFL.KA,
2025-09-01 00:00:00+05:00,100.00800809431838,100.40773382278776,98.73268333916532,99.02772521972656,1120312.0,0.0,0.0,0.0,BAFL.KA,
2025-09-02 00:00:00+05:00,98.98014158987274,102.77755075813427,98.34248280499618,102.38734436035156,3756809.0,0.0,0.0,0.0,BAFL.KA,
2025-09-03 00:00:00+05:00,102.38734662922695,102.78707239029336,100.78843632382123,100.89312744140625,2081409.0,0.0,0.0,0.0,BAFL.KA,
2025-09-04 00:00:00+05:00,100.93119503698222,101.83533765375115,98.9801412709357,99.9509048461914,2396890.0,0.0,0.0,0.0,BAFL.KA,
2025-09-05 00:00:00+05:00,99.93187328524212,100.82650380774143,98.980141158716,99.77008056640625,952138.0,0.0,0.0,0.0,BAFL.KA,
2025-09-08 00:00:00+05:00,100.77891207386898,100.82650158360146,98.99917042251425,100.65518951416016,1982148.0,0.0,0.0,0.0,BAFL.KA,
2025-09-09 00:00:00+05:00,100.65519453728952,101.0739517470463,98.50427783832853,100.46484375,3023316.0,0.0,0.0,0.0,BAFL.KA,
2025-09-10 00:00:00+05:00,99.93187272186894,101.72112649564063,98.90400028834188,99.87477111816406,1343706.0,0.0,0.0,0.0,BAFL.KA,
2025-09-11 00:00:00+05:00,100.40774102955673,100.45533054113575,98.59944850665426,98.98966217041016,688665.0,0.0,0.0,0.0,BAFL.KA,
2025-09-12 00:00:00+05:00,98.98014122695005,99.92235399974128,97.55254303617674,97.79999542236328,848408.0,0.0,0.0,0.0,BAFL.KA,
2025-09-15 00:00:00+05:00,97.79999873102197,98.21875594357394,96.12494809739368,97.4573745727539,872611.0,0.0,0.0,0.0,BAFL.KA,
2025-09-16 00:00:00+05:00,97.45737088226497,98.50427476571123,96.07735494673776,96.72453308105469,619731.0,0.0,0.0,0.0,BAFL.KA,
2025-09-17 00:00:00+05:00,96.72453023582548,98.48524042112405,96.13446098384142,96.7816390991211,292844.0,0.0,0.0,0.0,BAFL.KA,
2025-09-18 00:00:00+05:00,96.76260700762272,98.36151732758044,96.76260700762272,97.63819885253906,1264776.0,0.0,0.0,0.0,BAFL.KA,
2025-09-19 00:00:00+05:00,97.63819499440011,98.98014077291855,97.17184828733917,98.08551025390625,1065506.0,0.0,0.0,0.0,BAFL.KA,
2025-09-22 00:00:00+05:00,98.1045544406988,98.98014629990895,96.42950377788877,96.67695617675781,363540.0,0.0,0.0,0.0,BAFL.KA,
2025-09-23 00:00:00+05:00,96.67695617675781,96.67695617675781,96.67695617675781,96.67695617675781,0.0,0.0,0.0,0.0,BAFL.KA,
2025-09-24 00:00:00+05:00,95.42066467954912,97.17184830042012,95.26838405453084,96.86729431152344,587312.0,0.0,0.0,0.0,BAFL.KA,
2025-09-25 00:00:00+05:00,97.07667822914391,97.07667822914391,94.23100116515388,95.47776794433594,2227152.0,0.0,0.0,0.0,BAFL.KA,
2025-09-26 00:00:00+05:00,95.93460492435344,101.39754550625614,95.65860172577683,100.54098510742188,2930497.0,0.0,0.0,0.0,BAFL.KA,
2025-09-29 00:00:00+05:00,100.52194761364292,102.97741092777522,100.52194761364292,102.48251342773438,2481158.0,0.0,0.0,0.0,BAFL.KA,
2025-09-30 00:00:00+05:00,102.78706801534977,106.49882470146535,102.54913498753646,104.06238555908203,9463215.0,0.0,0.0,0.0,BAFL.KA,
2025-10-01 00:00:00+05:00,103.74832760276651,105.54710085296081,99.93187950475146,103.63411712646484,7200680.0,0.0,0.0,0.0,BAFL.KA,
2025-10-02 00:00:00+05:00,103.73879682230003,109.16366677919386,102.7870647413615,108.02159118652344,4517189.0,0.0,0.0,0.0,BAFL.KA,
2025-10-03 00:00:00+05:00,108.87815430427263,110.40092422060475,106.59399579920458,108.25000762939453,2450090.0,0.0,0.0,0.0,BAFL.KA,
2025-10-06 00:00:00+05:00,108.25001437039101,110.40093109554414,102.79659313337548,104.6619873046875,3240176.0,0.0,0.0,0.0,BAFL.KA,
2025-10-07 00:00:00+05:00,104.6619873046875,104.6619873046875,104.6619873046875,104.6619873046875,0.0,0.0,0.0,0.0,BAFL.KA,
2025-10-08 00:00:00+05:00,105.34723266112412,113.63681871037764,100.97877837264367,108.37374114990234,8771817.0,0.0,0.0,0.0,BAFL.KA,
2025-10-09 00:00:00+05:00,108.37374020070112,108.86863771314196,104.69053424550789,105.10929870605469,1953721.0,0.0,0.0,0.0,BAFL.KA,
2025-10-10 00:00:00+05:00,104.68100954284421,104.68100954284421,101.8448520080607,103.1867904663086,2197566.0,0.0,0.0,0.0,BAFL.KA,
2025-10-13 00:00:00+05:00,103.18679829581308,103.18679829581308,96.60081353907397,99.38938903808594,4127843.0,0.0,0.0,0.0,BAFL.KA,
2025-10-14 00:00:00+05:00,101.83533840312619,107.30779817712596,101.83533840312619,106.68917083740234,5684474.0,0.0,0.0,0.0,BAFL.KA,
2025-10-15 00:00:00+05:00,106.78434403092803,113.44646906254735,106.68917226841862,110.4580307006836,12149051.0,0.0,0.0,0.0,BAFL.KA,
2025-10-16 00:00:00+05:00,107.78365926801432,113.25611878934838,106.87951668633671,107.2031021118164,3063906.0,0.0,0.0,0.0,BAFL.KA,
2025-10-17 00:00:00+05:00,108.97333158800699,108.97333158800699,105.1664029735788,106.69869232177734,1163949.0,0.0,0.0,0.0,BAFL.KA,
2025-10-20 00:00:00+05:00,106.92710052941898,111.72383120927822,105.22349919037283,110.97196197509766,2572156.0,0.0,0.0,0.0,BAFL.KA,
2025-10-21 00:00:00+05:00,111.82851847117473,114.11267689643088,109.44918829093697,109.91553497314453,4718833.0,0.0,0.0,0.0,BAFL.KA,
2025-10-22 00:00:00+05:00,109.45871301478283,111.1623143787479,107.5933189332976,108.5069808959961,1937208.0,0.0,0.0,0.0,BAFL.KA,
2025-10-23 00:00:00+05:00,102.37782225469957,105.65178301979351,102.37782225469957,104.5953598022461,10423754.0,0.0,0.0,0.0,BAFL.KA,
2025-10-24 00:00:00+05:00,104.69053227388518,104.69053227388518,100.88360382756208,101.48319244384766,3840772.0,0.0,0.0,0.0,BAFL.KA,
2025-10-27 00:00:00+05:00,100.8836107435047,102.2636194954456,98.98014638985367,101.40706634521484,1008868.0,0.0,0.0,0.0,BAFL.KA,
2025-10-28 00:00:00+05:00,101.83534252336048,102.76804324791539,99.26566856040468,100.00801849365234,928555.0,0.0,0.0,0.0,BAFL.KA,
2025-10-29 00:00:00+05:00,99.92235606388793,102.54913882229278,99.92235606388793,100.85505676269531,1297544.0,0.0,0.0,0.0,BAFL.KA,
2025-10-30 00:00:00+05:00,102.10182257625085,102.12086128524427,97.07667805070275,97.7333755493164,1319987.0,0.0,0.0,0.0,BAFL.KA,
2025-10-31 00:00:00+05:00,99.45600548312134,106.49882454850814,99.45600548312134,105.85164642333984,2629762.0,0.0,0.0,0.0,BAFL.KA,
2025-11-03 00:00:00+05:00,106.12426109427925,107.58468670566842,104.17702694576036,105.23826599121094,716245.0,2.5,0.0,0.0,BAFL.KA,
2025-11-04 00:00:00+05:00,106.90315636499572,106.90315636499572,102.21032242388796,102.6192398071289,771039.0,0.0,0.0,0.0,BAFL.KA,
2025-11-05 00:00:00+05:00,102.61923801393415,102.94053342148422,100.76936414307721,101.32432556152344,410055.0,0.0,0.0,0.0,BAFL.KA,
2025-11-06 00:00:00+05:00,102.22979692312387,103.05736998402259,100.86673147852707,101.25617980957031,191488.0,0.0,0.0,0.0,BAFL.KA,
2025-11-07 00:00:00+05:00,102.22979070322641,103.88493672432092,100.53569910858623,102.36609649658203,670290.0,0.0,0.0,0.0,BAFL.KA,
2025-11-10 00:00:00+05:00,103.64153756788572,103.64153756788572,101.74298718965724,102.14217376708984,361040.0,0.0,0.0,0.0,BAFL.KA,
2025-11-11 00:00:00+05:00,101.45089639450678,102.71660156513107,99.31868004820241,99.80548858642578,845733.0,0.0,0.0,0.0,BAFL.KA,
2025-11-12 00:00:00+05:00,100.28256177470998,101.71378010698241,99.51340337069593,100.21440887451172,1473316.0,0.0,0.0,0.0,BAFL.KA,
2025-11-13 00:00:00+05:00,101.44116282750156,102.22979026109238,100.33123998462982,101.09066009521484,473152.0,0.0,0.0,0.0,BAFL.KA,
2025-11-14 00:00:00+05:00,102.13243217232522,102.22979239374514,100.33124207767624,101.2464370727539,1298471.0,0.0,0.0,0.0,BAFL.KA,
2025-11-17 00:00:00+05:00,101.450892788589,102.59976119508572,100.76936383054371,101.13933563232422,733158.0,0.0,0.0,0.0,BAFL.KA,
2025-11-18 00:00:00+05:00,101.15881193369523,102.22978919198961,100.27281686187256,100.3507080078125,376742.0,0.0,0.0,0.0,BAFL.KA,
2025-11-19 00:00:00+05:00,100.37992087829643,101.59694224546324,98.83187326475255,99.28947448730469,863444.0,0.0,0.0,0.0,BAFL.KA,
2025-11-20 00:00:00+05:00,100.52596528827885,100.52596528827885,98.82213536813853,99.05580139160156,573383.0,0.0,0.0,0.0,BAFL.KA,
2025-11-21 00:00:00+05:00,100.27281683352875,100.28255508379561,99.30893804414711,99.44524383544922,360712.0,0.0,0.0,0.0,BAFL.KA,
2025-11-24 00:00:00+05:00,99.45498360207885,100.28255661277616,98.62741059138156,99.34788513183594,1391353.0,0.0,0.0,0.0,BAFL.KA,
2025-11-25 00:00:00+05:00,99.3673592878909,102.18111212506997,99.30894463862776,101.119873046875,1904024.0,0.0,0.0,0.0,BAFL.KA,
2025-11-26 00:00:00+05:00,101.25617385673131,102.03507047302655,99.55234400818054,100.13651275634766,1743805.0,0.0,0.0,0.0,BAFL.KA,
2025-11-27 00:00:00+05:00,101.21723060885037,101.44116580531609,100.13651505725991,101.19776153564453,676728.0,0.0,0.0,0.0,BAFL.KA,
2025-11-28 00:00:00+05:00,101.2464356318533,103.10604777537596,100.28255682572885,101.94744110107422,1145498.0,0.0,0.0,0.0,BAFL.KA,
2025-12-01 00:00:00+05:00,101.94744706882025,103.00869358521035,101.01277553118193,101.25617980957031,584267.0,0.0,0.0,0.0,BAFL.KA,
2025-12-02 00:00:00+05:00,102.71660535868558,104.66383958349479,101.25617969007868,102.46346282958984,1142081.0,0.0,0.0,0.0,BAFL.KA,
2025-12-03 00:00:00+05:00,102.72633980392499,104.37174761181633,101.2464376881556,101.61641693115234,515033.0,0.0,0.0,0.0,BAFL.KA,
2025-12-04 00:00:00+05:00,103.19367194869511,103.19367194869511,101.25617604463459,101.80139923095703,134671.0,0.0,0.0,0.0,BAFL.KA,
2025-12-05 00:00:00+05:00,103.15472685234658,103.20341067768337,101.06145606882404,102.77501678466797,1455355.0,0.0,0.0,0.0,BAFL.KA,
2025-12-08 00:00:00+05:00,101.54826666405613,103.20341276546624,101.54826666405613,102.4439926147461,625918.0,0.0,0.0,0.0,BAFL.KA,
2025-12-09 00:00:00+05:00,103.20341317152852,103.67075265048454,101.7527257643653,102.81396484375,1615403.0,0.0,0.0,0.0,BAFL.KA,
2025-12-10 00:00:00+05:00,102.59003217284955,103.39812868639316,101.9863869221981,102.43424987792969,803981.0,0.0,0.0,0.0,BAFL.KA,
2025-12-11 00:00:00+05:00,104.06992795257278,104.06992795257278,101.35353543760883,101.9669189453125,587078.0,0.0,0.0,0.0,BAFL.KA,
2025-12-12 00:00:00+05:00,102.95026896330029,102.95026896330029,101.75272410296277,102.12269592285156,888922.0,0.0,0.0,0.0,BAFL.KA,
2025-12-15 00:00:00+05:00,102.24926468975733,102.91132461563359,101.26591676587898,101.84034729003906,1214762.0,0.0,0.0,0.0,BAFL.KA,
2025-12-16 00:00:00+05:00,101.84034421301449,103.98230622759486,101.15881523407592,102.45372772216797,11630326.0,0.0,0.0,0.0,BAFL.KA,
2025-12-17 00:00:00+05:00,102.61924491584753,104.37175125760075,101.23671040190565,103.48576354980469,5101295.0,0.0,0.0,0.0,BAFL.KA,
2025-12-18 00:00:00+05:00,104.2841288324871,106.36766884536964,104.2841288324871,105.41352081298828,1887230.0,0.0,0.0,0.0,BAFL.KA,
2025-12-19 00:00:00+05:00,105.53035688658048,105.6277171109696,102.57056001087562,103.0476303100586,1008001.0,0.0,0.0,0.0,BAFL.KA,
2025-12-22 00:00:00+05:00,103.19367152474733,104.0796666269902,102.22979270199895,102.3368911743164,892560.0,0.0,0.0,0.0,BAFL.KA,
2025-12-23 00:00:00+05:00,103.15472346386007,103.69021581253917,102.42451067644782,103.20340728759766,838585.0,0.0,0.0,0.0,BAFL.KA,
2025-12-24 00:00:00+05:00,103.69021921861584,103.69021921861584,102.27847742115522,102.77501678466797,404850.0,0.0,0.0,0.0,BAFL.KA,
2025-12-26 00:00:00+05:00,103.4954957976545,104.66383329105538,102.3368891265541,103.57337951660156,886864.0,0.0,0.0,0.0,BAFL.KA,
2025-12-29 00:00:00+05:00,104.08940735409512,104.5664776515178,102.89185505701161,104.186767578125,4962117.0,0.0,0.0,0.0,BAFL.KA,
2025-12-30 00:00:00+05:00,104.85855606352982,106.50397129817335,104.17702708190109,104.63462829589844,2530441.0,0.0,0.0,0.0,BAFL.KA,
2025-12-31 00:00:00+05:00,105.14090398294093,106.61106781996337,104.66383370453023,106.17294311523438,2049006.0,0.0,0.0,0.0,BAFL.KA,
2026-01-01 00:00:00+05:00,106.17294311523438,106.17294311523438,106.17294311523438,106.17294311523438,0.0,0.0,0.0,0.0,BAFL.KA,
2026-01-02 00:00:00+05:00,108.06175379814175,110.99234318491202,102.27847359909437,109.17167663574219,3657039.0,0.0,0.0,0.0,BAFL.KA,
2026-01-05 00:00:00+05:00,109.43456114038588,113.3777058525757,109.1716803693746,112.2483139038086,4205607.0,0.0,0.0,0.0,BAFL.KA,
2026-01-06 00:00:00+05:00,111.02155311449197,115.86043113264698,110.61263572853461,115.24705505371094,5533640.0,0.0,0.0,0.0,BAFL.KA,
2026-01-07 00:00:00+05:00,115.81174460053242,118.26526371513555,113.92293258322047,116.5322265625,2189923.0,0.0,0.0,0.0,BAFL.KA,
2026-01-08 00:00:00+05:00,116.53223190353687,117.32085936960743,114.49736832239344,115.47098541259766,7951282.0,0.0,0.0,0.0,BAFL.KA,
2026-01-09 00:00:00+05:00,115.4709833040301,116.78536486618263,113.91319747377122,115.3152084350586,2286688.0,0.0,0.0,0.0,BAFL.KA,
2026-01-12 00:00:00+05:00,114.88681416917723,114.88681416917723,110.99234589225597,112.71564483642578,785926.0,0.0,0.0,0.0,BAFL.KA,
2026-01-13 00:00:00+05:00,114.88681770487034,114.88681770487034,111.62520190819285,114.40000915527344,1416951.0,0.0,0.0,0.0,BAFL.KA,
2026-01-14 00:00:00+05:00,114.88681862649379,115.20811405455134,112.94932266342599,113.93267059326172,1084736.0,0.0,0.0,0.0,BAFL.KA,
2026-01-15 00:00:00+05:00,113.42638808309871,114.78945345984782,112.93957955055323,113.5529556274414,1116665.0,0.0,0.0,0.0,BAFL.KA,
2026-01-16 00:00:00+05:00,114.38053435039505,116.82430779868298,113.2316659337883,115.87989807128906,2797313.0,0.0,0.0,0.0,BAFL.KA,
2026-01-19 00:00:00+05:00,116.34724297411695,120.29039518423228,116.34724297411695,119.34598541259766,4628412.0,0.0,0.0,0.0,BAFL.KA,
2026-01-20 00:00:00+05:00,119.85226015629728,121.70213407993403,118.72286821465204,121.23479461669922,2072578.0,0.0,0.0,0.0,BAFL.KA,
2026-01-21 00:00:00+05:00,122.18893976375304,122.67574828870823,120.71877593851795,121.42951965332031,2818647.0,0.0,0.0,0.0,BAFL.KA,
2026-01-22 00:00:00+05:00,121.70213573495631,122.67575282083597,119.51149729172711,121.43926239013672,1064185.0,0.0,0.0,0.0,BAFL.KA,
2026-01-23 00:00:00+05:00,121.79949133675764,122.57838794715299,118.78127997066572,122.03315734863281,1052670.0,0.0,0.0,0.0,BAFL.KA,
2026-01-26 00:00:00+05:00,121.94553817225318,122.56865250359523,119.78410708561285,121.35163116455078,540510.0,0.0,0.0,0.0,BAFL.KA,
2026-01-27 00:00:00+05:00,122.57839488442383,125.10979786930946,122.28630678196784,123.89277648925781,2298559.0,0.0,0.0,0.0,BAFL.KA,
2026-01-28 00:00:00+05:00,124.62298829678967,125.47977609531982,122.43234983063516,123.15282440185547,894127.0,0.0,0.0,0.0,BAFL.KA,
2026-01-29 00:00:00+05:00,123.18203090789628,124.60351839544894,121.70213620007132,122.41287994384766,5003785.0,0.0,0.0,0.0,BAFL.KA,
2026-01-30 00:00:00+05:00,122.38366107704017,124.62298327907959,121.69239385803706,123.98039245605469,1362777.0,0.0,0.0,0.0,BAFL.KA,
2026-02-02 00:00:00+05:00,126.46312498625832,127.44647291260843,124.28222475416999,125.70370483398438,3259074.0,0.0,0.0,0.0,BAFL.KA,
2026-02-03 00:00:00+05:00,127.54383458510787,130.45495493647186,127.0472952338163,129.11135864257812,2205062.0,0.0,0.0,0.0,BAFL.KA,
2026-02-04 00:00:00+05:00,130.94176918983507,133.38554276376485,130.57178993766846,132.0419464111328,3569221.0,0.0,0.0,0.0,BAFL.KA,
2026-02-06 00:00:00+05:00,132.0419450593422,132.4119243077211,125.11952695165306,127.31016540527344,3035579.0,0.0,0.0,0.0,BAFL.KA,
2026-02-09 00:00:00+05:00,127.31991316556343,129.4910751531267,122.18894685501805,124.07776641845703,5164627.0,0.0,0.0,0.0,BAFL.KA,
2026-02-10 00:00:00+05:00,124.07776175668272,125.59660200862947,119.75489958962346,121.46846771240234,4501819.0,0.0,0.0,0.0,BAFL.KA,
2026-02-11 00:00:00+05:00,121.68266351954219,125.59660083534561,121.68266351954219,124.95401000976562,1748706.0,0.0,0.0,0.0,BAFL.KA,
2026-02-12 00:00:00+05:00,126.08340896939626,126.47284984998083,120.72851515216321,121.56582641601562,1070744.0,0.0,0.0,0.0,BAFL.KA,
2026-02-13 00:00:00+05:00,123.64936538181479,123.64936538181479,117.83687040332187,120.22223663330078,2806694.0,0.0,0.0,0.0,BAFL.KA,
2026-02-16 00:00:00+05:00,126.570223619507,129.0042663814206,116.3472440194699,118.27500915527344,5677237.0,0.0,0.0,0.0,BAFL.KA,
2026-02-17 00:00:00+05:00,118.78128342922813,123.3475498987072,115.86043219736186,117.3792724609375,5306660.0,0.0,0.0,0.0,BAFL.KA,
2026-02-18 00:00:00+05:00,119.73542894548545,126.46311894714674,117.8174021545818,125.79132080078125,3143550.0,0.0,0.0,0.0,BAFL.KA,
2026-02-19 00:00:00+05:00,124.62298750625851,125.10979605120484,120.24171060174162,120.6019515991211,1080166.0,0.0,0.0,0.0,BAFL.KA,
2026-02-20 00:00:00+05:00,121.10822941541134,122.67575352694885,116.94114945235845,119.57965087890625,1650599.0,0.0,0.0,0.0,BAFL.KA,
2026-02-23 00:00:00+05:00,117.81740169901194,122.38366062784829,114.98417250843343,117.87581634521484,899728.0,0.0,0.0,0.0,BAFL.KA,
2026-02-24 00:00:00+05:00,117.87581656655907,120.5240561449897,112.45276986665098,116.55169677734375,2737824.0,0.0,0.0,0.0,BAFL.KA,
2026-02-25 00:00:00+05:00,116.83404884499294,123.30860387077472,116.83404884499294,121.53662109375,2959241.0,0.0,0.0,0.0,BAFL.KA,
2026-02-26 00:00:00+05:00,121.89685403821268,123.6493677332343,118.78128238940617,122.07210540771484,2809227.0,0.0,0.0,0.0,BAFL.KA,
2026-02-27 00:00:00+05:00,121.10822962316628,128.17668437122526,118.4891972655874,125.6842269897461,7033889.0,0.0,0.0,0.0,BAFL.KA,
2026-03-02 00:00:00+05:00,113.91319570697163,117.61294349604836,113.11483001708984,113.11483001708984,6101079.0,0.0,0.0,0.0,BAFL.KA,
2026-03-03 00:00:00+05:00,113.28034664403216,119.75490176147343,110.02846913730231,116.19145965576172,4494135.0,0.0,0.0,0.0,BAFL.KA,
2026-03-04 00:00:00+05:00,115.86043234260616,117.80766649962474,113.03694132930744,115.87017059326172,2858609.0,0.0,0.0,0.0,BAFL.KA,
2026-03-05 00:00:00+05:00,116.3472370804875,118.61576658204139,116.3472370804875,117.62267303466797,1007605.0,0.0,0.0,0.0,BAFL.KA,
2026-03-06 00:00:00+05:00,117.3208570921929,118.14843011717997,113.43612705755837,114.10791778564453,391594.0,0.0,0.0,0.0,BAFL.KA,
2026-03-09 00:00:00+05:00,107.09788164125888,111.91728334387192,104.17703032377,106.31898498535156,1904927.0,0.0,0.0,0.0,BAFL.KA,
2026-03-10 00:00:00+05:00,111.95622290795559,116.34723789934088,110.01872705125957,115.76306915283203,1060202.0,0.0,0.0,0.0,BAFL.KA,
2026-03-11 00:00:00+05:00,120.72851581747015,120.72851581747015,112.9590483860103,113.97161102294922,900467.0,0.0,0.0,0.0,BAFL.KA,
2026-03-12 00:00:00+05:00,112.1704209287224,115.13021769140079,111.08970539462206,112.16068267822266,2828606.0,0.0,0.0,0.0,BAFL.KA,
2026-03-13 00:00:00+05:00,112.93958312547801,113.32903144946353,110.01873183775014,110.70999908447266,743965.0,0.0,0.0,0.0,BAFL.KA,
2026-03-16 00:00:00+05:00,110.0,110.51000213623047,105.75,106.37000274658203,4129733.0,3.0,0.0,0.0,BAFL.KA,
2026-03-17 00:00:00+05:00,106.0,109.5,106.0,107.08000183105469,543439.0,0.0,0.0,0.0,BAFL.KA,
2026-03-18 00:00:00+05:00,107.12000274658203,109.48999786376953,107.0999984741211,108.69000244140625,732315.0,0.0,0.0,0.0,BAFL.KA,
2026-03-19 00:00:00+05:00,108.0,109.8499984741211,106.51000213623047,108.97000122070312,1672341.0,0.0,0.0,0.0,BAFL.KA,
2026-03-20 00:00:00+05:00,108.97000122070312,108.97000122070312,108.97000122070312,108.97000122070312,0.0,0.0,0.0,0.0,BAFL.KA,
2026-03-23 00:00:00+05:00,108.97000122070312,108.97000122070312,108.97000122070312,108.97000122070312,0.0,0.0,0.0,0.0,BAFL.KA,
2026-03-24 00:00:00+05:00,111.87000274658203,112.0,107.22000122070312,108.47000122070312,1253390.0,0.0,0.0,0.0,BAFL.KA,
2026-03-25 00:00:00+05:00,109.0,113.0,108.0,110.70999908447266,1451905.0,0.0,0.0,0.0,BAFL.KA,
2026-03-26 00:00:00+05:00,110.70999908447266,111.0,107.0,107.08000183105469,2988099.0,0.0,0.0,0.0,BAFL.KA,
2026-03-27 00:00:00+05:00,109.75,109.75,107.12000274658203,107.9000015258789,1017132.0,0.0,0.0,0.0,BAFL.KA,
2021-03-29 00:00:00+05:00,56.6526839406131,56.893333329990924,54.70242470903324,55.59984588623047,273921.0,0.0,0.0,0.0,MEBL.KA,
2021-03-30 00:00:00+05:00,54.64728283988916,56.64265762827321,54.64728283988916,56.14632034301758,339505.0,0.0,0.0,0.0,MEBL.KA,
2021-03-31 00:00:00+05:00,56.39700296754436,57.35458298003504,56.39700296754436,56.7429313659668,227334.0,0.0,0.0,0.0,MEBL.KA,
2021-04-01 00:00:00+05:00,56.74292442812549,57.103900931448955,55.39930391283952,55.64496612548828,179554.0,0.0,0.0,0.0,MEBL.KA,
2021-04-02 00:00:00+05:00,56.40201478959688,56.40201478959688,55.148634640183,55.49456787109375,71874.0,0.0,0.0,0.0,MEBL.KA,
2021-04-05 00:00:00+05:00,55.64998012490676,55.800389020567174,54.296333934391534,54.837791442871094,232782.0,0.0,0.0,0.0,MEBL.KA,
2021-04-06 00:00:00+05:00,55.118543253230506,55.399300048100216,54.647274992684444,55.22883987426758,250133.0,0.0,0.0,0.0,MEBL.KA,
2021-04-07 00:00:00+05:00,55.649973751942355,55.6249096377298,54.57207168183979,54.69740676879883,564866.0,0.0,0.0,0.0,MEBL.KA,
2021-04-08 00:00:00+05:00,54.89795762202167,55.14863267524633,54.1459324623477,54.677364349365234,263581.0,0.0,0.0,0.0,MEBL.KA,
2021-04-09 00:00:00+05:00,54.64727784040527,54.897952871940106,54.39660280887044,54.60215759277344,506665.0,0.0,0.0,0.0,MEBL.KA,
2021-04-12 00:00:00+05:00,54.64727889293876,55.14862896566468,54.20107471535112,54.466793060302734,376307.0,0.0,0.0,0.0,MEBL.KA,
2021-04-13 00:00:00+05:00,54.40161254778499,55.148624776815375,54.32641052645138,54.562042236328125,1464739.0,0.0,0.0,0.0,MEBL.KA,
2021-04-14 00:00:00+05:00,55.248891368188055,55.34414951234815,54.65228322915802,54.897945404052734,4197251.0,0.0,0.0,0.0,MEBL.KA,
2021-04-15 00:00:00+05:00,55.14861956942731,55.14861956942731,54.647269582121545,54.65729522705078,446004.0,0.0,0.0,0.0,MEBL.KA,
2021-04-16 00:00:00+05:00,54.672346770056336,54.89795284674441,54.45676150117552,54.737518310546875,415185.0,0.0,0.0,0.0,MEBL.KA,
2021-04-19 00:00:00+05:00,54.20608784832086,54.73751970262733,53.89525409172529,54.4617805480957,521970.0,0.0,0.0,0.0,MEBL.KA,
2021-04-20 00:00:00+05:00,55.098492831217555,55.098492831217555,54.4016136560027,54.79767990112305,681689.0,0.0,0.0,0.0,MEBL.KA,
2021-04-21 00:00:00+05:00,55.14862787816419,55.14862787816419,54.14592775248505,54.737518310546875,3117939.0,0.0,0.0,0.0,MEBL.KA,
2021-04-22 00:00:00+05:00,54.68738508560687,54.68738508560687,54.20107349379728,54.396602630615234,261321.0,0.0,0.0,0.0,MEBL.KA,
2021-04-23 00:00:00+05:00,54.20608596564927,54.39660227802661,53.794981240487594,53.940372467041016,414591.0,0.0,0.0,0.0,MEBL.KA,
2021-04-26 00:00:00+05:00,53.89525709026072,55.39429457708396,52.79729387986459,55.18873977661133,1542766.0,0.0,0.0,0.0,MEBL.KA,
2021-04-27 00:00:00+05:00,55.63493594076738,56.39699147173907,55.14862437844855,55.730194091796875,1707051.0,0.0,0.0,0.0,MEBL.KA,
2021-04-28 00:00:00+05:00,56.151317588629794,56.151317588629794,55.14861289670901,55.31406021118164,116920.0,0.0,0.0,0.0,MEBL.KA,
2021-04-29 00:00:00+05:00,55.8906145111774,55.8906145111774,54.17599227013263,54.99319839477539,63978.0,0.0,0.0,0.0,MEBL.KA,
2021-04-30 00:00:00+05:00,54.94809391920993,55.38928532902587,54.14593563730795,54.271270751953125,39481.0,0.0,0.0,0.0,MEBL.KA,
2021-05-03 00:00:00+05:00,54.62221423761425,54.62221423761425,53.64457813179568,53.789974212646484,118827.0,0.0,0.0,0.0,MEBL.KA,
2021-05-04 00:00:00+05:00,53.794969288733945,54.14089755852307,53.594427374565,53.64957809448242,921725.0,0.0,0.0,0.0,MEBL.KA,
2021-05-05 00:00:00+05:00,54.89027693659857,54.91570228827078,53.649587497413826,54.752986907958984,338134.0,1.185771,0.0,0.0,MEBL.KA,
2021-05-06 00:00:00+05:00,55.347897731166,55.668239431861316,54.48348502029885,54.91569137573242,348837.0,0.0,0.0,0.0,MEBL.KA,
2021-05-07 00:00:00+05:00,54.91569137573242,54.91569137573242,54.91569137573242,54.91569137573242,0.0,0.0,0.0,0.0,MEBL.KA,
2021-05-10 00:00:00+05:00,54.91569137573242,54.91569137573242,54.91569137573242,54.91569137573242,0.0,0.0,0.0,0.0,MEBL.KA,
2021-05-11 00:00:00+05:00,54.91569137573242,54.91569137573242,54.91569137573242,54.91569137573242,0.0,0.0,0.0,0.0,MEBL.KA,
2021-05-12 00:00:00+05:00,54.91569137573242,54.91569137573242,54.91569137573242,54.91569137573242,0.0,0.0,0.0,0.0,MEBL.KA,
2021-05-13 00:00:00+05:00,54.91569137573242,54.91569137573242,54.91569137573242,54.91569137573242,0.0,0.0,0.0,0.0,MEBL.KA,
2021-05-14 00:00:00+05:00,54.91569137573242,54.91569137573242,54.91569137573242,54.91569137573242,0.0,0.0,0.0,0.0,MEBL.KA,
2021-05-17 00:00:00+05:00,56.43604544272826,56.43604544272826,54.864846215265835,55.00213623046875,4262876.0,0.0,0.0,0.0,MEBL.KA,
2021-05-18 00:00:00+05:00,55.62248932087408,55.932662937869296,54.814011151338555,55.38859176635742,898079.0,0.0,0.0,0.0,MEBL.KA,
2021-05-19 00:00:00+05:00,54.92586653450222,55.85638232043115,54.9106093616223,55.16993713378906,374106.0,0.0,0.0,0.0,MEBL.KA,
2021-05-20 00:00:00+05:00,55.169946355395595,55.678423992905664,54.91570753664057,54.92079162597656,1494014.0,0.0,0.0,0.0,MEBL.KA,
2021-05-21 00:00:00+05:00,54.92078395477446,55.93265499912289,54.7682416663126,55.749603271484375,452720.0,0.0,0.0,0.0,MEBL.KA,
2021-05-24 00:00:00+05:00,56.38520179374154,56.436047586619495,55.169937779002304,55.40383529663086,930899.0,0.0,0.0,0.0,MEBL.KA,
2021-05-25 00:00:00+05:00,56.10044539822799,56.44112344791994,55.42416847922799,56.410614013671875,871610.0,0.0,0.0,0.0,MEBL.KA,
2021-05-26 00:00:00+05:00,56.04960209877711,57.07164619751091,56.04960209877711,56.903846740722656,1336849.0,0.0,0.0,0.0,MEBL.KA,
2021-05-27 00:00:00+05:00,57.442828967625836,59.39030460032856,56.695364967898364,56.89875793457031,1535556.0,0.0,0.0,0.0,MEBL.KA,
2021-05-28 00:00:00+05:00,57.44792238929756,57.44792238929756,56.69537417924921,56.914024353027344,1070559.0,0.0,0.0,0.0,MEBL.KA,
2021-05-31 00:00:00+05:00,55.94281860141353,58.41402899099342,55.94281860141353,58.154701232910156,1705507.0,0.0,0.0,0.0,MEBL.KA,
2021-06-01 00:00:00+05:00,58.72419772827734,58.98352057936834,56.949610476388315,57.38181686401367,1002579.0,0.0,0.0,0.0,MEBL.KA,
2021-06-02 00:00:00+05:00,57.91572645360521,57.91572645360521,56.949617079700815,56.98012161254883,674495.0,0.0,0.0,0.0,MEBL.KA,
2021-06-03 00:00:00+05:00,57.458096377323606,59.49201168419167,56.491986974617916,58.4242057800293,635532.0,0.0,0.0,0.0,MEBL.KA,
2021-06-04 00:00:00+05:00,57.98181471223751,58.729278696490326,57.45808494966025,57.880123138427734,644933.0,0.0,0.0,0.0,MEBL.KA,
2021-06-07 00:00:00+05:00,57.966567663898104,57.966567663898104,56.94961257493414,57.442832946777344,749813.0,0.0,0.0,0.0,MEBL.KA,
2021-06-08 00:00:00+05:00,57.20386055208278,57.90555810600615,57.20386055208278,57.458099365234375,400888.0,0.0,0.0,0.0,MEBL.KA,
2021-06-09 00:00:00+05:00,57.458092329573304,57.70724702299232,56.89876406467551,56.9394416809082,149640.0,0.0,0.0,0.0,MEBL.KA,
2021-06-10 00:00:00+05:00,56.94961614212698,57.33097187066509,56.69537244653951,57.31571960449219,480653.0,0.0,0.0,0.0,MEBL.KA,
2021-06-11 00:00:00+05:00,57.315722930940886,57.8750463343989,57.08182048409711,57.41741943359375,156157.0,0.0,0.0,0.0,MEBL.KA,
2021-06-14 00:00:00+05:00,57.5597842459939,58.16995825579856,57.45808775978962,57.95131301879883,1144182.0,0.0,0.0,0.0,MEBL.KA,
2021-06-15 00:00:00+05:00,57.7123187377298,58.16995041021619,57.35638353773154,57.76316452026367,1042242.0,0.0,0.0,0.0,MEBL.KA,
2021-06-16 00:00:00+05:00,57.966578203421946,57.966578203421946,56.980127465535894,57.51403045654297,408672.0,0.0,0.0,0.0,MEBL.KA,
2021-06-17 00:00:00+05:00,57.763183978047486,57.763183978047486,57.20894464130672,57.458099365234375,83534.0,0.0,0.0,0.0,MEBL.KA,
2021-06-18 00:00:00+05:00,57.814026290842015,57.814026290842015,57.43266567277513,57.44791793823242,120898.0,0.0,0.0,0.0,MEBL.KA,
2021-06-21 00:00:00+05:00,57.46317450030084,57.966567958939166,57.4479173275844,57.8343620300293,299075.0,0.0,0.0,0.0,MEBL.KA,
2021-06-22 00:00:00+05:00,57.58519729340303,57.96655784084954,57.45808038253446,57.94621658325195,320285.0,0.0,0.0,0.0,MEBL.KA,
2021-06-23 00:00:00+05:00,58.36318943343521,58.36318943343521,57.45809887376349,57.55979537963867,802954.0,0.0,0.0,0.0,MEBL.KA,
2021-06-24 00:00:00+05:00,57.96656901349171,58.195382441609524,57.712330235331464,58.027587890625,407598.0,0.0,0.0,0.0,MEBL.KA,
2021-06-25 00:00:00+05:00,57.7936804495563,58.220802737568626,57.458086469298436,57.6309700012207,199570.0,0.0,0.0,0.0,MEBL.KA,
2021-06-28 00:00:00+05:00,57.96656341017646,57.96656341017646,56.63943485905251,56.77164077758789,796713.0,0.0,0.0,0.0,MEBL.KA,
2021-06-29 00:00:00+05:00,57.45808494966025,57.96656244839228,57.39706607943775,57.880123138427734,580284.0,0.0,0.0,0.0,MEBL.KA,
2021-06-30 00:00:00+05:00,57.88013487809026,58.72929060838468,57.88013487809026,58.683528900146484,445038.0,0.0,0.0,0.0,MEBL.KA,
2021-07-01 00:00:00+05:00,58.683520205307246,58.98352067002844,58.34284212735446,58.83097839355469,184038.0,0.0,0.0,0.0,MEBL.KA,
2021-07-02 00:00:00+05:00,58.83098077872709,59.49200551594826,58.60216735473972,59.136070251464844,484392.0,0.0,0.0,0.0,MEBL.KA,
2021-07-05 00:00:00+05:00,58.983516563264985,59.74623770737096,57.981813844634985,59.476741790771484,676022.0,0.0,0.0,0.0,MEBL.KA,
2021-07-06 00:00:00+05:00,59.87338143672385,60.25474217954369,59.44625897514096,60.153045654296875,459979.0,0.0,0.0,0.0,MEBL.KA,
2021-07-07 00:00:00+05:00,60.249644238263244,60.9665989328922,60.00048952628614,60.320831298828125,611024.0,0.0,0.0,0.0,MEBL.KA,
2021-07-08 00:00:00+05:00,60.758111970943496,62.03439476481856,60.203872750814234,61.86151123046875,1853919.0,0.0,0.0,0.0,MEBL.KA,
2021-07-09 00:00:00+05:00,62.0343994689198,62.263212897738505,60.992019003043396,61.24625778198242,1444665.0,0.0,0.0,0.0,MEBL.KA,
2021-07-12 00:00:00+05:00,61.24625674360206,61.83100543450574,60.75811554815921,61.52592086791992,360089.0,0.0,0.0,0.0,MEBL.KA,
2021-07-13 00:00:00+05:00,61.144572134864156,62.03441047270265,61.01745026913484,61.96830749511719,1090610.0,0.0,0.0,0.0,MEBL.KA,
2021-07-14 00:00:00+05:00,62.13610799485624,62.28356622075139,61.52593382575593,62.029327392578125,695540.0,0.0,0.0,0.0,MEBL.KA,
2021-07-15 00:00:00+05:00,62.38526283537712,62.54288924057835,61.09881151641472,62.36492156982422,198796.0,0.0,0.0,0.0,MEBL.KA,
2021-07-16 00:00:00+05:00,62.49203812587881,62.797122731283174,62.03440631035034,62.53779983520508,274893.0,0.0,0.0,0.0,MEBL.KA,
2021-07-19 00:00:00+05:00,62.53779983520508,62.53779983520508,62.53779983520508,62.53779983520508,0.0,0.0,0.0,0.0,MEBL.KA,
2021-07-20 00:00:00+05:00,62.53779983520508,62.53779983520508,62.53779983520508,62.53779983520508,0.0,0.0,0.0,0.0,MEBL.KA,
2021-07-21 00:00:00+05:00,62.53779983520508,62.53779983520508,62.53779983520508,62.53779983520508,0.0,0.0,0.0,0.0,MEBL.KA,
2021-07-22 00:00:00+05:00,62.53779983520508,62.53779983520508,62.53779983520508,62.53779983520508,0.0,0.0,0.0,0.0,MEBL.KA,
2021-07-23 00:00:00+05:00,62.53779983520508,62.53779983520508,62.53779983520508,62.53779983520508,0.0,0.0,0.0,0.0,MEBL.KA,
2021-07-26 00:00:00+05:00,63.488658484202226,63.81408436105146,61.602201290382965,61.95305252075195,629264.0,0.0,0.0,0.0,MEBL.KA,
2021-07-27 00:00:00+05:00,62.03440925973907,62.466615742892195,61.72931973240749,61.78017044067383,204459.0,0.0,0.0,0.0,MEBL.KA,
2021-07-28 00:00:00+05:00,61.281850809241476,63.25474705475982,61.27167772482352,62.66490936279297,560456.0,0.0,0.0,0.0,MEBL.KA,
2021-07-29 00:00:00+05:00,62.54287666600347,63.051354220948234,62.08524490358465,62.853050231933594,405297.0,0.0,0.0,0.0,MEBL.KA,
2021-07-30 00:00:00+05:00,63.4733896950223,64.57678898385132,62.110667551492035,63.53440856933594,786183.0,0.0,0.0,0.0,MEBL.KA,
2021-08-02 00:00:00+05:00,63.55983655404572,64.9632363695107,62.54287653880316,64.58695983886719,1168643.0,0.0,0.0,0.0,MEBL.KA,
2021-08-03 00:00:00+05:00,65.08527763436776,66.10223778115115,65.03443183536848,65.89376068115234,1227190.0,0.0,0.0,0.0,MEBL.KA,
2021-08-04 00:00:00+05:00,66.15816410503595,67.3480077561892,66.15816410503595,67.03783416748047,587215.0,0.0,0.0,0.0,MEBL.KA,
2021-08-05 00:00:00+05:00,67.5615637503985,67.5768160158798,67.0174877628243,67.41410064697266,1046958.0,0.0,0.0,0.0,MEBL.KA,
2021-08-06 00:00:00+05:00,67.62765467597987,70.67344540075965,67.62765467597987,68.69037628173828,457211.0,0.0,0.0,0.0,MEBL.KA,
2021-08-09 00:00:00+05:00,68.69039071241735,69.40734541347221,67.62766888339921,68.4768295288086,278733.0,0.0,0.0,0.0,MEBL.KA,
2021-08-10 00:00:00+05:00,68.89886288405519,69.14801758046286,68.14123061750738,68.62428283691406,329012.0,0.0,0.0,0.0,MEBL.KA,
2021-08-11 00:00:00+05:00,69.39716429031,69.39716429031,68.13613868740934,68.70563507080078,336875.0,0.0,0.0,0.0,MEBL.KA,
2021-08-12 00:00:00+05:00,69.0768237075202,72.2039648719604,68.1361398048499,71.25311279296875,1956027.0,0.0,0.0,0.0,MEBL.KA,
2021-08-13 00:00:00+05:00,73.21583504890212,73.21583504890212,70.93276556700422,71.52259826660156,661710.0,0.0,0.0,0.0,MEBL.KA,
2021-08-16 00:00:00+05:00,70.98363596922422,72.20398430860598,70.67855133808996,71.72093200683594,369563.0,0.0,0.0,0.0,MEBL.KA,
2021-08-17 00:00:00+05:00,72.15313207696298,72.20397787514749,71.47685498880413,72.04126739501953,675971.0,0.0,0.0,0.0,MEBL.KA,
2021-08-18 00:00:00+05:00,72.04126739501953,72.04126739501953,72.04126739501953,72.04126739501953,0.0,0.0,0.0,0.0,MEBL.KA,
2021-08-19 00:00:00+05:00,72.04126739501953,72.04126739501953,72.04126739501953,72.04126739501953,0.0,0.0,0.0,0.0,MEBL.KA,
2021-08-20 00:00:00+05:00,73.22093192453252,76.78027981707459,72.15312608454344,75.9718017578125,1779881.0,0.0,0.0,0.0,MEBL.KA,
2021-08-23 00:00:00+05:00,76.72434743798632,81.66675867304296,76.52603854240319,81.58540344238281,3091275.0,0.0,0.0,0.0,MEBL.KA,
2021-08-24 00:00:00+05:00,82.06845217559464,82.06845217559464,79.22097505608244,79.56165313720703,877087.0,0.0,0.0,0.0,MEBL.KA,
2021-08-25 00:00:00+05:00,80.33963594117668,80.33963594117668,79.32268076049318,79.57691955566406,1372778.0,0.0,0.0,0.0,MEBL.KA,
2021-08-26 00:00:00+05:00,80.08540151012109,83.84814275408445,78.30572493952289,78.7226791381836,325419.0,0.0,0.0,0.0,MEBL.KA,
2021-08-27 00:00:00+05:00,79.06842803442083,83.89897410642695,78.6870674551448,82.4650650024414,7883946.0,0.0,0.0,0.0,MEBL.KA,
2021-08-30 00:00:00+05:00,80.84810586502961,81.35658831457576,79.17012605008031,79.50064086914062,916888.0,0.0,0.0,0.0,MEBL.KA,
2021-08-31 00:00:00+05:00,79.50062675684275,80.33452997419685,78.30569934679949,78.6514663696289,223982.0,0.0,0.0,0.0,MEBL.KA,
2021-09-01 00:00:00+05:00,79.19046034697615,80.33962125779229,77.28875136591667,77.79214477539062,1036091.0,0.0,0.0,0.0,MEBL.KA,
2021-09-02 00:00:00+05:00,78.30062935783013,78.42775119739542,75.76332082171054,77.00909423828125,587898.0,0.0,0.0,0.0,MEBL.KA,
2021-09-03 00:00:00+05:00,77.74638220074654,78.30570547862754,76.55145469713295,77.57858276367188,581684.0,0.0,0.0,0.0,MEBL.KA,
2021-09-06 00:00:00+05:00,78.37182418908108,79.57692011068188,78.02605706967469,79.2667465209961,384227.0,0.0,0.0,0.0,MEBL.KA,
2021-09-07 00:00:00+05:00,79.3175974039343,81.35660181398858,79.2667516042535,80.13116455078125,872018.0,0.0,0.0,0.0,MEBL.KA,
2021-09-08 00:00:00+05:00,81.09218213594261,81.8650715874196,77.29384766184015,78.62606048583984,1941137.0,0.0,0.0,0.0,MEBL.KA,
2021-09-09 00:00:00+05:00,79.7727568489246,82.7886311009992,78.74381280034926,80.69525909423828,872214.0,1.363636,1.15,0.0,MEBL.KA,
2021-09-10 00:00:00+05:00,81.60593134571495,86.74473571777344,81.5349684924775,86.74473571777344,2615357.0,0.0,0.0,0.0,MEBL.KA,
2021-09-13 00:00:00+05:00,87.51941526187919,91.20942444616342,83.97133179827581,84.57450866699219,3353804.0,0.0,0.0,0.0,MEBL.KA,
2021-09-14 00:00:00+05:00,86.3367041960998,86.3367041960998,82.84775767910541,84.27881622314453,3117030.0,0.0,0.0,0.0,MEBL.KA,
2021-09-15 00:00:00+05:00,84.26700627561411,84.97662496761718,82.64671158561637,83.32676696777344,2133413.0,0.0,0.0,0.0,MEBL.KA,
2021-09-16 00:00:00+05:00,83.37408225063604,83.67567072724982,82.25643317273104,82.75907897949219,1455853.0,0.0,0.0,0.0,MEBL.KA,
2021-09-17 00:00:00+05:00,82.7886358603537,83.08430865591916,79.53622518356404,80.5001220703125,1733791.0,0.0,0.0,0.0,MEBL.KA,
2021-09-20 00:00:00+05:00,80.15713987419564,81.60002988083605,79.2405532059247,79.71363067626953,330834.0,0.0,0.0,0.0,MEBL.KA,
2021-09-21 00:00:00+05:00,80.18668910160288,83.37996747148118,73.91840542343029,77.4842300415039,2724510.0,0.0,0.0,0.0,MEBL.KA,
2021-09-22 00:00:00+05:00,78.0578515586826,80.68343257512949,75.69245941053701,79.06905364990234,682489.0,0.0,0.0,0.0,MEBL.KA,
2021-09-23 00:00:00+05:00,80.71891693702509,81.60593527546241,77.52563801541083,79.42977905273438,384024.0,0.0,0.0,0.0,MEBL.KA,
2021-09-24 00:00:00+05:00,79.2996693664453,80.28130802825056,77.76807980318428,78.7378921508789,349596.0,0.0,0.0,0.0,MEBL.KA,
2021-09-27 00:00:00+05:00,79.24054532140482,80.42323639819541,74.9237070102091,76.98751068115234,4542124.0,0.0,0.0,0.0,MEBL.KA,
2021-09-28 00:00:00+05:00,77.50198838510204,79.8318967270016,76.87515889215253,79.17549896240234,1107653.0,0.0,0.0,0.0,MEBL.KA,
2021-09-29 00:00:00+05:00,79.76092882793144,82.19727882360233,75.81664173846475,78.07559204101562,1591488.0,0.0,0.0,0.0,MEBL.KA,
2021-09-30 00:00:00+05:00,76.88105866828819,83.92991382007108,75.69244714760075,82.74722290039062,9666101.0,0.0,0.0,0.0,MEBL.KA,
2021-10-01 00:00:00+05:00,82.7827137486369,82.78862938771104,81.90160610757975,82.06718444824219,828383.0,0.0,0.0,0.0,MEBL.KA,
2021-10-04 00:00:00+05:00,81.66507095506245,82.7886304829024,79.83189279373008,82.78271484375,706396.0,0.0,0.0,0.0,MEBL.KA,
2021-10-05 00:00:00+05:00,82.78864300443767,83.95359233140142,80.86676470463267,82.66445922851562,1823928.0,0.0,0.0,0.0,MEBL.KA,
2021-10-06 00:00:00+05:00,82.78272286352102,82.78863850324652,81.64142127044212,82.49296569824219,449136.0,0.0,0.0,0.0,MEBL.KA,
2021-10-07 00:00:00+05:00,82.66445396360882,82.93055849307551,81.6059415598425,82.17955017089844,440213.0,0.0,0.0,0.0,MEBL.KA,
2021-10-08 00:00:00+05:00,82.19727657436486,82.78862706545961,82.01987688609918,82.55208587646484,423927.0,0.0,0.0,0.0,MEBL.KA,
2021-10-11 00:00:00+05:00,82.6999424271254,83.29129306243674,82.01989688883492,82.75907897949219,1986088.0,0.0,0.0,0.0,MEBL.KA,
2021-10-12 00:00:00+05:00,83.29128901452405,83.37999383876323,82.19729262561921,83.06657409667969,4521816.0,0.0,0.0,0.0,MEBL.KA,
2021-10-13 00:00:00+05:00,83.06656329452655,87.40113880602472,81.16242719445721,82.34512329101562,3357042.0,0.0,0.0,0.0,MEBL.KA,
2021-10-14 00:00:00+05:00,81.32209248546347,82.78863509625161,81.32209248546347,82.26233673095703,841350.0,0.0,0.0,0.0,MEBL.KA,
2021-10-15 00:00:00+05:00,82.19727802553814,82.49295575769779,81.6414114325103,82.20319366455078,789927.0,0.0,0.0,0.0,MEBL.KA,
2021-10-18 00:00:00+05:00,81.66506807291921,82.67035944729295,81.01458600276965,81.688720703125,614466.0,0.0,0.0,0.0,MEBL.KA,
2021-10-19 00:00:00+05:00,81.688720703125,81.688720703125,81.688720703125,81.688720703125,0.0,0.0,0.0,0.0,MEBL.KA,
2021-10-20 00:00:00+05:00,82.19727972189331,82.78863023563227,81.60593417093887,82.70584106445312,1308586.0,0.0,0.0,0.0,MEBL.KA,
2021-10-21 00:00:00+05:00,82.7895434470656,84.79203516537324,82.70585671685569,83.04060363769531,3854346.0,1.363636,0.0,0.0,MEBL.KA,
2021-10-22 00:00:00+05:00,82.5504087561824,83.08838749051958,81.29511333736053,81.89884948730469,1343699.0,0.0,0.0,0.0,MEBL.KA,
2021-10-25 00:00:00+05:00,81.89884948730469,82.47867658607528,78.93397162760414,81.89884948730469,721426.0,0.0,0.0,0.0,MEBL.KA,
2021-10-26 00:00:00+05:00,80.0398464002728,81.89289874120843,79.26276187662414,81.30111694335938,218429.0,0.0,0.0,0.0,MEBL.KA,
2021-10-27 00:00:00+05:00,82.7895293614565,83.6861691635901,81.29513303562564,81.76736450195312,217641.0,0.0,0.0,0.0,MEBL.KA,
2021-10-28 00:00:00+05:00,82.75963315306912,82.75963315306912,80.75714697059072,81.34294891357422,134657.0,0.0,0.0,0.0,MEBL.KA,
2021-10-29 00:00:00+05:00,82.40097828156247,82.40097828156247,78.63510166431563,79.66324615478516,319616.0,0.0,0.0,0.0,MEBL.KA,
2021-11-01 00:00:00+05:00,80.11157534401639,82.78953021641327,80.11157534401639,81.86300659179688,519154.0,0.0,0.0,0.0,MEBL.KA,
2021-11-02 00:00:00+05:00,80.99623297959639,83.62636900269696,80.99623297959639,83.04654693603516,334545.0,0.0,0.0,0.0,MEBL.KA,
2021-11-03 00:00:00+05:00,83.3872962928713,83.95516402377977,82.10809143021466,83.63835144042969,4676676.0,0.0,0.0,0.0,MEBL.KA,
2021-11-04 00:00:00+05:00,83.62639297593267,84.27795241415062,82.81941964810815,84.086669921875,926054.0,0.0,0.0,0.0,MEBL.KA,
2021-11-05 00:00:00+05:00,83.86549474110085,85.59899663710831,83.68616678576947,84.90559387207031,2732130.0,0.0,0.0,0.0,MEBL.KA,
2021-11-08 00:00:00+05:00,84.52302911100527,85.65876446989121,83.9850452437007,84.88766479492188,1877340.0,0.0,0.0,0.0,MEBL.KA,
2021-11-09 00:00:00+05:00,84.28989275660274,85.47943595615932,83.98503976660665,84.34967041015625,1315725.0,0.0,0.0,0.0,MEBL.KA,
2021-11-10 00:00:00+05:00,84.40348116819277,84.88169243640162,83.71606313039207,84.72029876708984,370614.0,0.0,0.0,0.0,MEBL.KA,
2021-11-11 00:00:00+05:00,84.34966780128332,85.46747376873297,84.1942539333906,84.36760711669922,515531.0,0.0,0.0,0.0,MEBL.KA,
2021-11-12 00:00:00+05:00,84.58280757512361,84.85179700304747,83.23785040232909,83.7339859008789,487239.0,0.0,0.0,0.0,MEBL.KA,
2021-11-15 00:00:00+05:00,83.10635606383492,83.68618340175131,82.50261966488388,83.04060363769531,138818.0,0.0,0.0,0.0,MEBL.KA,
2021-11-16 00:00:00+05:00,83.68018511120509,84.28392639314707,82.94494402267107,83.87146759033203,921083.0,0.0,0.0,0.0,MEBL.KA,
2021-11-17 00:00:00+05:00,84.67246052687972,86.61517413319221,84.67246052687972,85.66474151611328,1023394.0,0.0,0.0,0.0,MEBL.KA,
2021-11-18 00:00:00+05:00,86.07719759536153,89.06599015398139,85.09089635201224,87.99600219726562,2606177.0,0.0,0.0,0.0,MEBL.KA,
2021-11-19 00:00:00+05:00,87.36236669066594,91.09835945246033,87.36236669066594,89.58602905273438,2390421.0,0.0,0.0,0.0,MEBL.KA,
2021-11-22 00:00:00+05:00,92.58080200331261,93.84804204465314,91.15813806362756,91.8096923828125,1186828.0,0.0,0.0,0.0,MEBL.KA,
2021-11-23 00:00:00+05:00,92.65254418318784,92.65254418318784,88.7671166587041,89.568115234375,757930.0,0.0,0.0,0.0,MEBL.KA,
2021-11-24 00:00:00+05:00,89.06598436981389,89.06598436981389,86.6809282435239,88.16934967041016,624605.0,0.0,0.0,0.0,MEBL.KA,
2021-11-25 00:00:00+05:00,87.87045909217434,89.03608303432085,87.57158090102978,88.31877136230469,319641.0,0.0,0.0,0.0,MEBL.KA,
2021-11-26 00:00:00+05:00,88.318779942336,89.06598050937329,87.87046762865282,88.80297088623047,1017526.0,0.0,0.0,0.0,MEBL.KA,
2021-11-29 00:00:00+05:00,88.47421576984227,94.98380013547839,87.93024710193278,90.41094970703125,1014569.0,0.0,0.0,0.0,MEBL.KA,
2021-11-30 00:00:00+05:00,90.2615073125664,90.2615073125664,88.4682377148811,88.88069152832031,1632877.0,0.0,0.0,0.0,MEBL.KA,
2021-12-01 00:00:00+05:00,88.76711599636324,89.66375079535945,88.16935946369912,89.06599426269531,508011.0,0.0,0.0,0.0,MEBL.KA,
2021-12-02 00:00:00+05:00,89.06599049231336,89.06599049231336,83.38728862263419,84.8039779663086,1695826.0,0.0,0.0,0.0,MEBL.KA,
2021-12-03 00:00:00+05:00,84.28395130263407,88.9942875056799,83.0884279298816,87.2966537475586,1364485.0,0.0,0.0,0.0,MEBL.KA,
2021-12-06 00:00:00+05:00,88.16934791809626,89.0659825996799,86.67494674894928,86.81243133544922,206640.0,0.0,0.0,0.0,MEBL.KA,
2021-12-07 00:00:00+05:00,87.27271232650003,88.1693571349898,86.38205732365287,86.65104675292969,249715.0,0.0,0.0,0.0,MEBL.KA,
2021-12-08 00:00:00+05:00,86.6809239217933,87.27270058659663,85.47943127719783,85.56311798095703,145921.0,0.0,0.0,0.0,MEBL.KA,
2021-12-09 00:00:00+05:00,85.71853787488797,86.07719376863162,83.35739577148576,84.1045913696289,1013240.0,0.0,0.0,0.0,MEBL.KA,
2021-12-10 00:00:00+05:00,83.6921351460638,85.77831302094937,83.08839891312086,84.86373901367188,327855.0,0.0,0.0,0.0,MEBL.KA,
2021-12-13 00:00:00+05:00,85.18056737937593,85.41966798752485,83.38729275190792,83.66226196289062,292785.0,0.0,0.0,0.0,MEBL.KA,
2021-12-14 00:00:00+05:00,83.68616691729859,83.86549487291182,82.93896626614557,83.45304107666016,911419.0,0.0,0.0,0.0,MEBL.KA,
2021-12-15 00:00:00+05:00,83.68617998847677,85.15068767424069,82.19775822606499,84.36164855957031,787861.0,0.0,0.0,0.0,MEBL.KA,
2021-12-16 00:00:00+05:00,84.28990294032695,86.82440351835255,82.93897094945112,83.59053039550781,1686207.0,0.0,0.0,0.0,MEBL.KA,
2021-12-17 00:00:00+05:00,84.1344770610375,84.1344770610375,82.19773831695977,83.11231231689453,988540.0,0.0,0.0,0.0,MEBL.KA,
2021-12-20 00:00:00+05:00,83.08841339876227,84.88169312767994,82.72976246956678,83.21394348144531,878247.0,0.0,0.0,0.0,MEBL.KA,
2021-12-21 00:00:00+05:00,83.38728659398234,83.38728659398234,81.29512883594667,81.47445678710938,827747.0,0.0,0.0,0.0,MEBL.KA,
2021-12-22 00:00:00+05:00,81.4744433911543,82.31130535345498,79.80071946655293,81.7494125366211,1145427.0,0.0,0.0,0.0,MEBL.KA,
2021-12-23 00:00:00+05:00,82.36512765051125,82.36512765051125,81.29513957442433,81.31905364990234,309362.0,0.0,0.0,0.0,MEBL.KA,
2021-12-24 00:00:00+05:00,81.8869181881693,81.8869181881693,80.09962329914755,80.5300064086914,360122.0,0.0,0.0,0.0,MEBL.KA,
2021-12-27 00:00:00+05:00,80.64955965732854,81.5641287581743,80.09962123897772,80.76313018798828,1386688.0,0.0,0.0,0.0,MEBL.KA,
2021-12-28 00:00:00+05:00,80.69737376302697,81.29513026636208,80.15938990007288,80.4522933959961,116458.0,0.0,0.0,0.0,MEBL.KA,
2021-12-29 00:00:00+05:00,81.23535788263823,81.23535788263823,80.39849576537257,80.80496978759766,154050.0,0.0,0.0,0.0,MEBL.KA,
2021-12-30 00:00:00+05:00,80.40446836042233,82.19176808888746,80.69737184939973,81.62987518310547,1688298.0,0.0,0.0,0.0,MEBL.KA,
2021-12-31 00:00:00+05:00,81.7135612368583,83.62638600005198,79.80671122921918,80.16536712646484,1421581.0,0.0,0.0,0.0,MEBL.KA,
2022-01-03 00:00:00+05:00,80.67943701913667,80.69737131900158,79.7050903362668,80.24905395507812,475049.0,0.0,0.0,0.0,MEBL.KA,
2022-01-04 00:00:00+05:00,80.66749039323649,80.81095477303403,79.95018354401239,80.60173797607422,558432.0,0.0,0.0,0.0,MEBL.KA,
2022-01-05 00:00:00+05:00,80.1593879705837,81.11580035953338,80.09961533164146,80.76910400390625,800482.0,0.0,0.0,0.0,MEBL.KA,
2022-01-06 00:00:00+05:00,81.02613757202717,82.03634782785123,80.45826490351472,81.0141830444336,1044213.0,0.0,0.0,0.0,MEBL.KA,
2022-01-07 00:00:00+05:00,81.87495215104015,81.87495215104015,80.53597486152606,81.43260955810547,1292608.0,0.0,0.0,0.0,MEBL.KA,
2022-01-10 00:00:00+05:00,81.29512992629888,83.08840444539031,81.0261405042408,82.5982437133789,608770.0,0.0,0.0,0.0,MEBL.KA,
2022-01-11 00:00:00+05:00,82.19774732977652,83.08840735651472,81.89289431295889,82.27545928955078,418414.0,0.0,0.0,0.0,MEBL.KA,
2022-01-12 00:00:00+05:00,82.4906413031508,83.38130122697548,82.19176307679646,82.7775650024414,531941.0,0.0,0.0,0.0,MEBL.KA,
2022-01-13 00:00:00+05:00,83.08243695481958,83.38729500420207,82.19775163764494,82.83735656738281,285743.0,0.0,0.0,0.0,MEBL.KA,
2022-01-14 00:00:00+05:00,82.9090751177248,83.65627068617378,82.55639399349324,83.13024139404297,593923.0,0.0,0.0,0.0,MEBL.KA,
2022-01-17 00:00:00+05:00,83.68616876283768,83.68616876283768,82.52053953393975,83.05254364013672,592764.0,0.0,0.0,0.0,MEBL.KA,
2022-01-18 00:00:00+05:00,83.4769507518743,83.62638987989533,82.66997745392575,83.38130950927734,872656.0,0.0,0.0,0.0,MEBL.KA,
2022-01-19 00:00:00+05:00,83.67421078307169,83.68616531100477,81.89289080588065,82.48467254638672,871134.0,0.0,0.0,0.0,MEBL.KA,
2022-01-20 00:00:00+05:00,82.48466955842628,83.08840078840815,81.3070858923317,82.72377014160156,812506.0,0.0,0.0,0.0,MEBL.KA,
2022-01-21 00:00:00+05:00,82.91506420999266,83.08243765157398,81.65379365842878,81.90485382080078,541105.0,0.0,0.0,0.0,MEBL.KA,
2022-01-24 00:00:00+05:00,81.90484328818151,82.49064524179649,81.486409738037,82.04232788085938,417450.0,0.0,0.0,0.0,MEBL.KA,
2022-01-25 00:00:00+05:00,81.8928986680302,83.38131529570043,81.71357069864261,81.9765853881836,792393.0,0.0,0.0,0.0,MEBL.KA,
2022-01-26 00:00:00+05:00,82.490644926888,83.02862876791119,81.9526610858648,82.65203857421875,259450.0,0.0,0.0,0.0,MEBL.KA,
2022-01-27 00:00:00+05:00,83.28567681881388,83.38729784426512,82.3711076561053,82.8014907836914,992200.0,0.0,0.0,0.0,MEBL.KA,
2022-01-28 00:00:00+05:00,81.95866275154587,85.1028749113007,81.95866275154587,82.3711166381836,460697.0,0.0,0.0,0.0,MEBL.KA,
2022-01-31 00:00:00+05:00,83.08840392434807,83.08840392434807,81.5342350252891,81.89289093017578,886723.0,0.0,0.0,0.0,MEBL.KA,
2022-02-01 00:00:00+05:00,82.39501313716154,82.39501313716154,81.89289783791878,82.06624603271484,766261.0,0.0,0.0,0.0,MEBL.KA,
2022-02-02 00:00:00+05:00,82.72378204240243,82.95690790365927,82.04233876075568,82.34121704101562,804995.0,0.0,0.0,0.0,MEBL.KA,
2022-02-03 00:00:00+05:00,82.64008692830205,83.12427290376529,82.13199189682736,82.32925415039062,489892.0,0.0,0.0,0.0,MEBL.KA,
2022-02-04 00:00:00+05:00,82.90908945370074,82.90908945370074,81.83312162918193,81.90485382080078,238888.0,0.0,0.0,0.0,MEBL.KA,
2022-02-07 00:00:00+05:00,81.90483814771271,82.18578207095956,81.28914740535946,81.46847534179688,127215.0,0.0,0.0,0.0,MEBL.KA,
2022-02-08 00:00:00+05:00,81.89288691043652,82.12601273551105,80.69736895835914,81.09188842773438,264973.0,0.0,0.0,0.0,MEBL.KA,
2022-02-09 00:00:00+05:00,81.5820652087495,83.14819388408641,81.2054799645066,82.8074722290039,393501.0,0.0,0.0,0.0,MEBL.KA,
2022-02-10 00:00:00+05:00,83.54869045050046,83.54869045050046,81.89887510491415,82.3531723022461,1203600.0,0.0,0.0,0.0,MEBL.KA,
2022-02-11 00:00:00+05:00,83.02863015383974,88.5100695986059,81.95864222602104,85.47943878173828,494872.0,0.0,0.0,0.0,MEBL.KA,
2022-02-14 00:00:00+05:00,84.09264190931803,86.67495547002056,83.4470622649955,83.63236999511719,443818.0,0.0,0.0,0.0,MEBL.KA,
2022-02-15 00:00:00+05:00,83.63237087662606,83.63237087662606,82.93896809520656,83.05254364013672,1342048.0,0.0,0.0,0.0,MEBL.KA,
2022-02-16 00:00:00+05:00,83.68617164279625,86.67495936641325,83.32751571131762,83.59053039550781,422626.0,0.0,0.0,0.0,MEBL.KA,
2022-02-17 00:00:00+05:00,84.28393223810394,84.28393223810394,83.08840913577178,83.41120147705078,334342.0,0.0,0.0,0.0,MEBL.KA,
2022-02-18 00:00:00+05:00,83.38729084188815,83.44706348426234,83.08840756366634,83.30360412597656,201592.0,0.0,0.0,0.0,MEBL.KA,
2022-02-21 00:00:00+05:00,83.08841271418754,84.16438054267313,81.30111778953486,81.58206176757812,903038.0,0.0,0.0,0.0,MEBL.KA,
2022-02-22 00:00:00+05:00,80.84680956189938,83.53672374938857,80.84680956189938,82.46673583984375,800801.0,0.0,0.0,0.0,MEBL.KA,
2022-02-23 00:00:00+05:00,81.89290000001803,82.78953484495179,80.15939793993859,81.15765380859375,510118.0,0.0,0.0,0.0,MEBL.KA,
2022-02-24 00:00:00+05:00,81.15765480586025,81.15765480586025,77.70858996211406,78.58729553222656,745845.0,0.0,0.0,0.0,MEBL.KA,
2022-02-25 00:00:00+05:00,78.97582902959263,80.68541679128742,78.9040968467204,80.24905395507812,509588.0,0.0,0.0,0.0,MEBL.KA,
2022-02-28 00:00:00+05:00,80.99625391209615,84.28392980721819,79.50185760216345,83.39326477050781,1176232.0,0.0,0.0,0.0,MEBL.KA,
2022-03-01 00:00:00+05:00,82.79551298995993,86.07122451095623,82.07222635862016,82.66998291015625,427491.0,0.0,0.0,0.0,MEBL.KA,
2022-03-02 00:00:00+05:00,81.89886066026311,82.7596317692188,81.8032194259347,82.3651123046875,561311.0,0.0,0.0,0.0,MEBL.KA,
2022-03-03 00:00:00+05:00,82.72976092690233,82.72976092690233,81.14569803199447,81.30111694335938,100161.0,0.0,0.0,0.0,MEBL.KA,
2022-03-04 00:00:00+05:00,81.00221947132307,81.89287933516407,80.99623969990039,81.17556762695312,392579.0,0.0,0.0,0.0,MEBL.KA,
2022-03-07 00:00:00+05:00,80.76312805252711,81.17558185538451,79.20297932863397,79.37632751464844,505089.0,0.0,0.0,0.0,MEBL.KA,
2022-03-08 00:00:00+05:00,79.980057345702,79.980057345702,76.51903856125823,78.08516693115234,254250.0,0.0,0.0,0.0,MEBL.KA,
2022-03-09 00:00:00+05:00,78.30634661495107,80.02788904184057,77.0510508724965,78.09712982177734,540951.0,0.0,0.0,0.0,MEBL.KA,
2022-03-10 00:00:00+05:00,78.12701326505109,83.68018491922166,77.6786908796486,81.2054672241211,1956876.0,0.0,0.0,0.0,MEBL.KA,
2022-03-11 00:00:00+05:00,80.15938619916967,81.4445656319568,76.961382030754,78.3661117553711,903104.0,0.0,0.0,0.0,MEBL.KA,
2022-03-14 00:00:00+05:00,77.72652048325926,78.3063477398468,77.34993025013674,77.68467712402344,53941.0,0.0,0.0,0.0,MEBL.KA,
2022-03-15 00:00:00+05:00,78.30635997959956,78.30635997959956,76.8119633755425,77.46949768066406,1137621.0,0.0,0.0,0.0,MEBL.KA,
2022-03-16 00:00:00+05:00,78.30634237057417,79.50185537170965,77.70858085341892,78.47969055175781,827579.0,0.0,0.0,0.0,MEBL.KA,
2022-03-17 00:00:00+05:00,78.90410057435295,79.79476058871353,78.48566700165328,78.67097473144531,351271.0,0.0,0.0,0.0,MEBL.KA,
2022-03-18 00:00:00+05:00,77.76835628621707,77.76835628621707,76.66250478515511,76.90758514404297,1718113.0,0.0,0.0,0.0,MEBL.KA,
2022-03-21 00:00:00+05:00,77.40970519210245,77.40970519210245,76.51306539467522,76.5549087524414,1264297.0,0.0,0.0,0.0,MEBL.KA,
2022-03-22 00:00:00+05:00,76.66377628569556,77.4198270035247,76.21014585499809,76.50651550292969,2694794.0,1.363636,0.0,0.0,MEBL.KA,
2022-03-23 00:00:00+05:00,76.50651550292969,76.50651550292969,76.50651550292969,76.50651550292969,0.0,0.0,0.0,0.0,MEBL.KA,
2022-03-24 00:00:00+05:00,76.81498662021112,77.34119934241936,74.48634329705331,76.70611572265625,2240624.0,0.0,0.0,0.0,MEBL.KA,
2022-03-25 00:00:00+05:00,77.11741518160208,78.2061344260327,76.39160742802184,77.99443817138672,439314.0,0.0,0.0,0.0,MEBL.KA,
2022-03-28 00:00:00+05:00,76.87548327452146,78.93194456040727,76.87548327452146,78.62952423095703,146507.0,0.0,0.0,0.0,MEBL.KA,
2022-03-29 00:00:00+05:00,79.74847231648062,81.29082191069458,78.62951519567743,79.45210266113281,609561.0,0.0,0.0,0.0,MEBL.KA,
2022-03-30 00:00:00+05:00,79.53679382024177,79.53679382024177,77.54081346616441,78.64767456054688,320430.0,0.0,0.0,0.0,MEBL.KA,
2022-03-31 00:00:00+05:00,78.62950357411187,79.29483015452982,78.47829344911132,79.21015167236328,1073979.0,0.0,0.0,0.0,MEBL.KA,
2022-04-01 00:00:00+05:00,79.43395890092643,81.68397450852986,75.63554807572406,80.16581726074219,4517246.0,0.0,0.0,0.0,MEBL.KA,
2022-04-04 00:00:00+05:00,78.06095862254276,78.92588528446223,75.30287737241696,75.90167236328125,979712.0,0.0,0.0,0.0,MEBL.KA,
2022-04-05 00:00:00+05:00,75.96820919387214,78.20007789312022,75.96820919387214,77.45612335205078,174403.0,0.0,0.0,0.0,MEBL.KA,
2022-04-06 00:00:00+05:00,78.29685139550475,78.29685139550475,77.7827348671258,78.10330200195312,102067.0,0.0,0.0,0.0,MEBL.KA,
2022-04-07 00:00:00+05:00,78.02467721642496,78.62951782605714,76.3613604638966,76.77265167236328,1355410.0,0.0,0.0,0.0,MEBL.KA,
2022-04-08 00:00:00+05:00,78.62952909880806,82.1981024049514,78.62952909880806,81.47834014892578,898378.0,0.0,0.0,0.0,MEBL.KA,
2022-04-11 00:00:00+05:00,82.86340487439114,86.49245813913076,82.86340487439114,85.35535430908203,4380024.0,0.0,0.0,0.0,MEBL.KA,
2022-04-12 00:00:00+05:00,86.19005403876646,88.27676335663618,84.98036769837996,87.4481201171875,7033408.0,0.0,0.0,0.0,MEBL.KA,
2022-04-13 00:00:00+05:00,87.39972074719599,88.30094105766358,86.55294603359495,87.90174102783203,2013140.0,0.0,0.0,0.0,MEBL.KA,
2022-04-14 00:00:00+05:00,87.15779163216031,87.70214611168842,86.4924649784797,87.03681945800781,299037.0,0.0,0.0,0.0,MEBL.KA,
2022-04-15 00:00:00+05:00,87.69611035444561,89.15377640162146,86.64367471713075,88.82716369628906,587640.0,0.0,0.0,0.0,MEBL.KA,
2022-04-18 00:00:00+05:00,88.79087645684855,89.00256763632001,86.88562538536436,88.14974212646484,1915205.0,0.0,0.0,0.0,MEBL.KA,
2022-04-19 00:00:00+05:00,88.60941673651787,88.60941673651787,85.28278348227425,87.12754821777344,2863632.0,0.0,0.0,0.0,MEBL.KA,
2022-04-20 00:00:00+05:00,88.00455990076655,88.00455990076655,85.0105952561805,85.49446868896484,2792040.0,0.0,0.0,0.0,MEBL.KA,
2022-04-21 00:00:00+05:00,85.70616031346097,86.49245908774166,85.28277803692063,85.37349700927734,259460.0,0.0,0.0,0.0,MEBL.KA,
2022-04-22 00:00:00+05:00,85.88762501392179,85.88762501392179,83.46825257846619,85.3009262084961,405923.0,0.0,0.0,0.0,MEBL.KA,
2022-04-25 00:00:00+05:00,87.09731535421045,88.39772576448917,84.67794773927798,85.57311248779297,1569796.0,0.0,0.0,0.0,MEBL.KA,
2022-04-26 00:00:00+05:00,86.79488481077755,87.39972537423903,84.70818080600381,84.93801879882812,2609482.0,0.0,0.0,0.0,MEBL.KA,
2022-04-27 00:00:00+05:00,85.67593346772681,85.67593346772681,84.73842946091166,84.9319839477539,656045.0,0.0,0.0,0.0,MEBL.KA,
2022-04-28 00:00:00+05:00,85.13409974465026,87.43088121765469,84.10514435871677,85.83844757080078,644521.0,1.590909,0.0,0.0,MEBL.KA,
2022-04-29 00:00:00+05:00,85.83844757080078,85.83844757080078,85.83844757080078,85.83844757080078,0.0,0.0,0.0,0.0,MEBL.KA,
2022-05-02 00:00:00+05:00,85.83844757080078,85.83844757080078,85.83844757080078,85.83844757080078,0.0,0.0,0.0,0.0,MEBL.KA,
2022-05-03 00:00:00+05:00,85.83844757080078,85.83844757080078,85.83844757080078,85.83844757080078,0.0,0.0,0.0,0.0,MEBL.KA,
2022-05-04 00:00:00+05:00,85.83844757080078,85.83844757080078,85.83844757080078,85.83844757080078,0.0,0.0,0.0,0.0,MEBL.KA,
2022-05-05 00:00:00+05:00,85.83844757080078,85.83844757080078,85.83844757080078,85.83844757080078,0.0,0.0,0.0,0.0,MEBL.KA,
2022-05-06 00:00:00+05:00,85.83844072281062,85.83844072281062,83.53553243499533,84.05613708496094,5834928.0,0.0,0.0,0.0,MEBL.KA,
2022-05-09 00:00:00+05:00,84.05613906639228,84.05613906639228,79.56057236886443,80.10567474365234,3643411.0,0.0,0.0,0.0,MEBL.KA,
2022-05-10 00:00:00+05:00,80.78550481161264,81.45922776346112,79.13182213709335,80.20977783203125,305731.0,0.0,0.0,0.0,MEBL.KA,
2022-05-11 00:00:00+05:00,81.06113012042087,81.06113012042087,78.58060072058636,79.71368408203125,703589.0,0.0,0.0,0.0,MEBL.KA,
2022-05-12 00:00:00+05:00,80.23429194512958,80.53440176102794,78.27436708451472,80.2526626586914,587417.0,0.0,0.0,0.0,MEBL.KA,
2022-05-13 00:00:00+05:00,80.29553945477237,82.07172127054663,79.62181638122333,81.93697357177734,277349.0,0.0,0.0,0.0,MEBL.KA,
2022-05-16 00:00:00+05:00,82.07171642035796,82.07171642035796,78.39685930354587,79.03996276855469,567212.0,0.0,0.0,0.0,MEBL.KA,
2022-05-17 00:00:00+05:00,79.92804626976253,79.92804626976253,78.58060023962018,78.65409851074219,320285.0,0.0,0.0,0.0,MEBL.KA,
2022-05-18 00:00:00+05:00,78.39686194939688,79.92805118138735,77.8578865882788,79.52994537353516,422279.0,0.0,0.0,0.0,MEBL.KA,
2022-05-19 00:00:00+05:00,79.62182568490931,80.11180569200754,79.31558882298538,79.51770782470703,269832.0,0.0,0.0,0.0,MEBL.KA,
2022-05-20 00:00:00+05:00,79.76880722610765,80.20366472172259,79.0093370731888,79.54219055175781,410525.0,0.0,0.0,0.0,MEBL.KA,
2022-05-23 00:00:00+05:00,79.56056373942222,79.56056373942222,78.61122351002885,78.99708557128906,372079.0,0.0,0.0,0.0,MEBL.KA,
2022-05-24 00:00:00+05:00,79.31558794638195,79.62182480492133,78.24375380139448,78.46424865722656,819959.0,0.0,0.0,0.0,MEBL.KA,
2022-05-25 00:00:00+05:00,77.78438564383946,79.31557482329445,77.63126723990383,79.09508514404297,484855.0,0.0,0.0,0.0,MEBL.KA,
2022-05-26 00:00:00+05:00,78.70310440377907,79.92805168501057,78.70310440377907,79.63406372070312,410967.0,0.0,0.0,0.0,MEBL.KA,
2022-05-27 00:00:00+05:00,79.94030248821498,82.02271586719431,79.315574876452,79.39519500732422,5219445.0,0.0,0.0,0.0,MEBL.KA,
2022-05-30 00:00:00+05:00,79.63407395161599,80.38742238327002,79.39520837867197,80.12405395507812,1528092.0,0.0,0.0,0.0,MEBL.KA,
2022-05-31 00:00:00+05:00,80.11177756225845,80.44863902011214,79.62179772720745,80.28327178955078,589902.0,0.0,0.0,0.0,MEBL.KA,
2022-06-01 00:00:00+05:00,80.52216360198369,80.69365788533514,79.71369789489768,80.30167388916016,252943.0,0.0,0.0,0.0,MEBL.KA,
2022-06-02 00:00:00+05:00,80.54054102770583,81.15301474864059,79.31558844573662,79.60345458984375,2305794.0,0.0,0.0,0.0,MEBL.KA,
2022-06-03 00:00:00+05:00,79.54830656069598,79.56056055525069,78.45810197300005,78.70309448242188,501622.0,0.0,0.0,0.0,MEBL.KA,
2022-06-06 00:00:00+05:00,79.48707175059728,79.48707175059728,78.09062507486573,78.38461303710938,374216.0,0.0,0.0,0.0,MEBL.KA,
2022-06-07 00:00:00+05:00,78.64185762261545,78.64185762261545,78.12125295458283,78.26824951171875,266135.0,0.0,0.0,0.0,MEBL.KA,
2022-06-08 00:00:00+05:00,77.83950427048327,79.00320716774527,76.77379735256862,77.60676574707031,265653.0,0.0,0.0,0.0,MEBL.KA,
2022-06-09 00:00:00+05:00,77.60676717090146,77.78438328044639,76.3266924183985,76.9085464477539,289201.0,0.0,0.0,0.0,MEBL.KA,
2022-06-10 00:00:00+05:00,77.16579187933256,77.23929015897285,76.25320323242192,76.51044464111328,247658.0,0.0,0.0,0.0,MEBL.KA,
2022-06-13 00:00:00+05:00,75.39572170505949,75.39572170505949,71.13902130975796,72.05773162841797,1378689.0,0.0,0.0,0.0,MEBL.KA,
2022-06-14 00:00:00+05:00,72.27210863070805,72.70696613721807,71.29214877661485,71.60450744628906,405872.0,0.0,0.0,0.0,MEBL.KA,
2022-06-15 00:00:00+05:00,71.62289262732587,72.87234288903605,71.60451677138761,72.1312484741211,322567.0,0.0,0.0,0.0,MEBL.KA,
2022-06-16 00:00:00+05:00,72.09448303169229,72.27210427836805,71.35338875792036,71.6780014038086,641568.0,0.0,0.0,0.0,MEBL.KA,
2022-06-17 00:00:00+05:00,72.80496413279532,73.37456420743293,71.7515059755341,72.21086120605469,1755624.0,0.0,0.0,0.0,MEBL.KA,
2022-06-20 00:00:00+05:00,72.57223375162089,73.37457765767061,71.35340810476215,71.46977996826172,1687997.0,0.0,0.0,0.0,MEBL.KA,
2022-06-21 00:00:00+05:00,72.27211351729497,72.57835034989255,70.49593166407026,72.42523193359375,2324076.0,0.0,0.0,0.0,MEBL.KA,
2022-06-22 00:00:00+05:00,72.42522376859353,73.98703760688609,71.20639843380629,71.42076110839844,777466.0,0.0,0.0,0.0,MEBL.KA,
2022-06-23 00:00:00+05:00,72.14348606656905,73.12957289299023,71.41464062271831,72.08836364746094,1057826.0,0.0,0.0,0.0,MEBL.KA,
2022-06-24 00:00:00+05:00,72.0271246718791,72.08837409758867,67.98478593743486,69.87733459472656,2112574.0,0.0,0.0,0.0,MEBL.KA,
2022-06-27 00:00:00+05:00,70.4407968435193,70.92465486034875,69.20972273147983,69.93856811523438,1387090.0,0.0,0.0,0.0,MEBL.KA,
2022-06-28 00:00:00+05:00,71.61062876559252,71.61062876559252,68.60337302548297,69.1791000366211,876564.0,0.0,0.0,0.0,MEBL.KA,
2022-06-29 00:00:00+05:00,69.79159273016505,69.79159273016505,66.76596053197788,68.02153778076172,2090896.0,0.0,0.0,0.0,MEBL.KA,
2022-06-30 00:00:00+05:00,68.59112750069166,70.49592472976732,68.47475566531571,69.19747924804688,905363.0,0.0,0.0,0.0,MEBL.KA,
2022-07-01 00:00:00+05:00,69.75482803942772,70.6490407055787,69.3322194160855,70.3979263305664,648560.0,0.0,0.0,0.0,MEBL.KA,
2022-07-04 00:00:00+05:00,69.82832076876707,71.44525686455505,69.82219377177057,71.05939483642578,713544.0,0.0,0.0,0.0,MEBL.KA,
2022-07-05 00:00:00+05:00,70.45305229484288,71.04715519642825,69.85282753556523,70.5510482788086,86004.0,0.0,0.0,0.0,MEBL.KA,
2022-07-06 00:00:00+05:00,71.01654497631858,71.01654497631858,70.37344652159614,70.5326919555664,727018.0,0.0,0.0,0.0,MEBL.KA,
2022-07-07 00:00:00+05:00,70.55718609652932,70.67967981024614,70.12845552847062,70.4346923828125,562587.0,0.0,0.0,0.0,MEBL.KA,
2022-07-08 00:00:00+05:00,70.4346923828125,70.4346923828125,70.4346923828125,70.4346923828125,0.0,0.0,0.0,0.0,MEBL.KA,
2022-07-11 00:00:00+05:00,70.4346923828125,70.4346923828125,70.4346923828125,70.4346923828125,0.0,0.0,0.0,0.0,MEBL.KA,
2022-07-12 00:00:00+05:00,70.4346923828125,70.4346923828125,70.4346923828125,70.4346923828125,0.0,0.0,0.0,0.0,MEBL.KA,
2022-07-13 00:00:00+05:00,71.04715521397787,74.40964851849941,69.69358729139796,73.06220245361328,817320.0,0.0,0.0,0.0,MEBL.KA,
2022-07-14 00:00:00+05:00,73.65016571295725,75.6345827630347,73.06218990996408,75.24872589111328,694057.0,0.0,0.0,0.0,MEBL.KA,
2022-07-15 00:00:00+05:00,75.24873367558064,77.16577966031821,73.49705493877374,75.4385986328125,1752705.0,0.0,0.0,0.0,MEBL.KA,
2022-07-18 00:00:00+05:00,73.50316973700372,76.55942059191375,73.49704788031558,75.29772186279297,1503760.0,0.0,0.0,0.0,MEBL.KA,
2022-07-19 00:00:00+05:00,75.33447771433585,75.33447771433585,71.11451872557406,71.671875,1140591.0,0.0,0.0,0.0,MEBL.KA,
2022-07-20 00:00:00+05:00,72.26597732295907,72.82333363306479,71.35338879949208,71.62287902832031,301810.0,0.0,0.0,0.0,MEBL.KA,
2022-07-21 00:00:00+05:00,71.62287947255253,71.66575303513427,70.74091565099779,71.42688751220703,297804.0,0.0,0.0,0.0,MEBL.KA,
2022-07-22 00:00:00+05:00,71.50650795823152,72.88457868434044,70.7409159660036,71.3962631225586,881619.0,0.0,0.0,0.0,MEBL.KA,
2022-07-25 00:00:00+05:00,71.58000254263409,71.58000254263409,70.894030713695,70.99815368652344,66696.0,0.0,0.0,0.0,MEBL.KA,
2022-07-26 00:00:00+05:00,72.08224865781634,72.5599797964038,70.74092938260522,71.95975494384766,2044601.0,0.0,0.0,0.0,MEBL.KA,
2022-07-27 00:00:00+05:00,70.8327917193781,72.88458565080181,70.8327917193781,72.8233413696289,826479.0,0.0,0.0,0.0,MEBL.KA,
2022-07-28 00:00:00+05:00,73.1908226556689,74.71589007223359,72.28436103120444,72.95808410644531,585578.0,0.0,0.0,0.0,MEBL.KA,
2022-07-29 00:00:00+05:00,72.884568339983,73.43579758021146,72.33333909975454,72.57220458984375,54986.0,0.0,0.0,0.0,MEBL.KA,
2022-08-01 00:00:00+05:00,71.1084026849396,73.49093094424218,71.1084026849396,72.81108093261719,442792.0,0.0,0.0,0.0,MEBL.KA,
2022-08-02 00:00:00+05:00,71.04715618991807,73.74204835670874,71.04715618991807,72.91520690917969,360551.0,0.0,0.0,0.0,MEBL.KA,
2022-08-03 00:00:00+05:00,73.49705181372435,75.33447759505763,72.7008300344046,75.1997299194336,436096.0,0.0,0.0,0.0,MEBL.KA,
2022-08-04 00:00:00+05:00,75.64071807131562,77.6312623368584,75.2181094527089,76.55330657958984,759092.0,0.0,0.0,0.0,MEBL.KA,
2022-08-05 00:00:00+05:00,75.94695918444077,77.47814835437818,75.94695918444077,76.42469024658203,862627.0,0.0,0.0,0.0,MEBL.KA,
2022-08-08 00:00:00+05:00,76.42469024658203,76.42469024658203,76.42469024658203,76.42469024658203,0.0,0.0,0.0,0.0,MEBL.KA,
2022-08-09 00:00:00+05:00,76.42469024658203,76.42469024658203,76.42469024658203,76.42469024658203,0.0,0.0,0.0,0.0,MEBL.KA,
2022-08-10 00:00:00+05:00,77.17191548186983,78.70310472985209,77.0800413513374,78.0477523803711,600739.0,0.0,0.0,0.0,MEBL.KA,
2022-08-11 00:00:00+05:00,78.69697990079028,80.21592033458577,77.33115788200331,78.4336166381836,3442831.0,0.0,0.0,0.0,MEBL.KA,
2022-08-12 00:00:00+05:00,78.88071399069902,80.84676058791223,78.48873007076479,80.38740539550781,2818653.0,0.0,0.0,0.0,MEBL.KA,
2022-08-15 00:00:00+05:00,81.76547481940469,83.29054214848851,81.15912819854846,82.23095703125,2176773.0,0.0,0.0,0.0,MEBL.KA,
2022-08-16 00:00:00+05:00,82.68419404698807,82.99043086988486,81.21425421302403,81.9186019897461,1340412.0,0.0,0.0,0.0,MEBL.KA,
2022-08-17 00:00:00+05:00,81.91859657581173,83.29666218777204,81.45923623172622,83.01492309570312,1391659.0,0.0,0.0,0.0,MEBL.KA,
2022-08-18 00:00:00+05:00,83.29667095457815,84.52162343423204,82.4453317311718,83.90302276611328,1893826.0,0.0,0.0,0.0,MEBL.KA,
2022-08-19 00:00:00+05:00,83.90914127884781,85.07284421780071,83.35791194773367,84.23987579345703,2607555.0,0.0,0.0,0.0,MEBL.KA,
2022-08-22 00:00:00+05:00,86.07357035695483,86.26488967422185,84.35168607543078,85.02130889892578,1656534.0,1.75,1.1,0.0,MEBL.KA,
2022-08-23 00:00:00+05:00,85.07599040452708,87.52899127058436,85.07599040452708,85.58845520019531,3166829.0,0.0,0.0,0.0,MEBL.KA,
2022-08-24 00:00:00+05:00,85.7524226863031,87.46063827766372,85.47910714907334,85.89591217041016,4243321.0,0.0,0.0,0.0,MEBL.KA,
2022-08-25 00:00:00+05:00,86.09407807909405,86.57237642764238,84.55668382768165,84.80950164794922,831301.0,0.0,0.0,0.0,MEBL.KA,
2022-08-26 00:00:00+05:00,85.68411820997173,87.46066186141948,82.91680612053808,83.23111724853516,2843216.0,0.0,0.0,0.0,MEBL.KA,
2022-08-29 00:00:00+05:00,82.67764787349726,85.88909161476403,81.9943615274353,82.93046569824219,2143114.0,0.0,0.0,0.0,MEBL.KA,
2022-08-30 00:00:00+05:00,83.96221004636233,84.3653516327608,82.54097865021541,82.88262176513672,506890.0,0.0,0.0,0.0,MEBL.KA,
2022-08-31 00:00:00+05:00,83.68206669122353,83.9690456610411,82.67763508380173,82.9509506225586,311334.0,0.0,0.0,0.0,MEBL.KA,
2022-09-01 00:00:00+05:00,83.3609215568272,84.3858509202308,82.26766461180873,82.79379272460938,475347.0,0.0,0.0,0.0,MEBL.KA,
2022-09-02 00:00:00+05:00,83.68890451548674,83.68890451548674,82.19934024064007,82.4179916381836,348894.0,0.0,0.0,0.0,MEBL.KA,
2022-09-05 00:00:00+05:00,83.93487664085016,83.93487664085016,81.85769112255441,82.05583953857422,287637.0,0.0,0.0,0.0,MEBL.KA,
2022-09-06 00:00:00+05:00,82.02851345637966,82.67763328537963,81.24273325444375,81.65953826904297,219156.0,0.0,0.0,0.0,MEBL.KA,
2022-09-07 00:00:00+05:00,81.31106600577297,82.67763854368512,81.31106600577297,82.4179916381836,414373.0,0.0,0.0,0.0,MEBL.KA,
2022-09-08 00:00:00+05:00,83.01928204083478,83.35409085442893,81.72103708153472,81.98751831054688,320035.0,0.0,0.0,0.0,MEBL.KA,
2022-09-09 00:00:00+05:00,82.64347915890374,83.70257505089455,82.26767480691997,83.026123046875,520264.0,0.0,0.0,0.0,MEBL.KA,
2022-09-12 00:00:00+05:00,82.94411160218867,83.70255970307358,82.94411160218867,83.41558074951172,683410.0,0.0,0.0,0.0,MEBL.KA,
2022-09-13 00:00:00+05:00,83.41559520632002,85.41079000981468,82.54098955070927,84.68650817871094,1920074.0,0.0,0.0,0.0,MEBL.KA,
2022-09-14 00:00:00+05:00,84.38586212283879,85.06914845581724,83.57274971841491,83.81873321533203,1539329.0,0.0,0.0,0.0,MEBL.KA,
2022-09-15 00:00:00+05:00,83.46341378201748,84.3448536415907,82.60930599712795,82.6707992553711,528677.0,0.0,0.0,0.0,MEBL.KA,
2022-09-16 00:00:00+05:00,83.35408145312881,83.35408145312881,80.62777099523487,80.90792083740234,683089.0,0.0,0.0,0.0,MEBL.KA,
2022-09-19 00:00:00+05:00,81.10607219877998,81.31106014992824,79.60284460055999,79.93082427978516,160901.0,0.0,0.0,0.0,MEBL.KA,
2022-09-20 00:00:00+05:00,81.2905686378876,81.2905686378876,78.95373083809343,79.65068054199219,278177.0,0.0,0.0,0.0,MEBL.KA,
2022-09-21 00:00:00+05:00,79.65067120690317,80.6141072400611,79.53451380537716,79.91715240478516,404942.0,0.0,0.0,0.0,MEBL.KA,
2022-09-22 00:00:00+05:00,80.49112694231226,80.62778211490988,78.4071016753043,79.61651611328125,1734734.0,0.0,0.0,0.0,MEBL.KA,
2022-09-23 00:00:00+05:00,78.59159019749957,79.77367782431763,76.52806780576937,77.02003479003906,1307884.0,0.0,0.0,0.0,MEBL.KA,
2022-09-26 00:00:00+05:00,77.21135430921144,78.23628379119214,77.04053272888133,77.6418228149414,1028947.0,0.0,0.0,0.0,MEBL.KA,
2022-09-27 00:00:00+05:00,78.57791885849348,78.91272766179884,76.52806010566322,76.90386962890625,769135.0,0.0,0.0,0.0,MEBL.KA,
2022-09-28 00:00:00+05:00,77.20451027343717,77.89463083080557,76.19324956442115,76.39140319824219,1547754.0,0.0,0.0,0.0,MEBL.KA,
2022-09-29 00:00:00+05:00,76.39140396521447,76.39140396521447,74.40987282016974,74.84717559814453,1453959.0,0.0,0.0,0.0,MEBL.KA,
2022-09-30 00:00:00+05:00,74.88818288481517,77.14302992405888,74.47821211760571,74.99067687988281,1207019.0,0.0,0.0,0.0,MEBL.KA,
2022-10-03 00:00:00+05:00,75.50312439044173,76.44605746087869,74.40986752332786,74.75151062011719,531672.0,0.0,0.0,0.0,MEBL.KA,
2022-10-04 00:00:00+05:00,74.80618400943636,76.1864199972543,74.47820430224861,75.1478271484375,697031.0,0.0,0.0,0.0,MEBL.KA,
2022-10-05 00:00:00+05:00,75.16832630324849,75.76961636239213,74.65586158519838,74.94284057617188,545537.0,0.0,0.0,0.0,MEBL.KA,
2022-10-06 00:00:00+05:00,75.673965779948,76.69889533904437,74.81985781403438,76.50757598876953,1166714.0,0.0,0.0,0.0,MEBL.KA,
2022-10-07 00:00:00+05:00,75.85844733790277,80.60729053905924,75.22982515487136,75.7559585571289,917917.0,0.0,0.0,0.0,MEBL.KA,
2022-10-10 00:00:00+05:00,75.84477890547869,76.48706969231714,73.80175433876289,73.94524383544922,1099099.0,0.0,0.0,0.0,MEBL.KA,
2022-10-11 00:00:00+05:00,74.14338586312809,75.43479634390432,74.07505828680773,74.69684600830078,1279628.0,0.0,0.0,0.0,MEBL.KA,
2022-10-12 00:00:00+05:00,74.54652880205184,76.52122564670343,74.47820121969173,75.25031280517578,1030331.0,0.0,0.0,0.0,MEBL.KA,
2022-10-13 00:00:00+05:00,75.25030262268777,75.50312037757662,74.14338238427968,74.45085906982422,519385.0,0.0,0.0,0.0,MEBL.KA,
2022-10-14 00:00:00+05:00,74.48503135232349,74.85400653198701,73.79491081926427,74.32787322998047,630758.0,0.0,0.0,0.0,MEBL.KA,
2022-10-17 00:00:00+05:00,74.8540017685294,74.8540017685294,73.72657854903517,74.40303039550781,227810.0,0.0,0.0,0.0,MEBL.KA,
2022-10-18 00:00:00+05:00,74.81301303212217,74.81301303212217,73.93157310895334,74.2732162475586,585212.0,0.0,0.0,0.0,MEBL.KA,
2022-10-19 00:00:00+05:00,74.47820442571715,76.04976495295193,74.21172319389935,74.87451171875,1638100.0,0.0,0.0,0.0,MEBL.KA,
2022-10-20 00:00:00+05:00,75.50312568281339,75.50312568281339,74.68318432170821,74.81983947753906,491350.0,0.0,0.0,0.0,MEBL.KA,
2022-10-21 00:00:00+05:00,75.16832805889267,75.16832805889267,74.1023978755711,74.67636108398438,912964.0,0.0,0.0,0.0,MEBL.KA,
2022-10-24 00:00:00+05:00,75.84476640811224,75.84476640811224,74.15021437840086,74.5260238647461,194258.0,0.0,0.0,0.0,MEBL.KA,
2022-10-25 00:00:00+05:00,74.53285690329949,75.05898496206663,74.13654967234982,74.45769500732422,304001.0,0.0,0.0,0.0,MEBL.KA,
2022-10-26 00:00:00+05:00,74.45768718360557,75.84475713312183,73.96572035730125,75.57144165039062,3638000.0,0.0,0.0,0.0,MEBL.KA,
2022-10-27 00:00:00+05:00,75.8498081179994,75.8498081179994,74.46502870403475,74.74337768554688,500093.0,2.0,0.0,0.0,MEBL.KA,
2022-10-28 00:00:00+05:00,74.50677368279813,75.14697257658322,74.17971405188958,74.52764892578125,170362.0,0.0,0.0,0.0,MEBL.KA,
2022-10-31 00:00:00+05:00,75.07739431596193,75.07739431596193,72.92715912449754,73.28900909423828,738398.0,0.0,0.0,0.0,MEBL.KA,
2022-11-01 00:00:00+05:00,73.29597233098654,74.11013877860391,73.14288011504503,73.5464859008789,480746.0,0.0,0.0,0.0,MEBL.KA,
2022-11-02 00:00:00+05:00,74.07534337704566,74.45807391800746,73.14984051183319,73.92225646972656,552107.0,0.0,0.0,0.0,MEBL.KA,
2022-11-03 00:00:00+05:00,73.91530324210731,74.11014596891303,73.7622110113125,74.03359985351562,152402.0,0.0,0.0,0.0,MEBL.KA,
2022-11-04 00:00:00+05:00,73.14983504638646,74.45806835481504,71.25706834716875,72.67664337158203,698612.0,0.0,0.0,0.0,MEBL.KA,
2022-11-07 00:00:00+05:00,74.38847588771743,74.38847588771743,72.37741277411835,73.06632232666016,528322.0,0.0,0.0,0.0,MEBL.KA,
2022-11-08 00:00:00+05:00,73.61608442075818,75.1539564102125,72.7601620256526,75.03565979003906,2429031.0,0.0,0.0,0.0,MEBL.KA,
2022-11-09 00:00:00+05:00,75.03565979003906,75.03565979003906,75.03565979003906,75.03565979003906,0.0,0.0,0.0,0.0,MEBL.KA,
2022-11-10 00:00:00+05:00,75.84980637363093,79.5031227356636,75.84980637363093,79.0438461303711,4282796.0,0.0,0.0,0.0,MEBL.KA,
2022-11-11 00:00:00+05:00,79.50313243401523,80.51214161917947,77.93742523071951,78.86988830566406,1156474.0,0.0,0.0,0.0,MEBL.KA,
2022-11-14 00:00:00+05:00,78.70287361766492,79.25957158340935,78.49411586230971,78.62632751464844,1136967.0,0.0,0.0,0.0,MEBL.KA,
2022-11-15 00:00:00+05:00,78.28534755879352,78.6332824368326,77.95132773988743,78.37580871582031,220752.0,0.0,0.0,0.0,MEBL.KA,
2022-11-16 00:00:00+05:00,77.87479962251695,78.4593277643834,77.87479962251695,78.04876708984375,83637.0,0.0,0.0,0.0,MEBL.KA,
2022-11-17 00:00:00+05:00,78.08355249778579,78.28535538430876,77.2415506458513,77.512939453125,852354.0,0.0,0.0,0.0,MEBL.KA,
2022-11-18 00:00:00+05:00,77.13716011103317,77.93741137896949,76.87969170338627,77.3667984008789,1090116.0,0.0,0.0,0.0,MEBL.KA,
2022-11-21 00:00:00+05:00,77.36681448625598,77.58949263841615,76.9353732437293,77.4224853515625,125802.0,0.0,0.0,0.0,MEBL.KA,
2022-11-22 00:00:00+05:00,77.65906730200268,77.90262066606184,76.75443976277367,77.69386291503906,397877.0,0.0,0.0,0.0,MEBL.KA,
2022-11-23 00:00:00+05:00,77.93742466040781,78.28535959192749,77.33201596829991,77.95133972167969,686276.0,0.0,0.0,0.0,MEBL.KA,
2022-11-24 00:00:00+05:00,78.48714196643246,78.49410214978131,77.31808068985055,77.4572525024414,865558.0,0.0,0.0,0.0,MEBL.KA,
2022-11-25 00:00:00+05:00,78.63329311996594,78.63329311996594,77.03975052496017,77.80520629882812,648554.0,0.0,0.0,0.0,MEBL.KA,
2022-11-28 00:00:00+05:00,78.48716035540414,78.48716035540414,76.54568285322094,76.92841339111328,663283.0,0.0,0.0,0.0,MEBL.KA,
2022-11-29 00:00:00+05:00,76.94927780272194,77.55468108406528,76.69180408538551,77.12324523925781,495841.0,0.0,0.0,0.0,MEBL.KA,
2022-11-30 00:00:00+05:00,76.89360937178357,77.27633986784831,75.91243045045304,76.21165466308594,434524.0,0.0,0.0,0.0,MEBL.KA,
2022-12-01 00:00:00+05:00,76.23253932597133,77.27634403435579,76.19774371206573,76.28125,271576.0,0.0,0.0,0.0,MEBL.KA,
2022-12-02 00:00:00+05:00,76.4065128204408,77.06062687926523,74.45807508705968,75.75935363769531,358287.0,0.0,0.0,0.0,MEBL.KA,
2022-12-05 00:00:00+05:00,76.17686892873493,76.17686892873493,74.80600455396987,74.92430114746094,204498.0,0.0,0.0,0.0,MEBL.KA,
2022-12-06 00:00:00+05:00,75.7802216848974,75.7802216848974,73.90833023874127,74.40239715576172,258717.0,0.0,0.0,0.0,MEBL.KA,
2022-12-07 00:00:00+05:00,74.33281624723087,75.50187779316506,74.0892628645499,74.27714538574219,1845638.0,0.0,0.0,0.0,MEBL.KA,
2022-12-08 00:00:00+05:00,74.45806389575975,74.45806389575975,73.06632438368946,73.10111999511719,341014.0,0.0,0.0,0.0,MEBL.KA,
2022-12-09 00:00:00+05:00,73.69261609201727,73.69261609201727,72.71839726776523,73.26813507080078,238276.0,0.0,0.0,0.0,MEBL.KA,
2022-12-12 00:00:00+05:00,73.76220135206333,73.76220135206333,73.06633152798726,73.37947082519531,688410.0,0.0,0.0,0.0,MEBL.KA,
2022-12-13 00:00:00+05:00,73.17767292648921,74.52765676909752,73.17767292648921,74.28410339355469,247835.0,0.0,0.0,0.0,MEBL.KA,
2022-12-14 00:00:00+05:00,74.45806926513933,74.45806926513933,73.83178537773163,73.97096252441406,292245.0,0.0,0.0,0.0,MEBL.KA,
2022-12-15 00:00:00+05:00,73.8317852341897,74.00575268540554,72.02252480335801,72.93411254882812,1424184.0,0.0,0.0,0.0,MEBL.KA,
2022-12-16 00:00:00+05:00,73.06633291614519,74.04055175017356,72.300877156932,72.90628051757812,842800.0,0.0,0.0,0.0,MEBL.KA,
2022-12-19 00:00:00+05:00,74.31889658975092,74.31889658975092,72.99674291103116,73.91529083251953,1219732.0,0.0,0.0,0.0,MEBL.KA,
2022-12-20 00:00:00+05:00,73.93616145992257,76.545673040861,71.57020323139206,73.96399688720703,3337471.0,0.0,0.0,0.0,MEBL.KA,
2022-12-21 00:00:00+05:00,72.3704608994446,73.76220053212622,72.23128905980258,72.29391479492188,360535.0,0.0,0.0,0.0,MEBL.KA,
2022-12-22 00:00:00+05:00,72.37046312610575,73.60215040293622,71.88335636330625,73.11504364013672,317546.0,0.0,0.0,0.0,MEBL.KA,
2022-12-23 00:00:00+05:00,73.14983168431083,73.14983168431083,71.62587519847155,72.04339599609375,340433.0,0.0,0.0,0.0,MEBL.KA,
2022-12-26 00:00:00+05:00,73.37946414308045,73.37946414308045,70.76995254042376,70.88129425048828,778816.0,0.0,0.0,0.0,MEBL.KA,
2022-12-27 00:00:00+05:00,72.57921829133909,72.71839012009606,70.296761012644,70.4289779663086,275909.0,0.0,0.0,0.0,MEBL.KA,
2022-12-28 00:00:00+05:00,70.62381762214734,70.62381762214734,68.33440556652006,68.89806365966797,5088729.0,0.0,0.0,0.0,MEBL.KA,
2022-12-29 00:00:00+05:00,70.28285560897807,70.28285560897807,68.47359504125316,69.01637268066406,661835.0,0.0,0.0,0.0,MEBL.KA,
2022-12-30 00:00:00+05:00,69.57306827567858,70.00450417456207,68.89111350299346,69.26688385009766,553631.0,0.0,0.0,0.0,MEBL.KA,
2023-01-02 00:00:00+05:00,69.51739637734956,70.56120111181707,68.89111247485596,70.07408905029297,1045918.0,0.0,0.0,0.0,MEBL.KA,
2023-01-03 00:00:00+05:00,69.7609500087299,70.42202421935104,69.23904763958728,69.41997528076172,218223.0,0.0,0.0,0.0,MEBL.KA,
2023-01-04 00:00:00+05:00,70.00449006313153,70.00449006313153,68.68233658444593,68.7936782836914,374911.0,0.0,0.0,0.0,MEBL.KA,
2023-01-05 00:00:00+05:00,68.54317012311138,69.27383548155223,68.02126781252932,68.18132019042969,567575.0,0.0,0.0,0.0,MEBL.KA,
2023-01-06 00:00:00+05:00,68.19522198784694,68.68232859270603,66.84523324143198,67.10270690917969,2489023.0,0.0,0.0,0.0,MEBL.KA,
2023-01-09 00:00:00+05:00,66.97748261132213,69.58003473482349,66.00326362061689,66.14244079589844,2795241.0,0.0,0.0,0.0,MEBL.KA,
2023-01-10 00:00:00+05:00,66.44860643082467,67.08185050399327,65.85015797165676,66.2120132446289,373743.0,0.0,0.0,0.0,MEBL.KA,
2023-01-11 00:00:00+05:00,66.31638050996669,67.11662636916124,65.41870801434405,65.77359771728516,1589929.0,0.0,0.0,0.0,MEBL.KA,
2023-01-12 00:00:00+05:00,66.37902432285456,66.59474227666087,64.93161376599755,65.48831176757812,343849.0,0.0,0.0,0.0,MEBL.KA,
2023-01-13 00:00:00+05:00,65.96846327159135,66.07283950083884,64.64630950744561,64.9455337524414,373564.0,0.0,0.0,0.0,MEBL.KA,
2023-01-16 00:00:00+05:00,65.6831501407396,65.6831501407396,64.36795664059217,64.63238525390625,386617.0,0.0,0.0,0.0,MEBL.KA,
2023-01-17 00:00:00+05:00,65.06382568118951,65.06382568118951,61.32700297946628,61.96024703979492,1826716.0,0.0,0.0,0.0,MEBL.KA,
2023-01-18 00:00:00+05:00,63.98522976653082,63.98522976653082,60.54763636160703,62.7117919921875,612875.0,0.0,0.0,0.0,MEBL.KA,
2023-01-19 00:00:00+05:00,62.711796026925235,63.93652320354963,61.93241984347397,62.363861083984375,399814.0,0.0,0.0,0.0,MEBL.KA,
2023-01-20 00:00:00+05:00,62.00199367053526,62.969252198424705,61.25045306627062,61.4453010559082,841155.0,0.0,0.0,0.0,MEBL.KA,
2023-01-23 00:00:00+05:00,62.92751230880399,62.92751230880399,59.636045500669006,61.42443084716797,272559.0,0.0,0.0,0.0,MEBL.KA,
2023-01-24 00:00:00+05:00,61.58447745572809,62.384728789564726,61.23654255484827,61.70277404785156,483602.0,0.0,0.0,0.0,MEBL.KA,
2023-01-25 00:00:00+05:00,62.21075258269711,63.81124971602836,61.94631869744688,62.44734573364258,7909588.0,0.0,0.0,0.0,MEBL.KA,
2023-01-26 00:00:00+05:00,62.7952965785271,66.977476050117,62.61437423198408,66.53211975097656,5190106.0,0.0,0.0,0.0,MEBL.KA,
2023-01-27 00:00:00+05:00,66.53211735528693,68.36921335035754,64.22878983088327,64.71589660644531,1255846.0,0.0,0.0,0.0,MEBL.KA,
2023-01-30 00:00:00+05:00,65.41176320257753,65.41176320257753,63.60946291375153,63.77647018432617,197699.0,0.0,0.0,0.0,MEBL.KA,
2023-01-31 00:00:00+05:00,64.99422559056283,65.02901588720617,63.68598726648722,64.3540267944336,1248242.0,0.0,0.0,0.0,MEBL.KA,
2023-02-01 00:00:00+05:00,64.36794745412213,65.06381715632885,64.15918441983432,64.72979736328125,242154.0,0.0,0.0,0.0,MEBL.KA,
2023-02-02 00:00:00+05:00,64.71589941764954,64.75069503558646,64.06178002570984,64.38883972167969,175101.0,0.0,0.0,0.0,MEBL.KA,
2023-02-03 00:00:00+05:00,64.40276384768458,64.71590319111186,62.83705651241575,63.70689392089844,261622.0,0.0,0.0,0.0,MEBL.KA,
2023-02-06 00:00:00+05:00,63.706883866361316,64.57672113756196,62.90663251504365,64.36795806884766,580385.0,0.0,0.0,0.0,MEBL.KA,
2023-02-07 00:00:00+05:00,64.2287882279533,66.03108856161926,59.92135222801457,65.4326400756836,1018761.0,0.0,0.0,0.0,MEBL.KA,
2023-02-08 00:00:00+05:00,65.41177545580769,67.18624595616095,65.27260358910273,65.48136138916016,1210116.0,0.0,0.0,0.0,MEBL.KA,
2023-02-09 00:00:00+05:00,66.03804365158196,67.74292250103214,65.48134570001265,67.24885559082031,1543510.0,0.0,0.0,0.0,MEBL.KA,
2023-02-10 00:00:00+05:00,66.94963309091027,67.49937087221511,64.71589166098974,66.07979583740234,1073537.0,0.0,0.0,0.0,MEBL.KA,
2023-02-13 00:00:00+05:00,66.59473555746303,67.3254009471825,65.40479887548435,65.71098327636719,755610.0,0.0,0.0,0.0,MEBL.KA,
2023-02-14 00:00:00+05:00,66.3163928584955,66.3163928584955,65.20299695147642,65.72489929199219,376879.0,0.0,0.0,0.0,MEBL.KA,
2023-02-15 00:00:00+05:00,66.03804485536261,66.03804485536261,63.74167239961099,64.29837036132812,1918798.0,0.0,0.0,0.0,MEBL.KA,
2023-02-16 00:00:00+05:00,64.69501684844046,68.22307655986917,64.29837127055434,67.24189758300781,7235853.0,0.0,0.0,0.0,MEBL.KA,
2023-02-17 00:00:00+05:00,67.19318631472186,68.33441236413024,67.19318631472186,67.56199645996094,979631.0,0.0,0.0,0.0,MEBL.KA,
2023-02-20 00:00:00+05:00,67.56894437389174,67.56894437389174,65.75968428088656,66.3372573852539,858896.0,0.0,0.0,0.0,MEBL.KA,
2023-02-21 00:00:00+05:00,67.01226377560629,67.08184969370183,66.2468027493595,66.77566528320312,300027.0,0.0,0.0,0.0,MEBL.KA,
2023-02-22 00:00:00+05:00,66.79653025263576,67.01225346733278,66.4555555900729,66.65039825439453,426596.0,0.0,0.0,0.0,MEBL.KA,
2023-02-23 00:00:00+05:00,67.116635668877,67.116635668877,65.75969177181472,66.12850189208984,493635.0,0.0,0.0,0.0,MEBL.KA,
2023-02-24 00:00:00+05:00,66.42077419328739,66.42077419328739,65.55789707707066,65.80841064453125,246669.0,0.0,0.0,0.0,MEBL.KA,
2023-02-27 00:00:00+05:00,66.10763246925546,66.31639553752137,65.09862336045613,65.4395980834961,258796.0,0.0,0.0,0.0,MEBL.KA,
2023-02-28 00:00:00+05:00,65.75968998602791,66.99137708152375,65.06382025072602,66.05891418457031,647523.0,0.0,0.0,0.0,MEBL.KA,
2023-03-01 00:00:00+05:00,65.76665316934171,66.45556275217156,65.07078340230326,66.10762786865234,3842315.0,0.0,0.0,0.0,MEBL.KA,
2023-03-02 00:00:00+05:00,65.55093844873232,68.4735950354871,65.55093844873232,67.56896209716797,1200964.0,0.0,0.0,0.0,MEBL.KA,
2023-03-03 00:00:00+05:00,67.5828779720762,70.83954890071357,67.5828779720762,69.68440246582031,4330624.0,0.0,0.0,0.0,MEBL.KA,
2023-03-06 00:00:00+05:00,69.72615517940355,71.32665791976596,68.93286399409432,69.26688385009766,796641.0,0.0,0.0,0.0,MEBL.KA,
2023-03-07 00:00:00+05:00,69.26688446423263,69.58698395333009,67.85426953943052,68.32746124267578,865895.0,0.0,0.0,0.0,MEBL.KA,
2023-03-08 00:00:00+05:00,68.8493661742945,68.89111666731304,67.85427205451512,68.03519439697266,552305.0,0.0,0.0,0.0,MEBL.KA,
2023-03-09 00:00:00+05:00,68.75194349978369,68.75194349978369,67.777724645191,68.30658721923828,614815.0,0.0,0.0,0.0,MEBL.KA,
2023-03-10 00:00:00+05:00,69.169456217926,69.58697701822233,68.36920492040343,69.2042465209961,1143888.0,0.0,0.0,0.0,MEBL.KA,
2023-03-13 00:00:00+05:00,70.27588556086143,70.27588556086143,68.71713878533232,68.9815673828125,600702.0,0.0,0.0,0.0,MEBL.KA,
2023-03-14 00:00:00+05:00,69.51739092084559,69.51739092084559,68.33440912919681,68.62667846679688,469676.0,0.0,0.0,0.0,MEBL.KA,
2023-03-15 00:00:00+05:00,68.36921526814432,70.38723896891543,67.77772693578015,69.91404724121094,922075.0,0.0,0.0,0.0,MEBL.KA,
2023-03-16 00:00:00+05:00,70.27588103332701,70.27588103332701,68.89110178697538,69.44779968261719,884687.0,0.0,0.0,0.0,MEBL.KA,
2023-03-17 00:00:00+05:00,70.143680536394,70.42202421935104,68.89111272682554,69.41997528076172,1432843.0,0.0,0.0,0.0,MEBL.KA,
2023-03-20 00:00:00+05:00,69.48454364677764,69.48454364677764,68.15727155852987,68.3007583618164,222235.0,3.0,0.0,0.0,MEBL.KA,
2023-03-21 00:00:00+05:00,68.15725548501126,68.15725548501126,67.29632392098415,67.4756851196289,667758.0,0.0,0.0,0.0,MEBL.KA,
2023-03-22 00:00:00+05:00,68.07833754872462,68.08551352944846,66.65062391017102,66.66497039794922,3700308.0,0.0,0.0,0.0,MEBL.KA,
2023-03-23 00:00:00+05:00,66.66497039794922,66.66497039794922,66.66497039794922,66.66497039794922,0.0,0.0,0.0,0.0,MEBL.KA,
2023-03-24 00:00:00+05:00,67.18871251128812,67.18871251128812,66.00492739266397,66.44974517822266,125466.0,0.0,0.0,0.0,MEBL.KA,
2023-03-27 00:00:00+05:00,67.18871603159967,67.18871603159967,65.64620840067491,66.54301452636719,4762770.0,0.0,0.0,0.0,MEBL.KA,
2023-03-28 00:00:00+05:00,66.71521178233584,66.79413117350028,66.00494273552712,66.53585052490234,518723.0,0.0,0.0,0.0,MEBL.KA,
2023-03-29 00:00:00+05:00,66.70085579147367,67.40394875523161,66.18429456783984,66.69367980957031,396911.0,0.0,0.0,0.0,MEBL.KA,
2023-03-30 00:00:00+05:00,66.86585788241717,67.43981595233046,66.86585788241717,67.38959503173828,171446.0,0.0,0.0,0.0,MEBL.KA,
2023-03-31 00:00:00+05:00,67.7626746389859,68.86754054003835,67.10262658599478,68.3007583618164,267783.0,0.0,0.0,0.0,MEBL.KA,
2023-04-03 00:00:00+05:00,68.85318878573719,68.87471125721783,67.79854389382379,68.40837097167969,297354.0,0.0,0.0,0.0,MEBL.KA,
2023-04-04 00:00:00+05:00,68.40838022621453,68.51599807184692,67.7268096599944,68.14292907714844,392125.0,0.0,0.0,0.0,MEBL.KA,
2023-04-05 00:00:00+05:00,68.14293170039022,68.44425730082399,67.87747506743406,68.35816192626953,474436.0,0.0,0.0,0.0,MEBL.KA,
2023-04-06 00:00:00+05:00,67.97790693750977,69.5921580257356,67.97790693750977,69.2693099975586,332462.0,0.0,0.0,0.0,MEBL.KA,
2023-04-07 00:00:00+05:00,69.59216048781431,70.30960544129692,69.08995120984471,69.39845275878906,212849.0,0.0,0.0,0.0,MEBL.KA,
2023-04-10 00:00:00+05:00,68.88906488741686,69.59216337945956,68.87471839616617,69.20474243164062,513230.0,0.0,0.0,0.0,MEBL.KA,
2023-04-11 00:00:00+05:00,68.96080892286585,69.2693104629686,68.874713560394,68.96797943115234,204649.0,0.0,0.0,0.0,MEBL.KA,
2023-04-12 00:00:00+05:00,68.87470698021883,70.05849210117533,68.87470698021883,69.92935180664062,635408.0,0.0,0.0,0.0,MEBL.KA,
2023-04-13 00:00:00+05:00,70.66832700966654,71.7444944260574,70.30960453753626,71.03422546386719,1138825.0,0.0,0.0,0.0,MEBL.KA,
2023-04-14 00:00:00+05:00,71.03422546386719,71.03422546386719,71.03422546386719,71.03422546386719,0.0,0.0,0.0,0.0,MEBL.KA,
2023-04-17 00:00:00+05:00,69.6997838778601,71.67275765710453,69.6997838778601,70.5033187866211,1121955.0,0.0,0.0,0.0,MEBL.KA,
2023-04-18 00:00:00+05:00,70.59657372877706,71.31401857261896,70.59657372877706,70.96964263916016,1690580.0,0.0,0.0,0.0,MEBL.KA,
2023-04-19 00:00:00+05:00,70.88356239942976,71.02704919824083,69.85043993224443,70.38134765625,1145741.0,0.0,0.0,0.0,MEBL.KA,
2023-04-20 00:00:00+05:00,70.38135041073716,71.38577446273592,69.77869926374032,71.18489074707031,3552523.0,0.0,0.0,0.0,MEBL.KA,
2023-04-21 00:00:00+05:00,71.18489074707031,71.18489074707031,71.18489074707031,71.18489074707031,0.0,0.0,0.0,0.0,MEBL.KA,
2023-04-24 00:00:00+05:00,71.18489074707031,71.18489074707031,71.18489074707031,71.18489074707031,0.0,0.0,0.0,0.0,MEBL.KA,
2023-04-25 00:00:00+05:00,71.18489074707031,71.18489074707031,71.18489074707031,71.18489074707031,0.0,0.0,0.0,0.0,MEBL.KA,
2023-04-26 00:00:00+05:00,71.40730067422017,71.92386195507137,70.63245875294334,70.86921691894531,1822724.0,0.0,0.0,0.0,MEBL.KA,
2023-04-27 00:00:00+05:00,71.00239523688214,72.51182575657575,70.869210024994,72.23065948486328,827836.0,3.0,0.0,0.0,MEBL.KA,
2023-04-28 00:00:00+05:00,72.51183581782256,73.69570139602904,71.8977036086192,73.48112487792969,2062197.0,0.0,0.0,0.0,MEBL.KA,
2023-05-01 00:00:00+05:00,73.48112487792969,73.48112487792969,73.48112487792969,73.48112487792969,0.0,0.0,0.0,0.0,MEBL.KA,
2023-05-02 00:00:00+05:00,73.23695263764726,73.69569734862986,72.6006238658494,72.88179016113281,900249.0,0.0,0.0,0.0,MEBL.KA,
2023-05-03 00:00:00+05:00,72.88177595268763,73.25173420625457,72.50441695341716,72.51921844482422,548179.0,0.0,0.0,0.0,MEBL.KA,
2023-05-04 00:00:00+05:00,72.5192227422347,73.39971959922315,72.5192227422347,72.83738708496094,2849011.0,0.0,0.0,0.0,MEBL.KA,
2023-05-05 00:00:00+05:00,73.10376605640319,73.10376605640319,72.47483239832052,72.7560043334961,303945.0,0.0,0.0,0.0,MEBL.KA,
2023-05-08 00:00:00+05:00,72.75598723775997,73.10374887895225,71.99387418329071,72.47481536865234,360532.0,0.0,0.0,0.0,MEBL.KA,
2023-05-09 00:00:00+05:00,72.8595851047839,72.8595851047839,70.36606424691755,71.02458953857422,869007.0,0.0,0.0,0.0,MEBL.KA,
2023-05-10 00:00:00+05:00,70.69903406382392,71.03199427896025,69.6705504316024,70.1366958618164,357456.0,0.0,0.0,0.0,MEBL.KA,
2023-05-11 00:00:00+05:00,71.58693194816843,71.69051982185884,69.44117265222344,69.63355255126953,506590.0,0.0,0.0,0.0,MEBL.KA,
2023-05-12 00:00:00+05:00,70.14408960273772,70.29207065132604,69.47816359386003,69.61874389648438,301935.0,0.0,0.0,0.0,MEBL.KA,
2023-05-15 00:00:00+05:00,69.92211208950086,69.92211208950086,69.18219555945323,69.35237884521484,276205.0,0.0,0.0,0.0,MEBL.KA,
2023-05-16 00:00:00+05:00,69.55217050979762,69.92952961128125,68.88624434397838,69.2562026977539,1028458.0,0.0,0.0,0.0,MEBL.KA,
2023-05-17 00:00:00+05:00,69.8037281421586,69.8037281421586,68.80484187824182,68.8640365600586,707288.0,0.0,0.0,0.0,MEBL.KA,
2023-05-18 00:00:00+05:00,69.18219773244029,69.18219773244029,68.36829065284641,68.45707702636719,319829.0,0.0,0.0,0.0,MEBL.KA,
2023-05-19 00:00:00+05:00,68.44227739844625,68.94542085269349,68.07231914223844,68.7900390625,145597.0,0.0,0.0,0.0,MEBL.KA,
2023-05-22 00:00:00+05:00,69.21919045228084,69.80371951636432,67.63576960260022,67.72455596923828,350264.0,0.0,0.0,0.0,MEBL.KA,
2023-05-23 00:00:00+05:00,68.51627521696288,68.51627521696288,67.32500905350658,67.36200714111328,839154.0,0.0,0.0,0.0,MEBL.KA,
2023-05-24 00:00:00+05:00,67.33241472208405,68.22771318548025,67.33241472208405,67.60618591308594,238972.0,0.0,0.0,0.0,MEBL.KA,
2023-05-25 00:00:00+05:00,67.51738871349056,68.81224274361229,67.33240956633031,67.3694076538086,204868.0,0.0,0.0,0.0,MEBL.KA,
2023-05-26 00:00:00+05:00,67.5173943579777,67.70237352060228,66.51850800882808,66.59989929199219,668107.0,0.0,0.0,0.0,MEBL.KA,
2023-05-29 00:00:00+05:00,66.9624521350263,67.69496798658922,66.37051659843837,66.57029724121094,1031742.0,0.0,0.0,0.0,MEBL.KA,
2023-05-30 00:00:00+05:00,66.59248711143485,66.96244537316505,66.40750798056976,66.71087646484375,608374.0,0.0,0.0,0.0,MEBL.KA,
2023-05-31 00:00:00+05:00,66.96245254261083,67.25101956604708,65.5640106151534,65.7859878540039,394717.0,0.0,0.0,0.0,MEBL.KA,
2023-06-01 00:00:00+05:00,66.22253821112893,66.57770067644742,65.07566517959376,65.11266326904297,502721.0,0.0,0.0,0.0,MEBL.KA,
2023-06-02 00:00:00+05:00,65.11264699497494,65.32722344089484,64.37273055185022,64.69829559326172,719054.0,0.0,0.0,0.0,MEBL.KA,
2023-06-05 00:00:00+05:00,64.69831529372574,66.81447741703728,64.48373878246785,65.72679901123047,1475068.0,0.0,0.0,0.0,MEBL.KA,
2023-06-06 00:00:00+05:00,65.85997905706735,66.59249492056112,65.40862947321874,65.49002075195312,743526.0,0.0,0.0,0.0,MEBL.KA,
2023-06-07 00:00:00+05:00,65.84516523487562,66.0375450981466,64.59471023640103,64.73529052734375,739831.0,0.0,0.0,0.0,MEBL.KA,
2023-06-08 00:00:00+05:00,65.11266508655946,65.11266508655946,63.74382041546749,63.847408294677734,830018.0,0.0,0.0,0.0,MEBL.KA,
2023-06-09 00:00:00+05:00,63.84740764425933,64.36534703503426,63.63283114090515,63.69942092895508,597755.0,0.0,0.0,0.0,MEBL.KA,
2023-06-12 00:00:00+05:00,63.699412275279315,64.2099564947677,62.52294768529417,62.900306701660156,2312352.0,0.0,0.0,0.0,MEBL.KA,
2023-06-13 00:00:00+05:00,63.52184496241231,64.81669913434024,63.26287525704996,63.684627532958984,706924.0,0.0,0.0,0.0,MEBL.KA,
2023-06-14 00:00:00+05:00,64.19517179734359,65.03867634858182,63.85481080694187,64.78710174560547,794049.0,0.0,0.0,0.0,MEBL.KA,
2023-06-15 00:00:00+05:00,65.1126555553179,65.48261382551857,64.3135443368568,64.39493560791016,670411.0,0.0,0.0,0.0,MEBL.KA,
2023-06-16 00:00:00+05:00,64.70570020918896,64.70570020918896,62.90030766113148,63.4256477355957,1079559.0,0.0,0.0,0.0,MEBL.KA,
2023-06-19 00:00:00+05:00,64.0027815194653,64.0027815194653,61.04311532203338,61.38347625732422,1698074.0,0.0,0.0,0.0,MEBL.KA,
2023-06-20 00:00:00+05:00,61.265094151605,62.44895953260237,61.265094151605,61.94581604003906,831538.0,0.0,0.0,0.0,MEBL.KA,
2023-06-21 00:00:00+05:00,61.96801262602085,62.330570164036295,61.265094143831554,61.612850189208984,577146.0,0.0,0.0,0.0,MEBL.KA,
2023-06-22 00:00:00+05:00,60.9839188858192,62.108595169696905,60.9839188858192,61.65724563598633,93816.0,0.0,0.0,0.0,MEBL.KA,
2023-06-23 00:00:00+05:00,61.19110130140328,61.93101791034463,61.19110130140328,61.405677795410156,225761.0,0.0,0.0,0.0,MEBL.KA,
2023-06-26 00:00:00+05:00,62.15299522010149,64.44673558134399,61.78303691521993,64.27655792236328,1585797.0,0.0,0.0,0.0,MEBL.KA,
2023-06-27 00:00:00+05:00,64.37275023631513,65.47522449306315,62.892916897549256,63.9066047668457,1988931.0,0.0,0.0,0.0,MEBL.KA,
2023-06-28 00:00:00+05:00,63.9066047668457,63.9066047668457,63.9066047668457,63.9066047668457,0.0,0.0,0.0,0.0,MEBL.KA,
2023-06-29 00:00:00+05:00,63.9066047668457,63.9066047668457,63.9066047668457,63.9066047668457,0.0,0.0,0.0,0.0,MEBL.KA,
2023-06-30 00:00:00+05:00,63.9066047668457,63.9066047668457,63.9066047668457,63.9066047668457,0.0,0.0,0.0,0.0,MEBL.KA,
2023-07-03 00:00:00+05:00,68.70124053955078,68.70124053955078,68.70124053955078,68.70124053955078,1280696.0,0.0,0.0,0.0,MEBL.KA,
2023-07-04 00:00:00+05:00,73.25173631426428,73.25173631426428,69.55955441804622,71.35015106201172,7229734.0,0.0,0.0,0.0,MEBL.KA,
2023-07-05 00:00:00+05:00,71.7497083015408,73.17774745978598,70.66943082280788,71.91249084472656,1813009.0,0.0,0.0,0.0,MEBL.KA,
2023-07-06 00:00:00+05:00,71.45374226166167,73.70308929055008,71.03199004656481,73.24433898925781,2716543.0,0.0,0.0,0.0,MEBL.KA,
2023-07-07 00:00:00+05:00,72.00127800026961,73.91026406274605,72.00127800026961,72.82998657226562,563674.0,0.0,0.0,0.0,MEBL.KA,
2023-07-10 00:00:00+05:00,71.95689434690523,73.21475039620832,71.95689434690523,72.88179016113281,552268.0,0.0,0.0,0.0,MEBL.KA,
2023-07-11 00:00:00+05:00,72.5266286648905,77.61725890807845,72.5266286648905,76.65536499023438,2768436.0,0.0,0.0,0.0,MEBL.KA,
2023-07-12 00:00:00+05:00,77.69124178391499,82.18253524980908,77.69124178391499,81.73858642578125,5297599.0,0.0,0.0,0.0,MEBL.KA,
2023-07-13 00:00:00+05:00,82.09374137337555,84.00272748321964,80.36974005157484,80.961669921875,3276575.0,0.0,0.0,0.0,MEBL.KA,
2023-07-14 00:00:00+05:00,80.65090996206565,83.24061808011363,80.65090996206565,82.56729125976562,1920209.0,0.0,0.0,0.0,MEBL.KA,
2023-07-17 00:00:00+05:00,83.53656954393676,83.9731175461046,81.31682016178671,81.87175750732422,1298464.0,0.0,0.0,0.0,MEBL.KA,
2023-07-18 00:00:00+05:00,82.47850843947916,84.90543410591106,81.50181870432692,83.40340423583984,2743513.0,0.0,0.0,0.0,MEBL.KA,
2023-07-19 00:00:00+05:00,83.24061298388041,84.34308707743462,82.79666417698945,83.76595306396484,1254336.0,0.0,0.0,0.0,MEBL.KA,
2023-07-20 00:00:00+05:00,83.98052758058695,84.70564827614668,83.65496249542358,84.20989990234375,897458.0,0.0,0.0,0.0,MEBL.KA,
2023-07-21 00:00:00+05:00,84.3504940345792,88.42003541344047,84.3504940345792,87.56172943115234,4292178.0,0.0,0.0,0.0,MEBL.KA,
2023-07-24 00:00:00+05:00,87.49512428762496,89.97384338154951,86.65161994694752,89.28572082519531,1814363.0,0.0,0.0,0.0,MEBL.KA,
2023-07-25 00:00:00+05:00,89.28573475425274,91.45369061774367,88.09446857681587,89.65569305419922,2269346.0,0.0,0.0,0.0,MEBL.KA,
2023-07-26 00:00:00+05:00,90.26982924517463,91.66827123023242,88.93797704744537,91.1947250366211,2359953.0,0.0,0.0,0.0,MEBL.KA,
2023-07-27 00:00:00+05:00,91.1947250366211,91.1947250366211,91.1947250366211,91.1947250366211,0.0,0.0,0.0,0.0,MEBL.KA,
2023-07-28 00:00:00+05:00,91.1947250366211,91.1947250366211,91.1947250366211,91.1947250366211,0.0,0.0,0.0,0.0,MEBL.KA,
2023-07-31 00:00:00+05:00,92.89652531771404,98.038943093636,92.89652531771404,97.57279205322266,5554674.0,0.0,0.0,0.0,MEBL.KA,
2023-08-01 00:00:00+05:00,97.74298993587261,98.4015152755094,95.63422305455383,97.15105438232422,1767806.0,0.0,0.0,0.0,MEBL.KA,
2023-08-02 00:00:00+05:00,96.96607037676007,99.81474244472024,96.18915570723237,97.89836120605469,2698878.0,0.0,0.0,0.0,MEBL.KA,
2023-08-03 00:00:00+05:00,96.92907891473683,98.18693493268324,93.96941238298915,94.7833251953125,2406114.0,0.0,0.0,0.0,MEBL.KA,
2023-08-04 00:00:00+05:00,94.7019154340605,96.51471432613776,91.78664813407258,95.8191909790039,2278521.0,0.0,0.0,0.0,MEBL.KA,
2023-08-07 00:00:00+05:00,95.44924699016029,101.47216801529446,95.07928866849299,99.31900787353516,4242459.0,0.0,0.0,0.0,MEBL.KA,
2023-08-08 00:00:00+05:00,99.00824197577614,101.40557590988344,97.67638979016098,98.06114959716797,1837016.0,0.0,0.0,0.0,MEBL.KA,
2023-08-09 00:00:00+05:00,97.74298996856798,99.88134854767524,97.04006014773884,99.08223724365234,1899207.0,0.0,0.0,0.0,MEBL.KA,
2023-08-10 00:00:00+05:00,99.33380796947448,100.99862039354389,94.71672411557188,96.71450805664062,3988784.0,0.0,0.0,0.0,MEBL.KA,
2023-08-11 00:00:00+05:00,96.18914293948127,101.72371507965791,95.53061772019707,97.94274139404297,5907832.0,0.0,0.0,0.0,MEBL.KA,
2023-08-14 00:00:00+05:00,97.94274139404297,97.94274139404297,97.94274139404297,97.94274139404297,0.0,0.0,0.0,0.0,MEBL.KA,
2023-08-15 00:00:00+05:00,99.14142831434869,99.14142831434869,96.59611342917793,98.0241470336914,765778.0,0.0,0.0,0.0,MEBL.KA,
2023-08-16 00:00:00+05:00,97.92796013734039,98.70486348447069,97.25463336561224,97.79476928710938,1072360.0,0.0,0.0,0.0,MEBL.KA,
2023-08-17 00:00:00+05:00,97.2990183360717,98.03893482531939,95.07926886832861,96.86986541748047,2000034.0,0.0,0.0,0.0,MEBL.KA,
2023-08-18 00:00:00+05:00,96.9290694544223,97.2990277347827,96.0781699256857,96.21134948730469,530774.0,0.0,0.0,0.0,MEBL.KA,
2023-08-21 00:00:00+05:00,95.4862289224688,96.18914735664441,94.64272454341204,95.26425170898438,1184294.0,0.0,0.0,0.0,MEBL.KA,
2023-08-22 00:00:00+05:00,96.2035435781789,96.2035435781789,93.5460690133273,94.71443939208984,674116.0,4.0,0.0,0.0,MEBL.KA,
2023-08-23 00:00:00+05:00,94.98935147686642,95.45517318811413,93.24825005009464,94.75262451171875,2035400.0,0.0,0.0,0.0,MEBL.KA,
2023-08-24 00:00:00+05:00,95.45516658035916,98.50973191093065,94.0042468831135,96.27226257324219,2260232.0,0.0,0.0,0.0,MEBL.KA,
2023-08-25 00:00:00+05:00,95.95153701135986,97.28790937690493,95.07334829163459,96.94426727294922,1914720.0,0.0,0.0,0.0,MEBL.KA,
2023-08-28 00:00:00+05:00,96.23408340725888,96.82972857304009,95.45517176911628,95.98208618164062,1491287.0,0.0,0.0,0.0,MEBL.KA,
2023-08-29 00:00:00+05:00,96.21881279785283,96.21881279785283,94.88244039788266,95.10389709472656,292897.0,0.0,0.0,0.0,MEBL.KA,
2023-08-30 00:00:00+05:00,94.54642232636199,95.43224898253341,92.40059225488397,93.49259948730469,652749.0,0.0,0.0,0.0,MEBL.KA,
2023-08-31 00:00:00+05:00,93.46969935413328,93.46969935413328,87.81875238337047,89.33076477050781,7393117.0,0.0,0.0,0.0,MEBL.KA,
2023-09-01 00:00:00+05:00,89.57513532102685,89.57513532102685,87.81875783390032,88.42203521728516,1117695.0,0.0,0.0,0.0,MEBL.KA,
2023-09-04 00:00:00+05:00,89.33841087973694,90.10969036929674,88.2464033820472,88.68167877197266,792829.0,0.0,0.0,0.0,MEBL.KA,
2023-09-05 00:00:00+05:00,89.78894585134154,89.88057907903153,88.04784461178244,88.30747985839844,477143.0,0.0,0.0,0.0,MEBL.KA,
2023-09-06 00:00:00+05:00,88.20821243199997,89.15512605817764,88.00966405314752,88.48312377929688,1516556.0,0.0,0.0,0.0,MEBL.KA,
2023-09-07 00:00:00+05:00,89.42240178887732,90.8275049161166,88.59003550582565,89.34603881835938,1268122.0,0.0,0.0,0.0,MEBL.KA,
2023-09-08 00:00:00+05:00,90.85041084011937,91.94241818561571,89.34603647330403,91.53768920898438,2190543.0,0.0,0.0,0.0,MEBL.KA,
2023-09-11 00:00:00+05:00,91.78969995670492,93.16425689711106,90.5296962251415,91.69806671142578,2166855.0,0.0,0.0,0.0,MEBL.KA,
2023-09-12 00:00:00+05:00,92.17151334798328,92.17151334798328,90.73586963365997,90.88859558105469,526122.0,0.0,0.0,0.0,MEBL.KA,
2023-09-13 00:00:00+05:00,90.91913916757797,91.49187019205262,90.8733225499788,91.24750518798828,101505.0,0.0,0.0,0.0,MEBL.KA,
2023-09-14 00:00:00+05:00,91.5224277361806,92.35479995644013,90.83514925755391,90.92678833007812,186316.0,0.0,0.0,0.0,MEBL.KA,
2023-09-15 00:00:00+05:00,91.02604961323391,91.63696504397562,88.81149428556823,89.49113464355469,2273577.0,0.0,0.0,0.0,MEBL.KA,
2023-09-18 00:00:00+05:00,89.51403558463052,89.72785421995405,88.65875521721553,88.87257385253906,181429.0,0.0,0.0,0.0,MEBL.KA,
2023-09-19 00:00:00+05:00,89.18568455227236,89.72786927599697,88.66640813958767,89.30023193359375,578530.0,0.0,0.0,0.0,MEBL.KA,
2023-09-20 00:00:00+05:00,88.9642157343851,89.72021902647928,88.55184871339162,88.86494445800781,424669.0,0.0,0.0,0.0,MEBL.KA,
2023-09-21 00:00:00+05:00,88.84966700699454,89.85767332304579,87.81875238337047,89.33076477050781,1028936.0,0.0,0.0,0.0,MEBL.KA,
2023-09-22 00:00:00+05:00,89.34604056003562,89.71259098223683,88.43730546263029,89.3765869140625,1227791.0,0.0,0.0,0.0,MEBL.KA,
2023-09-25 00:00:00+05:00,89.38422219536756,90.27768117507333,88.95657907833518,89.35367584228516,546928.0,0.0,0.0,0.0,MEBL.KA,
2023-09-26 00:00:00+05:00,89.3536733459387,89.79658088795672,88.42966803896523,88.52130126953125,503450.0,0.0,0.0,0.0,MEBL.KA,
2023-09-27 00:00:00+05:00,88.58240095059502,89.30785793827631,87.43693886933733,88.45258331298828,1556672.0,0.0,0.0,0.0,MEBL.KA,
2023-09-28 00:00:00+05:00,88.45258331298828,88.45258331298828,88.45258331298828,88.45258331298828,0.0,0.0,0.0,0.0,MEBL.KA,
2023-09-29 00:00:00+05:00,88.45258331298828,88.45258331298828,88.45258331298828,88.45258331298828,0.0,0.0,0.0,0.0,MEBL.KA,
2023-10-02 00:00:00+05:00,87.81112042742288,90.03331963400481,87.47512218285577,89.06349182128906,942555.0,0.0,0.0,0.0,MEBL.KA,
2023-10-03 00:00:00+05:00,89.34603294579253,90.05621959456033,88.95657424779192,89.56748962402344,446477.0,0.0,0.0,0.0,MEBL.KA,
2023-10-04 00:00:00+05:00,90.0256729910939,91.71331957621061,89.72785334819805,91.17113494873047,2209795.0,0.0,0.0,0.0,MEBL.KA,
2023-10-05 00:00:00+05:00,91.17114913601655,92.4006122946215,91.17114913601655,91.75151824951172,1175497.0,0.0,0.0,0.0,MEBL.KA,
2023-10-06 00:00:00+05:00,92.3624239956067,93.16424978733977,92.03405796413105,92.33951568603516,758946.0,0.0,0.0,0.0,MEBL.KA,
2023-10-09 00:00:00+05:00,91.63697145250926,93.0115283547456,90.87333002373835,92.5838851928711,461753.0,0.0,0.0,0.0,MEBL.KA,
2023-10-10 00:00:00+05:00,92.78242018851049,96.21880612141828,92.51514689228628,95.28716278076172,1695875.0,0.0,0.0,0.0,MEBL.KA,
2023-10-11 00:00:00+05:00,95.53153366604174,96.56244834432036,94.88243967054197,95.82935333251953,712220.0,0.0,0.0,0.0,MEBL.KA,
2023-10-12 00:00:00+05:00,96.21881243184872,96.40208472897638,94.30970901058187,95.18025970458984,496916.0,0.0,0.0,0.0,MEBL.KA,
2023-10-13 00:00:00+05:00,94.92824922752007,98.39518729454298,94.50061195897348,98.04390716552734,1951060.0,0.0,0.0,0.0,MEBL.KA,
2023-10-16 00:00:00+05:00,97.7384522049807,98.39519004105584,96.60062825448288,97.30317687988281,671870.0,0.0,0.0,0.0,MEBL.KA,
2023-10-17 00:00:00+05:00,98.50973377980827,100.41120492896991,97.74609243267797,97.99046325683594,1551332.0,0.0,0.0,0.0,MEBL.KA,
2023-10-18 00:00:00+05:00,98.12790817733708,99.20464521924507,97.5169927998703,99.02899932861328,1077660.0,0.0,0.0,0.0,MEBL.KA,
2023-10-19 00:00:00+05:00,99.08246471440813,102.32794043723075,99.04428031663237,101.2970199584961,4569550.0,0.0,0.0,0.0,MEBL.KA,
2023-10-20 00:00:00+05:00,101.56429981552876,102.32030894881247,100.99920102024414,101.52611541748047,1309901.0,0.0,0.0,0.0,MEBL.KA,
2023-10-23 00:00:00+05:00,101.94612469827682,103.09158677353835,101.48793520727509,102.00721740722656,1675210.0,0.0,0.0,0.0,MEBL.KA,
2023-10-24 00:00:00+05:00,102.93885797845498,102.93885797845498,101.18248051454643,101.82393646240234,700292.0,0.0,0.0,0.0,MEBL.KA,
2023-10-25 00:00:00+05:00,101.60248355960266,103.54977132510817,101.56429916180015,102.03012084960938,1510789.0,0.0,0.0,0.0,MEBL.KA,
2023-10-26 00:00:00+05:00,102.02248251770096,105.26795804832535,101.94611372667201,103.85521697998047,1277251.0,0.0,0.0,0.0,MEBL.KA,
2023-10-27 00:00:00+05:00,102.79375483121005,105.9934137105739,102.79375483121005,105.05413818359375,1387699.0,0.0,0.0,0.0,MEBL.KA,
2023-10-30 00:00:00+05:00,106.10808372000781,108.28730137147092,105.78319136894933,107.63750457763672,937360.0,5.0,0.0,0.0,MEBL.KA,
2023-10-31 00:00:00+05:00,108.56466615859547,110.94199461462311,107.69297422136488,108.90541076660156,1512563.0,0.0,0.0,0.0,MEBL.KA,
2023-11-01 00:00:00+05:00,109.35710880181915,110.14955161922364,108.16844457571243,108.57258605957031,1135954.0,0.0,0.0,0.0,MEBL.KA,
2023-11-02 00:00:00+05:00,108.6518259226623,109.74540078687572,106.70241143754924,107.0986328125,797885.0,0.0,0.0,0.0,MEBL.KA,
2023-11-03 00:00:00+05:00,108.48540924868357,113.6362872001438,107.0590219508835,112.20989990234375,5199507.0,0.0,0.0,0.0,MEBL.KA,
2023-11-06 00:00:00+05:00,112.54273908201837,113.9374341715117,110.45069040191912,112.40009307861328,1179922.0,0.0,0.0,0.0,MEBL.KA,
2023-11-07 00:00:00+05:00,111.73443836053237,114.54761280852055,111.73443836053237,113.08158874511719,2203138.0,0.0,0.0,0.0,MEBL.KA,
2023-11-08 00:00:00+05:00,113.08158726579323,116.06910006359189,112.92310112115972,115.45891571044922,9764905.0,0.0,0.0,0.0,MEBL.KA,
2023-11-09 00:00:00+05:00,115.45891571044922,115.45891571044922,115.45891571044922,115.45891571044922,0.0,0.0,0.0,0.0,MEBL.KA,
2023-11-10 00:00:00+05:00,115.53815960080519,121.4022313289346,115.45891048621539,118.5652847290039,3590067.0,0.0,0.0,0.0,MEBL.KA,
2023-11-13 00:00:00+05:00,118.86643164337858,119.63510220200992,115.93439541451899,117.11512756347656,1336903.0,0.0,0.0,0.0,MEBL.KA,
2023-11-14 00:00:00+05:00,117.26567304309614,117.26567304309614,114.27024045927266,115.36381530761719,1613067.0,0.0,0.0,0.0,MEBL.KA,
2023-11-15 00:00:00+05:00,115.36381542328743,115.69663992274413,113.29553939031491,115.3955078125,3545898.0,0.0,0.0,0.0,MEBL.KA,
2023-11-16 00:00:00+05:00,114.904197943202,116.05323750429069,114.11175519876613,115.38758850097656,2234847.0,0.0,0.0,0.0,MEBL.KA,
2023-11-17 00:00:00+05:00,115.57778893660303,116.06117953546507,113.91365419515199,114.34156799316406,873703.0,0.0,0.0,0.0,MEBL.KA,
2023-11-20 00:00:00+05:00,115.64911140109184,116.86154799359826,113.3272475641548,115.68873596191406,1308109.0,0.0,0.0,0.0,MEBL.KA,
2023-11-21 00:00:00+05:00,115.69663768942569,118.0660457869051,115.69663768942569,116.25927734375,1297930.0,0.0,0.0,0.0,MEBL.KA,
2023-11-22 00:00:00+05:00,116.88531783703644,122.27393151837562,116.48909642063971,121.47355651855469,2730894.0,0.0,0.0,0.0,MEBL.KA,
2023-11-23 00:00:00+05:00,121.2437481153705,129.16817609676727,120.84752671630066,128.39950561523438,3188282.0,0.0,0.0,0.0,MEBL.KA,
2023-11-24 00:00:00+05:00,128.77196954874825,131.5455196621059,126.79878240079786,127.25048065185547,1908471.0,0.0,0.0,0.0,MEBL.KA,
2023-11-27 00:00:00+05:00,125.59424403378503,127.97949213479674,118.47018002570968,125.24556732177734,8995965.0,0.0,0.0,0.0,MEBL.KA,
2023-11-28 00:00:00+05:00,125.34068072503852,127.56744313831007,123.64485355582278,126.08557891845703,4241449.0,0.0,0.0,0.0,MEBL.KA,
2023-11-29 00:00:00+05:00,126.4025373861506,128.2172380361571,124.01728908645153,124.04106140136719,5217781.0,0.0,0.0,0.0,MEBL.KA,
2023-11-30 00:00:00+05:00,126.63235709276181,127.5832859986318,120.84752245212019,122.70183563232422,2247161.0,0.0,0.0,0.0,MEBL.KA,
2023-12-01 00:00:00+05:00,123.02676042137982,123.62109259732851,121.63998534416619,122.93167114257812,1175094.0,0.0,0.0,0.0,MEBL.KA,
2023-12-04 00:00:00+05:00,121.24375725492284,123.85882110425506,121.24375725492284,123.10600280761719,978128.0,0.0,0.0,0.0,MEBL.KA,
2023-12-05 00:00:00+05:00,123.54180859688064,127.9874125017315,123.54180859688064,126.88591766357422,3005900.0,0.0,0.0,0.0,MEBL.KA,
2023-12-06 00:00:00+05:00,126.88594110230126,132.5756868659904,126.64028576155012,132.0368194580078,5155029.0,0.0,0.0,0.0,MEBL.KA,
2023-12-07 00:00:00+05:00,132.25870564522452,138.47938679876623,130.74514900496956,137.8612823486328,3257556.0,0.0,0.0,0.0,MEBL.KA,
2023-12-08 00:00:00+05:00,137.8850475455482,141.8314093137571,137.09260474356228,138.7091827392578,3868344.0,0.0,0.0,0.0,MEBL.KA,
2023-12-11 00:00:00+05:00,137.17185269829437,139.38276277674794,131.5455040151752,134.50131225585938,1494980.0,0.0,0.0,0.0,MEBL.KA,
2023-12-12 00:00:00+05:00,134.87376221608596,135.46809431641395,134.00208239063545,134.52508544921875,624253.0,0.0,0.0,0.0,MEBL.KA,
2023-12-13 00:00:00+05:00,135.50771411380032,137.09259965899096,124.62747823174732,130.52325439453125,1253621.0,0.0,0.0,0.0,MEBL.KA,
2023-12-14 00:00:00+05:00,130.52328148915072,131.94174902619278,126.80672217950354,127.40105438232422,1208938.0,0.0,0.0,0.0,MEBL.KA,
2023-12-15 00:00:00+05:00,128.37571562480375,128.73231241652948,124.41350217959375,125.92707061767578,2595594.0,0.0,0.0,0.0,MEBL.KA,
2023-12-18 00:00:00+05:00,126.7908526606717,128.6927106138946,121.24375285676732,122.53543853759766,1279721.0,0.0,0.0,0.0,MEBL.KA,
2023-12-19 00:00:00+05:00,122.03619675159877,125.6021895138208,120.18188341725565,123.0426025390625,2375339.0,0.0,0.0,0.0,MEBL.KA,
2023-12-20 00:00:00+05:00,125.0791665249192,125.11087100774238,118.94566709582529,120.98223876953125,1278692.0,0.0,0.0,0.0,MEBL.KA,
2023-12-21 00:00:00+05:00,121.40221345183862,121.63202859527728,118.0739566883621,120.70487213134766,727262.0,0.0,0.0,0.0,MEBL.KA,
2023-12-22 00:00:00+05:00,121.63999278381195,121.63999278381195,119.26266393461692,119.54002380371094,342332.0,0.0,0.0,0.0,MEBL.KA,
2023-12-25 00:00:00+05:00,119.54002380371094,119.54002380371094,119.54002380371094,119.54002380371094,0.0,0.0,0.0,0.0,MEBL.KA,
2023-12-26 00:00:00+05:00,119.53999673584735,119.53999673584735,115.69664446322463,117.72529602050781,992469.0,0.0,0.0,0.0,MEBL.KA,
2023-12-27 00:00:00+05:00,118.85058211057755,125.99842041542311,115.8155243690614,125.18220520019531,1173850.0,0.0,0.0,0.0,MEBL.KA,
2023-12-28 00:00:00+05:00,125.99048408017559,131.54550370908936,125.99048408017559,128.4074249267578,2399892.0,0.0,0.0,0.0,MEBL.KA,
2023-12-29 00:00:00+05:00,128.375731319733,129.69118924637945,126.79084574788445,127.86856842041016,694657.0,0.0,0.0,0.0,MEBL.KA,
2024-01-01 00:00:00+05:00,128.37574337156295,131.7832500892753,127.86858042462798,130.2300567626953,603653.0,0.0,0.0,0.0,MEBL.KA,
2024-01-02 00:00:00+05:00,131.5296537366259,133.91491432469346,129.96062036425064,131.63267517089844,1194684.0,0.0,0.0,0.0,MEBL.KA,
2024-01-03 00:00:00+05:00,132.33794185124077,133.07490781920256,129.1443984733057,129.8655242919922,936862.0,0.0,0.0,0.0,MEBL.KA,
2024-01-04 00:00:00+05:00,129.96063213648765,130.75307501536867,128.1934879022642,129.32667541503906,249269.0,0.0,0.0,0.0,MEBL.KA,
2024-01-05 00:00:00+05:00,129.95269907406586,130.34892047391048,128.37573354966585,129.03346252441406,520864.0,0.0,0.0,0.0,MEBL.KA,
2024-01-08 00:00:00+05:00,130.35685088516075,130.35685088516075,128.37574372885132,128.9542236328125,174594.0,0.0,0.0,0.0,MEBL.KA,
2024-01-09 00:00:00+05:00,128.69270194620157,129.5643938362208,126.60065350187257,127.85271453857422,214549.0,0.0,0.0,0.0,MEBL.KA,
2024-01-10 00:00:00+05:00,127.74179056481913,128.69271960788848,123.62901005953236,124.98409271240234,779204.0,0.0,0.0,0.0,MEBL.KA,
2024-01-11 00:00:00+05:00,125.76859490673709,128.7719476264068,124.41351247597458,126.18065643310547,1362772.0,0.0,0.0,0.0,MEBL.KA,
2024-01-12 00:00:00+05:00,127.5833003311034,129.8813797860943,125.64973781998192,127.5040512084961,1352892.0,0.0,0.0,0.0,MEBL.KA,
2024-01-15 00:00:00+05:00,128.37571859711107,129.96060401189024,127.18705453602672,127.789306640625,597573.0,0.0,0.0,0.0,MEBL.KA,
2024-01-16 00:00:00+05:00,127.58329322210082,128.37573603714492,126.79085040705672,126.86216735839844,397173.0,0.0,0.0,0.0,MEBL.KA,
2024-01-17 00:00:00+05:00,127.97950942050852,130.44400695865264,126.79084524632422,130.26966857910156,2778728.0,0.0,0.0,0.0,MEBL.KA,
2024-01-18 00:00:00+05:00,130.30930238117708,130.67381931575866,128.3836599946938,130.1349639892578,5414426.0,0.0,0.0,0.0,MEBL.KA,
2024-01-19 00:00:00+05:00,130.74514179457495,132.33794746796752,130.34892039497026,130.64212036132812,909282.0,0.0,0.0,0.0,MEBL.KA,
2024-01-22 00:00:00+05:00,131.14926971630885,131.4107772640301,130.04777482290396,130.6896514892578,1837901.0,0.0,0.0,0.0,MEBL.KA,
2024-01-23 00:00:00+05:00,132.32210155648733,134.31906089170886,130.67381900427318,133.35227966308594,2064458.0,0.0,0.0,0.0,MEBL.KA,
2024-01-24 00:00:00+05:00,133.69302931071837,135.19074571011402,132.93227890690144,134.50131225585938,1107720.0,0.0,0.0,0.0,MEBL.KA,
2024-01-25 00:00:00+05:00,134.71525883334502,138.25747866530025,134.71525883334502,137.02919006347656,8505529.0,0.0,0.0,0.0,MEBL.KA,
2024-01-26 00:00:00+05:00,136.34768495122307,137.8771056041935,134.715254972699,134.99261474609375,861328.0,0.0,0.0,0.0,MEBL.KA,
2024-01-29 00:00:00+05:00,133.55038028229868,134.6914998162108,131.38701488609195,131.85455322265625,435690.0,0.0,0.0,0.0,MEBL.KA,
2024-01-30 00:00:00+05:00,132.10021312867076,133.13039119315175,126.79084875538263,127.26631927490234,461285.0,0.0,0.0,0.0,MEBL.KA,
2024-01-31 00:00:00+05:00,127.90025825242253,131.53757975674344,126.79876328569554,127.67837524414062,977142.0,0.0,0.0,0.0,MEBL.KA,
2024-02-01 00:00:00+05:00,129.00970118284727,132.73418023989157,128.38366454647286,131.1889190673828,1005572.0,0.0,0.0,0.0,MEBL.KA,
2024-02-02 00:00:00+05:00,132.33001674532957,133.52660092283674,130.7530513487719,133.0035858154297,897500.0,0.0,0.0,0.0,MEBL.KA,
2024-02-06 00:00:00+05:00,133.92283284038467,134.7231957132172,133.09076548427547,133.5583038330078,1884705.0,0.0,0.0,0.0,MEBL.KA,
2024-02-07 00:00:00+05:00,134.70734267743683,136.6488249281613,134.51715207112252,135.1748809814453,846847.0,0.0,0.0,0.0,MEBL.KA,
2024-02-08 00:00:00+05:00,135.1748809814453,135.1748809814453,135.1748809814453,135.1748809814453,0.0,0.0,0.0,0.0,MEBL.KA,
2024-02-09 00:00:00+05:00,130.80059931905038,134.7152684668197,127.58328366563515,133.06698608398438,1148046.0,0.0,0.0,0.0,MEBL.KA,
2024-02-12 00:00:00+05:00,132.7341833365972,134.70737047473912,129.5644117942307,132.2587127685547,2231336.0,0.0,0.0,0.0,MEBL.KA,
2024-02-13 00:00:00+05:00,131.14929482984383,135.11150917515633,128.39159703118753,134.3983154296875,2491967.0,0.0,0.0,0.0,MEBL.KA,
2024-02-14 00:00:00+05:00,134.79452482482466,135.9039399057355,133.526611510883,133.85943603515625,603754.0,0.0,0.0,0.0,MEBL.KA,
2024-02-15 00:00:00+05:00,134.6994346872842,138.68542132735357,131.949656980841,134.1051025390625,5071966.0,0.0,0.0,0.0,MEBL.KA,
2024-02-16 00:00:00+05:00,134.7152761560696,135.50771895698765,131.9417263528564,132.9164276123047,1081197.0,0.0,0.0,0.0,MEBL.KA,
2024-02-19 00:00:00+05:00,132.330014005423,133.72470883791465,130.75304864151656,132.90057373046875,713794.0,0.0,0.0,0.0,MEBL.KA,
2024-02-20 00:00:00+05:00,131.640606968693,133.84359720126977,130.83232393951013,131.23646545410156,425981.0,0.0,0.0,0.0,MEBL.KA,
2024-02-21 00:00:00+05:00,133.52661314680049,134.23980683730701,132.2586998173248,133.8752899169922,935668.0,0.0,0.0,0.0,MEBL.KA,
2024-02-22 00:00:00+05:00,133.13832391869977,139.82654376072136,133.13832391869977,138.99447631835938,1880159.0,0.0,0.0,0.0,MEBL.KA,
2024-02-23 00:00:00+05:00,139.27181161467516,144.93777237141626,139.27181161467516,144.19288635253906,2582739.0,0.0,0.0,0.0,MEBL.KA,
2024-02-26 00:00:00+05:00,145.01702260028162,148.96338409192006,144.23249992827846,146.15814208984375,1982115.0,0.0,0.0,0.0,MEBL.KA,
2024-02-27 00:00:00+05:00,145.8094712829053,146.91888633641443,144.26421028276144,145.99172973632812,1767204.0,0.0,0.0,0.0,MEBL.KA,
2024-02-28 00:00:00+05:00,146.57023270714822,147.55285408804002,145.41326084275724,145.90457153320312,3097288.0,0.0,0.0,0.0,MEBL.KA,
2024-02-29 00:00:00+05:00,146.4513343443005,150.48486480985522,146.00756836427226,148.89205932617188,1627314.0,0.0,0.0,0.0,MEBL.KA,
2024-03-01 00:00:00+05:00,150.55622675035022,156.11124697233697,148.1868181920153,154.69277954101562,2838550.0,0.0,0.0,0.0,MEBL.KA,
2024-03-04 00:00:00+05:00,155.31878127239096,157.062152929554,151.7924134016418,153.266357421875,643877.0,0.0,0.0,0.0,MEBL.KA,
2024-03-05 00:00:00+05:00,152.9414409418029,155.2315998587654,152.14899824262258,152.72747802734375,316293.0,0.0,0.0,0.0,MEBL.KA,
2024-03-06 00:00:00+05:00,153.7022116072941,154.13012540116264,151.7527969888054,152.505615234375,472381.0,0.0,0.0,0.0,MEBL.KA,
2024-03-07 00:00:00+05:00,154.1301290702685,154.1301290702685,149.7716935438599,150.99205017089844,806139.0,0.0,0.0,0.0,MEBL.KA,
2024-03-08 00:00:00+05:00,151.3565645136413,151.5150506445269,149.01886083085773,149.34376525878906,326384.0,0.0,0.0,0.0,MEBL.KA,
2024-03-11 00:00:00+05:00,148.97923998385411,148.97923998385411,146.96644067889582,148.16302490234375,331290.0,0.0,0.0,0.0,MEBL.KA,
2024-03-12 00:00:00+05:00,148.16304114737554,148.93963175739657,147.56078893229855,148.218505859375,679259.0,0.0,0.0,0.0,MEBL.KA,
2024-03-13 00:00:00+05:00,147.79058914273656,148.58303197996304,147.38644764876958,147.7826690673828,1482780.0,0.0,0.0,0.0,MEBL.KA,
2024-03-14 00:00:00+05:00,147.79060131483502,151.99055111638864,147.79060131483502,150.9603729248047,1429431.0,0.0,0.0,0.0,MEBL.KA,
2024-03-15 00:00:00+05:00,151.75279879606737,154.13012723673683,150.36602387234353,152.8542938232422,987738.0,0.0,0.0,0.0,MEBL.KA,
2024-03-18 00:00:00+05:00,152.9414567139099,156.90367061841533,152.9414567139099,155.60406494140625,1546946.0,0.0,0.0,0.0,MEBL.KA,
2024-03-19 00:00:00+05:00,156.89575406400715,162.2130384717995,156.11123134029395,159.51873779296875,4094341.0,0.0,0.0,0.0,MEBL.KA,
2024-03-20 00:00:00+05:00,160.07345455009664,161.6424879961442,159.2810117057892,161.02438354492188,1795871.0,0.0,0.0,0.0,MEBL.KA,
2024-03-21 00:00:00+05:00,160.85939528590794,164.73651665483024,160.85939528590794,162.05552673339844,2375031.0,8.0,0.0,0.0,MEBL.KA,
2024-03-22 00:00:00+05:00,161.89054446634498,163.7466144029018,161.2718544874927,162.7237091064453,1295025.0,0.0,0.0,0.0,MEBL.KA,
2024-03-26 00:00:00+05:00,165.7263962889963,172.57323370435358,164.98397344341228,170.7501678466797,3646215.0,0.0,0.0,0.0,MEBL.KA,
2024-03-27 00:00:00+05:00,171.67407218503837,174.79226824189854,171.67407218503837,173.45590209960938,2375850.0,0.0,0.0,0.0,MEBL.KA,
2024-03-28 00:00:00+05:00,174.05808678624248,175.62542945225013,173.64562686494807,174.2230682373047,4787576.0,0.0,0.0,0.0,MEBL.KA,
2024-03-29 00:00:00+05:00,174.46235019635935,177.26707340042168,174.06637949977917,176.21942138671875,1764939.0,0.0,0.0,0.0,MEBL.KA,
2024-04-01 00:00:00+05:00,177.15155177637746,179.66756003501115,176.54936376276316,177.30828857421875,1033148.0,0.0,0.0,0.0,MEBL.KA,
2024-04-02 00:00:00+05:00,177.34128714830976,179.0076289700731,177.34128714830976,177.99298095703125,1763596.0,0.0,0.0,0.0,MEBL.KA,
2024-04-03 00:00:00+05:00,178.81789631029872,178.96637585543914,173.24968679650732,175.32847595214844,1020085.0,0.0,0.0,0.0,MEBL.KA,
2024-04-04 00:00:00+05:00,175.32847420936423,180.08002100309398,174.05810307132228,179.43658447265625,1468620.0,0.0,0.0,0.0,MEBL.KA,
2024-04-08 00:00:00+05:00,179.83253375720295,186.09367262257342,178.18269399796256,184.95529174804688,1856452.0,0.0,0.0,0.0,MEBL.KA,
2024-04-09 00:00:00+05:00,186.43189927367052,196.33093817315745,186.10193634526584,189.58309936523438,2593637.0,0.0,0.0,0.0,MEBL.KA,
2024-04-15 00:00:00+05:00,188.91489314985844,192.20632793213358,188.1889722303223,188.8736572265625,4388357.0,0.0,0.0,0.0,MEBL.KA,
2024-04-16 00:00:00+05:00,187.29807049320598,190.55650166218143,187.29807049320598,188.20547485351562,931991.0,0.0,0.0,0.0,MEBL.KA,
2024-04-17 00:00:00+05:00,187.26507656367107,189.7315917883402,185.60699196685454,189.39337158203125,1623482.0,0.0,0.0,0.0,MEBL.KA,
2024-04-18 00:00:00+05:00,189.73157421094643,191.3814139866938,178.59515572465173,180.65745544433594,5230338.0,0.0,0.0,0.0,MEBL.KA,
2024-04-19 00:00:00+05:00,182.3073167362362,189.07165809768125,179.2551153083344,183.69317626953125,2123553.0,0.0,0.0,0.0,MEBL.KA,
2024-04-22 00:00:00+05:00,185.35952004474782,187.17434151321456,182.77752902412638,184.3613739013672,1604012.0,0.0,0.0,0.0,MEBL.KA,
2024-04-23 00:00:00+05:00,183.9571595926915,184.36961959177827,179.0076396036505,180.00579833984375,1254857.0,0.0,0.0,0.0,MEBL.KA,
2024-04-24 00:00:00+05:00,180.6162039394178,182.14231074160574,177.44026997610104,177.9599609375,1091952.0,0.0,0.0,0.0,MEBL.KA,
2024-04-25 00:00:00+05:00,178.59516486977836,181.23490612868875,175.6666966004162,179.42832946777344,3631747.0,0.0,0.0,0.0,MEBL.KA,
2024-04-26 00:00:00+05:00,180.45946704644143,183.54467190562357,179.3458327692687,182.1258087158203,1745546.0,0.0,0.0,0.0,MEBL.KA,
2024-04-29 00:00:00+05:00,184.10229273971757,187.33962011273658,178.820310184928,180.99273681640625,1517912.0,7.0,0.0,0.0,MEBL.KA,
2024-04-30 00:00:00+05:00,184.6134566598333,184.6134566598333,180.6093833090021,181.18869018554688,821836.0,0.0,0.0,0.0,MEBL.KA,
2024-05-02 00:00:00+05:00,180.8649825108944,181.71691364566126,178.9055383010431,179.88525390625,1008057.0,0.0,0.0,0.0,MEBL.KA,
2024-05-03 00:00:00+05:00,180.52419603180155,184.01711876366446,179.84266154704133,182.67958068847656,917389.0,0.0,0.0,0.0,MEBL.KA,
2024-05-06 00:00:00+05:00,184.8520020436556,184.8520020436556,181.85321400254065,182.35585021972656,338513.0,0.0,0.0,0.0,MEBL.KA,
2024-05-07 00:00:00+05:00,182.31324577405542,182.31324577405542,179.2462887762127,179.85968017578125,1070008.0,0.0,0.0,0.0,MEBL.KA,
2024-05-08 00:00:00+05:00,181.444298244145,181.444298244145,178.05361580314312,179.7915496826172,909953.0,0.0,0.0,0.0,MEBL.KA,
2024-05-09 00:00:00+05:00,181.23982792860127,181.2483425598526,179.00775959423999,179.78302001953125,881765.0,0.0,0.0,0.0,MEBL.KA,
2024-05-10 00:00:00+05:00,180.60939725330255,181.41872921657847,179.3315005746235,180.03009033203125,3379285.0,0.0,0.0,0.0,MEBL.KA,
2024-05-13 00:00:00+05:00,179.75746493135568,181.6572676744371,179.5870813085594,179.80006408691406,807659.0,0.0,0.0,0.0,MEBL.KA,
2024-05-14 00:00:00+05:00,179.80007799038484,186.57292826590327,179.78303572695623,184.89462280273438,1304562.0,0.0,0.0,0.0,MEBL.KA,
2024-05-15 00:00:00+05:00,185.4654017071478,190.61958756866852,185.4654017071478,189.1201934814453,2617264.0,0.0,0.0,0.0,MEBL.KA,
2024-05-16 00:00:00+05:00,189.7250616942182,192.96240261614255,189.12871249794102,190.9859161376953,3134728.0,0.0,0.0,0.0,MEBL.KA,
2024-05-17 00:00:00+05:00,191.68448246939352,192.11044798599215,189.98062040299888,190.3980712890625,918987.0,0.0,0.0,0.0,MEBL.KA,
2024-05-20 00:00:00+05:00,190.49179354312218,192.40863846160397,189.57170642231853,191.87191772460938,841740.0,0.0,0.0,0.0,MEBL.KA,
2024-05-21 00:00:00+05:00,192.45122737747093,201.90766764412226,190.83256351174424,199.90562438964844,2757096.0,0.0,0.0,0.0,MEBL.KA,
2024-05-22 00:00:00+05:00,200.20380349459745,203.56892865557677,197.6480102584962,201.20907592773438,1927786.0,0.0,0.0,0.0,MEBL.KA,
2024-05-23 00:00:00+05:00,200.20381382269423,202.32512699788956,199.77784826136934,200.67237854003906,403204.0,0.0,0.0,0.0,MEBL.KA,
2024-05-24 00:00:00+05:00,200.6297681894609,207.76895475873997,200.6297681894609,205.37503051757812,8615485.0,0.0,0.0,0.0,MEBL.KA,
2024-05-27 00:00:00+05:00,205.3750312783428,207.8711830979451,203.61152770659376,205.62208557128906,865800.0,0.0,0.0,0.0,MEBL.KA,
2024-05-28 00:00:00+05:00,205.62208557128906,205.62208557128906,205.62208557128906,205.62208557128906,0.0,0.0,0.0,0.0,MEBL.KA,
2024-05-29 00:00:00+05:00,206.16732530310946,206.16732530310946,204.2930794911504,205.2472381591797,962411.0,0.0,0.0,0.0,MEBL.KA,
2024-05-30 00:00:00+05:00,206.09915574757983,206.5421635284599,204.59123416612772,205.26426696777344,1315420.0,0.0,0.0,0.0,MEBL.KA,
2024-05-31 00:00:00+05:00,205.26427669396284,210.1713950397195,205.26427669396284,209.62615966796875,1048137.0,0.0,0.0,0.0,MEBL.KA,
2024-06-03 00:00:00+05:00,209.6602379981536,210.42697074847476,205.74134994233464,207.07888793945312,1703377.0,0.0,0.0,0.0,MEBL.KA,
2024-06-04 00:00:00+05:00,206.5932976615409,207.01926322372967,205.14501734998666,205.3324432373047,1636665.0,0.0,0.0,0.0,MEBL.KA,
2024-06-05 00:00:00+05:00,204.6423779604848,205.69876421883308,202.33363892916182,205.2813262939453,1482973.0,0.0,0.0,0.0,MEBL.KA,
2024-06-06 00:00:00+05:00,204.46345892066915,205.52837276921431,202.34214585457005,203.64559936523438,933385.0,0.0,0.0,0.0,MEBL.KA,
2024-06-07 00:00:00+05:00,205.289798838626,205.289798838626,187.98708359566953,196.05487060546875,2707686.0,0.0,0.0,0.0,MEBL.KA,
2024-06-10 00:00:00+05:00,196.77905095169135,196.77905095169135,190.50032261372107,193.20945739746094,521770.0,0.0,0.0,0.0,MEBL.KA,
2024-06-11 00:00:00+05:00,195.0922074983873,195.0922074983873,186.99886264583412,189.3246307373047,1039627.0,0.0,0.0,0.0,MEBL.KA,
2024-06-12 00:00:00+05:00,189.1287135686495,191.17334311015713,187.59523491279992,190.09991455078125,757265.0,0.0,0.0,0.0,MEBL.KA,
2024-06-13 00:00:00+05:00,190.09991272234623,200.20381649164685,189.98064288356275,198.4999542236328,1584794.0,0.0,0.0,0.0,MEBL.KA,
2024-06-14 00:00:00+05:00,199.77784363973302,207.82858996264082,197.65653051361187,206.58477783203125,3177696.0,0.0,0.0,0.0,MEBL.KA,
2024-06-20 00:00:00+05:00,207.01924574197625,219.37224600229993,207.01924574197625,217.71949768066406,2276547.0,0.0,0.0,0.0,MEBL.KA,
2024-06-21 00:00:00+05:00,217.66840758331261,224.81612237049873,208.72313055934086,210.7251739501953,2221530.0,0.0,0.0,0.0,MEBL.KA,
2024-06-24 00:00:00+05:00,210.725174552439,212.13085574616258,203.27077701115817,204.53163146972656,1004030.0,0.0,0.0,0.0,MEBL.KA,
2024-06-25 00:00:00+05:00,204.48052555992595,206.33772929347194,203.61155211607326,204.659423828125,1540226.0,0.0,0.0,0.0,MEBL.KA,
2024-06-26 00:00:00+05:00,204.8894145615686,206.7636602445731,202.7595869673735,203.69671630859375,940542.0,0.0,0.0,0.0,MEBL.KA,
2024-06-27 00:00:00+05:00,204.50605189900872,206.5762381183373,200.20379748091457,201.7543182373047,572608.0,0.0,0.0,0.0,MEBL.KA,
2024-06-28 00:00:00+05:00,201.90767180096864,205.10241344338903,200.20380959167775,203.94378662109375,1001578.0,0.0,0.0,0.0,MEBL.KA,
2024-07-01 00:00:00+05:00,204.46346729620268,206.59329508053813,202.75109043739437,203.10037231445312,751953.0,0.0,0.0,0.0,MEBL.KA,
2024-07-02 00:00:00+05:00,203.1855491513683,205.7413422224547,203.1855491513683,204.77865600585938,933377.0,0.0,0.0,0.0,MEBL.KA,
2024-07-03 00:00:00+05:00,205.31538490446948,206.16731596216437,203.95229001238312,204.42938232421875,1195930.0,0.0,0.0,0.0,MEBL.KA,
2024-07-04 00:00:00+05:00,204.8894463846506,206.84889067553488,203.61154962965279,206.16734313964844,963460.0,0.0,0.0,0.0,MEBL.KA,
2024-07-05 00:00:00+05:00,206.76368874068314,208.08418463096166,204.0375116442797,204.54867553710938,3371691.0,0.0,0.0,0.0,MEBL.KA,
2024-07-08 00:00:00+05:00,205.23019851214224,206.1673279297797,203.27076736525183,203.73080444335938,588101.0,0.0,0.0,0.0,MEBL.KA,
2024-07-09 00:00:00+05:00,204.46345557173615,205.9884064581233,202.75107881111995,203.1344451904297,1659890.0,0.0,0.0,0.0,MEBL.KA,
2024-07-10 00:00:00+05:00,203.61152908912166,204.29307655625294,201.95026607510195,202.75108337402344,569043.0,0.0,0.0,0.0,MEBL.KA,
2024-07-11 00:00:00+05:00,202.33362511369026,202.75107600951137,201.05572853402487,201.7543182373047,591806.0,0.0,0.0,0.0,MEBL.KA,
2024-07-12 00:00:00+05:00,201.0557342398757,203.35594554866492,195.94414777615003,202.0695343017578,995728.0,0.0,0.0,0.0,MEBL.KA,
2024-07-15 00:00:00+05:00,204.8894222563179,206.5932843956636,201.05573244279014,202.052490234375,1598960.0,0.0,0.0,0.0,MEBL.KA,
2024-07-16 00:00:00+05:00,202.052490234375,202.052490234375,202.052490234375,202.052490234375,0.0,0.0,0.0,0.0,MEBL.KA,
2024-07-17 00:00:00+05:00,202.052490234375,202.052490234375,202.052490234375,202.052490234375,0.0,0.0,0.0,0.0,MEBL.KA,
2024-07-18 00:00:00+05:00,203.17704678385036,206.38030294648365,201.69468203335398,205.37503051757812,1400102.0,0.0,0.0,0.0,MEBL.KA,
2024-07-19 00:00:00+05:00,206.15880912883887,206.15880912883887,202.3336338553138,204.09713745117188,1327195.0,0.0,0.0,0.0,MEBL.KA,
2024-07-22 00:00:00+05:00,203.52633352814863,206.57624841016548,200.2038074552616,201.0386962890625,3418732.0,0.0,0.0,0.0,MEBL.KA,
2024-07-23 00:00:00+05:00,201.055742692656,204.37826883398859,201.055742692656,202.6403350830078,783996.0,0.0,0.0,0.0,MEBL.KA,
2024-07-24 00:00:00+05:00,204.37826499105682,207.87118768888246,201.0557389121978,207.01925659179688,1501062.0,0.0,0.0,0.0,MEBL.KA,
2024-07-25 00:00:00+05:00,208.55272404664709,208.55272404664709,203.61152134712256,204.20787048339844,381002.0,0.0,0.0,0.0,MEBL.KA,
2024-07-26 00:00:00+05:00,203.6200518729816,204.80423560725438,200.71497663960892,201.55838012695312,599189.0,0.0,0.0,0.0,MEBL.KA,
2024-07-29 00:00:00+05:00,202.75959317427248,203.78190785089416,201.90766211051505,202.48696899414062,436320.0,0.0,0.0,0.0,MEBL.KA,
2024-07-30 00:00:00+05:00,204.122699523749,204.122699523749,201.05574232244533,202.8448028564453,348340.0,0.0,0.0,0.0,MEBL.KA,
2024-07-31 00:00:00+05:00,202.84479864938672,206.0821264065299,202.75960034022535,203.02369689941406,308107.0,0.0,0.0,0.0,MEBL.KA,
2024-08-01 00:00:00+05:00,202.75961097317986,205.11093623576042,202.75961097317986,204.0630645751953,244448.0,0.0,0.0,0.0,MEBL.KA,
2024-08-02 00:00:00+05:00,203.61154067687264,204.88943737568147,203.60302604534473,204.49754333496094,218841.0,0.0,0.0,0.0,MEBL.KA,
2024-08-05 00:00:00+05:00,204.88941026959904,205.23017747775754,201.65206979435024,203.21961975097656,899172.0,0.0,0.0,0.0,MEBL.KA,
2024-08-06 00:00:00+05:00,203.18556944709871,206.0821300172196,202.67440558204817,205.4943084716797,1145706.0,0.0,0.0,0.0,MEBL.KA,
2024-08-07 00:00:00+05:00,205.49430150383114,206.40586099962331,204.47197380839486,206.0736083984375,587585.0,0.0,0.0,0.0,MEBL.KA,
2024-08-08 00:00:00+05:00,206.16729600656262,206.97662783314766,204.46343405609517,206.1332244873047,1082045.0,0.0,0.0,0.0,MEBL.KA,
2024-08-09 00:00:00+05:00,206.13326135103077,211.65377141796083,204.77016634711444,209.13204956054688,845899.0,0.0,0.0,0.0,MEBL.KA,
2024-08-12 00:00:00+05:00,211.18518997527133,211.27890291186293,205.18760103171883,205.3409423828125,308309.0,0.0,0.0,0.0,MEBL.KA,
2024-08-13 00:00:00+05:00,206.16732611681468,206.16732611681468,202.8873861833633,204.3697509765625,303842.0,0.0,0.0,0.0,MEBL.KA,
2024-08-15 00:00:00+05:00,204.0375064459965,206.4229162193654,203.1855753126103,205.80101013183594,609828.0,0.0,0.0,0.0,MEBL.KA,
2024-08-16 00:00:00+05:00,205.82654738133337,212.54828286223548,205.82654738133337,211.5259552001953,3126150.0,0.0,0.0,0.0,MEBL.KA,
2024-08-19 00:00:00+05:00,212.14837726907717,215.56729204799646,208.24730441196178,212.08700561523438,2111123.0,7.0,0.0,0.0,MEBL.KA,
2024-08-20 00:00:00+05:00,212.14837566107548,213.9016680219108,211.44705604142953,212.20974731445312,439069.0,0.0,0.0,0.0,MEBL.KA,
2024-08-21 00:00:00+05:00,213.02501124446363,213.02501124446363,211.27171897084662,212.07823181152344,706608.0,0.0,0.0,0.0,MEBL.KA,
2024-08-22 00:00:00+05:00,212.07824315036302,212.56040122669813,210.39508408288702,210.4389190673828,103794.0,0.0,0.0,0.0,MEBL.KA,
2024-08-23 00:00:00+05:00,210.39510183871008,211.59610293120676,210.39510183871008,211.25421142578125,592637.0,0.0,0.0,0.0,MEBL.KA,
2024-08-26 00:00:00+05:00,211.25418576171822,211.66621052288932,209.51843012785278,210.5791778564453,255553.0,0.0,0.0,0.0,MEBL.KA,
2024-08-27 00:00:00+05:00,210.61425345122845,211.04381491274665,209.9567687890498,210.2986602783203,162383.0,0.0,0.0,0.0,MEBL.KA,
2024-08-28 00:00:00+05:00,210.3950858404185,210.8246472895707,208.33496194094067,209.60610961914062,273235.0,0.0,0.0,0.0,MEBL.KA,
2024-08-29 00:00:00+05:00,210.38633563069402,210.38633563069402,207.15150886980257,207.46710205078125,1001804.0,0.0,0.0,0.0,MEBL.KA,
2024-08-30 00:00:00+05:00,206.80083398974125,208.378799830855,205.5735346558525,206.38880920410156,315746.0,0.0,0.0,0.0,MEBL.KA,
2024-09-02 00:00:00+05:00,207.66873292467326,207.66873292467326,201.71631067835088,202.47898864746094,457054.0,0.0,0.0,0.0,MEBL.KA,
2024-09-03 00:00:00+05:00,202.50524837646952,206.8884788608087,199.43698703743212,200.57662963867188,1016702.0,0.0,0.0,0.0,MEBL.KA,
2024-09-04 00:00:00+05:00,202.06694634570147,202.06694634570147,197.22785564222463,197.63111877441406,377519.0,0.0,0.0,0.0,MEBL.KA,
2024-09-05 00:00:00+05:00,198.12203499417927,198.9986811667199,195.50085812272158,196.21095275878906,433157.0,0.0,0.0,0.0,MEBL.KA,
2024-09-06 00:00:00+05:00,196.77201089845218,197.68371705595092,193.30048607910058,194.2560272216797,637181.0,0.0,0.0,0.0,MEBL.KA,
2024-09-09 00:00:00+05:00,194.60670915609813,195.90414188268244,191.3017489920666,192.5465850830078,478443.0,0.0,0.0,0.0,MEBL.KA,
2024-09-10 00:00:00+05:00,193.73882313029046,194.44014281240902,190.91602110776955,193.5985565185547,914732.0,0.0,0.0,0.0,MEBL.KA,
2024-09-11 00:00:00+05:00,194.1771344922668,196.36875000572354,189.03122554716944,189.8903350830078,465653.0,0.0,0.0,0.0,MEBL.KA,
2024-09-12 00:00:00+05:00,190.14457147495494,191.10888772695372,189.27670022471662,190.0043182373047,384279.0,0.0,0.0,0.0,MEBL.KA,
2024-09-13 00:00:00+05:00,192.862178523293,192.862178523293,187.01494953416042,188.46141052246094,585444.0,0.0,0.0,0.0,MEBL.KA,
2024-09-16 00:00:00+05:00,188.46139835817223,191.1088736560924,185.8489963995027,186.41004943847656,456975.0,0.0,0.0,0.0,MEBL.KA,
2024-09-17 00:00:00+05:00,186.41004943847656,186.41004943847656,186.41004943847656,186.41004943847656,0.0,0.0,0.0,0.0,MEBL.KA,
2024-09-18 00:00:00+05:00,186.41006599096053,191.97677526577712,186.41006599096053,190.8721923828125,1364327.0,0.0,0.0,0.0,MEBL.KA,
2024-09-19 00:00:00+05:00,191.10886144681723,199.393164921379,190.94229653741695,197.77137756347656,1577593.0,0.0,0.0,0.0,MEBL.KA,
2024-09-20 00:00:00+05:00,198.91104458352302,207.76517776286013,198.90228293588834,206.8972930908203,2089920.0,0.0,0.0,0.0,MEBL.KA,
2024-09-23 00:00:00+05:00,206.9147944649093,207.98430386258875,203.3380764856048,205.15274047851562,328336.0,0.0,0.0,0.0,MEBL.KA,
2024-09-24 00:00:00+05:00,206.01187187779342,206.86221982332873,199.75261809282415,204.18844604492188,623784.0,0.0,0.0,0.0,MEBL.KA,
2024-09-25 00:00:00+05:00,204.25856671965823,206.8972669934795,203.381920510561,205.6699676513672,2475481.0,0.0,0.0,0.0,MEBL.KA,
2024-09-26 00:00:00+05:00,206.88850314719062,207.77391099340323,203.3819183480857,204.57415771484375,301120.0,0.0,0.0,0.0,MEBL.KA,
2024-09-27 00:00:00+05:00,205.13519660244037,205.13519660244037,201.7601036154093,203.02247619628906,138139.0,0.0,0.0,0.0,MEBL.KA,
2024-09-30 00:00:00+05:00,203.38192933966593,204.08324901270097,182.71937087350358,200.0068359375,285910.0,0.0,0.0,0.0,MEBL.KA,
2024-10-01 00:00:00+05:00,200.00682945321373,200.7519840897603,197.24539921483,198.92855834960938,234917.0,0.0,0.0,0.0,MEBL.KA,
2024-10-02 00:00:00+05:00,199.3405865803792,201.6198721390165,198.12204885038832,200.68185424804688,245754.0,0.0,0.0,0.0,MEBL.KA,
2024-10-03 00:00:00+05:00,200.53281686603765,203.3819169963748,198.99868602662534,201.87408447265625,494213.0,0.0,0.0,0.0,MEBL.KA,
2024-10-04 00:00:00+05:00,201.6286276561261,207.98431265833008,201.6286276561261,207.3268280029297,1542157.0,0.0,0.0,0.0,MEBL.KA,
2024-10-07 00:00:00+05:00,207.76514468512786,211.710052495605,207.76514468512786,210.1671600341797,776316.0,0.0,0.0,0.0,MEBL.KA,
2024-10-08 00:00:00+05:00,210.16718643866932,212.35880216427944,210.16718643866932,211.78021240234375,1240040.0,0.0,0.0,0.0,MEBL.KA,
2024-10-09 00:00:00+05:00,211.78021240234375,211.78021240234375,211.78021240234375,211.78021240234375,0.0,0.0,0.0,0.0,MEBL.KA,
2024-10-10 00:00:00+05:00,211.3068002233262,213.9016789354425,211.05257870372043,211.2279052734375,566684.0,0.0,0.0,0.0,MEBL.KA,
2024-10-11 00:00:00+05:00,211.4908900043071,213.0250208126285,209.52719775409443,210.9385986328125,431871.0,0.0,0.0,0.0,MEBL.KA,
2024-10-14 00:00:00+05:00,211.27174543411866,213.89292252705798,211.27174543411866,211.64869689941406,244769.0,0.0,0.0,0.0,MEBL.KA,
2024-10-15 00:00:00+05:00,212.1483851460969,212.93736139312378,210.83341581667895,212.44644165039062,290008.0,0.0,0.0,0.0,MEBL.KA,
2024-10-16 00:00:00+05:00,212.44644957812102,213.8929239203938,210.31620560571963,210.43016052246094,637454.0,0.0,0.0,0.0,MEBL.KA,
2024-10-17 00:00:00+05:00,210.83342368421705,212.57795454190594,206.8972771957151,210.43016052246094,1343617.0,0.0,0.0,0.0,MEBL.KA,
2024-10-18 00:00:00+05:00,210.39509403486147,212.23605645829045,210.39509403486147,211.2279052734375,615843.0,0.0,0.0,0.0,MEBL.KA,
2024-10-21 00:00:00+05:00,212.14839352876825,213.02503978301934,210.83342414739158,211.14901733398438,721430.0,0.0,0.0,0.0,MEBL.KA,
2024-10-22 00:00:00+05:00,211.57856005564992,212.58669780803345,211.05256699910947,211.43829345703125,282690.0,0.0,0.0,0.0,MEBL.KA,
2024-10-23 00:00:00+05:00,212.14838526034958,212.14838526034958,210.83341593022345,211.23667907714844,618763.0,0.0,0.0,0.0,MEBL.KA,
2024-10-24 00:00:00+05:00,211.79773116500493,213.3669220061719,211.27173808470957,212.1746826171875,1050602.0,0.0,0.0,0.0,MEBL.KA,
2024-10-25 00:00:00+05:00,212.4113868118184,216.53162146808535,212.4113868118184,215.07638549804688,1397199.0,0.0,0.0,0.0,MEBL.KA,
2024-10-28 00:00:00+05:00,216.44395839002962,218.28492090491213,214.7783358301344,216.54039001464844,971936.0,0.0,0.0,0.0,MEBL.KA,
2024-10-29 00:00:00+05:00,216.0802546984178,218.7959139037537,216.0802546984178,217.73130798339844,6944069.0,7.0,0.0,0.0,MEBL.KA,
2024-10-30 00:00:00+05:00,217.43357538948447,218.29067594162305,214.72693337218797,215.61109924316406,680133.0,0.0,0.0,0.0,MEBL.KA,
2024-10-31 00:00:00+05:00,215.61107860990626,217.61399461236877,208.41141538755534,209.2053680419922,738399.0,0.0,0.0,0.0,MEBL.KA,
2024-11-01 00:00:00+05:00,209.31364433504353,211.56917929555047,207.509216366638,208.8896026611328,1216336.0,0.0,0.0,0.0,MEBL.KA,
2024-11-04 00:00:00+05:00,210.21584435471704,210.66695131685162,206.60698865764033,209.95420837402344,712700.0,0.0,0.0,0.0,MEBL.KA,
2024-11-05 00:00:00+05:00,207.50921237449208,210.21585427502893,205.70478444080084,208.5467529296875,998518.0,0.0,0.0,0.0,MEBL.KA,
2024-11-06 00:00:00+05:00,208.54676176267841,210.21586317871459,208.41143516859685,209.66551208496094,527183.0,0.0,0.0,0.0,MEBL.KA,
2024-11-07 00:00:00+05:00,209.71963789082636,211.02784541468307,207.50921638269708,207.93325805664062,461780.0,0.0,0.0,0.0,MEBL.KA,
2024-11-08 00:00:00+05:00,207.9513011563526,209.31363928361162,205.7047834338942,206.30926513671875,569711.0,0.0,0.0,0.0,MEBL.KA,
2024-11-11 00:00:00+05:00,206.3543794285964,207.41898530058643,205.04617193108442,205.78598022460938,382241.0,0.0,0.0,0.0,MEBL.KA,
2024-11-12 00:00:00+05:00,204.80257206557172,206.5167731092232,203.9003580917146,205.1634521484375,317038.0,0.0,0.0,0.0,MEBL.KA,
2024-11-13 00:00:00+05:00,205.24465525266598,205.6145525073372,201.6899301075853,202.56507873535156,1746993.0,0.0,0.0,0.0,MEBL.KA,
2024-11-14 00:00:00+05:00,203.71992406657316,205.70479211433778,202.46584715654382,204.2432098388672,2737833.0,0.0,0.0,0.0,MEBL.KA,
2024-11-15 00:00:00+05:00,205.7950227869102,210.09857373603396,205.70479587853174,207.98739624023438,3688228.0,0.0,0.0,0.0,MEBL.KA,
2024-11-18 00:00:00+05:00,210.2158706169541,210.2158706169541,204.8025863950583,207.067138671875,1630609.0,0.0,0.0,0.0,MEBL.KA,
2024-11-19 00:00:00+05:00,208.4114274269533,209.31364139849856,206.79647047523207,208.33924865722656,5125765.0,0.0,0.0,0.0,MEBL.KA,
2024-11-20 00:00:00+05:00,209.3136484146041,210.9376363711595,208.41143441281702,209.656494140625,1336674.0,0.0,0.0,0.0,MEBL.KA,
2024-11-21 00:00:00+05:00,209.58429341276357,213.82469602360646,207.50919867269826,212.0563507080078,1434626.0,0.0,0.0,0.0,MEBL.KA,
2024-11-22 00:00:00+05:00,213.82473351056225,233.25843218960512,213.82473351056225,232.2659912109375,5502694.0,0.0,0.0,0.0,MEBL.KA,
2024-11-25 00:00:00+05:00,232.26597786068956,253.52213781814496,227.40304487811957,237.5890350341797,2081690.0,0.0,0.0,0.0,MEBL.KA,
2024-11-26 00:00:00+05:00,234.5756455402726,252.6199259664474,213.833740234375,213.833740234375,9780616.0,0.0,0.0,0.0,MEBL.KA,
2024-11-27 00:00:00+05:00,199.3892806368154,214.72691760887813,199.3892806368154,210.62184143066406,10801776.0,0.0,0.0,0.0,MEBL.KA,
2024-11-28 00:00:00+05:00,209.31364808230623,209.31364808230623,203.53948398671295,205.19955444335938,3149852.0,0.0,0.0,0.0,MEBL.KA,
2024-11-29 00:00:00+05:00,204.35147876305163,208.47460350769657,203.17859776515675,205.1454315185547,2225444.0,0.0,0.0,0.0,MEBL.KA,
2024-12-02 00:00:00+05:00,206.0295864348261,217.42455348562638,205.70478884913342,214.7269287109375,2528738.0,0.0,0.0,0.0,MEBL.KA,
2024-12-03 00:00:00+05:00,214.72693846145492,218.3357945700508,211.9300694706157,212.9856719970703,974532.0,0.0,0.0,0.0,MEBL.KA,
2024-12-04 00:00:00+05:00,213.88785263159136,217.88465353985933,210.66694244951202,211.2804412841797,1588932.0,0.0,0.0,0.0,MEBL.KA,
2024-12-05 00:00:00+05:00,212.02027081005602,221.49351695263297,210.24290828958956,220.2304229736328,2804890.0,0.0,0.0,0.0,MEBL.KA,
2024-12-06 00:00:00+05:00,222.03488790904785,234.57565796268284,217.88469768456886,229.9382781982422,2929183.0,0.0,0.0,0.0,MEBL.KA,
2024-12-09 00:00:00+05:00,231.8689959991778,231.8689959991778,215.62914413931318,223.2257843017578,2625079.0,0.0,0.0,0.0,MEBL.KA,
2024-12-10 00:00:00+05:00,221.04242769257894,229.16235360781653,217.38845827738342,219.72518920898438,3208349.0,0.0,0.0,0.0,MEBL.KA,
2024-12-11 00:00:00+05:00,219.7251793272883,224.42572006416785,219.33723393679773,221.1326446533203,1000996.0,0.0,0.0,0.0,MEBL.KA,
2024-12-12 00:00:00+05:00,222.39574007622633,222.39574007622633,216.00806361797706,217.85760498046875,1861976.0,0.0,0.0,0.0,MEBL.KA,
2024-12-13 00:00:00+05:00,217.88468017472994,218.34480435697762,205.25368422257168,205.72283935546875,4247367.0,0.0,0.0,0.0,MEBL.KA,
2024-12-16 00:00:00+05:00,205.79501491672818,206.5348232237044,201.64482509051473,202.5199737548828,2128923.0,0.0,0.0,0.0,MEBL.KA,
2024-12-17 00:00:00+05:00,199.47953490035363,207.7799015292935,199.47953490035363,203.07034301757812,3652286.0,0.0,0.0,0.0,MEBL.KA,
2024-12-18 00:00:00+05:00,204.80258251998006,207.0039869312358,191.26937222130294,193.7685089111328,2786799.0,0.0,0.0,0.0,MEBL.KA,
2024-12-19 00:00:00+05:00,192.13549269796417,196.23153805566645,189.4649332951262,190.72802734375,3411719.0,0.0,0.0,0.0,MEBL.KA,
2024-12-20 00:00:00+05:00,191.26035329728666,204.3514736511121,190.81826347554176,197.1518096923828,1696946.0,0.0,0.0,0.0,MEBL.KA,
2024-12-23 00:00:00+05:00,203.9003629279665,203.9003629279665,195.39249156071048,199.35321044921875,2240088.0,0.0,0.0,0.0,MEBL.KA,
2024-12-24 00:00:00+05:00,200.11107644040615,203.08838552001774,197.5938915642997,200.05694580078125,5939131.0,0.0,0.0,0.0,MEBL.KA,
2024-12-26 00:00:00+05:00,201.28395319252428,203.31393473574775,198.4870842262946,199.3983154296875,3519507.0,0.0,0.0,0.0,MEBL.KA,
2024-12-27 00:00:00+05:00,200.74261905400556,210.18880092610704,199.18179265715867,207.34683227539062,3683307.0,0.0,0.0,0.0,MEBL.KA,
2024-12-30 00:00:00+05:00,211.11807379617744,222.75662876800746,210.22487698949183,219.72518920898438,6024573.0,0.0,0.0,0.0,MEBL.KA,
2024-12-31 00:00:00+05:00,221.0333904201223,221.0333904201223,214.7269102431077,218.30870056152344,1984119.0,0.0,0.0,0.0,MEBL.KA,
2025-01-01 00:00:00+05:00,218.30870056152344,218.30870056152344,218.30870056152344,218.30870056152344,0.0,0.0,0.0,0.0,MEBL.KA,
2025-01-02 00:00:00+05:00,217.70424110924313,227.80903516314083,217.70424110924313,223.34307861328125,2777521.0,0.0,0.0,0.0,MEBL.KA,
2025-01-03 00:00:00+05:00,222.84684643529036,225.10238131823863,216.89222883762994,222.09800720214844,909251.0,0.0,0.0,0.0,MEBL.KA,
2025-01-06 00:00:00+05:00,222.09802326207077,222.8468625493613,217.4335784388505,218.38992309570312,802312.0,0.0,0.0,0.0,MEBL.KA,
2025-01-07 00:00:00+05:00,219.23800395673183,223.29796699296762,216.53136193257464,221.7642059326172,1286956.0,0.0,0.0,0.0,MEBL.KA,
2025-01-08 00:00:00+05:00,222.84684705406858,225.0482513086095,216.53134936427716,217.85760498046875,637784.0,0.0,0.0,0.0,MEBL.KA,
2025-01-09 00:00:00+05:00,217.8847002056128,218.38993788747646,211.56920164892838,212.01129150390625,1735396.0,0.0,0.0,0.0,MEBL.KA,
2025-01-10 00:00:00+05:00,211.11805898730978,213.31043222262738,209.3136311327174,210.4955291748047,1018318.0,0.0,0.0,0.0,MEBL.KA,
2025-01-13 00:00:00+05:00,211.03687659433373,216.88321936409358,211.03687659433373,213.45480346679688,1616945.0,0.0,0.0,0.0,MEBL.KA,
2025-01-14 00:00:00+05:00,213.82471256721357,215.61109238715176,211.1270878197444,214.1855926513672,1409923.0,0.0,0.0,0.0,MEBL.KA,
2025-01-15 00:00:00+05:00,214.71791842044155,215.62013243558687,212.92250757429278,214.23974609375,1221962.0,0.0,0.0,0.0,MEBL.KA,
2025-01-16 00:00:00+05:00,215.1509866586167,215.1509866586167,212.47140981565695,213.247314453125,1308848.0,0.0,0.0,0.0,MEBL.KA,
2025-01-17 00:00:00+05:00,213.24731131733353,214.72694179415492,212.47140669127512,213.76156616210938,682012.0,0.0,0.0,0.0,MEBL.KA,
2025-01-20 00:00:00+05:00,215.17803183804637,218.2094713278161,213.8247108830901,217.1448516845703,1984007.0,0.0,0.0,0.0,MEBL.KA,
2025-01-21 00:00:00+05:00,218.24555454367066,223.92048814271138,216.98246048825396,221.91757202148438,1218550.0,0.0,0.0,0.0,MEBL.KA,
2025-01-22 00:00:00+05:00,221.94465323641222,226.4557234241442,218.33579708622668,219.2740936279297,1236807.0,0.0,0.0,0.0,MEBL.KA,
2025-01-23 00:00:00+05:00,219.2740687858019,221.49352112406373,217.43355841506866,218.57034301757812,501047.0,0.0,0.0,0.0,MEBL.KA,
2025-01-24 00:00:00+05:00,219.93270980309387,221.4935361625182,218.7868941727522,220.68154907226562,1001560.0,0.0,0.0,0.0,MEBL.KA,
2025-01-27 00:00:00+05:00,221.04241923134657,221.94463318739287,216.08024247309183,218.28164672851562,443230.0,0.0,0.0,0.0,MEBL.KA,
2025-01-28 00:00:00+05:00,216.55841532966392,219.68909886659307,214.15852289635532,215.52989196777344,794683.0,0.0,0.0,0.0,MEBL.KA,
2025-01-29 00:00:00+05:00,215.52989939301742,218.24555854530252,212.9495668324751,213.77960205078125,162586.0,0.0,0.0,0.0,MEBL.KA,
2025-01-30 00:00:00+05:00,213.82471256721357,215.62914052136728,212.9224985901367,214.1855926513672,1229658.0,0.0,0.0,0.0,MEBL.KA,
2025-01-31 00:00:00+05:00,214.72692112058672,219.13874680638824,212.97662384659688,217.11778259277344,814223.0,0.0,0.0,0.0,MEBL.KA,
2025-02-03 00:00:00+05:00,221.04245365742446,225.01219017561465,219.2380254643026,219.79739379882812,1013776.0,0.0,0.0,0.0,MEBL.KA,
2025-02-04 00:00:00+05:00,220.47402752812488,222.39574772516886,215.7283869140151,216.53135681152344,588996.0,0.0,0.0,0.0,MEBL.KA,
2025-02-06 00:00:00+05:00,216.53135867517037,217.43357266965023,212.08345029039722,213.039794921875,1729512.0,0.0,0.0,0.0,MEBL.KA,
2025-02-07 00:00:00+05:00,213.3735848277933,215.35845263099264,212.0202639937904,213.82469177246094,312403.0,0.0,0.0,0.0,MEBL.KA,
2025-02-10 00:00:00+05:00,214.7269246117357,215.50282917570632,211.11806873590822,213.9600372314453,421383.0,0.0,0.0,0.0,MEBL.KA,
2025-02-11 00:00:00+05:00,212.0202980443051,215.62915418122944,212.0202980443051,214.2758331298828,344587.0,0.0,0.0,0.0,MEBL.KA,
2025-02-12 00:00:00+05:00,215.62915499532997,216.30581552355798,212.92251288241786,214.70889282226562,708868.0,0.0,0.0,0.0,MEBL.KA,
2025-02-13 00:00:00+05:00,216.0261241414486,216.9734516025876,213.73449285323096,215.81861877441406,1844800.0,0.0,0.0,0.0,MEBL.KA,
2025-02-14 00:00:00+05:00,216.5313537347295,216.80202068023647,212.4713908522033,213.22023010253906,852505.0,0.0,0.0,0.0,MEBL.KA,
2025-02-17 00:00:00+05:00,213.2382787635197,214.63669941315726,210.98274382321037,211.95712280273438,530609.0,0.0,0.0,0.0,MEBL.KA,
2025-02-18 00:00:00+05:00,211.56916717163995,212.92248807039246,207.50920447538246,211.6684112548828,425272.0,0.0,0.0,0.0,MEBL.KA,
2025-02-19 00:00:00+05:00,212.91348842068146,215.31336721608193,211.12709477519883,213.59014892578125,755375.0,0.0,0.0,0.0,MEBL.KA,
2025-02-20 00:00:00+05:00,213.59014607852234,214.45626380415612,212.51650922207182,213.46383666992188,688331.0,0.0,0.0,0.0,MEBL.KA,
2025-02-21 00:00:00+05:00,213.46383655793488,214.00515669449877,209.7647536746298,211.65940856933594,867974.0,0.0,0.0,0.0,MEBL.KA,
2025-02-24 00:00:00+05:00,212.87739186874538,218.33578935598362,209.99030980415367,216.56744384765625,1270099.0,0.0,0.0,0.0,MEBL.KA,
2025-02-25 00:00:00+05:00,216.52233206437683,217.25312316541775,214.7269213375202,215.5208740234375,1824302.0,0.0,0.0,0.0,MEBL.KA,
2025-02-26 00:00:00+05:00,215.99002865939053,216.5313625724991,212.9405546645126,213.49090576171875,822532.0,0.0,0.0,0.0,MEBL.KA,
2025-02-27 00:00:00+05:00,216.44112294786575,216.44112294786575,213.82470797718477,215.63815307617188,1395752.0,0.0,0.0,0.0,MEBL.KA,
2025-02-28 00:00:00+05:00,214.167577324252,220.95221712303442,214.167577324252,218.24557495117188,2170597.0,0.0,0.0,0.0,MEBL.KA,
2025-03-03 00:00:00+05:00,218.33578505696389,220.0229208088805,217.88467806304456,219.18386840820312,1243582.0,0.0,0.0,0.0,MEBL.KA,
2025-03-04 00:00:00+05:00,219.18386840820312,219.18386840820312,219.18386840820312,219.18386840820312,0.0,0.0,0.0,0.0,MEBL.KA,
2025-03-05 00:00:00+05:00,219.23800549562333,220.95220661627803,218.05610733944954,219.4455108642578,739302.0,0.0,0.0,0.0,MEBL.KA,
2025-03-06 00:00:00+05:00,219.4454955494992,219.4454955494992,216.08024136537207,216.5764617919922,1293908.0,0.0,0.0,0.0,MEBL.KA,
2025-03-07 00:00:00+05:00,218.3267538679164,218.3267538679164,215.26824919600728,215.48477172851562,585205.0,0.0,0.0,0.0,MEBL.KA,
2025-03-10 00:00:00+05:00,215.62912967653438,217.88466450578682,213.36457766397405,215.69229125976562,1718709.0,0.0,0.0,0.0,MEBL.KA,
2025-03-11 00:00:00+05:00,216.71179967342883,220.049988714341,216.71179967342883,217.614013671875,1766776.0,0.0,0.0,0.0,MEBL.KA,
2025-03-12 00:00:00+05:00,219.14777645434924,219.68911036438845,215.65621265800652,216.56744384765625,1519352.0,0.0,0.0,0.0,MEBL.KA,
2025-03-13 00:00:00+05:00,217.65011481169313,218.24556560130574,217.072698390434,217.43357849121094,323714.0,0.0,0.0,0.0,MEBL.KA,
2025-03-14 00:00:00+05:00,218.11021876947856,219.67104502223475,217.117777934378,218.14630126953125,1053094.0,0.0,0.0,0.0,MEBL.KA,
2025-03-17 00:00:00+05:00,217.89369025472172,219.77932790878913,217.71325021462667,219.47256469726562,2204251.0,0.0,0.0,0.0,MEBL.KA,
2025-03-18 00:00:00+05:00,219.68911626743792,221.43941368800964,219.12071702329317,220.85296630859375,2126714.0,0.0,0.0,0.0,MEBL.KA,
2025-03-19 00:00:00+05:00,220.1402094677241,224.2001723472518,220.00488287841694,223.29795837402344,2294747.0,0.0,0.0,0.0,MEBL.KA,
2025-03-20 00:00:00+05:00,224.69065978262287,226.54760738413214,223.3908021285207,223.7900390625,1585100.0,7.0,0.0,0.0,MEBL.KA,
2025-03-21 00:00:00+05:00,224.69068650871154,225.47989500018065,222.27664867265466,222.69447326660156,713313.0,0.0,0.0,0.0,MEBL.KA,
2025-03-24 00:00:00+05:00,222.6944488478249,224.69066187104715,218.09849215746286,218.6370086669922,812469.0,0.0,0.0,0.0,MEBL.KA,
2025-03-25 00:00:00+05:00,219.1198287176644,224.21715525716078,219.1198287176644,222.01666259765625,715765.0,0.0,0.0,0.0,MEBL.KA,
2025-03-26 00:00:00+05:00,222.83370860360208,228.311698273153,222.83370860360208,227.3832244873047,1155936.0,0.0,0.0,0.0,MEBL.KA,
2025-03-27 00:00:00+05:00,227.47607534067376,230.25221703386566,225.61912778687233,229.70440673828125,550356.0,0.0,0.0,0.0,MEBL.KA,
2025-03-28 00:00:00+05:00,229.70440673828125,229.70440673828125,229.70440673828125,229.70440673828125,0.0,0.0,0.0,0.0,MEBL.KA,
2025-03-31 00:00:00+05:00,229.70440673828125,229.70440673828125,229.70440673828125,229.70440673828125,0.0,0.0,0.0,0.0,MEBL.KA,
2025-04-03 00:00:00+05:00,229.7508350880242,239.54623634571564,227.01184025785844,238.1163787841797,1421036.0,0.0,0.0,0.0,MEBL.KA,
2025-04-04 00:00:00+05:00,238.33923877665802,257.18724581862693,238.33923877665802,246.35194396972656,3876121.0,0.0,0.0,0.0,MEBL.KA,
2025-04-07 00:00:00+05:00,246.97402394361043,246.97402394361043,223.76217958800794,238.50634765625,2160581.0,0.0,0.0,0.0,MEBL.KA,
2025-04-08 00:00:00+05:00,238.50635076099428,244.6435488878162,237.68928929547766,241.99742126464844,1526036.0,0.0,0.0,0.0,MEBL.KA,
2025-04-09 00:00:00+05:00,240.47471827578676,242.2388128587319,232.1463070152383,241.28248596191406,648391.0,0.0,0.0,0.0,MEBL.KA,
2025-04-10 00:00:00+05:00,247.90252503103875,248.7381458529526,236.76083851278983,238.67349243164062,1214827.0,0.0,0.0,0.0,MEBL.KA,
2025-04-11 00:00:00+05:00,236.7608300137466,240.2797538131776,235.73022348110896,237.59645080566406,384202.0,0.0,0.0,0.0,MEBL.KA,
2025-04-14 00:00:00+05:00,239.03558982841585,241.31033362503413,236.760817697026,239.67623901367188,853512.0,0.0,0.0,0.0,MEBL.KA,
2025-04-15 00:00:00+05:00,240.01978969207647,242.33168056598058,236.76083733457872,237.70787048339844,1009297.0,0.0,0.0,0.0,MEBL.KA,
2025-04-16 00:00:00+05:00,237.70786358194076,240.8461097114138,232.30415317141004,234.98744201660156,988044.0,0.0,0.0,0.0,MEBL.KA,
2025-04-17 00:00:00+05:00,234.89458980955487,236.57512510680266,233.97539565493733,234.82958984375,420150.0,0.0,0.0,0.0,MEBL.KA,
2025-04-18 00:00:00+05:00,234.90388407068332,240.4747271711738,233.0469363705198,237.3643341064453,1281552.0,0.0,0.0,0.0,MEBL.KA,
2025-04-21 00:00:00+05:00,238.61776591201837,260.90113704777104,238.43205981864512,259.044189453125,5496803.0,0.0,0.0,0.0,MEBL.KA,
2025-04-22 00:00:00+05:00,259.9726529025112,260.38118362385393,249.29520465830092,250.59506225585938,2414444.0,0.0,0.0,0.0,MEBL.KA,
2025-04-23 00:00:00+05:00,250.6879123188756,253.0090966921985,246.88116427967196,249.9451446533203,824645.0,0.0,0.0,0.0,MEBL.KA,
2025-04-24 00:00:00+05:00,241.40317217091592,250.687909562105,241.40317217091592,246.2312469482422,1073742.0,0.0,0.0,0.0,MEBL.KA,
2025-04-25 00:00:00+05:00,246.23126240973733,253.34334676337676,246.23126240973733,252.18275451660156,2091238.0,0.0,0.0,0.0,MEBL.KA,
2025-04-28 00:00:00+05:00,253.84476816869193,259.9262894439667,252.1827918912612,257.4379577636719,1580632.0,0.0,0.0,0.0,MEBL.KA,
2025-04-29 00:00:00+05:00,257.43793556284635,263.2768961066365,255.27572255664958,259.0476989746094,1992907.0,7.0,0.0,0.0,MEBL.KA,
2025-04-30 00:00:00+05:00,257.1807559872311,258.9905406785977,250.51310675793255,251.6656494140625,1636928.0,0.0,0.0,0.0,MEBL.KA,
2025-05-02 00:00:00+05:00,254.32321303959733,261.476658034176,251.4656488481412,260.2669372558594,674314.0,0.0,0.0,0.0,MEBL.KA,
2025-05-05 00:00:00+05:00,261.94336943546125,262.8863562634627,256.2282413750512,259.1143798828125,422772.0,0.0,0.0,0.0,MEBL.KA,
2025-05-06 00:00:00+05:00,258.55241175026225,261.4480849523012,254.79947509993414,256.5616455078125,643335.0,0.0,0.0,0.0,MEBL.KA,
2025-05-07 00:00:00+05:00,238.13986134074605,259.0858113990792,238.13986134074605,250.40835571289062,1779567.0,0.0,0.0,0.0,MEBL.KA,
2025-05-08 00:00:00+05:00,248.60806788174227,256.2282385447842,225.36655317319327,241.05458068847656,2366753.0,0.0,0.0,0.0,MEBL.KA,
2025-05-09 00:00:00+05:00,240.987891164289,245.7504977090378,233.36772069269094,244.0740509033203,1243316.0,0.0,0.0,0.0,MEBL.KA,
2025-05-12 00:00:00+05:00,266.70595202143767,268.4776276069177,257.19027396378107,268.4585876464844,5642903.0,0.0,0.0,0.0,MEBL.KA,
2025-05-13 00:00:00+05:00,276.13593193979386,276.13593193979386,261.4671090491273,262.8197021484375,1823012.0,0.0,0.0,0.0,MEBL.KA,
2025-05-14 00:00:00+05:00,264.277056710364,270.5160598433785,261.94336780608836,266.9345703125,1864130.0,0.0,0.0,0.0,MEBL.KA,
2025-05-15 00:00:00+05:00,268.6110174652224,273.37362415786816,267.65849612669325,272.04010009765625,3181215.0,0.0,0.0,0.0,MEBL.KA,
2025-05-16 00:00:00+05:00,272.88779478778656,274.64043034288505,271.4685474731377,273.0116271972656,1555553.0,0.0,0.0,0.0,MEBL.KA,
2025-05-19 00:00:00+05:00,274.31660716504155,274.31660716504155,270.13505366276297,272.4306335449219,368736.0,0.0,0.0,0.0,MEBL.KA,
2025-05-20 00:00:00+05:00,273.3736159148336,275.1834005897397,270.5160519854103,273.811767578125,4055565.0,0.0,0.0,0.0,MEBL.KA,
2025-05-21 00:00:00+05:00,275.1834251250024,278.6029734438609,274.03088237659483,275.1739196777344,756808.0,0.0,0.0,0.0,MEBL.KA,
2025-05-22 00:00:00+05:00,275.29770431788234,277.17417250063266,270.9923183712133,272.68780517578125,663619.0,0.0,0.0,0.0,MEBL.KA,
2025-05-23 00:00:00+05:00,272.6878060634116,279.5650112507936,271.02089373057044,274.25946044921875,833300.0,0.0,0.0,0.0,MEBL.KA,
2025-05-26 00:00:00+05:00,271.46858862339343,275.75493475955227,270.03980657800713,271.1733093261719,618593.0,0.0,0.0,0.0,MEBL.KA,
2025-05-27 00:00:00+05:00,271.0018331724548,277.00270548715844,270.9922986578827,275.54534912109375,1855820.0,0.0,0.0,0.0,MEBL.KA,
2025-05-28 00:00:00+05:00,275.54534912109375,275.54534912109375,275.54534912109375,275.54534912109375,0.0,0.0,0.0,0.0,MEBL.KA,
2025-05-29 00:00:00+05:00,276.23118480178226,280.8985334898767,273.84988148452555,276.71697998046875,495333.0,0.0,0.0,0.0,MEBL.KA,
2025-05-30 00:00:00+05:00,276.23118133884714,298.12963706784706,274.6118834759551,288.89019775390625,2194180.0,0.0,0.0,0.0,MEBL.KA,
2025-06-02 00:00:00+05:00,292.9003094315277,295.2816127602393,285.75639944539284,290.9762268066406,1495296.0,0.0,0.0,0.0,MEBL.KA,
2025-06-03 00:00:00+05:00,291.4715208241383,296.2341273735523,282.57497527807016,294.7291564941406,6196558.0,0.0,0.0,0.0,MEBL.KA,
2025-06-04 00:00:00+05:00,294.72916029041687,298.61543449459293,293.37656722275796,295.73883056640625,921729.0,0.0,0.0,0.0,MEBL.KA,
2025-06-05 00:00:00+05:00,295.2816153732926,296.04362081776594,288.6139659938957,289.50933837890625,811330.0,0.0,0.0,0.0,MEBL.KA,
2025-06-06 00:00:00+05:00,289.50933837890625,289.50933837890625,289.50933837890625,289.50933837890625,0.0,0.0,0.0,0.0,MEBL.KA,
2025-06-09 00:00:00+05:00,289.50933837890625,289.50933837890625,289.50933837890625,289.50933837890625,0.0,0.0,0.0,0.0,MEBL.KA,
2025-06-10 00:00:00+05:00,292.39548611170756,296.2341460700626,286.82323028347736,294.6719970703125,1162076.0,0.0,0.0,0.0,MEBL.KA,
2025-06-11 00:00:00+05:00,297.60576903476465,301.61587572669913,294.8053539768276,296.10076904296875,1271575.0,0.0,0.0,0.0,MEBL.KA,
2025-06-12 00:00:00+05:00,297.08187125071123,301.65396169459126,295.2815921071741,296.2245788574219,741331.0,0.0,0.0,0.0,MEBL.KA,
2025-06-13 00:00:00+05:00,295.281624368476,295.281624368476,288.613974785962,291.7858581542969,861190.0,0.0,0.0,0.0,MEBL.KA,
2025-06-16 00:00:00+05:00,291.7858581542969,291.7858581542969,291.7858581542969,291.7858581542969,0.0,0.0,0.0,0.0,MEBL.KA,
2025-06-17 00:00:00+05:00,290.5666408085555,295.186375402205,290.5666408085555,293.80523681640625,299491.0,0.0,0.0,0.0,MEBL.KA,
2025-06-18 00:00:00+05:00,292.42405971251213,295.2816238139373,290.99527766179955,294.50054931640625,1070346.0,0.0,0.0,0.0,MEBL.KA,
2025-06-19 00:00:00+05:00,294.51960709717014,298.1391765265848,291.47152721129373,293.4527587890625,1181477.0,0.0,0.0,0.0,MEBL.KA,
2025-06-20 00:00:00+05:00,293.47181268007967,297.0818764766299,292.42403345657186,293.61468505859375,746532.0,0.0,0.0,0.0,MEBL.KA,
2025-06-23 00:00:00+05:00,290.51900108708105,295.2816076622791,285.80400895017755,290.2904052734375,1871653.0,0.0,0.0,0.0,MEBL.KA,
2025-06-24 00:00:00+05:00,297.18666257340635,306.7118761174258,293.4241915960607,305.2735595703125,2391204.0,0.0,0.0,0.0,MEBL.KA,
2025-06-25 00:00:00+05:00,304.80682907507344,309.5694357793715,302.9017863933542,304.9973449707031,763581.0,0.0,0.0,0.0,MEBL.KA,
2025-06-26 00:00:00+05:00,305.7593642845854,308.1406677447457,302.90180013239296,304.5782470703125,469802.0,0.0,0.0,0.0,MEBL.KA,
2025-06-27 00:00:00+05:00,304.80681329401614,318.1516458905105,304.80681329401614,313.6462097167969,970170.0,0.0,0.0,0.0,MEBL.KA,
2025-06-30 00:00:00+05:00,318.14212672189274,320.885392824849,315.2559882320417,316.2846984863281,791117.0,0.0,0.0,0.0,MEBL.KA,
2025-07-01 00:00:00+05:00,317.18961829697486,331.4774389409827,316.3323548720635,328.9627685546875,1458511.0,0.0,0.0,0.0,MEBL.KA,
2025-07-02 00:00:00+05:00,330.52491704913336,348.6228231699793,330.52491704913336,340.1644287109375,1987911.0,0.0,0.0,0.0,MEBL.KA,
2025-07-03 00:00:00+05:00,342.9076975729139,344.81274033720786,329.7629141267438,334.7350769042969,1350085.0,0.0,0.0,0.0,MEBL.KA,
2025-07-04 00:00:00+05:00,335.2779662111967,340.0501072706584,333.3824581084886,338.7165832519531,903721.0,0.0,0.0,0.0,MEBL.KA,
2025-07-07 00:00:00+05:00,341.9456016374357,347.56550038899974,338.7641840818063,341.93609619140625,1092919.0,0.0,0.0,0.0,MEBL.KA,
2025-07-08 00:00:00+05:00,343.00290782156435,347.1939955064044,338.7165621980285,345.1936950683594,1261516.0,0.0,0.0,0.0,MEBL.KA,
2025-07-09 00:00:00+05:00,345.76522961775277,347.194011558322,341.9551444429015,346.02239990234375,732003.0,0.0,0.0,0.0,MEBL.KA,
2025-07-10 00:00:00+05:00,346.02241888883464,376.245931661439,345.76524859013256,356.9954833984375,2005892.0,0.0,0.0,0.0,MEBL.KA,
2025-07-11 00:00:00+05:00,357.3002726905177,362.91063744277955,356.2429879359568,357.5955810546875,848725.0,0.0,0.0,0.0,MEBL.KA,
2025-07-14 00:00:00+05:00,361.9580945637266,361.9580945637266,355.76670610408394,357.9765625,2460758.0,0.0,0.0,0.0,MEBL.KA,
2025-07-15 00:00:00+05:00,358.1480262222521,359.843513055984,347.90842174914246,348.59423828125,1535602.0,0.0,0.0,0.0,MEBL.KA,
2025-07-16 00:00:00+05:00,348.5656682861565,348.5656682861565,335.77331341683214,339.88818359375,2749610.0,0.0,0.0,0.0,MEBL.KA,
2025-07-17 00:00:00+05:00,339.0975790476862,346.47961904099964,336.24001517930685,343.78399658203125,1091216.0,0.0,0.0,0.0,MEBL.KA,
2025-07-18 00:00:00+05:00,343.78402268740723,347.6702970533061,338.1926978760388,338.9833068847656,661170.0,0.0,0.0,0.0,MEBL.KA,
2025-07-21 00:00:00+05:00,339.24043826997075,341.6693849050725,336.24953665276314,338.7737121582031,1000294.0,0.0,0.0,0.0,MEBL.KA,
2025-07-22 00:00:00+05:00,338.9070725366269,344.71745837677753,338.81184365996114,339.4690856933594,1126535.0,0.0,0.0,0.0,MEBL.KA,
2025-07-23 00:00:00+05:00,341.00262236226524,341.83131123490017,336.72581106532994,337.5354309082031,472835.0,0.0,0.0,0.0,MEBL.KA,
2025-07-24 00:00:00+05:00,337.7640775894486,341.002644375938,333.49677146327224,334.43975830078125,789082.0,0.0,0.0,0.0,MEBL.KA,
2025-07-25 00:00:00+05:00,336.2400457166427,342.43143466043364,334.82079816841724,338.2689208984375,632227.0,0.0,0.0,0.0,MEBL.KA,
2025-07-28 00:00:00+05:00,338.1450577786541,341.0026216472061,333.2776879421691,334.0682678222656,1076008.0,0.0,0.0,0.0,MEBL.KA,
2025-07-29 00:00:00+05:00,334.52551594758853,340.9931151045355,334.52551594758853,336.84967041015625,787333.0,0.0,0.0,0.0,MEBL.KA,
2025-07-30 00:00:00+05:00,338.14506115730114,346.717752848613,336.0495026719677,343.8887634277344,922447.0,0.0,0.0,0.0,MEBL.KA,
2025-07-31 00:00:00+05:00,347.68933473112105,348.61328160873165,341.9932756289799,343.3363342285156,561432.0,0.0,0.0,0.0,MEBL.KA,
2025-08-01 00:00:00+05:00,343.3363235487426,346.7653770670737,341.02167463463195,345.7557067871094,499099.0,0.0,0.0,0.0,MEBL.KA,
2025-08-04 00:00:00+05:00,346.09862153301515,348.62279717423655,343.91733960819664,345.05084228515625,561631.0,0.0,0.0,0.0,MEBL.KA,
2025-08-05 00:00:00+05:00,345.14611114269337,347.67028686372856,344.8127228621089,346.59393310546875,591958.0,0.0,0.0,0.0,MEBL.KA,
2025-08-06 00:00:00+05:00,347.19403886429745,358.14803460350026,346.53679679445366,356.3858642578125,2369276.0,0.0,0.0,0.0,MEBL.KA,
2025-08-07 00:00:00+05:00,358.1480410145139,358.63383622317576,351.44228232012773,351.9661865234375,980582.0,0.0,0.0,0.0,MEBL.KA,
2025-08-08 00:00:00+05:00,353.38542624147215,356.0048599939359,350.6231200980576,352.4233703613281,1024977.0,0.0,0.0,0.0,MEBL.KA,
2025-08-11 00:00:00+05:00,352.432879212416,361.0055708689343,352.432879212416,360.02447509765625,1409686.0,0.0,0.0,0.0,MEBL.KA,
2025-08-12 00:00:00+05:00,360.0530587568565,364.8061308390088,360.0530587568565,364.02508544921875,993638.0,0.0,0.0,0.0,MEBL.KA,
2025-08-13 00:00:00+05:00,366.1492045985201,381.0180781287192,363.1201936532703,368.6448059082031,5497643.0,0.0,0.0,0.0,MEBL.KA,
2025-08-15 00:00:00+05:00,368.6447827249029,375.86491045075473,368.6447827249029,374.7790222167969,2219737.0,0.0,0.0,0.0,MEBL.KA,
2025-08-18 00:00:00+05:00,376.2459230027178,394.79151434486334,376.2459230027178,390.6480407714844,2567111.0,0.0,0.0,0.0,MEBL.KA,
2025-08-19 00:00:00+05:00,392.44832552865796,410.53669642412603,392.44832552865796,404.60247802734375,4244422.0,0.0,0.0,0.0,MEBL.KA,
2025-08-20 00:00:00+05:00,407.58386092436723,409.5555870037812,404.8215549513689,405.9264831542969,1050185.0,0.0,0.0,0.0,MEBL.KA,
2025-08-21 00:00:00+05:00,405.926500958647,406.202740288656,389.581231146512,393.9151916503906,2686806.0,0.0,0.0,0.0,MEBL.KA,
2025-08-22 00:00:00+05:00,394.4390902699829,396.1536170439289,387.68571749935796,389.76220703125,1797562.0,0.0,0.0,0.0,MEBL.KA,
2025-08-25 00:00:00+05:00,391.7197667957537,391.7197667957537,378.8113817515359,384.1705017089844,1499854.0,7.0,0.0,0.0,MEBL.KA,
2025-08-26 00:00:00+05:00,382.69745153332747,383.76346707901746,377.18327207726145,379.1505432128906,1783888.0,0.0,0.0,0.0,MEBL.KA,
2025-08-27 00:00:00+05:00,378.9179625195588,383.6665448817433,378.9179625195588,382.7652893066406,1934069.0,0.0,0.0,0.0,MEBL.KA,
2025-08-28 00:00:00+05:00,382.79437255859375,386.6707712680479,380.8561732038667,382.79437255859375,923414.0,0.0,0.0,0.0,MEBL.KA,
2025-08-29 00:00:00+05:00,382.794370941938,384.74227074907617,377.94887257558435,378.8501281738281,1393018.0,0.0,0.0,0.0,MEBL.KA,
2025-09-01 00:00:00+05:00,379.402519858555,382.3098188613026,378.72413826141735,379.5382080078125,1420132.0,0.0,0.0,0.0,MEBL.KA,
2025-09-02 00:00:00+05:00,379.8870751040879,380.85617478547584,377.7550439752042,377.92950439453125,694935.0,0.0,0.0,0.0,MEBL.KA,
2025-09-03 00:00:00+05:00,377.948862028645,379.8870613210996,375.5261129130768,376.5824279785156,1344833.0,0.0,0.0,0.0,MEBL.KA,
2025-09-04 00:00:00+05:00,378.91796077676076,379.39281013842293,376.06880545763966,378.35589599609375,1041203.0,0.0,0.0,0.0,MEBL.KA,
2025-09-05 00:00:00+05:00,378.35590840667294,380.8561725572126,377.46432369219923,379.5478820800781,1341026.0,0.0,0.0,0.0,MEBL.KA,
2025-09-08 00:00:00+05:00,379.8967689242706,382.7362238432064,379.8967689242706,381.8543395996094,1746896.0,0.0,0.0,0.0,MEBL.KA,
2025-09-09 00:00:00+05:00,382.3098332464281,396.3617789551055,380.86588415126283,393.7936706542969,3480828.0,0.0,0.0,0.0,MEBL.KA,
2025-09-10 00:00:00+05:00,396.3617564991574,396.3617564991574,388.60895930601987,391.8069763183594,610346.0,0.0,0.0,0.0,MEBL.KA,
2025-09-11 00:00:00+05:00,393.69674175840026,399.26906487251915,390.5471678243331,395.6930847167969,840953.0,0.0,0.0,0.0,MEBL.KA,
2025-09-12 00:00:00+05:00,395.58649245567915,395.58649245567915,389.57806274275214,391.66162109375,525628.0,0.0,0.0,0.0,MEBL.KA,
2025-09-15 00:00:00+05:00,391.03172965306663,395.3926783109075,391.03172965306663,392.86334228515625,211882.0,0.0,0.0,0.0,MEBL.KA,
2025-09-16 00:00:00+05:00,395.3829570588449,404.55066104893984,393.4544582176517,403.24237060546875,1905419.0,0.0,0.0,0.0,MEBL.KA,
2025-09-17 00:00:00+05:00,403.8722780499094,405.5585019725048,397.23393955037096,399.2206115722656,699558.0,0.0,0.0,0.0,MEBL.KA,
2025-09-18 00:00:00+05:00,400.4320097137122,402.6609272041455,398.7845283862957,399.82147216796875,496795.0,0.0,0.0,0.0,MEBL.KA,
2025-09-19 00:00:00+05:00,401.20725401958606,402.0794377873225,398.2999550774152,399.2206115722656,716016.0,0.0,0.0,0.0,MEBL.KA,
2025-09-22 00:00:00+05:00,399.2690658143566,399.75361565150996,392.4853680942098,393.2218933105469,1164912.0,0.0,0.0,0.0,MEBL.KA,
2025-09-23 00:00:00+05:00,393.2218933105469,393.2218933105469,393.2218933105469,393.2218933105469,0.0,0.0,0.0,0.0,MEBL.KA,
2025-09-24 00:00:00+05:00,390.64406602666685,393.3575331556886,386.4769198808298,387.9208984375,582324.0,0.0,0.0,0.0,MEBL.KA,
2025-09-25 00:00:00+05:00,390.5471624013162,392.4853617184443,387.9209106074885,391.66162109375,357938.0,0.0,0.0,0.0,MEBL.KA,
2025-09-26 00:00:00+05:00,395.3926479229134,400.23814605922365,392.4853490411273,398.7360534667969,1590123.0,0.0,0.0,0.0,MEBL.KA,
2025-09-29 00:00:00+05:00,400.2381517806535,407.02184926846115,399.0752203814854,405.93646240234375,1136965.0,0.0,0.0,0.0,MEBL.KA,
2025-09-30 00:00:00+05:00,407.99096337281736,424.46565785580526,407.99096337281736,422.5080871582031,2409510.0,0.0,0.0,0.0,MEBL.KA,
2025-10-01 00:00:00+05:00,417.7885620153594,435.1063986853638,417.7885620153594,432.0537109375,1376449.0,0.0,0.0,0.0,MEBL.KA,
2025-10-02 00:00:00+05:00,431.25905277240116,474.8588373770999,430.2802526437395,469.4028015136719,2882630.0,0.0,0.0,0.0,MEBL.KA,
2025-10-03 00:00:00+05:00,467.10602602917595,469.1411411861266,440.9403357744296,445.1074523925781,3059262.0,0.0,0.0,0.0,MEBL.KA,
2025-10-06 00:00:00+05:00,444.8167614882407,449.8754630959919,429.3111663165373,436.5987854003906,1806181.0,0.0,0.0,0.0,MEBL.KA,
2025-10-07 00:00:00+05:00,436.5987854003906,436.5987854003906,436.5987854003906,436.5987854003906,0.0,0.0,0.0,0.0,MEBL.KA,
2025-10-08 00:00:00+05:00,432.2184367031552,439.0021341402002,426.4038388999737,428.7200012207031,1085737.0,0.0,0.0,0.0,MEBL.KA,
2025-10-09 00:00:00+05:00,428.72001523886775,436.09484949791437,427.8478018802121,430.6872863769531,690401.0,0.0,0.0,0.0,MEBL.KA,
2025-10-10 00:00:00+05:00,427.52803532758435,439.9712721631616,425.62860816036044,431.5207214355469,1389100.0,0.0,0.0,0.0,MEBL.KA,
2025-10-13 00:00:00+05:00,425.4347383710726,433.65271389579317,411.9642594036231,417.0520324707031,1920374.0,0.0,0.0,0.0,MEBL.KA,
2025-10-14 00:00:00+05:00,421.5583782936715,436.9864588523133,421.5583782936715,435.3874206542969,1180704.0,0.0,0.0,0.0,MEBL.KA,
2025-10-15 00:00:00+05:00,438.0136717429922,447.52053697150654,434.16634493818594,444.1965026855469,1376376.0,0.0,0.0,0.0,MEBL.KA,
2025-10-16 00:00:00+05:00,447.7240469293296,450.63134593536415,439.00214991122573,440.3492126464844,1019694.0,0.0,0.0,0.0,MEBL.KA,
2025-10-17 00:00:00+05:00,440.34922283186376,441.28922114063215,433.187561918885,439.9906311035156,667864.0,0.0,0.0,0.0,MEBL.KA,
2025-10-20 00:00:00+05:00,440.94034210133196,448.19888903821317,438.04274360281556,446.4351501464844,641942.0,0.0,0.0,0.0,MEBL.KA,
2025-10-21 00:00:00+05:00,446.43516222380686,450.63135082187273,436.1917715169041,444.070556640625,594672.0,0.0,0.0,0.0,MEBL.KA,
2025-10-22 00:00:00+05:00,444.8264448584816,445.97967582103496,438.2753216862723,440.6496276855469,754682.0,0.0,0.0,0.0,MEBL.KA,
2025-10-23 00:00:00+05:00,441.9094613935944,442.8979324367065,435.12576352132436,438.37225341796875,506623.0,0.0,0.0,0.0,MEBL.KA,
2025-10-24 00:00:00+05:00,436.09487759055463,438.0330770465127,427.4698959264568,429.0592041015625,1025360.0,0.0,0.0,0.0,MEBL.KA,
2025-10-27 00:00:00+05:00,428.3420444135414,428.3420444135414,421.55834687758033,425.33782958984375,529581.0,0.0,0.0,0.0,MEBL.KA,
2025-10-28 00:00:00+05:00,426.4038623726611,433.2844760667714,416.71286550055515,417.57537841796875,481239.0,0.0,0.0,0.0,MEBL.KA,
2025-10-29 00:00:00+05:00,417.6819421624745,421.55834069762506,413.3209938104301,414.81341552734375,645123.0,0.0,0.0,0.0,MEBL.KA,
2025-10-30 00:00:00+05:00,418.6510342721492,420.0949832366781,411.8673369575542,412.5553894042969,604303.0,0.0,0.0,0.0,MEBL.KA,
2025-10-31 00:00:00+05:00,416.70315677565156,452.0656237713596,415.7437575682043,440.4267272949219,1455911.0,0.0,0.0,0.0,MEBL.KA,
2025-11-03 00:00:00+05:00,442.90706547093544,445.8598449221422,428.1431682149015,434.029052734375,1072728.0,7.0,0.0,0.0,MEBL.KA,
2025-11-04 00:00:00+05:00,436.0270798459683,436.71607370260114,428.15300165461895,429.18646240234375,431634.0,0.0,0.0,0.0,MEBL.KA,
2025-11-05 00:00:00+05:00,423.231693943163,431.10577197001254,418.31039517638203,419.7474060058594,898687.0,0.0,0.0,0.0,MEBL.KA,
2025-11-06 00:00:00+05:00,423.2021692450634,426.11556971760683,410.4264667759528,415.2591857910156,658208.0,0.0,0.0,0.0,MEBL.KA,
2025-11-07 00:00:00+05:00,415.3576301023844,422.9069158848423,415.2591981162422,420.1509704589844,461153.0,0.0,0.0,0.0,MEBL.KA,
2025-11-10 00:00:00+05:00,421.76516319210015,425.6628234666031,415.9678587352898,419.6982116699219,1842575.0,0.0,0.0,0.0,MEBL.KA,
2025-11-11 00:00:00+05:00,420.7710636548184,421.2435191712705,411.4205955736002,413.5466003417969,1087757.0,0.0,0.0,0.0,MEBL.KA,
2025-11-12 00:00:00+05:00,416.8241684415653,417.2277185595318,407.4835526556462,410.5445861816406,756242.0,0.0,0.0,0.0,MEBL.KA,
2025-11-13 00:00:00+05:00,411.42058858737227,416.20407670666856,411.42058858737227,415.2789001464844,587958.0,0.0,0.0,0.0,MEBL.KA,
2025-11-14 00:00:00+05:00,415.35763874280065,419.7376069008318,413.8812490316296,418.359619140625,1550393.0,0.0,0.0,0.0,MEBL.KA,
2025-11-17 00:00:00+05:00,419.78678473174466,426.1844731274219,419.0977908896283,420.1214294433594,1039943.0,0.0,0.0,0.0,MEBL.KA,
2025-11-18 00:00:00+05:00,423.13329073420687,423.47778767875275,412.8969946106607,413.9403076171875,1072567.0,0.0,0.0,0.0,MEBL.KA,
2025-11-19 00:00:00+05:00,414.37337078598034,418.8025398323863,413.3891109978901,415.1607666015625,822743.0,0.0,0.0,0.0,MEBL.KA,
2025-11-20 00:00:00+05:00,415.8497485594636,419.88521958251505,411.4304318494061,413.20208740234375,1115016.0,0.0,0.0,0.0,MEBL.KA,
2025-11-21 00:00:00+05:00,413.3890950742651,415.35761457461876,410.4363158237346,411.1351318359375,734517.0,0.0,0.0,0.0,MEBL.KA,
2025-11-24 00:00:00+05:00,411.42060492994,414.2651302287834,403.54652636668754,406.7650451660156,991021.0,0.0,0.0,0.0,MEBL.KA,
2025-11-25 00:00:00+05:00,408.0740993865336,410.4363167850459,403.54649851767107,405.20989990234375,1009152.0,0.0,0.0,0.0,MEBL.KA,
2025-11-26 00:00:00+05:00,407.9756679149608,416.83400569839785,404.1173564640186,415.5052490234375,1831327.0,0.0,0.0,0.0,MEBL.KA,
2025-11-27 00:00:00+05:00,415.50525134610467,436.02707333322854,415.50525134610467,433.85186767578125,4221656.0,0.0,0.0,0.0,MEBL.KA,
2025-11-28 00:00:00+05:00,435.04281955375154,446.8539368267041,435.04281955375154,437.8577880859375,2604630.0,0.0,0.0,0.0,MEBL.KA,
2025-12-01 00:00:00+05:00,438.97984912228094,439.96410887367614,431.10577111111894,434.531005859375,1346244.0,0.0,0.0,0.0,MEBL.KA,
2025-12-02 00:00:00+05:00,435.0428388193751,440.3480136472807,433.27118316486525,437.8971862792969,1744655.0,0.0,0.0,0.0,MEBL.KA,
2025-12-03 00:00:00+05:00,440.94838901734227,440.94838901734227,427.6707339688884,428.8321533203125,1260459.0,0.0,0.0,0.0,MEBL.KA,
2025-12-04 00:00:00+05:00,428.85182360977853,431.5979168273814,425.29866019470046,427.13922119140625,400530.0,0.0,0.0,0.0,MEBL.KA,
2025-12-05 00:00:00+05:00,432.06050399980245,432.582160466225,425.19036012598264,426.4206848144531,2235212.0,0.0,0.0,0.0,MEBL.KA,
2025-12-08 00:00:00+05:00,427.06049931908274,429.6294029808941,427.0506471091642,428.9601135253906,1259670.0,0.0,0.0,0.0,MEBL.KA,
2025-12-09 00:00:00+05:00,431.1057723373092,431.1057723373092,426.4797394777042,427.29669189453125,2539306.0,0.0,0.0,0.0,MEBL.KA,
2025-12-10 00:00:00+05:00,428.1530153256942,429.1372751310406,426.0860637270216,427.40496826171875,1105628.0,0.0,0.0,0.0,MEBL.KA,
2025-12-11 00:00:00+05:00,427.4049438141224,428.251422817659,423.08405913516384,424.2356262207031,1410189.0,0.0,0.0,0.0,MEBL.KA,
2025-12-12 00:00:00+05:00,422.5033587430513,426.1549540815837,422.5033587430513,425.00335693359375,2954712.0,0.0,0.0,0.0,MEBL.KA,
2025-12-15 00:00:00+05:00,425.2002258300781,426.1844856120922,424.5112319677784,425.2002258300781,1081892.0,0.0,0.0,0.0,MEBL.KA,
2025-12-16 00:00:00+05:00,425.20023586006204,427.16875547052524,423.2317162495988,424.8459167480469,1972073.0,0.0,0.0,0.0,MEBL.KA,
2025-12-17 00:00:00+05:00,425.6923516800605,426.18448156639585,420.2789229303719,423.1332702636719,1521535.0,0.0,0.0,0.0,MEBL.KA,
2025-12-18 00:00:00+05:00,424.235655319818,429.12742780960485,424.2159809368882,427.7888488769531,5916732.0,0.0,0.0,0.0,MEBL.KA,
2025-12-19 00:00:00+05:00,429.6195413342839,437.1097738720136,428.7041869487255,431.8735046386719,14227920.0,0.0,0.0,0.0,MEBL.KA,
2025-12-22 00:00:00+05:00,431.84396962547464,436.5192034846678,428.3990604660691,432.54278564453125,1950734.0,0.0,0.0,0.0,MEBL.KA,
2025-12-23 00:00:00+05:00,433.0743162697521,436.86372254455756,433.0743162697521,433.77313232421875,1737303.0,0.0,0.0,0.0,MEBL.KA,
2025-12-24 00:00:00+05:00,434.0585622955167,435.0428220739646,432.5821726278449,432.9955749511719,1646026.0,0.0,0.0,0.0,MEBL.KA,
2025-12-26 00:00:00+05:00,433.07430157754357,436.02708090648133,432.13924277515673,435.05267333984375,1785462.0,0.0,0.0,0.0,MEBL.KA,
2025-12-29 00:00:00+05:00,435.53496283453865,437.8775059716726,433.1924196974047,437.0113525390625,1758817.0,0.0,0.0,0.0,MEBL.KA,
2025-12-30 00:00:00+05:00,437.98575724512483,441.63738271704625,437.0113496584741,440.06256103515625,2979718.0,0.0,0.0,0.0,MEBL.KA,
2025-12-31 00:00:00+05:00,440.94839165676154,442.81847927464645,436.5192225441378,437.3853759765625,1226754.0,0.0,0.0,0.0,MEBL.KA,
2026-01-01 00:00:00+05:00,437.3853759765625,437.3853759765625,437.3853759765625,437.3853759765625,0.0,0.0,0.0,0.0,MEBL.KA,
2026-01-02 00:00:00+05:00,444.87556742380497,452.7890244489476,441.93264029964575,451.5882263183594,5582307.0,0.0,0.0,0.0,MEBL.KA,
2026-01-05 00:00:00+05:00,452.2673813127018,465.9978176351267,452.2673813127018,461.4111633300781,6136500.0,0.0,0.0,0.0,MEBL.KA,
2026-01-06 00:00:00+05:00,462.5922527843234,487.99599576411276,455.7122864091939,484.36407470703125,9414033.0,0.0,0.0,0.0,MEBL.KA,
2026-01-07 00:00:00+05:00,485.48614615534626,497.0511988007093,482.2873018066288,490.41729736328125,5036801.0,0.0,0.0,0.0,MEBL.KA,
2026-01-08 00:00:00+05:00,492.07082780619464,492.07082780619464,470.4761662254222,477.27740478515625,4826989.0,0.0,0.0,0.0,MEBL.KA,
2026-01-09 00:00:00+05:00,476.3817291787617,479.82663837736845,468.50765101051775,474.5411682128906,2364003.0,0.0,0.0,0.0,MEBL.KA,
2026-01-12 00:00:00+05:00,473.4289541523687,473.4289541523687,461.6178367930581,464.0686340332031,1670965.0,0.0,0.0,0.0,MEBL.KA,
2026-01-13 00:00:00+05:00,466.73599148548374,474.41320561962533,454.72801036569894,472.2872009277344,3133109.0,0.0,0.0,0.0,MEBL.KA,
2026-01-14 00:00:00+05:00,472.93681827648504,476.38172746268214,468.60608130699643,474.7872314453125,1798889.0,0.0,0.0,0.0,MEBL.KA,
2026-01-15 00:00:00+05:00,472.6120304483112,477.36599195594727,469.6887777084528,470.7419128417969,1748995.0,0.0,0.0,0.0,MEBL.KA,
2026-01-16 00:00:00+05:00,473.5765750744401,484.1573674398776,472.543114346659,481.2636413574219,2208410.0,0.0,0.0,0.0,MEBL.KA,
2026-01-19 00:00:00+05:00,483.27155416478223,495.574801470403,481.2833602135949,492.3365783691406,3833022.0,0.0,0.0,0.0,MEBL.KA,
2026-01-20 00:00:00+05:00,492.62200797410196,493.114137852198,482.8778423952458,484.0097351074219,2309687.0,0.0,0.0,0.0,MEBL.KA,
2026-01-21 00:00:00+05:00,483.99990453986936,484.00975674978355,469.3934927093252,471.2635803222656,2443507.0,0.0,0.0,0.0,MEBL.KA,
2026-01-22 00:00:00+05:00,471.4604388858027,475.71244838280904,471.0667409776854,473.12384033203125,779255.0,0.0,0.0,0.0,MEBL.KA,
2026-01-23 00:00:00+05:00,474.90534588093334,480.8109045861885,472.44469642041037,478.734130859375,1283687.0,0.0,0.0,0.0,MEBL.KA,
2026-01-26 00:00:00+05:00,478.734142961769,480.81091674108325,466.5292972992568,469.46240234375,1307586.0,0.0,0.0,0.0,MEBL.KA,
2026-01-27 00:00:00+05:00,472.415173522897,480.2203464637823,472.415173522897,476.93292236328125,1317985.0,0.0,0.0,0.0,MEBL.KA,
2026-01-28 00:00:00+05:00,479.18689255838785,479.18689255838785,474.01952857688957,476.13568115234375,552403.0,0.0,0.0,0.0,MEBL.KA,
2026-01-29 00:00:00+05:00,476.8738774560251,477.81875846223306,463.04503915459514,469.6494140625,2076460.0,0.0,0.0,0.0,MEBL.KA,
2026-01-30 00:00:00+05:00,471.46043565688547,482.7794231517794,470.52537684893906,480.9782409667969,1532149.0,0.0,0.0,0.0,MEBL.KA,
2026-02-02 00:00:00+05:00,481.3030210045739,485.09242707514267,475.3974624646405,482.8876647949219,1081757.0,0.0,0.0,0.0,MEBL.KA,
2026-02-03 00:00:00+05:00,482.8876908526642,491.6377749793746,481.3030469768052,490.0531311035156,1803162.0,0.0,0.0,0.0,MEBL.KA,
2026-02-04 00:00:00+05:00,490.1613872075508,510.624127106943,490.05313304591544,505.9685974121094,4411444.0,0.0,0.0,0.0,MEBL.KA,
2026-02-06 00:00:00+05:00,507.87804692129464,509.1575726215165,487.3365501008021,492.9566650390625,2363863.0,0.0,0.0,0.0,MEBL.KA,
2026-02-09 00:00:00+05:00,493.2223913337244,500.98821521733805,474.41320183645763,481.4506530761719,3718236.0,0.0,0.0,0.0,MEBL.KA,
2026-02-10 00:00:00+05:00,480.81089528809537,480.81089528809537,473.42894704928125,477.7793884277344,976569.0,0.0,0.0,0.0,MEBL.KA,
2026-02-11 00:00:00+05:00,477.7794116050995,486.22434758359304,477.3660092672928,483.1928405761719,663746.0,0.0,0.0,0.0,MEBL.KA,
2026-02-12 00:00:00+05:00,483.1928349754641,485.24008214623336,477.3660037341241,480.9979248046875,604190.0,0.0,0.0,0.0,MEBL.KA,
2026-02-13 00:00:00+05:00,481.3030259262612,481.3030259262612,467.52338919217607,479.7774353027344,753205.0,0.0,0.0,0.0,MEBL.KA,
2026-02-16 00:00:00+05:00,480.3187844366777,481.18493787030644,461.61784815738076,467.5234069824219,1487625.0,0.0,0.0,0.0,MEBL.KA,
2026-02-17 00:00:00+05:00,467.5233948262854,473.6258174683815,451.77523836897893,461.6965637207031,1665498.0,0.0,0.0,0.0,MEBL.KA,
2026-02-18 00:00:00+05:00,468.01551536469964,492.1397316676498,460.75167353794154,488.9408874511719,2269641.0,0.0,0.0,0.0,MEBL.KA,
2026-02-19 00:00:00+05:00,488.88184501061625,488.88184501061625,468.5076555384855,471.056884765625,574831.0,0.0,0.0,0.0,MEBL.KA,
2026-02-20 00:00:00+05:00,471.46043805803623,478.35025656827895,463.586359760616,474.6199035644531,438159.0,0.0,0.0,0.0,MEBL.KA,
2026-02-23 00:00:00+05:00,474.41322920283056,480.3089358625469,445.2004052027606,456.7359313964844,917868.0,0.0,0.0,0.0,MEBL.KA,
2026-02-24 00:00:00+05:00,457.6808037026653,466.430887679494,446.85394598066677,450.6039733886719,1492777.0,0.0,0.0,0.0,MEBL.KA,
2026-02-25 00:00:00+05:00,451.7752419779248,464.0784893084783,444.91495006491914,446.10589599609375,1162654.0,0.0,0.0,0.0,MEBL.KA,
2026-02-26 00:00:00+05:00,445.8696754188792,453.68470038880173,437.9955972657864,449.5212707519531,769198.0,0.0,0.0,0.0,MEBL.KA,
2026-02-27 00:00:00+05:00,449.5212694749465,459.5312045150081,442.91689485322456,453.261474609375,605266.0,0.0,0.0,0.0,MEBL.KA,
2026-03-02 00:00:00+05:00,417.32615928787914,443.38936986058,407.9363122934787,409.31427001953125,5321505.0,0.0,0.0,0.0,MEBL.KA,
2026-03-03 00:00:00+05:00,408.57607605166584,441.38147239926315,403.5465228313194,432.0900573730469,2861423.0,0.0,0.0,0.0,MEBL.KA,
2026-03-04 00:00:00+05:00,432.0900355460143,439.9641136425248,424.7080873305357,426.8045654296875,1031338.0,0.0,0.0,0.0,MEBL.KA,
2026-03-05 00:00:00+05:00,426.80458043113754,452.75950646307564,426.80458043113754,450.35791015625,1900341.0,0.0,0.0,0.0,MEBL.KA,
2026-03-06 00:00:00+05:00,449.80673606437654,449.80673606437654,436.0270986357085,437.8971862792969,996077.0,0.0,0.0,0.0,MEBL.KA,
2026-03-09 00:00:00+05:00,413.88125259384805,429.1372797405892,403.54652452670086,421.73565673828125,1601118.0,0.0,0.0,0.0,MEBL.KA,
2026-03-10 00:00:00+05:00,452.7594976846368,463.9111477481861,433.18255629079636,455.45635986328125,3486750.0,0.0,0.0,0.0,MEBL.KA,
2026-03-11 00:00:00+05:00,455.45637729904115,461.61785335444773,447.6905829760391,449.5016174316406,1029850.0,0.0,0.0,0.0,MEBL.KA,
2026-03-12 00:00:00+05:00,447.8382073276149,460.19065575659636,437.9956093643706,440.43658447265625,1289180.0,0.0,0.0,0.0,MEBL.KA,
2026-03-13 00:00:00+05:00,440.43656776743455,442.91689154669535,433.1234949298288,437.7200012207031,453980.0,0.0,0.0,0.0,MEBL.KA,
2026-03-16 00:00:00+05:00,437.0,440.989990234375,420.0,423.67999267578125,1482873.0,7.0,0.0,0.0,MEBL.KA,
2026-03-17 00:00:00+05:00,429.0,434.260009765625,423.67999267578125,426.19000244140625,337786.0,0.0,0.0,0.0,MEBL.KA,
2026-03-18 00:00:00+05:00,430.0,447.8399963378906,430.0,443.2799987792969,684175.0,0.0,0.0,0.0,MEBL.KA,
2026-03-19 00:00:00+05:00,440.0,440.0,428.1099853515625,437.32000732421875,974087.0,0.0,0.0,0.0,MEBL.KA,
2026-03-20 00:00:00+05:00,437.32000732421875,437.32000732421875,437.32000732421875,437.32000732421875,0.0,0.0,0.0,0.0,MEBL.KA,
2026-03-23 00:00:00+05:00,437.32000732421875,437.32000732421875,437.32000732421875,437.32000732421875,0.0,0.0,0.0,0.0,MEBL.KA,
2026-03-24 00:00:00+05:00,451.25,458.989990234375,435.0,437.1700134277344,1405635.0,0.0,0.0,0.0,MEBL.KA,
2026-03-25 00:00:00+05:00,441.0,467.0,440.2699890136719,464.0899963378906,2768694.0,0.0,0.0,0.0,MEBL.KA,
2026-03-26 00:00:00+05:00,462.9800109863281,475.0,450.55999755859375,453.5,2738016.0,0.0,0.0,0.0,MEBL.KA,
2026-03-27 00:00:00+05:00,454.0,466.0,454.0,457.8599853515625,1202815.0,0.0,0.0,0.0,MEBL.KA,
2021-03-29 00:00:00+05:00,24.028354116590254,24.279650471184812,23.503589111823583,23.51837158203125,514500.0,0.0,0.0,0.0,NBP.KA,
2021-03-30 00:00:00+05:00,23.83618811391477,23.83618811391477,23.355769100542354,23.599674224853516,929500.0,0.0,0.0,0.0,NBP.KA,
2021-03-31 00:00:00+05:00,23.836188400217065,24.020965054482314,23.614456978992365,23.806623458862305,1647500.0,0.0,0.0,0.0,NBP.KA,
2021-04-01 00:00:00+05:00,23.984009012587375,24.020963777582395,23.518371079140167,23.762277603149414,217500.0,0.0,0.0,0.0,NBP.KA,
2021-04-02 00:00:00+05:00,23.54054560717478,23.791840555449593,23.4296798985789,23.644020080566406,115000.0,0.0,0.0,0.0,NBP.KA,
2021-04-05 00:00:00+05:00,23.437069395550672,23.562717572793954,22.912304391009528,22.993606567382812,209500.0,0.0,0.0,0.0,NBP.KA,
2021-04-06 00:00:00+05:00,23.060125853760763,23.599673318681127,22.99360614879974,23.35576820373535,970000.0,0.0,0.0,0.0,NBP.KA,
2021-04-07 00:00:00+05:00,23.28185674478116,23.466633385612756,22.357973540623178,22.52057647705078,1948500.0,0.0,0.0,0.0,NBP.KA,
2021-04-08 00:00:00+05:00,22.82360964578731,23.244901563501976,22.357973139527978,22.88273811340332,410000.0,0.0,0.0,0.0,NBP.KA,
2021-04-09 00:00:00+05:00,23.097080145702073,23.658799894279717,22.98621444294948,23.584890365600586,1064500.0,0.0,0.0,0.0,NBP.KA,
2021-04-12 00:00:00+05:00,23.584891331500412,23.651411037823006,22.61666208686504,22.89752197265625,1510500.0,0.0,0.0,0.0,NBP.KA,
2021-04-13 00:00:00+05:00,22.446669177610005,23.274467821290536,22.439277942074675,23.089691162109375,2283000.0,0.0,0.0,0.0,NBP.KA,
2021-04-14 00:00:00+05:00,23.348376239749275,23.422287177368638,23.14142589636183,23.281856536865234,1588000.0,0.0,0.0,0.0,NBP.KA,
2021-04-15 00:00:00+05:00,23.326204966620704,23.503590389554113,23.185775721215524,23.26707649230957,968000.0,0.0,0.0,0.0,NBP.KA,
2021-04-16 00:00:00+05:00,23.392723260605187,23.984009377663295,23.355768495047656,23.56271743774414,739500.0,0.0,0.0,0.0,NBP.KA,
2021-04-19 00:00:00+05:00,23.414897519656897,23.991399770501573,23.141427454966852,23.695758819580078,3961000.0,0.0,0.0,0.0,NBP.KA,
2021-04-20 00:00:00+05:00,23.939662644435277,24.937458259518113,23.717931225350632,24.782243728637695,2761500.0,0.0,0.0,0.0,NBP.KA,
2021-04-21 00:00:00+05:00,24.841372350730797,26.52653443365802,24.841372350730797,26.179153442382812,4579500.0,0.0,0.0,0.0,NBP.KA,
2021-04-22 00:00:00+05:00,25.876119450410762,26.312192434017128,25.536131109149604,25.93524932861328,768000.0,0.0,0.0,0.0,NBP.KA,
2021-04-23 00:00:00+05:00,25.942639820740414,26.977390160149735,25.720908410714944,26.71131134033203,1824000.0,0.0,0.0,0.0,NBP.KA,
2021-04-26 00:00:00+05:00,26.615229659224912,27.49476839150323,26.42306316766245,27.27303695678711,2048500.0,0.0,0.0,0.0,NBP.KA,
2021-04-27 00:00:00+05:00,27.236074826524217,27.273032409037736,26.319584297329897,26.888696670532227,1315500.0,0.0,0.0,0.0,NBP.KA,
2021-04-28 00:00:00+05:00,27.051299440573942,27.42085272702696,25.890902346668884,26.40827751159668,1933500.0,0.0,0.0,0.0,NBP.KA,
2021-04-29 00:00:00+05:00,26.49696888536627,26.49696888536627,25.499176163285675,25.765254974365234,474000.0,0.0,0.0,0.0,NBP.KA,
2021-04-30 00:00:00+05:00,25.831777508123807,25.86134245025449,24.020965684906475,24.287044525146484,1078000.0,0.0,0.0,0.0,NBP.KA,
2021-05-03 00:00:00+05:00,24.353563009245075,24.760071074940058,23.35576881830816,24.213130950927734,516000.0,0.0,0.0,0.0,NBP.KA,
2021-05-04 00:00:00+05:00,24.094871716614893,24.31660593087983,24.04313448514445,24.198348999023438,134500.0,0.0,0.0,0.0,NBP.KA,
2021-05-05 00:00:00+05:00,24.168786017415567,24.649203608450104,24.020964135763446,24.102266311645508,152500.0,0.0,0.0,0.0,NBP.KA,
2021-05-06 00:00:00+05:00,24.1022664875666,24.360952667745032,24.020964311091117,24.272260665893555,179500.0,0.0,0.0,0.0,NBP.KA,
2021-05-07 00:00:00+05:00,24.272260665893555,24.272260665893555,24.272260665893555,24.272260665893555,0.0,0.0,0.0,0.0,NBP.KA,
2021-05-10 00:00:00+05:00,24.272260665893555,24.272260665893555,24.272260665893555,24.272260665893555,0.0,0.0,0.0,0.0,NBP.KA,
2021-05-11 00:00:00+05:00,24.272260665893555,24.272260665893555,24.272260665893555,24.272260665893555,0.0,0.0,0.0,0.0,NBP.KA,
2021-05-12 00:00:00+05:00,24.272260665893555,24.272260665893555,24.272260665893555,24.272260665893555,0.0,0.0,0.0,0.0,NBP.KA,
2021-05-13 00:00:00+05:00,24.272260665893555,24.272260665893555,24.272260665893555,24.272260665893555,0.0,0.0,0.0,0.0,NBP.KA,
2021-05-14 00:00:00+05:00,24.272260665893555,24.272260665893555,24.272260665893555,24.272260665893555,0.0,0.0,0.0,0.0,NBP.KA,
2021-05-17 00:00:00+05:00,24.567904484166554,24.61224907545366,24.013574537334407,24.176176071166992,1302500.0,0.0,0.0,0.0,NBP.KA,
2021-05-18 00:00:00+05:00,24.205740908085456,24.700940971791773,24.094873791406304,24.663986206054688,1527000.0,0.0,0.0,0.0,NBP.KA,
2021-05-19 00:00:00+05:00,24.464427721866578,24.671379490400962,23.87314299634256,24.390518188476562,1738000.0,0.0,0.0,0.0,NBP.KA,
2021-05-20 00:00:00+05:00,24.39051812934311,24.50138524862731,24.205741476848086,24.257478713989258,401000.0,0.0,0.0,0.0,NBP.KA,
2021-05-21 00:00:00+05:00,24.316608304166433,24.46442736881324,24.102266713173464,24.34617042541504,438500.0,0.0,0.0,0.0,NBP.KA,
2021-05-24 00:00:00+05:00,24.35356353450519,24.833981142699894,24.33138841881117,24.427473068237305,1088500.0,0.0,0.0,0.0,NBP.KA,
2021-05-25 00:00:00+05:00,24.538340020355097,24.612249553581346,24.323998426743813,24.486602783203125,3035000.0,0.0,0.0,0.0,NBP.KA,
2021-05-26 00:00:00+05:00,24.604859951097964,25.639607522985685,24.604859951097964,25.314401626586914,2737500.0,0.0,0.0,0.0,NBP.KA,
2021-05-27 00:00:00+05:00,25.314402717564203,25.824385290150406,24.996586633070912,25.417877197265625,2527500.0,0.0,0.0,0.0,NBP.KA,
2021-05-28 00:00:00+05:00,25.21092406036475,27.273031945181437,25.21092406036475,26.415668487548828,2256000.0,0.0,0.0,0.0,NBP.KA,
2021-05-31 00:00:00+05:00,26.607837788796814,26.792614440107904,26.05350783486355,26.120027542114258,7427000.0,0.0,0.0,0.0,NBP.KA,
2021-06-01 00:00:00+05:00,26.38610625640759,26.423061022615563,25.905685837300133,26.083072662353516,2423500.0,0.0,0.0,0.0,NBP.KA,
2021-06-02 00:00:00+05:00,26.23828444217242,27.642588117568827,26.001770554448303,26.970001220703125,1206500.0,0.0,0.0,0.0,NBP.KA,
2021-06-03 00:00:00+05:00,27.679542393577655,27.679542393577655,26.607837272860525,26.659574508666992,1539500.0,0.0,0.0,0.0,NBP.KA,
2021-06-04 00:00:00+05:00,26.910872762171387,27.339555968508957,26.10524640842327,27.184341430664062,2457500.0,0.0,0.0,0.0,NBP.KA,
2021-06-07 00:00:00+05:00,27.33215913433381,27.63519269878049,26.681744598643018,27.07347297668457,1873000.0,0.0,0.0,0.0,NBP.KA,
2021-06-08 00:00:00+05:00,26.866523806638156,27.199122340834116,26.607837624190143,26.703922271728516,398000.0,0.0,0.0,0.0,NBP.KA,
2021-06-09 00:00:00+05:00,26.6447897062167,26.6447897062167,26.326973674386128,26.415668487548828,247500.0,0.0,0.0,0.0,NBP.KA,
2021-06-10 00:00:00+05:00,26.585666126691432,27.53172170172914,25.9795989214994,27.125213623046875,1396000.0,0.0,0.0,0.0,NBP.KA,
2021-06-11 00:00:00+05:00,26.829567920374423,28.012140123758382,26.829567920374423,27.516937255859375,2449000.0,0.0,0.0,0.0,NBP.KA,
2021-06-14 00:00:00+05:00,28.817767501834805,28.817767501834805,27.457811248488383,27.945621490478516,2455500.0,0.0,0.0,0.0,NBP.KA,
2021-06-15 00:00:00+05:00,28.381693969951257,28.381693969951257,26.79261368563669,27.960403442382812,2620500.0,0.0,0.0,0.0,NBP.KA,
2021-06-16 00:00:00+05:00,27.760844118818635,27.760844118818635,27.036520009824265,27.33216094970703,6096500.0,0.0,0.0,0.0,NBP.KA,
2021-06-17 00:00:00+05:00,27.273031912083646,27.324769143298614,26.9034786494238,27.199119567871094,361000.0,0.0,0.0,0.0,NBP.KA,
2021-06-18 00:00:00+05:00,26.999563342067685,27.2952071114568,26.87391657273147,26.970001220703125,457500.0,0.0,0.0,0.0,NBP.KA,
2021-06-21 00:00:00+05:00,26.82956777911999,27.043909359910003,26.60783637323658,26.955217361450195,437500.0,0.0,0.0,0.0,NBP.KA,
2021-06-22 00:00:00+05:00,26.63000816369492,26.85174238484717,26.312192120808955,26.349149703979492,1443000.0,0.0,0.0,0.0,NBP.KA,
2021-06-23 00:00:00+05:00,26.356540260333592,26.496969494088255,26.090461443141333,26.179153442382812,944500.0,0.0,0.0,0.0,NBP.KA,
2021-06-24 00:00:00+05:00,26.06829048220276,26.60783796935633,26.06829048220276,26.519145965576172,1069500.0,0.0,0.0,0.0,NBP.KA,
2021-06-25 00:00:00+05:00,26.866523620315803,26.866523620315803,26.275238907772458,26.3048038482666,106500.0,0.0,0.0,0.0,NBP.KA,
2021-06-28 00:00:00+05:00,26.282631829576072,26.29002165504352,25.573087347579513,25.757863998413086,718500.0,0.0,0.0,0.0,NBP.KA,
2021-06-29 00:00:00+05:00,26.12741608335838,26.12741608335838,25.683953269796497,25.8465576171875,428500.0,0.0,0.0,0.0,NBP.KA,
2021-06-30 00:00:00+05:00,25.868731853588226,27.642588879907198,25.698737668315093,27.029129028320312,2201000.0,0.0,0.0,0.0,NBP.KA,
2021-07-01 00:00:00+05:00,26.940434807524795,27.605629023094277,26.681745818580175,27.44302749633789,572500.0,0.0,0.0,0.0,NBP.KA,
2021-07-02 00:00:00+05:00,27.66475768135709,27.66475768135709,26.73348187337939,26.977388381958008,654000.0,0.0,0.0,0.0,NBP.KA,
2021-07-05 00:00:00+05:00,26.68174784267859,26.82956973050829,26.31958717793723,26.6300106048584,397000.0,0.0,0.0,0.0,NBP.KA,
2021-07-06 00:00:00+05:00,26.349150517217797,26.644791455432536,26.349150517217797,26.541316986083984,333000.0,0.0,0.0,0.0,NBP.KA,
2021-07-07 00:00:00+05:00,26.393496262946243,26.526535677782068,26.245674377632216,26.48219108581543,67500.0,0.0,0.0,0.0,NBP.KA,
2021-07-08 00:00:00+05:00,26.142198362876204,26.681745815922564,26.142198362876204,26.593053817749023,206500.0,0.0,0.0,0.0,NBP.KA,
2021-07-09 00:00:00+05:00,26.430451023363467,26.49697073076617,26.164375013220614,26.253067016601562,118000.0,0.0,0.0,0.0,NBP.KA,
2021-07-12 00:00:00+05:00,26.275239138315737,26.275239138315737,26.02394278084641,26.083072662353516,116000.0,0.0,0.0,0.0,NBP.KA,
2021-07-13 00:00:00+05:00,26.16437396558426,26.312193025477768,26.016552086222912,26.05350685119629,214000.0,0.0,0.0,0.0,NBP.KA,
2021-07-14 00:00:00+05:00,25.950034169461702,26.23089547765305,25.942641524276965,26.01655387878418,115000.0,0.0,0.0,0.0,NBP.KA,
2021-07-15 00:00:00+05:00,25.950033308380025,26.245674258194736,25.942640663440592,26.21611213684082,359000.0,0.0,0.0,0.0,NBP.KA,
2021-07-16 00:00:00+05:00,26.216110299075236,26.42305923138508,26.053505955421652,26.349149703979492,68000.0,0.0,0.0,0.0,NBP.KA,
2021-07-19 00:00:00+05:00,26.60044616141405,26.60044616141405,26.245672533797094,26.386104583740234,124000.0,0.0,0.0,0.0,NBP.KA,
2021-07-20 00:00:00+05:00,26.386104583740234,26.386104583740234,26.386104583740234,26.386104583740234,0.0,0.0,0.0,0.0,NBP.KA,
2021-07-21 00:00:00+05:00,26.386104583740234,26.386104583740234,26.386104583740234,26.386104583740234,0.0,0.0,0.0,0.0,NBP.KA,
2021-07-22 00:00:00+05:00,26.386104583740234,26.386104583740234,26.386104583740234,26.386104583740234,0.0,0.0,0.0,0.0,NBP.KA,
2021-07-23 00:00:00+05:00,26.386104583740234,26.386104583740234,26.386104583740234,26.386104583740234,0.0,0.0,0.0,0.0,NBP.KA,
2021-07-26 00:00:00+05:00,26.23828173639562,26.23828173639562,25.994375228881836,25.994375228881836,35000.0,0.0,0.0,0.0,NBP.KA,
2021-07-27 00:00:00+05:00,25.97959772409698,26.312193433482545,25.92046784364842,26.00177001953125,116000.0,0.0,0.0,0.0,NBP.KA,
2021-07-28 00:00:00+05:00,25.95003272072894,26.201329073088083,25.68395389829363,25.868730545043945,127000.0,0.0,0.0,0.0,NBP.KA,
2021-07-29 00:00:00+05:00,25.6469987174527,25.86873012606829,25.59526148275799,25.691343307495117,96500.0,0.0,0.0,0.0,NBP.KA,
2021-07-30 00:00:00+05:00,25.85394808708847,26.600447319211717,25.137013795131423,26.097854614257812,2082500.0,0.0,0.0,0.0,NBP.KA,
2021-08-02 00:00:00+05:00,26.127416837989838,26.23828395431636,25.794821127946054,25.905685424804688,261000.0,0.0,0.0,0.0,NBP.KA,
2021-08-03 00:00:00+05:00,25.913079458324834,26.05350870299204,25.868732045524013,25.920469284057617,240500.0,0.0,0.0,0.0,NBP.KA,
2021-08-04 00:00:00+05:00,25.868729012978793,26.423058920399768,25.72090714043966,26.208717346191406,1020000.0,0.0,0.0,0.0,NBP.KA,
2021-08-05 00:00:00+05:00,26.415671197161142,26.415671197161142,26.02394278084641,26.083072662353516,1181500.0,0.0,0.0,0.0,NBP.KA,
2021-08-06 00:00:00+05:00,26.01655178970181,26.09046131880619,25.816992677758623,25.8465576171875,420500.0,0.0,0.0,0.0,NBP.KA,
2021-08-09 00:00:00+05:00,25.979598771130153,25.979598771130153,25.513960811969127,25.676565170288086,60500.0,0.0,0.0,0.0,NBP.KA,
2021-08-10 00:00:00+05:00,25.55830660342758,25.853947540434955,25.52134901926732,25.654388427734375,25000.0,0.0,0.0,0.0,NBP.KA,
2021-08-11 00:00:00+05:00,25.86873036629541,25.86873036629541,25.683953720821872,25.6987361907959,55000.0,0.0,0.0,0.0,NBP.KA,
2021-08-12 00:00:00+05:00,25.513961851046137,25.647001273367426,25.1296260553922,25.417877197265625,183500.0,0.0,0.0,0.0,NBP.KA,
2021-08-13 00:00:00+05:00,25.63221658364108,25.63221658364108,25.144406350504706,25.210926055908203,36000.0,0.0,0.0,0.0,NBP.KA,
2021-08-16 00:00:00+05:00,25.16657874789218,25.336572924731094,24.760070688541052,25.018756866455078,173000.0,0.0,0.0,0.0,NBP.KA,
2021-08-17 00:00:00+05:00,25.09266893666514,25.129623701744727,24.98180182195854,25.040931701660156,575000.0,0.0,0.0,0.0,NBP.KA,
2021-08-18 00:00:00+05:00,25.040931701660156,25.040931701660156,25.040931701660156,25.040931701660156,0.0,0.0,0.0,0.0,NBP.KA,
2021-08-19 00:00:00+05:00,25.040931701660156,25.040931701660156,25.040931701660156,25.040931701660156,0.0,0.0,0.0,0.0,NBP.KA,
2021-08-20 00:00:00+05:00,25.055716025243747,25.343967161444727,24.76007224379922,24.907894134521484,145500.0,0.0,0.0,0.0,NBP.KA,
2021-08-23 00:00:00+05:00,25.144404167342724,25.720906351139693,25.12962169859567,25.29961585998535,155000.0,0.0,0.0,0.0,NBP.KA,
2021-08-24 00:00:00+05:00,25.499176524371865,25.550913758429108,25.225707884431035,25.25527000427246,196500.0,0.0,0.0,0.0,NBP.KA,
2021-08-25 00:00:00+05:00,25.314400994452082,25.57308717609727,25.20353387690819,25.29222869873047,95000.0,0.0,0.0,0.0,NBP.KA,
2021-08-26 00:00:00+05:00,25.277446742780278,25.550915400293807,24.989195614662233,25.048322677612305,112500.0,0.0,0.0,0.0,NBP.KA,
2021-08-27 00:00:00+05:00,24.944847042228936,25.12962368698619,24.405299577873905,24.81180763244629,847500.0,0.0,0.0,0.0,NBP.KA,
2021-08-30 00:00:00+05:00,24.760069054927538,25.011365390950285,24.464425311559236,24.700939178466797,175500.0,0.0,0.0,0.0,NBP.KA,
2021-08-31 00:00:00+05:00,24.686162069827635,25.018757791017265,24.686162069827635,24.952238082885742,85000.0,0.0,0.0,0.0,NBP.KA,
2021-09-01 00:00:00+05:00,24.76746068834801,25.05571462794176,24.471819742858784,24.893110275268555,132000.0,0.0,0.0,0.0,NBP.KA,
2021-09-02 00:00:00+05:00,24.841373736366396,25.018757744743723,24.656597082950363,24.752681732177734,96000.0,0.0,0.0,0.0,NBP.KA,
2021-09-03 00:00:00+05:00,24.723116727667566,24.760071494362574,24.31660865508655,24.390518188476562,391500.0,0.0,0.0,0.0,NBP.KA,
2021-09-06 00:00:00+05:00,24.205741476848086,24.464427662553934,24.205741476848086,24.257478713989258,143000.0,0.0,0.0,0.0,NBP.KA,
2021-09-07 00:00:00+05:00,24.176176080592462,24.464427201942694,23.947054840271978,24.40530014038086,589500.0,0.0,0.0,0.0,NBP.KA,
2021-09-08 00:00:00+05:00,24.390516258441142,24.390516258441142,23.947053454256583,24.161392211914062,238000.0,0.0,0.0,0.0,NBP.KA,
2021-09-09 00:00:00+05:00,24.68616071359317,24.68616071359317,23.873141790044613,24.020963668823242,291500.0,0.0,0.0,0.0,NBP.KA,
2021-09-10 00:00:00+05:00,24.346170717735838,24.39051812934311,24.168786710242674,24.257478713989258,110500.0,0.0,0.0,0.0,NBP.KA,
2021-09-13 00:00:00+05:00,24.24269578701697,24.50138478732024,24.168786255197702,24.40530014038086,263500.0,0.0,0.0,0.0,NBP.KA,
2021-09-14 00:00:00+05:00,24.56790326641048,24.575293091436066,24.18356751732106,24.264869689941406,220000.0,0.0,0.0,0.0,NBP.KA,
2021-09-15 00:00:00+05:00,24.39051720270833,24.686160963255574,24.094873442161088,24.323997497558594,1005000.0,0.0,0.0,0.0,NBP.KA,
2021-09-16 00:00:00+05:00,24.62703155530658,24.62703155530658,24.250088431879647,24.40530014038086,360000.0,0.0,0.0,0.0,NBP.KA,
2021-09-17 00:00:00+05:00,24.538339131056254,26.046117237759017,24.39790707576065,25.602651596069336,2117000.0,0.0,0.0,0.0,NBP.KA,
2021-09-20 00:00:00+05:00,25.610044699271608,25.610044699271608,25.01875716643357,25.159189224243164,203000.0,0.0,0.0,0.0,NBP.KA,
2021-09-21 00:00:00+05:00,25.491787334346242,25.499177159623752,24.752680750009322,24.981801986694336,263500.0,0.0,0.0,0.0,NBP.KA,
2021-09-22 00:00:00+05:00,24.98180123792863,25.13701293931502,24.76006983316696,24.92267417907715,1658000.0,0.0,0.0,0.0,NBP.KA,
2021-09-23 00:00:00+05:00,25.314400629329285,25.47700498085689,24.634423921973635,25.018756866455078,120500.0,0.0,0.0,0.0,NBP.KA,
2021-09-24 00:00:00+05:00,25.107450438415082,25.107450438415082,24.575292819492635,24.649202346801758,1499000.0,0.0,0.0,0.0,NBP.KA,
2021-09-27 00:00:00+05:00,25.262662637957483,25.262662637957483,24.205740023584024,24.95962905883789,638500.0,0.0,0.0,0.0,NBP.KA,
2021-09-28 00:00:00+05:00,24.893109857611382,24.959629562637268,24.397906982536906,24.715723037719727,130500.0,0.0,0.0,0.0,NBP.KA,
2021-09-29 00:00:00+05:00,24.715722336208362,24.752679919759878,24.227912119686742,24.560510635375977,373500.0,0.0,0.0,0.0,NBP.KA,
2021-09-30 00:00:00+05:00,24.39051715729752,24.76746027279899,24.213130337405865,24.715723037719727,85500.0,0.0,0.0,0.0,NBP.KA,
2021-10-01 00:00:00+05:00,24.5752938164605,25.122233926926533,24.538339051306764,24.944847106933594,140500.0,0.0,0.0,0.0,NBP.KA,
2021-10-04 00:00:00+05:00,24.981800835679216,25.05571318238818,24.575292796916994,24.974411010742188,78000.0,0.0,0.0,0.0,NBP.KA,
2021-10-05 00:00:00+05:00,24.907892387948074,24.907892387948074,24.40529968641566,24.55312156677246,756500.0,0.0,0.0,0.0,NBP.KA,
2021-10-06 00:00:00+05:00,24.471819846805367,24.760070968155595,24.390517670123423,24.40530014038086,211000.0,0.0,0.0,0.0,NBP.KA,
2021-10-07 00:00:00+05:00,24.42747089965245,24.83397893802669,24.405298605394794,24.74528694152832,91500.0,0.0,0.0,0.0,NBP.KA,
2021-10-08 00:00:00+05:00,24.693552533947603,24.944848902335035,24.693552533947603,24.907894134521484,25000.0,0.0,0.0,0.0,NBP.KA,
2021-10-11 00:00:00+05:00,24.405301745600198,24.9005018441897,24.405301745600198,24.72311782836914,182500.0,0.0,0.0,0.0,NBP.KA,
2021-10-12 00:00:00+05:00,24.508773828614604,25.388309634784054,24.109655602836405,25.033538818359375,136500.0,0.0,0.0,0.0,NBP.KA,
2021-10-13 00:00:00+05:00,24.693551952727077,25.839166644790797,24.678769482055984,25.085277557373047,1335500.0,0.0,0.0,0.0,NBP.KA,
2021-10-14 00:00:00+05:00,25.055712174328026,25.79481869487496,25.055712174328026,25.29961585998535,420000.0,0.0,0.0,0.0,NBP.KA,
2021-10-15 00:00:00+05:00,25.20353331480353,25.86873036629541,25.13701360965434,25.6987361907959,257000.0,0.0,0.0,0.0,NBP.KA,
2021-10-18 00:00:00+05:00,25.69873389558509,25.69873389558509,25.20353106382038,25.358745574951172,169000.0,0.0,0.0,0.0,NBP.KA,
2021-10-19 00:00:00+05:00,25.358745574951175,25.358745574951175,25.358745574951175,25.358745574951172,0.0,0.0,0.0,0.0,NBP.KA,
2021-10-20 00:00:00+05:00,25.351355706436834,25.846558592417914,25.351355706436834,25.6839542388916,498500.0,0.0,0.0,0.0,NBP.KA,
2021-10-21 00:00:00+05:00,25.83177519139883,26.940435046656567,25.82438254679514,26.600446701049805,1280500.0,0.0,0.0,0.0,NBP.KA,
2021-10-22 00:00:00+05:00,26.23828385084545,26.312193381793072,25.905685322645382,26.097854614257812,85500.0,0.0,0.0,0.0,NBP.KA,
2021-10-25 00:00:00+05:00,25.65438897016843,25.85394808708847,25.27744585118694,26.097854614257812,377500.0,0.0,0.0,0.0,NBP.KA,
2021-10-26 00:00:00+05:00,25.1739707735022,25.669170821748693,25.055713835154695,25.2257080078125,71000.0,0.0,0.0,0.0,NBP.KA,
2021-10-27 00:00:00+05:00,25.499176395351046,25.68395303589707,24.833979361598256,24.92267417907715,183500.0,0.0,0.0,0.0,NBP.KA,
2021-10-28 00:00:00+05:00,24.774852214316567,25.137012849592136,24.39051646501654,24.560510635375977,362000.0,0.0,0.0,0.0,NBP.KA,
2021-10-29 00:00:00+05:00,24.833981033698173,25.499178112239434,24.575294847303223,25.373531341552734,534500.0,0.0,0.0,0.0,NBP.KA,
2021-11-01 00:00:00+05:00,25.49178901301317,26.363932246052048,25.49178901301317,26.186548233032227,666000.0,0.0,0.0,0.0,NBP.KA,
2021-11-02 00:00:00+05:00,26.031335656531706,27.64258828880062,26.031335656531706,26.910871505737305,1503000.0,0.0,0.0,0.0,NBP.KA,
2021-11-03 00:00:00+05:00,26.319586204589246,27.154777443392295,26.319586204589246,26.56348991394043,384000.0,0.0,0.0,0.0,NBP.KA,
2021-11-04 00:00:00+05:00,26.31958769099961,26.73348560162951,26.23828551013501,26.6152286529541,1044000.0,0.0,0.0,0.0,NBP.KA,
2021-11-05 00:00:00+05:00,26.607837677001953,26.75565956132333,26.600447851546456,26.607837677001953,109000.0,0.0,0.0,0.0,NBP.KA,
2021-11-08 00:00:00+05:00,26.63000787626632,26.755657454860923,26.42305894619016,26.437841415405273,337500.0,0.0,0.0,0.0,NBP.KA,
2021-11-09 00:00:00+05:00,26.24567277914097,26.53392670670781,25.794820144620882,25.83916473388672,206000.0,0.0,0.0,0.0,NBP.KA,
2021-11-10 00:00:00+05:00,25.868730545043945,26.423060485294886,25.72830130852214,25.868730545043945,1141000.0,0.0,0.0,0.0,NBP.KA,
2021-11-11 00:00:00+05:00,26.20132947410991,25.942640473019406,25.499177641818427,25.58786964416504,140500.0,0.0,0.0,0.0,NBP.KA,
2021-11-12 00:00:00+05:00,25.35874742512738,25.691343125966817,25.351354780527323,25.52134895324707,14000.0,0.0,0.0,0.0,NBP.KA,
2021-11-15 00:00:00+05:00,25.336573805730346,25.351356276334858,24.870938669294116,25.048322677612305,338000.0,0.0,0.0,0.0,NBP.KA,
2021-11-16 00:00:00+05:00,25.277447376258,25.80960223401687,25.20353502138312,25.528743743896484,487000.0,0.0,0.0,0.0,NBP.KA,
2021-11-17 00:00:00+05:00,25.683953886037425,26.34915094180828,25.5139597094444,25.639606475830078,654000.0,0.0,0.0,0.0,NBP.KA,
2021-11-18 00:00:00+05:00,25.68395348231066,25.85394765623154,25.49917683855303,25.691343307495117,118000.0,0.0,0.0,0.0,NBP.KA,
2021-11-19 00:00:00+05:00,26.04611754411443,26.23828401747939,25.654389133094174,26.038724899291992,721500.0,0.0,0.0,0.0,NBP.KA,
2021-11-22 00:00:00+05:00,26.275237669874443,26.925652232763277,25.890901919961394,25.93524932861328,1647500.0,0.0,0.0,0.0,NBP.KA,
2021-11-23 00:00:00+05:00,26.156983671135137,26.230896027190816,25.240493011789457,25.477006912231445,420000.0,0.0,0.0,0.0,NBP.KA,
2021-11-24 00:00:00+05:00,25.49178723626497,25.53613182669513,25.144406240733467,25.46961212158203,410000.0,0.0,0.0,0.0,NBP.KA,
2021-11-25 00:00:00+05:00,25.20353272868819,25.321789666262443,24.242694758463923,24.434864044189453,787500.0,0.0,0.0,0.0,NBP.KA,
2021-11-26 00:00:00+05:00,24.760071379409553,25.05571515053297,24.168786656630676,24.35356330871582,486500.0,0.0,0.0,0.0,NBP.KA,
2021-11-29 00:00:00+05:00,24.61224921339591,25.46222293108947,24.530947036289994,25.196144104003906,483500.0,0.0,0.0,0.0,NBP.KA,
2021-11-30 00:00:00+05:00,25.484395462268182,26.164375006597897,25.314401281052742,25.499177932739258,3234500.0,0.0,0.0,0.0,NBP.KA,
2021-12-01 00:00:00+05:00,25.29961780397447,26.16437396558426,25.29222797876693,26.05350685119629,403500.0,0.0,0.0,0.0,NBP.KA,
2021-12-02 00:00:00+05:00,25.683952061098015,25.683952061098015,24.46442515199262,24.760068893432617,579000.0,0.0,0.0,0.0,NBP.KA,
2021-12-03 00:00:00+05:00,24.93006463697853,25.49917704264323,24.833979992004526,24.944847106933594,714000.0,0.0,0.0,0.0,NBP.KA,
2021-12-06 00:00:00+05:00,25.055713436041408,25.38830913146172,24.575293045706655,25.27744483947754,173500.0,0.0,0.0,0.0,NBP.KA,
2021-12-07 00:00:00+05:00,25.284834051594846,25.72090702288503,24.98919312733548,25.550912857055664,147500.0,0.0,0.0,0.0,NBP.KA,
2021-12-08 00:00:00+05:00,25.24049061665049,26.009159310411835,25.24049061665049,25.78742790222168,201000.0,0.0,0.0,0.0,NBP.KA,
2021-12-09 00:00:00+05:00,25.85394894763878,25.86873141821392,25.13701463181853,25.373531341552734,133500.0,0.0,0.0,0.0,NBP.KA,
2021-12-10 00:00:00+05:00,25.12962336432146,25.49917664909089,24.981801486520123,25.2257080078125,74000.0,0.0,0.0,0.0,NBP.KA,
2021-12-13 00:00:00+05:00,24.981801286035864,25.129623162650898,24.760069880847208,24.826589584350586,42000.0,0.0,0.0,0.0,NBP.KA,
2021-12-14 00:00:00+05:00,24.649203094769533,25.49178695678711,24.649203094769533,25.49178695678711,70500.0,0.0,0.0,0.0,NBP.KA,
2021-12-15 00:00:00+05:00,25.218317953276262,25.647001160981496,25.18136318489742,25.380922317504883,277000.0,0.0,0.0,0.0,NBP.KA,
2021-12-16 00:00:00+05:00,25.499177581997497,25.499177581997497,24.90789286862737,25.159189224243164,67000.0,0.0,0.0,0.0,NBP.KA,
2021-12-17 00:00:00+05:00,25.12962309887406,25.780037662648837,24.981801222634186,25.54352378845215,262500.0,0.0,0.0,0.0,NBP.KA,
2021-12-20 00:00:00+05:00,25.787427363453816,25.787427363453816,25.20353250582686,25.57308578491211,140000.0,0.0,0.0,0.0,NBP.KA,
2021-12-21 00:00:00+05:00,25.573087465626685,25.573087465626685,25.314401281052742,25.499177932739258,265500.0,0.0,0.0,0.0,NBP.KA,
2021-12-22 00:00:00+05:00,25.499177641818427,25.683954291396823,25.31440099224003,25.58786964416504,120500.0,0.0,0.0,0.0,NBP.KA,
2021-12-23 00:00:00+05:00,25.632216586884336,25.757863352958026,25.499177176060503,25.506567001342773,28500.0,0.0,0.0,0.0,NBP.KA,
2021-12-24 00:00:00+05:00,25.499178216783616,25.757864404239154,25.27744679618344,25.706127166748047,252000.0,0.0,0.0,0.0,NBP.KA,
2021-12-27 00:00:00+05:00,25.35874903860547,25.499178280795576,25.28483668524121,25.314401626586914,215000.0,0.0,0.0,0.0,NBP.KA,
2021-12-28 00:00:00+05:00,25.314398773198697,25.491785581810245,25.077884908028416,25.15179443359375,2313000.0,0.0,0.0,0.0,NBP.KA,
2021-12-29 00:00:00+05:00,25.063104577236796,25.203533815578478,24.90789286862737,25.159189224243164,613000.0,0.0,0.0,0.0,NBP.KA,
2021-12-30 00:00:00+05:00,25.314399318000593,25.573085482514234,25.16657744422091,25.36613655090332,176500.0,0.0,0.0,0.0,NBP.KA,
2021-12-31 00:00:00+05:00,25.137012064793105,25.654387204215933,25.137012064793105,25.513957977294922,332500.0,0.0,0.0,0.0,NBP.KA,
2022-01-03 00:00:00+05:00,25.499177121710783,25.499177121710783,25.129623830091788,25.307010650634766,230500.0,0.0,0.0,0.0,NBP.KA,
2022-01-04 00:00:00+05:00,25.388307970867164,25.610042183634757,25.314398446256387,25.336570739746094,1459500.0,0.0,0.0,0.0,NBP.KA,
2022-01-05 00:00:00+05:00,25.388312254645758,25.499179379736205,25.277447949023426,25.417877197265625,82500.0,0.0,0.0,0.0,NBP.KA,
2022-01-06 00:00:00+05:00,25.34396326622651,25.499174958869137,25.21831369161037,25.29961585998535,51500.0,0.0,0.0,0.0,NBP.KA,
2022-01-07 00:00:00+05:00,25.31440116839358,25.484395348852477,25.22570916542979,25.462223052978516,27500.0,0.0,0.0,0.0,NBP.KA,
2022-01-10 00:00:00+05:00,25.462223231109295,26.349151725355828,25.16657945987113,25.86134147644043,457500.0,0.0,0.0,0.0,NBP.KA,
2022-01-11 00:00:00+05:00,25.75786405843278,25.979598295524095,25.543525285762026,25.89090347290039,123000.0,0.0,0.0,0.0,NBP.KA,
2022-01-12 00:00:00+05:00,26.016551215078962,26.238282616962564,25.942638868139266,26.023941040039062,365000.0,0.0,0.0,0.0,NBP.KA,
2022-01-13 00:00:00+05:00,25.905685897147247,26.23828443272324,25.883513601264827,26.21611213684082,145500.0,0.0,0.0,0.0,NBP.KA,
2022-01-14 00:00:00+05:00,26.349151832876526,26.349151832876526,26.090462827120533,26.193937301635742,114500.0,0.0,0.0,0.0,NBP.KA,
2022-01-17 00:00:00+05:00,26.386103593069482,26.386103593069482,25.573084721218205,26.319583892822266,103500.0,0.0,0.0,0.0,NBP.KA,
2022-01-18 00:00:00+05:00,25.898294860914284,26.304802910072464,25.898294860914284,26.14219856262207,1135000.0,0.0,0.0,0.0,NBP.KA,
2022-01-19 00:00:00+05:00,25.57308459083069,26.053504958996403,24.331385405525367,25.661779403686523,706500.0,0.0,0.0,0.0,NBP.KA,
2022-01-20 00:00:00+05:00,25.42526730883711,25.86873012606829,25.240490665079477,25.691343307495117,332000.0,0.0,0.0,0.0,NBP.KA,
2022-01-21 00:00:00+05:00,25.506567475858937,25.861341124301166,25.499177650439186,25.816993713378906,97000.0,0.0,0.0,0.0,NBP.KA,
2022-01-24 00:00:00+05:00,25.646998371847967,25.77264513456545,25.49917649494026,25.58047866821289,85500.0,0.0,0.0,0.0,NBP.KA,
2022-01-25 00:00:00+05:00,25.972206123548485,25.979598768635725,25.38092139262903,25.44744110107422,84500.0,0.0,0.0,0.0,NBP.KA,
2022-01-26 00:00:00+05:00,25.809598463977377,25.809598463977377,25.321788270930412,25.336570739746094,93000.0,0.0,0.0,0.0,NBP.KA,
2022-01-27 00:00:00+05:00,25.824385290150406,25.824385290150406,25.321792543485113,25.417877197265625,127000.0,0.0,0.0,0.0,NBP.KA,
2022-01-28 00:00:00+05:00,25.321790355139438,25.79482093777299,25.321790355139438,25.506567001342773,349000.0,0.0,0.0,0.0,NBP.KA,
2022-01-31 00:00:00+05:00,25.513958964577814,25.706125430930374,25.49917649494026,25.58047866821289,93000.0,0.0,0.0,0.0,NBP.KA,
2022-02-01 00:00:00+05:00,25.610044663461657,26.34915125900782,25.610044663461657,26.3048038482666,457000.0,0.0,0.0,0.0,NBP.KA,
2022-02-02 00:00:00+05:00,26.415670221722984,26.755658569430455,26.238283403219878,26.541316986083984,1653500.0,0.0,0.0,0.0,NBP.KA,
2022-02-03 00:00:00+05:00,26.43784226899418,26.60783644125495,26.238283157348633,26.238283157348633,337500.0,0.0,0.0,0.0,NBP.KA,
2022-02-04 00:00:00+05:00,26.016552452512887,26.86652333673876,26.009159807733425,26.62261962890625,484500.0,0.0,0.0,0.0,NBP.KA,
2022-02-07 00:00:00+05:00,26.607837456164734,27.93822876507939,26.607837456164734,27.354333877563477,2348000.0,0.0,0.0,0.0,NBP.KA,
2022-02-08 00:00:00+05:00,27.354332139018837,27.71649558860913,27.05129856669542,27.22868537902832,729500.0,0.0,0.0,0.0,NBP.KA,
2022-02-09 00:00:00+05:00,27.346943823905885,27.568675236962896,26.238283939152943,27.280424118041992,1226500.0,0.0,0.0,0.0,NBP.KA,
2022-02-10 00:00:00+05:00,27.221295534065824,27.221295534065824,26.238282471235586,26.378711700439453,762000.0,0.0,0.0,0.0,NBP.KA,
2022-02-11 00:00:00+05:00,26.378711654578986,26.79261233601967,26.378711654578986,26.474796295166016,556500.0,0.0,0.0,0.0,NBP.KA,
2022-02-14 00:00:00+05:00,26.60783796935633,26.7556598553019,26.27523943084578,26.519145965576172,420500.0,0.0,0.0,0.0,NBP.KA,
2022-02-15 00:00:00+05:00,26.51914295010434,26.777829106493108,26.31219120552568,26.415668487548828,511000.0,0.0,0.0,0.0,NBP.KA,
2022-02-16 00:00:00+05:00,26.67435761168249,26.67435761168249,25.950033473739186,26.156982421875,26000.0,0.0,0.0,0.0,NBP.KA,
2022-02-17 00:00:00+05:00,26.016551665530457,26.09046119428208,25.765255320520026,25.87611961364746,93500.0,0.0,0.0,0.0,NBP.KA,
2022-02-18 00:00:00+05:00,26.164374319897824,26.23828385084545,25.765256086057743,26.097854614257812,73500.0,0.0,0.0,0.0,NBP.KA,
2022-02-21 00:00:00+05:00,26.43784383682271,26.526535840768894,25.580480280095017,26.193937301635742,264000.0,0.0,0.0,0.0,NBP.KA,
2022-02-22 00:00:00+05:00,25.979597034639482,26.452624787803025,25.63221604489284,26.14219856262207,191000.0,0.0,0.0,0.0,NBP.KA,
2022-02-23 00:00:00+05:00,25.75786349188276,26.149591901184767,25.75786349188276,26.00177001953125,65500.0,0.0,0.0,0.0,NBP.KA,
2022-02-24 00:00:00+05:00,25.64699878895683,25.868730198190608,24.538338923320087,24.678768157958984,242000.0,0.0,0.0,0.0,NBP.KA,
2022-02-25 00:00:00+05:00,23.074907125183145,23.651410770211264,22.831002008004702,22.9049129486084,2686000.0,0.0,0.0,0.0,NBP.KA,
2022-02-28 00:00:00+05:00,22.173196391577978,22.91230293796391,21.818425587648857,22.224933624267578,200000.0,0.0,0.0,0.0,NBP.KA,
2022-03-01 00:00:00+05:00,22.239717708738386,23.732713379206096,22.173198001953807,23.607065200805664,2834500.0,0.0,0.0,0.0,NBP.KA,
2022-03-02 00:00:00+05:00,23.599673727699983,24.76007085254543,22.912304371012187,24.663986206054688,4734000.0,0.0,0.0,0.0,NBP.KA,
2022-03-03 00:00:00+05:00,24.663986730874246,24.760071379409553,23.799233352460384,24.35356330871582,1854000.0,0.0,0.0,0.0,NBP.KA,
2022-03-04 00:00:00+05:00,24.279651068923574,24.826591202200774,24.02835470814237,24.390518188476562,1113000.0,0.0,0.0,0.0,NBP.KA,
2022-03-07 00:00:00+05:00,24.168785277580433,24.68616043779145,23.318811598700353,24.33877944946289,322000.0,0.0,0.0,0.0,NBP.KA,
2022-03-08 00:00:00+05:00,24.02096555860873,24.309216694197143,22.550143528957385,22.609272003173828,2633500.0,0.0,0.0,0.0,NBP.KA,
2022-03-09 00:00:00+05:00,22.417103873922084,22.912305368930262,22.24710968855328,22.831003189086914,312000.0,0.0,0.0,0.0,NBP.KA,
2022-03-10 00:00:00+05:00,23.060127629702087,23.281859056825866,22.912305738463548,23.089691162109375,573000.0,0.0,0.0,0.0,NBP.KA,
2022-03-11 00:00:00+05:00,23.170990176304382,23.429677745747966,22.173196071155612,23.030559539794922,237000.0,0.0,0.0,0.0,NBP.KA,
2022-03-14 00:00:00+05:00,22.63144350658612,23.429678535670554,22.61666103703751,23.008386611938477,89500.0,0.0,0.0,0.0,NBP.KA,
2022-03-15 00:00:00+05:00,22.919696427513635,23.79184105387715,22.68318253495851,23.414897918701172,186500.0,0.0,0.0,0.0,NBP.KA,
2022-03-16 00:00:00+05:00,23.185774078656394,23.451851489339663,23.134035433782216,23.25968360900879,75500.0,0.0,0.0,0.0,NBP.KA,
2022-03-17 00:00:00+05:00,23.000996882246483,23.207945817849367,22.96404070822176,23.06012535095215,85500.0,0.0,0.0,0.0,NBP.KA,
2022-03-18 00:00:00+05:00,22.890131684658375,23.799233905438207,22.697963792856704,23.27446746826172,393500.0,0.0,0.0,0.0,NBP.KA,
2022-03-21 00:00:00+05:00,24.732459846664792,24.79352613167075,23.274464800925426,23.404233932495117,45500.0,1.0,0.0,0.0,NBP.KA,
2022-03-22 00:00:00+05:00,24.167583001846456,24.167583001846456,23.305000922204535,23.701940536499023,183500.0,0.0,0.0,0.0,NBP.KA,
2022-03-23 00:00:00+05:00,23.701940536499023,23.701940536499023,23.701940536499023,23.701940536499023,0.0,0.0,0.0,0.0,NBP.KA,
2022-03-24 00:00:00+05:00,23.663772142635235,23.83934171555107,23.29736569760137,23.671405792236328,54000.0,0.0,0.0,0.0,NBP.KA,
2022-03-25 00:00:00+05:00,23.289732522939595,24.30498464507238,23.289732522939595,23.488203048706055,196000.0,0.0,0.0,0.0,NBP.KA,
2022-03-28 00:00:00+05:00,23.43476903179185,23.96911141275662,23.327899390823035,23.778274536132812,77500.0,0.0,0.0,0.0,NBP.KA,
2022-03-29 00:00:00+05:00,23.663773006511104,23.839342585836327,23.663773006511104,23.74774169921875,67000.0,0.0,0.0,0.0,NBP.KA,
2022-03-30 00:00:00+05:00,23.396601084598462,23.94621222818329,23.396601084598462,23.74774169921875,126000.0,0.0,0.0,0.0,NBP.KA,
2022-03-31 00:00:00+05:00,23.999648080819426,23.999648080819426,23.74010978975944,23.80881118774414,46500.0,0.0,0.0,0.0,NBP.KA,
2022-04-01 00:00:00+05:00,23.541638615876042,24.274451566797207,23.541638615876042,23.96147918701172,106500.0,0.0,0.0,0.0,NBP.KA,
2022-04-04 00:00:00+05:00,23.12942850312564,23.472935458070694,22.61035342983172,22.78592300415039,293500.0,0.0,0.0,0.0,NBP.KA,
2022-04-05 00:00:00+05:00,22.785923518326943,23.511102780951955,22.518751598004116,23.068361282348633,218000.0,0.0,0.0,0.0,NBP.KA,
2022-04-06 00:00:00+05:00,23.053095600499525,23.28209927325839,22.732489585055205,23.007293701171875,226000.0,0.0,0.0,0.0,NBP.KA,
2022-04-07 00:00:00+05:00,23.014927324184313,23.014927324184313,22.51875172980628,22.54165267944336,189500.0,0.0,0.0,0.0,NBP.KA,
2022-04-08 00:00:00+05:00,22.785923775968236,23.57980444010898,22.74775552636493,23.213397979736328,779000.0,0.0,0.0,0.0,NBP.KA,
2022-04-11 00:00:00+05:00,23.40423585909686,24.495823092869774,23.40423585909686,24.34315299987793,674000.0,0.0,0.0,0.0,NBP.KA,
2022-04-12 00:00:00+05:00,23.824075839612743,24.465287884713266,23.66377355632255,24.411853790283203,259500.0,0.0,0.0,0.0,NBP.KA,
2022-04-13 00:00:00+05:00,24.427121584342096,24.60269117129678,23.946213268777118,24.22865104675293,162500.0,0.0,0.0,0.0,NBP.KA,
2022-04-14 00:00:00+05:00,23.938579436263396,24.427121398319418,23.938579436263396,24.38132095336914,228000.0,0.0,0.0,0.0,NBP.KA,
2022-04-15 00:00:00+05:00,24.144681766409708,24.953829741648626,24.121782272298994,24.76299285888672,119000.0,0.0,0.0,0.0,NBP.KA,
2022-04-18 00:00:00+05:00,24.427119340892055,24.617956210742776,24.236282471041335,24.350784301757812,85000.0,0.0,0.0,0.0,NBP.KA,
2022-04-19 00:00:00+05:00,24.10651488779325,24.274450819886244,23.969112099730857,24.007280349731445,83000.0,0.0,0.0,0.0,NBP.KA,
2022-04-20 00:00:00+05:00,24.091248329066914,24.198117976387017,23.53400496564104,23.96147918701172,123500.0,0.0,0.0,0.0,NBP.KA,
2022-04-21 00:00:00+05:00,23.480570099101566,24.03781344423321,23.312634167354595,23.625606536865234,161000.0,0.0,0.0,0.0,NBP.KA,
2022-04-22 00:00:00+05:00,23.28209924834157,24.00727997125162,23.28209924834157,23.74774169921875,52000.0,0.0,0.0,0.0,NBP.KA,
2022-04-25 00:00:00+05:00,23.48057042424144,24.404220245594534,23.289733539898744,23.50347137451172,167000.0,0.0,0.0,0.0,NBP.KA,
2022-04-26 00:00:00+05:00,23.327899258928575,23.892776235824897,23.304999765683878,23.755374908447266,66500.0,0.0,0.0,0.0,NBP.KA,
2022-04-27 00:00:00+05:00,23.404234238483227,23.419501537919217,23.358433796145064,23.373701095581055,55000.0,0.0,0.0,0.0,NBP.KA,
2022-04-28 00:00:00+05:00,23.205764336345055,24.030179600400412,23.205764336345055,23.770641326904297,166000.0,0.0,0.0,0.0,NBP.KA,
2022-04-29 00:00:00+05:00,23.770641326904297,23.770641326904297,23.770641326904297,23.770641326904297,0.0,0.0,0.0,0.0,NBP.KA,
2022-05-02 00:00:00+05:00,23.770641326904297,23.770641326904297,23.770641326904297,23.770641326904297,0.0,0.0,0.0,0.0,NBP.KA,
2022-05-03 00:00:00+05:00,23.770641326904297,23.770641326904297,23.770641326904297,23.770641326904297,0.0,0.0,0.0,0.0,NBP.KA,
2022-05-04 00:00:00+05:00,23.770641326904297,23.770641326904297,23.770641326904297,23.770641326904297,0.0,0.0,0.0,0.0,NBP.KA,
2022-05-05 00:00:00+05:00,23.770641326904297,23.770641326904297,23.770641326904297,23.770641326904297,0.0,0.0,0.0,0.0,NBP.KA,
2022-05-06 00:00:00+05:00,23.35080107538971,23.93094537330888,23.12942959267048,23.182865142822266,138000.0,0.0,0.0,0.0,NBP.KA,
2022-05-09 00:00:00+05:00,23.06072816925031,23.06072816925031,22.137078357343913,22.7095890045166,486000.0,0.0,0.0,0.0,NBP.KA,
2022-05-10 00:00:00+05:00,22.717221830345558,22.717221830345558,22.28974763697032,22.457683563232422,41500.0,0.0,0.0,0.0,NBP.KA,
2022-05-11 00:00:00+05:00,22.144711285025316,22.182878077870598,21.22106004727731,21.457698822021484,898000.0,0.0,0.0,0.0,NBP.KA,
2022-05-12 00:00:00+05:00,21.411896421318747,22.396615378108724,21.14472596572747,21.724868774414062,242000.0,0.0,0.0,0.0,NBP.KA,
2022-05-13 00:00:00+05:00,21.679069293158175,22.060743053446068,21.679069293158175,22.007308959960938,85500.0,0.0,0.0,0.0,NBP.KA,
2022-05-16 00:00:00+05:00,21.75540556886972,21.831740616445703,21.373731786959723,21.785940170288086,179500.0,0.0,0.0,0.0,NBP.KA,
2022-05-17 00:00:00+05:00,21.182894756919456,21.984409111279792,21.182894756919456,21.75540542602539,179000.0,0.0,0.0,0.0,NBP.KA,
2022-05-18 00:00:00+05:00,21.763038564501773,22.21341373008401,21.763038564501773,22.030210494995117,29500.0,0.0,0.0,0.0,NBP.KA,
2022-05-19 00:00:00+05:00,21.839372825142256,22.289747974543534,21.839372825142256,22.243946075439453,144500.0,0.0,0.0,0.0,NBP.KA,
2022-05-20 00:00:00+05:00,22.503485096767843,22.900426166418537,22.36608230681415,22.763023376464844,180500.0,0.0,0.0,0.0,NBP.KA,
2022-05-23 00:00:00+05:00,22.763023001372442,22.763023001372442,22.22104695656351,22.50348472595215,40000.0,0.0,0.0,0.0,NBP.KA,
2022-05-24 00:00:00+05:00,22.816456054438216,22.816456054438216,21.839372197164,22.488216400146484,133000.0,0.0,0.0,0.0,NBP.KA,
2022-05-25 00:00:00+05:00,22.251579824907207,22.709588626209605,21.984407902816656,22.450050354003906,255500.0,0.0,0.0,0.0,NBP.KA,
2022-05-26 00:00:00+05:00,22.27448012454876,22.78592300415039,22.27448012454876,22.78592300415039,757000.0,0.0,0.0,0.0,NBP.KA,
2022-05-27 00:00:00+05:00,22.90042585668144,23.12942953286031,22.137078328125394,22.236312866210938,493000.0,0.0,0.0,0.0,NBP.KA,
2022-05-30 00:00:00+05:00,22.511117054575045,22.663787133261984,22.29737923560729,22.526384353637695,60000.0,0.0,0.0,0.0,NBP.KA,
2022-05-31 00:00:00+05:00,22.5187509986712,22.778289262252116,22.175244045117115,22.488216400146484,258000.0,0.0,0.0,0.0,NBP.KA,
2022-06-01 00:00:00+05:00,22.480584835993074,22.518751629247934,22.297380151654213,22.335548400878906,141500.0,0.0,0.0,0.0,NBP.KA,
2022-06-02 00:00:00+05:00,22.137076963358805,22.648519834199334,22.060741924015336,22.526384353637695,92500.0,0.0,0.0,0.0,NBP.KA,
2022-06-03 00:00:00+05:00,22.15234650603828,22.15234650603828,21.65617088400713,21.75540542602539,484000.0,0.0,0.0,0.0,NBP.KA,
2022-06-06 00:00:00+05:00,21.41189844217386,21.793572221577815,21.373731646621437,21.75540542602539,158000.0,0.0,0.0,0.0,NBP.KA,
2022-06-07 00:00:00+05:00,22.121811028121506,22.289748416224548,22.060743284075816,22.236312866210938,234500.0,0.0,0.0,0.0,NBP.KA,
2022-06-08 00:00:00+05:00,22.1370792388916,22.205780635765755,22.1370792388916,22.1370792388916,662500.0,0.0,0.0,0.0,NBP.KA,
2022-06-09 00:00:00+05:00,22.114177899364268,22.12181154954614,21.908075168333266,21.96914291381836,23000.0,0.0,0.0,0.0,NBP.KA,
2022-06-10 00:00:00+05:00,21.67907045667031,22.114178333795497,21.37373172324649,21.48823356628418,156500.0,0.0,0.0,0.0,NBP.KA,
2022-06-13 00:00:00+05:00,21.14472686050242,21.14472686050242,20.915721731200858,20.976789474487305,162000.0,0.0,0.0,0.0,NBP.KA,
2022-06-14 00:00:00+05:00,21.129460593395528,21.144727893955793,20.85465500719041,20.99205780029297,232500.0,0.0,0.0,0.0,NBP.KA,
2022-06-15 00:00:00+05:00,21.679070401210552,22.404251165210646,21.640903605618938,21.663803100585938,395500.0,0.0,0.0,0.0,NBP.KA,
2022-06-16 00:00:00+05:00,21.45006710291183,21.648537646704618,21.152360559237675,21.366098403930664,94500.0,0.0,0.0,0.0,NBP.KA,
2022-06-17 00:00:00+05:00,21.228693856734594,21.74777039676622,21.228693856734594,21.396631240844727,201500.0,0.0,0.0,0.0,NBP.KA,
2022-06-20 00:00:00+05:00,21.55693265773618,21.55693265773618,21.22105935890745,21.22869300842285,41500.0,0.0,0.0,0.0,NBP.KA,
2022-06-21 00:00:00+05:00,21.22869535690286,21.37373180180095,21.068393067254924,21.22106170654297,203500.0,0.0,0.0,0.0,NBP.KA,
2022-06-22 00:00:00+05:00,21.33556500597142,21.37373180180095,21.175261260353547,21.22106170654297,264500.0,0.0,0.0,0.0,NBP.KA,
2022-06-23 00:00:00+05:00,21.36609597305411,21.60273328620461,20.99205587937436,21.08365821838379,278000.0,0.0,0.0,0.0,NBP.KA,
2022-06-24 00:00:00+05:00,21.083658379724387,21.182892913105015,19.84703480146776,20.282142639160156,886000.0,0.0,0.0,0.0,NBP.KA,
2022-06-27 00:00:00+05:00,20.49588090522523,20.99205649481787,20.480613605614426,20.923355102539062,76000.0,0.0,0.0,0.0,NBP.KA,
2022-06-28 00:00:00+05:00,21.282128990242217,21.740137810077567,20.923356166955642,21.320297241210938,2549000.0,0.0,0.0,0.0,NBP.KA,
2022-06-29 00:00:00+05:00,21.297395147315857,21.671435250910225,20.77831860976618,21.190526962280273,402000.0,0.0,0.0,0.0,NBP.KA,
2022-06-30 00:00:00+05:00,21.350829503454527,21.663801868611458,21.083659037566786,21.33556365966797,638000.0,0.0,0.0,0.0,NBP.KA,
2022-07-01 00:00:00+05:00,21.121826153347886,21.297395735316456,21.11419250335318,21.213428497314453,55500.0,0.0,0.0,0.0,NBP.KA,
2022-07-04 00:00:00+05:00,21.32792904643581,21.32792904643581,20.96152114868164,20.96152114868164,33500.0,0.0,0.0,0.0,NBP.KA,
2022-07-05 00:00:00+05:00,20.915722437403844,20.953890688227748,20.40427952412269,20.556949615478516,322000.0,0.0,0.0,0.0,NBP.KA,
2022-07-06 00:00:00+05:00,20.816487240033126,20.9080881271789,20.625650359847935,20.801219940185547,449000.0,0.0,0.0,0.0,NBP.KA,
2022-07-07 00:00:00+05:00,20.801220331684256,21.221060893605525,20.610383447907335,20.96915626525879,74500.0,0.0,0.0,0.0,NBP.KA,
2022-07-08 00:00:00+05:00,20.96915626525879,20.96915626525879,20.96915626525879,20.96915626525879,0.0,0.0,0.0,0.0,NBP.KA,
2022-07-11 00:00:00+05:00,20.96915626525879,20.96915626525879,20.96915626525879,20.96915626525879,0.0,0.0,0.0,0.0,NBP.KA,
2022-07-12 00:00:00+05:00,20.96915626525879,20.96915626525879,20.96915626525879,20.96915626525879,0.0,0.0,0.0,0.0,NBP.KA,
2022-07-13 00:00:00+05:00,21.221061297095424,21.35846408898252,21.03022440969,21.14472770690918,1158000.0,0.0,0.0,0.0,NBP.KA,
2022-07-14 00:00:00+05:00,21.289761922393925,21.51876705257287,21.22869417887351,21.27449607849121,1034500.0,0.0,0.0,0.0,NBP.KA,
2022-07-15 00:00:00+05:00,21.190529311030446,21.373732558241834,21.076027463519576,21.18289566040039,133000.0,0.0,0.0,0.0,NBP.KA,
2022-07-18 00:00:00+05:00,20.64855011071848,21.289762152601224,20.610383316594216,20.946256637573242,201500.0,0.0,0.0,0.0,NBP.KA,
2022-07-19 00:00:00+05:00,20.648550015176586,21.159992916312543,20.4500809394849,20.74015235900879,190000.0,0.0,0.0,0.0,NBP.KA,
2022-07-20 00:00:00+05:00,20.61801763769405,20.663818083327865,20.32031255711937,20.610383987426758,841000.0,0.0,0.0,0.0,NBP.KA,
2022-07-21 00:00:00+05:00,20.801219112483476,20.801219112483476,20.152373454478106,20.549314498901367,48500.0,0.0,0.0,0.0,NBP.KA,
2022-07-22 00:00:00+05:00,20.381378748884757,20.915721123113652,20.228708667122326,20.396644592285156,127500.0,0.0,0.0,0.0,NBP.KA,
2022-07-25 00:00:00+05:00,20.373744683386725,20.5264133060635,20.228708254269485,20.320310592651367,40000.0,0.0,0.0,0.0,NBP.KA,
2022-07-26 00:00:00+05:00,20.014971690574214,20.686718331583112,19.969171246495836,20.472980499267578,123500.0,0.0,0.0,0.0,NBP.KA,
2022-07-27 00:00:00+05:00,20.495882034301758,20.724885717199914,20.152375053984613,20.495882034301758,210500.0,0.0,0.0,0.0,NBP.KA,
2022-07-28 00:00:00+05:00,20.610382578059536,20.724884412299236,20.22870882661399,20.3355770111084,265500.0,0.0,0.0,0.0,NBP.KA,
2022-07-29 00:00:00+05:00,20.320311007373746,20.862287031287742,20.24397596649253,20.396644592285156,34000.0,0.0,0.0,0.0,NBP.KA,
2022-08-01 00:00:00+05:00,20.381381131347297,20.572218027873134,20.30504608154297,20.30504608154297,10000.0,0.0,0.0,0.0,NBP.KA,
2022-08-02 00:00:00+05:00,20.152374168144213,20.44244704009901,19.72489996607223,19.946269989013672,623000.0,0.0,0.0,0.0,NBP.KA,
2022-08-03 00:00:00+05:00,20.14474000207746,20.6027487919752,20.076038610794306,20.31267738342285,307500.0,0.0,0.0,0.0,NBP.KA,
2022-08-04 00:00:00+05:00,20.305044308117587,20.610383024696908,20.305044308117587,20.327943801879883,61500.0,0.0,0.0,0.0,NBP.KA,
2022-08-05 00:00:00+05:00,20.518781343574837,21.84700735148425,20.4348141037883,21.671436309814453,479500.0,0.0,0.0,0.0,NBP.KA,
2022-08-08 00:00:00+05:00,21.671436309814453,21.671436309814453,21.671436309814453,21.671436309814453,0.0,0.0,0.0,0.0,NBP.KA,
2022-08-09 00:00:00+05:00,21.671436309814453,21.671436309814453,21.671436309814453,21.671436309814453,0.0,0.0,0.0,0.0,NBP.KA,
2022-08-10 00:00:00+05:00,21.121826412834018,23.289733534987448,21.121826412834018,22.9385929107666,2741000.0,0.0,0.0,0.0,NBP.KA,
2022-08-11 00:00:00+05:00,23.587439495576827,24.65612579666372,23.587439495576827,23.953845977783203,298000.0,0.0,0.0,0.0,NBP.KA,
2022-08-12 00:00:00+05:00,24.030181312433797,25.648477356148984,23.289734688806277,24.488191604614258,4798000.0,0.0,0.0,0.0,NBP.KA,
2022-08-15 00:00:00+05:00,24.732462095117228,26.10648711997044,24.625590990746772,25.137035369873047,1626500.0,0.0,0.0,0.0,NBP.KA,
2022-08-16 00:00:00+05:00,25.64847597356221,26.106486241053524,25.30497191286841,25.52634048461914,1249500.0,0.0,0.0,0.0,NBP.KA,
2022-08-17 00:00:00+05:00,25.495807597469476,25.495807597469476,23.617971995322474,23.633237838745117,3531500.0,0.0,0.0,0.0,NBP.KA,
2022-08-18 00:00:00+05:00,23.54163764647552,23.686674083028393,22.778290126047576,23.213397979736328,568000.0,0.0,0.0,0.0,NBP.KA,
2022-08-19 00:00:00+05:00,22.679055425968205,23.549272638926126,22.53402043711683,23.19049835205078,7839500.0,0.0,0.0,0.0,NBP.KA,
2022-08-22 00:00:00+05:00,22.900425985367924,22.976761029846458,22.152345752612007,22.358449935913086,283000.0,0.0,0.0,0.0,NBP.KA,
2022-08-23 00:00:00+05:00,22.518751792633164,22.74012327183305,22.213413076469397,22.27448081970215,569500.0,0.0,0.0,0.0,NBP.KA,
2022-08-24 00:00:00+05:00,22.404250494254686,22.824091057068895,22.3660822438362,22.472951889038086,3353500.0,0.0,0.0,0.0,NBP.KA,
2022-08-25 00:00:00+05:00,22.518752851102516,22.671422944345412,22.137079073965182,22.19814682006836,257500.0,0.0,0.0,0.0,NBP.KA,
2022-08-26 00:00:00+05:00,22.213413157845384,22.411883688071367,21.79357114760855,21.915706634521484,77000.0,0.0,0.0,0.0,NBP.KA,
2022-08-29 00:00:00+05:00,21.76303913132269,22.053110563775906,21.457700398221952,22.04547691345215,47500.0,0.0,0.0,0.0,NBP.KA,
2022-08-30 00:00:00+05:00,22.12181173721798,22.137079037711246,21.755405261198984,21.81647300720215,59000.0,0.0,0.0,0.0,NBP.KA,
2022-08-31 00:00:00+05:00,21.740137197272396,22.1676128602531,21.663802153456565,21.94624137878418,3904000.0,0.0,0.0,0.0,NBP.KA,
2022-09-01 00:00:00+05:00,22.7859238283893,22.7859238283893,21.472965158411945,21.83173942565918,93000.0,0.0,0.0,0.0,NBP.KA,
2022-09-02 00:00:00+05:00,21.755405005570886,21.984408686399462,21.6027349143719,21.671436309814453,723000.0,0.0,0.0,0.0,NBP.KA,
2022-09-05 00:00:00+05:00,21.79357138661336,21.79357138661336,21.526400916042476,21.595102310180664,81500.0,0.0,0.0,0.0,NBP.KA,
2022-09-06 00:00:00+05:00,21.419531160202663,22.511118354742308,21.37373071633921,22.037843704223633,99000.0,0.0,0.0,0.0,NBP.KA,
2022-09-07 00:00:00+05:00,22.17524545646968,22.17524545646968,21.33556432717525,21.556934356689453,302500.0,0.0,0.0,0.0,NBP.KA,
2022-09-08 00:00:00+05:00,21.56456844800735,21.717238541531653,21.388998859633343,21.549301147460938,44500.0,0.0,0.0,0.0,NBP.KA,
2022-09-09 00:00:00+05:00,21.396630571380516,21.526399702328167,21.030222671312583,21.08365821838379,363000.0,0.0,0.0,0.0,NBP.KA,
2022-09-12 00:00:00+05:00,21.175261183288086,21.182894833620196,20.992057943227223,21.022592544555664,27500.0,0.0,0.0,0.0,NBP.KA,
2022-09-13 00:00:00+05:00,20.97678991532625,21.06839226016592,20.915722170756432,20.96915626525879,34500.0,0.0,0.0,0.0,NBP.KA,
2022-09-14 00:00:00+05:00,20.9920568672244,20.9920568672244,20.534048062563713,20.62565040588379,307000.0,0.0,0.0,0.0,NBP.KA,
2022-09-15 00:00:00+05:00,20.648549654077602,20.801219739138112,20.305044146646214,20.38901138305664,283000.0,0.0,0.0,0.0,NBP.KA,
2022-09-16 00:00:00+05:00,20.404277474076995,21.060756762591815,19.770699133755624,20.61801528930664,3099500.0,0.0,0.0,0.0,NBP.KA,
2022-09-19 00:00:00+05:00,20.747785911064067,20.76305321095902,20.28214345605708,20.534048080444336,31000.0,0.0,0.0,0.0,NBP.KA,
2022-09-20 00:00:00+05:00,20.587482067243972,20.587482067243972,19.503528531816514,19.770700454711914,536500.0,0.0,0.0,0.0,NBP.KA,
2022-09-21 00:00:00+05:00,19.770700409444625,20.068406931289797,19.618031779546698,19.946269989013672,124000.0,0.0,0.0,0.0,NBP.KA,
2022-09-22 00:00:00+05:00,19.84703468291845,20.381378506769558,19.503527731018487,20.167640686035156,74000.0,0.0,0.0,0.0,NBP.KA,
2022-09-23 00:00:00+05:00,19.892835456437666,20.15237372309933,19.816500415189562,19.953903198242188,36500.0,0.0,0.0,0.0,NBP.KA,
2022-09-26 00:00:00+05:00,19.953903285671057,20.411912079196654,19.938637442130396,20.251609802246094,36500.0,0.0,0.0,0.0,NBP.KA,
2022-09-27 00:00:00+05:00,20.175274637856425,20.908087538260883,20.152373688730105,20.778318405151367,132500.0,0.0,0.0,0.0,NBP.KA,
2022-09-28 00:00:00+05:00,20.602750081203418,20.717251921850416,20.381380050081876,20.465347290039062,27500.0,0.0,0.0,0.0,NBP.KA,
2022-09-29 00:00:00+05:00,20.381380344550706,20.381380344550706,19.961538314819336,19.961538314819336,36500.0,0.0,0.0,0.0,NBP.KA,
2022-09-30 00:00:00+05:00,20.152373439691218,20.20580753102249,19.847034734962673,19.900468826293945,108500.0,0.0,0.0,0.0,NBP.KA,
2022-10-03 00:00:00+05:00,19.69436448398884,20.381378383638268,19.69436448398884,20.053138732910156,72000.0,0.0,0.0,0.0,NBP.KA,
2022-10-04 00:00:00+05:00,19.938638564420387,20.19817539085801,19.808869423216624,19.81650161743164,93500.0,0.0,0.0,0.0,NBP.KA,
2022-10-05 00:00:00+05:00,19.701998664501396,19.84703509788828,19.556963687084327,19.602764129638672,1628500.0,0.0,0.0,0.0,NBP.KA,
2022-10-06 00:00:00+05:00,19.75543247422174,19.75543247422174,19.511161509466262,19.54932975769043,654500.0,0.0,0.0,0.0,NBP.KA,
2022-10-07 00:00:00+05:00,19.564597916257313,19.70963436473296,19.5493320711309,19.62566566467285,23000.0,0.0,0.0,0.0,NBP.KA,
2022-10-10 00:00:00+05:00,19.84703597068543,19.84703597068543,19.618032291873163,19.679100036621094,143000.0,0.0,0.0,0.0,NBP.KA,
2022-10-11 00:00:00+05:00,19.831768342859185,19.847035642786402,19.69436555545395,19.80123519897461,136000.0,0.0,0.0,0.0,NBP.KA,
2022-10-12 00:00:00+05:00,19.801236103480512,19.80886975379282,19.656199659486507,19.694366455078125,44500.0,0.0,0.0,0.0,NBP.KA,
2022-10-13 00:00:00+05:00,19.694364733032874,19.694364733032874,19.46536106756706,19.54932975769043,76500.0,0.0,0.0,0.0,NBP.KA,
2022-10-14 00:00:00+05:00,19.77070083026869,19.793601780427263,19.465362108003784,19.47299575805664,36500.0,0.0,0.0,0.0,NBP.KA,
2022-10-17 00:00:00+05:00,19.724899939569507,19.724899939569507,19.465361667524924,19.480628967285156,69500.0,0.0,0.0,0.0,NBP.KA,
2022-10-18 00:00:00+05:00,19.595131690725776,19.595131690725776,19.442461598150924,19.465362548828125,26000.0,0.0,0.0,0.0,NBP.KA,
2022-10-19 00:00:00+05:00,19.686734403472478,19.847036693283428,19.579864754295244,19.72490119934082,109500.0,0.0,0.0,0.0,NBP.KA,
2022-10-20 00:00:00+05:00,19.625665090895914,19.686734293496002,19.541697849260647,19.61039924621582,22000.0,0.0,0.0,0.0,NBP.KA,
2022-10-21 00:00:00+05:00,19.694364534324972,20.175274265308712,19.40429313059699,19.785966873168945,92000.0,0.0,0.0,0.0,NBP.KA,
2022-10-24 00:00:00+05:00,19.847035278015532,19.847035278015532,19.312691438142565,19.45009422302246,70500.0,0.0,0.0,0.0,NBP.KA,
2022-10-25 00:00:00+05:00,19.556964895567017,19.618032641402976,19.45009524837666,19.465362548828125,72000.0,0.0,0.0,0.0,NBP.KA,
2022-10-26 00:00:00+05:00,19.282158177429437,19.72489967269712,18.93101756754413,19.33559226989746,152000.0,0.0,0.0,0.0,NBP.KA,
2022-10-27 00:00:00+05:00,19.694365311984836,19.763066704838142,19.083687882144158,19.56459617614746,119000.0,0.0,0.0,0.0,NBP.KA,
2022-10-28 00:00:00+05:00,19.46536124252542,19.60276402542783,19.083687492671984,19.39665985107422,72500.0,0.0,0.0,0.0,NBP.KA,
2022-10-31 00:00:00+05:00,19.389027429553952,19.847036249584498,19.389027429553952,19.732534408569336,62000.0,0.0,0.0,0.0,NBP.KA,
2022-11-01 00:00:00+05:00,19.69436571763902,19.847035806228725,19.518796134939763,19.74016761779785,42000.0,0.0,0.0,0.0,NBP.KA,
2022-11-02 00:00:00+05:00,19.73253352731421,19.83176806350356,19.4653616062308,19.747800827026367,57500.0,0.0,0.0,0.0,NBP.KA,
2022-11-03 00:00:00+05:00,19.64093114525174,19.656198444932993,19.12948825368848,19.274524688720703,902000.0,0.0,0.0,0.0,NBP.KA,
2022-11-04 00:00:00+05:00,19.23635785184914,19.656198400342305,19.045520974175915,19.45009422302246,284000.0,0.0,0.0,0.0,NBP.KA,
2022-11-07 00:00:00+05:00,19.396661061742257,19.434827856721906,19.083688683805438,19.259258270263672,180000.0,0.0,0.0,0.0,NBP.KA,
2022-11-08 00:00:00+05:00,19.38139244640018,19.38139244640018,19.121854181431633,19.190555572509766,104000.0,0.0,0.0,0.0,NBP.KA,
2022-11-09 00:00:00+05:00,19.190555572509766,19.190555572509766,19.190555572509766,19.190555572509766,0.0,0.0,0.0,0.0,NBP.KA,
2022-11-10 00:00:00+05:00,19.587497596909746,19.64856534136273,19.335592969044963,19.47299575805664,489500.0,0.0,0.0,0.0,NBP.KA,
2022-11-11 00:00:00+05:00,19.579863298303255,19.847035217424086,19.42719467021266,19.717266082763672,384500.0,0.0,0.0,0.0,NBP.KA,
2022-11-14 00:00:00+05:00,19.47299525608688,19.83176806350356,19.282158377594417,19.747800827026367,166500.0,0.0,0.0,0.0,NBP.KA,
2022-11-15 00:00:00+05:00,19.549331080488965,19.808869362095678,19.48062968500661,19.526430130004883,89000.0,0.0,0.0,0.0,NBP.KA,
2022-11-16 00:00:00+05:00,19.465361829801076,19.648565060541646,19.327959042753186,19.4195613861084,93500.0,0.0,0.0,0.0,NBP.KA,
2022-11-17 00:00:00+05:00,19.526429088068216,19.793601005579905,19.396659954189385,19.602764129638672,143500.0,0.0,0.0,0.0,NBP.KA,
2022-11-18 00:00:00+05:00,19.54169571653118,19.54169571653118,19.259256509210154,19.289791107177734,126000.0,0.0,0.0,0.0,NBP.KA,
2022-11-21 00:00:00+05:00,19.28979194464247,19.618031607195594,19.274524644995854,19.45009422302246,40500.0,0.0,0.0,0.0,NBP.KA,
2022-11-22 00:00:00+05:00,19.465362108003784,19.60276489701546,19.327959318992107,19.47299575805664,56000.0,0.0,0.0,0.0,NBP.KA,
2022-11-23 00:00:00+05:00,19.259258270263672,19.389027411552345,19.23635877566384,19.259258270263672,127500.0,0.0,0.0,0.0,NBP.KA,
2022-11-24 00:00:00+05:00,19.2592581064106,19.389027246595226,19.2592581064106,19.32032585144043,25500.0,0.0,0.0,0.0,NBP.KA,
2022-11-25 00:00:00+05:00,19.389027832638853,19.457729229870186,19.106590049327757,19.34322738647461,95000.0,0.0,0.0,0.0,NBP.KA,
2022-11-28 00:00:00+05:00,19.236357616232077,19.442460335057635,18.969185699568055,19.22109031677246,167000.0,0.0,0.0,0.0,NBP.KA,
2022-11-29 00:00:00+05:00,19.083687389041472,19.31269105532205,19.083687389041472,19.190555572509766,127500.0,0.0,0.0,0.0,NBP.KA,
2022-11-30 00:00:00+05:00,19.274526346185915,19.274526346185915,19.083689451669223,19.12948989868164,26500.0,0.0,0.0,0.0,NBP.KA,
2022-12-01 00:00:00+05:00,19.27452540666053,19.457728641750023,19.16002356672583,19.32032585144043,77000.0,0.0,0.0,0.0,NBP.KA,
2022-12-02 00:00:00+05:00,19.198191020989373,19.198191020989373,18.969187333251902,19.0760555267334,133500.0,0.0,0.0,0.0,NBP.KA,
2022-12-05 00:00:00+05:00,19.26689124705598,19.26689124705598,18.702014256474758,19.037887573242188,181500.0,0.0,0.0,0.0,NBP.KA,
2022-12-06 00:00:00+05:00,18.89285164451398,18.931018439185646,18.66384796454419,18.76308250427246,136000.0,0.0,0.0,0.0,NBP.KA,
2022-12-07 00:00:00+05:00,18.785982588412303,18.79361623818862,18.61804520527303,18.68674659729004,117500.0,0.0,0.0,0.0,NBP.KA,
2022-12-08 00:00:00+05:00,18.816517207931586,18.816517207931586,18.51881212314586,18.694381713867188,19500.0,0.0,0.0,0.0,NBP.KA,
2022-12-09 00:00:00+05:00,18.625678855049344,18.862316174235804,18.564611112808652,18.68674659729004,59500.0,0.0,0.0,0.0,NBP.KA,
2022-12-12 00:00:00+05:00,18.442477321751777,18.686748313143994,18.35850862247197,18.36614227294922,12000.0,0.0,0.0,0.0,NBP.KA,
2022-12-13 00:00:00+05:00,18.411943516237347,18.68674764372424,18.32797481996557,18.61041259765625,60500.0,0.0,0.0,0.0,NBP.KA,
2022-12-14 00:00:00+05:00,18.511177279434303,19.076054267059423,18.511177279434303,18.831783294677734,37500.0,0.0,0.0,0.0,NBP.KA,
2022-12-15 00:00:00+05:00,18.564612842028694,18.854685736668493,18.175305402993146,18.74781608581543,117500.0,0.0,0.0,0.0,NBP.KA,
2022-12-16 00:00:00+05:00,18.633313250983466,18.679113695505574,18.633313250983466,18.64858055114746,2500.0,0.0,0.0,0.0,NBP.KA,
2022-12-19 00:00:00+05:00,18.404308861867765,18.68674662414823,18.2058383353078,18.602779388427734,71500.0,0.0,0.0,0.0,NBP.KA,
2022-12-20 00:00:00+05:00,18.60278029076721,18.610412484954878,17.747830400728997,18.49591064453125,158000.0,0.0,0.0,0.0,NBP.KA,
2022-12-21 00:00:00+05:00,18.18293682571943,18.702013347503257,18.129502734824587,18.4882755279541,130000.0,0.0,0.0,0.0,NBP.KA,
2022-12-22 00:00:00+05:00,18.40430980622841,18.46537755169038,18.19057196912657,18.320341110229492,79500.0,0.0,0.0,0.0,NBP.KA,
2022-12-23 00:00:00+05:00,18.488276129784218,18.556977522019608,17.862331405834958,18.419574737548828,95500.0,0.0,0.0,0.0,NBP.KA,
2022-12-26 00:00:00+05:00,18.404310171054966,18.702015254087204,18.320341473391547,18.579879760742188,151500.0,0.0,0.0,0.0,NBP.KA,
2022-12-27 00:00:00+05:00,18.473011065005466,18.58751290490209,17.556993433892675,17.732563018798828,3092500.0,0.0,0.0,0.0,NBP.KA,
2022-12-28 00:00:00+05:00,17.56462642745643,18.305072990015585,17.56462642745643,18.068435668945312,164500.0,0.0,0.0,0.0,NBP.KA,
2022-12-29 00:00:00+05:00,17.747829928935595,18.167670484651506,17.556993047979297,18.121870040893555,666500.0,0.0,0.0,0.0,NBP.KA,
2022-12-30 00:00:00+05:00,18.060802181137685,18.24400541096178,17.862331651502455,18.007368087768555,944500.0,0.0,0.0,0.0,NBP.KA,
2023-01-02 00:00:00+05:00,18.167671409548948,19.16002411462326,18.01500277059362,18.9615535736084,2234000.0,0.0,0.0,0.0,NBP.KA,
2023-01-03 00:00:00+05:00,18.992086994195052,20.221077053837877,18.931019246534103,19.01498794555664,460500.0,0.0,0.0,0.0,NBP.KA,
2023-01-04 00:00:00+05:00,19.01498819436308,19.274526489310603,18.778350851076798,19.160024642944336,422000.0,0.0,0.0,0.0,NBP.KA,
2023-01-05 00:00:00+05:00,19.083687797838472,19.083687797838472,18.66384724867396,18.717281341552734,104500.0,0.0,0.0,0.0,NBP.KA,
2023-01-06 00:00:00+05:00,18.84705096961275,18.84705096961275,18.205838926361945,18.53407859802246,625000.0,0.0,0.0,0.0,NBP.KA,
2023-01-09 00:00:00+05:00,18.648579565089715,18.740180449290474,18.3203399087691,18.45774269104004,464500.0,0.0,0.0,0.0,NBP.KA,
2023-01-10 00:00:00+05:00,18.465378026488928,18.702015364242456,18.40431027945673,18.694381713867188,848500.0,0.0,0.0,0.0,NBP.KA,
2023-01-11 00:00:00+05:00,18.694379524970728,18.70201317445218,18.320339436198054,18.640945434570312,193500.0,0.0,0.0,0.0,NBP.KA,
2023-01-12 00:00:00+05:00,18.640946901065462,18.763082390437678,18.55697820613336,18.64858055114746,38000.0,0.0,0.0,0.0,NBP.KA,
2023-01-13 00:00:00+05:00,18.58751346700928,18.663848514572116,18.22110698587158,18.40431022644043,95500.0,0.0,0.0,0.0,NBP.KA,
2023-01-16 00:00:00+05:00,18.32033936133643,18.32033936133643,17.938665624641924,18.2592716217041,231000.0,0.0,0.0,0.0,NBP.KA,
2023-01-17 00:00:00+05:00,18.31270713608652,18.31270713608652,17.656227792006487,17.88523292541504,200500.0,0.0,0.0,0.0,NBP.KA,
2023-01-18 00:00:00+05:00,17.885233834902138,18.68674820266543,17.785997835254527,18.25164031982422,121000.0,0.0,0.0,0.0,NBP.KA,
2023-01-19 00:00:00+05:00,18.473010805952782,18.473010805952782,18.015001996819183,18.15240478515625,121500.0,0.0,0.0,0.0,NBP.KA,
2023-01-20 00:00:00+05:00,18.20583757922092,18.22873707166194,17.755462452263846,17.99209976196289,59000.0,0.0,0.0,0.0,NBP.KA,
2023-01-23 00:00:00+05:00,17.694396061237505,17.984467483369485,17.640961966842394,17.793630599975586,148500.0,0.0,0.0,0.0,NBP.KA,
2023-01-24 00:00:00+05:00,17.931033790510558,18.083703883032424,17.74783055306626,17.969202041625977,143000.0,0.0,0.0,0.0,NBP.KA,
2023-01-25 00:00:00+05:00,18.11423627273693,19.31269164436694,17.93866669283556,19.213457107543945,668500.0,0.0,0.0,0.0,NBP.KA,
2023-01-26 00:00:00+05:00,19.083688882209657,20.09130742223514,19.083688882209657,19.579864501953125,756000.0,0.0,0.0,0.0,NBP.KA,
2023-01-27 00:00:00+05:00,19.99970610804856,19.99970610804856,18.747815153787382,18.93865203857422,113500.0,0.0,0.0,0.0,NBP.KA,
2023-01-30 00:00:00+05:00,18.793616875336827,18.961552808199706,18.511177647917123,18.53407859802246,162000.0,0.0,0.0,0.0,NBP.KA,
2023-01-31 00:00:00+05:00,18.511176212204678,19.77069925091331,18.511176212204678,19.175289154052734,225000.0,0.0,0.0,0.0,NBP.KA,
2023-02-01 00:00:00+05:00,19.457728973886397,19.69436630792007,19.198190689086914,19.198190689086914,144500.0,0.0,0.0,0.0,NBP.KA,
2023-02-02 00:00:00+05:00,19.137122226428332,19.389026851540017,18.923385851163786,19.152389526367188,101500.0,0.0,0.0,0.0,NBP.KA,
2023-02-03 00:00:00+05:00,19.007353088887776,19.312691807815597,18.976819944979923,19.152389526367188,39500.0,0.0,0.0,0.0,NBP.KA,
2023-02-06 00:00:00+05:00,19.08368948640416,19.22872593417242,19.00735443726455,19.045522689819336,156000.0,0.0,0.0,0.0,NBP.KA,
2023-02-07 00:00:00+05:00,19.091323159653214,19.75543473922787,19.091323159653214,19.427196502685547,326500.0,0.0,0.0,0.0,NBP.KA,
2023-02-08 00:00:00+05:00,19.541698038015866,19.84703677411597,19.389027941980846,19.45772933959961,924000.0,0.0,0.0,0.0,NBP.KA,
2023-02-09 00:00:00+05:00,19.46536152266908,19.679099349812233,19.373759180759205,19.45009422302246,1229000.0,0.0,0.0,0.0,NBP.KA,
2023-02-10 00:00:00+05:00,18.892850238513685,19.45772720224176,18.892850238513685,19.137121200561523,341500.0,0.0,0.0,0.0,NBP.KA,
2023-02-13 00:00:00+05:00,19.23635877566384,19.450095157101728,19.083688683805438,19.259258270263672,169000.0,0.0,0.0,0.0,NBP.KA,
2023-02-14 00:00:00+05:00,19.106589542772404,19.251624527775654,18.854684911592674,19.05315399169922,155500.0,0.0,0.0,0.0,NBP.KA,
2023-02-15 00:00:00+05:00,19.08368831424401,19.1981901529355,18.89285143110157,18.999719619750977,237000.0,0.0,0.0,0.0,NBP.KA,
2023-02-16 00:00:00+05:00,19.121856030445905,19.121856030445905,18.70201544967785,18.90048599243164,15500.0,0.0,0.0,0.0,NBP.KA,
2023-02-17 00:00:00+05:00,19.07605424973215,19.121854693019653,18.85468422720101,18.923385620117188,92000.0,0.0,0.0,0.0,NBP.KA,
2023-02-20 00:00:00+05:00,19.64093243848894,19.64093243848894,18.62568023835479,18.9615535736084,71000.0,0.0,0.0,0.0,NBP.KA,
2023-02-21 00:00:00+05:00,18.793616445689228,18.793616445689228,18.32034034612104,18.450109481811523,234500.0,0.0,0.0,0.0,NBP.KA,
2023-02-22 00:00:00+05:00,18.625680262805734,18.854685405494244,18.32797517887759,18.40431022644043,1330000.0,0.0,0.0,0.0,NBP.KA,
2023-02-23 00:00:00+05:00,18.702013956290966,18.702013956290966,18.320340202080946,18.419574737548828,77000.0,0.0,0.0,0.0,NBP.KA,
2023-02-24 00:00:00+05:00,18.320340245463804,18.473010329897267,18.12950336790689,18.24400520324707,34000.0,0.0,0.0,0.0,NBP.KA,
2023-02-27 00:00:00+05:00,18.320340553652294,18.39667559715315,18.129503672885082,18.213472366333008,224000.0,0.0,0.0,0.0,NBP.KA,
2023-02-28 00:00:00+05:00,18.076068572969177,18.39667457304943,17.633327092474516,18.10660171508789,153500.0,0.0,0.0,0.0,NBP.KA,
2023-03-01 00:00:00+05:00,17.709663294463592,18.244005692366713,17.709663294463592,18.060802459716797,108500.0,0.0,0.0,0.0,NBP.KA,
2023-03-02 00:00:00+05:00,18.05316915862729,18.320341090727716,17.785997226526863,17.847064971923828,327500.0,0.0,0.0,0.0,NBP.KA,
2023-03-03 00:00:00+05:00,17.938666712068123,18.137137241896745,17.808897575486707,17.9157657623291,197000.0,0.0,0.0,0.0,NBP.KA,
2023-03-06 00:00:00+05:00,18.129503188594697,18.129503188594697,17.71729483828324,17.74782943725586,162500.0,0.0,0.0,0.0,NBP.KA,
2023-03-07 00:00:00+05:00,17.74783098410032,17.83943333303213,17.427224946793906,17.488292694091797,130000.0,0.0,0.0,0.0,NBP.KA,
2023-03-08 00:00:00+05:00,17.404322578503532,17.65622719759343,17.182952558561414,17.30508804321289,272500.0,0.0,0.0,0.0,NBP.KA,
2023-03-09 00:00:00+05:00,17.518826033054985,17.518826033054985,17.098984026668425,17.244020462036133,243000.0,0.0,0.0,0.0,NBP.KA,
2023-03-10 00:00:00+05:00,17.25165457226618,17.25165457226618,17.037916738440025,17.144784927368164,252000.0,0.0,0.0,0.0,NBP.KA,
2023-03-13 00:00:00+05:00,17.144784677763475,17.244020671154757,16.946315602920617,17.007383346557617,105500.0,0.0,0.0,0.0,NBP.KA,
2023-03-14 00:00:00+05:00,17.022650018223313,17.251655159974927,17.022650018223313,17.167686462402344,410000.0,0.0,0.0,0.0,NBP.KA,
2023-03-15 00:00:00+05:00,17.137151798876168,17.595159129863934,17.137151798876168,17.427223205566406,865000.0,0.0,0.0,0.0,NBP.KA,
2023-03-16 00:00:00+05:00,17.511192647057037,17.556993090927023,17.327989415607224,17.389057159423828,589500.0,0.0,0.0,0.0,NBP.KA,
2023-03-17 00:00:00+05:00,17.40432323607786,17.44249148645467,16.94631587931519,17.06081771850586,217000.0,0.0,0.0,0.0,NBP.KA,
2023-03-20 00:00:00+05:00,17.06081701409028,17.098983806921357,16.908146930826323,16.92341423034668,133000.0,0.0,0.0,0.0,NBP.KA,
2023-03-21 00:00:00+05:00,16.877614553968833,17.02264953808712,16.79364585876465,16.79364585876465,283000.0,0.0,0.0,0.0,NBP.KA,
2023-03-22 00:00:00+05:00,16.97684850151678,16.97684850151678,16.64097518838018,16.77074432373047,210000.0,0.0,0.0,0.0,NBP.KA,
2023-03-23 00:00:00+05:00,16.77074432373047,16.77074432373047,16.77074432373047,16.77074432373047,0.0,0.0,0.0,0.0,NBP.KA,
2023-03-24 00:00:00+05:00,16.717310998087996,16.793646044027557,16.640975952148438,16.640975952148438,71500.0,0.0,0.0,0.0,NBP.KA,
2023-03-27 00:00:00+05:00,16.793645599223627,16.793645599223627,16.640975511388195,16.648609161376953,75000.0,0.0,0.0,0.0,NBP.KA,
2023-03-28 00:00:00+05:00,16.717310275263138,16.717310275263138,16.56464164595502,16.59517478942871,82000.0,0.0,0.0,0.0,NBP.KA,
2023-03-29 00:00:00+05:00,16.640975724616045,16.640975724616045,16.396704745725295,16.411972045898438,163000.0,0.0,0.0,0.0,NBP.KA,
2023-03-30 00:00:00+05:00,16.343270835210607,16.411972230793847,16.182968549496312,16.259302139282227,29500.0,0.0,0.0,0.0,NBP.KA,
2023-03-31 00:00:00+05:00,16.18296767257188,16.396704041942304,16.03029758933316,16.274568557739258,153000.0,0.0,0.0,0.0,NBP.KA,
2023-04-03 00:00:00+05:00,16.152432514853007,16.320368435831146,16.0302970348744,16.167699813842773,40000.0,0.0,0.0,0.0,NBP.KA,
2023-04-04 00:00:00+05:00,16.068464366745737,16.41197132571847,16.03793122370917,16.36617088317871,41500.0,0.0,0.0,0.0,NBP.KA,
2023-04-05 00:00:00+05:00,16.259302637598793,16.259302637598793,16.03029894928273,16.076099395751953,174500.0,0.0,0.0,0.0,NBP.KA,
2023-04-06 00:00:00+05:00,16.259302304135304,16.259302304135304,16.10663366704567,16.19823455810547,70000.0,0.0,0.0,0.0,NBP.KA,
2023-04-07 00:00:00+05:00,16.1600682373636,16.2516705870832,15.992132294842616,16.10663414001465,139500.0,0.0,0.0,0.0,NBP.KA,
2023-04-10 00:00:00+05:00,15.95396318834762,16.030298233032227,15.95396318834762,16.030298233032227,12000.0,0.0,0.0,0.0,NBP.KA,
2023-04-11 00:00:00+05:00,16.030297882067657,16.030297882067657,15.953962839054318,15.961596488952637,13000.0,0.0,0.0,0.0,NBP.KA,
2023-04-12 00:00:00+05:00,16.03029736660857,16.03029736660857,15.923429183408178,15.953962326049805,33500.0,0.0,0.0,0.0,NBP.KA,
2023-04-13 00:00:00+05:00,15.961596724001746,16.022664468117725,15.877628029853572,15.915796279907227,25500.0,0.0,0.0,0.0,NBP.KA,
2023-04-14 00:00:00+05:00,15.915796279907227,15.915796279907227,15.915796279907227,15.915796279907227,0.0,0.0,0.0,0.0,NBP.KA,
2023-04-17 00:00:00+05:00,15.763125888002216,16.02266415948836,15.648624051986527,15.946329116821289,114500.0,0.0,0.0,0.0,NBP.KA,
2023-04-18 00:00:00+05:00,15.801293772961865,16.022663790025025,15.709691432679648,15.969229698181152,38000.0,0.0,0.0,0.0,NBP.KA,
2023-04-19 00:00:00+05:00,15.953963301082153,16.411972116456305,15.839461461231085,16.144800186157227,69500.0,0.0,0.0,0.0,NBP.KA,
2023-04-20 00:00:00+05:00,16.137166422008747,16.144800072074194,15.999763632770433,16.030298233032227,460500.0,0.0,0.0,0.0,NBP.KA,
2023-04-21 00:00:00+05:00,16.030298233032227,16.030298233032227,16.030298233032227,16.030298233032227,0.0,0.0,0.0,0.0,NBP.KA,
2023-04-24 00:00:00+05:00,16.030298233032227,16.030298233032227,16.030298233032227,16.030298233032227,0.0,0.0,0.0,0.0,NBP.KA,
2023-04-25 00:00:00+05:00,16.030298233032227,16.030298233032227,16.030298233032227,16.030298233032227,0.0,0.0,0.0,0.0,NBP.KA,
2023-04-26 00:00:00+05:00,16.030297764129884,16.030297764129884,15.801294092744532,15.847094535827637,81500.0,0.0,0.0,0.0,NBP.KA,
2023-04-27 00:00:00+05:00,15.83946201970447,16.182969007339047,15.83946201970447,15.9768648147583,243500.0,0.0,0.0,0.0,NBP.KA,
2023-04-28 00:00:00+05:00,16.030298052003317,16.40433816516701,15.8776279643582,16.182968139648438,217000.0,0.0,0.0,0.0,NBP.KA,
2023-05-01 00:00:00+05:00,16.182968139648438,16.182968139648438,16.182968139648438,16.182968139648438,0.0,0.0,0.0,0.0,NBP.KA,
2023-05-02 00:00:00+05:00,16.29746921198901,16.373804252226506,16.030297299142674,16.31273651123047,176000.0,0.0,0.0,0.0,NBP.KA,
2023-05-03 00:00:00+05:00,16.312736539628396,16.44250567146711,16.03029732704892,16.129531860351562,145000.0,0.0,0.0,0.0,NBP.KA,
2023-05-04 00:00:00+05:00,16.328003844553944,16.3356374948713,16.15243425516453,16.228769302368164,571000.0,0.0,0.0,0.0,NBP.KA,
2023-05-05 00:00:00+05:00,16.14479954068928,16.52647329558014,16.03029770541599,16.389070510864258,2371000.0,0.0,0.0,0.0,NBP.KA,
2023-05-08 00:00:00+05:00,16.41197228360781,16.41197228360781,15.885262067764636,16.08373260498047,151500.0,0.0,0.0,0.0,NBP.KA,
2023-05-09 00:00:00+05:00,16.0302980702753,16.31273729594975,15.96923032634162,16.091365814208984,10607500.0,0.0,0.0,0.0,NBP.KA,
2023-05-10 00:00:00+05:00,15.816560671960314,16.221135396589112,15.816560671960314,16.08373260498047,31000.0,0.0,0.0,0.0,NBP.KA,
2023-05-11 00:00:00+05:00,16.11426768171135,16.182969079544797,15.95396393477665,15.992132186889648,158000.0,0.0,0.0,0.0,NBP.KA,
2023-05-12 00:00:00+05:00,15.953962979768495,16.404338135952678,15.885261586047527,16.266935348510742,85500.0,0.0,0.0,0.0,NBP.KA,
2023-05-15 00:00:00+05:00,16.030298052003317,16.297469977397345,15.91579621425441,16.182968139648438,149000.0,0.0,0.0,0.0,NBP.KA,
2023-05-16 00:00:00+05:00,16.068464702334325,16.32036932551873,15.97686381534173,16.152433395385742,637000.0,0.0,0.0,0.0,NBP.KA,
2023-05-17 00:00:00+05:00,16.045565626756954,16.358538001416512,16.037931976646977,16.23640251159668,117500.0,0.0,0.0,0.0,NBP.KA,
2023-05-18 00:00:00+05:00,16.08373140443856,16.350903317516135,16.08373140443856,16.221134185791016,62500.0,0.0,0.0,0.0,NBP.KA,
2023-05-19 00:00:00+05:00,16.221135231381233,16.28220297636646,16.053199296664328,16.144800186157227,78000.0,0.0,0.0,0.0,NBP.KA,
2023-05-22 00:00:00+05:00,16.030298488802046,16.25930217053983,15.938696142524991,16.175334930419922,79500.0,0.0,0.0,0.0,NBP.KA,
2023-05-23 00:00:00+05:00,15.915796250745077,16.144799926767938,15.877628000761357,15.999763488769531,25500.0,0.0,0.0,0.0,NBP.KA,
2023-05-24 00:00:00+05:00,16.030297617277782,16.030297617277782,15.778392998673638,15.816559791564941,79500.0,0.0,0.0,0.0,NBP.KA,
2023-05-25 00:00:00+05:00,15.808926168614757,15.839460767755464,15.648623891035518,15.732592582702637,2338000.0,0.0,0.0,0.0,NBP.KA,
2023-05-26 00:00:00+05:00,15.572289116052584,15.801294245623414,15.434886329504057,15.50358772277832,6677000.0,0.0,0.0,0.0,NBP.KA,
2023-05-29 00:00:00+05:00,15.419620578972971,15.457787372814199,15.114280404363718,15.152448654174805,1029500.0,0.0,0.0,0.0,NBP.KA,
2023-05-30 00:00:00+05:00,15.266951315650417,15.793661543711938,15.266951315650417,15.59519100189209,127000.0,0.0,0.0,0.0,NBP.KA,
2023-05-31 00:00:00+05:00,15.839461303338773,15.93106364788844,15.350919348326876,15.648624420166016,97500.0,0.0,0.0,0.0,NBP.KA,
2023-06-01 00:00:00+05:00,15.534122056197516,15.793660325014226,15.495953807271633,15.732592582702637,99500.0,0.0,0.0,0.0,NBP.KA,
2023-06-02 00:00:00+05:00,15.778393071015545,15.946328998864999,15.648623936232386,15.831827163696289,21000.0,0.0,0.0,0.0,NBP.KA,
2023-06-05 00:00:00+05:00,15.931064487168003,15.992132234761657,15.633357943675227,15.808927536010742,83500.0,0.0,0.0,0.0,NBP.KA,
2023-06-06 00:00:00+05:00,15.67152619590248,15.831828487347094,15.656258895011579,15.808927536010742,21000.0,0.0,0.0,0.0,NBP.KA,
2023-06-07 00:00:00+05:00,15.648625098541677,15.763126942215068,15.572290050769437,15.59519100189209,66500.0,0.0,0.0,0.0,NBP.KA,
2023-06-08 00:00:00+05:00,15.663892590926702,15.663892590926702,15.373819697037344,15.442521095275879,25000.0,0.0,0.0,0.0,NBP.KA,
2023-06-09 00:00:00+05:00,15.534123335413607,15.564656481098856,15.266951394810436,15.328019142150879,212000.0,0.0,0.0,0.0,NBP.KA,
2023-06-12 00:00:00+05:00,15.305117329086258,15.450153766841614,15.190615491266707,15.251683235168457,543500.0,0.0,0.0,0.0,NBP.KA,
2023-06-13 00:00:00+05:00,15.266950124057763,15.457787000608485,15.152448289321294,15.450153350830078,1856000.0,0.0,0.0,0.0,NBP.KA,
2023-06-14 00:00:00+05:00,15.266950345869425,15.442519925414162,15.114280260022793,15.12191390991211,105000.0,0.0,0.0,0.0,NBP.KA,
2023-06-15 00:00:00+05:00,15.266951585675503,15.343286634797874,15.037947894278355,15.175349235534668,131000.0,0.0,0.0,0.0,NBP.KA,
2023-06-16 00:00:00+05:00,15.251684056372207,15.266951357162155,15.083748115592602,15.228784561157227,71500.0,0.0,0.0,0.0,NBP.KA,
2023-06-19 00:00:00+05:00,15.251683074468968,15.259316724372487,15.007412101435728,15.037946701049805,11000.0,0.0,0.0,0.0,NBP.KA,
2023-06-20 00:00:00+05:00,14.923442619698394,15.182980878820954,14.885275828167922,14.97687816619873,37500.0,0.0,0.0,0.0,NBP.KA,
2023-06-21 00:00:00+05:00,14.89290970307816,14.89290970307816,14.503602308501995,14.557036399841309,133500.0,0.0,0.0,0.0,NBP.KA,
2023-06-22 00:00:00+05:00,14.839476847018089,14.839476847018089,14.358567072992411,14.419634819030762,90500.0,0.0,0.0,0.0,NBP.KA,
2023-06-23 00:00:00+05:00,14.793674777087135,14.793674777087135,13.976893137134482,14.48070240020752,200000.0,0.0,0.0,0.0,NBP.KA,
2023-06-26 00:00:00+05:00,14.831842333695015,15.190615138796918,14.755507291596572,14.908177375793457,950000.0,0.0,0.0,0.0,NBP.KA,
2023-06-27 00:00:00+05:00,14.747873934905215,15.015045859574919,14.747873934905215,14.870009422302246,2985000.0,0.0,0.0,0.0,NBP.KA,
2023-06-28 00:00:00+05:00,14.870009422302248,14.870009422302248,14.870009422302248,14.870009422302246,0.0,0.0,0.0,0.0,NBP.KA,
2023-06-29 00:00:00+05:00,14.870009422302248,14.870009422302248,14.870009422302248,14.870009422302246,0.0,0.0,0.0,0.0,NBP.KA,
2023-06-30 00:00:00+05:00,14.870009422302248,14.870009422302248,14.870009422302248,14.870009422302246,0.0,0.0,0.0,0.0,NBP.KA,
2023-07-03 00:00:00+05:00,15.350919348326876,15.724959464629093,15.259317003777209,15.648624420166016,1211500.0,0.0,0.0,0.0,NBP.KA,
2023-07-04 00:00:00+05:00,15.427253901490113,15.648625398678464,15.381453454336302,15.557023048400879,140500.0,0.0,0.0,0.0,NBP.KA,
2023-07-05 00:00:00+05:00,15.572289026214452,15.68679086235437,15.480688139690455,15.579922676086426,294000.0,0.0,0.0,0.0,NBP.KA,
2023-07-06 00:00:00+05:00,15.595189772049698,16.01503031773333,15.39671924588131,15.816559791564941,661500.0,0.0,0.0,0.0,NBP.KA,
2023-07-07 00:00:00+05:00,15.511222303745633,15.648625098541677,15.511222303745633,15.59519100189209,105000.0,0.0,0.0,0.0,NBP.KA,
2023-07-10 00:00:00+05:00,15.679159092454173,15.8012945817689,15.572289447326378,15.663891792297363,171500.0,0.0,0.0,0.0,NBP.KA,
2023-07-11 00:00:00+05:00,15.648625127900802,16.182969007339047,15.648625127900802,15.9768648147583,2145500.0,0.0,0.0,0.0,NBP.KA,
2023-07-12 00:00:00+05:00,15.854727792502272,16.182967447726092,15.686790412079036,15.953962326049805,2120500.0,0.0,0.0,0.0,NBP.KA,
2023-07-13 00:00:00+05:00,16.03793141397204,16.03793141397204,15.801294092744532,15.847094535827637,387500.0,0.0,0.0,0.0,NBP.KA,
2023-07-14 00:00:00+05:00,15.877627679226427,15.992130970888935,15.724959050292805,15.847094535827637,70000.0,0.0,0.0,0.0,NBP.KA,
2023-07-17 00:00:00+05:00,15.80129429822855,16.18296805948074,15.595190117719604,15.885261535644531,1138500.0,0.0,0.0,0.0,NBP.KA,
2023-07-18 00:00:00+05:00,15.686792003734883,16.03029899311825,15.618090605858209,15.70969295501709,546000.0,0.0,0.0,0.0,NBP.KA,
2023-07-19 00:00:00+05:00,15.648623803579685,15.80129388649034,15.190615010817536,15.43488597869873,946000.0,0.0,0.0,0.0,NBP.KA,
2023-07-20 00:00:00+05:00,15.564655683247482,15.63335707748006,15.343285656474631,15.549389839172363,137000.0,0.0,0.0,0.0,NBP.KA,
2023-07-21 00:00:00+05:00,15.56465650883634,16.099000390994927,15.495955110959665,15.70969295501709,781000.0,0.0,0.0,0.0,NBP.KA,
2023-07-24 00:00:00+05:00,15.98449701458,16.411971205756053,15.98449701458,16.25166893005371,2642000.0,0.0,0.0,0.0,NBP.KA,
2023-07-25 00:00:00+05:00,16.182968478582378,16.640975839170455,16.037932037878875,16.526473999023438,4010500.0,0.0,0.0,0.0,NBP.KA,
2023-07-26 00:00:00+05:00,16.602808378726046,16.938681691530444,16.259301416088608,16.862346649169922,7590000.0,0.0,0.0,0.0,NBP.KA,
2023-07-27 00:00:00+05:00,16.862346649169922,16.862346649169922,16.862346649169922,16.862346649169922,0.0,0.0,0.0,0.0,NBP.KA,
2023-07-28 00:00:00+05:00,16.862346649169922,16.862346649169922,16.862346649169922,16.862346649169922,0.0,0.0,0.0,0.0,NBP.KA,
2023-07-31 00:00:00+05:00,18.389042762794695,19.389027654694534,18.205839523849146,18.931018829345703,8757500.0,0.0,0.0,0.0,NBP.KA,
2023-08-01 00:00:00+05:00,18.93101820805925,19.083688296821773,18.396675809330166,18.53407859802246,2706000.0,0.0,0.0,0.0,NBP.KA,
2023-08-02 00:00:00+05:00,18.53407854988225,18.854684570674912,18.488276649790535,18.70964813232422,2229000.0,0.0,0.0,0.0,NBP.KA,
2023-08-03 00:00:00+05:00,19.091321386710234,19.694365162091938,18.839416766821962,18.984453201293945,6213000.0,0.0,0.0,0.0,NBP.KA,
2023-08-04 00:00:00+05:00,18.892851706389344,19.495896964771966,18.625679774902988,19.05315399169922,901500.0,0.0,0.0,0.0,NBP.KA,
2023-08-07 00:00:00+05:00,20.41191341274584,20.480614809061564,19.663833159496757,20.228710174560547,11747500.0,0.0,0.0,0.0,NBP.KA,
2023-08-08 00:00:00+05:00,20.259243801340837,20.915721675943317,19.27452480548235,19.389026641845703,2483500.0,0.0,0.0,0.0,NBP.KA,
2023-08-09 00:00:00+05:00,19.465361667524924,19.824134476071336,19.19818974560022,19.480628967285156,1909500.0,0.0,0.0,0.0,NBP.KA,
2023-08-10 00:00:00+05:00,19.67909954216254,20.14474053817706,19.09895525364902,19.3050594329834,2766500.0,0.0,0.0,0.0,NBP.KA,
2023-08-11 00:00:00+05:00,19.495895573247832,19.770699679303394,19.167655919933058,19.251623153686523,1206000.0,0.0,0.0,0.0,NBP.KA,
2023-08-14 00:00:00+05:00,19.251623153686523,19.251623153686523,19.251623153686523,19.251623153686523,0.0,0.0,0.0,0.0,NBP.KA,
2023-08-15 00:00:00+05:00,19.091323208921565,19.541698398976973,19.083689558381817,19.24399185180664,1332500.0,0.0,0.0,0.0,NBP.KA,
2023-08-16 00:00:00+05:00,19.175289075966376,19.175289075966376,18.717280303036603,18.793615341186523,495500.0,0.0,0.0,0.0,NBP.KA,
2023-08-17 00:00:00+05:00,18.717281896523012,19.076054713610905,18.511177712762574,18.82415008544922,477000.0,0.0,0.0,0.0,NBP.KA,
2023-08-18 00:00:00+05:00,18.99972022382283,18.99972022382283,18.396676411024046,18.465377807617188,322500.0,0.0,0.0,0.0,NBP.KA,
2023-08-21 00:00:00+05:00,18.32797421736788,18.396675610973276,17.327989369068032,17.564626693725586,703000.0,0.0,0.0,0.0,NBP.KA,
2023-08-22 00:00:00+05:00,17.182952616209057,17.900499682921176,17.182952616209057,17.6867618560791,338000.0,0.0,0.0,0.0,NBP.KA,
2023-08-23 00:00:00+05:00,17.854697947496106,17.862331597378542,17.411956446103616,17.625694274902344,231000.0,0.0,0.0,0.0,NBP.KA,
2023-08-24 00:00:00+05:00,17.671495365570276,18.244006023996764,17.48065847942811,17.93866729736328,1252000.0,0.0,0.0,0.0,NBP.KA,
2023-08-25 00:00:00+05:00,18.015001501610953,18.19057107922887,17.63332774715297,17.778364181518555,5678500.0,0.0,0.0,0.0,NBP.KA,
2023-08-28 00:00:00+05:00,17.602793224558862,17.854697845358924,17.40432269666035,17.41958999633789,360500.0,0.0,0.0,0.0,NBP.KA,
2023-08-29 00:00:00+05:00,17.3661565568712,17.785997122012,16.9081477411004,17.17531967163086,1649000.0,0.0,0.0,0.0,NBP.KA,
2023-08-30 00:00:00+05:00,17.518826720797403,17.518826720797403,16.450138994201303,16.90814781188965,1588500.0,0.0,0.0,0.0,NBP.KA,
2023-08-31 00:00:00+05:00,17.13715284099537,17.13715284099537,15.877628236277268,16.23640251159668,1946500.0,0.0,0.0,0.0,NBP.KA,
2023-09-01 00:00:00+05:00,16.442506550733455,16.442506550733455,15.953963139819928,16.205867767333984,549000.0,0.0,0.0,0.0,NBP.KA,
2023-09-04 00:00:00+05:00,16.328002474526322,16.564641246599024,16.221134290990136,16.42723846435547,924500.0,0.0,0.0,0.0,NBP.KA,
2023-09-05 00:00:00+05:00,16.755478784362843,16.770744628351466,16.091365795867393,16.182968139648438,1966500.0,0.0,0.0,0.0,NBP.KA,
2023-09-06 00:00:00+05:00,16.030298233032227,16.33563695580077,15.885261793728464,16.030298233032227,1441500.0,0.0,0.0,0.0,NBP.KA,
2023-09-07 00:00:00+05:00,16.030297748439573,16.389070554850747,15.923429562693654,16.2135009765625,338000.0,0.0,0.0,0.0,NBP.KA,
2023-09-08 00:00:00+05:00,16.259302209156072,16.83181287083016,16.144800368015236,16.557008743286133,1209500.0,0.0,0.0,0.0,NBP.KA,
2023-09-11 00:00:00+05:00,16.770744813818457,16.770744813818457,16.419605646709254,16.587541580200195,271500.0,0.0,0.0,0.0,NBP.KA,
2023-09-12 00:00:00+05:00,16.503573624789386,16.656242251523526,16.228768058310195,16.54174041748047,212500.0,0.0,0.0,0.0,NBP.KA,
2023-09-13 00:00:00+05:00,16.473040758846555,16.984483696948523,16.411973010534528,16.60280990600586,1142000.0,0.0,0.0,0.0,NBP.KA,
2023-09-14 00:00:00+05:00,16.60280798424654,16.801278507280347,16.56464119195803,16.69441032409668,152000.0,0.0,0.0,0.0,NBP.KA,
2023-09-15 00:00:00+05:00,16.526474667100683,16.79364660889066,16.411972822324962,16.75547981262207,175500.0,0.0,0.0,0.0,NBP.KA,
2023-09-18 00:00:00+05:00,16.57227453571788,16.786012372887928,16.43487320036203,16.73257827758789,69000.0,0.0,0.0,0.0,NBP.KA,
2023-09-19 00:00:00+05:00,16.465405911403543,16.8699806245425,16.4577722614232,16.740211486816406,76500.0,0.0,0.0,0.0,NBP.KA,
2023-09-20 00:00:00+05:00,16.503574208467263,16.755478834658966,16.43487281441772,16.56464195251465,115000.0,0.0,0.0,0.0,NBP.KA,
2023-09-21 00:00:00+05:00,16.44250685054345,16.862347418732224,16.411972249817772,16.73257827758789,2165500.0,0.0,0.0,0.0,NBP.KA,
2023-09-22 00:00:00+05:00,16.610441870028406,17.083716507401,16.579907270987686,16.92341423034668,505500.0,0.0,0.0,0.0,NBP.KA,
2023-09-25 00:00:00+05:00,16.587541150256012,17.251654128882244,16.534107057165247,17.15241813659668,3090500.0,0.0,0.0,0.0,NBP.KA,
2023-09-26 00:00:00+05:00,17.007382838500593,17.518825722170963,17.007382838500593,17.274553298950195,384500.0,0.0,0.0,0.0,NBP.KA,
2023-09-27 00:00:00+05:00,17.327989661985868,17.747830224698305,17.213486366728038,17.526458740234375,572500.0,0.0,0.0,0.0,NBP.KA,
2023-09-28 00:00:00+05:00,17.526458740234375,17.526458740234375,17.526458740234375,17.526458740234375,0.0,0.0,0.0,0.0,NBP.KA,
2023-09-29 00:00:00+05:00,17.526458740234375,17.526458740234375,17.526458740234375,17.526458740234375,0.0,0.0,0.0,0.0,NBP.KA,
2023-10-02 00:00:00+05:00,17.671494236236093,18.282173106446226,17.671494236236093,17.808897018432617,402500.0,0.0,0.0,0.0,NBP.KA,
2023-10-03 00:00:00+05:00,18.068436012748162,18.068436012748162,17.709663199397546,17.854698181152344,548500.0,0.0,0.0,0.0,NBP.KA,
2023-10-04 00:00:00+05:00,17.82416474191053,18.05316841370739,17.78599649263116,17.892866134643555,1275500.0,0.0,0.0,0.0,NBP.KA,
2023-10-05 00:00:00+05:00,17.969200318020036,17.969200318020036,17.62569337077998,17.72492790222168,1490000.0,0.0,0.0,0.0,NBP.KA,
2023-10-06 00:00:00+05:00,17.663861674579294,17.709663575445873,17.495925739311527,17.55699348449707,309000.0,0.0,0.0,0.0,NBP.KA,
2023-10-09 00:00:00+05:00,17.373790068103823,17.7401965354033,17.251654579003993,17.70966339111328,293000.0,0.0,0.0,0.0,NBP.KA,
2023-10-10 00:00:00+05:00,17.411956143700163,17.801263545124108,17.411956143700163,17.656227111816406,627000.0,0.0,0.0,0.0,NBP.KA,
2023-10-11 00:00:00+05:00,17.48065801824681,17.686762199275606,17.251654343305837,17.473024368286133,1054000.0,0.0,0.0,0.0,NBP.KA,
2023-10-12 00:00:00+05:00,17.556991609509033,17.556991609509033,17.366154744188282,17.38142204284668,143500.0,0.0,0.0,0.0,NBP.KA,
2023-10-13 00:00:00+05:00,17.381423899084872,17.709663575445873,17.32798980404376,17.55699348449707,405000.0,0.0,0.0,0.0,NBP.KA,
2023-10-16 00:00:00+05:00,17.602794073203448,17.747830515192724,17.327989945608387,17.587528228759766,373500.0,0.0,0.0,0.0,NBP.KA,
2023-10-17 00:00:00+05:00,17.55699334584833,18.244005837752766,17.51882655139748,18.091337203979492,1891000.0,0.0,0.0,0.0,NBP.KA,
2023-10-18 00:00:00+05:00,18.129504018172064,18.434842742020987,17.862332088815553,17.99973487854004,564000.0,0.0,0.0,0.0,NBP.KA,
2023-10-19 00:00:00+05:00,17.78599794040773,18.58751376887964,17.78599794040773,18.36614227294922,789500.0,0.0,0.0,0.0,NBP.KA,
2023-10-20 00:00:00+05:00,18.54934419917528,18.702014285938226,18.21347233784856,18.297439575195312,1389000.0,0.0,0.0,0.0,NBP.KA,
2023-10-23 00:00:00+05:00,18.45010985590665,18.45010985590665,18.015001996819183,18.15240478515625,763000.0,0.0,0.0,0.0,NBP.KA,
2023-10-24 00:00:00+05:00,18.167669882194343,18.24400492323949,17.999733956670863,18.190570831298828,267000.0,0.0,0.0,0.0,NBP.KA,
2023-10-25 00:00:00+05:00,18.06843609095696,18.625679438350737,17.938666952635273,18.15240478515625,2281000.0,0.0,0.0,0.0,NBP.KA,
2023-10-26 00:00:00+05:00,18.06843730206511,18.24400689627744,17.900501358379834,18.015003204345703,549000.0,0.0,0.0,0.0,NBP.KA,
2023-10-27 00:00:00+05:00,17.938667483634045,18.121870721516473,17.64096240407134,17.78599739074707,375000.0,0.0,0.0,0.0,NBP.KA,
2023-10-30 00:00:00+05:00,17.618061229682613,17.709663575445873,17.442491644270415,17.55699348449707,489500.0,0.0,0.0,0.0,NBP.KA,
2023-10-31 00:00:00+05:00,17.70966334231406,18.076069808603897,17.556993253375023,17.88523292541504,758500.0,0.0,0.0,0.0,NBP.KA,
2023-11-01 00:00:00+05:00,17.85469834442284,17.976833833317343,17.71729555542405,17.793630599975586,365500.0,0.0,0.0,0.0,NBP.KA,
2023-11-02 00:00:00+05:00,17.938667483634045,17.938667483634045,17.71729599454492,17.78599739074707,1138000.0,0.0,0.0,0.0,NBP.KA,
2023-11-03 00:00:00+05:00,17.717295099898134,18.129503456296288,17.5569928208343,17.892866134643555,1187000.0,0.0,0.0,0.0,NBP.KA,
2023-11-06 00:00:00+05:00,17.79363167256609,18.167671811848685,17.79363167256609,18.098970413208008,202000.0,0.0,0.0,0.0,NBP.KA,
2023-11-07 00:00:00+05:00,18.09133562462525,18.32033928327833,17.70966188955695,17.87759780883789,658500.0,0.0,0.0,0.0,NBP.KA,
2023-11-08 00:00:00+05:00,17.785997206061595,18.09133738866497,17.785997206061595,17.93866729736328,744500.0,0.0,0.0,0.0,NBP.KA,
2023-11-09 00:00:00+05:00,17.93866729736328,17.93866729736328,17.93866729736328,17.93866729736328,0.0,0.0,0.0,0.0,NBP.KA,
2023-11-10 00:00:00+05:00,18.083704568153383,18.25927416202624,17.885234022743646,18.098970413208008,622500.0,0.0,0.0,0.0,NBP.KA,
2023-11-13 00:00:00+05:00,18.320340558298547,19.160023125081203,18.221106020901168,18.770715713500977,7243500.0,0.0,0.0,0.0,NBP.KA,
2023-11-14 00:00:00+05:00,18.96918640896446,19.14475599140643,18.625679438125943,18.70964813232422,3387500.0,0.0,0.0,0.0,NBP.KA,
2023-11-15 00:00:00+05:00,18.587512322296043,19.083687916942583,18.587512322296043,18.831783294677734,2350500.0,0.0,0.0,0.0,NBP.KA,
2023-11-16 00:00:00+05:00,18.72491594857089,19.694366231720494,18.625679951606266,19.465362548828125,5122500.0,0.0,0.0,0.0,NBP.KA,
2023-11-17 00:00:00+05:00,19.450094360513912,20.91572164964351,19.450094360513912,20.129474639892578,4412500.0,0.0,0.0,0.0,NBP.KA,
2023-11-20 00:00:00+05:00,20.320311312542458,21.175259706536156,20.037872093831258,20.366111755371094,1439000.0,0.0,0.0,0.0,NBP.KA,
2023-11-21 00:00:00+05:00,20.343211389814766,21.198161264315043,20.343211389814766,20.946256637573242,3109000.0,0.0,0.0,0.0,NBP.KA,
2023-11-22 00:00:00+05:00,20.915722148089433,21.9080748162359,20.915722148089433,21.61800193786621,6781000.0,0.0,0.0,0.0,NBP.KA,
2023-11-23 00:00:00+05:00,21.83173837968593,22.74775448883799,21.83173837968593,22.640886306762695,7835500.0,0.0,0.0,0.0,NBP.KA,
2023-11-24 00:00:00+05:00,22.877523927610227,23.66377237252386,22.877523927610227,23.251564025878906,9320500.0,0.0,0.0,0.0,NBP.KA,
2023-11-27 00:00:00+05:00,23.625606397679427,24.991999161468115,23.549271354255115,24.152315139770508,7163500.0,0.0,0.0,0.0,NBP.KA,
2023-11-28 00:00:00+05:00,24.236283095055157,25.190467468876225,23.663772470762513,24.198116302490234,8685500.0,0.0,0.0,0.0,NBP.KA,
2023-11-29 00:00:00+05:00,24.427120268125613,24.579790352189328,23.892776429872434,24.159948348999023,3563500.0,0.0,0.0,0.0,NBP.KA,
2023-11-30 00:00:00+05:00,24.23628499421689,24.312620041298175,23.47293743534392,23.724842071533203,2765500.0,0.0,0.0,0.0,NBP.KA,
2023-12-01 00:00:00+05:00,23.9614768394045,24.129414216181168,23.297365349694246,23.9691104888916,2849500.0,0.0,0.0,0.0,NBP.KA,
2023-12-04 00:00:00+05:00,24.053081553835913,25.648476599058284,24.045447903594575,24.9003963470459,9270500.0,0.0,0.0,0.0,NBP.KA,
2023-12-05 00:00:00+05:00,24.679026775041233,26.259155912053025,24.679026775041233,26.00724983215332,16987000.0,0.0,0.0,0.0,NBP.KA,
2023-12-06 00:00:00+05:00,26.182818623429508,27.663714634571907,26.182818623429508,26.96906852722168,10196500.0,0.0,0.0,0.0,NBP.KA,
2023-12-07 00:00:00+05:00,27.098837647241123,27.6713483017603,26.564493787301934,27.060670852661133,12413000.0,0.0,0.0,0.0,NBP.KA,
2023-12-08 00:00:00+05:00,27.02250518059524,28.999575506139838,27.02250518059524,28.594999313354492,13025500.0,0.0,0.0,0.0,NBP.KA,
2023-12-11 00:00:00+05:00,29.007207478367043,29.388881260977136,28.014856225968774,28.365995407104492,8221500.0,0.0,0.0,0.0,NBP.KA,
2023-12-12 00:00:00+05:00,28.259126705942492,29.198043844854038,27.862185629729996,28.0759220123291,7217500.0,0.0,0.0,0.0,NBP.KA,
2023-12-13 00:00:00+05:00,28.35836320831552,28.43469680004977,27.18280725919286,27.427078247070312,6274500.0,0.0,0.0,0.0,NBP.KA,
2023-12-14 00:00:00+05:00,27.442343157543014,27.480509950085764,26.1064850349694,26.220985412597656,5020000.0,0.0,0.0,0.0,NBP.KA,
2023-12-15 00:00:00+05:00,26.51105858709777,27.36600698018871,26.41182259577572,26.839298248291016,3060500.0,0.0,0.0,0.0,NBP.KA,
2023-12-18 00:00:00+05:00,27.014868578392285,27.48051103687186,26.56449341992152,26.801132202148438,1999000.0,0.0,0.0,0.0,NBP.KA,
2023-12-19 00:00:00+05:00,26.648462580368935,27.075938252277517,25.0759655952186,25.579774856567383,2240500.0,0.0,0.0,0.0,NBP.KA,
2023-12-20 00:00:00+05:00,25.304972155979115,26.14465328653725,24.816427283573532,25.20573616027832,2344500.0,0.0,0.0,0.0,NBP.KA,
2023-12-21 00:00:00+05:00,25.549243640710557,25.69427862810654,24.816427773601795,25.488174438476562,1251500.0,0.0,0.0,0.0,NBP.KA,
2023-12-22 00:00:00+05:00,25.488174548413564,25.91565023007583,24.885129277481035,25.137035369873047,708000.0,0.0,0.0,0.0,NBP.KA,
2023-12-25 00:00:00+05:00,25.137035369873047,25.137035369873047,25.137035369873047,25.137035369873047,0.0,0.0,0.0,0.0,NBP.KA,
2023-12-26 00:00:00+05:00,25.175201850737444,25.190469151170934,23.862244588825583,24.701927185058594,1051000.0,0.0,0.0,0.0,NBP.KA,
2023-12-27 00:00:00+05:00,24.43475426926185,25.839313905044293,24.427122074866993,25.549243927001953,1576500.0,0.0,0.0,0.0,NBP.KA,
2023-12-28 00:00:00+05:00,25.762978752009147,25.862214744767407,25.152301319534647,25.2439022064209,2452500.0,0.0,0.0,0.0,NBP.KA,
2023-12-29 00:00:00+05:00,25.457638618749858,25.457638618749858,24.350785588700212,24.511089324951172,1387000.0,0.0,0.0,0.0,NBP.KA,
2024-01-01 00:00:00+05:00,24.78589586682736,25.472906914289467,24.656125269189307,25.259170532226562,1779000.0,0.0,0.0,0.0,NBP.KA,
2024-01-02 00:00:00+05:00,25.480541886165312,25.5187086810554,24.747726029352624,25.236270904541016,1566000.0,0.0,0.0,0.0,NBP.KA,
2024-01-03 00:00:00+05:00,25.304970833759302,25.6866445844227,24.465286835136045,25.129398345947266,2158500.0,0.0,0.0,0.0,NBP.KA,
2024-01-04 00:00:00+05:00,24.71719290830491,25.259168935381428,24.51108873351392,25.129398345947266,638500.0,0.0,0.0,0.0,NBP.KA,
2024-01-05 00:00:00+05:00,25.221003075724486,25.366038058043713,24.694291416682553,24.938562393188477,719000.0,0.0,0.0,0.0,NBP.KA,
2024-01-08 00:00:00+05:00,24.808794527155566,25.030166007955717,24.419487115243818,24.53398895263672,585500.0,0.0,0.0,0.0,NBP.KA,
2024-01-09 00:00:00+05:00,24.991999224995293,24.991999224995293,24.320252588317636,24.541624069213867,334000.0,0.0,0.0,0.0,NBP.KA,
2024-01-10 00:00:00+05:00,24.320252201147795,24.6103250710857,24.045446630884484,24.274450302124023,993500.0,0.0,0.0,0.0,NBP.KA,
2024-01-11 00:00:00+05:00,24.411852164012426,24.56452224304477,24.243916241852666,24.465286254882812,257500.0,0.0,0.0,0.0,NBP.KA,
2024-01-12 00:00:00+05:00,24.46528783585448,24.808794807890138,24.312619202926307,24.58742332458496,411500.0,0.0,0.0,0.0,NBP.KA,
2024-01-15 00:00:00+05:00,24.846960607124476,24.976731196670013,24.16758179627088,24.39658546447754,883000.0,0.0,0.0,0.0,NBP.KA,
2024-01-16 00:00:00+05:00,24.419487634692274,24.61032597569974,23.816443835077862,24.26681900024414,425500.0,0.0,0.0,0.0,NBP.KA,
2024-01-17 00:00:00+05:00,24.19811744223027,24.579791209735667,23.930945513782515,24.3278865814209,137000.0,0.0,0.0,0.0,NBP.KA,
2024-01-18 00:00:00+05:00,24.144681301177986,24.152314951057757,23.610338913322543,23.74774169921875,1366000.0,0.0,0.0,0.0,NBP.KA,
2024-01-19 00:00:00+05:00,24.037813935234617,24.190484026101142,23.70194060891019,23.99964714050293,167500.0,0.0,0.0,0.0,NBP.KA,
2024-01-22 00:00:00+05:00,23.999646438912905,23.999646438912905,23.66377312240718,23.86224365234375,169000.0,0.0,0.0,0.0,NBP.KA,
2024-01-23 00:00:00+05:00,23.961479330152002,24.335519458082015,23.740109295894204,23.992013931274414,537000.0,0.0,0.0,0.0,NBP.KA,
2024-01-24 00:00:00+05:00,24.00728067710558,24.045447471656765,23.778275541888824,23.88514518737793,205500.0,0.0,0.0,0.0,NBP.KA,
2024-01-25 00:00:00+05:00,23.740108508911483,23.885144947495146,23.472936581826797,23.64850616455078,296000.0,0.0,0.0,0.0,NBP.KA,
2024-01-26 00:00:00+05:00,23.740108868147033,23.740108868147033,22.701955744209137,22.877525329589844,387000.0,0.0,0.0,0.0,NBP.KA,
2024-01-29 00:00:00+05:00,22.87752587113286,22.87752587113286,21.869907323915466,22.04547691345215,320500.0,0.0,0.0,0.0,NBP.KA,
2024-01-30 00:00:00+05:00,22.060743332374358,22.26684751496849,21.221060757930378,21.50349998474121,623000.0,0.0,0.0,0.0,NBP.KA,
2024-01-31 00:00:00+05:00,21.709605137786546,21.984409270893003,21.037858465815354,21.22106170654297,806500.0,0.0,0.0,0.0,NBP.KA,
2024-02-01 00:00:00+05:00,21.358464236956824,21.93860855340503,21.18289464876024,21.64090347290039,992000.0,0.0,0.0,0.0,NBP.KA,
2024-02-02 00:00:00+05:00,21.831740473100165,21.999676411888732,21.564568536323414,21.75540542602539,630500.0,0.0,0.0,0.0,NBP.KA,
2024-02-06 00:00:00+05:00,21.930974174909853,22.518752122106065,21.56456771015242,22.152345657348633,906500.0,0.0,0.0,0.0,NBP.KA,
2024-02-07 00:00:00+05:00,22.21341222582248,22.50348363107752,21.915705714989652,22.106542587280273,339500.0,0.0,0.0,0.0,NBP.KA,
2024-02-08 00:00:00+05:00,22.106542587280273,22.106542587280273,22.106542587280273,22.106542587280273,0.0,0.0,0.0,0.0,NBP.KA,
2024-02-09 00:00:00+05:00,21.763037951038537,21.763037951038537,21.144726868046433,21.534032821655273,637500.0,0.0,0.0,0.0,NBP.KA,
2024-02-12 00:00:00+05:00,21.381364352809456,22.129444577976162,20.62565047767535,21.472965240478516,397500.0,0.0,0.0,0.0,NBP.KA,
2024-02-13 00:00:00+05:00,21.373729340206566,21.946239947533527,20.801218732879605,21.763036727905273,731000.0,0.0,0.0,0.0,NBP.KA,
2024-02-14 00:00:00+05:00,21.793571770084593,22.694322103772443,21.793571770084593,22.320281982421875,510500.0,0.0,0.0,0.0,NBP.KA,
2024-02-15 00:00:00+05:00,22.4805850564481,22.4805850564481,21.305029176256507,21.45006561279297,543865.0,0.0,0.0,0.0,NBP.KA,
2024-02-16 00:00:00+05:00,21.503499550275492,21.503499550275492,20.72488473574236,20.862287521362305,408720.0,0.0,0.0,0.0,NBP.KA,
2024-02-19 00:00:00+05:00,20.72488566407813,21.106559438576696,20.41954693567326,20.671451568603516,576643.0,0.0,0.0,0.0,NBP.KA,
2024-02-20 00:00:00+05:00,20.610383788861633,21.679070064497513,20.305045060961366,21.320297241210938,1051273.0,0.0,0.0,0.0,NBP.KA,
2024-02-21 00:00:00+05:00,21.984407855053714,22.404249861989538,21.29739538257763,21.419530868530273,1124040.0,0.0,0.0,0.0,NBP.KA,
2024-02-22 00:00:00+05:00,21.67143428443698,21.81647071192415,20.610381763274997,20.73251724243164,2127764.0,0.0,0.0,0.0,NBP.KA,
2024-02-23 00:00:00+05:00,20.992056984585012,21.098925172414365,20.381379545603213,20.74015235900879,1700767.0,0.0,0.0,0.0,NBP.KA,
2024-02-26 00:00:00+05:00,20.656183294507603,21.83937281326237,20.427179622991112,21.686702728271484,1052983.0,0.0,0.0,0.0,NBP.KA,
2024-02-27 00:00:00+05:00,21.419530200641365,21.984407169551204,21.06839105346895,21.84700584411621,3469326.0,0.0,0.0,0.0,NBP.KA,
2024-02-28 00:00:00+05:00,21.93860672773954,22.121809950955992,21.465332098422824,21.84700584411621,285591.0,0.0,0.0,0.0,NBP.KA,
2024-02-29 00:00:00+05:00,21.96914291381836,22.144712500091764,21.6027349849379,21.96914291381836,2379856.0,0.0,0.0,0.0,NBP.KA,
2024-03-01 00:00:00+05:00,22.137078404562338,22.82409089144099,21.572201406196786,22.534019470214844,5649407.0,0.0,0.0,0.0,NBP.KA,
2024-03-04 00:00:00+05:00,22.74775720812001,23.51110478498269,22.450052119053947,22.892793655395508,5854758.0,0.0,0.0,0.0,NBP.KA,
2024-03-05 00:00:00+05:00,22.90042631093487,23.12942999165626,22.54165348954605,22.79355812072754,2143568.0,0.0,0.0,0.0,NBP.KA,
2024-03-06 00:00:00+05:00,22.89279164658276,23.19049670952559,22.595086583639937,22.686687469482422,3077250.0,0.0,0.0,0.0,NBP.KA,
2024-03-07 00:00:00+05:00,22.54165203884271,22.90042483714214,22.54165203884271,22.78592300415039,453635.0,0.0,0.0,0.0,NBP.KA,
2024-03-08 00:00:00+05:00,23.014926670133892,23.014926670133892,22.59508613050754,22.78592300415039,717934.0,0.0,0.0,0.0,NBP.KA,
2024-03-11 00:00:00+05:00,23.121797199713253,23.121797199713253,22.152345494847122,22.21341323852539,795888.0,0.0,0.0,0.0,NBP.KA,
2024-03-12 00:00:00+05:00,22.366082539854204,22.976761450903506,21.56456819806625,22.434783935546875,1005561.0,0.0,0.0,0.0,NBP.KA,
2024-03-13 00:00:00+05:00,22.587452691792155,22.587452691792155,21.65616926386681,21.808837890625,780357.0,0.0,0.0,0.0,NBP.KA,
2024-03-14 00:00:00+05:00,22.045474846386067,22.327914058002897,21.38899699576578,22.106542587280273,458902.0,0.0,0.0,0.0,NBP.KA,
2024-03-15 00:00:00+05:00,22.198145767738737,23.76300759742968,21.77830521517868,22.92332649230957,8766084.0,0.0,0.0,0.0,NBP.KA,
2024-03-18 00:00:00+05:00,23.045463753156028,23.343168842222088,22.70959041166486,22.892793655395508,1353802.0,0.0,0.0,0.0,NBP.KA,
2024-03-19 00:00:00+05:00,23.045462160280064,23.091262604054563,22.297380480124016,22.77065658569336,2075326.0,0.0,0.0,0.0,NBP.KA,
2024-03-20 00:00:00+05:00,23.06072808772118,24.480554953600134,22.541652992467775,24.182849884033203,11159312.0,0.0,0.0,0.0,NBP.KA,
2024-03-21 00:00:00+05:00,25.999618530273438,25.999618530273438,25.999618530273438,25.999618530273438,516964.0,0.0,0.0,0.0,NBP.KA,
2024-03-22 00:00:00+05:00,27.946155548095703,27.946155548095703,27.946155548095703,27.946155548095703,227114.0,0.0,0.0,0.0,NBP.KA,
2024-03-26 00:00:00+05:00,31.86212845174426,31.86212845174426,30.075895043964596,30.96137809753418,21033972.0,0.0,0.0,0.0,NBP.KA,
2024-03-27 00:00:00+05:00,31.144578181135117,31.488085146944265,29.69421964274271,30.07589340209961,7147652.0,0.0,0.0,0.0,NBP.KA,
2024-03-28 00:00:00+05:00,30.381229791446582,30.381229791446582,29.114073063186346,29.900320053100586,4907604.0,0.0,0.0,0.0,NBP.KA,
2024-03-29 00:00:00+05:00,30.37359882248506,30.37359882248506,28.86217106724915,29.20567512512207,6162316.0,0.0,0.0,0.0,NBP.KA,
2024-04-01 00:00:00+05:00,29.6102494831411,29.999555417148862,29.053006171513747,29.41941261291504,2764276.0,0.0,0.0,0.0,NBP.KA,
2024-04-02 00:00:00+05:00,29.41941405150982,29.755285911233415,29.1598757788335,29.511014938354492,6022036.0,0.0,0.0,0.0,NBP.KA,
2024-04-03 00:00:00+05:00,29.755285599990433,30.518633110237307,29.541549228942,30.190393447875977,11232436.0,0.0,0.0,0.0,NBP.KA,
2024-04-04 00:00:00+05:00,30.91557530868712,31.968995727141074,30.465200144502727,31.53388786315918,8164827.0,0.0,0.0,0.0,NBP.KA,
2024-04-08 00:00:00+05:00,31.98426186439259,32.25143232837247,31.106411062276408,32.05296325683594,7477470.0,0.0,0.0,0.0,NBP.KA,
2024-04-09 00:00:00+05:00,32.25143207274752,33.549123413092154,31.755255029929394,33.106380462646484,10898533.0,0.0,0.0,0.0,NBP.KA,
2024-04-15 00:00:00+05:00,32.633104311180695,33.77812551508177,32.633104311180695,33.54912185668945,7148133.0,0.0,0.0,0.0,NBP.KA,
2024-04-16 00:00:00+05:00,33.57202521034853,34.22087238101889,33.243785527854776,33.36592102050781,5450133.0,0.0,0.0,0.0,NBP.KA,
2024-04-17 00:00:00+05:00,33.22088505708874,34.41934045352281,32.869745890018585,33.73232650756836,7687120.0,0.0,0.0,0.0,NBP.KA,
2024-04-18 00:00:00+05:00,33.89263114355127,34.35063849200208,33.289585902270595,33.625457763671875,5113658.0,0.0,0.0,0.0,NBP.KA,
2024-04-19 00:00:00+05:00,33.2819528254242,33.89263320984216,33.20561923334189,33.6559944152832,7376388.0,0.0,0.0,0.0,NBP.KA,
2024-04-22 00:00:00+05:00,33.739960068212014,33.93079694313183,33.25905032807098,33.43461990356445,6069515.0,0.0,0.0,0.0,NBP.KA,
2024-04-23 00:00:00+05:00,33.579658066366385,33.58729026017207,32.640738071586505,32.938446044921875,6672577.0,0.0,0.0,0.0,NBP.KA,
2024-04-24 00:00:00+05:00,32.63310730054762,33.45752404060834,32.63310730054762,33.03004837036133,2736325.0,0.0,0.0,0.0,NBP.KA,
2024-04-25 00:00:00+05:00,33.12928469544234,33.35828837709124,32.44227073855582,32.90791320800781,4269011.0,0.0,0.0,0.0,NBP.KA,
2024-04-26 00:00:00+05:00,32.823943200791625,33.3582870445878,32.13692927134802,32.28196716308594,3084273.0,0.0,0.0,0.0,NBP.KA,
2024-04-29 00:00:00+05:00,31.304880653723757,31.831592308516946,30.343064055482685,30.480466842651367,4029346.0,0.0,0.0,0.0,NBP.KA,
2024-04-30 00:00:00+05:00,30.724738665165695,30.91557555128474,29.96139112068953,30.083526611328125,4629047.0,0.0,0.0,0.0,NBP.KA,
2024-05-02 00:00:00+05:00,29.770551607206272,30.41176360445445,28.892700843756426,29.388877868652344,9844431.0,0.0,0.0,0.0,NBP.KA,
2024-05-03 00:00:00+05:00,29.39651107788086,29.946122212209378,29.198042008228693,29.39651107788086,5681897.0,0.0,0.0,0.0,NBP.KA,
2024-05-06 00:00:00+05:00,29.64841843150852,29.656050625619347,28.93087279556046,29.091175079345703,8516920.0,0.0,0.0,0.0,NBP.KA,
2024-05-07 00:00:00+05:00,29.350713503282037,29.465213887148966,28.930872938557073,29.1217098236084,7897161.0,0.0,0.0,0.0,NBP.KA,
2024-05-08 00:00:00+05:00,29.373612936491075,29.74765451166616,29.12170976295664,29.289644241333008,9235156.0,0.0,0.0,0.0,NBP.KA,
2024-05-09 00:00:00+05:00,29.51864535981075,29.64841594432657,29.198040819135525,29.533912658691406,6037864.0,0.0,0.0,0.0,NBP.KA,
2024-05-10 00:00:00+05:00,29.846887262514528,30.251463433591702,29.701852280091984,29.969022750854492,7817090.0,0.0,0.0,0.0,NBP.KA,
2024-05-13 00:00:00+05:00,30.152229724706178,30.511004022871568,29.793455426540785,30.23619842529297,6257044.0,0.0,0.0,0.0,NBP.KA,
2024-05-14 00:00:00+05:00,30.381232618364713,30.762906402293765,30.045360736805502,30.457569122314453,5772368.0,0.0,0.0,0.0,NBP.KA,
2024-05-15 00:00:00+05:00,31.297248081913057,31.678921839009558,30.724737446268307,30.77817153930664,7984560.0,0.0,0.0,0.0,NBP.KA,
2024-05-16 00:00:00+05:00,30.984275527838225,31.10641101288362,30.541532574586395,30.923206329345703,2927587.0,0.0,0.0,0.0,NBP.KA,
2024-05-17 00:00:00+05:00,30.85450814549335,31.106414247560608,30.70184095726588,30.99954605102539,1791373.0,0.0,0.0,0.0,NBP.KA,
2024-05-20 00:00:00+05:00,31.014812429480248,31.014812429480248,30.343065755893406,30.625503540039062,3536958.0,0.0,0.0,0.0,NBP.KA,
2024-05-21 00:00:00+05:00,30.381231544837856,30.724738520624093,30.381231544837856,30.617870330810547,1988349.0,0.0,0.0,0.0,NBP.KA,
2024-05-22 00:00:00+05:00,30.83924111047401,30.892675204157417,30.30489726170021,30.480466842651367,5919305.0,0.0,0.0,0.0,NBP.KA,
2024-05-23 00:00:00+05:00,30.457565516916056,30.915572838638592,30.304895439028698,30.862138748168945,3656403.0,0.0,0.0,0.0,NBP.KA,
2024-05-24 00:00:00+05:00,30.87740975948599,31.488087232516516,30.87740975948599,31.220916748046875,6360239.0,0.0,0.0,0.0,NBP.KA,
2024-05-27 00:00:00+05:00,31.488085637702838,31.678922520355584,30.94610958983458,31.098779678344727,4637909.0,0.0,0.0,0.0,NBP.KA,
2024-05-28 00:00:00+05:00,31.098779678344727,31.098779678344727,31.098779678344727,31.098779678344727,0.0,0.0,0.0,0.0,NBP.KA,
2024-05-29 00:00:00+05:00,31.14457743025925,31.29724751270917,30.53390001239919,30.671302795410156,4930935.0,0.0,0.0,0.0,NBP.KA,
2024-05-30 00:00:00+05:00,30.648403291339093,30.915573751576872,30.343063126547673,30.663667678833008,6308388.0,0.0,0.0,0.0,NBP.KA,
2024-05-31 00:00:00+05:00,30.38123158495431,30.79343995644209,30.22856149418775,30.43466567993164,8385695.0,0.0,0.0,0.0,NBP.KA,
2024-06-03 00:00:00+05:00,30.61786948456249,30.915574551369026,30.34306391152886,30.449932098388672,10066822.0,0.0,0.0,0.0,NBP.KA,
2024-06-04 00:00:00+05:00,30.45756838787093,30.52626978379911,29.762922234348107,29.938491821289062,9388117.0,0.0,0.0,0.0,NBP.KA,
2024-06-05 00:00:00+05:00,30.228560078528258,30.907941805025757,29.159875317090385,29.602615356445312,14253731.0,0.0,0.0,0.0,NBP.KA,
2024-06-06 00:00:00+05:00,29.54154906377063,29.77055273317637,28.96140332854048,29.053007125854492,1769313.0,0.0,0.0,0.0,NBP.KA,
2024-06-07 00:00:00+05:00,29.30491107997726,29.30491107997726,27.900351514569397,28.831636428833008,2526458.0,0.0,0.0,0.0,NBP.KA,
2024-06-10 00:00:00+05:00,28.839268854009674,28.885070754270654,28.282025504563244,28.50339698791504,2807756.0,0.0,0.0,0.0,NBP.KA,
2024-06-11 00:00:00+05:00,28.62553450511208,28.62553450511208,27.938520512213408,28.144624710083008,1073522.0,0.0,0.0,0.0,NBP.KA,
2024-06-12 00:00:00+05:00,27.946153825589928,28.091188809477877,26.320222754684995,26.671361923217773,5485852.0,0.0,0.0,0.0,NBP.KA,
2024-06-13 00:00:00+05:00,26.56449277538494,28.846903112378072,25.572141594407796,28.343093872070312,10166748.0,0.0,0.0,0.0,NBP.KA,
2024-06-14 00:00:00+05:00,28.167525037495874,28.81636927358209,28.022487143073498,28.304927825927734,4033468.0,0.0,0.0,0.0,NBP.KA,
2024-06-20 00:00:00+05:00,28.259126456340944,29.678953355499534,28.259126456340944,29.526283264160156,8678345.0,0.0,0.0,0.0,NBP.KA,
2024-06-21 00:00:00+05:00,29.38887862795549,30.251462114716492,29.38887862795549,29.900320053100586,7147954.0,0.0,0.0,0.0,NBP.KA,
2024-06-24 00:00:00+05:00,30.51863371388639,30.51863371388639,28.67133410028098,29.007205963134766,2898275.0,0.0,0.0,0.0,NBP.KA,
2024-06-25 00:00:00+05:00,28.99193951612586,28.99193951612586,28.442328349886953,28.617900848388672,859192.0,0.0,0.0,0.0,NBP.KA,
2024-06-26 00:00:00+05:00,28.57973009914667,28.81636887863374,27.90035127228923,28.03775405883789,3474931.0,0.0,0.0,0.0,NBP.KA,
2024-06-27 00:00:00+05:00,28.25149132113699,29.007206670922425,28.16752553732953,28.587366104125977,3075151.0,0.0,0.0,0.0,NBP.KA,
2024-06-28 00:00:00+05:00,28.587365876858954,28.984306946001336,28.053022017938833,28.358362197875977,7434983.0,0.0,0.0,0.0,NBP.KA,
2024-07-01 00:00:00+05:00,28.24385757995488,29.617882501456652,28.098822602842567,29.022472381591797,3931654.0,0.0,0.0,0.0,NBP.KA,
2024-07-02 00:00:00+05:00,29.1980420886131,31.633119583129883,28.824000529623177,31.633119583129883,20129727.0,0.0,0.0,0.0,NBP.KA,
2024-07-03 00:00:00+05:00,32.82394540362129,34.33537323789013,32.82394540362129,33.83919906616211,21224492.0,0.0,0.0,0.0,NBP.KA,
2024-07-04 00:00:00+05:00,33.243783897757424,33.81629453748438,32.33540139768894,32.86211013793945,13048256.0,0.0,0.0,0.0,NBP.KA,
2024-07-05 00:00:00+05:00,32.87737731595342,35.81626409088727,32.64073853744473,35.808631896972656,28497851.0,0.0,0.0,0.0,NBP.KA,
2024-07-08 00:00:00+05:00,35.808633233716726,39.21316258690546,35.808633233716726,38.86965560913086,19555510.0,0.0,0.0,0.0,NBP.KA,
2024-07-09 00:00:00+05:00,39.694069469925346,40.648253832183165,37.862034329614495,39.80093765258789,15346435.0,0.0,0.0,0.0,NBP.KA,
2024-07-10 00:00:00+05:00,40.15207728858784,40.266580578230695,38.549048705225594,38.976524353027344,7823759.0,0.0,0.0,0.0,NBP.KA,
2024-07-11 00:00:00+05:00,38.93072164283776,40.44978441564503,38.32004423867135,40.10627746582031,7112762.0,0.0,0.0,0.0,NBP.KA,
2024-07-12 00:00:00+05:00,40.266581803787176,41.49557178067568,38.50324797886806,40.69405746459961,7969570.0,0.0,0.0,0.0,NBP.KA,
2024-07-15 00:00:00+05:00,40.99939427645433,41.60243951135602,39.320029163332755,39.495601654052734,6040479.0,0.0,0.0,0.0,NBP.KA,
2024-07-16 00:00:00+05:00,39.495601654052734,39.495601654052734,39.495601654052734,39.495601654052734,0.0,0.0,0.0,0.0,NBP.KA,
2024-07-17 00:00:00+05:00,39.495601654052734,39.495601654052734,39.495601654052734,39.495601654052734,0.0,0.0,0.0,0.0,NBP.KA,
2024-07-18 00:00:00+05:00,39.31239934114545,39.52613572613093,37.87730511296048,38.83148956298828,9429941.0,0.0,0.0,0.0,NBP.KA,
2024-07-19 00:00:00+05:00,38.62538241350446,38.81621928889122,37.04525331825725,37.70173263549805,5752245.0,0.0,0.0,0.0,NBP.KA,
2024-07-22 00:00:00+05:00,37.69410235379978,37.69410235379978,35.95366798186864,36.579612731933594,3980977.0,0.0,0.0,0.0,NBP.KA,
2024-07-23 00:00:00+05:00,36.62541613462246,37.47273240497848,35.69413116548308,36.50328063964844,2149620.0,0.0,0.0,0.0,NBP.KA,
2024-07-24 00:00:00+05:00,36.56434594462791,37.77043346491132,36.03763431275907,37.59486389160156,3333763.0,0.0,0.0,0.0,NBP.KA,
2024-07-25 00:00:00+05:00,37.96890722357674,37.976539417583076,36.831518128610725,37.5643310546875,2365222.0,0.0,0.0,0.0,NBP.KA,
2024-07-26 00:00:00+05:00,37.58723369174763,37.70936918017822,36.2666399011709,36.67884826660156,2574702.0,0.0,0.0,0.0,NBP.KA,
2024-07-29 00:00:00+05:00,36.64068362055514,39.61010522306057,36.64068362055514,38.236080169677734,6639046.0,0.0,0.0,0.0,NBP.KA,
2024-07-30 00:00:00+05:00,38.159744436632685,38.6253839854979,37.228459515022756,37.442195892333984,2413994.0,0.0,0.0,0.0,NBP.KA,
2024-07-31 00:00:00+05:00,37.51853520673507,38.3124144871223,35.34299282845038,36.113975524902344,2545495.0,0.0,0.0,0.0,NBP.KA,
2024-08-01 00:00:00+05:00,35.877331952498345,36.549078557590335,35.579626897951776,35.923133850097656,1273444.0,0.0,0.0,0.0,NBP.KA,
2024-08-02 00:00:00+05:00,35.87733124928385,37.20555713423413,35.38115422680517,36.5185432434082,1994077.0,0.0,0.0,0.0,NBP.KA,
2024-08-05 00:00:00+05:00,36.51854517197709,36.793350742820124,34.197968031457755,35.22848892211914,2344961.0,0.0,0.0,0.0,NBP.KA,
2024-08-06 00:00:00+05:00,35.30482267760368,35.88496550953895,34.541475160250094,35.06818389892578,798944.0,0.0,0.0,0.0,NBP.KA,
2024-08-07 00:00:00+05:00,35.30482599552599,36.411680582098036,35.19032269238614,35.35062789916992,2543307.0,0.0,0.0,0.0,NBP.KA,
2024-08-08 00:00:00+05:00,35.49566086328495,35.87733463600844,35.41932727351617,35.694129943847656,927818.0,0.0,0.0,0.0,NBP.KA,
2024-08-09 00:00:00+05:00,35.87733551799515,37.39639845203189,35.64833183111932,36.25137710571289,3163929.0,0.0,0.0,0.0,NBP.KA,
2024-08-12 00:00:00+05:00,35.884967743088474,36.21320742893597,34.81628289944025,35.121620178222656,847198.0,0.0,0.0,0.0,NBP.KA,
2024-08-13 00:00:00+05:00,35.106351025658604,35.419323368307055,34.587274519031006,34.76284408569336,993535.0,0.0,0.0,0.0,NBP.KA,
2024-08-15 00:00:00+05:00,34.79338188748756,35.11398645302322,34.00713194983346,34.26667022705078,1150542.0,0.0,0.0,0.0,NBP.KA,
2024-08-16 00:00:00+05:00,34.35063868781374,34.35063868781374,33.21324959223043,33.48042297363281,799622.0,0.0,0.0,0.0,NBP.KA,
2024-08-19 00:00:00+05:00,33.47279113595755,33.83920054691064,33.12928704509154,33.373558044433594,1060433.0,0.0,0.0,0.0,NBP.KA,
2024-08-20 00:00:00+05:00,33.12928477997118,36.54908144888114,33.12928477997118,35.7322998046875,2978210.0,0.0,0.0,0.0,NBP.KA,
2024-08-21 00:00:00+05:00,37.02235709610348,39.30476760864258,37.02235709610348,39.30476760864258,6898218.0,0.0,0.0,0.0,NBP.KA,
2024-08-22 00:00:00+05:00,40.075746233791605,41.594809134192644,39.205530495768215,41.13679885864258,12117401.0,0.0,0.0,0.0,NBP.KA,
2024-08-23 00:00:00+05:00,41.44977068898081,42.16731923761465,39.69407193574909,39.915443420410156,2923717.0,0.0,0.0,0.0,NBP.KA,
2024-08-26 00:00:00+05:00,40.258952291820535,40.44978918512054,38.73988933989902,39.53377151489258,2632013.0,0.0,0.0,0.0,NBP.KA,
2024-08-27 00:00:00+05:00,39.877276766651356,40.304749525364855,39.060492219952835,39.381099700927734,3265802.0,0.0,0.0,0.0,NBP.KA,
2024-08-28 00:00:00+05:00,39.42690063297962,41.251300742655076,39.312397340028895,40.30474853515625,9155627.0,0.0,0.0,0.0,NBP.KA,
2024-08-29 00:00:00+05:00,38.25134512119646,44.3352258555043,38.25134512119646,43.915382385253906,42591637.0,0.0,0.0,0.0,NBP.KA,
2024-08-30 00:00:00+05:00,44.541325987553016,48.09089306935252,44.190186832261354,46.297027587890625,21619368.0,0.0,0.0,0.0,NBP.KA,
2024-09-02 00:00:00+05:00,46.17489125346667,47.327544689654836,44.518425675120156,46.12908935546875,6900704.0,0.0,0.0,0.0,NBP.KA,
2024-09-03 00:00:00+05:00,45.80085352960081,46.18252730901415,43.81615104142738,45.01460647583008,3484137.0,0.0,0.0,0.0,NBP.KA,
2024-09-04 00:00:00+05:00,44.99170281778193,44.99170281778193,43.510809643138344,43.64821243286133,2299654.0,0.0,0.0,0.0,NBP.KA,
2024-09-05 00:00:00+05:00,44.31232610512853,44.31232610512853,43.12913794736749,43.49554443359375,3968284.0,0.0,0.0,0.0,NBP.KA,
2024-09-06 00:00:00+05:00,43.51080909142127,45.724518087164206,43.40394090342287,44.65583038330078,7997656.0,0.0,0.0,0.0,NBP.KA,
2024-09-09 00:00:00+05:00,44.65582909485244,46.10619052082863,44.03751656677929,45.144371032714844,2874037.0,0.0,0.0,0.0,NBP.KA,
2024-09-10 00:00:00+05:00,45.57184504298481,45.755046807115136,44.47262281044468,45.19780349731445,1294224.0,0.0,0.0,0.0,NBP.KA,
2024-09-11 00:00:00+05:00,45.20544153763231,46.48023051159502,45.03750414966032,45.77031707763672,3609084.0,0.0,0.0,0.0,NBP.KA,
2024-09-12 00:00:00+05:00,45.80085096587111,45.80085096587111,44.27415593367541,44.52606201171875,1687340.0,0.0,0.0,0.0,NBP.KA,
2024-09-13 00:00:00+05:00,45.06040458296777,46.29702970063772,44.88483499730989,45.02987289428711,2815999.0,0.0,0.0,0.0,NBP.KA,
2024-09-16 00:00:00+05:00,45.68634713320762,45.724516838112706,43.94591574891465,44.23598861694336,612222.0,0.0,0.0,0.0,NBP.KA,
2024-09-17 00:00:00+05:00,44.23598861694336,44.23598861694336,44.23598861694336,44.23598861694336,0.0,0.0,0.0,0.0,NBP.KA,
2024-09-18 00:00:00+05:00,43.892481656375104,44.457360092858416,43.892481656375104,44.23598861694336,314206.0,0.0,0.0,0.0,NBP.KA,
2024-09-19 00:00:00+05:00,44.27415642231919,44.65583018458056,43.51080889779644,43.686378479003906,3143664.0,0.0,0.0,0.0,NBP.KA,
2024-09-20 00:00:00+05:00,43.89248360747857,44.26652518382189,42.74746229597913,43.503177642822266,3323302.0,0.0,0.0,0.0,NBP.KA,
2024-09-23 00:00:00+05:00,43.472643834528355,43.80851571039054,42.94593215799877,43.28180694580078,797936.0,0.0,0.0,0.0,NBP.KA,
2024-09-24 00:00:00+05:00,43.17493778676235,44.24362259253077,42.335253748008846,42.53372573852539,1630220.0,0.0,0.0,0.0,NBP.KA,
2024-09-25 00:00:00+05:00,42.533723204836924,45.33520710398262,42.533723204836924,44.80849838256836,2519824.0,0.0,0.0,0.0,NBP.KA,
2024-09-26 00:00:00+05:00,45.64817895472953,46.77030068788067,44.85429687260982,45.81611633300781,6164283.0,0.0,0.0,0.0,NBP.KA,
2024-09-27 00:00:00+05:00,45.80085245131965,46.2893944115567,43.51080982875367,44.060420989990234,5423311.0,0.0,0.0,0.0,NBP.KA,
2024-09-30 00:00:00+05:00,44.42682499950218,46.411527331023535,43.777977878548946,45.80084991455078,3102836.0,0.0,0.0,0.0,NBP.KA,
2024-10-01 00:00:00+05:00,46.144358547347856,46.144358547347856,44.8466671702464,45.0069694519043,3079787.0,0.0,0.0,0.0,NBP.KA,
2024-10-02 00:00:00+05:00,44.57949757424218,45.7168837800303,44.57949757424218,44.991703033447266,1396940.0,0.0,0.0,0.0,NBP.KA,
2024-10-03 00:00:00+05:00,44.69399688810594,45.34284402980298,44.503160007360876,44.59476089477539,1628825.0,0.0,0.0,0.0,NBP.KA,
2024-10-04 00:00:00+05:00,44.43445886459777,45.33520917975337,44.43445886459777,44.83903503417969,1118570.0,0.0,0.0,0.0,NBP.KA,
2024-10-07 00:00:00+05:00,44.83903831196398,45.30467789161938,44.617666814002284,45.10620880126953,2192639.0,0.0,0.0,0.0,NBP.KA,
2024-10-08 00:00:00+05:00,45.266505172314524,47.174873880354255,44.663459961708476,46.7244987487793,7666892.0,0.0,0.0,0.0,NBP.KA,
2024-10-09 00:00:00+05:00,46.7244987487793,46.7244987487793,46.7244987487793,46.7244987487793,0.0,0.0,0.0,0.0,NBP.KA,
2024-10-10 00:00:00+05:00,49.121412571259796,51.525958464373105,49.121412571259796,50.304603576660156,12856743.0,0.0,0.0,0.0,NBP.KA,
2024-10-11 00:00:00+05:00,50.46490719506325,52.63281145013489,49.31225075933957,51.31985855102539,9289032.0,0.0,0.0,0.0,NBP.KA,
2024-10-14 00:00:00+05:00,51.53359207683714,54.77018389144318,51.53359207683714,53.35035705566406,8571102.0,0.0,0.0,0.0,NBP.KA,
2024-10-15 00:00:00+05:00,53.09082214409435,54.35034088821149,52.106103148165424,52.693878173828125,3145412.0,0.0,0.0,0.0,NBP.KA,
2024-10-16 00:00:00+05:00,53.037387557906726,53.81599945560863,51.94580038563921,52.976318359375,3790913.0,0.0,0.0,0.0,NBP.KA,
2024-10-17 00:00:00+05:00,52.97631855752333,53.42669079465088,50.76260960544245,51.533592224121094,2457808.0,0.0,0.0,0.0,NBP.KA,
2024-10-18 00:00:00+05:00,51.83129924555828,51.907632834951414,50.76261152241572,50.7855110168457,1805785.0,0.0,0.0,0.0,NBP.KA,
2024-10-21 00:00:00+05:00,51.06794905541979,52.594644059624386,50.41910484340868,52.12900161743164,2832063.0,0.0,0.0,0.0,NBP.KA,
2024-10-22 00:00:00+05:00,52.28930330708314,53.61752631514623,52.21296972250557,52.747310638427734,3621563.0,0.0,0.0,0.0,NBP.KA,
2024-10-23 00:00:00+05:00,53.12898728739095,53.35799387751244,51.52595862817906,51.8160285949707,1370170.0,0.0,0.0,0.0,NBP.KA,
2024-10-24 00:00:00+05:00,52.0526707849095,52.0526707849095,50.869479764523746,51.17481994628906,6194663.0,0.0,0.0,0.0,NBP.KA,
2024-10-25 00:00:00+05:00,51.09848841961404,51.90763498365896,51.02978410960053,51.57939529418945,1084506.0,0.0,0.0,0.0,NBP.KA,
2024-10-28 00:00:00+05:00,51.296950534895366,51.90763087473814,50.7702447112573,51.533592224121094,1356643.0,0.0,0.0,0.0,NBP.KA,
2024-10-29 00:00:00+05:00,51.564126348045846,53.357991821959274,51.52595664320287,52.91524887084961,2589040.0,0.0,0.0,0.0,NBP.KA,
2024-10-30 00:00:00+05:00,50.38093800951644,52.57174756198146,48.21303086353844,49.3427848815918,4346241.0,0.0,0.0,0.0,NBP.KA,
2024-10-31 00:00:00+05:00,49.8007902434831,49.86949454824425,45.87718448264252,45.9916877746582,4655247.0,0.0,0.0,0.0,NBP.KA,
2024-11-01 00:00:00+05:00,45.800849803932735,46.64053088556233,45.41917605556663,46.3351936340332,3596920.0,0.0,0.0,0.0,NBP.KA,
2024-11-04 00:00:00+05:00,46.54893050900224,46.56419780853616,44.037516518496005,44.77033233642578,3029650.0,0.0,0.0,0.0,NBP.KA,
2024-11-05 00:00:00+05:00,44.579497435403994,45.72451874372492,44.26652506094053,45.52604675292969,848393.0,0.0,0.0,0.0,NBP.KA,
2024-11-06 00:00:00+05:00,45.23597236635748,47.70921959121977,44.69399633066675,46.34282684326172,5492877.0,0.0,0.0,0.0,NBP.KA,
2024-11-07 00:00:00+05:00,46.37336512750632,47.174879497939436,46.075660039511725,46.31993103027344,1250370.0,0.0,0.0,0.0,NBP.KA,
2024-11-08 00:00:00+05:00,45.80084899295356,46.9458702177774,45.80084899295356,46.7244987487793,3014956.0,0.0,0.0,0.0,NBP.KA,
2024-11-11 00:00:00+05:00,46.72450139094717,46.90770607853221,45.87718517075333,46.121456146240234,488685.0,0.0,0.0,0.0,NBP.KA,
2024-11-12 00:00:00+05:00,46.18252497915692,46.18252497915692,45.41917745884028,45.86955261230469,485213.0,0.0,0.0,0.0,NBP.KA,
2024-11-13 00:00:00+05:00,45.80085057456312,46.41152799983603,45.419176819775096,46.11382293701172,2551254.0,0.0,0.0,0.0,NBP.KA,
2024-11-14 00:00:00+05:00,46.56420060596514,46.90007248007049,46.1443600353485,46.60236740112305,712964.0,0.0,0.0,0.0,NBP.KA,
2024-11-15 00:00:00+05:00,46.564201640344756,47.62525429377994,46.487868048333254,46.62527084350586,2039722.0,0.0,0.0,0.0,NBP.KA,
2024-11-18 00:00:00+05:00,46.75503344936713,47.022203904301975,45.877182676970534,46.190155029296875,1224707.0,0.0,0.0,0.0,NBP.KA,
2024-11-19 00:00:00+05:00,46.190155029296875,46.95350251418451,45.90771727523153,46.190155029296875,1928081.0,0.0,0.0,0.0,NBP.KA,
2024-11-20 00:00:00+05:00,45.88482163449974,47.13671114890024,45.80085293820267,46.02222442626953,4748866.0,0.0,0.0,0.0,NBP.KA,
2024-11-21 00:00:00+05:00,46.18252671268769,46.71687057935468,45.88482163449974,46.02222442626953,955566.0,0.0,0.0,0.0,NBP.KA,
2024-11-22 00:00:00+05:00,46.174891044548176,50.62520540602166,46.174891044548176,48.48019790649414,14850629.0,0.0,0.0,0.0,NBP.KA,
2024-11-25 00:00:00+05:00,48.31989847742418,50.2358995127604,48.11379429313914,48.86187744140625,5772282.0,0.0,0.0,0.0,NBP.KA,
2024-11-26 00:00:00+05:00,48.854240367136846,53.74730067436995,47.800819993877354,50.31986618041992,17252084.0,0.0,0.0,0.0,NBP.KA,
2024-11-27 00:00:00+05:00,52.663346778402406,55.350333463459535,52.663346778402406,55.20529556274414,22606441.0,0.0,0.0,0.0,NBP.KA,
2024-11-28 00:00:00+05:00,56.060242295756275,56.4877150323598,52.51831035963757,53.205318450927734,8411142.0,0.0,0.0,0.0,NBP.KA,
2024-11-29 00:00:00+05:00,54.113708648968036,55.34269869979807,53.067920383837205,54.151878356933594,7306056.0,0.0,0.0,0.0,NBP.KA,
2024-12-02 00:00:00+05:00,54.73201541516321,56.86939082261181,54.586983345115385,56.19764709472656,15457542.0,0.0,0.0,0.0,NBP.KA,
2024-12-03 00:00:00+05:00,56.8541269249462,58.76249576095719,55.72437001152072,58.14418029785156,12339752.0,0.0,0.0,0.0,NBP.KA,
2024-12-04 00:00:00+05:00,58.205252293961024,58.96859986502936,56.403751560329354,57.189998626708984,7094359.0,0.0,0.0,0.0,NBP.KA,
2024-12-05 00:00:00+05:00,57.13655853272098,58.25868027623598,56.49534943578623,57.87700653076172,7195518.0,0.0,0.0,0.0,NBP.KA,
2024-12-06 00:00:00+05:00,58.39608474663506,59.92277977269088,57.2510634770932,58.953330993652344,16347023.0,0.0,0.0,0.0,NBP.KA,
2024-12-09 00:00:00+05:00,58.396081489674046,58.77775522490067,56.4877128135409,56.854122161865234,6692731.0,0.0,0.0,0.0,NBP.KA,
2024-12-10 00:00:00+05:00,56.94572711816302,57.13656400919164,54.57935083418413,55.5946044921875,6255718.0,0.0,0.0,0.0,NBP.KA,
2024-12-11 00:00:00+05:00,55.72437156413145,56.976261089524854,54.961024008458416,56.22818374633789,2407882.0,0.0,0.0,0.0,NBP.KA,
2024-12-12 00:00:00+05:00,57.17473192066822,57.63273927997156,54.99919259606772,57.11366271972656,6500499.0,0.0,0.0,0.0,NBP.KA,
2024-12-13 00:00:00+05:00,57.25106527706384,57.25106527706384,53.854171066843186,55.19765853881836,4312495.0,0.0,0.0,0.0,NBP.KA,
2024-12-16 00:00:00+05:00,55.07552449141519,55.74726820947478,54.19767368248637,55.28926086425781,3070038.0,0.0,0.0,0.0,NBP.KA,
2024-12-17 00:00:00+05:00,54.97628693390852,56.945724972860816,53.64042874703366,56.30451583862305,5602301.0,0.0,0.0,0.0,NBP.KA,
2024-12-18 00:00:00+05:00,56.30451779798086,56.487719582155584,50.6710090637207,50.6710090637207,18112703.0,0.0,0.0,0.0,NBP.KA,
2024-12-19 00:00:00+05:00,48.854240108303976,48.86187521400709,45.602381032348426,45.65581512451172,17696211.0,0.0,0.0,0.0,NBP.KA,
2024-12-20 00:00:00+05:00,45.037504151945946,47.69395319994999,44.27415662394686,46.884803771972656,4682773.0,0.0,0.0,0.0,NBP.KA,
2024-12-23 00:00:00+05:00,46.579465954408406,47.63288634587191,45.81611843548058,46.77793502807617,4959793.0,0.0,0.0,0.0,NBP.KA,
2024-12-24 00:00:00+05:00,47.09854339643983,47.174876985009234,44.65583070700219,45.090938568115234,1895326.0,0.0,0.0,0.0,NBP.KA,
2024-12-26 00:00:00+05:00,45.106205021536674,45.7245175603257,44.29705560296655,44.92300033569336,1076550.0,0.0,0.0,0.0,NBP.KA,
2024-12-27 00:00:00+05:00,44.877201772528046,46.18252534370781,44.327590621740896,45.564212799072266,2590226.0,0.0,0.0,0.0,NBP.KA,
2024-12-30 00:00:00+05:00,46.228328502915865,50.121402740478516,46.228328502915865,50.121402740478516,10182951.0,0.0,0.0,0.0,NBP.KA,
2024-12-31 00:00:00+05:00,50.380935496956106,52.426707050090705,49.99926174319129,51.083213806152344,6113550.0,0.0,0.0,0.0,NBP.KA,
2025-01-01 00:00:00+05:00,51.083213806152344,51.083213806152344,51.083213806152344,51.083213806152344,0.0,0.0,0.0,0.0,NBP.KA,
2025-01-02 00:00:00+05:00,50.91527581188225,52.63280768321998,50.380934892573315,50.6023063659668,4987343.0,0.0,0.0,0.0,NBP.KA,
2025-01-03 00:00:00+05:00,50.76260942401308,51.144283179080844,49.69392174504747,50.38093566894531,1040112.0,0.0,0.0,0.0,NBP.KA,
2025-01-06 00:00:00+05:00,50.197733797586814,50.754974217507545,48.62523688152979,48.877140045166016,1685324.0,0.0,0.0,0.0,NBP.KA,
2025-01-07 00:00:00+05:00,49.541254812883196,49.541254812883196,46.182524587218694,47.457313537597656,3600230.0,0.0,0.0,0.0,NBP.KA,
2025-01-08 00:00:00+05:00,47.89242505131031,48.73973835894309,46.56419907512698,46.86190414428711,1853991.0,0.0,0.0,0.0,NBP.KA,
2025-01-09 00:00:00+05:00,46.945875182675096,47.68632325152341,45.037506272810255,46.38099670410156,3783763.0,0.0,0.0,0.0,NBP.KA,
2025-01-10 00:00:00+05:00,46.41916535441655,47.30464839194483,45.65581780785976,46.55656814575195,853072.0,0.0,0.0,0.0,NBP.KA,
2025-01-13 00:00:00+05:00,46.56419685303029,48.319895496248435,46.487863268866725,47.71685028076172,1592722.0,0.0,0.0,0.0,NBP.KA,
2025-01-14 00:00:00+05:00,48.09089231268828,48.464933867484845,47.32754481566148,47.63288497924805,552489.0,0.0,0.0,0.0,NBP.KA,
2025-01-15 00:00:00+05:00,47.35044479370117,48.090892805221294,47.174875217019625,47.35044479370117,947921.0,0.0,0.0,0.0,NBP.KA,
2025-01-16 00:00:00+05:00,47.403877976258954,48.24356196263588,47.22067620929861,47.54891586303711,926483.0,0.0,0.0,0.0,NBP.KA,
2025-01-17 00:00:00+05:00,47.94586202708915,48.09089701741473,46.037493097826655,47.22831344604492,1305576.0,0.0,0.0,0.0,NBP.KA,
2025-01-20 00:00:00+05:00,47.62525266066852,48.01456153762111,46.93824162030361,47.05274200439453,766881.0,0.0,0.0,0.0,NBP.KA,
2025-01-21 00:00:00+05:00,46.686336517333984,47.373350484111725,46.60236782006783,46.686336517333984,486622.0,0.0,0.0,0.0,NBP.KA,
2025-01-22 00:00:00+05:00,46.831369578730225,46.869539284601075,45.41154562568997,46.121456146240234,680714.0,0.0,0.0,0.0,NBP.KA,
2025-01-23 00:00:00+05:00,46.106189337097746,47.49548152920261,46.106189337097746,47.31991195678711,975573.0,0.0,0.0,0.0,NBP.KA,
2025-01-24 00:00:00+05:00,47.51838239658811,48.655771465326154,47.48021560355709,48.31989669799805,3636654.0,0.0,0.0,0.0,NBP.KA,
2025-01-27 00:00:00+05:00,48.174860707194,48.930573093919826,47.709218270959106,48.31226348876953,2312270.0,0.0,0.0,0.0,NBP.KA,
2025-01-28 00:00:00+05:00,48.17486256298371,48.777907804024615,47.75502200841411,48.48783493041992,4247112.0,0.0,0.0,0.0,NBP.KA,
2025-01-29 00:00:00+05:00,48.777905712550535,50.36566988742349,48.12905859972781,49.380950927734375,7045354.0,0.0,0.0,0.0,NBP.KA,
2025-01-30 00:00:00+05:00,49.61758756655136,49.808424441807325,48.54889990034209,49.15958023071289,2145368.0,0.0,0.0,0.0,NBP.KA,
2025-01-31 00:00:00+05:00,49.60995305120335,54.07553482055664,49.23591440193686,54.07553482055664,12964625.0,0.0,0.0,0.0,NBP.KA,
2025-02-03 00:00:00+05:00,55.76253861164117,56.41138283823799,53.28165917403965,53.83126449584961,9978575.0,0.0,0.0,0.0,NBP.KA,
2025-02-04 00:00:00+05:00,54.190041282442614,57.938080571826006,54.190041282442614,55.823604583740234,16342844.0,0.0,0.0,0.0,NBP.KA,
2025-02-06 00:00:00+05:00,55.35033137933607,57.25106511031217,52.86181678518824,53.68623352050781,10980621.0,0.0,0.0,0.0,NBP.KA,
2025-02-07 00:00:00+05:00,53.71676870685382,55.5258986567957,53.12898783726898,55.296897888183594,5546363.0,0.0,0.0,0.0,NBP.KA,
2025-02-10 00:00:00+05:00,55.7243696273089,59.17469789652024,54.579348333597075,58.07548141479492,12715489.0,0.0,0.0,0.0,NBP.KA,
2025-02-11 00:00:00+05:00,58.090750269160395,59.5029421418717,57.25106908732232,57.81594467163086,11179610.0,0.0,0.0,0.0,NBP.KA,
2025-02-12 00:00:00+05:00,58.014412824578834,58.014412824578834,56.1823775706057,56.327415466308594,5885404.0,0.0,0.0,0.0,NBP.KA,
2025-02-13 00:00:00+05:00,56.12131086243735,58.77776297226228,56.12131086243735,57.189998626708984,8767144.0,0.0,0.0,0.0,NBP.KA,
2025-02-14 00:00:00+05:00,57.61747251567161,60.686126937951705,57.25106314901104,58.51822280883789,15552538.0,0.0,0.0,0.0,NBP.KA,
2025-02-17 00:00:00+05:00,59.15943192064474,59.15943192064474,56.9686224742127,58.51822280883789,3645750.0,0.0,0.0,0.0,NBP.KA,
2025-02-18 00:00:00+05:00,59.01439621210364,61.35787291735228,58.11364588563689,60.80063247680664,10185412.0,0.0,0.0,0.0,NBP.KA,
2025-02-19 00:00:00+05:00,61.4418393988967,61.602141676999906,59.54110573123949,59.991477966308594,14617985.0,0.0,0.0,0.0,NBP.KA,
2025-02-20 00:00:00+05:00,59.92277782548114,60.85406269293349,59.357902314882516,59.68614196777344,5287434.0,0.0,0.0,0.0,NBP.KA,
2025-02-21 00:00:00+05:00,59.541104892522235,59.922778641833276,57.06022552200048,57.9991455078125,4900753.0,0.0,0.0,0.0,NBP.KA,
2025-02-24 00:00:00+05:00,58.01441524845215,58.01441524845215,56.48772011033499,56.793060302734375,2905112.0,0.0,0.0,0.0,NBP.KA,
2025-02-25 00:00:00+05:00,56.86939236683274,58.31975387385004,56.296881705421676,56.49535369873047,2971476.0,0.0,0.0,0.0,NBP.KA,
2025-02-26 00:00:00+05:00,57.022059387838574,58.754861579578964,56.0984095555389,57.58694076538086,7935742.0,0.0,0.0,0.0,NBP.KA,
2025-02-27 00:00:00+05:00,57.86174760963944,58.922800256385024,56.44954995887126,58.19761657714844,6711688.0,0.0,0.0,0.0,NBP.KA,
2025-02-28 00:00:00+05:00,58.052583836819245,61.678484719916156,57.441903463798425,61.075439453125,28271548.0,0.0,0.0,0.0,NBP.KA,
2025-03-03 00:00:00+05:00,64.12119086073751,65.62498638774454,59.999113140628516,60.38078689575195,23799736.0,0.0,0.0,0.0,NBP.KA,
2025-03-04 00:00:00+05:00,60.38078689575195,60.38078689575195,60.38078689575195,60.38078689575195,0.0,0.0,0.0,0.0,NBP.KA,
2025-03-05 00:00:00+05:00,60.7013961452086,62.51816708733525,59.92278418706844,60.922767639160156,7325209.0,0.0,0.0,0.0,NBP.KA,
2025-03-06 00:00:00+05:00,60.94566709756195,62.441833457424934,60.70903121487535,62.05252456665039,5187022.0,0.0,0.0,0.0,NBP.KA,
2025-03-07 00:00:00+05:00,62.052519950084765,62.93800003559806,61.91511716496795,62.25862121582031,5010161.0,0.0,0.0,0.0,NBP.KA,
2025-03-10 00:00:00+05:00,62.59449543051039,63.3425785481624,61.90748151100942,62.907470703125,3227843.0,0.0,0.0,0.0,NBP.KA,
2025-03-11 00:00:00+05:00,63.35784836333116,64.50286971929498,62.15175780398479,62.449462890625,12870492.0,0.0,0.0,0.0,NBP.KA,
2025-03-12 00:00:00+05:00,62.441833243566506,62.441833243566506,60.99147170303716,61.251007080078125,8263978.0,0.0,0.0,0.0,NBP.KA,
2025-03-13 00:00:00+05:00,61.48764681121619,62.36549182503512,61.48764681121619,61.98381805419922,7742499.0,0.0,0.0,0.0,NBP.KA,
2025-03-14 00:00:00+05:00,63.0846278412504,63.16930390198359,61.82293709332881,62.16164779663086,3339487.0,8.0,0.0,0.0,NBP.KA,
2025-03-17 00:00:00+05:00,62.61889755122822,62.999949501295774,61.80599576893417,62.64430618286133,8291829.0,0.0,0.0,0.0,NBP.KA,
2025-03-18 00:00:00+05:00,62.99994939858515,62.99994939858515,62.2378519600616,62.669708251953125,2163784.0,0.0,0.0,0.0,NBP.KA,
2025-03-19 00:00:00+05:00,62.864461555479295,66.7257530301787,62.237850987097545,65.16768646240234,10321161.0,0.0,0.0,0.0,NBP.KA,
2025-03-20 00:00:00+05:00,66.04833332392154,67.38623701097163,65.54027051350366,66.3531723022461,4097026.0,0.0,0.0,0.0,NBP.KA,
2025-03-21 00:00:00+05:00,66.04833335791662,66.89510686250529,65.20155985332794,65.26083374023438,2970016.0,0.0,0.0,0.0,NBP.KA,
2025-03-24 00:00:00+05:00,65.26930555423533,66.22615732196672,64.36325813122808,64.7781753540039,2970485.0,0.0,0.0,0.0,NBP.KA,
2025-03-25 00:00:00+05:00,64.48180460467299,65.0322086827375,63.982204870304834,64.52413940429688,2065575.0,0.0,0.0,0.0,NBP.KA,
2025-03-26 00:00:00+05:00,65.8281702314271,66.25155698239398,64.94752501417169,65.31163787841797,7022293.0,0.0,0.0,0.0,NBP.KA,
2025-03-27 00:00:00+05:00,65.20155782053932,66.04833129872814,64.3547843423505,64.60034942626953,3627283.0,0.0,0.0,0.0,NBP.KA,
2025-03-28 00:00:00+05:00,64.60034942626953,64.60034942626953,64.60034942626953,64.60034942626953,0.0,0.0,0.0,0.0,NBP.KA,
2025-03-31 00:00:00+05:00,64.60034942626953,64.60034942626953,64.60034942626953,64.60034942626953,0.0,0.0,0.0,0.0,NBP.KA,
2025-04-03 00:00:00+05:00,64.60034942630176,64.60034942630176,63.93986714697318,64.23623657226562,1504173.0,0.0,0.0,0.0,NBP.KA,
2025-04-04 00:00:00+05:00,63.99067129255465,67.75881067481987,63.99067129255465,66.47171783447266,13665582.0,0.0,0.0,0.0,NBP.KA,
2025-04-07 00:00:00+05:00,65.20155761449168,65.20155761449168,60.72212515378427,64.28704071044922,8127544.0,0.0,0.0,0.0,NBP.KA,
2025-04-08 00:00:00+05:00,65.07454106897384,65.96365581290154,64.18543278541516,64.75276947021484,3960120.0,0.0,0.0,0.0,NBP.KA,
2025-04-09 00:00:00+05:00,63.98220395062568,66.38704406347132,63.88905834827506,64.89672088623047,5563662.0,0.0,0.0,0.0,NBP.KA,
2025-04-10 00:00:00+05:00,66.47172373100786,68.49551200038351,65.70962624329184,67.10680389404297,8239051.0,0.0,0.0,0.0,NBP.KA,
2025-04-11 00:00:00+05:00,66.72575189794527,67.06445611702986,65.28623312536028,66.31929779052734,1311333.0,0.0,0.0,0.0,NBP.KA,
2025-04-14 00:00:00+05:00,66.4124473992112,68.37696170622608,66.04833452737628,67.64026641845703,6468538.0,0.0,0.0,0.0,NBP.KA,
2025-04-15 00:00:00+05:00,67.74188403282525,69.52010719661303,67.74188403282525,69.181396484375,6932866.0,0.0,0.0,0.0,NBP.KA,
2025-04-16 00:00:00+05:00,69.4438997847109,69.75720185969584,67.82655922325569,68.82575225830078,4784443.0,0.0,0.0,0.0,NBP.KA,
2025-04-17 00:00:00+05:00,68.48703885184287,73.58461897668478,67.75035003612686,72.3822021484375,16604549.0,0.0,0.0,0.0,NBP.KA,
2025-04-18 00:00:00+05:00,72.822519425387,75.15114650003599,72.61082605496436,73.84711456298828,6647478.0,0.0,0.0,0.0,NBP.KA,
2025-04-21 00:00:00+05:00,74.13502014651709,76.20961257125366,73.66929215221187,74.83783721923828,7460243.0,0.0,0.0,0.0,NBP.KA,
2025-04-22 00:00:00+05:00,74.83784108681594,77.2680834056923,73.64389378755561,75.90477752685547,7661659.0,0.0,0.0,0.0,NBP.KA,
2025-04-23 00:00:00+05:00,75.36284008607905,75.904774599082,71.60316374929815,72.70397186279297,4529662.0,0.0,0.0,0.0,NBP.KA,
2025-04-24 00:00:00+05:00,70.29066691531455,73.20356323261255,69.70639115900214,70.5362319946289,4136732.0,0.0,0.0,0.0,NBP.KA,
2025-04-25 00:00:00+05:00,70.53623852700512,75.3459124967696,70.53623852700512,74.38058471679688,11789895.0,0.0,0.0,0.0,NBP.KA,
2025-04-28 00:00:00+05:00,74.93945769303457,75.36284445966189,70.4515553826373,71.17131805419922,4343736.0,0.0,0.0,0.0,NBP.KA,
2025-04-29 00:00:00+05:00,70.28220063291384,73.20356662929092,69.77413782402684,71.75558471679688,5572029.0,0.0,0.0,0.0,NBP.KA,
2025-04-30 00:00:00+05:00,71.12897592713368,71.45921708425155,68.30075546148443,69.29994201660156,4446508.0,0.0,0.0,0.0,NBP.KA,
2025-05-02 00:00:00+05:00,69.70639187560502,72.39913177184998,69.70639187560502,72.03501892089844,3778342.0,0.0,0.0,0.0,NBP.KA,
2025-05-05 00:00:00+05:00,72.39913325278492,73.07655462760187,71.56929239165262,72.17897033691406,2436771.0,0.0,0.0,0.0,NBP.KA,
2025-05-06 00:00:00+05:00,72.82252021377867,73.15276135838373,71.12897323206289,71.39994049072266,1461125.0,0.0,0.0,0.0,NBP.KA,
2025-05-07 00:00:00+05:00,67.74187786027092,71.14590438018722,67.56405620613198,69.7995376586914,5078343.0,0.0,0.0,0.0,NBP.KA,
2025-05-08 00:00:00+05:00,71.04429960694605,71.29832778667756,62.82212950450969,64.10922241210938,9822959.0,0.0,0.0,0.0,NBP.KA,
2025-05-09 00:00:00+05:00,63.677363121694,67.22534607076042,63.08462426974997,66.67494201660156,3877271.0,0.0,0.0,0.0,NBP.KA,
2025-05-12 00:00:00+05:00,73.33905029296875,73.33905029296875,72.39066168679172,73.33905029296875,4101610.0,0.0,0.0,0.0,NBP.KA,
2025-05-13 00:00:00+05:00,74.4991337586242,74.854777070431,72.8225194223837,74.5753402709961,8235105.0,0.0,0.0,0.0,NBP.KA,
2025-05-14 00:00:00+05:00,74.85477614230548,75.19348682284185,72.06042110334158,73.49147033691406,2732597.0,0.0,0.0,0.0,NBP.KA,
2025-05-15 00:00:00+05:00,73.25437953507308,75.78623056863005,73.25437953507308,74.91405487060547,4633457.0,0.0,0.0,0.0,NBP.KA,
2025-05-16 00:00:00+05:00,75.36284403490721,75.95558292069695,74.27897495210921,74.49913787841797,2311053.0,0.0,0.0,0.0,NBP.KA,
2025-05-19 00:00:00+05:00,74.55840595746785,74.98179268871895,73.79630854914208,74.11808013916016,2039874.0,0.0,0.0,0.0,NBP.KA,
2025-05-20 00:00:00+05:00,74.46526224987647,74.51606659159812,73.55074533667285,74.1604232788086,1242355.0,0.0,0.0,0.0,NBP.KA,
2025-05-21 00:00:00+05:00,75.2612260115849,81.57815551757812,73.71163542352107,81.57815551757812,17684501.0,0.0,0.0,0.0,NBP.KA,
2025-05-22 00:00:00+05:00,83.83057893003159,84.63501119420236,79.59671130730273,79.90155029296875,12466012.0,0.0,0.0,0.0,NBP.KA,
2025-05-23 00:00:00+05:00,79.9100155628599,82.96686833979356,79.26646590972413,80.8160629272461,4647963.0,0.0,0.0,0.0,NBP.KA,
2025-05-26 00:00:00+05:00,79.61363932186863,80.85839736448015,77.9963053430977,79.52050018310547,1872745.0,0.0,0.0,0.0,NBP.KA,
2025-05-27 00:00:00+05:00,79.52050408668356,80.23179074002421,78.07251568741148,78.70759582519531,3760383.0,0.0,0.0,0.0,NBP.KA,
2025-05-28 00:00:00+05:00,78.70759582519531,78.70759582519531,78.70759582519531,78.70759582519531,0.0,0.0,0.0,0.0,NBP.KA,
2025-05-29 00:00:00+05:00,78.74993966219108,81.50195368264399,78.32655288981371,79.57978057861328,3057290.0,0.0,0.0,0.0,NBP.KA,
2025-05-30 00:00:00+05:00,79.68138924078607,80.95154955746291,78.9192917587061,79.94389343261719,2046754.0,0.0,0.0,0.0,NBP.KA,
2025-06-02 00:00:00+05:00,80.42654734843401,83.9152499243074,80.02009323862788,81.3918685913086,11703316.0,0.0,0.0,0.0,NBP.KA,
2025-06-03 00:00:00+05:00,81.18863846117642,82.78903981217397,80.61283223973395,82.010009765625,5775879.0,0.0,0.0,0.0,NBP.KA,
2025-06-04 00:00:00+05:00,82.29791729410424,90.21524810791016,82.29791729410424,90.21524810791016,23583480.0,0.0,0.0,0.0,NBP.KA,
2025-06-05 00:00:00+05:00,92.21363875960442,92.21363875960442,86.79428687256089,88.1575927734375,7323717.0,0.0,0.0,0.0,NBP.KA,
2025-06-06 00:00:00+05:00,88.1575927734375,88.1575927734375,88.1575927734375,88.1575927734375,0.0,0.0,0.0,0.0,NBP.KA,
2025-06-09 00:00:00+05:00,88.1575927734375,88.1575927734375,88.1575927734375,88.1575927734375,0.0,0.0,0.0,0.0,NBP.KA,
2025-06-10 00:00:00+05:00,88.15759132125339,88.86041489044983,87.2176722010917,87.64952850341797,3516743.0,0.0,0.0,0.0,NBP.KA,
2025-06-11 00:00:00+05:00,88.91121759307035,93.73782396397509,87.97129849025693,91.0874252319336,16924446.0,0.0,0.0,0.0,NBP.KA,
2025-06-12 00:00:00+05:00,91.08742678075576,92.30678271008382,88.9281517326322,89.41081237792969,4278147.0,0.0,0.0,0.0,NBP.KA,
2025-06-13 00:00:00+05:00,88.0898503359957,89.33460847350364,86.32855982223798,87.0567855834961,4282279.0,0.0,0.0,0.0,NBP.KA,
2025-06-16 00:00:00+05:00,87.0567855834961,87.0567855834961,87.0567855834961,87.0567855834961,0.0,0.0,0.0,0.0,NBP.KA,
2025-06-17 00:00:00+05:00,86.7942847137459,91.66323239280969,86.7942847137459,91.0789566040039,6459070.0,0.0,0.0,0.0,NBP.KA,
2025-06-18 00:00:00+05:00,90.59629497117172,90.60476451507647,87.85275063961853,88.28460693359375,3588698.0,0.0,0.0,0.0,NBP.KA,
2025-06-19 00:00:00+05:00,89.30920003720765,90.23218003013277,87.21766850635733,87.6241226196289,2568235.0,0.0,0.0,0.0,NBP.KA,
2025-06-20 00:00:00+05:00,88.65718289015555,89.74952148069929,87.30234658185799,87.92049407958984,2336803.0,0.0,0.0,0.0,NBP.KA,
2025-06-23 00:00:00+05:00,85.85436269565643,88.03903982646074,83.61888122332564,84.34710693359375,3754730.0,0.0,0.0,0.0,NBP.KA,
2025-06-24 00:00:00+05:00,89.67331338741936,92.2390360142787,88.48782921589812,90.63016510009766,9198491.0,0.0,0.0,0.0,NBP.KA,
2025-06-25 00:00:00+05:00,91.26524879252824,91.84952458762585,89.92734508277653,90.76565551757812,3674344.0,0.0,0.0,0.0,NBP.KA,
2025-06-26 00:00:00+05:00,90.6047629386027,91.45153642401021,88.91121596778771,89.53782653808594,2505937.0,0.0,0.0,0.0,NBP.KA,
2025-06-27 00:00:00+05:00,89.75799529126618,93.14508945320077,89.41928458299884,91.26525115966797,7180108.0,0.0,0.0,0.0,NBP.KA,
2025-06-30 00:00:00+05:00,91.96806894847481,93.14508357868503,91.02814986098764,92.03581237792969,5516035.0,0.0,0.0,0.0,NBP.KA,
2025-07-01 00:00:00+05:00,92.28984427999502,95.26202114873908,92.28984427999502,94.8640365600586,8629201.0,0.0,0.0,0.0,NBP.KA,
2025-07-02 00:00:00+05:00,95.47371123114958,101.51120390389208,95.26201785813151,99.3011245727539,14820144.0,0.0,0.0,0.0,NBP.KA,
2025-07-03 00:00:00+05:00,99.48741527797702,100.31725613862726,96.57451887284199,98.11564636230469,3854508.0,0.0,0.0,0.0,NBP.KA,
2025-07-04 00:00:00+05:00,98.2257271891259,104.24628736384065,96.95556692374927,102.0954818725586,9040003.0,0.0,0.0,0.0,NBP.KA,
2025-07-07 00:00:00+05:00,103.05233228532005,105.63499404244942,101.17250054349914,101.84144592285156,5959679.0,0.0,0.0,0.0,NBP.KA,
2025-07-08 00:00:00+05:00,102.45959395595466,104.1531409634911,99.92774298859105,102.72209167480469,5038530.0,0.0,0.0,0.0,NBP.KA,
2025-07-09 00:00:00+05:00,101.69749415199503,102.67128495081886,100.17330575678159,101.49427032470703,2570744.0,0.0,0.0,0.0,NBP.KA,
2025-07-10 00:00:00+05:00,101.49426936390628,104.53418304218003,100.7575741139539,103.62813568115234,6079527.0,0.0,0.0,0.0,NBP.KA,
2025-07-11 00:00:00+05:00,103.64507609577598,104.15313889587718,101.86685306523724,103.15394592285156,3416987.0,0.0,0.0,0.0,NBP.KA,
2025-07-14 00:00:00+05:00,103.30636659848015,107.75192745620163,102.4595931017713,106.98983001708984,12479217.0,0.0,0.0,0.0,NBP.KA,
2025-07-15 00:00:00+05:00,106.98983134299642,110.58862520897738,105.8551579443219,106.87975311279297,14920721.0,0.0,0.0,0.0,NBP.KA,
2025-07-16 00:00:00+05:00,106.87974955408416,107.54023183405158,104.15313791801846,105.65192413330078,3302965.0,0.0,0.0,0.0,NBP.KA,
2025-07-17 00:00:00+05:00,105.84669015150314,109.86040129351402,105.09306223445398,109.10677337646484,4813829.0,0.0,0.0,0.0,NBP.KA,
2025-07-18 00:00:00+05:00,109.57248359460472,109.91120074044132,105.5333769209458,105.8043441772461,6062879.0,0.0,0.0,0.0,NBP.KA,
2025-07-21 00:00:00+05:00,105.80434967214079,107.53176844340614,104.42411114811183,104.88983917236328,4005608.0,0.0,0.0,0.0,NBP.KA,
2025-07-22 00:00:00+05:00,104.60192982083436,105.66886624381253,103.72975414616242,104.90676879882812,2526723.0,0.0,0.0,0.0,NBP.KA,
2025-07-23 00:00:00+05:00,104.58499440908386,105.42329834606493,102.89991053104255,103.41644287109375,3616721.0,0.0,0.0,0.0,NBP.KA,
2025-07-24 00:00:00+05:00,104.11080009439799,104.11080009439799,101.39265791235776,103.34870910644531,5744126.0,0.0,0.0,0.0,NBP.KA,
2025-07-25 00:00:00+05:00,103.67895123939493,105.8382198263292,103.67895123939493,105.41483306884766,4544362.0,0.0,0.0,0.0,NBP.KA,
2025-07-28 00:00:00+05:00,105.71966761613062,107.10837560558429,102.67128438221694,103.16241455078125,4349903.0,0.0,0.0,0.0,NBP.KA,
2025-07-29 00:00:00+05:00,103.3148372335024,104.98298207329587,100.77451671654643,101.94306182861328,5134519.0,0.0,0.0,0.0,NBP.KA,
2025-07-30 00:00:00+05:00,101.62128981079961,104.78822090021383,101.62128981079961,103.92451477050781,4675796.0,0.0,0.0,0.0,NBP.KA,
2025-07-31 00:00:00+05:00,105.84668528726219,106.60031316967799,104.58499460754135,104.82209014892578,4814184.0,0.0,0.0,0.0,NBP.KA,
2025-08-01 00:00:00+05:00,105.63499115374476,108.38700495133732,104.79668722122757,107.2692642211914,4689578.0,0.0,0.0,0.0,NBP.KA,
2025-08-04 00:00:00+05:00,107.28620111473481,109.1067719133704,107.11684899691109,107.44709014892578,2042425.0,0.0,0.0,0.0,NBP.KA,
2025-08-05 00:00:00+05:00,107.45556102064413,108.38701060092194,106.69346356028254,107.3370132446289,2004423.0,0.0,0.0,0.0,NBP.KA,
2025-08-06 00:00:00+05:00,108.4124120563476,118.07410096031613,108.16684696183358,117.88780975341797,49133499.0,0.0,0.0,0.0,NBP.KA,
2025-08-07 00:00:00+05:00,117.68457944229945,120.24183907421991,116.51604077824368,117.10030364990234,9801594.0,0.0,0.0,0.0,NBP.KA,
2025-08-08 00:00:00+05:00,117.44748459797769,121.48659790474437,116.09265471890386,118.29425811767578,11271506.0,0.0,0.0,0.0,NBP.KA,
2025-08-11 00:00:00+05:00,119.22571228661214,120.41119002729019,117.616834871991,119.03942108154297,7605571.0,0.0,0.0,0.0,NBP.KA,
2025-08-12 00:00:00+05:00,119.05635756332876,121.76603014037678,119.05635756332876,120.04708099365234,7813600.0,0.0,0.0,0.0,NBP.KA,
2025-08-13 00:00:00+05:00,120.32651765806378,124.47570257562266,120.24183514107767,123.56964874267578,18415044.0,0.0,0.0,0.0,NBP.KA,
2025-08-15 00:00:00+05:00,124.07772357661686,126.80433536060072,123.84062802329119,124.3656234741211,7523544.0,0.0,0.0,0.0,NBP.KA,
2025-08-18 00:00:00+05:00,124.3063544200399,126.08457104672064,121.51199924012624,124.33175659179688,8755984.0,0.0,0.0,0.0,NBP.KA,
2025-08-19 00:00:00+05:00,125.53417586092559,126.16925600861998,124.2216743048761,124.89063262939453,5914435.0,0.0,0.0,0.0,NBP.KA,
2025-08-20 00:00:00+05:00,125.22087510378387,131.24989856787838,125.10232732513276,129.29385375976562,7915749.0,0.0,0.0,0.0,NBP.KA,
2025-08-21 00:00:00+05:00,129.93738858373132,130.8265033264079,124.10311979364207,126.64344024658203,8894704.0,0.0,0.0,0.0,NBP.KA,
2025-08-22 00:00:00+05:00,127.0414323235056,130.53013515035371,127.0414323235056,129.61563110351562,5695445.0,0.0,0.0,0.0,NBP.KA,
2025-08-25 00:00:00+05:00,129.97973669686206,133.7902175772261,128.30312872730872,130.60635375976562,13923011.0,0.0,0.0,0.0,NBP.KA,
2025-08-26 00:00:00+05:00,130.6063561207077,131.41925148759955,128.7180418140386,129.03135681152344,4316256.0,0.0,0.0,0.0,NBP.KA,
2025-08-27 00:00:00+05:00,129.56480849461394,129.9712690772665,125.32247791399121,125.79666900634766,6242031.0,0.0,0.0,0.0,NBP.KA,
2025-08-28 00:00:00+05:00,126.16925420018573,128.28618799549088,122.86684264780513,126.19465637207031,9467167.0,0.0,0.0,0.0,NBP.KA,
2025-08-29 00:00:00+05:00,128.70957207128484,131.03819919757453,123.62046798493205,125.68658447265625,17484156.0,0.0,0.0,0.0,NBP.KA,
2025-09-01 00:00:00+05:00,127.18538110630422,132.35070478666196,126.80433560349653,129.979736328125,13020627.0,0.0,0.0,0.0,NBP.KA,
2025-09-02 00:00:00+05:00,131.1652163180792,132.29990268265507,129.5563517586529,129.80191040039062,11155264.0,0.0,0.0,0.0,NBP.KA,
2025-09-03 00:00:00+05:00,130.3861742839708,133.612379112391,130.19988308835315,131.44464111328125,8426616.0,0.0,0.0,0.0,NBP.KA,
2025-09-04 00:00:00+05:00,132.0712666620729,133.1551357316668,130.49626740145385,132.5285186767578,5322069.0,0.0,0.0,0.0,NBP.KA,
2025-09-05 00:00:00+05:00,139.71762234025894,145.7805234773345,137.1773019340724,145.6280975341797,27408287.0,0.0,0.0,0.0,NBP.KA,
2025-09-08 00:00:00+05:00,148.1599552182082,149.03213085946538,145.08616338459566,145.4672088623047,13533432.0,0.0,0.0,0.0,NBP.KA,
2025-09-09 00:00:00+05:00,146.0684259355537,155.38293425608177,143.1131818260296,148.9897918701172,15996519.0,0.0,0.0,0.0,NBP.KA,
2025-09-10 00:00:00+05:00,149.20148412157525,152.24139780421646,148.18535853292562,150.1414031982422,4845286.0,0.0,0.0,0.0,NBP.KA,
2025-09-11 00:00:00+05:00,150.68333883748593,151.9958403213443,148.32084650313124,148.9897918701172,5277221.0,0.0,0.0,0.0,NBP.KA,
2025-09-12 00:00:00+05:00,148.98979070603866,154.11277282645008,147.16923289863672,152.99502563476562,12780318.0,0.0,0.0,0.0,NBP.KA,
2025-09-15 00:00:00+05:00,153.47769642481157,159.17647844528892,151.99584280415823,155.99261474609375,10691541.0,0.0,0.0,0.0,NBP.KA,
2025-09-16 00:00:00+05:00,157.89785812068558,158.26196452959306,154.19746200074846,155.5522918701172,4960591.0,0.0,0.0,0.0,NBP.KA,
2025-09-17 00:00:00+05:00,156.6530997637919,157.47447110432054,154.11277922708175,154.31600952148438,2841124.0,0.0,0.0,0.0,NBP.KA,
2025-09-18 00:00:00+05:00,154.95954920732166,161.52204377757707,153.94342359994585,160.6244659423828,16468540.0,0.0,0.0,0.0,NBP.KA,
2025-09-19 00:00:00+05:00,161.47971150685098,165.96761385336,159.1172190151859,160.09100341796875,8576474.0,0.0,0.0,0.0,NBP.KA,
2025-09-22 00:00:00+05:00,160.88696106208465,163.8083269814328,157.33051503328088,158.71922302246094,10584523.0,0.0,0.0,0.0,NBP.KA,
2025-09-23 00:00:00+05:00,158.71922302246094,158.71922302246094,158.71922302246094,158.71922302246094,0.0,0.0,0.0,0.0,NBP.KA,
2025-09-24 00:00:00+05:00,160.46357318523903,160.46357318523903,157.37285517608757,157.6861572265625,3473246.0,0.0,0.0,0.0,NBP.KA,
2025-09-25 00:00:00+05:00,159.08333824434413,162.3349584049544,157.68616709430606,160.3704376220703,6000608.0,0.0,0.0,0.0,NBP.KA,
2025-09-26 00:00:00+05:00,161.29341238003872,165.41720810392684,160.55672357096364,163.11398315429688,12216302.0,0.0,0.0,0.0,NBP.KA,
2025-09-29 00:00:00+05:00,164.27405457129206,171.6325181552314,163.52042669343885,169.7442169189453,13762810.0,0.0,0.0,0.0,NBP.KA,
2025-09-30 00:00:00+05:00,171.88656309624955,176.80631522649867,171.46317633225922,172.99583435058594,10930122.0,0.0,0.0,0.0,NBP.KA,
2025-10-01 00:00:00+05:00,173.58856532646408,176.97565928405362,169.77808462417585,172.9873504638672,12492878.0,0.0,0.0,0.0,NBP.KA,
2025-10-02 00:00:00+05:00,173.57162432263544,187.56032583085138,172.1067098199573,185.32484436035156,18419782.0,0.0,0.0,0.0,NBP.KA,
2025-10-03 00:00:00+05:00,185.44340493949142,187.1369520165644,182.05631078534546,183.41961669921875,8203356.0,0.0,0.0,0.0,NBP.KA,
2025-10-06 00:00:00+05:00,182.89460749363417,192.13289628495752,179.09258993989837,182.8353271484375,21902164.0,0.0,0.0,0.0,NBP.KA,
2025-10-07 00:00:00+05:00,182.8353271484375,182.8353271484375,182.8353271484375,182.8353271484375,0.0,0.0,0.0,0.0,NBP.KA,
2025-10-08 00:00:00+05:00,182.56437127160243,184.5119399797132,179.51598151160073,181.04017639160156,5507868.0,0.0,0.0,0.0,NBP.KA,
2025-10-09 00:00:00+05:00,181.6329143055538,182.05630105218683,173.58856611952694,174.24058532714844,8753367.0,0.0,0.0,0.0,NBP.KA,
2025-10-10 00:00:00+05:00,174.22365342538208,175.62082457860245,167.24623490161898,172.26760864257812,13585481.0,0.0,0.0,0.0,NBP.KA,
2025-10-13 00:00:00+05:00,169.54945120543064,172.26759977614986,163.52889121303193,167.7034912109375,14717808.0,0.0,0.0,0.0,NBP.KA,
2025-10-14 00:00:00+05:00,171.8780770356685,176.5522702544564,171.04824264460524,175.2905731201172,10872181.0,0.0,0.0,0.0,NBP.KA,
2025-10-15 00:00:00+05:00,176.04420290514526,183.41114258391428,176.04420290514526,178.3050994873047,12605213.0,0.0,0.0,0.0,NBP.KA,
2025-10-16 00:00:00+05:00,179.50752611971268,181.37888839419298,176.0442125459764,176.78091430664062,5285346.0,0.0,0.0,0.0,NBP.KA,
2025-10-17 00:00:00+05:00,176.7809009011508,176.97565518139072,172.86879868472363,173.91033935546875,4198189.0,0.0,0.0,0.0,NBP.KA,
2025-10-20 00:00:00+05:00,175.28212116516656,182.54743962192154,175.28212116516656,181.03170776367188,13019679.0,0.0,0.0,0.0,NBP.KA,
2025-10-21 00:00:00+05:00,182.93693994037923,186.29016866140938,182.7337225711119,183.4873504638672,9645897.0,0.0,0.0,0.0,NBP.KA,
2025-10-22 00:00:00+05:00,184.17323037609603,184.5966171125928,181.2264623078851,182.20870971679688,3932944.0,0.0,0.0,0.0,NBP.KA,
2025-10-23 00:00:00+05:00,182.47969501509087,182.81839925749628,174.26599438974262,177.3651885986328,8338578.0,0.0,0.0,0.0,NBP.KA,
2025-10-24 00:00:00+05:00,176.12889228816698,177.39905256909125,172.96195466959657,173.58010864257812,2835333.0,0.0,0.0,0.0,NBP.KA,
2025-10-27 00:00:00+05:00,175.18896556347124,175.79018042215202,171.59864134034686,174.1389617919922,3672060.0,0.0,0.0,0.0,NBP.KA,
2025-10-28 00:00:00+05:00,174.43534539636929,176.07808809509015,169.43938678874926,170.66720581054688,3806323.0,0.0,0.0,0.0,NBP.KA,
2025-10-29 00:00:00+05:00,176.97565890108746,180.2780703342958,173.1651782070449,174.6046905517578,11595575.0,0.0,0.0,0.0,NBP.KA,
2025-10-30 00:00:00+05:00,176.95871650030927,181.6329096819593,175.02807401846775,179.57525634765625,10314154.0,0.0,0.0,0.0,NBP.KA,
2025-10-31 00:00:00+05:00,184.51194632108042,190.32928923628782,182.05630826166043,187.84823608398438,13992406.0,0.0,0.0,0.0,NBP.KA,
2025-11-03 00:00:00+05:00,191.26072068049396,198.06031065168503,189.72806275792675,193.7587127685547,13502439.0,0.0,0.0,0.0,NBP.KA,
2025-11-04 00:00:00+05:00,193.73330867863245,193.73330867863245,188.8304956646615,189.62646484375,5220323.0,0.0,0.0,0.0,NBP.KA,
2025-11-05 00:00:00+05:00,187.96678316977486,191.15912297187387,185.52808420766448,187.44178771972656,6721567.0,0.0,0.0,0.0,NBP.KA,
2025-11-06 00:00:00+05:00,187.7296794856545,188.36475960091093,181.54823044634426,185.528076171875,6111113.0,0.0,0.0,0.0,NBP.KA,
2025-11-07 00:00:00+05:00,185.44339682777294,190.52403783675302,184.6813058447212,188.5087127685547,6294064.0,0.0,0.0,0.0,NBP.KA,
2025-11-10 00:00:00+05:00,190.5240359722368,194.33451669168153,187.34863537269953,189.25387573242188,11663547.0,0.0,0.0,0.0,NBP.KA,
2025-11-11 00:00:00+05:00,190.43936299224796,190.5240455141053,180.4474456085437,181.4974365234375,9486021.0,0.0,0.0,0.0,NBP.KA,
2025-11-12 00:00:00+05:00,181.6329223345375,184.17324292662894,179.26195386443777,180.46437072753906,5114640.0,0.0,0.0,0.0,NBP.KA,
2025-11-13 00:00:00+05:00,182.06476058865263,183.57201634364256,180.88774597277313,182.0054931640625,3037380.0,0.0,0.0,0.0,NBP.KA,
2025-11-14 00:00:00+05:00,182.81839993082983,185.02001627678962,181.30268099748596,184.16477966308594,2159666.0,0.0,0.0,0.0,NBP.KA,
2025-11-17 00:00:00+05:00,184.0885579357334,188.40710805265138,183.42807562430903,184.2240447998047,3947530.0,0.0,0.0,0.0,NBP.KA,
2025-11-18 00:00:00+05:00,185.7990384982649,185.7990384982649,181.25186897023679,182.75912475585938,2038631.0,0.0,0.0,0.0,NBP.KA,
2025-11-19 00:00:00+05:00,182.94542463114908,184.51194791683105,181.21799938592704,181.7176055908203,2041511.0,0.0,0.0,0.0,NBP.KA,
2025-11-20 00:00:00+05:00,182.73372824766528,183.11477374761668,181.21799641085758,181.37042236328125,1229222.0,0.0,0.0,0.0,NBP.KA,
2025-11-21 00:00:00+05:00,182.05630615080332,182.26799953004843,179.93090927464817,180.96397399902344,4448638.0,0.0,0.0,0.0,NBP.KA,
2025-11-24 00:00:00+05:00,181.0401840030945,181.59905763604797,178.33051128069113,178.96559143066406,2181349.0,0.0,0.0,0.0,NBP.KA,
2025-11-25 00:00:00+05:00,179.17728644267825,180.36276423177466,176.603087642442,176.92486572265625,2002334.0,0.0,0.0,0.0,NBP.KA,
2025-11-26 00:00:00+05:00,177.39905166435972,183.74985303659216,172.7417973247226,183.08937072753906,7211634.0,0.0,0.0,0.0,NBP.KA,
2025-11-27 00:00:00+05:00,184.50347264666868,184.50347264666868,181.43815679024573,183.2417755126953,4357452.0,0.0,0.0,0.0,NBP.KA,
2025-11-28 00:00:00+05:00,183.7413903526252,185.17242674486116,181.6329196409912,182.20025634765625,6126894.0,0.0,0.0,0.0,NBP.KA,
2025-12-01 00:00:00+05:00,182.90308426674213,183.72445563252504,178.0341364216784,179.21115112304688,10011543.0,0.0,0.0,0.0,NBP.KA,
2025-12-02 00:00:00+05:00,180.26960711379664,184.15629431778723,179.51597922726643,182.55589294433594,10686674.0,0.0,0.0,0.0,NBP.KA,
2025-12-03 00:00:00+05:00,182.903082861907,184.59662992544315,179.05026070821444,183.27566528320312,19075816.0,0.0,0.0,0.0,NBP.KA,
2025-12-04 00:00:00+05:00,184.50347084663522,184.59661644515722,182.0562960353615,182.5897674560547,3328366.0,0.0,0.0,0.0,NBP.KA,
2025-12-05 00:00:00+05:00,184.08854790718823,184.29177819222383,180.79459961323747,181.53976440429688,4353297.0,0.0,0.0,0.0,NBP.KA,
2025-12-08 00:00:00+05:00,181.94621238006647,187.13693791478227,181.2942061074575,186.41717529296875,10121873.0,0.0,0.0,0.0,NBP.KA,
2025-12-09 00:00:00+05:00,187.72968438978947,188.7458100165968,184.59662499015923,185.13009643554688,4943945.0,0.0,0.0,0.0,NBP.KA,
2025-12-10 00:00:00+05:00,185.78209862072228,186.7982371457668,183.32646066692018,183.74984741210938,3336961.0,0.0,0.0,0.0,NBP.KA,
2025-12-11 00:00:00+05:00,184.59662914166125,185.94299595047866,182.5643778423421,183.5381622314453,3964266.0,0.0,0.0,0.0,NBP.KA,
2025-12-12 00:00:00+05:00,184.17323267490656,186.54420101302998,182.9030724495624,184.33412170410156,3380475.0,0.0,0.0,0.0,NBP.KA,
2025-12-15 00:00:00+05:00,186.2901637917568,189.33855345846248,184.59661684819537,188.2546844482422,10923697.0,0.0,0.0,0.0,NBP.KA,
2025-12-16 00:00:00+05:00,187.89903330354477,193.91113028414316,187.1369423266185,190.5494384765625,8249477.0,0.0,0.0,0.0,NBP.KA,
2025-12-17 00:00:00+05:00,191.28613058374995,203.14095971402278,190.7357329709969,200.71072387695312,24777802.0,0.0,0.0,0.0,NBP.KA,
2025-12-18 00:00:00+05:00,202.37887353385088,206.61274118100255,200.710728647214,202.55670166015625,12591259.0,0.0,0.0,0.0,NBP.KA,
2025-12-19 00:00:00+05:00,202.79378673624453,204.91072045043697,200.68531610544318,201.37120056152344,3822079.0,0.0,0.0,0.0,NBP.KA,
2025-12-22 00:00:00+05:00,201.6167732450883,202.35346204714597,199.75386122950184,200.21958923339844,2684684.0,0.0,0.0,0.0,NBP.KA,
2025-12-23 00:00:00+05:00,200.17725314398172,204.07241646894576,200.17725314398172,201.90467834472656,4165719.0,0.0,0.0,0.0,NBP.KA,
2025-12-24 00:00:00+05:00,203.64056466491544,204.83450548600828,201.7437873641498,204.04701232910156,1644683.0,0.0,0.0,0.0,NBP.KA,
2025-12-26 00:00:00+05:00,204.07241067669014,210.80425732440844,204.07241067669014,209.05990600585938,11934979.0,0.0,0.0,0.0,NBP.KA,
2025-12-29 00:00:00+05:00,209.99982843314086,212.11676218750722,207.40022758082463,208.4586944580078,6396615.0,0.0,0.0,0.0,NBP.KA,
2025-12-30 00:00:00+05:00,209.23774347528897,210.29621038295284,207.88290066518377,208.42483520507812,4136612.0,0.0,0.0,0.0,NBP.KA,
2025-12-31 00:00:00+05:00,208.73812494025307,209.53409407509866,203.22563426235237,205.07159423828125,6550359.0,0.0,0.0,0.0,NBP.KA,
2026-01-01 00:00:00+05:00,205.07159423828125,205.07159423828125,205.07159423828125,205.07159423828125,0.0,0.0,0.0,0.0,NBP.KA,
2026-01-02 00:00:00+05:00,207.45951394861268,209.35629129903734,205.77442997976826,208.48411560058594,4487022.0,0.0,0.0,0.0,NBP.KA,
2026-01-05 00:00:00+05:00,208.81434874727134,215.29216080679103,208.72966622959288,212.05747985839844,12465731.0,0.0,0.0,0.0,NBP.KA,
2026-01-06 00:00:00+05:00,212.95507825930525,219.73772953689735,210.42322077040075,217.9510498046875,14845107.0,0.0,0.0,0.0,NBP.KA,
2026-01-07 00:00:00+05:00,220.24579599831225,223.87846160632398,218.5098947909981,220.29660034179688,10710266.0,0.0,0.0,0.0,NBP.KA,
2026-01-08 00:00:00+05:00,220.56756979551423,230.0683694652558,219.22965319906373,224.68287658691406,15594730.0,0.0,0.0,0.0,NBP.KA,
2026-01-09 00:00:00+05:00,224.68287103339077,225.4957663347829,219.2974041296388,221.0332794189453,6361332.0,0.0,0.0,0.0,NBP.KA,
2026-01-12 00:00:00+05:00,220.3728105232852,225.11474744539584,219.31434361395148,220.26272583007812,6733309.0,0.0,0.0,0.0,NBP.KA,
2026-01-13 00:00:00+05:00,220.2627250961521,236.07199817153364,216.01193130536348,231.7957763671875,26623257.0,0.0,0.0,0.0,NBP.KA,
2026-01-14 00:00:00+05:00,233.7094950738498,237.94336273823114,226.93530681083968,228.3748321533203,13066512.0,0.0,0.0,0.0,NBP.KA,
2026-01-15 00:00:00+05:00,230.32239749663455,231.2961818765786,225.24175637538525,226.5542449951172,6803971.0,0.0,0.0,0.0,NBP.KA,
2026-01-16 00:00:00+05:00,228.63731787835056,234.04818703180558,228.62884187419397,231.41473388671875,23508115.0,0.0,0.0,0.0,NBP.KA,
2026-01-19 00:00:00+05:00,231.93125588539414,233.07440527575034,229.57722659510557,230.34779357910156,5932044.0,0.0,0.0,0.0,NBP.KA,
2026-01-20 00:00:00+05:00,231.16917346236642,232.7357096596193,229.09456797931833,231.49095153808594,4252149.0,0.0,0.0,0.0,NBP.KA,
2026-01-21 00:00:00+05:00,232.87118372485978,237.943348616487,231.33852578863392,233.33689880371094,13690921.0,0.0,0.0,0.0,NBP.KA,
2026-01-22 00:00:00+05:00,232.0159431596236,234.7256287447939,230.74578288685194,232.8627166748047,6776929.0,0.0,0.0,0.0,NBP.KA,
2026-01-23 00:00:00+05:00,233.23529728920442,234.14135114541173,226.93530031754838,229.11996459960938,8500667.0,0.0,0.0,0.0,NBP.KA,
2026-01-26 00:00:00+05:00,231.06756374871773,231.06756374871773,225.28408609893518,228.94215393066406,6233190.0,0.0,0.0,0.0,NBP.KA,
2026-01-27 00:00:00+05:00,231.58407350805243,233.75181157510835,228.54415977996598,229.85667419433594,9865284.0,0.0,0.0,0.0,NBP.KA,
2026-01-28 00:00:00+05:00,231.04215409811079,232.87118795477204,228.79820949670108,230.40707397460938,4147626.0,0.0,0.0,0.0,NBP.KA,
2026-01-29 00:00:00+05:00,230.74578126247368,231.11836367384865,221.00788590644268,226.26634216308594,9217187.0,0.0,0.0,0.0,NBP.KA,
2026-01-30 00:00:00+05:00,227.7820750634897,230.32239560323123,226.21553889568708,227.29940795898438,6338753.0,0.0,0.0,0.0,NBP.KA,
2026-02-02 00:00:00+05:00,227.2994036898193,232.82038343104034,225.45344366756595,231.68568420410156,5143429.0,0.0,0.0,0.0,NBP.KA,
2026-02-03 00:00:00+05:00,232.44780330023636,237.9433550825137,232.44780330023636,235.3861083984375,10569114.0,0.0,0.0,0.0,NBP.KA,
2026-02-04 00:00:00+05:00,236.16512928878913,243.7014084398485,234.55626477093014,242.5328826904297,14596819.0,0.0,0.0,0.0,NBP.KA,
2026-02-06 00:00:00+05:00,242.17722514056234,242.17722514056234,218.2812755283485,223.10789489746094,51241717.0,0.0,0.0,0.0,NBP.KA,
2026-02-09 00:00:00+05:00,224.3949784584488,228.213935229033,207.45950838611304,225.3348846435547,40712423.0,0.0,0.0,0.0,NBP.KA,
2026-02-10 00:00:00+05:00,226.34255310744868,226.89297657239487,220.2542493896904,223.455078125,9313545.0,0.0,0.0,0.0,NBP.KA,
2026-02-11 00:00:00+05:00,224.1832852714167,226.9352991604898,221.8546581345087,224.0562744140625,8692146.0,0.0,0.0,0.0,NBP.KA,
2026-02-12 00:00:00+05:00,222.87924687849286,224.18328531100508,216.77401714680755,219.568359375,4886474.0,0.0,0.0,0.0,NBP.KA,
2026-02-13 00:00:00+05:00,218.89942510019748,225.5720043948959,218.55224486525768,223.34498596191406,10296602.0,0.0,0.0,0.0,NBP.KA,
2026-02-16 00:00:00+05:00,223.92925839803397,223.92925839803397,208.7720052672594,214.36070251464844,12863816.0,0.0,0.0,0.0,NBP.KA,
2026-02-17 00:00:00+05:00,215.92723915074816,216.77401263761385,200.32120998976796,208.49256896972656,13247173.0,0.0,0.0,0.0,NBP.KA,
2026-02-18 00:00:00+05:00,211.6933805684543,228.45948597288503,211.26999380731738,226.63047790527344,21668608.0,0.0,0.0,0.0,NBP.KA,
2026-02-19 00:00:00+05:00,226.6812747875998,229.47561698253085,218.04417480812435,220.57601928710938,13901568.0,0.0,0.0,0.0,NBP.KA,
2026-02-20 00:00:00+05:00,223.97159380328557,225.6651408263728,216.77401895516488,223.37039184570312,5367393.0,0.0,0.0,0.0,NBP.KA,
2026-02-23 00:00:00+05:00,220.25423990871658,229.0522288668836,205.77442099341928,212.48086547851562,12721847.0,0.0,0.0,0.0,NBP.KA,
2026-02-24 00:00:00+05:00,210.82120191132938,216.77401865559546,200.6937850421384,212.76878356933594,17165194.0,0.0,0.0,0.0,NBP.KA,
2026-02-25 00:00:00+05:00,228.49335669992286,229.22159534290398,220.24579113114024,222.15103149414062,27953901.0,0.0,0.0,0.0,NBP.KA,
2026-02-26 00:00:00+05:00,223.12481313196676,225.58045106834976,219.41594113578216,223.04013061523438,10622701.0,0.0,0.0,0.0,NBP.KA,
2026-02-27 00:00:00+05:00,221.01635949834838,223.54820399400805,214.23369549425772,221.4481964111328,5210048.0,0.0,0.0,0.0,NBP.KA,
2026-03-02 00:00:00+05:00,199.33047230819884,211.26998356153464,199.3050701374216,199.669189453125,20216472.0,0.0,0.0,0.0,NBP.KA,
2026-03-03 00:00:00+05:00,203.22564031093134,217.5361073145308,201.53209330834025,214.34378051757812,13248340.0,0.0,0.0,0.0,NBP.KA,
2026-03-04 00:00:00+05:00,215.93569949426333,215.93569949426333,206.6127281736319,207.9844970703125,10096711.0,0.0,0.0,0.0,NBP.KA,
2026-03-05 00:00:00+05:00,208.94136475475318,213.7933733762361,208.3062846187205,212.28611755371094,5082589.0,0.0,0.0,0.0,NBP.KA,
2026-03-06 00:00:00+05:00,212.6671549036225,213.3869175318465,208.3486178964922,211.1006317138672,3970229.0,0.0,0.0,0.0,NBP.KA,
2026-03-09 00:00:00+05:00,207.45950298819363,207.45950298819363,189.99056192847002,190.26153564453125,21087231.0,0.0,0.0,0.0,NBP.KA,
2026-03-10 00:00:00+05:00,203.22564207830806,207.78128768953306,198.187342285931,203.56434631347656,10829464.0,0.0,0.0,0.0,NBP.KA,
2026-03-11 00:00:00+05:00,204.91919377130714,209.2377439323037,201.5320996593847,207.59500122070312,11579646.0,0.0,0.0,0.0,NBP.KA,
2026-03-12 00:00:00+05:00,205.7659587997045,209.1530527717161,204.080874897163,206.45184326171875,6160333.0,0.0,0.0,0.0,NBP.KA,
2026-03-13 00:00:00+05:00,205.76596591984304,207.8744366418456,203.9030667549222,205.99459838867188,3852296.0,0.0,0.0,0.0,NBP.KA,
2026-03-16 00:00:00+05:00,206.62119371793744,210.00828766276598,190.94742113970904,193.4199981689453,17860551.0,0.0,0.0,0.0,NBP.KA,
2026-03-17 00:00:00+05:00,193.0,198.49000549316406,177.0,190.0,11350598.0,35.0,0.0,0.0,NBP.KA,
2026-03-18 00:00:00+05:00,191.0,192.5500030517578,178.0,184.57000732421875,10889865.0,0.0,0.0,0.0,NBP.KA,
2026-03-19 00:00:00+05:00,181.0,184.0,176.0,181.32000732421875,10064378.0,0.0,0.0,0.0,NBP.KA,
2026-03-20 00:00:00+05:00,181.32000732421875,181.32000732421875,181.32000732421875,181.32000732421875,0.0,0.0,0.0,0.0,NBP.KA,
2026-03-23 00:00:00+05:00,181.32000732421875,181.32000732421875,181.32000732421875,181.32000732421875,0.0,0.0,0.0,0.0,NBP.KA,
2026-03-24 00:00:00+05:00,185.25,187.25,177.19000244140625,178.36000061035156,6691524.0,0.0,0.0,0.0,NBP.KA,
2026-03-25 00:00:00+05:00,179.0500030517578,184.97999572753906,178.50999450683594,184.1199951171875,11799920.0,0.0,0.0,0.0,NBP.KA,
2026-03-26 00:00:00+05:00,182.0,183.0,172.5,174.86000061035156,4329430.0,0.0,0.0,0.0,NBP.KA,
2026-03-27 00:00:00+05:00,175.0,175.5,167.2100067138672,168.55999755859375,4648140.0,0.0,0.0,0.0,NBP.KA,
2021-03-29 00:00:00+05:00,33.46663409760446,34.29778205156294,33.09210161286985,33.482025146484375,260305.0,0.0,0.0,0.0,BAHL.KA,
2021-03-30 00:00:00+05:00,33.856551826713535,33.856551826713535,33.35375932461526,33.584632873535156,208250.0,0.0,0.0,0.0,BAHL.KA,
2021-03-31 00:00:00+05:00,33.856557418364524,34.11821702084582,33.22036920450777,33.36915588378906,1023007.0,0.0,0.0,0.0,BAHL.KA,
2021-04-01 00:00:00+05:00,33.600028310017336,33.8565562486799,32.73809623669174,32.94331741333008,428277.0,0.0,0.0,0.0,BAHL.KA,
2021-04-02 00:00:00+05:00,33.179316228545915,33.70263531419112,32.8458291899375,32.958702087402344,103023.0,0.0,0.0,0.0,BAHL.KA,
2021-04-05 00:00:00+05:00,33.09210368499404,33.09210368499404,32.32251987836627,32.45591354370117,403217.0,0.0,0.0,0.0,BAHL.KA,
2021-04-06 00:00:00+05:00,32.271218478698906,33.27167596713997,32.271218478698906,33.06132507324219,269173.0,0.0,0.0,0.0,BAHL.KA,
2021-04-07 00:00:00+05:00,32.84070663037866,33.33837143989427,31.296407398793303,31.640153884887695,1887672.0,0.0,0.0,0.0,BAHL.KA,
2021-04-08 00:00:00+05:00,32.06598798045629,32.57904378814359,31.963376427488313,32.54825973510742,222176.0,0.0,0.0,0.0,BAHL.KA,
2021-04-09 00:00:00+05:00,32.42513314640321,32.732965902355076,31.865902139273423,32.34304428100586,280401.0,0.0,0.0,0.0,BAHL.KA,
2021-04-12 00:00:00+05:00,32.3276463545239,32.80992007786386,32.255818852873944,32.281471252441406,295412.0,0.0,0.0,0.0,BAHL.KA,
2021-04-13 00:00:00+05:00,32.29686647980915,32.93818434172665,32.29686647980915,32.8150520324707,179796.0,0.0,0.0,0.0,BAHL.KA,
2021-04-14 00:00:00+05:00,32.83557996209747,33.348635899005245,32.57905199364358,33.30759048461914,291304.0,0.0,0.0,0.0,BAHL.KA,
2021-04-15 00:00:00+05:00,33.292192285187774,33.292192285187774,32.835572912517506,32.87148666381836,11130.0,0.0,0.0,0.0,BAHL.KA,
2021-04-16 00:00:00+05:00,32.87149057895097,33.3332416608908,32.87149057895097,33.03053665161133,10797.0,0.0,0.0,0.0,BAHL.KA,
2021-04-19 00:00:00+05:00,32.94331110233428,32.94331110233428,32.27120928437166,32.60469436645508,96055.0,0.0,0.0,0.0,BAHL.KA,
2021-04-20 00:00:00+05:00,32.96384240949194,33.092106387738994,32.83044873326232,33.06645202636719,89883.0,0.0,0.0,0.0,BAHL.KA,
2021-04-21 00:00:00+05:00,32.963836350208226,33.322973857562324,32.83557239553816,32.89714050292969,379672.0,0.0,0.0,0.0,BAHL.KA,
2021-04-22 00:00:00+05:00,32.90227107356608,33.75907733934954,32.845834615511315,33.15367126464844,411829.0,0.0,0.0,0.0,BAHL.KA,
2021-04-23 00:00:00+05:00,33.34862359362824,33.34862359362824,32.78426305413547,32.8560905456543,334555.0,0.0,0.0,0.0,BAHL.KA,
2021-04-26 00:00:00+05:00,33.31271700023113,34.37474246919986,32.327648735633126,34.11308288574219,746985.0,0.0,0.0,0.0,BAHL.KA,
2021-04-27 00:00:00+05:00,33.866820501237235,35.26746089332357,33.37428731500752,34.03099822998047,1348572.0,0.0,0.0,0.0,BAHL.KA,
2021-04-28 00:00:00+05:00,34.036126952676966,34.574837220134654,33.91299463114312,34.184913635253906,148771.0,0.0,0.0,0.0,BAHL.KA,
2021-04-29 00:00:00+05:00,33.47689929832083,34.16952401818349,33.04080254242997,33.379417419433594,210714.0,0.0,0.0,0.0,BAHL.KA,
2021-04-30 00:00:00+05:00,33.487151116608445,34.16438463166718,33.487151116608445,33.94890213012695,390500.0,0.0,0.0,0.0,BAHL.KA,
2021-05-03 00:00:00+05:00,33.14340960966544,34.37474452475669,33.0972364585736,33.964298248291016,394614.0,0.0,0.0,0.0,BAHL.KA,
2021-05-04 00:00:00+05:00,33.77959274894867,34.57996247658434,33.348627746172326,34.15412521362305,522898.0,0.0,0.0,0.0,BAHL.KA,
2021-05-05 00:00:00+05:00,34.45169351945941,34.88779011301112,34.37473437605507,34.549171447753906,187552.0,0.0,0.0,0.0,BAHL.KA,
2021-05-06 00:00:00+05:00,35.40085670951802,35.40085670951802,34.436313037307336,34.918582916259766,881713.0,0.0,0.0,0.0,BAHL.KA,
2021-05-07 00:00:00+05:00,34.918582916259766,34.918582916259766,34.918582916259766,34.918582916259766,0.0,0.0,0.0,0.0,BAHL.KA,
2021-05-10 00:00:00+05:00,34.918582916259766,34.918582916259766,34.918582916259766,34.918582916259766,0.0,0.0,0.0,0.0,BAHL.KA,
2021-05-11 00:00:00+05:00,34.918582916259766,34.918582916259766,34.918582916259766,34.918582916259766,0.0,0.0,0.0,0.0,BAHL.KA,
2021-05-12 00:00:00+05:00,34.918582916259766,34.918582916259766,34.918582916259766,34.918582916259766,0.0,0.0,0.0,0.0,BAHL.KA,
2021-05-13 00:00:00+05:00,34.918582916259766,34.918582916259766,34.918582916259766,34.918582916259766,0.0,0.0,0.0,0.0,BAHL.KA,
2021-05-14 00:00:00+05:00,34.918582916259766,34.918582916259766,34.918582916259766,34.918582916259766,0.0,0.0,0.0,0.0,BAHL.KA,
2021-05-17 00:00:00+05:00,35.14433103414025,35.400858997893096,34.564579245209,34.83649826049805,207830.0,0.0,0.0,0.0,BAHL.KA,
2021-05-18 00:00:00+05:00,34.86214364616594,34.86214364616594,33.912991100962394,34.04638671875,588761.0,0.0,0.0,0.0,BAHL.KA,
2021-05-19 00:00:00+05:00,33.8668202912174,34.11821658054209,33.8668202912174,33.964298248291016,231257.0,0.0,0.0,0.0,BAHL.KA,
2021-05-20 00:00:00+05:00,34.36961286986678,34.36961286986678,33.861688636327486,33.964298248291016,187260.0,0.0,0.0,0.0,BAHL.KA,
2021-05-21 00:00:00+05:00,34.37474023198783,34.60561378722682,33.979688969526485,34.354217529296875,173845.0,0.0,0.0,0.0,BAHL.KA,
2021-05-24 00:00:00+05:00,34.374743016675616,34.887798882596144,34.20543364148849,34.81597137451172,1078718.0,0.0,0.0,0.0,BAHL.KA,
2021-05-25 00:00:00+05:00,34.88779713453362,35.4778121336405,34.220822976533604,35.23667526245117,1031162.0,0.0,0.0,0.0,BAHL.KA,
2021-05-26 00:00:00+05:00,35.529118383387534,35.96521508248857,34.99040816347675,35.93443298339844,1108346.0,0.0,0.0,0.0,BAHL.KA,
2021-05-27 00:00:00+05:00,35.91390789001385,36.99132434385321,35.40085206301366,36.06269454956055,1266608.0,0.0,0.0,0.0,BAHL.KA,
2021-05-28 00:00:00+05:00,36.16531104804729,37.65830566828453,36.16018330709896,37.478736877441406,2396180.0,0.0,0.0,0.0,BAHL.KA,
2021-05-31 00:00:00+05:00,37.47873098425385,38.37657871159718,37.196548704223765,37.67369079589844,2389922.0,0.0,0.0,0.0,BAHL.KA,
2021-06-01 00:00:00+05:00,37.67368765275751,38.094393253326416,37.06828165054321,37.966129302978516,7327304.0,0.0,0.0,0.0,BAHL.KA,
2021-06-02 00:00:00+05:00,37.9661350493371,38.535627388221606,37.961003394541045,38.06874465942383,7060423.0,0.0,0.0,0.0,BAHL.KA,
2021-06-03 00:00:00+05:00,38.00204002830954,38.22265416192371,37.478724874829666,37.55055236816406,289548.0,0.0,0.0,0.0,BAHL.KA,
2021-06-04 00:00:00+05:00,37.960996705941454,37.960996705941454,36.45261534904847,36.78609848022461,412827.0,0.0,0.0,0.0,BAHL.KA,
2021-06-07 00:00:00+05:00,36.94002020953202,37.45307604577552,36.69888334020871,36.970802307128906,281618.0,0.0,0.0,0.0,BAHL.KA,
2021-06-08 00:00:00+05:00,37.401774893061365,37.401774893061365,36.49366378232511,37.222206115722656,87712.0,0.0,0.0,0.0,BAHL.KA,
2021-06-09 00:00:00+05:00,37.222203111208266,37.335072109063596,36.7347977099963,36.85280227661133,120860.0,0.0,0.0,0.0,BAHL.KA,
2021-06-10 00:00:00+05:00,36.78609880024623,37.48385499201988,36.78609880024623,37.42229080200195,196826.0,0.0,0.0,0.0,BAHL.KA,
2021-06-11 00:00:00+05:00,37.01698344058843,37.581344139688454,37.01698344058843,37.40177536010742,127418.0,0.0,0.0,0.0,BAHL.KA,
2021-06-14 00:00:00+05:00,37.966124628549636,37.966124628549636,37.2068004136846,37.30941390991211,282253.0,0.0,0.0,0.0,BAHL.KA,
2021-06-15 00:00:00+05:00,37.20167937953706,37.42742128331424,37.04262941029467,37.15550231933594,215497.0,0.0,0.0,0.0,BAHL.KA,
2021-06-16 00:00:00+05:00,37.45307638234105,37.45307638234105,37.042630143935696,37.19654846191406,162661.0,0.0,0.0,0.0,BAHL.KA,
2021-06-17 00:00:00+05:00,37.04263687133788,37.370992355973435,36.99133206079598,37.04263687133789,127837.0,0.0,0.0,0.0,BAHL.KA,
2021-06-18 00:00:00+05:00,37.35047466308685,37.442824890504234,36.442363441098216,37.10420608520508,52013.0,0.0,0.0,0.0,BAHL.KA,
2021-06-21 00:00:00+05:00,37.104197110275614,37.104197110275614,36.35000442117887,36.72453689575195,71427.0,0.0,0.0,0.0,BAHL.KA,
2021-06-22 00:00:00+05:00,36.68349367028113,36.9348899434845,36.42696574251693,36.52957534790039,109031.0,0.0,0.0,0.0,BAHL.KA,
2021-06-23 00:00:00+05:00,36.68350037698441,36.68350037698441,36.17044442765596,36.216617584228516,271463.0,0.0,0.0,0.0,BAHL.KA,
2021-06-24 00:00:00+05:00,36.63218752696657,36.63218752696657,36.06782688940025,36.1499137878418,104302.0,0.0,0.0,0.0,BAHL.KA,
2021-06-25 00:00:00+05:00,35.91904064348633,36.42183317732204,35.91904064348633,36.124263763427734,125194.0,0.0,0.0,0.0,BAHL.KA,
2021-06-28 00:00:00+05:00,37.37611924150411,37.37611924150411,35.452159734415986,35.90877914428711,261469.0,0.0,0.0,0.0,BAHL.KA,
2021-06-29 00:00:00+05:00,36.678357193212214,37.24784943111577,35.683031626081295,35.9652099609375,830420.0,0.0,0.0,0.0,BAHL.KA,
2021-06-30 00:00:00+05:00,35.90364781001559,36.40130866468409,35.657379295464835,35.9754753112793,1103995.0,0.0,0.0,0.0,BAHL.KA,
2021-07-01 00:00:00+05:00,36.39618420449751,36.401311944831804,35.91391044029293,36.047306060791016,156002.0,0.0,0.0,0.0,BAHL.KA,
2021-07-02 00:00:00+05:00,36.04730543677291,36.319224413396164,35.934432522482766,36.165306091308594,44797.0,0.0,0.0,0.0,BAHL.KA,
2021-07-05 00:00:00+05:00,35.9139098012701,36.02165106095725,35.65738187411817,35.75486373901367,235939.0,0.0,0.0,0.0,BAHL.KA,
2021-07-06 00:00:00+05:00,35.91391079897826,36.03704311142632,35.75999247268896,35.90877914428711,138987.0,0.0,0.0,0.0,BAHL.KA,
2021-07-07 00:00:00+05:00,35.913915489830394,36.170443457614894,35.411118950678066,35.53938293457031,137133.0,0.0,0.0,0.0,BAHL.KA,
2021-07-08 00:00:00+05:00,35.4008557066571,35.91391158646372,35.4008557066571,35.90365219116211,204494.0,0.0,0.0,0.0,BAHL.KA,
2021-07-09 00:00:00+05:00,35.48807783425793,35.91391519673844,35.48807783425793,35.83695602416992,1089088.0,0.0,0.0,0.0,BAHL.KA,
2021-07-12 00:00:00+05:00,35.467546423988104,35.90364699009399,34.96475392662426,35.36493682861328,260550.0,0.0,0.0,0.0,BAHL.KA,
2021-07-13 00:00:00+05:00,35.41624567068086,35.91391048512072,35.400854621047564,35.84208297729492,1066972.0,0.0,0.0,0.0,BAHL.KA,
2021-07-14 00:00:00+05:00,35.883119630393566,35.91390172214935,35.657373852705426,35.7805061340332,75319.0,0.0,0.0,0.0,BAHL.KA,
2021-07-15 00:00:00+05:00,35.913909912109375,35.913909912109375,35.713818441457775,35.913909912109375,234199.0,0.0,0.0,0.0,BAHL.KA,
2021-07-16 00:00:00+05:00,35.7240851256732,36.01652686662859,35.70869407314497,35.84722137451172,181799.0,0.0,0.0,0.0,BAHL.KA,
2021-07-19 00:00:00+05:00,35.84722137451172,35.84722137451172,35.84722137451172,35.84722137451172,0.0,0.0,0.0,0.0,BAHL.KA,
2021-07-20 00:00:00+05:00,35.84722137451172,35.84722137451172,35.84722137451172,35.84722137451172,0.0,0.0,0.0,0.0,BAHL.KA,
2021-07-21 00:00:00+05:00,35.84722137451172,35.84722137451172,35.84722137451172,35.84722137451172,0.0,0.0,0.0,0.0,BAHL.KA,
2021-07-22 00:00:00+05:00,35.84722137451172,35.84722137451172,35.84722137451172,35.84722137451172,0.0,0.0,0.0,0.0,BAHL.KA,
2021-07-23 00:00:00+05:00,35.84722137451172,35.84722137451172,35.84722137451172,35.84722137451172,0.0,0.0,0.0,0.0,BAHL.KA,
2021-07-26 00:00:00+05:00,35.66251028747834,35.883124441350695,35.65737863339614,35.68303298950195,63833.0,0.0,0.0,0.0,BAHL.KA,
2021-07-27 00:00:00+05:00,35.86260672686398,36.22174427646075,35.68816569255575,35.949825286865234,283991.0,0.0,0.0,0.0,BAHL.KA,
2021-07-28 00:00:00+05:00,36.119132145643526,36.119132145643526,35.672772152891,35.91904067993164,286247.0,0.0,0.0,0.0,BAHL.KA,
2021-07-29 00:00:00+05:00,35.66251214336695,36.273045924544775,35.657380489017704,36.03704071044922,453705.0,0.0,0.0,0.0,BAHL.KA,
2021-07-30 00:00:00+05:00,36.26793053260639,36.2730582743961,35.70869744729803,35.87287521362305,96814.0,0.0,0.0,0.0,BAHL.KA,
2021-08-02 00:00:00+05:00,35.65737762117125,36.216606556795135,35.65737762117125,36.190956115722656,113310.0,0.0,0.0,0.0,BAHL.KA,
2021-08-03 00:00:00+05:00,36.27305117149521,36.42696950979418,36.22174636349754,36.32435989379883,83327.0,0.0,0.0,0.0,BAHL.KA,
2021-08-04 00:00:00+05:00,36.42696282173416,36.42696282173416,35.91390700734354,36.06782531738281,433145.0,0.0,0.0,0.0,BAHL.KA,
2021-08-05 00:00:00+05:00,36.406438266680475,36.406438266680475,35.73433643661039,35.759986877441406,131191.0,0.0,0.0,0.0,BAHL.KA,
2021-08-06 00:00:00+05:00,35.66251430611966,35.913910584203514,35.52911868508704,35.5906867980957,618828.0,0.0,0.0,0.0,BAHL.KA,
2021-08-09 00:00:00+05:00,36.41670592631666,36.41670592631666,35.529117584228516,35.529117584228516,270363.0,0.0,0.0,0.0,BAHL.KA,
2021-08-10 00:00:00+05:00,35.529120877457395,35.65738485174424,35.40085690317054,35.55477523803711,66257.0,0.0,0.0,0.0,BAHL.KA,
2021-08-11 00:00:00+05:00,35.862603468024425,35.883126171037304,35.09301971941577,35.10327911376953,16028.0,0.0,0.0,0.0,BAHL.KA,
2021-08-12 00:00:00+05:00,35.657380287284944,35.78564424515288,35.503461972121286,35.51372528076172,113865.0,0.0,0.0,0.0,BAHL.KA,
2021-08-13 00:00:00+05:00,35.657383960226305,35.657383960226305,35.14945973075532,35.400856018066406,54571.0,0.0,0.0,0.0,BAHL.KA,
2021-08-16 00:00:00+05:00,35.58041707279931,35.811294519219985,35.14432044863345,35.652244567871094,109263.0,0.0,0.0,0.0,BAHL.KA,
2021-08-17 00:00:00+05:00,35.467552185058594,35.86773906635599,35.40085632866193,35.467552185058594,102007.0,0.0,0.0,0.0,BAHL.KA,
2021-08-18 00:00:00+05:00,35.467552185058594,35.467552185058594,35.467552185058594,35.467552185058594,0.0,0.0,0.0,0.0,BAHL.KA,
2021-08-19 00:00:00+05:00,35.467552185058594,35.467552185058594,35.467552185058594,35.467552185058594,0.0,0.0,0.0,0.0,BAHL.KA,
2021-08-20 00:00:00+05:00,35.4778178415842,35.83695542179245,34.89293440278444,35.54451370239258,56863.0,0.0,0.0,0.0,BAHL.KA,
2021-08-23 00:00:00+05:00,35.78564416288927,35.89338541753401,35.34954749000187,35.76512145996094,134393.0,0.0,0.0,0.0,BAHL.KA,
2021-08-24 00:00:00+05:00,35.903650037337464,35.903650037337464,35.40085358299472,35.73434066772461,61914.0,0.0,0.0,0.0,BAHL.KA,
2021-08-25 00:00:00+05:00,35.52911998914636,35.759993571367964,34.99040974488826,35.400856018066406,123547.0,0.0,0.0,0.0,BAHL.KA,
2021-08-26 00:00:00+05:00,35.759990426049335,35.759990426049335,35.29824330221972,35.64712142944336,125103.0,0.0,0.0,0.0,BAHL.KA,
2021-08-27 00:00:00+05:00,35.785642384107426,35.785642384107426,35.40085053051487,35.411109924316406,753351.0,0.0,0.0,0.0,BAHL.KA,
2021-08-30 00:00:00+05:00,35.65738200997721,35.65738200997721,34.94936633749025,35.29824447631836,147311.0,0.0,0.0,0.0,BAHL.KA,
2021-08-31 00:00:00+05:00,35.2469380060378,35.400856338449024,34.83649564345085,34.8980598449707,515271.0,0.0,0.0,0.0,BAHL.KA,
2021-09-01 00:00:00+05:00,34.939107297871786,35.13407105222996,34.83649767980349,34.9083251953125,1164121.0,0.0,0.0,0.0,BAHL.KA,
2021-09-02 00:00:00+05:00,34.887800504979886,35.14432844986945,34.785190892746385,34.85188674926758,218711.0,0.0,0.0,0.0,BAHL.KA,
2021-09-03 00:00:00+05:00,34.88266392439509,35.08275538001014,34.78518598082958,34.790313720703125,8553.0,0.0,0.0,0.0,BAHL.KA,
2021-09-06 00:00:00+05:00,35.139192715554586,35.657380200079224,34.63640019395295,35.14945602416992,313285.0,0.0,0.0,0.0,BAHL.KA,
2021-09-07 00:00:00+05:00,35.14432144165039,35.32389018440366,34.88779354791571,35.14432144165039,140494.0,0.0,0.0,0.0,BAHL.KA,
2021-09-08 00:00:00+05:00,35.34954505887547,35.4008498555152,34.88779406050774,35.11866760253906,80992.0,0.0,0.0,0.0,BAHL.KA,
2021-09-09 00:00:00+05:00,35.27258753789784,35.400851492581104,35.13919192902177,35.15458297729492,329763.0,0.0,0.0,0.0,BAHL.KA,
2021-09-10 00:00:00+05:00,34.96475682152555,35.65738143341422,34.96475682152555,35.37007141113281,112533.0,0.0,0.0,0.0,BAHL.KA,
2021-09-13 00:00:00+05:00,35.39059678593854,35.39059678593854,34.8878002946911,34.944236755371094,956391.0,0.0,0.0,0.0,BAHL.KA,
2021-09-14 00:00:00+05:00,35.16998259809106,35.29311491489023,34.84162714375608,34.944236755371094,129549.0,0.0,0.0,0.0,BAHL.KA,
2021-09-15 00:00:00+05:00,35.169982435844794,35.52398833429755,34.8878001337466,35.400856018066406,236016.0,0.0,0.0,0.0,BAHL.KA,
2021-09-16 00:00:00+05:00,35.52911998914636,35.52911998914636,35.29824640692475,35.400856018066406,125637.0,0.0,0.0,0.0,BAHL.KA,
2021-09-17 00:00:00+05:00,35.14945787566796,35.75486394378597,35.14432622108999,35.662513732910156,767881.0,0.0,0.0,0.0,BAHL.KA,
2021-09-20 00:00:00+05:00,35.65738198416573,35.913909912109375,35.400854056222094,35.913909912109375,274642.0,0.0,0.0,0.0,BAHL.KA,
2021-09-21 00:00:00+05:00,35.913908983872076,35.913908983872076,35.144325219931964,35.34954833984375,51074.0,0.0,0.0,0.0,BAHL.KA,
2021-09-22 00:00:00+05:00,35.00066939981768,35.759989837311565,34.37474066001805,35.559898376464844,133275.0,0.0,0.0,0.0,BAHL.KA,
2021-09-23 00:00:00+05:00,35.90878487334065,35.90878487334065,35.16998696647541,35.28285598754883,472264.0,0.0,0.0,0.0,BAHL.KA,
2021-09-24 00:00:00+05:00,35.52911396351521,35.86260101462583,35.041712521795525,35.436763763427734,52716.0,0.0,0.0,0.0,BAHL.KA,
2021-09-27 00:00:00+05:00,35.903657728745145,35.903657728745145,34.88780520775399,35.211029052734375,315123.0,0.0,0.0,0.0,BAHL.KA,
2021-09-28 00:00:00+05:00,35.2879852034309,35.34955332237411,34.887802216065,35.04684829711914,461162.0,0.0,0.0,0.0,BAHL.KA,
2021-09-29 00:00:00+05:00,35.83694978172423,35.91390894088722,34.63126933585553,34.78005599975586,290262.0,0.0,0.0,0.0,BAHL.KA,
2021-09-30 00:00:00+05:00,35.144326626784924,35.65738248994967,34.79031682862346,35.477813720703125,708407.0,0.0,0.0,0.0,BAHL.KA,
2021-10-01 00:00:00+05:00,35.785645879053455,35.913909842777656,34.99040773824116,35.54964065551758,105734.0,0.0,0.0,0.0,BAHL.KA,
2021-10-04 00:00:00+05:00,34.91858310929718,35.754866726851645,34.91858310929718,35.39572525024414,72436.0,0.0,0.0,0.0,BAHL.KA,
2021-10-05 00:00:00+05:00,34.93910222428245,35.40085326714984,34.73387910364078,34.89292907714844,328927.0,0.0,0.0,0.0,BAHL.KA,
2021-10-06 00:00:00+05:00,35.395721444448895,35.395721444448895,34.7595332963587,34.78005599975586,155081.0,0.0,0.0,0.0,BAHL.KA,
2021-10-07 00:00:00+05:00,35.144330448314385,35.400858407791134,34.78519287076935,34.9083251953125,288969.0,0.0,0.0,0.0,BAHL.KA,
2021-10-08 00:00:00+05:00,35.272589913870135,35.4008538771933,34.64152949202573,35.390594482421875,55315.0,0.0,0.0,0.0,BAHL.KA,
2021-10-11 00:00:00+05:00,35.657382425505276,35.657382425505276,34.88779863214905,35.11354446411133,194809.0,0.0,0.0,0.0,BAHL.KA,
2021-10-12 00:00:00+05:00,34.89293081479159,35.780515277882614,34.75953519258568,35.65738296508789,600294.0,0.0,0.0,0.0,BAHL.KA,
2021-10-13 00:00:00+05:00,35.91390812046235,35.91390812046235,35.65738020531619,35.76512145996094,769580.0,0.0,0.0,0.0,BAHL.KA,
2021-10-14 00:00:00+05:00,35.405987411879146,37.3504696688319,35.405987411879146,36.267921447753906,2266926.0,0.0,0.0,0.0,BAHL.KA,
2021-10-15 00:00:00+05:00,36.42183223305382,36.55522784470314,35.503461828712354,36.175567626953125,871113.0,0.0,0.0,0.0,BAHL.KA,
2021-10-18 00:00:00+05:00,36.67836786507965,36.67836786507965,33.46664051557488,34.9237174987793,1854491.0,0.0,0.0,0.0,BAHL.KA,
2021-10-19 00:00:00+05:00,34.92371749877929,34.92371749877929,34.92371749877929,34.9237174987793,0.0,0.0,0.0,0.0,BAHL.KA,
2021-10-20 00:00:00+05:00,35.29311159743592,36.165304957097135,34.882665360945104,35.693294525146484,796490.0,0.0,0.0,0.0,BAHL.KA,
2021-10-21 00:00:00+05:00,36.12426179398496,36.940018660538676,35.45215601496149,36.68349075317383,1607718.0,0.0,0.0,0.0,BAHL.KA,
2021-10-22 00:00:00+05:00,36.88871869749618,36.934891848007965,36.11913487452048,36.42696762084961,151177.0,0.0,0.0,0.0,BAHL.KA,
2021-10-25 00:00:00+05:00,36.88871869749618,36.88871869749618,36.021653004365724,36.42696762084961,92443.0,0.0,0.0,0.0,BAHL.KA,
2021-10-26 00:00:00+05:00,36.25765302120922,36.42696237732581,36.06782487735594,36.29869842529297,99990.0,0.0,0.0,0.0,BAHL.KA,
2021-10-27 00:00:00+05:00,35.913907522832794,36.606532099340654,35.913907522832794,36.042171478271484,131601.0,0.0,0.0,0.0,BAHL.KA,
2021-10-28 00:00:00+05:00,36.1191304631782,36.58088148342967,35.91390735258807,35.929298400878906,975300.0,0.0,0.0,0.0,BAHL.KA,
2021-10-29 00:00:00+05:00,36.14478495695734,36.41670785969407,35.91391137810608,35.996002197265625,245345.0,0.0,0.0,0.0,BAHL.KA,
2021-11-01 00:00:00+05:00,36.555228283430246,36.555228283430246,36.119131606067945,36.401309967041016,209469.0,0.0,0.0,0.0,BAHL.KA,
2021-11-02 00:00:00+05:00,36.42696902626439,36.67836532213014,36.42696902626439,36.555233001708984,97115.0,0.0,0.0,0.0,BAHL.KA,
2021-11-03 00:00:00+05:00,36.67835658663659,36.68348824043784,36.19608681555261,36.652706146240234,23844.0,0.0,0.0,0.0,BAHL.KA,
2021-11-04 00:00:00+05:00,36.78611093620988,36.78611093620988,36.426973328273384,36.68863296508789,266466.0,0.0,0.0,0.0,BAHL.KA,
2021-11-05 00:00:00+05:00,36.78610851380677,36.94002685810464,36.43210258481141,36.81689453125,252646.0,0.0,0.0,0.0,BAHL.KA,
2021-11-08 00:00:00+05:00,36.44235715816229,36.786103645387854,36.42696610863063,36.55009841918945,246633.0,0.0,0.0,0.0,BAHL.KA,
2021-11-09 00:00:00+05:00,36.9400223238895,36.9400223238895,35.86260578897051,36.001129150390625,704652.0,0.0,0.0,0.0,BAHL.KA,
2021-11-10 00:00:00+05:00,36.78609915711415,36.78609915711415,35.913905866088335,36.41670227050781,281176.0,0.0,0.0,0.0,BAHL.KA,
2021-11-11 00:00:00+05:00,35.99087069662079,36.324357800849626,35.91904318670143,35.949825286865234,721717.0,0.0,0.0,0.0,BAHL.KA,
2021-11-12 00:00:00+05:00,36.65784354472541,36.65784354472541,35.76512734902809,35.98060989379883,88534.0,0.0,0.0,0.0,BAHL.KA,
2021-11-15 00:00:00+05:00,35.50345966189671,36.575748315337144,35.50345966189671,36.41670227050781,33556.0,0.0,0.0,0.0,BAHL.KA,
2021-11-16 00:00:00+05:00,36.63218700197411,36.63218700197411,35.457288682932976,36.175567626953125,254895.0,0.0,0.0,0.0,BAHL.KA,
2021-11-17 00:00:00+05:00,36.37565874921308,37.068283329604135,35.965212523786,36.92975997924805,144512.0,0.0,0.0,0.0,BAHL.KA,
2021-11-18 00:00:00+05:00,37.04262825776253,37.19654656790353,36.119130139832194,36.68349075317383,346041.0,0.0,0.0,0.0,BAHL.KA,
2021-11-19 00:00:00+05:00,36.32436284576312,37.70961234580487,36.32436284576312,37.62752151489258,853511.0,0.0,0.0,0.0,BAHL.KA,
2021-11-22 00:00:00+05:00,38.222658317907964,39.505297858777354,37.966130409734085,38.0276985168457,1121176.0,0.0,0.0,0.0,BAHL.KA,
2021-11-23 00:00:00+05:00,38.73059227061567,38.73059227061567,37.70961203400019,38.44841384887695,1014595.0,0.0,0.0,0.0,BAHL.KA,
2021-11-24 00:00:00+05:00,38.448414456494596,38.448414456494596,37.20681607258154,37.48899841308594,232515.0,0.0,0.0,0.0,BAHL.KA,
2021-11-25 00:00:00+05:00,37.247853263138374,37.32481242212756,36.940020541487065,37.19654846191406,132357.0,0.0,0.0,0.0,BAHL.KA,
2021-11-26 00:00:00+05:00,37.45306889032599,38.04308377214411,37.196541021214166,37.30941390991211,465058.0,0.0,0.0,0.0,BAHL.KA,
2021-11-29 00:00:00+05:00,37.35047226022636,37.81221945330152,37.29916353716823,37.596736907958984,136770.0,0.0,0.0,0.0,BAHL.KA,
2021-11-30 00:00:00+05:00,38.350922175555006,38.71005968037323,37.19654659167542,37.299156188964844,526695.0,0.0,0.0,0.0,BAHL.KA,
2021-12-01 00:00:00+05:00,37.26323848052166,37.837862341501655,37.196542640798235,37.55055236816406,226200.0,0.0,0.0,0.0,BAHL.KA,
2021-12-02 00:00:00+05:00,37.45308276920916,37.45308276920916,36.4269709125185,36.4526252746582,120461.0,0.0,0.0,0.0,BAHL.KA,
2021-12-03 00:00:00+05:00,36.683499634155964,37.45308354256483,35.92417512223117,36.698890686035156,680548.0,0.0,0.0,0.0,BAHL.KA,
2021-12-06 00:00:00+05:00,37.35046435165908,37.46333334129254,36.43209398651901,36.709144592285156,14330.0,0.0,0.0,0.0,BAHL.KA,
2021-12-07 00:00:00+05:00,37.35046603536889,37.35046603536889,36.42696397451812,36.53983688354492,85210.0,0.0,0.0,0.0,BAHL.KA,
2021-12-08 00:00:00+05:00,37.2991589348529,37.2991589348529,36.52957515561132,36.780975341796875,10034.0,0.0,0.0,0.0,BAHL.KA,
2021-12-09 00:00:00+05:00,37.447944890109,37.447944890109,36.426964858393355,36.534706115722656,164156.0,0.0,0.0,0.0,BAHL.KA,
2021-12-10 00:00:00+05:00,37.4428190095721,37.4428190095721,35.795906226915704,35.90877914428711,253377.0,0.0,0.0,0.0,BAHL.KA,
2021-12-13 00:00:00+05:00,35.811304435736496,36.9400258831091,35.657386095501145,36.503929138183594,280887.0,0.0,0.0,0.0,BAHL.KA,
2021-12-14 00:00:00+05:00,36.503925529533404,36.67836264453697,36.1704384348615,36.41157531738281,24682.0,0.0,0.0,0.0,BAHL.KA,
2021-12-15 00:00:00+05:00,36.934890437999734,36.934890437999734,35.400854505436385,35.52398681640625,466991.0,0.0,0.0,0.0,BAHL.KA,
2021-12-16 00:00:00+05:00,35.58042958311247,35.91391673566202,34.887804828928815,34.985286712646484,143891.0,0.0,0.0,0.0,BAHL.KA,
2021-12-17 00:00:00+05:00,35.89851776604354,35.89851776604354,34.73901047115499,35.23667526245117,2599089.0,0.0,0.0,0.0,BAHL.KA,
2021-12-20 00:00:00+05:00,35.883124441350695,36.68349024874567,35.40085072955876,35.68303298950195,342151.0,0.0,0.0,0.0,BAHL.KA,
2021-12-21 00:00:00+05:00,35.45216192191803,35.9139130149717,35.40085711475781,35.462425231933594,391975.0,0.0,0.0,0.0,BAHL.KA,
2021-12-22 00:00:00+05:00,35.40598767291522,35.606079154655475,35.24693768704816,35.400856018066406,131174.0,0.0,0.0,0.0,BAHL.KA,
2021-12-23 00:00:00+05:00,35.14432101373247,36.4269604667884,35.14432101373247,35.37519454956055,236225.0,0.0,0.0,0.0,BAHL.KA,
2021-12-24 00:00:00+05:00,36.1653081896973,36.1653081896973,35.14945973075532,35.400856018066406,384890.0,0.0,0.0,0.0,BAHL.KA,
2021-12-27 00:00:00+05:00,35.411110490175936,35.42650545258197,35.272587142963324,35.33928298950195,45495.0,0.0,0.0,0.0,BAHL.KA,
2021-12-28 00:00:00+05:00,35.40085565165441,35.40085565165441,35.03145479247867,35.380332946777344,920290.0,0.0,0.0,0.0,BAHL.KA,
2021-12-29 00:00:00+05:00,35.09302409237139,36.29357301093519,35.09302409237139,35.600948333740234,87826.0,0.0,0.0,0.0,BAHL.KA,
2021-12-30 00:00:00+05:00,35.149455259562046,35.657379424422444,35.144323605366004,35.31363296508789,168344.0,0.0,0.0,0.0,BAHL.KA,
2021-12-31 00:00:00+05:00,34.91344609573587,35.75998496979566,34.91344609573587,35.40597915649414,150688.0,0.0,0.0,0.0,BAHL.KA,
2022-01-03 00:00:00+05:00,35.14945428217318,35.52911448171239,35.01605867692232,35.411109924316406,91935.0,0.0,0.0,0.0,BAHL.KA,
2022-01-04 00:00:00+05:00,35.400859033287915,36.093483753251896,35.400859033287915,35.56503677368164,42498.0,0.0,0.0,0.0,BAHL.KA,
2022-01-05 00:00:00+05:00,35.88825754244792,35.88825754244792,35.395724363217596,35.400856018066406,101773.0,0.0,0.0,0.0,BAHL.KA,
2022-01-06 00:00:00+05:00,35.5291132822524,35.606072433233805,35.118667086554915,35.14432144165039,177193.0,0.0,0.0,0.0,BAHL.KA,
2022-01-07 00:00:00+05:00,35.63172960028801,35.63172960028801,35.14945973075532,35.400856018066406,217570.0,0.0,0.0,0.0,BAHL.KA,
2022-01-10 00:00:00+05:00,35.42651212115191,36.17044162429807,35.4008577599513,35.960086822509766,258825.0,0.0,0.0,0.0,BAHL.KA,
2022-01-11 00:00:00+05:00,36.165316982211564,36.165316982211564,35.55478299316585,35.87287521362305,324542.0,0.0,0.0,0.0,BAHL.KA,
2022-01-12 00:00:00+05:00,35.87286300002164,36.298700281985646,35.87286300002164,36.03704071044922,528242.0,0.0,0.0,0.0,BAHL.KA,
2022-01-13 00:00:00+05:00,36.24226950633814,36.632193097570415,35.91904568918204,35.98060989379883,1505238.0,0.0,0.0,0.0,BAHL.KA,
2022-01-14 00:00:00+05:00,35.9908694412674,36.42696614036844,35.91391027923649,35.93443298339844,128686.0,0.0,0.0,0.0,BAHL.KA,
2022-01-17 00:00:00+05:00,36.57061829834176,36.57061829834176,35.862602674439046,36.08834457397461,20073.0,0.0,0.0,0.0,BAHL.KA,
2022-01-18 00:00:00+05:00,36.08834955509252,36.08834955509252,35.33928842268268,35.53425216674805,472488.0,0.0,0.0,0.0,BAHL.KA,
2022-01-19 00:00:00+05:00,35.836950311122465,35.91390947142233,35.43163572022833,35.529117584228516,187343.0,0.0,0.0,0.0,BAHL.KA,
2022-01-20 00:00:00+05:00,35.4111134510454,36.03704222151677,35.2007625855705,35.913909912109375,322294.0,0.0,0.0,0.0,BAHL.KA,
2022-01-21 00:00:00+05:00,36.42696595683601,36.70914824475907,35.65738216901553,36.596275329589844,1037766.0,0.0,0.0,0.0,BAHL.KA,
2022-01-24 00:00:00+05:00,36.82714791864554,36.94002083080632,36.11913226187171,36.85280227661133,126910.0,0.0,0.0,0.0,BAHL.KA,
2022-01-25 00:00:00+05:00,36.94001778868798,36.94001778868798,35.939560539299734,36.4833984375,198734.0,0.0,0.0,0.0,BAHL.KA,
2022-01-26 00:00:00+05:00,36.67836193315654,36.99132631746882,36.24739689434944,36.94002151489258,131574.0,0.0,0.0,0.0,BAHL.KA,
2022-01-27 00:00:00+05:00,37.18629004728629,37.18629004728629,36.68862524225511,36.94002151489258,13213.0,0.0,0.0,0.0,BAHL.KA,
2022-01-28 00:00:00+05:00,37.18115839273701,37.18115839273701,36.55522962411244,36.94002151489258,10702.0,0.0,0.0,0.0,BAHL.KA,
2022-01-31 00:00:00+05:00,37.1195935832718,38.60745647617839,36.81176082612358,38.46893310546875,1838610.0,0.0,0.0,0.0,BAHL.KA,
2022-02-01 00:00:00+05:00,38.940941899194144,38.940941899194144,37.97639434398967,38.479190826416016,129011.0,0.0,0.0,0.0,BAHL.KA,
2022-02-02 00:00:00+05:00,38.479194149846776,38.73572211084576,37.966138227848816,38.71006774902344,153691.0,0.0,0.0,0.0,BAHL.KA,
2022-02-03 00:00:00+05:00,38.27396951374287,38.93581209716761,38.27396951374287,38.42275619506836,59171.0,0.0,0.0,0.0,BAHL.KA,
2022-02-04 00:00:00+05:00,38.73571802665482,38.73571802665482,38.09952984646103,38.43814468383789,37359.0,0.0,0.0,0.0,BAHL.KA,
2022-02-07 00:00:00+05:00,38.992243824389156,38.992243824389156,38.00717755141683,38.222660064697266,138675.0,0.0,0.0,0.0,BAHL.KA,
2022-02-08 00:00:00+05:00,38.002046911609995,38.34579339401658,37.70960523169155,37.76091003417969,201676.0,0.0,0.0,0.0,BAHL.KA,
2022-02-09 00:00:00+05:00,37.966135002543965,40.269754800611636,37.20168283971456,39.4129524230957,4470267.0,0.0,0.0,0.0,BAHL.KA,
2022-02-10 00:00:00+05:00,39.42321456926304,39.684874181517365,38.74598091907407,38.94094467163086,523337.0,0.0,0.0,0.0,BAHL.KA,
2022-02-11 00:00:00+05:00,38.99224415024637,39.08972601319973,38.58179790925844,39.06407165527344,242783.0,0.0,0.0,0.0,BAHL.KA,
2022-02-14 00:00:00+05:00,38.987116358844496,39.09485762706066,38.53049692551158,39.01790237426758,155162.0,0.0,0.0,0.0,BAHL.KA,
2022-02-15 00:00:00+05:00,39.06407348255916,39.14616430031886,38.71006368100532,39.00763702392578,148088.0,0.0,0.0,0.0,BAHL.KA,
2022-02-16 00:00:00+05:00,39.42834400159364,39.42834400159364,38.76137369930149,38.97685623168945,39397.0,0.0,0.0,0.0,BAHL.KA,
2022-02-17 00:00:00+05:00,38.74085390372418,39.19747336278032,38.643372025620266,38.981990814208984,108981.0,0.0,0.0,0.0,BAHL.KA,
2022-02-18 00:00:00+05:00,39.248769375453705,39.248769375453705,38.7305819125305,38.920413970947266,106485.0,0.0,0.0,0.0,BAHL.KA,
2022-02-21 00:00:00+05:00,39.12050968906209,39.505301587643025,39.12050968906209,39.30521011352539,476591.0,0.0,0.0,0.0,BAHL.KA,
2022-02-22 00:00:00+05:00,38.992248055826614,39.4488674896517,38.735720108090916,39.223121643066406,1164419.0,0.0,0.0,0.0,BAHL.KA,
2022-02-23 00:00:00+05:00,39.42321407299611,39.42321407299611,38.76650313735918,39.330867767333984,142801.0,0.0,0.0,0.0,BAHL.KA,
2022-02-24 00:00:00+05:00,37.996919157029325,39.32573598940174,37.996919157029325,38.648502349853516,504705.0,0.0,0.0,0.0,BAHL.KA,
2022-02-25 00:00:00+05:00,38.50484910678814,39.24877863946071,38.50484910678814,39.00251007080078,210628.0,0.0,0.0,0.0,BAHL.KA,
2022-02-28 00:00:00+05:00,39.17181878356962,39.24877795457706,38.47919407311476,39.0743408203125,600985.0,0.0,0.0,0.0,BAHL.KA,
2022-03-01 00:00:00+05:00,38.740849694818024,39.24364225352646,38.740849694818024,39.00763702392578,42876.0,0.0,0.0,0.0,BAHL.KA,
2022-03-02 00:00:00+05:00,39.24364451958652,39.24364451958652,38.6177156980953,38.92555236816406,56456.0,0.0,0.0,0.0,BAHL.KA,
2022-03-03 00:00:00+05:00,39.19233907631749,39.19233907631749,38.50484606341991,39.04355239868164,334533.0,0.0,0.0,0.0,BAHL.KA,
2022-03-04 00:00:00+05:00,39.24364078714695,39.50530036609677,38.88963491312654,39.0845947265625,3044315.0,0.0,0.0,0.0,BAHL.KA,
2022-03-07 00:00:00+05:00,38.88963919015086,39.32060427176581,37.971268649883655,38.85372543334961,415000.0,0.0,0.0,0.0,BAHL.KA,
2022-03-08 00:00:00+05:00,39.248772031491306,39.248772031491306,38.427883464674146,38.49457931518555,166497.0,0.0,0.0,0.0,BAHL.KA,
2022-03-09 00:00:00+05:00,38.581804184223586,38.91015966469566,37.9917929990137,38.16109848022461,585216.0,0.0,0.0,0.0,BAHL.KA,
2022-03-10 00:00:00+05:00,39.06920834748786,39.06920834748786,38.28423343111261,38.7151985168457,406771.0,0.0,0.0,0.0,BAHL.KA,
2022-03-11 00:00:00+05:00,38.73571071966804,38.992238605228756,38.04308621151509,38.25343704223633,345928.0,0.0,0.0,0.0,BAHL.KA,
2022-03-14 00:00:00+05:00,38.222659208918984,38.479187123072805,37.96613129476517,38.02256774902344,207617.0,0.0,0.0,0.0,BAHL.KA,
2022-03-15 00:00:00+05:00,37.971263565665254,38.93580712939682,37.971263565665254,38.520233154296875,93487.0,0.0,0.0,0.0,BAHL.KA,
2022-03-16 00:00:00+05:00,38.06874604412127,39.19233971267701,38.06874604412127,38.92555236816406,1409748.0,0.0,0.0,0.0,BAHL.KA,
2022-03-17 00:00:00+05:00,38.750338100988635,39.84683391776558,38.49034509217578,38.88033676147461,838903.0,7.0,0.0,0.0,BAHL.KA,
2022-03-18 00:00:00+05:00,39.225104221147184,39.5642252897707,37.98165455331653,39.20249557495117,1372034.0,0.0,0.0,0.0,BAHL.KA,
2022-03-21 00:00:00+05:00,39.14032948679589,39.14032948679589,38.43382534443496,38.8690299987793,118994.0,0.0,0.0,0.0,BAHL.KA,
2022-03-22 00:00:00+05:00,38.99902840821639,38.99902840821639,38.3207861607632,38.32643508911133,326722.0,0.0,0.0,0.0,BAHL.KA,
2022-03-23 00:00:00+05:00,38.32643508911133,38.32643508911133,38.32643508911133,38.32643508911133,0.0,0.0,0.0,0.0,BAHL.KA,
2022-03-24 00:00:00+05:00,38.03252322203769,38.97075827633606,38.03252322203769,38.399906158447266,309058.0,0.0,0.0,0.0,BAHL.KA,
2022-03-25 00:00:00+05:00,38.40555678969946,38.433818675353486,38.213389766158684,38.428165435791016,23684.0,0.0,0.0,0.0,BAHL.KA,
2022-03-28 00:00:00+05:00,38.42817185744521,38.43382509795238,38.26426238000956,38.32643508911133,295733.0,0.0,0.0,0.0,BAHL.KA,
2022-03-29 00:00:00+05:00,38.32643234253331,38.54121234482369,37.862965833816475,37.89122772216797,1294503.0,0.0,0.0,0.0,BAHL.KA,
2022-03-30 00:00:00+05:00,37.891227413756525,38.23600175047656,37.868618765691096,38.1907844543457,241115.0,0.0,0.0,0.0,BAHL.KA,
2022-03-31 00:00:00+05:00,38.17947725903314,38.43381697000078,38.07774051221446,38.399906158447266,186432.0,0.0,0.0,0.0,BAHL.KA,
2022-04-01 00:00:00+05:00,38.71641949613895,38.71641949613895,37.896876574733604,38.41686248779297,71865.0,0.0,0.0,0.0,BAHL.KA,
2022-04-04 00:00:00+05:00,38.292517085227196,38.41686248009871,36.82298961671285,38.10599899291992,133213.0,0.0,0.0,0.0,BAHL.KA,
2022-04-05 00:00:00+05:00,38.40556217828439,38.40556217828439,37.812101305707706,37.91948699951172,186855.0,0.0,0.0,0.0,BAHL.KA,
2022-04-06 00:00:00+05:00,37.8968782112475,38.46208143997806,37.868616324947595,37.91383361816406,162517.0,0.0,0.0,0.0,BAHL.KA,
2022-04-07 00:00:00+05:00,39.3098880337897,39.3098880337897,37.35993422053054,37.86861801147461,150354.0,0.0,0.0,0.0,BAHL.KA,
2022-04-08 00:00:00+05:00,38.57511978060133,39.25336192001229,38.43381897554418,38.82381057739258,900316.0,0.0,0.0,0.0,BAHL.KA,
2022-04-11 00:00:00+05:00,38.9990218522986,41.17505336858214,38.9990218522986,40.9659309387207,1122084.0,0.0,0.0,0.0,BAHL.KA,
2022-04-12 00:00:00+05:00,40.977228728743505,41.542431883622726,40.12942399642468,41.180702209472656,904437.0,0.0,0.0,0.0,BAHL.KA,
2022-04-13 00:00:00+05:00,41.146795166189186,41.146795166189186,40.468548730960286,40.72289276123047,214300.0,0.0,0.0,0.0,BAHL.KA,
2022-04-14 00:00:00+05:00,40.69463395023763,40.94897368756319,40.417685565480696,40.9320182800293,200367.0,0.0,0.0,0.0,BAHL.KA,
2022-04-15 00:00:00+05:00,40.41203675492141,40.892458707058594,40.2424740366805,40.4063835144043,82182.0,0.0,0.0,0.0,BAHL.KA,
2022-04-18 00:00:00+05:00,39.846829054586586,40.68333176045818,39.6829195949172,40.01639175415039,778386.0,0.0,0.0,0.0,BAHL.KA,
2022-04-19 00:00:00+05:00,40.12943646898941,40.12943646898941,39.28163147316569,39.355106353759766,386663.0,0.0,0.0,0.0,BAHL.KA,
2022-04-20 00:00:00+05:00,40.0729201786543,40.0729201786543,38.94251342784408,39.03294372558594,195782.0,0.0,0.0,0.0,BAHL.KA,
2022-04-21 00:00:00+05:00,39.5585749892949,39.5585749892949,37.89688033593204,37.95905303955078,507116.0,0.0,0.0,0.0,BAHL.KA,
2022-04-22 00:00:00+05:00,38.42816461876004,38.71641946010086,37.30341145060813,37.72166061401367,672517.0,0.0,0.0,0.0,BAHL.KA,
2022-04-25 00:00:00+05:00,38.43382156893628,38.46208345671808,37.64253614479116,38.41121292114258,285707.0,0.0,0.0,0.0,BAHL.KA,
2022-04-26 00:00:00+05:00,38.320786637506565,38.320786637506565,37.86862225880643,38.03253173828125,130970.0,0.0,0.0,0.0,BAHL.KA,
2022-04-27 00:00:00+05:00,38.39991456136521,38.43382538033931,37.812102596912695,38.33774185180664,25735.0,0.0,0.0,0.0,BAHL.KA,
2022-04-28 00:00:00+05:00,38.422527308634834,38.94251337842943,38.15122779143444,38.56947708129883,653876.0,0.0,0.0,0.0,BAHL.KA,
2022-04-29 00:00:00+05:00,38.56947708129883,38.56947708129883,38.56947708129883,38.56947708129883,0.0,0.0,0.0,0.0,BAHL.KA,
2022-05-02 00:00:00+05:00,38.56947708129883,38.56947708129883,38.56947708129883,38.56947708129883,0.0,0.0,0.0,0.0,BAHL.KA,
2022-05-03 00:00:00+05:00,38.56947708129883,38.56947708129883,38.56947708129883,38.56947708129883,0.0,0.0,0.0,0.0,BAHL.KA,
2022-05-04 00:00:00+05:00,38.56947708129883,38.56947708129883,38.56947708129883,38.56947708129883,0.0,0.0,0.0,0.0,BAHL.KA,
2022-05-05 00:00:00+05:00,38.56947708129883,38.56947708129883,38.56947708129883,38.56947708129883,0.0,0.0,0.0,0.0,BAHL.KA,
2022-05-06 00:00:00+05:00,38.70511747234591,38.716419639124496,37.89687671469246,38.422515869140625,166852.0,0.0,0.0,0.0,BAHL.KA,
2022-05-09 00:00:00+05:00,38.264259053071484,38.4281685162558,37.303415234028165,37.33732604980469,1033465.0,0.0,0.0,0.0,BAHL.KA,
2022-05-10 00:00:00+05:00,38.43381923459611,38.43381923459611,36.7438628021263,37.4447135925293,323632.0,0.0,0.0,0.0,BAHL.KA,
2022-05-11 00:00:00+05:00,37.85731523418931,37.868617401735584,36.455609289730525,37.625579833984375,2409897.0,0.0,0.0,0.0,BAHL.KA,
2022-05-12 00:00:00+05:00,37.81210489685569,37.81210489685569,36.726915502086435,37.30342102050781,1364067.0,0.0,0.0,0.0,BAHL.KA,
2022-05-13 00:00:00+05:00,37.86296507058148,38.57512238352796,37.37124099558398,38.41121292114258,2252994.0,0.0,0.0,0.0,BAHL.KA,
2022-05-16 00:00:00+05:00,37.840359788732485,38.00992250618876,36.625176124878955,37.789493560791016,192251.0,0.0,0.0,0.0,BAHL.KA,
2022-05-17 00:00:00+05:00,37.86296679008237,37.86862003032719,37.02081510427509,37.597320556640625,289002.0,0.0,0.0,0.0,BAHL.KA,
2022-05-18 00:00:00+05:00,37.614279023175655,38.71642366543026,37.30906874251468,37.73297119140625,811505.0,0.0,0.0,0.0,BAHL.KA,
2022-05-19 00:00:00+05:00,38.09470111805958,38.09470111805958,37.46732514573159,37.50123596191406,42941.0,0.0,0.0,0.0,BAHL.KA,
2022-05-20 00:00:00+05:00,37.86296463012695,38.09470003319771,37.36558732092728,37.86296463012695,199140.0,0.0,0.0,0.0,BAHL.KA,
2022-05-23 00:00:00+05:00,37.30907678192515,37.86862692763021,37.30907678192515,37.65950012207031,46373.0,0.0,0.0,0.0,BAHL.KA,
2022-05-24 00:00:00+05:00,38.09470657125348,38.09470657125348,37.275159128204294,37.30342102050781,34563.0,0.0,0.0,0.0,BAHL.KA,
2022-05-25 00:00:00+05:00,37.30341705587853,37.84035845530414,36.62517483427157,37.22428894042969,152260.0,0.0,0.0,0.0,BAHL.KA,
2022-05-26 00:00:00+05:00,37.58601917848191,37.58601917848191,36.74386747497005,37.00386047363281,82522.0,0.0,0.0,0.0,BAHL.KA,
2022-05-27 00:00:00+05:00,37.02081647348419,37.58036653796897,37.01516323303028,37.32037353515625,2883098.0,0.0,0.0,0.0,BAHL.KA,
2022-05-30 00:00:00+05:00,37.75558420222753,37.75558420222753,37.02647138842412,37.12820816040039,164636.0,0.0,0.0,0.0,BAHL.KA,
2022-05-31 00:00:00+05:00,36.777777863524484,38.15122202905688,36.6534324499288,36.91342544555664,2171078.0,0.0,0.0,0.0,BAHL.KA,
2022-06-01 00:00:00+05:00,37.2468963913718,37.2468963913718,36.73821258544922,36.73821258544922,946715.0,0.0,0.0,0.0,BAHL.KA,
2022-06-02 00:00:00+05:00,36.23518276949195,37.02081498683529,36.23518276949195,36.60256576538086,327617.0,0.0,0.0,0.0,BAHL.KA,
2022-06-03 00:00:00+05:00,37.29776378387136,37.29776378387136,35.3591184887847,35.60780715942383,86035.0,0.0,0.0,0.0,BAHL.KA,
2022-06-06 00:00:00+05:00,36.11083677747348,36.43865571082669,35.60780620933024,36.1673583984375,42232.0,0.0,0.0,0.0,BAHL.KA,
2022-06-07 00:00:00+05:00,36.73256184834918,36.73256184834918,35.60780847072601,36.173011779785156,66418.0,0.0,0.0,0.0,BAHL.KA,
2022-06-08 00:00:00+05:00,36.65343125912008,36.65343125912008,35.63606580261362,36.161705017089844,92209.0,0.0,0.0,0.0,BAHL.KA,
2022-06-09 00:00:00+05:00,36.173005807658576,36.20126769330914,35.41563341231756,35.862144470214844,761710.0,0.0,0.0,0.0,BAHL.KA,
2022-06-10 00:00:00+05:00,36.39343924586135,36.39343924586135,35.268685913962216,35.336509704589844,77986.0,0.0,0.0,0.0,BAHL.KA,
2022-06-13 00:00:00+05:00,36.116486341874264,36.116486341874264,32.838305966294705,32.985260009765625,314985.0,0.0,0.0,0.0,BAHL.KA,
2022-06-14 00:00:00+05:00,33.34698761193866,33.34698761193866,32.30136259162304,33.324378967285156,65116.0,0.0,0.0,0.0,BAHL.KA,
2022-06-15 00:00:00+05:00,33.883932426915074,33.883932426915074,32.35788334868694,33.04743194580078,20698.0,0.0,0.0,0.0,BAHL.KA,
2022-06-16 00:00:00+05:00,33.04743167301995,33.62393919363992,32.78178548004668,33.346988677978516,1316191.0,0.0,0.0,0.0,BAHL.KA,
2022-06-17 00:00:00+05:00,33.34699382781982,34.19479875564575,33.06439218521118,33.91219711303711,86194.0,0.0,0.0,0.0,BAHL.KA,
2022-06-20 00:00:00+05:00,33.91219605441003,33.92350037849102,33.34699278683653,33.4317741394043,168045.0,0.0,0.0,0.0,BAHL.KA,
2022-06-21 00:00:00+05:00,33.906544962578906,34.110016327751715,33.092650877570236,33.62394332885742,304835.0,0.0,0.0,0.0,BAHL.KA,
2022-06-22 00:00:00+05:00,34.025236202348296,34.61869918574521,33.912195120730004,34.44913864135742,645984.0,0.0,0.0,0.0,BAHL.KA,
2022-06-23 00:00:00+05:00,35.031300324964896,36.00345069228939,34.477401348908685,35.35346603393555,516100.0,0.0,0.0,0.0,BAHL.KA,
2022-06-24 00:00:00+05:00,36.11649328700376,36.11649328700376,32.70266469060235,33.46003723144531,1092608.0,0.0,0.0,0.0,BAHL.KA,
2022-06-27 00:00:00+05:00,34.194795083267906,34.47739669552632,33.12656133390378,34.37565994262695,42278.0,0.0,0.0,0.0,BAHL.KA,
2022-06-28 00:00:00+05:00,33.63524885934349,36.10518893736422,33.358300438014574,33.72568130493164,74728.0,0.0,0.0,0.0,BAHL.KA,
2022-06-29 00:00:00+05:00,34.364363138039415,34.364363138039415,32.210939761370156,32.40876007080078,508234.0,0.0,0.0,0.0,BAHL.KA,
2022-06-30 00:00:00+05:00,32.47658107234981,33.25656222937501,32.103546980916796,32.815704345703125,330998.0,0.0,0.0,0.0,BAHL.KA,
2022-07-01 00:00:00+05:00,33.62394332118063,34.336098489321266,32.78178950420796,33.81611251831055,499219.0,0.0,0.0,0.0,BAHL.KA,
2022-07-04 00:00:00+05:00,34.36436219233539,34.36436219233539,33.064394958515656,33.31308364868164,38706.0,0.0,0.0,0.0,BAHL.KA,
2022-07-05 00:00:00+05:00,33.85567300263383,33.85567300263383,32.77613496220277,32.82135009765625,51922.0,0.0,0.0,0.0,BAHL.KA,
2022-07-06 00:00:00+05:00,32.90613678738145,33.3356903463336,32.5557091893084,32.815704345703125,144321.0,0.0,0.0,0.0,BAHL.KA,
2022-07-07 00:00:00+05:00,33.06438564432078,33.06438564432078,32.44266301600447,32.78178405761719,46184.0,0.0,0.0,0.0,BAHL.KA,
2022-07-08 00:00:00+05:00,32.78178405761719,32.78178405761719,32.78178405761719,32.78178405761719,0.0,0.0,0.0,0.0,BAHL.KA,
2022-07-11 00:00:00+05:00,32.78178405761719,32.78178405761719,32.78178405761719,32.78178405761719,0.0,0.0,0.0,0.0,BAHL.KA,
2022-07-12 00:00:00+05:00,32.78178405761719,32.78178405761719,32.78178405761719,32.78178405761719,0.0,0.0,0.0,0.0,BAHL.KA,
2022-07-13 00:00:00+05:00,32.78179044805021,34.19479865701789,32.39180095856372,33.06439208984375,772095.0,0.0,0.0,0.0,BAHL.KA,
2022-07-14 00:00:00+05:00,33.85567810226832,34.053498392323064,33.14917398624502,33.88393783569336,73117.0,0.0,0.0,0.0,BAHL.KA,
2022-07-15 00:00:00+05:00,33.91219605441003,34.081756603466204,33.14917250561755,33.4317741394043,614088.0,0.0,0.0,0.0,BAHL.KA,
2022-07-18 00:00:00+05:00,32.4991864069003,33.346991269689,32.4709266760232,32.66874694824219,45592.0,0.0,0.0,0.0,BAHL.KA,
2022-07-19 00:00:00+05:00,32.61222422990031,33.06438634701982,31.933979976181533,32.26179885864258,179308.0,0.0,0.0,0.0,BAHL.KA,
2022-07-20 00:00:00+05:00,32.77613466728364,33.341337869880796,31.408341795837398,33.04743194580078,178203.0,0.0,0.0,0.0,BAHL.KA,
2022-07-21 00:00:00+05:00,33.9065440572765,33.912195141125125,32.357886197156894,32.91178512573242,397363.0,0.0,0.0,0.0,BAHL.KA,
2022-07-22 00:00:00+05:00,32.55570921529308,33.79915690642208,32.49918974772882,32.6970100402832,239844.0,0.0,0.0,0.0,BAHL.KA,
2022-07-25 00:00:00+05:00,32.7817867573244,32.7817867573244,30.583146576676516,31.606163024902344,28531.0,0.0,0.0,0.0,BAHL.KA,
2022-07-26 00:00:00+05:00,31.103136396891767,32.15441486255351,31.103136396891767,31.611820220947266,42598.0,0.0,0.0,0.0,BAHL.KA,
2022-07-27 00:00:00+05:00,31.87746536794462,32.21093538429866,31.651383196963135,31.973548889160156,83545.0,0.0,0.0,0.0,BAHL.KA,
2022-07-28 00:00:00+05:00,31.98484991413557,33.346989571402226,31.98484991413557,33.09830093383789,561916.0,0.0,0.0,0.0,BAHL.KA,
2022-07-29 00:00:00+05:00,32.72526825102142,33.33568662519142,32.51049041748047,32.51049041748047,7468.0,0.0,0.0,0.0,BAHL.KA,
2022-08-01 00:00:00+05:00,33.06439182222284,33.06439182222284,32.216586903704304,32.329627990722656,105991.0,0.0,0.0,0.0,BAHL.KA,
2022-08-02 00:00:00+05:00,32.781793763621835,33.91220044512603,32.205286097325136,32.244850158691406,964566.0,0.0,0.0,0.0,BAHL.KA,
2022-08-03 00:00:00+05:00,32.499192520266156,32.99657207036558,32.30137221083554,32.40876007080078,499159.0,0.0,0.0,0.0,BAHL.KA,
2022-08-04 00:00:00+05:00,32.77613616639621,32.78178725000585,32.244843751764044,32.346580505371094,239571.0,0.0,0.0,0.0,BAHL.KA,
2022-08-05 00:00:00+05:00,32.66874195861029,33.34698617646606,32.32962092772187,32.95134353637695,184228.0,0.0,0.0,0.0,BAHL.KA,
2022-08-08 00:00:00+05:00,32.95134353637695,32.95134353637695,32.95134353637695,32.95134353637695,0.0,0.0,0.0,0.0,BAHL.KA,
2022-08-09 00:00:00+05:00,32.95134353637695,32.95134353637695,32.95134353637695,32.95134353637695,0.0,0.0,0.0,0.0,BAHL.KA,
2022-08-10 00:00:00+05:00,33.06438657292101,33.60133003395349,32.78178497828066,32.91743469238281,230405.0,0.0,0.0,0.0,BAHL.KA,
2022-08-11 00:00:00+05:00,33.20568982152942,33.20568982152942,32.533098752822276,32.544403076171875,302671.0,0.0,0.0,0.0,BAHL.KA,
2022-08-12 00:00:00+05:00,32.4991847489964,33.29047010966449,32.4991847489964,32.787437438964844,507461.0,0.0,0.0,0.0,BAHL.KA,
2022-08-15 00:00:00+05:00,33.318730652496924,34.4773968362705,32.73091877914084,33.87828063964844,995438.0,0.0,0.0,0.0,BAHL.KA,
2022-08-16 00:00:00+05:00,33.88393967486587,34.336101902447616,33.88393967486587,33.917850494384766,1015780.0,0.0,0.0,0.0,BAHL.KA,
2022-08-17 00:00:00+05:00,34.759999540928284,34.759999540928284,33.912194674076375,34.28522872924805,574976.0,0.0,0.0,0.0,BAHL.KA,
2022-08-18 00:00:00+05:00,33.91785398868117,34.47740628526468,33.3752592596837,33.95176696777344,979484.0,0.0,0.0,0.0,BAHL.KA,
2022-08-19 00:00:00+05:00,34.47739512236109,34.47739512236109,33.34698872490662,33.92349624633789,99737.0,0.0,0.0,0.0,BAHL.KA,
2022-08-22 00:00:00+05:00,33.94045640259449,33.94045640259449,33.346993392086794,33.482643127441406,32593.0,0.0,0.0,0.0,BAHL.KA,
2022-08-23 00:00:00+05:00,33.34699705135427,34.72609242440805,33.34699705135427,33.476993560791016,73210.0,0.0,0.0,0.0,BAHL.KA,
2022-08-24 00:00:00+05:00,34.02523960454976,34.03089068896005,33.17743464175905,33.70872497558594,149028.0,0.0,0.0,0.0,BAHL.KA,
2022-08-25 00:00:00+05:00,33.90089065384642,33.90089065384642,32.95134902198816,33.21699523925781,641437.0,0.0,0.0,0.0,BAHL.KA,
2022-08-26 00:00:00+05:00,32.92874189975312,33.90654546424649,32.510492683061514,32.82700729370117,136321.0,0.0,0.0,0.0,BAHL.KA,
2022-08-29 00:00:00+05:00,33.05309034644362,33.29047686524818,32.42006322309744,33.15482711791992,19797.0,0.0,0.0,0.0,BAHL.KA,
2022-08-30 00:00:00+05:00,33.85568079007454,33.85568079007454,32.32963134709509,32.35789108276367,430701.0,0.0,0.0,0.0,BAHL.KA,
2022-08-31 00:00:00+05:00,32.35788839217571,32.35788839217571,31.227481810789655,31.611820220947266,4622794.0,0.0,0.0,0.0,BAHL.KA,
2022-09-01 00:00:00+05:00,31.928333604285697,32.01876604105364,31.611818997558235,31.702251434326172,90124.0,0.0,0.0,0.0,BAHL.KA,
2022-09-02 00:00:00+05:00,31.736163792931723,32.07528488523374,31.65138244181656,31.843551635742188,157705.0,0.0,0.0,0.0,BAHL.KA,
2022-09-05 00:00:00+05:00,31.66269058623766,31.877468453853776,31.651386260986328,31.651386260986328,51162.0,0.0,0.0,0.0,BAHL.KA,
2022-09-06 00:00:00+05:00,31.93398666381836,31.93398666381836,31.368783360033966,31.93398666381836,21165.0,0.0,0.0,0.0,BAHL.KA,
2022-09-07 00:00:00+05:00,31.76442548542156,32.18832795500616,31.76442548542156,32.075286865234375,52308.0,0.0,0.0,0.0,BAHL.KA,
2022-09-08 00:00:00+05:00,32.2109353934784,32.2109353934784,31.668338614184073,31.78137969970703,65094.0,0.0,0.0,0.0,BAHL.KA,
2022-09-09 00:00:00+05:00,32.14876437377104,32.43136602435181,31.76442595649483,31.8548583984375,689.0,0.0,0.0,0.0,BAHL.KA,
2022-09-12 00:00:00+05:00,31.93398345947266,32.160065620732496,31.651381835937503,31.792682647705078,22364.0,0.0,0.0,0.0,BAHL.KA,
2022-09-13 00:00:00+05:00,31.65138365954268,31.87746583382832,31.538342572399863,31.75312042236328,109736.0,0.0,0.0,0.0,BAHL.KA,
2022-09-14 00:00:00+05:00,32.018766500886414,32.041372993343536,31.657034592540338,31.673992156982422,346719.0,0.0,0.0,0.0,BAHL.KA,
2022-09-15 00:00:00+05:00,31.65138474332181,31.877466925348756,31.6457336590069,31.65703582763672,1364156.0,0.0,0.0,0.0,BAHL.KA,
2022-09-16 00:00:00+05:00,31.657036642192388,31.90007423949705,31.086182244201144,31.13705062866211,713501.0,0.0,0.0,0.0,BAHL.KA,
2022-09-19 00:00:00+05:00,31.645729744611454,31.651380828227353,31.086177599151867,31.351823806762695,137598.0,0.0,0.0,0.0,BAHL.KA,
2022-09-20 00:00:00+05:00,31.340526505347476,31.905729861057694,31.227485402989494,31.724864959716797,163061.0,0.0,0.0,0.0,BAHL.KA,
2022-09-21 00:00:00+05:00,31.928335394999902,31.93398647933012,31.3179147955211,31.43095588684082,76622.0,0.0,0.0,0.0,BAHL.KA,
2022-09-22 00:00:00+05:00,31.792684491404323,31.792684491404323,31.284000677110093,31.560951232910156,18999.0,0.0,0.0,0.0,BAHL.KA,
2022-09-23 00:00:00+05:00,31.707903886447472,31.707903886447472,30.803579479749008,30.882707595825195,81815.0,0.0,0.0,0.0,BAHL.KA,
2022-09-26 00:00:00+05:00,31.589206153870226,31.589206153870226,30.52097246265012,30.775314331054688,187056.0,0.0,0.0,0.0,BAHL.KA,
2022-09-27 00:00:00+05:00,30.905313945819593,31.08617881370389,30.74705772544066,30.87705421447754,315482.0,0.0,0.0,0.0,BAHL.KA,
2022-09-28 00:00:00+05:00,31.086180654028926,31.368782296338278,31.080529569857685,31.10313606262207,72549.0,0.0,0.0,0.0,BAHL.KA,
2022-09-29 00:00:00+05:00,31.103135950431447,31.103135950431447,30.379676438674473,30.447500228881836,104043.0,0.0,0.0,0.0,BAHL.KA,
2022-09-30 00:00:00+05:00,31.024013409200794,31.024013409200794,30.481418677907776,30.52098274230957,215130.0,0.0,0.0,0.0,BAHL.KA,
2022-10-03 00:00:00+05:00,31.07487198635479,31.199217381536894,30.6622739049804,31.091827392578125,56970.0,0.0,0.0,0.0,BAHL.KA,
2022-10-04 00:00:00+05:00,31.357477912960444,31.368782237361096,30.554890285228964,30.605758666992188,108802.0,0.0,0.0,0.0,BAHL.KA,
2022-10-05 00:00:00+05:00,30.52097678235613,30.792274095025324,30.407935696390783,30.594453811645508,59555.0,0.0,0.0,0.0,BAHL.KA,
2022-10-06 00:00:00+05:00,31.080528894718768,31.080528894718768,30.294894535057793,30.554889678955078,379000.0,0.0,0.0,0.0,BAHL.KA,
2022-10-07 00:00:00+05:00,30.634020553637896,30.803581119409557,30.520979457763598,30.532283782958984,18520.0,0.0,0.0,0.0,BAHL.KA,
2022-10-10 00:00:00+05:00,30.520974814213254,30.916617511539275,30.23837319556313,30.436193466186523,49175.0,0.0,0.0,0.0,BAHL.KA,
2022-10-11 00:00:00+05:00,30.520972402823368,30.888355340474167,30.520972402823368,30.80922508239746,49133.0,0.0,0.0,0.0,BAHL.KA,
2022-10-12 00:00:00+05:00,30.520977298946598,30.882707055294738,30.520977298946598,30.797927856445312,606829.0,0.0,0.0,0.0,BAHL.KA,
2022-10-13 00:00:00+05:00,30.526630659640546,30.803581237792965,30.52097957506092,30.80358123779297,48853.0,0.0,0.0,0.0,BAHL.KA,
2022-10-14 00:00:00+05:00,30.436194976506645,31.08052851010893,29.955773063393398,30.622713088989258,143502.0,0.0,0.0,0.0,BAHL.KA,
2022-10-17 00:00:00+05:00,30.52097335476465,30.60575469873732,30.32315309360061,30.40793228149414,57366.0,0.0,0.0,0.0,BAHL.KA,
2022-10-18 00:00:00+05:00,30.526627830257436,30.526627830257436,29.95577347312378,30.051856994628906,132800.0,0.0,0.0,0.0,BAHL.KA,
2022-10-19 00:00:00+05:00,30.238377750374642,30.492719676687162,30.159249630206205,30.30055046081543,21133.0,0.0,0.0,0.0,BAHL.KA,
2022-10-20 00:00:00+05:00,30.407939309776705,30.407939309776705,30.23837873871944,30.357070922851562,26591.0,0.0,0.0,0.0,BAHL.KA,
2022-10-21 00:00:00+05:00,30.255334853745286,30.260988094690674,30.181859970092777,30.181859970092773,281805.0,0.0,0.0,0.0,BAHL.KA,
2022-10-24 00:00:00+05:00,30.520976187882134,30.520976187882134,29.955772925143577,30.15924644470215,99207.0,0.0,0.0,0.0,BAHL.KA,
2022-10-25 00:00:00+05:00,30.23837280273437,30.46445495714912,30.181853342170292,30.238372802734375,103858.0,0.0,0.0,0.0,BAHL.KA,
2022-10-26 00:00:00+05:00,30.221419232075736,30.238374640059348,29.95577300790926,30.006641387939453,70621.0,0.0,0.0,0.0,BAHL.KA,
2022-10-27 00:00:00+05:00,30.351415420456238,30.407934883889016,29.967077032091243,30.114028930664062,58347.0,0.0,0.0,0.0,BAHL.KA,
2022-10-28 00:00:00+05:00,30.831834195872517,30.831834195872517,29.814468864874605,30.170547485351562,461925.0,0.0,0.0,0.0,BAHL.KA,
2022-10-31 00:00:00+05:00,30.40793231997238,30.40793231997238,29.950119098962247,29.989683151245117,70444.0,0.0,0.0,0.0,BAHL.KA,
2022-11-01 00:00:00+05:00,30.35141157319807,30.747054235314952,29.984028639215452,30.23271942138672,139151.0,0.0,0.0,0.0,BAHL.KA,
2022-11-02 00:00:00+05:00,30.04621067321468,30.37968074343229,29.955778221430908,30.227075576782227,40330.0,0.0,0.0,0.0,BAHL.KA,
2022-11-03 00:00:00+05:00,30.351418099944617,30.419241893267447,30.08577185498423,30.244028091430664,163935.0,0.0,0.0,0.0,BAHL.KA,
2022-11-04 00:00:00+05:00,30.379673610223787,30.379673610223787,29.972726594708927,30.238372802734375,81817.0,0.0,0.0,0.0,BAHL.KA,
2022-11-07 00:00:00+05:00,30.634019630468647,30.634019630468647,29.989688206305793,30.51532745361328,44566.0,0.0,0.0,0.0,BAHL.KA,
2022-11-08 00:00:00+05:00,30.238373569006516,30.803576813287012,30.181854107010174,30.752708435058594,111634.0,0.0,0.0,0.0,BAHL.KA,
2022-11-09 00:00:00+05:00,30.752708435058597,30.752708435058597,30.752708435058597,30.752708435058594,0.0,0.0,0.0,0.0,BAHL.KA,
2022-11-10 00:00:00+05:00,30.662282394381382,31.628779626127635,30.52098155385428,31.498783111572266,1120145.0,0.0,0.0,0.0,BAHL.KA,
2022-11-11 00:00:00+05:00,31.93398377898038,31.93398377898038,31.25573944449414,31.374431610107422,859578.0,0.0,0.0,0.0,BAHL.KA,
2022-11-14 00:00:00+05:00,31.651378719234334,31.933980314941785,31.029656071109574,31.080524444580078,686213.0,0.0,0.0,0.0,BAHL.KA,
2022-11-15 00:00:00+05:00,30.639666754241755,31.357475119133593,30.639666754241755,31.086177825927734,445481.0,0.0,0.0,0.0,BAHL.KA,
2022-11-16 00:00:00+05:00,31.58920913785436,31.58920913785436,30.549235076867912,30.831836700439453,254940.0,0.0,0.0,0.0,BAHL.KA,
2022-11-17 00:00:00+05:00,31.36877722361383,31.397036952058926,30.80922511365295,31.312257766723633,489540.0,0.0,0.0,0.0,BAHL.KA,
2022-11-18 00:00:00+05:00,31.086178811518845,31.086178811518845,30.848794480967126,31.069223403930664,516547.0,0.0,0.0,0.0,BAHL.KA,
2022-11-21 00:00:00+05:00,31.029661462937405,31.61182016130748,30.86009875118584,31.38008689880371,431328.0,0.0,0.0,0.0,BAHL.KA,
2022-11-22 00:00:00+05:00,31.19922178057812,31.583560187078355,31.19922178057812,31.453563690185547,53611.0,0.0,0.0,0.0,BAHL.KA,
2022-11-23 00:00:00+05:00,31.65138689391816,31.65138689391816,31.227484390874615,31.510086059570312,279019.0,0.0,0.0,0.0,BAHL.KA,
2022-11-24 00:00:00+05:00,31.402695233086355,31.702252283640505,31.368782259860076,31.413999557495117,348276.0,0.0,0.0,0.0,BAHL.KA,
2022-11-25 00:00:00+05:00,31.538345448157038,31.877468740507734,31.36878488002149,31.736167907714844,88910.0,0.0,0.0,0.0,BAHL.KA,
2022-11-28 00:00:00+05:00,31.736161483068386,31.736161483068386,30.520973704619465,31.142696380615234,148408.0,0.0,0.0,0.0,BAHL.KA,
2022-11-29 00:00:00+05:00,31.4535611114041,31.651381382613735,31.08617814363849,31.628772735595703,19948.0,0.0,0.0,0.0,BAHL.KA,
2022-11-30 00:00:00+05:00,31.628778703412603,31.871816314515396,31.414002984454516,31.481826782226562,29446.0,0.0,0.0,0.0,BAHL.KA,
2022-12-01 00:00:00+05:00,31.65138275323002,32.20528169268202,31.510081937367385,31.80963897705078,78409.0,0.0,0.0,0.0,BAHL.KA,
2022-12-02 00:00:00+05:00,31.651381384561667,32.13180327528849,31.425299226525954,31.820941925048828,21597.0,0.0,0.0,0.0,BAHL.KA,
2022-12-05 00:00:00+05:00,32.04702500152634,32.04702500152634,31.521385801696283,31.572254180908203,156885.0,0.0,0.0,0.0,BAHL.KA,
2022-12-06 00:00:00+05:00,31.470516970952392,31.65138183753769,31.36878021398825,31.408344268798828,112056.0,0.0,0.0,0.0,BAHL.KA,
2022-12-07 00:00:00+05:00,31.397035851553763,33.1209050992299,31.227475330747403,32.78178405761719,1088931.0,0.0,0.0,0.0,BAHL.KA,
2022-12-08 00:00:00+05:00,32.04702409074108,32.697006522110364,32.04702409074108,32.58961868286133,100113.0,0.0,0.0,0.0,BAHL.KA,
2022-12-09 00:00:00+05:00,31.67963743825736,32.821348107269365,31.67963743825736,32.78178405761719,222632.0,0.0,0.0,0.0,BAHL.KA,
2022-12-12 00:00:00+05:00,32.753532893155594,32.83831209768371,32.323977161660025,32.533103942871094,73365.0,0.0,0.0,0.0,BAHL.KA,
2022-12-13 00:00:00+05:00,32.64048220183066,32.81004271711789,32.64048220183066,32.75917434692383,831876.0,0.0,0.0,0.0,BAHL.KA,
2022-12-14 00:00:00+05:00,32.781791728442535,33.90654725538649,31.93398676994833,32.39745330810547,687999.0,0.0,0.0,0.0,BAHL.KA,
2022-12-15 00:00:00+05:00,32.78179175955334,32.78179175955334,31.312264025867236,31.397043228149414,688462.0,0.0,0.0,0.0,BAHL.KA,
2022-12-16 00:00:00+05:00,30.860094613279006,31.93398158200829,30.820530560796477,31.063568115234375,637127.0,0.0,0.0,0.0,BAHL.KA,
2022-12-19 00:00:00+05:00,31.59486394361315,31.59486394361315,30.803578495963972,30.899662017822266,141362.0,0.0,0.0,0.0,BAHL.KA,
2022-12-20 00:00:00+05:00,31.23313516497906,31.374435997921758,30.407938818052806,30.504024505615234,704616.0,0.0,0.0,0.0,BAHL.KA,
2022-12-21 00:00:00+05:00,30.520973790794155,31.56659888230636,29.729688422675228,29.99533462524414,261351.0,0.0,0.0,0.0,BAHL.KA,
2022-12-22 00:00:00+05:00,30.91662073166667,30.91662073166667,29.673173048878713,29.96142578125,137749.0,0.0,0.0,0.0,BAHL.KA,
2022-12-23 00:00:00+05:00,30.153593745295254,30.379675916875847,29.89925399736631,29.978382110595703,371877.0,0.0,0.0,0.0,BAHL.KA,
2022-12-26 00:00:00+05:00,29.757953151197132,31.05792024636607,29.757953151197132,30.554889678955078,401848.0,0.0,0.0,0.0,BAHL.KA,
2022-12-27 00:00:00+05:00,31.029663430410434,31.029663430410434,30.792276912554136,30.80358123779297,6113.0,0.0,0.0,0.0,BAHL.KA,
2022-12-28 00:00:00+05:00,30.379674751918206,30.888358540428555,30.379674751918206,30.684885025024414,142458.0,0.0,0.0,0.0,BAHL.KA,
2022-12-29 00:00:00+05:00,31.63442602704749,31.63442602704749,29.96142279832859,30.249677658081055,1100719.0,0.0,0.0,0.0,BAHL.KA,
2022-12-30 00:00:00+05:00,30.747060812802093,31.933986896983846,30.23837697325019,31.24443817138672,850033.0,0.0,0.0,0.0,BAHL.KA,
2023-01-02 00:00:00+05:00,32.09223936267115,32.09223936267115,31.091829366478954,31.63442611694336,118057.0,0.0,0.0,0.0,BAHL.KA,
2023-01-03 00:00:00+05:00,32.01876884803471,32.01876884803471,31.08618251029407,31.487476348876953,52880.0,0.0,0.0,0.0,BAHL.KA,
2023-01-04 00:00:00+05:00,30.860099437773986,31.764426014944195,30.860099437773986,31.278350830078125,25012.0,0.0,0.0,0.0,BAHL.KA,
2023-01-05 00:00:00+05:00,31.17095963247199,32.216584766859405,31.17095963247199,31.826595306396484,738219.0,0.0,0.0,0.0,BAHL.KA,
2023-01-06 00:00:00+05:00,32.47092689643077,32.47092689643077,31.114438244329502,31.3687801361084,36239.0,0.0,0.0,0.0,BAHL.KA,
2023-01-09 00:00:00+05:00,30.294893403989985,31.0861788181566,30.294893403989985,30.49271583557129,87768.0,0.0,0.0,0.0,BAHL.KA,
2023-01-10 00:00:00+05:00,30.520976579778587,30.520976579778587,29.673171674784736,29.899253845214844,241644.0,0.0,0.0,0.0,BAHL.KA,
2023-01-11 00:00:00+05:00,30.504021326853113,30.504021326853113,29.78621291157601,29.978382110595703,89857.0,0.0,0.0,0.0,BAHL.KA,
2023-01-12 00:00:00+05:00,29.955775099673936,30.74706058738014,29.667522363427526,29.701433181762695,175589.0,0.0,0.0,0.0,BAHL.KA,
2023-01-13 00:00:00+05:00,29.390564938509627,29.870986772188285,29.390564938509627,29.791858673095703,43153.0,0.0,0.0,0.0,BAHL.KA,
2023-01-16 00:00:00+05:00,29.842735635742923,29.842735635742923,29.396224483948636,29.54317855834961,4395.0,0.0,0.0,0.0,BAHL.KA,
2023-01-17 00:00:00+05:00,30.23272279294991,30.5153244179665,28.82536575169239,29.107967376708984,44032.0,0.0,0.0,0.0,BAHL.KA,
2023-01-18 00:00:00+05:00,30.210115837882682,30.210115837882682,28.265815168956614,28.56537437438965,170201.0,0.0,0.0,0.0,BAHL.KA,
2023-01-19 00:00:00+05:00,28.825365441260857,29.221008143239114,27.988864898949856,28.181034088134766,119594.0,0.0,0.0,0.0,BAHL.KA,
2023-01-20 00:00:00+05:00,28.542761594447718,28.712322123198916,27.468874652224976,27.48583221435547,440475.0,0.0,0.0,0.0,BAHL.KA,
2023-01-23 00:00:00+05:00,27.497142505838017,27.627139011301345,27.13541056828144,27.41236114501953,71893.0,0.0,0.0,0.0,BAHL.KA,
2023-01-24 00:00:00+05:00,28.26016398036513,28.26016398036513,27.69496070075783,27.983213424682617,153486.0,0.0,0.0,0.0,BAHL.KA,
2023-01-25 00:00:00+05:00,28.474942980849764,29.107970075885206,27.214539875128352,28.853628158569336,663391.0,0.0,0.0,0.0,BAHL.KA,
2023-01-26 00:00:00+05:00,29.305784968100557,30.29489056508091,29.27752523940265,29.97272491455078,217393.0,0.0,0.0,0.0,BAHL.KA,
2023-01-27 00:00:00+05:00,30.119680933407203,30.22141768827055,29.7296893210713,29.93881607055664,93081.0,0.0,0.0,0.0,BAHL.KA,
2023-01-30 00:00:00+05:00,29.955772399902347,30.1196818606816,28.96666670745274,29.955772399902344,208738.0,0.0,0.0,0.0,BAHL.KA,
2023-01-31 00:00:00+05:00,29.107968019368837,30.803577806904887,29.107968019368837,30.5435848236084,201463.0,0.0,0.0,0.0,BAHL.KA,
2023-02-01 00:00:00+05:00,30.0179419651828,31.42529671022294,30.0179419651828,30.775314331054688,752332.0,0.0,0.0,0.0,BAHL.KA,
2023-02-02 00:00:00+05:00,31.08617656503807,31.312258711579094,30.249676072562906,30.40793228149414,150952.0,0.0,0.0,0.0,BAHL.KA,
2023-02-03 00:00:00+05:00,31.057918784205654,31.057918784205654,30.012291485953334,30.21576499938965,252020.0,0.0,0.0,0.0,BAHL.KA,
2023-02-06 00:00:00+05:00,31.0522676358574,31.0522676358574,30.187507301586756,30.413589477539062,127778.0,0.0,0.0,0.0,BAHL.KA,
2023-02-07 00:00:00+05:00,30.520979312347734,30.944881802797006,30.294897121676296,30.453155517578125,84967.0,0.0,0.0,0.0,BAHL.KA,
2023-02-08 00:00:00+05:00,29.56013263465273,30.9731409073998,29.56013263465273,30.667930603027344,128775.0,0.0,0.0,0.0,BAHL.KA,
2023-02-09 00:00:00+05:00,30.80357673625404,31.707901062409608,30.52662619857431,31.097482681274414,3453037.0,0.0,0.0,0.0,BAHL.KA,
2023-02-10 00:00:00+05:00,30.809231430302052,31.504433397843584,30.52097869133664,30.667930603027344,181325.0,0.0,0.0,0.0,BAHL.KA,
2023-02-13 00:00:00+05:00,31.645734838200518,31.645734838200518,30.74706147307994,31.261396408081055,420692.0,0.0,0.0,0.0,BAHL.KA,
2023-02-14 00:00:00+05:00,31.312259445622015,31.391387551942607,31.02965783386037,31.074872970581055,1320242.0,0.0,0.0,0.0,BAHL.KA,
2023-02-15 00:00:00+05:00,31.22748147172882,31.611819877713376,29.67317243919933,29.837081909179688,4823215.0,0.0,0.0,0.0,BAHL.KA,
2023-02-16 00:00:00+05:00,30.181855480212796,30.38532684630465,29.814472492283713,29.899253845214844,1403137.0,0.0,0.0,0.0,BAHL.KA,
2023-02-17 00:00:00+05:00,29.955773917391614,30.06881500489954,29.68447660102024,29.950122833251953,217430.0,0.0,0.0,0.0,BAHL.KA,
2023-02-20 00:00:00+05:00,30.227068928254198,30.227068928254198,29.729689474803585,29.825775146484375,257463.0,0.0,0.0,0.0,BAHL.KA,
2023-02-21 00:00:00+05:00,29.93881369381952,29.955769099590967,29.673167504311806,29.774904251098633,583703.0,0.0,0.0,0.0,BAHL.KA,
2023-02-22 00:00:00+05:00,29.701427536716754,29.955769406287846,29.701427536716754,29.85968589782715,650506.0,0.0,0.0,0.0,BAHL.KA,
2023-02-23 00:00:00+05:00,29.76925627686837,29.95577439765872,29.757954108407844,29.80316925048828,276065.0,0.0,0.0,0.0,BAHL.KA,
2023-02-24 00:00:00+05:00,29.938815316939444,29.944466400476607,29.81446991832998,29.882293701171875,204039.0,0.0,0.0,0.0,BAHL.KA,
2023-02-27 00:00:00+05:00,29.84272803026349,29.955769099590967,29.75229560601732,29.774904251098633,825670.0,0.0,0.0,0.0,BAHL.KA,
2023-02-28 00:00:00+05:00,29.933162525887305,29.933162525887305,29.644909827430237,29.661865234375,365764.0,0.0,0.0,0.0,BAHL.KA,
2023-03-01 00:00:00+05:00,29.944471259062883,29.944471259062883,29.390572271143945,29.48100471496582,1374931.0,0.0,0.0,0.0,BAHL.KA,
2023-03-02 00:00:00+05:00,29.79751397326582,30.266631517225225,29.56012750348944,29.989683151245117,1050381.0,0.0,0.0,0.0,BAHL.KA,
2023-03-03 00:00:00+05:00,29.95577370042002,30.23837533910323,29.678823145835544,29.904905319213867,854620.0,0.0,0.0,0.0,BAHL.KA,
2023-03-06 00:00:00+05:00,29.955767685935605,30.407929785828273,29.904899314942746,30.012287139892578,724362.0,0.0,0.0,0.0,BAHL.KA,
2023-03-07 00:00:00+05:00,29.961425847861904,30.509673736310276,29.90490638055112,29.927515029907227,643668.0,0.0,0.0,0.0,BAHL.KA,
2023-03-08 00:00:00+05:00,30.181850621779432,30.379670872002723,29.955768487742223,30.334453582763672,1629482.0,0.0,0.0,0.0,BAHL.KA,
2023-03-09 00:00:00+05:00,30.46445938550383,30.58880264803535,30.43619749503439,30.481414794921875,2286305.0,0.0,0.0,0.0,BAHL.KA,
2023-03-10 00:00:00+05:00,30.62430299281198,31.176383798167308,30.137171995965616,30.25408363342285,441734.0,7.0,0.0,0.0,BAHL.KA,
2023-03-13 00:00:00+05:00,30.448937624894814,30.448937624894814,29.240852273433923,29.630556106567383,230693.0,0.0,0.0,0.0,BAHL.KA,
2023-03-14 00:00:00+05:00,29.559108734091232,29.643545469966657,29.26033564121076,29.338275909423828,122057.0,0.0,0.0,0.0,BAHL.KA,
2023-03-15 00:00:00+05:00,29.48766594053808,29.48766594053808,28.90960170499406,28.922592163085938,355410.0,0.0,0.0,0.0,BAHL.KA,
2023-03-16 00:00:00+05:00,29.14991917471341,29.16290963178545,28.74722243850931,28.79269027709961,188540.0,0.0,0.0,0.0,BAHL.KA,
2023-03-17 00:00:00+05:00,28.838157054782016,28.89011640794649,28.513403045055536,28.558868408203125,370917.0,0.0,0.0,0.0,BAHL.KA,
2023-03-20 00:00:00+05:00,28.578357536178924,28.578357536178924,28.22112856251206,28.26659393310547,155113.0,0.0,0.0,0.0,BAHL.KA,
2023-03-21 00:00:00+05:00,28.253600764842822,28.351027965447418,27.94183719165541,28.117204666137695,191437.0,0.0,0.0,0.0,BAHL.KA,
2023-03-22 00:00:00+05:00,28.24710834309481,28.24710834309481,27.285834175286567,27.49367904663086,165433.0,0.0,0.0,0.0,BAHL.KA,
2023-03-23 00:00:00+05:00,27.493679046630856,27.493679046630856,27.493679046630856,27.49367904663086,0.0,0.0,0.0,0.0,BAHL.KA,
2023-03-24 00:00:00+05:00,27.44171290856186,27.539140099307783,27.279335909102915,27.480684280395508,98479.0,0.0,0.0,0.0,BAHL.KA,
2023-03-27 00:00:00+05:00,27.863897088526368,27.863897088526368,27.279338836669925,27.279338836669922,68628.0,0.0,0.0,0.0,BAHL.KA,
2023-03-28 00:00:00+05:00,27.318309300626492,27.441714937375387,27.000049267979836,27.08448600769043,369382.0,0.0,0.0,0.0,BAHL.KA,
2023-03-29 00:00:00+05:00,27.27933887196853,27.27933887196853,26.79220782068338,26.83767318725586,100842.0,0.0,0.0,0.0,BAHL.KA,
2023-03-30 00:00:00+05:00,26.857158585156863,26.922110880895257,26.506426098876485,26.59086036682129,127830.0,0.0,0.0,0.0,BAHL.KA,
2023-03-31 00:00:00+05:00,26.642823726204497,28.57835765165441,26.434981323315707,27.604095458984375,2739400.0,0.0,0.0,0.0,BAHL.KA,
2023-04-03 00:00:00+05:00,27.636565304372358,27.76646740178735,26.96107637995554,27.05200958251953,258319.0,0.0,0.0,0.0,BAHL.KA,
2023-04-04 00:00:00+05:00,27.279337441048973,27.279337441048973,26.30507538958294,26.62982940673828,236117.0,0.0,0.0,0.0,BAHL.KA,
2023-04-05 00:00:00+05:00,27.149438007241727,27.149438007241727,26.2401281564342,26.298583984375,902083.0,0.0,0.0,0.0,BAHL.KA,
2023-04-06 00:00:00+05:00,26.207646797033327,26.62982798791225,26.207646797033327,26.421985626220703,439526.0,0.0,0.0,0.0,BAHL.KA,
2023-04-07 00:00:00+05:00,26.14919220631322,26.66880061262712,26.14919220631322,26.311569213867188,133980.0,0.0,0.0,0.0,BAHL.KA,
2023-04-10 00:00:00+05:00,26.305079839564097,26.538903167899644,26.2401300162162,26.519418716430664,36288.0,0.0,0.0,0.0,BAHL.KA,
2023-04-11 00:00:00+05:00,26.33754980937767,26.629828914955155,26.311568893842676,26.396005630493164,159918.0,0.0,0.0,0.0,BAHL.KA,
2023-04-12 00:00:00+05:00,26.43497749805201,26.62982941285467,26.305075395624733,26.40899658203125,514784.0,0.0,0.0,0.0,BAHL.KA,
2023-04-13 00:00:00+05:00,26.597355200843,26.941593675234675,26.370025896242964,26.73375129699707,227532.0,0.0,0.0,0.0,BAHL.KA,
2023-04-14 00:00:00+05:00,26.733751296997067,26.733751296997067,26.733751296997067,26.73375129699707,0.0,0.0,0.0,0.0,BAHL.KA,
2023-04-17 00:00:00+05:00,26.95458452648946,26.95458452648946,26.629830496049827,26.701276779174805,635111.0,0.0,0.0,0.0,BAHL.KA,
2023-04-18 00:00:00+05:00,26.701277052987802,27.409240945713204,26.68828659431581,27.279338836669922,1411213.0,0.0,0.0,0.0,BAHL.KA,
2023-04-19 00:00:00+05:00,26.993556178916023,27.487181220068514,26.993556178916023,27.279338836669922,132968.0,0.0,0.0,0.0,BAHL.KA,
2023-04-20 00:00:00+05:00,27.961322231053025,29.32529067993164,27.863897506068138,29.32529067993164,2594562.0,0.0,0.0,0.0,BAHL.KA,
2023-04-21 00:00:00+05:00,29.32529067993164,29.32529067993164,29.32529067993164,29.32529067993164,0.0,0.0,0.0,0.0,BAHL.KA,
2023-04-24 00:00:00+05:00,29.32529067993164,29.32529067993164,29.32529067993164,29.32529067993164,0.0,0.0,0.0,0.0,BAHL.KA,
2023-04-25 00:00:00+05:00,29.32529067993164,29.32529067993164,29.32529067993164,29.32529067993164,0.0,0.0,0.0,0.0,BAHL.KA,
2023-04-26 00:00:00+05:00,29.88386301904525,30.91658087371989,29.74746692899,30.364500045776367,2360556.0,0.0,0.0,0.0,BAHL.KA,
2023-04-27 00:00:00+05:00,30.319037910796,30.526880301871195,29.714995187459724,29.870878219604492,1160720.0,0.0,0.0,0.0,BAHL.KA,
2023-04-28 00:00:00+05:00,29.870869179573955,30.513880608089806,29.714986194605146,30.046234130859375,1503223.0,0.0,0.0,0.0,BAHL.KA,
2023-05-01 00:00:00+05:00,30.046234130859375,30.046234130859375,30.046234130859375,30.046234130859375,0.0,0.0,0.0,0.0,BAHL.KA,
2023-05-02 00:00:00+05:00,30.169647603986633,30.332024606723184,29.747466405801024,30.13717269897461,512643.0,0.0,0.0,0.0,BAHL.KA,
2023-05-03 00:00:00+05:00,30.072218492099115,30.33202267096776,29.877366596785766,29.916337966918945,597291.0,0.0,0.0,0.0,BAHL.KA,
2023-05-04 00:00:00+05:00,29.87737361748639,30.916585621806476,29.87737361748639,30.565853118896484,920730.0,0.0,0.0,0.0,BAHL.KA,
2023-05-05 00:00:00+05:00,30.26707504181509,30.7866834794566,30.20212522594823,30.721731185913086,256116.0,0.0,0.0,0.0,BAHL.KA,
2023-05-08 00:00:00+05:00,30.721733030764305,31.501143256353778,30.721733030764305,31.16339874267578,1056546.0,0.0,0.0,0.0,BAHL.KA,
2023-05-09 00:00:00+05:00,30.916581415326334,31.176385619896077,30.208617559434135,30.370994567871094,332701.0,0.0,0.0,0.0,BAHL.KA,
2023-05-10 00:00:00+05:00,30.20212608071132,30.851634168468554,30.007274149919496,30.208620071411133,198364.0,0.0,0.0,0.0,BAHL.KA,
2023-05-11 00:00:00+05:00,30.68925456149221,30.72172946760928,30.007271622327686,30.156658172607422,285525.0,0.0,0.0,0.0,BAHL.KA,
2023-05-12 00:00:00+05:00,29.585091774934646,30.234599837952647,29.585091774934646,29.929332733154297,74490.0,0.0,0.0,0.0,BAHL.KA,
2023-05-15 00:00:00+05:00,29.682520278418615,29.87737221034202,29.30580439604686,29.870878219604492,148643.0,0.0,0.0,0.0,BAHL.KA,
2023-05-16 00:00:00+05:00,29.883866201079545,30.202126256106606,29.747470096500837,29.870878219604492,663745.0,0.0,0.0,0.0,BAHL.KA,
2023-05-17 00:00:00+05:00,29.87736960490589,29.87736960490589,29.305801840453913,29.54612159729004,109052.0,0.0,0.0,0.0,BAHL.KA,
2023-05-18 00:00:00+05:00,29.552621461261477,29.552621461261477,28.83816347195014,28.883628845214844,337707.0,0.0,0.0,0.0,BAHL.KA,
2023-05-19 00:00:00+05:00,29.377248077925184,29.377248077925184,28.578353493496355,28.610828399658203,235343.0,0.0,0.0,0.0,BAHL.KA,
2023-05-22 00:00:00+05:00,28.740730507996204,28.805680320333497,28.058747567748547,28.389995574951172,126766.0,0.0,0.0,0.0,BAHL.KA,
2023-05-23 00:00:00+05:00,28.253596121138607,28.415973110340552,28.058744229631518,28.18864631652832,88298.0,0.0,0.0,0.0,BAHL.KA,
2023-05-24 00:00:00+05:00,28.260093445889034,28.318549268007956,27.772962420790208,27.95482635498047,120091.0,0.0,0.0,0.0,BAHL.KA,
2023-05-25 00:00:00+05:00,27.928845656049123,28.091222665677314,27.63656654318307,27.82492446899414,81920.0,0.0,0.0,0.0,BAHL.KA,
2023-05-26 00:00:00+05:00,27.83142092550112,27.928848130982228,27.376767240393978,27.61058807373047,675549.0,0.0,0.0,0.0,BAHL.KA,
2023-05-29 00:00:00+05:00,27.604091928801083,27.76646894014697,27.40924001072133,27.526151657104492,115445.0,0.0,0.0,0.0,BAHL.KA,
2023-05-30 00:00:00+05:00,27.604092788497777,27.604092788497777,27.35078503933747,27.448209762573242,247660.0,0.0,0.0,0.0,BAHL.KA,
2023-05-31 00:00:00+05:00,27.6040936378095,27.6040936378095,27.344289412500604,27.435222625732422,121452.0,0.0,0.0,0.0,BAHL.KA,
2023-06-01 00:00:00+05:00,27.409240945713204,27.441715853554864,27.279338836669925,27.279338836669922,88036.0,0.0,0.0,0.0,BAHL.KA,
2023-06-02 00:00:00+05:00,27.27934028411936,27.60409433512078,26.95458623311794,27.53914451599121,52585.0,0.0,0.0,0.0,BAHL.KA,
2023-06-05 00:00:00+05:00,27.57161657243728,28.1236974109395,27.14943535875215,27.285831451416016,119540.0,0.0,0.0,0.0,BAHL.KA,
2023-06-06 00:00:00+05:00,27.454709293322068,28.240613545738064,27.285835789926136,28.058752059936523,555718.0,0.0,0.0,0.0,BAHL.KA,
2023-06-07 00:00:00+05:00,28.00029094335739,28.83815687795656,27.928844665227412,28.24060821533203,404236.0,0.0,0.0,0.0,BAHL.KA,
2023-06-08 00:00:00+05:00,28.25359637920673,28.31854618441027,27.39624606660352,27.44171142578125,245770.0,0.0,0.0,0.0,BAHL.KA,
2023-06-09 00:00:00+05:00,27.44171304871558,27.60409004900384,27.09097813345061,27.29882049560547,328317.0,0.0,0.0,0.0,BAHL.KA,
2023-06-12 00:00:00+05:00,27.298820446337245,27.298820446337245,26.694777808140977,26.863651275634766,421188.0,0.0,0.0,0.0,BAHL.KA,
2023-06-13 00:00:00+05:00,26.95458642127103,27.279340474539357,26.31806877418633,26.428483963012695,214805.0,0.0,0.0,0.0,BAHL.KA,
2023-06-14 00:00:00+05:00,26.454460135040165,26.694777397587707,26.175171501129633,26.233627319335938,207039.0,0.0,0.0,0.0,BAHL.KA,
2023-06-15 00:00:00+05:00,26.188163646745082,26.49343321458001,26.188163646745082,26.3635311126709,278713.0,0.0,0.0,0.0,BAHL.KA,
2023-06-16 00:00:00+05:00,26.62983202425503,26.62983202425503,25.98681791690622,26.298583984375,107817.0,0.0,0.0,0.0,BAHL.KA,
2023-06-19 00:00:00+05:00,26.499926927059605,26.551888758349406,25.98032100254402,25.999805450439453,320820.0,0.0,0.0,0.0,BAHL.KA,
2023-06-20 00:00:00+05:00,25.980324608672134,26.597357813663464,25.973830617697775,26.40250587463379,441134.0,0.0,0.0,0.0,BAHL.KA,
2023-06-21 00:00:00+05:00,26.434976363531714,26.499926173119615,26.25311243686804,26.344045639038086,343600.0,0.0,0.0,0.0,BAHL.KA,
2023-06-22 00:00:00+05:00,25.986814605763985,26.56487882071348,25.986814605763985,26.25311279296875,743843.0,0.0,0.0,0.0,BAHL.KA,
2023-06-23 00:00:00+05:00,26.142695848056746,26.30507284090182,25.98031885521167,26.136201858520508,212332.0,0.0,0.0,0.0,BAHL.KA,
2023-06-26 00:00:00+05:00,26.30507748933569,27.279339618570347,26.15569092684092,27.21438980102539,368067.0,0.0,0.0,0.0,BAHL.KA,
2023-06-27 00:00:00+05:00,26.95458637014531,28.57186264253182,26.72725952435938,28.071741104125977,2161747.0,0.0,0.0,0.0,BAHL.KA,
2023-06-28 00:00:00+05:00,28.07174110412598,28.07174110412598,28.07174110412598,28.071741104125977,0.0,0.0,0.0,0.0,BAHL.KA,
2023-06-29 00:00:00+05:00,28.07174110412598,28.07174110412598,28.07174110412598,28.071741104125977,0.0,0.0,0.0,0.0,BAHL.KA,
2023-06-30 00:00:00+05:00,28.07174110412598,28.07174110412598,28.07174110412598,28.071741104125977,0.0,0.0,0.0,0.0,BAHL.KA,
2023-07-03 00:00:00+05:00,29.221369200117863,29.682519335816817,28.903109155197505,29.403230667114258,934427.0,0.0,0.0,0.0,BAHL.KA,
2023-07-04 00:00:00+05:00,29.162907435833038,29.22785723862619,27.3637701484898,28.643299102783203,327783.0,0.0,0.0,0.0,BAHL.KA,
2023-07-05 00:00:00+05:00,28.740728418665785,28.903105415381415,27.64306081283164,28.130191802978516,636219.0,0.0,0.0,0.0,BAHL.KA,
2023-07-06 00:00:00+05:00,27.922349465072394,28.734234449222626,27.733991554107217,28.571857452392578,523079.0,0.0,0.0,0.0,BAHL.KA,
2023-07-07 00:00:00+05:00,28.578352575102336,28.831660303771603,28.383500666716472,28.636808395385742,617499.0,0.0,0.0,0.0,BAHL.KA,
2023-07-10 00:00:00+05:00,28.825170425561925,29.162914937857057,28.65629693057596,28.994041442871094,398510.0,0.0,0.0,0.0,BAHL.KA,
2023-07-11 00:00:00+05:00,29.156416935166376,30.88410830636543,28.968058999776318,30.767196655273438,1706600.0,0.0,0.0,0.0,BAHL.KA,
2023-07-12 00:00:00+05:00,30.539870125871403,32.28055197318198,30.39697755585023,31.618053436279297,1065844.0,0.0,0.0,0.0,BAHL.KA,
2023-07-13 00:00:00+05:00,31.631040073137655,32.78066952964478,31.01400697803929,31.397216796875,1716569.0,0.0,0.0,0.0,BAHL.KA,
2023-07-14 00:00:00+05:00,31.33876622925917,31.728470103215507,30.936071895814052,31.16339874267578,87589.0,0.0,0.0,0.0,BAHL.KA,
2023-07-17 00:00:00+05:00,31.176386488669827,31.468665607536426,30.591828250936633,31.014009475708008,80744.0,0.0,0.0,0.0,BAHL.KA,
2023-07-18 00:00:00+05:00,31.111435044686846,31.111435044686846,30.202122828667143,30.273569107055664,216020.0,0.0,0.0,0.0,BAHL.KA,
2023-07-19 00:00:00+05:00,30.526879450560408,32.475403670808944,30.143669588137794,32.18312454223633,1829280.0,0.0,0.0,0.0,BAHL.KA,
2023-07-20 00:00:00+05:00,32.31952082751935,33.05996211668928,32.15064981764481,32.49488830566406,1287889.0,0.0,0.0,0.0,BAHL.KA,
2023-07-21 00:00:00+05:00,32.83912898967863,34.19010449011681,32.4754035776454,33.72245788574219,1692322.0,0.0,0.0,0.0,BAHL.KA,
2023-07-24 00:00:00+05:00,33.72245523268596,34.014734337425544,33.384713242405184,33.845863342285156,665129.0,0.0,0.0,0.0,BAHL.KA,
2023-07-25 00:00:00+05:00,33.845865893884394,34.976008547175596,32.481897461497205,34.61228561401367,634578.0,0.0,0.0,0.0,BAHL.KA,
2023-07-26 00:00:00+05:00,34.4239294764131,35.008487760479504,33.44966732142027,34.56682205200195,263966.0,0.0,0.0,0.0,BAHL.KA,
2023-07-27 00:00:00+05:00,34.56682205200195,34.56682205200195,34.56682205200195,34.56682205200195,0.0,0.0,0.0,0.0,BAHL.KA,
2023-07-28 00:00:00+05:00,34.56682205200195,34.56682205200195,34.56682205200195,34.56682205200195,0.0,0.0,0.0,0.0,BAHL.KA,
2023-07-31 00:00:00+05:00,35.00848429835958,36.92453103155235,34.553828175456886,36.508846282958984,4956567.0,0.0,0.0,0.0,BAHL.KA,
2023-08-01 00:00:00+05:00,37.18433358542902,37.6714645930984,36.365954582722104,36.8725700378418,3464789.0,0.0,0.0,0.0,BAHL.KA,
2023-08-02 00:00:00+05:00,37.08690536840652,39.606997072221944,36.89205346625627,37.073917388916016,2926787.0,0.0,0.0,0.0,BAHL.KA,
2023-08-03 00:00:00+05:00,37.645485536495364,37.645485536495364,36.313994545335845,36.385440826416016,973792.0,0.0,0.0,0.0,BAHL.KA,
2023-08-04 00:00:00+05:00,36.372449340307284,36.989482458579936,35.606029673850976,36.586788177490234,1222848.0,0.0,0.0,0.0,BAHL.KA,
2023-08-07 00:00:00+05:00,36.98948741464528,38.957496197994196,36.0477001582195,36.16461181640625,2314151.0,0.0,0.0,0.0,BAHL.KA,
2023-08-08 00:00:00+05:00,35.852849674259154,36.34647476842606,34.59280230219223,34.735694885253906,318572.0,0.0,0.0,0.0,BAHL.KA,
2023-08-09 00:00:00+05:00,35.00199047531252,35.38520034644272,34.748682717352615,34.852603912353516,357690.0,0.0,0.0,0.0,BAHL.KA,
2023-08-10 00:00:00+05:00,35.06694402651161,35.72944011981892,34.423929906013925,34.52785110473633,1668348.0,0.0,0.0,0.0,BAHL.KA,
2023-08-11 00:00:00+05:00,34.74867953315858,36.112645402268036,34.74867953315858,35.78789138793945,1713386.0,0.0,0.0,0.0,BAHL.KA,
2023-08-14 00:00:00+05:00,35.78789138793945,35.78789138793945,35.78789138793945,35.78789138793945,0.0,0.0,0.0,0.0,BAHL.KA,
2023-08-15 00:00:00+05:00,35.91779288639552,36.762152813943594,35.664485155898745,35.95026779174805,678960.0,0.0,0.0,0.0,BAHL.KA,
2023-08-16 00:00:00+05:00,35.72294415736026,36.372452232948625,35.43066502781016,35.6774787902832,207183.0,0.0,0.0,0.0,BAHL.KA,
2023-08-17 00:00:00+05:00,35.71644596089802,35.72293995071145,35.157868685240494,35.7099494934082,317076.0,0.0,0.0,0.0,BAHL.KA,
2023-08-18 00:00:00+05:00,35.39819073262977,36.015223910660495,35.39169674193916,35.51510238647461,399337.0,0.0,0.0,0.0,BAHL.KA,
2023-08-21 00:00:00+05:00,35.242304314498085,35.38519687272553,34.118655729583935,34.37845993041992,623025.0,0.0,0.0,0.0,BAHL.KA,
2023-08-22 00:00:00+05:00,34.423927143991946,34.55382925139139,33.28728804018089,33.67049789428711,640311.0,0.0,0.0,0.0,BAHL.KA,
2023-08-23 00:00:00+05:00,34.287527878534696,36.197080504560276,33.2872849649457,36.151615142822266,4938589.0,0.0,0.0,0.0,BAHL.KA,
2023-08-24 00:00:00+05:00,36.41791171765564,36.827102432931625,35.72293838724516,36.067176818847656,1287527.0,0.0,0.0,0.0,BAHL.KA,
2023-08-25 00:00:00+05:00,36.02820561677295,36.339969125391605,35.49560931317324,35.7164421081543,644329.0,0.0,0.0,0.0,BAHL.KA,
2023-08-28 00:00:00+05:00,35.657989726761556,37.02195551793056,35.4956127288759,35.96975326538086,1023220.0,0.0,0.0,0.0,BAHL.KA,
2023-08-29 00:00:00+05:00,36.04769901094403,36.242550942494866,35.235813898084935,35.39169692993164,1130610.0,0.0,0.0,0.0,BAHL.KA,
2023-08-30 00:00:00+05:00,35.39819016186903,35.722944200051316,34.60578951584772,34.80064392089844,368400.0,0.0,0.0,0.0,BAHL.KA,
2023-08-31 00:00:00+05:00,34.839610272703915,35.073433559529015,32.819639906458356,33.14439392089844,1615751.0,0.0,0.0,0.0,BAHL.KA,
2023-09-01 00:00:00+05:00,33.51461408641122,34.22907442156813,33.13140424126318,33.95627975463867,1028874.0,0.0,0.0,0.0,BAHL.KA,
2023-09-04 00:00:00+05:00,34.261546879530854,35.040956972325596,34.0991698801018,34.391448974609375,1014578.0,0.0,0.0,0.0,BAHL.KA,
2023-09-05 00:00:00+05:00,35.12257999898856,35.12257999898856,32.652358425637374,33.20602798461914,950179.0,4.5,0.0,0.0,BAHL.KA,
2023-09-06 00:00:00+05:00,33.2060238816581,33.326697034203434,32.34712564428651,33.14923858642578,147647.0,0.0,0.0,0.0,BAHL.KA,
2023-09-07 00:00:00+05:00,32.460706185954926,33.14924598347188,32.013510039581945,32.517494201660156,1440314.0,0.0,0.0,0.0,BAHL.KA,
2023-09-08 00:00:00+05:00,32.510389050388255,32.9717821255342,32.29743944178289,32.41810989379883,1047252.0,0.0,0.0,0.0,BAHL.KA,
2023-09-11 00:00:00+05:00,32.63816080663444,32.645260661657275,32.162573416554096,32.31163787841797,496571.0,0.0,0.0,0.0,BAHL.KA,
2023-09-12 00:00:00+05:00,32.36842484706536,32.36842484706536,31.23269168702152,31.310773849487305,912345.0,0.0,0.0,0.0,BAHL.KA,
2023-09-13 00:00:00+05:00,31.48822924324481,31.56631139806873,30.955853868864793,31.509523391723633,941652.0,0.0,0.0,0.0,BAHL.KA,
2023-09-14 00:00:00+05:00,31.58760504742015,31.935424811284918,31.481128891106145,31.899930953979492,220570.0,0.0,0.0,0.0,BAHL.KA,
2023-09-15 00:00:00+05:00,32.01350382417795,32.169668129246496,31.31076986697173,31.594701766967773,241173.0,0.0,0.0,0.0,BAHL.KA,
2023-09-18 00:00:00+05:00,31.92832752649465,31.93542738164763,31.587607589788153,31.722475051879883,67343.0,0.0,0.0,0.0,BAHL.KA,
2023-09-19 00:00:00+05:00,31.87154198611767,32.297441226867925,31.807656829225,31.836048126220703,735718.0,0.0,0.0,0.0,BAHL.KA,
2023-09-20 00:00:00+05:00,32.06319173868907,32.06319173868907,31.58760438809596,31.7437686920166,142208.0,0.0,0.0,0.0,BAHL.KA,
2023-09-21 00:00:00+05:00,31.864440731046443,31.942522886907078,31.594703112928222,31.81475257873535,333888.0,0.0,0.0,0.0,BAHL.KA,
2023-09-22 00:00:00+05:00,31.93542550781256,31.970916658090932,31.65858803691841,31.928325653076172,835123.0,0.0,0.0,0.0,BAHL.KA,
2023-09-25 00:00:00+05:00,31.94252195146644,32.212259561685364,31.594702187673526,31.9354248046875,876269.0,0.0,0.0,0.0,BAHL.KA,
2023-09-26 00:00:00+05:00,31.786359639349396,32.21935873067188,31.786359639349396,31.942523956298828,1432815.0,0.0,0.0,0.0,BAHL.KA,
2023-09-27 00:00:00+05:00,31.928329648838513,32.198067298753365,31.928329648838513,31.978017807006836,741668.0,0.0,0.0,0.0,BAHL.KA,
2023-09-28 00:00:00+05:00,31.97801780700684,31.97801780700684,31.97801780700684,31.978017807006836,0.0,0.0,0.0,0.0,BAHL.KA,
2023-09-29 00:00:00+05:00,31.97801780700684,31.97801780700684,31.97801780700684,31.978017807006836,0.0,0.0,0.0,0.0,BAHL.KA,
2023-10-02 00:00:00+05:00,31.871545047757774,32.40392050373723,31.871545047757774,32.21226501464844,924817.0,0.0,0.0,0.0,BAHL.KA,
2023-10-03 00:00:00+05:00,31.97801181314162,33.00017420741665,31.942520665073967,32.822715759277344,2016550.0,0.0,0.0,0.0,BAHL.KA,
2023-10-04 00:00:00+05:00,32.687849631059905,33.78809160345319,32.66655548115724,33.04276657104492,2198334.0,0.0,0.0,0.0,BAHL.KA,
2023-10-05 00:00:00+05:00,33.355095588726506,33.986847315801576,33.11375195849319,33.71710968017578,1003130.0,0.0,0.0,0.0,BAHL.KA,
2023-10-06 00:00:00+05:00,33.87327905792172,33.87327905792172,33.18473921729098,33.688720703125,665063.0,0.0,0.0,0.0,BAHL.KA,
2023-10-09 00:00:00+05:00,33.36218981840343,35.17226553294807,33.36218981840343,35.065792083740234,722383.0,0.0,0.0,0.0,BAHL.KA,
2023-10-10 00:00:00+05:00,34.78186390187481,35.88210599394521,34.22109442582933,35.846614837646484,417006.0,0.0,0.0,0.0,BAHL.KA,
2023-10-11 00:00:00+05:00,36.116345364134986,36.116345364134986,35.314232392807504,35.662052154541016,308254.0,0.0,0.0,0.0,BAHL.KA,
2023-10-12 00:00:00+05:00,36.08085270898202,36.08085270898202,35.49168936576583,35.56267166137695,202483.0,0.0,0.0,0.0,BAHL.KA,
2023-10-13 00:00:00+05:00,35.49169409355368,36.591936068893574,35.49169409355368,36.42157745361328,647378.0,0.0,0.0,0.0,BAHL.KA,
2023-10-16 00:00:00+05:00,36.91136182373332,36.91136182373332,35.85370814927452,36.21572494506836,503332.0,0.0,0.0,0.0,BAHL.KA,
2023-10-17 00:00:00+05:00,36.47836098964209,36.54934599907257,35.84660929861762,36.265411376953125,901469.0,0.0,0.0,0.0,BAHL.KA,
2023-10-18 00:00:00+05:00,36.187329728474836,36.55644365929121,36.187329728474836,36.244117736816406,224696.0,0.0,0.0,0.0,BAHL.KA,
2023-10-19 00:00:00+05:00,36.69841336498549,37.08882147048292,36.25831710285029,36.925559997558594,389195.0,0.0,0.0,0.0,BAHL.KA,
2023-10-20 00:00:00+05:00,37.23078861224936,38.33103061615272,36.769395493934354,37.99031066894531,945719.0,0.0,0.0,0.0,BAHL.KA,
2023-10-23 00:00:00+05:00,38.3239345254291,38.7072427842319,38.02580287102524,38.657554626464844,374872.0,0.0,0.0,0.0,BAHL.KA,
2023-10-24 00:00:00+05:00,38.93438609274061,38.93438609274061,35.924692046198636,38.63625717163086,233542.0,0.0,0.0,0.0,BAHL.KA,
2023-10-25 00:00:00+05:00,38.66465233152995,41.532379150390625,38.34522654379261,41.532379150390625,3770860.0,0.0,0.0,0.0,BAHL.KA,
2023-10-26 00:00:00+05:00,44.64855194091797,44.64855194091797,44.00970036857616,44.64855194091797,2490844.0,0.0,0.0,0.0,BAHL.KA,
2023-10-27 00:00:00+05:00,45.92625093806595,47.99897003173828,44.08068389025609,47.99897003173828,8067166.0,0.0,0.0,0.0,BAHL.KA,
2023-10-30 00:00:00+05:00,48.19772166544639,48.588127051140404,47.388511473306515,48.24740982055664,1718412.0,0.0,0.0,0.0,BAHL.KA,
2023-10-31 00:00:00+05:00,48.09125071707255,49.049525478498715,47.98477454011334,48.43906784057617,896517.0,0.0,0.0,0.0,BAHL.KA,
2023-11-01 00:00:00+05:00,48.4887470189408,49.68126806565197,48.2616004107864,48.5881233215332,812680.0,0.0,0.0,0.0,BAHL.KA,
2023-11-02 00:00:00+05:00,48.139853216420306,49.38589692115784,47.106547832489014,48.62611389160156,891697.0,4.5,0.0,0.0,BAHL.KA,
2023-11-03 00:00:00+05:00,48.648910472060734,49.30992384916237,48.2538229162672,48.88444137573242,88443.0,0.0,0.0,0.0,BAHL.KA,
2023-11-06 00:00:00+05:00,49.23394601127334,50.525574931448446,48.930031619265996,50.274845123291016,597187.0,0.0,0.0,0.0,BAHL.KA,
2023-11-07 00:00:00+05:00,49.993728583038575,50.890272842139254,47.58521473155347,48.26142120361328,1799650.0,0.0,0.0,0.0,BAHL.KA,
2023-11-08 00:00:00+05:00,48.0486829707407,49.271931287709705,48.0486829707407,48.84645462036133,296206.0,0.0,0.0,0.0,BAHL.KA,
2023-11-09 00:00:00+05:00,48.84645462036133,48.84645462036133,48.84645462036133,48.84645462036133,0.0,0.0,0.0,0.0,BAHL.KA,
2023-11-10 00:00:00+05:00,49.006011343946156,49.8797630931365,47.4104679478989,49.431488037109375,549797.0,0.0,0.0,0.0,BAHL.KA,
2023-11-13 00:00:00+05:00,50.145685608800086,52.80492651229706,49.401095605279465,52.250282287597656,1979770.0,0.0,0.0,0.0,BAHL.KA,
2023-11-14 00:00:00+05:00,52.425029863504754,53.94459594650489,50.981440925317706,52.55419158935547,1161557.0,0.0,0.0,0.0,BAHL.KA,
2023-11-15 00:00:00+05:00,51.7412286734266,53.108840591204526,50.829491259364715,51.00423812866211,473088.0,0.0,0.0,0.0,BAHL.KA,
2023-11-16 00:00:00+05:00,50.905467439259304,50.905467439259304,49.87976141885004,50.00132369995117,479560.0,0.0,0.0,0.0,BAHL.KA,
2023-11-17 00:00:00+05:00,50.145687039026235,50.74591641282287,49.91774977926563,50.38121795654297,2659396.0,0.0,0.0,0.0,BAHL.KA,
2023-11-20 00:00:00+05:00,50.22165393875742,51.475297018092064,50.145676799912565,50.91305923461914,621158.0,0.0,0.0,0.0,BAHL.KA,
2023-11-21 00:00:00+05:00,51.28535698137955,52.04514004777036,50.905465448184145,51.5132942199707,527171.0,0.0,0.0,0.0,BAHL.KA,
2023-11-22 00:00:00+05:00,51.3613315575448,54.51443228456009,51.35373210418958,53.9749870300293,4771530.0,0.0,0.0,0.0,BAHL.KA,
2023-11-23 00:00:00+05:00,53.952196576820775,55.08427171027752,53.56470559413193,54.5980110168457,3422179.0,0.0,0.0,0.0,BAHL.KA,
2023-11-24 00:00:00+05:00,54.59801174510885,55.84405551323398,54.32448937681945,55.39578628540039,1203031.0,0.0,0.0,0.0,BAHL.KA,
2023-11-27 00:00:00+05:00,55.40337561629898,56.60383416153305,54.55242235623176,56.003604888916016,554550.0,0.0,0.0,0.0,BAHL.KA,
2023-11-28 00:00:00+05:00,56.22394674857898,57.13568410690906,55.99600951065408,56.93814468383789,3498343.0,0.0,0.0,0.0,BAHL.KA,
2023-11-29 00:00:00+05:00,57.50798316615474,57.705522593293594,55.844056366420205,56.505069732666016,941392.0,0.0,0.0,0.0,BAHL.KA,
2023-11-30 00:00:00+05:00,56.5050725628218,57.47759402622617,55.471767058783364,55.92003631591797,348368.0,0.0,0.0,0.0,BAHL.KA,
2023-12-01 00:00:00+05:00,56.527858269312496,57.05970406860891,55.51734545396484,56.66461944580078,1719442.0,0.0,0.0,0.0,BAHL.KA,
2023-12-04 00:00:00+05:00,56.763394899508235,58.27536165060681,56.763394899508235,57.39401626586914,483270.0,0.0,0.0,0.0,BAHL.KA,
2023-12-05 00:00:00+05:00,57.39401498871078,57.74351451252651,56.22394834114424,57.69792938232422,291311.0,0.0,0.0,0.0,BAHL.KA,
2023-12-06 00:00:00+05:00,57.067310487443585,58.57927727000588,57.067310487443585,58.41972351074219,975771.0,0.0,0.0,0.0,BAHL.KA,
2023-12-07 00:00:00+05:00,58.503306457866756,62.80368215652952,58.427329297128765,62.41619110107422,4107780.0,0.0,0.0,0.0,BAHL.KA,
2023-12-08 00:00:00+05:00,62.68210825755854,66.17710949803687,62.68210825755854,66.06314086914062,2494915.0,0.0,0.0,0.0,BAHL.KA,
2023-12-11 00:00:00+05:00,65.83520683964153,66.8457197548483,64.69553218851104,65.39453125,1562977.0,0.0,0.0,0.0,BAHL.KA,
2023-12-12 00:00:00+05:00,65.9111898192371,66.0631441341519,64.96146085930572,65.02983856201172,204555.0,0.0,0.0,0.0,BAHL.KA,
2023-12-13 00:00:00+05:00,65.34134077835327,66.8457137328612,61.96030860326345,63.571044921875,458960.0,0.0,0.0,0.0,BAHL.KA,
2023-12-14 00:00:00+05:00,64.50558538691124,64.50558538691124,61.557623293016526,62.93283462524414,1687425.0,0.0,0.0,0.0,BAHL.KA,
2023-12-15 00:00:00+05:00,62.30221938297274,63.06200254617972,61.542436219765754,62.119873046875,280167.0,0.0,0.0,0.0,BAHL.KA,
2023-12-18 00:00:00+05:00,62.23382200781766,62.834045415929936,60.40274238090654,61.056156158447266,1386333.0,0.0,0.0,0.0,BAHL.KA,
2023-12-19 00:00:00+05:00,60.78265971554697,62.15027187782124,60.022876469102634,60.364776611328125,716477.0,0.0,0.0,0.0,BAHL.KA,
2023-12-20 00:00:00+05:00,61.519625734163625,61.519625734163625,59.26306946921266,59.46820831298828,2737011.0,0.0,0.0,0.0,BAHL.KA,
2023-12-21 00:00:00+05:00,59.64297146734424,60.0228630053528,58.95916553959186,59.74174118041992,267158.0,0.0,0.0,0.0,BAHL.KA,
2023-12-22 00:00:00+05:00,59.301067999863164,59.90889094779674,59.111122241755574,59.24028396606445,586284.0,0.0,0.0,0.0,BAHL.KA,
2023-12-25 00:00:00+05:00,59.24028396606445,59.24028396606445,59.24028396606445,59.24028396606445,0.0,0.0,0.0,0.0,BAHL.KA,
2023-12-26 00:00:00+05:00,58.503301149474076,59.26308428128542,57.74351801766272,57.91067123413086,583855.0,0.0,0.0,0.0,BAHL.KA,
2023-12-27 00:00:00+05:00,57.74351733857614,59.642975145766144,57.4396029300887,59.24789047241211,2616454.0,0.0,0.0,0.0,BAHL.KA,
2023-12-28 00:00:00+05:00,58.883185700340725,63.6926137429406,58.13100211253064,62.80366897583008,3547988.0,0.0,0.0,0.0,BAHL.KA,
2023-12-29 00:00:00+05:00,63.70781632942509,63.70781632942509,60.554715079708004,61.192935943603516,2352331.0,0.0,0.0,0.0,BAHL.KA,
2024-01-01 00:00:00+05:00,61.53483390920696,63.700214664513624,61.154942345234375,63.12278366088867,605603.0,0.0,0.0,0.0,BAHL.KA,
2024-01-02 00:00:00+05:00,63.73060316286729,63.82177921998813,62.30221304808365,63.09238815307617,1000887.0,0.0,0.0,0.0,BAHL.KA,
2024-01-03 00:00:00+05:00,63.20636500020715,63.82178752497283,63.062004340151724,63.26714324951172,653613.0,0.0,0.0,0.0,BAHL.KA,
2024-01-04 00:00:00+05:00,63.814180679839716,64.53597809984103,62.91004273635556,63.05439758300781,506758.0,0.0,0.0,0.0,BAHL.KA,
2024-01-05 00:00:00+05:00,62.70490312855095,63.783793822158614,61.390481510803916,62.38579559326172,467640.0,0.0,0.0,0.0,BAHL.KA,
2024-01-08 00:00:00+05:00,63.046796274448084,63.061989383999524,62.416174989403856,62.636512756347656,393009.0,0.0,0.0,0.0,BAHL.KA,
2024-01-09 00:00:00+05:00,63.04679857132903,64.5055806021531,62.446569280204805,63.571044921875,449766.0,0.0,0.0,0.0,BAHL.KA,
2024-01-10 00:00:00+05:00,63.25194562866203,64.18648142993332,61.54243358464414,62.104671478271484,705195.0,0.0,0.0,0.0,BAHL.KA,
2024-01-11 00:00:00+05:00,62.96323044322287,62.96323044322287,61.54243389489211,61.89193344116211,877346.0,0.0,0.0,0.0,BAHL.KA,
2024-01-12 00:00:00+05:00,62.34780850317323,62.9480379360764,62.09708444876933,62.560546875,457942.0,0.0,0.0,0.0,BAHL.KA,
2024-01-15 00:00:00+05:00,62.98601717510598,63.06199432218129,62.0514814556938,62.25662612915039,97046.0,0.0,0.0,0.0,BAHL.KA,
2024-01-16 00:00:00+05:00,62.2566373245187,62.826474725082335,62.00590747706611,62.41619110107422,107808.0,0.0,0.0,0.0,BAHL.KA,
2024-01-17 00:00:00+05:00,62.49216087373928,63.28993545888659,62.302215096007544,62.4389762878418,356493.0,0.0,0.0,0.0,BAHL.KA,
2024-01-18 00:00:00+05:00,63.02400843424679,63.02400843424679,60.85862766898077,61.869140625,184447.0,0.0,0.0,0.0,BAHL.KA,
2024-01-19 00:00:00+05:00,62.454165949080654,62.659310623840845,60.78264551606284,61.26130676269531,290701.0,0.0,0.0,0.0,BAHL.KA,
2024-01-22 00:00:00+05:00,61.83874804638126,65.68324880185098,61.16254152923387,64.37642669677734,1334353.0,0.0,0.0,0.0,BAHL.KA,
2024-01-23 00:00:00+05:00,64.74112094558694,67.9625998501367,64.6651437905933,66.54180908203125,1521833.0,0.0,0.0,0.0,BAHL.KA,
2024-01-24 00:00:00+05:00,66.84572408653939,68.19053771147766,66.84572408653939,67.75746154785156,1278230.0,0.0,0.0,0.0,BAHL.KA,
2024-01-25 00:00:00+05:00,68.34248823186739,68.34248823186739,66.1011303824025,66.24549102783203,449779.0,0.0,0.0,0.0,BAHL.KA,
2024-01-26 00:00:00+05:00,66.17711968081552,66.7469571162933,64.69554466724776,65.1969985961914,156150.0,0.0,0.0,0.0,BAHL.KA,
2024-01-29 00:00:00+05:00,64.59675919561154,66.48102390953179,63.061999822755865,66.06314086914062,365695.0,0.0,0.0,0.0,BAHL.KA,
2024-01-30 00:00:00+05:00,66.10113557623923,66.67097295189646,64.58916869590065,65.88839721679688,599629.0,0.0,0.0,0.0,BAHL.KA,
2024-01-31 00:00:00+05:00,66.86091286632195,68.38047906782927,62.3402057355117,65.39453125,6923855.0,0.0,0.0,0.0,BAHL.KA,
2024-02-01 00:00:00+05:00,65.3413442870534,66.10112736015867,63.06199506773758,64.56636810302734,1658184.0,0.0,0.0,0.0,BAHL.KA,
2024-02-02 00:00:00+05:00,64.58916301814033,65.87319251666818,63.25194313774208,65.39453125,588450.0,0.0,0.0,0.0,BAHL.KA,
2024-02-06 00:00:00+05:00,64.65754474337531,67.54472302480278,64.08770738230558,66.64057922363281,502655.0,0.0,0.0,0.0,BAHL.KA,
2024-02-07 00:00:00+05:00,66.48102482989007,67.73466817173365,64.96905800254504,67.06605529785156,300148.0,0.0,0.0,0.0,BAHL.KA,
2024-02-08 00:00:00+05:00,67.06605529785156,67.06605529785156,67.06605529785156,67.06605529785156,0.0,0.0,0.0,0.0,BAHL.KA,
2024-02-09 00:00:00+05:00,66.10112235089501,67.05085112030443,64.65753346205584,66.56459045410156,141504.0,0.0,0.0,0.0,BAHL.KA,
2024-02-12 00:00:00+05:00,65.72884189088614,66.10113401109511,63.97373887367306,64.9462661743164,967011.0,0.0,0.0,0.0,BAHL.KA,
2024-02-13 00:00:00+05:00,65.19698106867588,65.19698106867588,63.89015330717048,64.262451171875,388262.0,0.0,0.0,0.0,BAHL.KA,
2024-02-14 00:00:00+05:00,64.57396648043566,65.11341180617111,64.01172858831049,64.52838134765625,477622.0,0.0,0.0,0.0,BAHL.KA,
2024-02-15 00:00:00+05:00,64.58155680326277,64.9538488605864,63.7837823123134,63.844566345214844,303499.0,0.0,0.0,0.0,BAHL.KA,
2024-02-16 00:00:00+05:00,63.821772177698705,64.35361796050582,62.30220617346779,62.79606628417969,335481.0,0.0,0.0,0.0,BAHL.KA,
2024-02-19 00:00:00+05:00,61.65639364332483,64.27764276112373,61.65639364332483,63.81417465209961,141753.0,0.0,0.0,0.0,BAHL.KA,
2024-02-20 00:00:00+05:00,64.35362701609363,64.55877170167514,63.74580400688137,63.821781158447266,292396.0,0.0,0.0,0.0,BAHL.KA,
2024-02-21 00:00:00+05:00,64.42961217508538,64.65754363760395,63.74580619415905,64.15608978271484,678913.0,0.0,0.0,0.0,BAHL.KA,
2024-02-22 00:00:00+05:00,64.97176335163874,64.97176335163874,62.91237608732177,63.73612976074219,210421.0,5.0,0.0,0.0,BAHL.KA,
2024-02-23 00:00:00+05:00,63.792656228848266,64.04301772930815,63.00927914203536,63.63113784790039,227444.0,0.0,0.0,0.0,BAHL.KA,
2024-02-26 00:00:00+05:00,63.80074101555907,64.8506290918203,63.62306708005037,64.47105407714844,426629.0,0.0,0.0,0.0,BAHL.KA,
2024-02-27 00:00:00+05:00,64.47911753267013,65.65822510807031,63.808810717351776,65.3351821899414,405835.0,0.0,0.0,0.0,BAHL.KA,
2024-02-28 00:00:00+05:00,65.80359588918722,65.94088713059986,64.6083389083097,65.39171600341797,722609.0,0.0,0.0,0.0,BAHL.KA,
2024-02-29 00:00:00+05:00,65.7712829828455,67.83874760482662,65.41593519036853,66.94230651855469,842819.0,0.0,0.0,0.0,BAHL.KA,
2024-03-01 00:00:00+05:00,67.39457467063271,69.53472724396241,66.7081122652523,69.42974090576172,856907.0,0.0,0.0,0.0,BAHL.KA,
2024-03-04 00:00:00+05:00,68.64635914763439,70.26156759816696,68.00027330280885,69.76892852783203,824687.0,0.0,0.0,0.0,BAHL.KA,
2024-03-05 00:00:00+05:00,69.05016970079998,70.26157618677892,68.4444664578105,69.45397186279297,2599426.0,0.0,0.0,0.0,BAHL.KA,
2024-03-06 00:00:00+05:00,69.28437130137455,70.05967066386172,68.64636318649276,69.06631469726562,672398.0,0.0,0.0,0.0,BAHL.KA,
2024-03-07 00:00:00+05:00,68.88865080793319,69.37321216655285,67.27344217151301,67.71762084960938,1295773.0,0.0,0.0,0.0,BAHL.KA,
2024-03-08 00:00:00+05:00,67.83876624539218,68.84827169547242,67.27344565796017,67.8306884765625,666270.0,0.0,0.0,0.0,BAHL.KA,
2024-03-11 00:00:00+05:00,68.0002846527921,68.0002846527921,67.03116188532799,67.8306884765625,118758.0,0.0,0.0,0.0,BAHL.KA,
2024-03-12 00:00:00+05:00,67.65300368632205,67.90336518764946,66.91000927293719,67.53186798095703,1187471.0,0.0,0.0,0.0,BAHL.KA,
2024-03-13 00:00:00+05:00,67.83069116175895,68.24257112692571,67.43496673489109,67.5238037109375,160211.0,0.0,0.0,0.0,BAHL.KA,
2024-03-14 00:00:00+05:00,67.83875378231005,67.83875378231005,65.50477810343641,66.11048126220703,133573.0,0.0,0.0,0.0,BAHL.KA,
2024-03-15 00:00:00+05:00,66.26393213824366,66.26393213824366,65.02022083582037,65.35941314697266,1031900.0,0.0,0.0,0.0,BAHL.KA,
2024-03-18 00:00:00+05:00,65.77937146775466,65.8278319183202,64.2045454588486,65.08483123779297,284251.0,0.0,0.0,0.0,BAHL.KA,
2024-03-19 00:00:00+05:00,65.415949549609,66.78887442122259,65.25443115113633,66.48198699951172,350213.0,0.0,0.0,0.0,BAHL.KA,
2024-03-20 00:00:00+05:00,66.48197870292532,66.95039062618557,65.1332811432395,65.43209075927734,157036.0,0.0,0.0,0.0,BAHL.KA,
2024-03-21 00:00:00+05:00,65.77936524674125,66.35276969989042,65.41594579029669,65.81974792480469,693503.0,0.0,0.0,0.0,BAHL.KA,
2024-03-22 00:00:00+05:00,65.41595603559068,66.17510613905215,64.62450101692525,65.56132507324219,595582.0,0.0,0.0,0.0,BAHL.KA,
2024-03-26 00:00:00+05:00,65.4159419974985,65.97319088250053,65.4159419974985,65.79551696777344,57366.0,0.0,0.0,0.0,BAHL.KA,
2024-03-27 00:00:00+05:00,65.91666673612389,67.03115847821255,65.05253036123953,66.44160461425781,667164.0,0.0,0.0,0.0,BAHL.KA,
2024-03-28 00:00:00+05:00,66.62735905366786,68.92903022503357,66.23970625355415,68.64636993408203,692409.0,0.0,0.0,0.0,BAHL.KA,
2024-03-29 00:00:00+05:00,68.65443420410156,69.53471981734626,67.83875224356336,68.65443420410156,476050.0,0.0,0.0,0.0,BAHL.KA,
2024-04-01 00:00:00+05:00,68.64636933650071,69.31668242173075,68.24256716393306,68.77558898925781,35162.0,0.0,0.0,0.0,BAHL.KA,
2024-04-02 00:00:00+05:00,69.00978440259499,69.4539692285531,67.91951983887174,69.12284851074219,383967.0,0.0,0.0,0.0,BAHL.KA,
2024-04-03 00:00:00+05:00,69.33282998188866,69.48627677513625,68.646367538807,69.45397186279297,275364.0,0.0,0.0,0.0,BAHL.KA,
2024-04-04 00:00:00+05:00,69.57510433649126,69.57510433649126,68.282938825133,69.44588470458984,321204.0,0.0,0.0,0.0,BAHL.KA,
2024-04-08 00:00:00+05:00,69.52665117933226,71.87678264817296,69.0097849206275,71.49720764160156,276757.0,0.0,0.0,0.0,BAHL.KA,
2024-04-09 00:00:00+05:00,71.87677674887324,73.08818309857334,69.9466031246069,71.50527954101562,2074041.0,0.0,0.0,0.0,BAHL.KA,
2024-04-15 00:00:00+05:00,71.79602348952189,72.28866260535672,68.74328022191058,70.17273712158203,238217.0,0.0,0.0,0.0,BAHL.KA,
2024-04-16 00:00:00+05:00,70.26156891105518,73.08818375230452,70.1727319516934,72.70053100585938,511715.0,0.0,0.0,0.0,BAHL.KA,
2024-04-17 00:00:00+05:00,73.06395985540608,74.47726733878987,71.87678058351862,73.44353485107422,474886.0,0.0,0.0,0.0,BAHL.KA,
2024-04-18 00:00:00+05:00,73.62120609454767,73.62120609454767,71.0691737171688,72.47440338134766,680602.0,0.0,0.0,0.0,BAHL.KA,
2024-04-19 00:00:00+05:00,71.89293195222083,74.2995954731872,71.6344988231232,74.04924011230469,412464.0,0.0,0.0,0.0,BAHL.KA,
2024-04-22 00:00:00+05:00,73.89579156879314,75.83404307175635,72.6843851496326,73.45160675048828,1434024.0,0.0,0.0,0.0,BAHL.KA,
2024-04-23 00:00:00+05:00,73.29008658765474,73.36276801351232,72.11906287538471,72.70861053466797,622826.0,0.0,0.0,0.0,BAHL.KA,
2024-04-24 00:00:00+05:00,72.7651422949387,73.81503029324074,72.57939676635898,72.79744720458984,330523.0,0.0,0.0,0.0,BAHL.KA,
2024-04-25 00:00:00+05:00,73.49198650553933,77.58653979295812,71.95753720333717,73.79887390136719,2782973.0,0.0,0.0,0.0,BAHL.KA,
2024-04-26 00:00:00+05:00,74.29959369129621,79.06446017119654,72.94281825568953,78.01457214355469,1761802.0,0.0,0.0,0.0,BAHL.KA,
2024-04-29 00:00:00+05:00,77.53808236233209,78.57989253846058,76.27014399197996,76.83546447753906,411055.0,0.0,0.0,0.0,BAHL.KA,
2024-04-30 00:00:00+05:00,77.12621795713663,78.82218591551063,77.12621795713663,77.97420501708984,574881.0,0.0,0.0,0.0,BAHL.KA,
2024-05-02 00:00:00+05:00,78.33762505093398,79.46827241799622,77.1262184779814,78.43453979492188,918529.0,0.0,0.0,0.0,BAHL.KA,
2024-05-03 00:00:00+05:00,76.7304904469932,81.56803874221855,76.7304904469932,80.42931365966797,1516431.0,0.0,0.0,0.0,BAHL.KA,
2024-05-06 00:00:00+05:00,82.37563257691153,82.94903084860233,79.95281985406119,80.6392822265625,624856.0,0.0,0.0,0.0,BAHL.KA,
2024-05-07 00:00:00+05:00,80.74428232838532,81.97183817920677,80.35662954513373,81.27729797363281,703667.0,0.0,0.0,0.0,BAHL.KA,
2024-05-08 00:00:00+05:00,81.07648614991439,82.33154009532008,80.32345250596408,81.56177520751953,387269.0,3.5,0.0,0.0,BAHL.KA,
2024-05-09 00:00:00+05:00,81.99685323346999,81.99685323346999,79.23573215280683,80.08917236328125,717129.0,0.0,0.0,0.0,BAHL.KA,
2024-05-10 00:00:00+05:00,79.90509420834502,80.74179676550045,79.90509420834502,80.02223205566406,82933.0,0.0,0.0,0.0,BAHL.KA,
2024-05-13 00:00:00+05:00,80.33181794569522,81.74584099065945,80.33181794569522,81.01791381835938,355145.0,0.0,0.0,0.0,BAHL.KA,
2024-05-14 00:00:00+05:00,81.16015651023704,82.07215932857507,80.90914316349257,81.82952117919922,285363.0,0.0,0.0,0.0,BAHL.KA,
2024-05-15 00:00:00+05:00,81.82951644290016,85.5528404417177,81.82951644290016,85.31019592285156,1379439.0,0.0,0.0,0.0,BAHL.KA,
2024-05-16 00:00:00+05:00,85.55284238132826,87.18440992711834,85.18469118800769,85.36876678466797,375222.0,0.0,0.0,0.0,BAHL.KA,
2024-05-17 00:00:00+05:00,85.34367370605469,85.76202504775104,84.28942653759013,85.34367370605469,614656.0,0.0,0.0,0.0,BAHL.KA,
2024-05-20 00:00:00+05:00,85.92935176670557,85.97118944880474,84.50695994481049,84.5655288696289,89158.0,0.0,0.0,0.0,BAHL.KA,
2024-05-21 00:00:00+05:00,84.50697385664265,86.59036182076808,84.50697385664265,86.33098602294922,443316.0,0.0,0.0,0.0,BAHL.KA,
2024-05-22 00:00:00+05:00,86.76606373360225,86.90830803801819,83.67026642913804,85.26837158203125,555923.0,0.0,0.0,0.0,BAHL.KA,
2024-05-23 00:00:00+05:00,85.2600016967146,87.01707599294208,83.67026537782893,85.72018432617188,1803046.0,0.0,0.0,0.0,BAHL.KA,
2024-05-24 00:00:00+05:00,86.15526348286998,87.1007350760428,86.15526348286998,86.55687713623047,1702925.0,0.0,0.0,0.0,BAHL.KA,
2024-05-27 00:00:00+05:00,86.55687601992989,86.69075149167944,84.60736393496427,85.62813568115234,1018406.0,0.0,0.0,0.0,BAHL.KA,
2024-05-28 00:00:00+05:00,85.62813568115234,85.62813568115234,85.62813568115234,85.62813568115234,0.0,0.0,0.0,0.0,BAHL.KA,
2024-05-29 00:00:00+05:00,84.92531263849209,85.73691516980176,82.8335561695637,83.4861831665039,440591.0,0.0,0.0,0.0,BAHL.KA,
2024-05-30 00:00:00+05:00,84.21412563047669,84.5069702904197,82.62438926909847,83.30211639404297,206802.0,0.0,0.0,0.0,BAHL.KA,
2024-05-31 00:00:00+05:00,82.95906549115884,84.08024393031364,81.99685620793034,83.78739929199219,274977.0,0.0,0.0,0.0,BAHL.KA,
2024-06-03 00:00:00+05:00,84.08861265475821,84.5069639614983,82.91722771917908,83.56985473632812,419510.0,0.0,0.0,0.0,BAHL.KA,
2024-06-04 00:00:00+05:00,83.56985720029029,83.78740167359881,83.25191249586595,83.40251922607422,110927.0,0.0,0.0,0.0,BAHL.KA,
2024-06-05 00:00:00+05:00,83.7455582631291,83.7455582631291,81.99685293304123,82.1139907836914,425109.0,0.0,0.0,0.0,BAHL.KA,
2024-06-06 00:00:00+05:00,83.67026579024761,84.08861711919884,81.42790241172759,81.89645385742188,527901.0,0.0,0.0,0.0,BAHL.KA,
2024-06-07 00:00:00+05:00,81.16015054327535,83.02600011194278,79.48674537743463,82.54907989501953,365746.0,0.0,0.0,0.0,BAHL.KA,
2024-06-10 00:00:00+05:00,82.23113240148605,83.16824163315219,81.160154070173,81.99685668945312,128022.0,0.0,0.0,0.0,BAHL.KA,
2024-06-11 00:00:00+05:00,81.16014978718357,83.58658853175464,80.74179849962077,80.95934295654297,246641.0,0.0,0.0,0.0,BAHL.KA,
2024-06-12 00:00:00+05:00,82.3315377383691,82.83355802545286,80.23978122257483,80.59956359863281,203322.0,0.0,0.0,0.0,BAHL.KA,
2024-06-13 00:00:00+05:00,82.74989061245817,86.1803700867784,80.91750982710536,85.61141204833984,1119827.0,0.0,0.0,0.0,BAHL.KA,
2024-06-14 00:00:00+05:00,83.71210779981081,89.52718901913502,83.71210779981081,88.79925537109375,1203430.0,0.0,0.0,0.0,BAHL.KA,
2024-06-20 00:00:00+05:00,88.67374553947293,96.34630695176025,88.35579446177023,95.94468688964844,3132696.0,0.0,0.0,0.0,BAHL.KA,
2024-06-21 00:00:00+05:00,96.97383619164427,101.13224928830951,94.54739728548682,95.30879974365234,897342.0,0.0,0.0,0.0,BAHL.KA,
2024-06-24 00:00:00+05:00,96.22079519675056,97.89420033060709,91.85320677601958,92.17115783691406,213170.0,0.0,0.0,0.0,BAHL.KA,
2024-06-25 00:00:00+05:00,92.16278847359838,92.83214669302421,90.99140361018576,91.04997253417969,204947.0,0.0,0.0,0.0,BAHL.KA,
2024-06-26 00:00:00+05:00,91.45159633477536,94.4386243484135,90.79060051763253,93.64375305175781,263329.0,0.0,0.0,0.0,BAHL.KA,
2024-06-27 00:00:00+05:00,95.38409964308923,97.81053854229576,93.71069438619293,94.63943481445312,596800.0,0.0,0.0,0.0,BAHL.KA,
2024-06-28 00:00:00+05:00,96.55548099171924,96.55548099171924,92.95765727041514,93.86129760742188,709296.0,0.0,0.0,0.0,BAHL.KA,
2024-07-01 00:00:00+05:00,95.36735743951964,95.59326431448393,92.45562981838489,94.53065490722656,632411.0,0.0,0.0,0.0,BAHL.KA,
2024-07-02 00:00:00+05:00,95.30043094829472,95.45940010738242,92.8739920416703,95.32553100585938,1077022.0,0.0,0.0,0.0,BAHL.KA,
2024-07-03 00:00:00+05:00,95.09125739382739,97.04913852959054,95.09125739382739,95.83592224121094,655996.0,0.0,0.0,0.0,BAHL.KA,
2024-07-04 00:00:00+05:00,96.89016262650456,96.9738316089282,94.96574411308994,95.18328857421875,675443.0,0.0,0.0,0.0,BAHL.KA,
2024-07-05 00:00:00+05:00,95.46776913438214,98.2121527488481,94.96574883136377,97.35871887207031,1343114.0,0.0,0.0,0.0,BAHL.KA,
2024-07-08 00:00:00+05:00,97.89421127638518,98.73091393686711,97.07423986035764,97.45075988769531,191661.0,0.0,0.0,0.0,BAHL.KA,
2024-07-09 00:00:00+05:00,97.51769369640213,98.73090995171708,96.39650885717354,97.13280487060547,325400.0,0.0,0.0,0.0,BAHL.KA,
2024-07-10 00:00:00+05:00,96.72281599043589,97.05749829574873,95.55143111360798,95.78571319580078,933891.0,0.0,0.0,0.0,BAHL.KA,
2024-07-11 00:00:00+05:00,96.22080991946005,96.96547480728438,95.80245857198415,96.2040786743164,180482.0,0.0,0.0,0.0,BAHL.KA,
2024-07-12 00:00:00+05:00,96.22079430976571,96.61404553396235,94.547389191335,95.5179672241211,273378.0,0.0,0.0,0.0,BAHL.KA,
2024-07-15 00:00:00+05:00,97.05750315779406,98.56357041538045,96.22080054436479,97.97787475585938,1106549.0,0.0,0.0,0.0,BAHL.KA,
2024-07-16 00:00:00+05:00,97.97787475585938,97.97787475585938,97.97787475585938,97.97787475585938,0.0,0.0,0.0,0.0,BAHL.KA,
2024-07-17 00:00:00+05:00,97.97787475585938,97.97787475585938,97.97787475585938,97.97787475585938,0.0,0.0,0.0,0.0,BAHL.KA,
2024-07-18 00:00:00+05:00,99.47557213034348,99.47557213034348,96.57221307159588,97.04913330078125,782599.0,0.0,0.0,0.0,BAHL.KA,
2024-07-19 00:00:00+05:00,97.05750061086118,97.68502755446589,93.83619691039719,95.20001983642578,129438.0,0.0,0.0,0.0,BAHL.KA,
2024-07-22 00:00:00+05:00,94.96575120281685,95.3841025297015,92.49748092761124,93.82783508300781,840514.0,0.0,0.0,0.0,BAHL.KA,
2024-07-23 00:00:00+05:00,94.54740227528953,95.39247376443187,92.91583461244846,93.42622375488281,161604.0,0.0,0.0,0.0,BAHL.KA,
2024-07-24 00:00:00+05:00,94.88207482674532,95.6769397325251,92.9576563194949,94.51392364501953,116692.0,0.0,0.0,0.0,BAHL.KA,
2024-07-25 00:00:00+05:00,93.71906050714149,95.174921251422,88.31396244868925,90.04593658447266,841958.0,0.0,0.0,0.0,BAHL.KA,
2024-07-26 00:00:00+05:00,91.9285092360136,92.03727826680222,88.69883696069583,91.61892700195312,121296.0,0.0,0.0,0.0,BAHL.KA,
2024-07-29 00:00:00+05:00,89.96226780312895,94.96575255253777,89.95390537261736,92.29666900634766,3177581.0,0.0,0.0,0.0,BAHL.KA,
2024-07-30 00:00:00+05:00,93.69396367715751,94.12904623767871,92.45564097123109,92.8656234741211,167464.0,0.0,0.0,0.0,BAHL.KA,
2024-07-31 00:00:00+05:00,93.91986820571744,93.91986820571744,91.61893602250386,91.88668060302734,220871.0,0.0,0.0,0.0,BAHL.KA,
2024-08-01 00:00:00+05:00,93.70232208733427,93.70232208733427,90.78223181005035,91.15038299560547,398230.0,0.0,0.0,0.0,BAHL.KA,
2024-08-02 00:00:00+05:00,92.03728980847508,92.03728980847508,89.52718190460757,90.17144012451172,268234.0,0.0,0.0,0.0,BAHL.KA,
2024-08-05 00:00:00+05:00,90.16307800565615,90.3638848512693,87.0170743012223,87.89561462402344,300555.0,0.0,0.0,0.0,BAHL.KA,
2024-08-06 00:00:00+05:00,89.08373769554697,89.52718910620274,86.18037829849423,87.20115661621094,386598.0,0.0,0.0,0.0,BAHL.KA,
2024-08-07 00:00:00+05:00,87.85376756794857,88.59843232522276,83.46944800242328,84.49858856201172,645360.0,0.0,0.0,0.0,BAHL.KA,
2024-08-08 00:00:00+05:00,84.09698386452804,84.92531768808621,82.7498921077584,83.18497467041016,1961635.0,0.0,0.0,0.0,BAHL.KA,
2024-08-09 00:00:00+05:00,83.29374121359606,84.66593288174509,82.8419210716152,84.48185729980469,211261.0,0.0,0.0,0.0,BAHL.KA,
2024-08-12 00:00:00+05:00,85.32693411455455,85.34366535783042,83.67026015473571,83.7539291381836,116904.0,0.0,0.0,0.0,BAHL.KA,
2024-08-13 00:00:00+05:00,83.67025614125664,84.50695870266921,83.26027367355398,83.38578033447266,1722025.0,0.0,0.0,0.0,BAHL.KA,
2024-08-15 00:00:00+05:00,83.67026102250679,83.67026102250679,82.81682716883232,82.86702728271484,487319.0,0.0,0.0,0.0,BAHL.KA,
2024-08-16 00:00:00+05:00,83.2519163310778,86.50668923273564,82.62438932355711,83.5029296875,977501.0,0.0,0.0,0.0,BAHL.KA,
2024-08-19 00:00:00+05:00,83.67025574334352,87.86213734347453,83.2519044646268,86.32260131835938,1135044.0,0.0,0.0,0.0,BAHL.KA,
2024-08-20 00:00:00+05:00,87.38789016544801,87.38789016544801,77.94757181319886,84.5990982055664,2433106.0,3.5,0.0,0.0,BAHL.KA,
2024-08-21 00:00:00+05:00,83.75034194094938,85.95885935847825,83.75034194094938,85.65573120117188,206364.0,0.0,0.0,0.0,BAHL.KA,
2024-08-22 00:00:00+05:00,85.74233215331617,86.43520212692712,84.01016382698654,85.57777404785156,306054.0,0.0,0.0,0.0,BAHL.KA,
2024-08-23 00:00:00+05:00,85.65572485327583,86.60841610893456,85.0581246676609,85.37857818603516,343065.0,0.0,0.0,0.0,BAHL.KA,
2024-08-26 00:00:00+05:00,85.35260259593983,85.71635638279852,84.52981862162818,84.83294677734375,77163.0,0.0,0.0,0.0,BAHL.KA,
2024-08-27 00:00:00+05:00,84.87624917762798,85.65572625692128,84.44320708998703,84.6077651977539,139347.0,0.0,0.0,0.0,BAHL.KA,
2024-08-28 00:00:00+05:00,86.32260427860365,86.32260427860365,83.1873839341448,83.77632141113281,148060.0,0.0,0.0,0.0,BAHL.KA,
2024-08-29 00:00:00+05:00,83.6204307937536,84.52981522435189,83.59444271770968,84.14874267578125,161940.0,0.0,0.0,0.0,BAHL.KA,
2024-08-30 00:00:00+05:00,84.87624774971681,84.87624774971681,81.42922988269844,82.56380462646484,116281.0,0.0,0.0,0.0,BAHL.KA,
2024-09-02 00:00:00+05:00,82.56380238883798,84.48651023074011,82.56380238883798,83.28265380859375,160404.0,0.0,0.0,0.0,BAHL.KA,
2024-09-03 00:00:00+05:00,86.52180327289852,86.52180327289852,81.41190574001753,82.32129669189453,514542.0,0.0,0.0,0.0,BAHL.KA,
2024-09-04 00:00:00+05:00,82.28665624143346,84.01016183511186,82.28665624143346,83.64640808105469,124097.0,0.0,0.0,0.0,BAHL.KA,
2024-09-05 00:00:00+05:00,84.01016197637925,84.01016197637925,81.84495161616329,82.6763916015625,1153112.0,0.0,0.0,0.0,BAHL.KA,
2024-09-06 00:00:00+05:00,82.71103327314836,83.57711739119179,82.36459830439149,83.21336364746094,452875.0,0.0,0.0,0.0,BAHL.KA,
2024-09-09 00:00:00+05:00,83.65506898114243,83.65506898114243,82.26933559469425,82.39058685302734,440513.0,0.0,0.0,0.0,BAHL.KA,
2024-09-10 00:00:00+05:00,83.56845707221522,83.8369476496649,82.28665624143346,83.64640808105469,476728.0,0.0,0.0,0.0,BAHL.KA,
2024-09-11 00:00:00+05:00,83.83694924924401,83.83694924924401,81.1953899207434,81.42922973632812,1466108.0,0.0,0.0,0.0,BAHL.KA,
2024-09-12 00:00:00+05:00,82.26932405730913,82.26932405730913,81.62842369489958,82.05280303955078,98313.0,0.0,0.0,0.0,BAHL.KA,
2024-09-13 00:00:00+05:00,82.19139272739814,82.88425612974119,81.42057831026884,82.29531860351562,255050.0,0.0,0.0,0.0,BAHL.KA,
2024-09-16 00:00:00+05:00,82.71103427598206,82.8409482168032,82.36459930302483,82.75434112548828,49582.0,0.0,0.0,0.0,BAHL.KA,
2024-09-17 00:00:00+05:00,82.75434112548828,82.75434112548828,82.75434112548828,82.75434112548828,0.0,0.0,0.0,0.0,BAHL.KA,
2024-09-18 00:00:00+05:00,82.92755704044227,82.92755704044227,79.80965543409049,81.67173767089844,620514.0,0.0,0.0,0.0,BAHL.KA,
2024-09-19 00:00:00+05:00,83.04880416723827,83.9235509620469,81.84494779182613,82.32129669189453,1423064.0,0.0,0.0,0.0,BAHL.KA,
2024-09-20 00:00:00+05:00,82.71103296067135,83.49050998550511,82.09611403210732,83.0488052368164,1984472.0,0.0,0.0,0.0,BAHL.KA,
2024-09-23 00:00:00+05:00,83.04881087954934,85.30929110130637,82.7110385804544,85.1187515258789,3111368.0,0.0,0.0,0.0,BAHL.KA,
2024-09-24 00:00:00+05:00,85.11008405741495,85.11874674882036,84.01016012603826,84.72901153564453,1704743.0,0.0,0.0,0.0,BAHL.KA,
2024-09-25 00:00:00+05:00,84.02747929805086,86.56510606062648,84.01016052285574,86.06278228759766,2567512.0,0.0,0.0,0.0,BAHL.KA,
2024-09-26 00:00:00+05:00,86.61708185736022,88.34058754859402,86.17537706946182,86.83360290527344,1318869.0,0.0,0.0,0.0,BAHL.KA,
2024-09-27 00:00:00+05:00,86.39188592170835,88.34057507783712,85.48249500576944,87.13671875,2841623.0,0.0,0.0,0.0,BAHL.KA,
2024-09-30 00:00:00+05:00,87.0327895034447,87.12805928321878,84.87624194101697,85.48249816894531,86975.0,0.0,0.0,0.0,BAHL.KA,
2024-10-01 00:00:00+05:00,85.23134720883553,87.8122743613921,84.87624952382657,87.11074829101562,309011.0,0.0,0.0,0.0,BAHL.KA,
2024-10-02 00:00:00+05:00,86.18403774238249,87.12806631747203,85.31795357102054,86.10608673095703,87492.0,0.0,0.0,0.0,BAHL.KA,
2024-10-03 00:00:00+05:00,86.5997543334961,87.25798015304417,85.91554704607206,86.5997543334961,1437166.0,0.0,0.0,0.0,BAHL.KA,
2024-10-04 00:00:00+05:00,86.53047807772232,87.38789961018084,85.82894536234878,86.82494354248047,2048138.0,0.0,0.0,0.0,BAHL.KA,
2024-10-07 00:00:00+05:00,86.82494393276968,87.95085607323153,86.60842287558073,87.66504669189453,1153130.0,0.0,0.0,0.0,BAHL.KA,
2024-10-08 00:00:00+05:00,87.47450214770356,93.53709140546519,86.82493901294337,93.41584014892578,2182091.0,0.0,0.0,0.0,BAHL.KA,
2024-10-09 00:00:00+05:00,93.41584014892578,93.41584014892578,93.41584014892578,93.41584014892578,0.0,0.0,0.0,0.0,BAHL.KA,
2024-10-10 00:00:00+05:00,95.09604384743277,95.86685822475387,93.53708970920032,94.0220947265625,212513.0,0.0,0.0,0.0,BAHL.KA,
2024-10-11 00:00:00+05:00,94.02208469387061,95.2605851805064,92.67099565670324,94.06539154052734,228606.0,0.0,0.0,0.0,BAHL.KA,
2024-10-14 00:00:00+05:00,94.81889718828084,95.26925804620315,91.81358408177351,92.83556365966797,143810.0,0.0,0.0,0.0,BAHL.KA,
2024-10-15 00:00:00+05:00,93.95280643540075,95.00076740749272,92.2466196946313,93.54574584960938,585161.0,0.0,0.0,0.0,BAHL.KA,
2024-10-16 00:00:00+05:00,93.53710196950743,94.3945235540723,91.98681031986675,93.02611541748047,64381.0,0.0,0.0,0.0,BAHL.KA,
2024-10-17 00:00:00+05:00,92.41117981032662,93.51977311656007,92.23796561656717,92.61038208007812,255831.0,0.0,0.0,0.0,BAHL.KA,
2024-10-18 00:00:00+05:00,91.93483838685954,93.49378596927396,91.8049244364005,92.64502716064453,99515.0,0.0,0.0,0.0,BAHL.KA,
2024-10-21 00:00:00+05:00,92.64501610536082,93.19064670294134,91.84822032891705,92.68831634521484,27462.0,0.0,0.0,0.0,BAHL.KA,
2024-10-22 00:00:00+05:00,91.82223547027009,93.10404287491156,91.82223547027009,91.96947479248047,48763.0,0.0,0.0,0.0,BAHL.KA,
2024-10-23 00:00:00+05:00,91.82223965769249,93.97013128005212,91.82223965769249,93.65834045410156,798165.0,0.0,0.0,0.0,BAHL.KA,
2024-10-24 00:00:00+05:00,93.95281796558051,95.26926305679633,92.67101042797462,95.05274200439453,941697.0,0.0,0.0,0.0,BAHL.KA,
2024-10-25 00:00:00+05:00,95.26925422285245,96.12667566070282,94.61969112587846,94.83621215820312,1521237.0,0.0,0.0,0.0,BAHL.KA,
2024-10-28 00:00:00+05:00,94.83621553384425,96.1353417740339,94.06540115994756,95.99676513671875,3014912.0,0.0,0.0,0.0,BAHL.KA,
2024-10-29 00:00:00+05:00,96.18729627556537,97.8675015133551,96.09202649768882,97.60767364501953,1875786.0,0.0,0.0,0.0,BAHL.KA,
2024-10-30 00:00:00+05:00,100.28921355284348,100.28921355284348,95.73061417671116,97.75070190429688,1504131.0,3.5,0.0,0.0,BAHL.KA,
2024-10-31 00:00:00+05:00,95.86468893978615,98.23337492550493,95.86468893978615,96.2758560180664,1431213.0,0.0,0.0,0.0,BAHL.KA,
2024-11-01 00:00:00+05:00,96.21329062954018,97.38422315038419,95.99877015064517,96.67809295654297,233681.0,0.0,0.0,0.0,BAHL.KA,
2024-11-04 00:00:00+05:00,96.35631644215078,97.87584741857262,96.35631644215078,96.9998779296875,283820.0,0.0,0.0,0.0,BAHL.KA,
2024-11-05 00:00:00+05:00,96.53508586960068,96.73173250600802,95.6859373790968,95.95408630371094,248331.0,0.0,0.0,0.0,BAHL.KA,
2024-11-06 00:00:00+05:00,96.53507736493957,96.53507736493957,94.47923502659663,94.74739074707031,233896.0,0.0,0.0,0.0,BAHL.KA,
2024-11-07 00:00:00+05:00,95.64123226563896,95.64123226563896,94.30046732733562,95.0512924194336,545923.0,0.0,0.0,0.0,BAHL.KA,
2024-11-08 00:00:00+05:00,94.03232003854083,95.63230049330225,94.03232003854083,94.4881820678711,331378.0,0.0,0.0,0.0,BAHL.KA,
2024-11-11 00:00:00+05:00,87.59664674390123,97.41104955312737,87.59664674390123,94.2021484375,1137978.0,0.0,0.0,0.0,BAHL.KA,
2024-11-12 00:00:00+05:00,95.59653476355284,95.59653476355284,92.15523954641453,93.76416015625,889392.0,0.0,0.0,0.0,BAHL.KA,
2024-11-13 00:00:00+05:00,93.56750895600678,94.74738173884326,91.61893045501353,92.34294128417969,263918.0,0.0,0.0,0.0,BAHL.KA,
2024-11-14 00:00:00+05:00,92.95970978805323,93.79098438874497,92.06586642470657,93.40663146972656,303335.0,0.0,0.0,0.0,BAHL.KA,
2024-11-15 00:00:00+05:00,92.95969332966881,95.62334908141814,92.95969332966881,94.90827178955078,658679.0,0.0,0.0,0.0,BAHL.KA,
2024-11-18 00:00:00+05:00,95.64123482152833,96.32949117434424,93.4066265313057,94.24684143066406,543018.0,0.0,0.0,0.0,BAHL.KA,
2024-11-19 00:00:00+05:00,94.30046185099326,95.86468752150736,92.97757085478607,93.9339828491211,252753.0,0.0,0.0,0.0,BAHL.KA,
2024-11-20 00:00:00+05:00,93.45131938683102,95.18537074497733,93.45131938683102,94.73844909667969,1212608.0,0.0,0.0,0.0,BAHL.KA,
2024-11-21 00:00:00+05:00,94.72951688146425,95.61441984785422,93.85354743813569,94.74739074707031,255052.0,0.0,0.0,0.0,BAHL.KA,
2024-11-22 00:00:00+05:00,95.61442328658929,104.22213220618862,94.74739415462302,103.86459350585938,4141705.0,0.0,0.0,0.0,BAHL.KA,
2024-11-25 00:00:00+05:00,104.57072418451926,112.62425410582777,104.13274288356298,110.87232208251953,3209156.0,0.0,0.0,0.0,BAHL.KA,
2024-11-26 00:00:00+05:00,111.73041315362005,121.95598274767399,110.87232439893823,112.84771728515625,2570093.0,0.0,0.0,0.0,BAHL.KA,
2024-11-27 00:00:00+05:00,113.08011127279735,120.66883854281238,113.08011127279735,120.28449249267578,2905713.0,0.0,0.0,0.0,BAHL.KA,
2024-11-28 00:00:00+05:00,122.45653131768786,125.13806120055695,113.7058046482538,120.72247314453125,1731635.0,0.0,0.0,0.0,BAHL.KA,
2024-11-29 00:00:00+05:00,116.28902901405718,123.35038624956866,116.28902901405718,122.84088897705078,1195672.0,0.0,0.0,0.0,BAHL.KA,
2024-12-02 00:00:00+05:00,123.79729466842437,125.039736285964,118.97054639686647,121.08001708984375,1022740.0,0.0,0.0,0.0,BAHL.KA,
2024-12-03 00:00:00+05:00,119.86438707937168,123.25204704656488,119.77499729744399,121.62525939941406,877318.0,0.0,0.0,0.0,BAHL.KA,
2024-12-04 00:00:00+05:00,122.45653659858615,122.45653659858615,119.78394012337726,120.57946014404297,237820.0,0.0,0.0,0.0,BAHL.KA,
2024-12-05 00:00:00+05:00,119.77501145578157,123.85093503651964,117.09348134856258,122.51016998291016,4168480.0,0.0,0.0,0.0,BAHL.KA,
2024-12-06 00:00:00+05:00,121.65207300759181,125.13805626216585,121.65207300759181,122.9481430053711,544528.0,0.0,0.0,0.0,BAHL.KA,
2024-12-09 00:00:00+05:00,120.75823805636873,121.56269158924026,115.31472186885351,118.72920989990234,844212.0,0.0,0.0,0.0,BAHL.KA,
2024-12-10 00:00:00+05:00,118.7023955139093,119.77500476912304,109.94272825822488,113.42871856689453,398633.0,0.0,0.0,0.0,BAHL.KA,
2024-12-11 00:00:00+05:00,117.04877965869734,117.09347455235034,114.05440590999574,116.20856475830078,205040.0,0.0,0.0,0.0,BAHL.KA,
2024-12-12 00:00:00+05:00,114.40300664329706,117.53146513818199,112.62426031445274,116.3515853881836,531284.0,0.0,0.0,0.0,BAHL.KA,
2024-12-13 00:00:00+05:00,116.73593578385623,117.97837737578837,107.21649683481002,110.59523010253906,1542893.0,0.0,0.0,0.0,BAHL.KA,
2024-12-16 00:00:00+05:00,111.73041207449776,111.73041207449776,109.05782252713107,109.49580383300781,275145.0,0.0,0.0,0.0,BAHL.KA,
2024-12-17 00:00:00+05:00,111.5516492386918,115.30578846078447,108.95056190006163,114.44769287109375,720116.0,0.0,0.0,0.0,BAHL.KA,
2024-12-18 00:00:00+05:00,115.7437691302047,115.7437691302047,109.04887817485208,110.09467315673828,474439.0,0.0,0.0,0.0,BAHL.KA,
2024-12-19 00:00:00+05:00,109.29915241964409,111.58738897626752,104.57966111186684,106.42991638183594,1181885.0,0.0,0.0,0.0,BAHL.KA,
2024-12-20 00:00:00+05:00,107.26119878631332,109.48686675167397,105.47351213987476,107.69024658203125,411015.0,0.0,0.0,0.0,BAHL.KA,
2024-12-23 00:00:00+05:00,111.04215057627825,116.6465447849119,108.24441682348144,115.25215148925781,452857.0,0.0,0.0,0.0,BAHL.KA,
2024-12-24 00:00:00+05:00,116.64655242797934,116.64655242797934,112.63319785926127,114.42982482910156,136105.0,0.0,0.0,0.0,BAHL.KA,
2024-12-26 00:00:00+05:00,113.24994443477463,114.23317752949956,109.04888361352239,111.71253967285156,211649.0,0.0,0.0,0.0,BAHL.KA,
2024-12-27 00:00:00+05:00,111.73041158186163,114.40300111744449,110.38964664287928,113.02648162841797,247310.0,0.0,0.0,0.0,BAHL.KA,
2024-12-30 00:00:00+05:00,109.94273606625349,121.58951425109774,109.94273606625349,119.99847412109375,797989.0,0.0,0.0,0.0,BAHL.KA,
2024-12-31 00:00:00+05:00,119.99846606669425,122.34927836975136,117.0934752680592,117.47782135009766,679888.0,0.0,0.0,0.0,BAHL.KA,
2025-01-01 00:00:00+05:00,117.47782135009766,117.47782135009766,117.47782135009766,117.47782135009766,0.0,0.0,0.0,0.0,BAHL.KA,
2025-01-02 00:00:00+05:00,120.20403686608874,124.60174403496161,116.65547805992504,121.11576080322266,853815.0,0.0,0.0,0.0,BAHL.KA,
2025-01-03 00:00:00+05:00,120.66883450495088,123.35036416061645,119.77499128639569,121.26770782470703,151564.0,0.0,0.0,0.0,BAHL.KA,
2025-01-06 00:00:00+05:00,121.16046690416061,122.45653701337005,117.13817189277255,120.50796508789062,169111.0,0.0,0.0,0.0,BAHL.KA,
2025-01-07 00:00:00+05:00,119.95376992870327,121.55375709748677,118.1124548853613,119.35489654541016,172632.0,0.0,0.0,0.0,BAHL.KA,
2025-01-08 00:00:00+05:00,119.77500033861716,120.64202941726026,114.41194062196266,116.80743408203125,241554.0,0.0,0.0,0.0,BAHL.KA,
2025-01-09 00:00:00+05:00,116.914707886306,117.09347382083459,112.76727546599695,114.9393081665039,147643.0,0.0,0.0,0.0,BAHL.KA,
2025-01-10 00:00:00+05:00,114.9393062060311,121.5626883054366,114.9393062060311,119.64986419677734,115399.0,0.0,0.0,0.0,BAHL.KA,
2025-01-13 00:00:00+05:00,120.65990520273863,120.65990520273863,114.41193597649462,119.59622955322266,45918.0,0.0,0.0,0.0,BAHL.KA,
2025-01-14 00:00:00+05:00,119.32808354932155,121.29453613095522,118.88116188808813,119.42640686035156,145011.0,0.0,0.0,0.0,BAHL.KA,
2025-01-15 00:00:00+05:00,121.11576719256962,121.11576719256962,118.88115894178421,119.83757781982422,349900.0,0.0,0.0,0.0,BAHL.KA,
2025-01-16 00:00:00+05:00,120.48113112716628,120.48113112716628,118.8811576382923,118.94373321533203,198688.0,0.0,0.0,0.0,BAHL.KA,
2025-01-17 00:00:00+05:00,118.97054413620691,121.49117505355662,118.07670087038707,121.19620513916016,241574.0,0.0,0.0,0.0,BAHL.KA,
2025-01-20 00:00:00+05:00,120.66884361727857,121.56268690333248,118.88115704517074,121.47329711914062,36907.0,0.0,0.0,0.0,BAHL.KA,
2025-01-21 00:00:00+05:00,121.56268818093963,122.42078374571496,119.77500159004346,121.16046142578125,271803.0,0.0,0.0,0.0,BAHL.KA,
2025-01-22 00:00:00+05:00,119.95377007656413,121.55375724731984,119.76607061834282,119.79288482666016,1691277.0,0.0,0.0,0.0,BAHL.KA,
2025-01-23 00:00:00+05:00,121.11576788595713,121.11576788595713,118.03201121001202,119.72137451171875,110771.0,0.0,0.0,0.0,BAHL.KA,
2025-01-24 00:00:00+05:00,120.75824113812202,121.0710781249038,118.21078215407313,119.14037322998047,160014.0,0.0,0.0,0.0,BAHL.KA,
2025-01-27 00:00:00+05:00,116.29795849682161,120.66885192084001,116.29795849682161,120.15042114257812,76592.0,0.0,0.0,0.0,BAHL.KA,
2025-01-28 00:00:00+05:00,120.7403557534521,120.7403557534521,117.58508996544433,118.90797424316406,178322.0,0.0,0.0,0.0,BAHL.KA,
2025-01-29 00:00:00+05:00,119.76606199898887,120.53476773968524,117.67445842800021,118.08563232421875,126160.0,0.0,0.0,0.0,BAHL.KA,
2025-01-30 00:00:00+05:00,119.8286316824749,129.60727965375864,118.21077747730746,124.95929718017578,4240582.0,0.0,0.0,0.0,BAHL.KA,
2025-01-31 00:00:00+05:00,126.83635944271518,129.24974727584333,124.46768014156814,127.92684936523438,378422.0,0.0,0.0,0.0,BAHL.KA,
2025-02-03 00:00:00+05:00,127.81958200854778,130.8586435377803,126.03189554688977,127.39054107666016,488643.0,0.0,0.0,0.0,BAHL.KA,
2025-02-04 00:00:00+05:00,128.5346750579448,128.5346750579448,124.69114596701057,124.93248748779297,234429.0,0.0,0.0,0.0,BAHL.KA,
2025-02-06 00:00:00+05:00,125.13805962465668,126.91681266792067,123.97606062892022,125.18275451660156,357304.0,0.0,0.0,0.0,BAHL.KA,
2025-02-07 00:00:00+05:00,126.46987790820145,126.90785234252014,124.7000585713161,125.45089721679688,91740.0,0.0,0.0,0.0,BAHL.KA,
2025-02-10 00:00:00+05:00,126.92573686079545,126.92573686079545,124.24420720880681,125.36151123046875,402848.0,0.0,0.0,0.0,BAHL.KA,
2025-02-11 00:00:00+05:00,125.8531290908551,128.6687298003517,125.14698530369635,127.20282745361328,361363.0,0.0,0.0,0.0,BAHL.KA,
2025-02-12 00:00:00+05:00,127.58719854285656,128.5346702659799,125.58498462527967,126.46989440917969,432029.0,0.0,0.0,0.0,BAHL.KA,
2025-02-13 00:00:00+05:00,126.4698856932887,127.41613270886394,123.71544641947546,126.50735473632812,497319.0,6.5,0.0,0.0,BAHL.KA,
2025-02-14 00:00:00+05:00,127.41613208582187,127.41613208582187,125.54236543750096,126.13260650634766,1570370.0,0.0,0.0,0.0,BAHL.KA,
2025-02-17 00:00:00+05:00,127.04138357671242,129.13999305875097,125.54236455036639,128.20310974121094,153899.0,0.0,0.0,0.0,BAHL.KA,
2025-02-18 00:00:00+05:00,128.26870869062222,129.9457236729882,127.89394675622056,129.2243194580078,57868.0,0.0,0.0,0.0,BAHL.KA,
2025-02-19 00:00:00+05:00,130.2267883009573,133.40282235028192,129.05568408961776,132.89691162109375,337071.0,0.0,0.0,0.0,BAHL.KA,
2025-02-20 00:00:00+05:00,132.28793572480606,133.03744531813405,130.6952367738007,131.2105255126953,150088.0,0.0,0.0,0.0,BAHL.KA,
2025-02-21 00:00:00+05:00,131.63210479389576,132.75636190452474,128.868301894019,129.28053283691406,174357.0,0.0,0.0,0.0,BAHL.KA,
2025-02-24 00:00:00+05:00,131.1636761674517,138.64937968946265,122.31013088528996,131.46348571777344,911845.0,0.0,0.0,0.0,BAHL.KA,
2025-02-25 00:00:00+05:00,132.94375480752998,138.84612335597802,132.10992911531332,135.05174255371094,585200.0,0.0,0.0,0.0,BAHL.KA,
2025-02-26 00:00:00+05:00,134.9112039111052,134.9112039111052,131.63211214937692,133.7963104248047,119702.0,0.0,0.0,0.0,BAHL.KA,
2025-02-27 00:00:00+05:00,133.13114423045724,134.9112170707468,132.19426077857705,132.94375610351562,84684.0,0.0,0.0,0.0,BAHL.KA,
2025-02-28 00:00:00+05:00,132.56898543899385,137.90921732898556,132.1005437943331,135.81060791015625,94358.0,0.0,0.0,0.0,BAHL.KA,
2025-03-03 00:00:00+05:00,135.81061847021516,138.47136378780746,133.03743742808268,134.00242614746094,107672.0,0.0,0.0,0.0,BAHL.KA,
2025-03-04 00:00:00+05:00,135.75439223843975,135.75439223843975,132.1005528771414,132.9718475341797,44884.0,0.0,0.0,0.0,BAHL.KA,
2025-03-05 00:00:00+05:00,134.25540115228011,134.25540115228011,131.30420970937524,131.7070770263672,162545.0,0.0,0.0,0.0,BAHL.KA,
2025-03-06 00:00:00+05:00,134.72382899943145,134.72382899943145,131.2573634530157,133.9743194580078,35080.0,0.0,0.0,0.0,BAHL.KA,
2025-03-07 00:00:00+05:00,134.0773836653911,134.0773836653911,132.40036867300947,133.08428955078125,18873.0,0.0,0.0,0.0,BAHL.KA,
2025-03-10 00:00:00+05:00,132.2879254837518,134.91120170946581,132.10055167385195,133.0467987060547,229237.0,0.0,0.0,0.0,BAHL.KA,
2025-03-11 00:00:00+05:00,134.72382262404383,134.72382262404383,132.70951493330705,133.0374298095703,135977.0,0.0,0.0,0.0,BAHL.KA,
2025-03-12 00:00:00+05:00,134.7144423820502,134.90183047717446,132.57834961811545,134.11483764648438,155212.0,0.0,0.0,0.0,BAHL.KA,
2025-03-13 00:00:00+05:00,134.11484273273007,135.84808260843,134.06801000287743,134.30223083496094,241467.0,0.0,0.0,0.0,BAHL.KA,
2025-03-14 00:00:00+05:00,133.9743205506114,135.28595153702045,132.10991751677474,133.7963104248047,192577.0,0.0,0.0,0.0,BAHL.KA,
2025-03-17 00:00:00+05:00,133.79631017281415,135.3796453363795,132.25045834919305,134.6957244873047,131627.0,0.0,0.0,0.0,BAHL.KA,
2025-03-18 00:00:00+05:00,134.91121397861477,135.37965569381828,133.51525252085386,134.6114044189453,98390.0,0.0,0.0,0.0,BAHL.KA,
2025-03-19 00:00:00+05:00,134.6301328812292,135.37964241115867,133.5058757341876,134.4333953857422,189820.0,0.0,0.0,0.0,BAHL.KA,
2025-03-20 00:00:00+05:00,135.37028018814112,135.8480855494819,133.03743550363058,133.4590301513672,113249.0,0.0,0.0,0.0,BAHL.KA,
2025-03-21 00:00:00+05:00,133.50588612876308,135.09858506905266,133.04680811070813,133.627685546875,116540.0,0.0,0.0,0.0,BAHL.KA,
2025-03-24 00:00:00+05:00,135.37964559135207,135.37964559135207,133.5995729246961,133.7963104248047,33348.0,0.0,0.0,0.0,BAHL.KA,
2025-03-25 00:00:00+05:00,134.44276478879306,135.27659042366884,126.47925607308058,133.7494659423828,390476.0,0.0,0.0,0.0,BAHL.KA,
2025-03-26 00:00:00+05:00,133.74946558790904,134.91120612039992,133.0374393687277,133.44029235839844,155778.0,0.0,0.0,0.0,BAHL.KA,
2025-03-27 00:00:00+05:00,134.70508782250963,134.911203304548,132.10055323570325,133.28102111816406,483925.0,0.0,0.0,0.0,BAHL.KA,
2025-03-28 00:00:00+05:00,133.28102111816406,133.28102111816406,133.28102111816406,133.28102111816406,0.0,0.0,0.0,0.0,BAHL.KA,
2025-03-31 00:00:00+05:00,133.28102111816406,133.28102111816406,133.28102111816406,133.28102111816406,0.0,0.0,0.0,0.0,BAHL.KA,
2025-04-03 00:00:00+05:00,134.91121455498248,134.91121455498248,130.59218135052595,132.16615295410156,412655.0,0.0,0.0,0.0,BAHL.KA,
2025-04-04 00:00:00+05:00,132.1005604444798,137.15036143857884,132.1005604444798,135.1454315185547,1060272.0,0.0,0.0,0.0,BAHL.KA,
2025-04-07 00:00:00+05:00,133.97432668866324,140.53251051258383,127.4255065523226,134.63014221191406,696384.0,0.0,0.0,0.0,BAHL.KA,
2025-04-08 00:00:00+05:00,136.77560363635416,137.72185066110927,134.72382683919216,136.26031494140625,185904.0,0.0,0.0,0.0,BAHL.KA,
2025-04-09 00:00:00+05:00,135.7450169785308,136.78495798434957,133.17795166168605,135.06109619140625,43830.0,0.0,0.0,0.0,BAHL.KA,
2025-04-10 00:00:00+05:00,135.84808480611306,135.85744849309407,132.56899310389656,132.84068298339844,354417.0,0.0,0.0,0.0,BAHL.KA,
2025-04-11 00:00:00+05:00,132.17550185265387,133.97431612996317,131.16366614122268,131.47283935546875,295546.0,0.0,0.0,0.0,BAHL.KA,
2025-04-14 00:00:00+05:00,132.1005421407376,133.27164623772995,128.44670307640317,132.64393615722656,46239.0,0.0,0.0,0.0,BAHL.KA,
2025-04-15 00:00:00+05:00,133.0374361051546,134.34906708086692,132.66268848229552,133.9743194580078,353224.0,0.0,0.0,0.0,BAHL.KA,
2025-04-16 00:00:00+05:00,132.19425445834042,134.2085480652962,131.63211869580536,131.90380859375,142302.0,0.0,0.0,0.0,BAHL.KA,
2025-04-17 00:00:00+05:00,133.65579350281337,133.65579350281337,130.69523843419464,131.5478057861328,162572.0,0.0,0.0,0.0,BAHL.KA,
2025-04-18 00:00:00+05:00,132.10055541992188,133.03743879169437,131.16367204814938,132.10055541992188,477222.0,0.0,0.0,0.0,BAHL.KA,
2025-04-21 00:00:00+05:00,133.03743093181268,134.1897934082134,132.1286529712277,133.96495056152344,87949.0,0.0,0.0,0.0,BAHL.KA,
2025-04-22 00:00:00+05:00,133.98367926846788,135.1454197388466,133.97431558166423,133.99305725097656,171200.0,0.0,0.0,0.0,BAHL.KA,
2025-04-23 00:00:00+05:00,134.92994057672246,134.92994057672246,133.03743225591833,133.99305725097656,153661.0,0.0,0.0,0.0,BAHL.KA,
2025-04-24 00:00:00+05:00,132.10055437134173,134.18043658382356,128.8683096235245,129.24305725097656,773936.0,0.0,0.0,0.0,BAHL.KA,
2025-04-25 00:00:00+05:00,131.16367779839067,132.56900291765913,129.14938417905506,130.59217834472656,1089867.0,0.0,0.0,0.0,BAHL.KA,
2025-04-28 00:00:00+05:00,130.59216333779685,133.03742933615578,129.289896115419,130.79827880859375,198295.0,0.0,0.0,0.0,BAHL.KA,
2025-04-29 00:00:00+05:00,130.80765888532017,132.98123528763372,128.1188080371555,131.82887268066406,117293.0,0.0,0.0,0.0,BAHL.KA,
2025-04-30 00:00:00+05:00,132.1005406717505,132.1005406717505,124.65232155684583,129.68338012695312,702998.0,0.0,0.0,0.0,BAHL.KA,
2025-05-02 00:00:00+05:00,127.41615535179153,131.11684229882337,127.41615535179153,130.7139892578125,92375.0,3.5,0.0,0.0,BAHL.KA,
2025-05-05 00:00:00+05:00,132.1005569734882,132.1005569734882,128.63409131630382,129.1962127685547,90509.0,0.0,0.0,0.0,BAHL.KA,
2025-05-06 00:00:00+05:00,127.65970653924636,131.0418556446528,126.47923879032341,127.10694885253906,116270.0,0.0,0.0,0.0,BAHL.KA,
2025-05-07 00:00:00+05:00,126.26377336184413,129.28990258624643,119.92106906550394,122.1508560180664,300590.0,0.0,0.0,0.0,BAHL.KA,
2025-05-08 00:00:00+05:00,123.66860628036528,126.46989273574586,118.984189375806,122.02906036376953,1295551.0,0.0,0.0,0.0,BAHL.KA,
2025-05-09 00:00:00+05:00,121.79483741992217,126.46051257367237,120.88605941244015,125.24256134033203,994879.0,0.0,0.0,0.0,BAHL.KA,
2025-05-12 00:00:00+05:00,135.80124255510012,136.78497295949796,128.82146425980116,134.6488800048828,587437.0,0.0,0.0,0.0,BAHL.KA,
2025-05-13 00:00:00+05:00,133.9743210732266,134.67698359633792,130.36731440297285,131.17303466796875,473385.0,0.0,0.0,0.0,BAHL.KA,
2025-05-14 00:00:00+05:00,131.16366584523797,131.63210750897096,129.19620513927737,129.3367462158203,129083.0,0.0,0.0,0.0,BAHL.KA,
2025-05-15 00:00:00+05:00,130.22678239334445,130.56406096273815,127.95016277171578,129.2336883544922,260457.0,0.0,0.0,0.0,BAHL.KA,
2025-05-16 00:00:00+05:00,130.22677650775134,130.92943897092266,128.4467039859991,130.53594970703125,1452777.0,0.0,0.0,0.0,BAHL.KA,
2025-05-19 00:00:00+05:00,130.2361599613383,131.53842735224532,129.9925754169213,131.1355743408203,290610.0,0.0,0.0,0.0,BAHL.KA,
2025-05-20 00:00:00+05:00,131.9131774713062,131.9131774713062,129.52412208900446,129.9832000732422,224213.0,0.0,0.0,0.0,BAHL.KA,
2025-05-21 00:00:00+05:00,129.28990363224415,134.07737817190403,129.28990363224415,133.69325256347656,354671.0,0.0,0.0,0.0,BAHL.KA,
2025-05-22 00:00:00+05:00,134.42401726765448,135.2765845357865,133.03743393089056,133.2248077392578,309260.0,0.0,0.0,0.0,BAHL.KA,
2025-05-23 00:00:00+05:00,133.974310301775,133.974310301775,131.16366043530422,132.87815856933594,94889.0,0.0,0.0,0.0,BAHL.KA,
2025-05-26 00:00:00+05:00,133.9743211951252,133.9743211951252,130.32984547710004,131.27609252929688,472691.0,0.0,0.0,0.0,BAHL.KA,
2025-05-27 00:00:00+05:00,133.00933726046432,133.00933726046432,130.78892818011505,131.15431213378906,52157.0,0.0,0.0,0.0,BAHL.KA,
2025-05-28 00:00:00+05:00,131.15431213378906,131.15431213378906,131.15431213378906,131.15431213378906,0.0,0.0,0.0,0.0,BAHL.KA,
2025-05-29 00:00:00+05:00,133.03744531813405,133.97432873586737,130.6952367738007,131.2105255126953,1398855.0,0.0,0.0,0.0,BAHL.KA,
2025-05-30 00:00:00+05:00,133.03743267557238,133.03743267557238,131.16366601816995,131.36978149414062,78449.0,0.0,0.0,0.0,BAHL.KA,
2025-06-02 00:00:00+05:00,132.09118664601104,133.88062295245143,131.63210866506688,132.19424438476562,1366979.0,0.0,0.0,0.0,BAHL.KA,
2025-06-03 00:00:00+05:00,133.49651302156485,137.6750047361116,131.31357311147704,136.08230590820312,2427300.0,0.0,0.0,0.0,BAHL.KA,
2025-06-04 00:00:00+05:00,136.77561417182292,144.2800451394395,134.9112110394759,140.72926330566406,1008561.0,0.0,0.0,0.0,BAHL.KA,
2025-06-05 00:00:00+05:00,141.46939145538684,142.17205399572816,138.1996632878777,138.8461151123047,151691.0,0.0,0.0,0.0,BAHL.KA,
2025-06-06 00:00:00+05:00,138.8461151123047,138.8461151123047,138.8461151123047,138.8461151123047,0.0,0.0,0.0,0.0,BAHL.KA,
2025-06-09 00:00:00+05:00,138.8461151123047,138.8461151123047,138.8461151123047,138.8461151123047,0.0,0.0,0.0,0.0,BAHL.KA,
2025-06-10 00:00:00+05:00,138.6681093225558,144.28004613355554,136.78497880194226,142.48123168945312,190986.0,0.0,0.0,0.0,BAHL.KA,
2025-06-11 00:00:00+05:00,142.48122575317348,145.21692349974856,141.9378316787865,142.67796325683594,254586.0,0.0,0.0,0.0,BAHL.KA,
2025-06-12 00:00:00+05:00,142.6779531709757,149.80763574095786,142.6779531709757,144.79531860351562,423309.0,0.0,0.0,0.0,BAHL.KA,
2025-06-13 00:00:00+05:00,144.28003595472342,145.20755561802918,140.35449242942164,140.56060791015625,359578.0,0.0,0.0,0.0,BAHL.KA,
2025-06-16 00:00:00+05:00,140.56060791015625,140.56060791015625,140.56060791015625,140.56060791015625,0.0,0.0,0.0,0.0,BAHL.KA,
2025-06-17 00:00:00+05:00,144.1582411249121,146.0601132429055,140.53250701846167,145.02017211914062,137934.0,0.0,0.0,0.0,BAHL.KA,
2025-06-18 00:00:00+05:00,143.33378392988448,143.34314761660826,141.9471863266986,142.6873321533203,97395.0,0.0,0.0,0.0,BAHL.KA,
2025-06-19 00:00:00+05:00,142.05025079818182,144.65478540136883,142.05025079818182,144.0364532470703,198570.0,0.0,0.0,0.0,BAHL.KA,
2025-06-20 00:00:00+05:00,142.4062782661212,147.0906953143489,142.4062782661212,143.5867462158203,356500.0,0.0,0.0,0.0,BAHL.KA,
2025-06-23 00:00:00+05:00,142.4062626243102,144.13950246005902,139.59561270409355,140.52313232421875,276940.0,0.0,0.0,0.0,BAHL.KA,
2025-06-24 00:00:00+05:00,143.3431589013193,148.96445925039066,141.46939211829553,143.42747497558594,225345.0,0.0,0.0,0.0,BAHL.KA,
2025-06-25 00:00:00+05:00,144.27066574796865,148.0275626666625,143.34314612657826,147.31553649902344,338207.0,0.0,0.0,0.0,BAHL.KA,
2025-06-26 00:00:00+05:00,145.2262797974656,148.96444942960576,141.4693827916382,143.12767028808594,375407.0,0.0,0.0,0.0,BAHL.KA,
2025-06-27 00:00:00+05:00,143.15577048577848,146.1444304872861,142.97776037222843,143.9427490234375,568207.0,0.0,0.0,0.0,BAHL.KA,
2025-06-30 00:00:00+05:00,145.21690729545747,148.96444038695316,143.34314074970962,147.82144165039062,532015.0,0.0,0.0,0.0,BAHL.KA,
2025-07-01 00:00:00+05:00,148.50538267358255,158.32393100417937,147.18438794355393,153.90184020996094,487706.0,0.0,0.0,0.0,BAHL.KA,
2025-07-02 00:00:00+05:00,155.4757939443776,162.08082462795272,152.76820154987763,161.0502471923828,629390.0,0.0,0.0,0.0,BAHL.KA,
2025-07-03 00:00:00+05:00,162.0808370424655,162.0808370424655,150.00440992945343,154.37965393066406,200493.0,0.0,0.0,0.0,BAHL.KA,
2025-07-04 00:00:00+05:00,153.7425697245414,160.20705938494996,152.89936609772332,159.25143432617188,288502.0,0.0,0.0,0.0,BAHL.KA,
2025-07-07 00:00:00+05:00,159.4575405087027,163.5048833715171,159.2701667011365,160.9846649169922,242182.0,0.0,0.0,0.0,BAHL.KA,
2025-07-08 00:00:00+05:00,161.09709814047898,162.8771851819869,159.27017836542854,160.20706176757812,153116.0,0.0,0.0,0.0,BAHL.KA,
2025-07-09 00:00:00+05:00,160.39443351808794,160.39443351808794,157.39640952905663,157.52757263183594,93467.0,0.0,0.0,0.0,BAHL.KA,
2025-07-10 00:00:00+05:00,156.9279607290834,162.08081914108314,156.9279607290834,160.8347625732422,198338.0,0.0,0.0,0.0,BAHL.KA,
2025-07-11 00:00:00+05:00,161.14394982697482,161.61239154158812,154.58576582238865,155.53201293945312,213575.0,0.0,0.0,0.0,BAHL.KA,
2025-07-14 00:00:00+05:00,157.3964060569406,162.5399009013268,156.92796437224732,161.81849670410156,605452.0,0.0,0.0,0.0,BAHL.KA,
2025-07-15 00:00:00+05:00,161.98712593912103,166.7652367554527,159.56060148696324,161.55616760253906,622147.0,0.0,0.0,0.0,BAHL.KA,
2025-07-16 00:00:00+05:00,161.70607446627207,162.45556972147114,158.33328863505375,159.1671142578125,115586.0,0.0,0.0,0.0,BAHL.KA,
2025-07-17 00:00:00+05:00,159.27016908873418,160.99403101731355,157.3964023935726,157.79925537109375,531016.0,0.0,0.0,0.0,BAHL.KA,
2025-07-18 00:00:00+05:00,157.79926383780338,159.16711988877393,155.14789640211154,155.52264404296875,431541.0,0.0,0.0,0.0,BAHL.KA,
2025-07-21 00:00:00+05:00,158.33329641367027,158.33329641367027,153.6488793600114,154.23912048339844,353796.0,0.0,0.0,0.0,BAHL.KA,
2025-07-22 00:00:00+05:00,153.70508409082908,156.45015981112513,151.77510662720348,152.40281677246094,291502.0,0.0,0.0,0.0,BAHL.KA,
2025-07-23 00:00:00+05:00,152.61830217913467,158.33329671371092,151.35351814967382,155.37274169921875,792532.0,0.0,0.0,0.0,BAHL.KA,
2025-07-24 00:00:00+05:00,155.65380487541816,156.45952515763904,154.35153754323971,154.67007446289062,633590.0,0.0,0.0,0.0,BAHL.KA,
2025-07-25 00:00:00+05:00,155.52263070389515,156.4595140213885,153.78002716152935,154.9604949951172,581506.0,0.0,0.0,0.0,BAHL.KA,
2025-07-28 00:00:00+05:00,155.0541911981868,156.3470947689061,153.18042453718152,153.780029296875,692051.0,0.0,0.0,0.0,BAHL.KA,
2025-07-29 00:00:00+05:00,154.57639227702978,155.97233934830396,153.64887259479008,154.81997680664062,272301.0,0.0,0.0,0.0,BAHL.KA,
2025-07-30 00:00:00+05:00,154.57639695759528,156.3658333827506,154.57639695759528,155.52264404296875,174539.0,0.0,0.0,0.0,BAHL.KA,
2025-07-31 00:00:00+05:00,155.99108051692903,156.43141684282548,154.53890843976245,155.51327514648438,402415.0,0.0,0.0,0.0,BAHL.KA,
2025-08-01 00:00:00+05:00,155.51329031528056,158.33330437696003,154.69819198586868,156.33773803710938,220362.0,0.0,0.0,0.0,BAHL.KA,
2025-08-04 00:00:00+05:00,157.39640712250173,162.97086034894917,155.61633442689862,161.64048767089844,578609.0,0.0,0.0,0.0,BAHL.KA,
2025-08-05 00:00:00+05:00,161.64984625866285,162.83032842409287,159.17647479659306,159.80419921875,113343.0,0.0,0.0,0.0,BAHL.KA,
2025-08-06 00:00:00+05:00,159.79482101618473,164.02017405086517,159.79482101618473,162.35250854492188,748124.0,0.0,0.0,0.0,BAHL.KA,
2025-08-07 00:00:00+05:00,161.1532923547093,165.3599035460454,161.1532923547093,164.0388946533203,381560.0,0.0,0.0,0.0,BAHL.KA,
2025-08-08 00:00:00+05:00,164.0482742190202,167.50536164391033,163.4955021982854,164.2731170654297,338936.0,0.0,0.0,0.0,BAHL.KA,
2025-08-11 00:00:00+05:00,164.27312452132946,172.32094913364887,164.27312452132946,171.20606994628906,634768.0,0.0,0.0,0.0,BAHL.KA,
2025-08-12 00:00:00+05:00,172.38653117813863,175.08475971903073,168.63899789165734,168.95753479003906,554799.0,0.0,0.0,0.0,BAHL.KA,
2025-08-13 00:00:00+05:00,170.51275754134505,171.44027713816092,166.0625619461726,168.6108856201172,597409.0,0.0,0.0,0.0,BAHL.KA,
2025-08-15 00:00:00+05:00,168.63900756835938,170.51277431911893,167.80518193609961,168.63900756835938,144411.0,0.0,0.0,0.0,BAHL.KA,
2025-08-18 00:00:00+05:00,170.21296178731842,177.53939651604037,167.70212124734155,175.2721405029297,916295.0,0.0,0.0,0.0,BAHL.KA,
2025-08-19 00:00:00+05:00,175.19718015439793,192.8012113781976,173.81059684902144,192.2390899658203,1833785.0,0.0,0.0,0.0,BAHL.KA,
2025-08-20 00:00:00+05:00,194.5906649561325,200.49303279955964,190.18731616032994,195.53692626953125,1756272.0,0.0,0.0,0.0,BAHL.KA,
2025-08-21 00:00:00+05:00,195.80861940646957,199.95900576927102,191.1242026742574,191.96739196777344,1227500.0,0.0,0.0,0.0,BAHL.KA,
2025-08-22 00:00:00+05:00,192.78250521228625,195.80863465414336,191.21791161737667,192.8668212890625,235071.0,0.0,0.0,0.0,BAHL.KA,
2025-08-25 00:00:00+05:00,193.93484474276457,193.93484474276457,188.31354489514823,188.9693603515625,56317.0,0.0,0.0,0.0,BAHL.KA,
2025-08-26 00:00:00+05:00,188.96936268814673,188.96936268814673,176.13406406985666,179.3756866455078,500175.0,0.0,0.0,0.0,BAHL.KA,
2025-08-27 00:00:00+05:00,180.6217267785893,186.43977841522477,177.63308103248602,178.72923278808594,722564.0,0.0,0.0,0.0,BAHL.KA,
2025-08-28 00:00:00+05:00,178.00783894125465,178.00783894125465,173.43584355592716,174.7849578857422,107922.0,0.0,0.0,0.0,BAHL.KA,
2025-08-29 00:00:00+05:00,175.19719988827606,177.91415609339452,173.32343304455117,176.52757263183594,144046.0,0.0,0.0,0.0,BAHL.KA,
2025-09-01 00:00:00+05:00,182.67351660822217,186.439791781685,177.0709580238114,179.70359802246094,159642.0,0.0,0.0,0.0,BAHL.KA,
2025-09-02 00:00:00+05:00,178.0078308373118,184.55665039193826,178.0078308373118,183.2356414794922,213409.0,0.0,0.0,0.0,BAHL.KA,
2025-09-03 00:00:00+05:00,181.34680854254233,187.9290906672946,181.25140724256838,181.80470275878906,1628577.0,3.5,0.0,0.0,BAHL.KA,
2025-09-04 00:00:00+05:00,183.5313745885132,184.1132876342683,176.48164876859914,177.6359405517578,274727.0,0.0,0.0,0.0,BAHL.KA,
2025-09-05 00:00:00+05:00,179.34349313617318,181.1464670327944,176.57703018155036,180.00172424316406,599157.0,0.0,0.0,0.0,BAHL.KA,
2025-09-08 00:00:00+05:00,181.25140550349047,184.0655691513847,177.20663205623518,183.53135681152344,826971.0,0.0,0.0,0.0,BAHL.KA,
2025-09-09 00:00:00+05:00,184.11328137636585,184.12281568439334,179.36259041969487,181.78562927246094,749444.0,0.0,0.0,0.0,BAHL.KA,
2025-09-10 00:00:00+05:00,181.78562386846173,185.04814752891443,181.2514115108945,184.58071899414062,2064429.0,0.0,0.0,0.0,BAHL.KA,
2025-09-11 00:00:00+05:00,184.58071340684137,185.54420248284615,181.28002350293502,182.23397827148438,100177.0,0.0,0.0,0.0,BAHL.KA,
2025-09-12 00:00:00+05:00,182.23398317385886,183.61721471422754,180.2974561061037,181.3849639892578,577036.0,0.0,0.0,0.0,BAHL.KA,
2025-09-15 00:00:00+05:00,181.25142723481824,183.15933699518476,179.8681955697918,180.46917724609375,248806.0,0.0,0.0,0.0,BAHL.KA,
2025-09-16 00:00:00+05:00,181.25140263762182,182.65371728568215,179.86817116031042,180.00172424316406,122814.0,0.0,0.0,0.0,BAHL.KA,
2025-09-17 00:00:00+05:00,180.01126580051192,182.1004291177317,179.86817840461808,179.97311401367188,43656.0,0.0,0.0,0.0,BAHL.KA,
2025-09-18 00:00:00+05:00,182.07182793771636,182.65374099343606,180.46917617926042,182.03367614746094,229296.0,0.0,0.0,0.0,BAHL.KA,
2025-09-19 00:00:00+05:00,183.15933060725928,183.15933060725928,180.29746606652085,181.0415496826172,193603.0,0.0,0.0,0.0,BAHL.KA,
2025-09-22 00:00:00+05:00,183.06391956126188,183.15932086335624,178.00797078655233,178.73297119140625,307329.0,0.0,0.0,0.0,BAHL.KA,
2025-09-23 00:00:00+05:00,178.73297119140625,178.73297119140625,178.73297119140625,178.73297119140625,0.0,0.0,0.0,0.0,BAHL.KA,
2025-09-24 00:00:00+05:00,182.20538515765628,182.9208513297413,179.4389217814061,181.99551391601562,125867.0,0.0,0.0,0.0,BAHL.KA,
2025-09-25 00:00:00+05:00,183.14979983882876,184.09420583956003,180.06851514328622,183.59815979003906,179794.0,0.0,0.0,0.0,BAHL.KA,
2025-09-26 00:00:00+05:00,184.10375385453895,185.06724302386561,182.4057153665476,184.4090118408203,1548495.0,0.0,0.0,0.0,BAHL.KA,
2025-09-29 00:00:00+05:00,186.97514327137333,187.45212067767784,185.3057223493075,187.13731384277344,689925.0,0.0,0.0,0.0,BAHL.KA,
2025-09-30 00:00:00+05:00,187.1277789525063,197.4686455955191,187.1277789525063,194.44461059570312,825648.0,0.0,0.0,0.0,BAHL.KA,
2025-10-01 00:00:00+05:00,195.56073667213386,196.36205522159622,190.80049691485993,192.33636474609375,92196.0,0.0,0.0,0.0,BAHL.KA,
2025-10-02 00:00:00+05:00,194.60679176367208,207.3897810864545,190.80050662571085,204.3943634033203,1082435.0,0.0,0.0,0.0,BAHL.KA,
2025-10-03 00:00:00+05:00,205.10982635794838,205.9588455893017,200.3305178159972,202.162109375,205619.0,0.0,0.0,0.0,BAHL.KA,
2025-10-06 00:00:00+05:00,202.16210845305457,202.23842658718945,196.51469753283502,200.1015625,472776.0,0.0,0.0,0.0,BAHL.KA,
2025-10-07 00:00:00+05:00,200.1015625,200.1015625,200.1015625,200.1015625,0.0,0.0,0.0,0.0,BAHL.KA,
2025-10-08 00:00:00+05:00,199.28115628551475,202.2288877451294,195.13146154785923,198.298583984375,408915.0,0.0,0.0,0.0,BAHL.KA,
2025-10-09 00:00:00+05:00,198.29857452648272,199.75812416851156,196.5433012330381,197.34461975097656,673125.0,0.0,0.0,0.0,BAHL.KA,
2025-10-10 00:00:00+05:00,197.34462634205696,199.27161912867322,194.60678070289575,196.44790649414062,51172.0,0.0,0.0,0.0,BAHL.KA,
2025-10-13 00:00:00+05:00,196.02817643157394,197.47817724222668,181.35634699903866,186.25967407226562,196356.0,0.0,0.0,0.0,BAHL.KA,
2025-10-14 00:00:00+05:00,187.93863493973058,195.56073923603873,187.93863493973058,195.1600799560547,1804984.0,0.0,0.0,0.0,BAHL.KA,
2025-10-15 00:00:00+05:00,195.23639958027204,199.38609436936088,195.22685071597857,196.7913360595703,105643.0,0.0,0.0,0.0,BAHL.KA,
2025-10-16 00:00:00+05:00,199.1857557393194,199.37654377906526,192.69886049459896,193.53834533691406,269843.0,0.0,0.0,0.0,BAHL.KA,
2025-10-17 00:00:00+05:00,195.4558084138809,195.4558084138809,192.10743213438658,194.47323608398438,54383.0,0.0,0.0,0.0,BAHL.KA,
2025-10-20 00:00:00+05:00,196.46699544647888,198.99498449409745,192.67025927718467,196.95352172851562,683076.0,0.0,0.0,0.0,BAHL.KA,
2025-10-21 00:00:00+05:00,197.45911598939455,211.2532947137785,197.45911598939455,207.13221740722656,3937798.0,0.0,0.0,0.0,BAHL.KA,
2025-10-22 00:00:00+05:00,209.87006059806217,219.41914311504365,203.43086555698525,206.47398376464844,1099478.0,0.0,0.0,0.0,BAHL.KA,
2025-10-23 00:00:00+05:00,205.1002915092041,205.87299260403816,185.83040656702036,185.85902404785156,2041050.0,0.0,0.0,0.0,BAHL.KA,
2025-10-24 00:00:00+05:00,185.85901851279473,188.8735192242702,170.29046893165193,179.83001708984375,1291143.0,0.0,0.0,0.0,BAHL.KA,
2025-10-27 00:00:00+05:00,176.48163627313323,182.18628184557883,173.62930620881295,180.51686096191406,261016.0,0.0,0.0,0.0,BAHL.KA,
2025-10-28 00:00:00+05:00,182.40570799526068,186.02119036741942,180.58365079099548,180.9175262451172,138382.0,0.0,0.0,0.0,BAHL.KA,
2025-10-29 00:00:00+05:00,183.07347713778344,183.07347713778344,177.43560053066096,178.27508544921875,99180.0,0.0,0.0,0.0,BAHL.KA,
2025-10-30 00:00:00+05:00,180.82213945398738,181.45403884643008,176.9334912936866,177.26402282714844,1216365.0,3.5,0.0,0.0,BAHL.KA,
2025-10-31 00:00:00+05:00,177.26403237739876,194.23798903856493,177.17654134924206,189.3285675048828,871485.0,0.0,0.0,0.0,BAHL.KA,
2025-11-03 00:00:00+05:00,190.52432468975275,191.000689460212,184.3705368009967,184.78857421875,113712.0,0.0,0.0,0.0,BAHL.KA,
2025-11-04 00:00:00+05:00,184.78856575025662,187.5300550399138,179.8499807159213,180.50132751464844,1093320.0,0.0,0.0,0.0,BAHL.KA,
2025-11-05 00:00:00+05:00,180.82213910678138,181.78458486485337,178.00287512958292,180.093017578125,290912.0,0.0,0.0,0.0,BAHL.KA,
2025-11-06 00:00:00+05:00,181.77486491488617,181.77486491488617,177.73068186140634,179.72360229492188,380394.0,0.0,0.0,0.0,BAHL.KA,
2025-11-07 00:00:00+05:00,179.84998720718613,181.78459511252552,177.92511041654728,179.44168090820312,1060738.0,0.0,0.0,0.0,BAHL.KA,
2025-11-10 00:00:00+05:00,179.75275771184258,180.61798134587215,178.0125941634966,179.78192138671875,32593.0,0.0,0.0,0.0,BAHL.KA,
2025-11-11 00:00:00+05:00,180.3360594813314,180.83185678440375,177.73067231912538,179.93746948242188,177720.0,0.0,0.0,0.0,BAHL.KA,
2025-11-12 00:00:00+05:00,179.84998904386345,179.84998904386345,177.2251543327293,178.4500732421875,63942.0,0.0,0.0,0.0,BAHL.KA,
2025-11-13 00:00:00+05:00,178.87781827102728,181.31793969089185,178.38202096280435,179.34445190429688,54674.0,0.0,0.0,0.0,BAHL.KA,
2025-11-14 00:00:00+05:00,179.34445967009512,180.60827336418976,178.39174496766162,179.72360229492188,12033.0,0.0,0.0,0.0,BAHL.KA,
2025-11-17 00:00:00+05:00,184.65247075746777,184.65247075746777,175.96133925191404,178.60562133789062,810156.0,0.0,0.0,0.0,BAHL.KA,
2025-11-18 00:00:00+05:00,179.84026901073216,179.84026901073216,175.94188956551227,176.0877227783203,384192.0,0.0,0.0,0.0,BAHL.KA,
2025-11-19 00:00:00+05:00,178.7806022003801,179.80137536044427,175.97105435705112,176.72933959960938,134962.0,0.0,0.0,0.0,BAHL.KA,
2025-11-20 00:00:00+05:00,176.05854913056262,178.83893312283706,176.05854913056262,176.70016479492188,284951.0,0.0,0.0,0.0,BAHL.KA,
2025-11-21 00:00:00+05:00,178.78060120594645,178.78060120594645,175.57247819789822,176.048828125,351201.0,0.0,0.0,0.0,BAHL.KA,
2025-11-24 00:00:00+05:00,177.1279317834724,180.80270333745383,175.57248132273824,177.73068237304688,650720.0,0.0,0.0,0.0,BAHL.KA,
2025-11-25 00:00:00+05:00,177.90566331671866,178.87782541134555,175.96133912746492,176.25299072265625,201344.0,0.0,0.0,0.0,BAHL.KA,
2025-11-26 00:00:00+05:00,177.8959438643337,179.75276215811363,174.01701183568358,176.96266174316406,229330.0,0.0,0.0,0.0,BAHL.KA,
2025-11-27 00:00:00+05:00,177.90565101034986,178.87781303772883,175.76689751691922,178.2945098876953,194413.0,0.0,0.0,0.0,BAHL.KA,
2025-11-28 00:00:00+05:00,178.8778171316134,180.72491909230098,178.29451396823015,178.7028350830078,189876.0,0.0,0.0,0.0,BAHL.KA,
2025-12-01 00:00:00+05:00,180.09301590168363,180.33605640897335,177.90565133607612,179.05279541015625,158841.0,0.0,0.0,0.0,BAHL.KA,
2025-12-02 00:00:00+05:00,178.98475738612856,180.56938629015997,178.6444947316626,179.2666778564453,124184.0,0.0,0.0,0.0,BAHL.KA,
2025-12-03 00:00:00+05:00,179.84026492209804,180.3360622327348,176.9334950207964,178.0709228515625,64511.0,0.0,0.0,0.0,BAHL.KA,
2025-12-04 00:00:00+05:00,179.17918411674518,179.18891523096386,177.90565421140658,177.98342895507812,25027.0,0.0,0.0,0.0,BAHL.KA,
2025-12-05 00:00:00+05:00,179.18892157433675,180.82214674720962,177.22515002065438,178.11953735351562,348457.0,0.0,0.0,0.0,BAHL.KA,
2025-12-08 00:00:00+05:00,178.2945208072008,179.35418875579404,177.07931819855298,177.9639892578125,64669.0,0.0,0.0,0.0,BAHL.KA,
2025-12-09 00:00:00+05:00,178.8778249073692,179.80137592785943,177.96399016755197,179.0819854736328,94715.0,0.0,0.0,0.0,BAHL.KA,
2025-12-10 00:00:00+05:00,179.36389457084036,180.82213761613176,178.87781355574324,179.8499755859375,120309.0,0.0,0.0,0.0,BAHL.KA,
2025-12-11 00:00:00+05:00,180.2388408811235,180.2388408811235,177.90565785919938,178.39173889160156,85891.0,0.0,0.0,0.0,BAHL.KA,
2025-12-12 00:00:00+05:00,178.48895458243575,179.94719762695235,178.48895458243575,179.45138549804688,464611.0,0.0,0.0,0.0,BAHL.KA,
2025-12-15 00:00:00+05:00,179.45138791960198,180.22912052064214,177.66261332102056,178.81948852539062,452282.0,0.0,0.0,0.0,BAHL.KA,
2025-12-16 00:00:00+05:00,178.81948662302776,179.34444759358612,176.94320618670358,177.41957092285156,108938.0,0.0,0.0,0.0,BAHL.KA,
2025-12-17 00:00:00+05:00,178.81948991790995,179.84026303759822,175.9710473966471,178.6639404296875,2021977.0,0.0,0.0,0.0,BAHL.KA,
2025-12-18 00:00:00+05:00,179.849981613325,184.71079192719867,178.89726694533022,182.77618408203125,642262.0,0.0,0.0,0.0,BAHL.KA,
2025-12-19 00:00:00+05:00,183.44697185361517,184.66217438952148,179.13057007263345,181.08462524414062,221303.0,0.0,0.0,0.0,BAHL.KA,
2025-12-22 00:00:00+05:00,182.62065389592632,182.62065389592632,179.84998601559312,179.95692443847656,148539.0,0.0,0.0,0.0,BAHL.KA,
2025-12-23 00:00:00+05:00,181.1138028768958,181.79431338264786,178.39174601987102,179.24725341796875,367340.0,0.0,0.0,0.0,BAHL.KA,
2025-12-24 00:00:00+05:00,179.84998495682427,179.84998495682427,178.39174183555272,178.87782287597656,186800.0,0.0,0.0,0.0,BAHL.KA,
2025-12-26 00:00:00+05:00,178.87782615055164,181.79431244648455,178.87782615055164,180.52078247070312,311602.0,0.0,0.0,0.0,BAHL.KA,
2025-12-29 00:00:00+05:00,181.30822389286095,182.28038595126773,178.01259510822268,178.906982421875,494590.0,0.0,0.0,0.0,BAHL.KA,
2025-12-30 00:00:00+05:00,179.80136637690842,180.33605846584746,178.0028755028605,179.2569580078125,205331.0,0.0,0.0,0.0,BAHL.KA,
2025-12-31 00:00:00+05:00,179.2569561112969,182.28038061783872,178.41117989211503,181.44432067871094,337416.0,0.0,0.0,0.0,BAHL.KA,
2026-01-01 00:00:00+05:00,181.44432067871094,181.44432067871094,181.44432067871094,181.44432067871094,0.0,0.0,0.0,0.0,BAHL.KA,
2026-01-02 00:00:00+05:00,185.6829582870074,191.029849756005,185.50797623198616,189.48411560058594,1125165.0,0.0,0.0,0.0,BAHL.KA,
2026-01-05 00:00:00+05:00,189.1924677377734,194.43242088732617,188.5994482607064,192.24505615234375,2563603.0,0.0,0.0,0.0,BAHL.KA,
2026-01-06 00:00:00+05:00,192.96445228729235,195.40457371331746,188.85219610029685,193.576904296875,2235984.0,0.0,0.0,0.0,BAHL.KA,
2026-01-07 00:00:00+05:00,196.26980353032414,199.04047141723441,192.4880935979473,195.74484252929688,1685879.0,0.0,0.0,0.0,BAHL.KA,
2026-01-08 00:00:00+05:00,196.3767362459943,197.9322014765986,193.4602500641231,195.1323699951172,920486.0,0.0,0.0,0.0,BAHL.KA,
2026-01-09 00:00:00+05:00,195.4045741119159,195.49206513717536,191.51592587088277,192.7408447265625,280080.0,0.0,0.0,0.0,BAHL.KA,
2026-01-12 00:00:00+05:00,191.51593017578125,194.05327380345048,190.5437680936707,191.51593017578125,290677.0,0.0,0.0,0.0,BAHL.KA,
2026-01-13 00:00:00+05:00,193.34358938566095,195.40456814357393,189.13412601323247,193.76161193847656,522167.0,0.0,0.0,0.0,BAHL.KA,
2026-01-14 00:00:00+05:00,193.9463328532579,196.36702174640897,189.82436033858704,192.58531188964844,687943.0,0.0,0.0,0.0,BAHL.KA,
2026-01-15 00:00:00+05:00,192.488089509964,194.14076205915543,190.5437653734997,191.38954162597656,498932.0,0.0,0.0,0.0,BAHL.KA,
2026-01-16 00:00:00+05:00,193.35331243402604,193.6255166253915,190.73819410682177,193.4602508544922,497064.0,0.0,0.0,0.0,BAHL.KA,
2026-01-19 00:00:00+05:00,193.460255402752,196.35729426983147,182.7761887214195,192.59503173828125,4572329.0,0.0,0.0,0.0,BAHL.KA,
2026-01-20 00:00:00+05:00,192.48808228568336,194.82126522826732,191.57424760239977,192.96444702148438,1441647.0,0.0,0.0,0.0,BAHL.KA,
2026-01-21 00:00:00+05:00,192.97416874143482,194.64628866989545,191.5159256527086,192.3811492919922,466890.0,0.0,0.0,0.0,BAHL.KA,
2026-01-22 00:00:00+05:00,193.83940141025917,193.84911769105761,188.5994482607064,192.24505615234375,193408.0,0.0,0.0,0.0,BAHL.KA,
2026-01-23 00:00:00+05:00,192.48808810771655,194.91849326059176,190.06739923520712,191.5450897216797,215193.0,0.0,0.0,0.0,BAHL.KA,
2026-01-26 00:00:00+05:00,191.61314390610713,195.4045699262947,190.07712610371908,192.77000427246094,316879.0,0.0,0.0,0.0,BAHL.KA,
2026-01-27 00:00:00+05:00,199.00157604523903,199.00157604523903,192.05062306367157,193.39219665527344,554630.0,0.0,0.0,0.0,BAHL.KA,
2026-01-28 00:00:00+05:00,194.42270248354075,194.42270248354075,191.8075840777192,192.47837829589844,300443.0,0.0,0.0,0.0,BAHL.KA,
2026-01-29 00:00:00+05:00,192.4880827062313,192.4880827062313,188.59943457075187,190.53404235839844,585036.0,0.0,0.0,0.0,BAHL.KA,
2026-01-30 00:00:00+05:00,191.99229782630132,191.99229782630132,188.63832672531998,190.0479736328125,513316.0,0.0,0.0,0.0,BAHL.KA,
2026-02-02 00:00:00+05:00,190.5437582193213,191.27287974311972,187.6272721241276,189.37716674804688,770202.0,0.0,0.0,0.0,BAHL.KA,
2026-02-03 00:00:00+05:00,191.39926970184342,194.43241055968957,189.47437815681118,192.497802734375,1692272.0,0.0,0.0,0.0,BAHL.KA,
2026-02-04 00:00:00+05:00,192.58530506498025,197.33917682271715,192.58530506498025,194.48101806640625,950735.0,0.0,0.0,0.0,BAHL.KA,
2026-02-06 00:00:00+05:00,195.40457935578343,195.40457935578343,189.44522101959004,189.84381103515625,255531.0,0.0,0.0,0.0,BAHL.KA,
2026-02-09 00:00:00+05:00,192.44920501931819,192.44920501931819,183.7580739606786,189.10496520996094,426862.0,0.0,0.0,0.0,BAHL.KA,
2026-02-10 00:00:00+05:00,188.59943363986494,189.5618793888912,185.1968665381148,187.8217010498047,681250.0,0.0,0.0,0.0,BAHL.KA,
2026-02-11 00:00:00+05:00,188.10363790223624,188.5994352009209,180.82213890397574,182.88311767578125,668491.0,0.0,0.0,0.0,BAHL.KA,
2026-02-12 00:00:00+05:00,181.79430332978956,183.64140529097796,173.05456116101553,178.26535034179688,621296.0,0.0,0.0,0.0,BAHL.KA,
2026-02-13 00:00:00+05:00,178.3917369349397,178.3917369349397,174.06561876081378,176.59323120117188,234493.0,0.0,0.0,0.0,BAHL.KA,
2026-02-16 00:00:00+05:00,177.9056540471103,178.3722876746931,165.23838380085968,168.45623779296875,792790.0,0.0,0.0,0.0,BAHL.KA,
2026-02-17 00:00:00+05:00,170.1186516316895,173.044854219538,165.23839372433298,165.85086059570312,1100084.0,0.0,0.0,0.0,BAHL.KA,
2026-02-18 00:00:00+05:00,166.43414264113326,175.28082337048858,166.43414264113326,174.80445861816406,443920.0,0.0,0.0,0.0,BAHL.KA,
2026-02-19 00:00:00+05:00,174.80445741820193,174.9891705828152,166.23971205367445,167.7854461669922,205478.0,0.0,0.0,0.0,BAHL.KA,
2026-02-20 00:00:00+05:00,171.09080934917876,172.0726877071489,165.26755316505825,167.474365234375,73756.0,0.0,0.0,0.0,BAHL.KA,
2026-02-23 00:00:00+05:00,167.47436726423172,170.1283656142901,165.08284199777228,165.28700256347656,239898.0,0.0,0.0,0.0,BAHL.KA,
2026-02-24 00:00:00+05:00,161.47612895379842,168.17432515519468,161.47612895379842,165.28700256347656,717041.0,0.0,0.0,0.0,BAHL.KA,
2026-02-25 00:00:00+05:00,170.03113233387108,170.03113233387108,162.32189459164215,162.4288330078125,2539792.0,0.0,0.0,0.0,BAHL.KA,
2026-02-26 00:00:00+05:00,162.4482950224939,165.26755921670159,160.40674865150447,162.90521240234375,787658.0,0.0,0.0,0.0,BAHL.KA,
2026-02-27 00:00:00+05:00,162.83714769563312,166.239714960915,161.37890458194087,162.3316192626953,1121090.0,0.0,0.0,0.0,BAHL.KA,
2026-03-02 00:00:00+05:00,146.79647935366444,155.54593838798883,146.09652144419715,148.274169921875,4237555.0,0.0,0.0,0.0,BAHL.KA,
2026-03-03 00:00:00+05:00,147.76862876151569,154.57376298079603,145.82430469886418,152.7849884033203,3485961.0,0.0,0.0,0.0,BAHL.KA,
2026-03-04 00:00:00+05:00,153.60161366277012,153.60161366277012,149.7615762880042,150.66567993164062,104563.0,0.0,0.0,0.0,BAHL.KA,
2026-03-05 00:00:00+05:00,153.6016041474399,155.59453931995347,151.65728004430775,153.63076782226562,1766973.0,0.0,0.0,0.0,BAHL.KA,
2026-03-06 00:00:00+05:00,155.44871019668108,155.44871019668108,151.17120299099253,151.64756774902344,151310.0,0.0,0.0,0.0,BAHL.KA,
2026-03-09 00:00:00+05:00,150.68512819212495,151.64757402856583,140.86628487309594,145.08547973632812,2046971.0,0.0,0.0,0.0,BAHL.KA,
2026-03-10 00:00:00+05:00,155.4389894145423,157.49025193120443,146.0965115306948,150.48095703125,838260.0,0.0,0.0,0.0,BAHL.KA,
2026-03-11 00:00:00+05:00,151.65728409213835,159.43458071224802,151.65728409213835,157.14999389648438,911655.0,0.0,0.0,0.0,BAHL.KA,
2026-03-12 00:00:00+05:00,162.0,163.8000030517578,156.5800018310547,157.9199981689453,230437.0,4.5,0.0,0.0,BAHL.KA,
2026-03-13 00:00:00+05:00,155.0,155.0,148.0,153.33999633789062,238519.0,0.0,0.0,0.0,BAHL.KA,
2026-03-16 00:00:00+05:00,151.0,157.88999938964844,150.0,150.00999450683594,494166.0,0.0,0.0,0.0,BAHL.KA,
2026-03-17 00:00:00+05:00,150.0,154.0,148.0,150.10000610351562,631647.0,0.0,0.0,0.0,BAHL.KA,
2026-03-18 00:00:00+05:00,151.5,153.0,150.8000030517578,152.0,100279.0,0.0,0.0,0.0,BAHL.KA,
2026-03-19 00:00:00+05:00,152.0,152.0,149.99000549316406,151.30999755859375,392462.0,0.0,0.0,0.0,BAHL.KA,
2026-03-20 00:00:00+05:00,151.30999755859375,151.30999755859375,151.30999755859375,151.30999755859375,0.0,0.0,0.0,0.0,BAHL.KA,
2026-03-23 00:00:00+05:00,151.30999755859375,151.30999755859375,151.30999755859375,151.30999755859375,0.0,0.0,0.0,0.0,BAHL.KA,
2026-03-24 00:00:00+05:00,154.0,154.9499969482422,148.0,151.13999938964844,364729.0,0.0,0.0,0.0,BAHL.KA,
2026-03-25 00:00:00+05:00,151.99000549316406,157.0,150.00999450683594,156.82000732421875,355037.0,0.0,0.0,0.0,BAHL.KA,
2026-03-26 00:00:00+05:00,156.0,156.99000549316406,152.22000122070312,155.38999938964844,600977.0,0.0,0.0,0.0,BAHL.KA,
2026-03-27 00:00:00+05:00,156.75,156.75,152.10000610351562,152.8300018310547,265153.0,0.0,0.0,0.0,BAHL.KA,
2021-03-29 00:00:00+05:00,13.378888789125146,13.500515845798713,13.020767559704815,13.189693450927734,281750.0,0.0,0.0,0.0,AKBL.KA,
2021-03-30 00:00:00+05:00,13.108608794415485,13.209964926187046,13.041039027979876,13.15590763092041,142600.0,0.0,0.0,0.0,AKBL.KA,
2021-03-31 00:00:00+05:00,13.17617762920997,13.284290729980798,13.108607867551983,13.203207015991211,439875.0,0.0,0.0,0.0,AKBL.KA,
2021-04-01 00:00:00+05:00,13.338345597731898,13.338345597731898,13.007252306862119,13.020766258239746,106375.0,0.0,0.0,0.0,AKBL.KA,
2021-04-02 00:00:00+05:00,12.845084314967783,13.243748872986004,12.838327338801985,13.203207015991211,829725.0,0.0,0.0,0.0,AKBL.KA,
2021-04-05 00:00:00+05:00,13.176177852638025,13.176177852638025,12.973468564226724,13.128880500793457,258175.0,0.0,0.0,0.0,AKBL.KA,
2021-04-06 00:00:00+05:00,12.682917138897977,13.1423930094165,12.682917138897977,12.946440696716309,1003950.0,0.0,0.0,0.0,AKBL.KA,
2021-04-07 00:00:00+05:00,12.716701836198524,12.973468413997624,12.716701836198524,12.838327407836914,204700.0,0.0,0.0,0.0,AKBL.KA,
2021-04-08 00:00:00+05:00,12.811299324035645,12.899141495554138,12.743729562958364,12.811299324035645,275425.0,0.0,0.0,0.0,AKBL.KA,
2021-04-09 00:00:00+05:00,12.777514247763435,13.142392434109352,12.757243319750772,12.932926177978516,239200.0,0.0,0.0,0.0,AKBL.KA,
2021-04-12 00:00:00+05:00,12.838327407836914,12.905897169858243,12.80454252682625,12.838327407836914,928050.0,0.0,0.0,0.0,AKBL.KA,
2021-04-13 00:00:00+05:00,12.84508400780564,12.966711057999618,12.84508400780564,12.932926177978516,91425.0,0.0,0.0,0.0,AKBL.KA,
2021-04-14 00:00:00+05:00,12.912654647218737,13.155905772016007,12.912654647218737,13.020766258239746,66125.0,0.0,0.0,0.0,AKBL.KA,
2021-04-15 00:00:00+05:00,13.068065320313718,13.068065320313718,12.905896418782117,12.912654876708984,173075.0,0.0,0.0,0.0,AKBL.KA,
2021-04-16 00:00:00+05:00,13.095093547214187,13.101850523190098,12.973467979647804,13.068065643310547,41975.0,0.0,0.0,0.0,AKBL.KA,
2021-04-19 00:00:00+05:00,12.939682977607578,13.06131004007494,12.77075856045591,12.905898094177246,185150.0,0.0,0.0,0.0,AKBL.KA,
2021-04-20 00:00:00+05:00,13.04103946685791,13.04103946685791,12.872113562965774,13.04103946685791,75325.0,0.0,0.0,0.0,AKBL.KA,
2021-04-21 00:00:00+05:00,12.939682642267437,13.054552725071797,12.838327994603105,12.899142265319824,506000.0,0.0,0.0,0.0,AKBL.KA,
2021-04-22 00:00:00+05:00,12.939682330982526,13.446458521349102,12.939682330982526,13.25726318359375,731400.0,0.0,0.0,0.0,AKBL.KA,
2021-04-23 00:00:00+05:00,13.304561363538813,13.642411646457235,13.142392457036603,13.561327934265137,352475.0,0.0,0.0,0.0,AKBL.KA,
2021-04-26 00:00:00+05:00,13.507274647739706,13.514031625017138,13.311320824575859,13.473489761352539,246100.0,0.0,0.0,0.0,AKBL.KA,
2021-04-27 00:00:00+05:00,13.514029517654432,13.581599279892009,13.37888851106122,13.480244636535645,129375.0,0.0,0.0,0.0,AKBL.KA,
2021-04-28 00:00:00+05:00,13.480244433448858,13.51402931405866,13.345103428891615,13.405916213989258,102925.0,0.0,0.0,0.0,AKBL.KA,
2021-04-29 00:00:00+05:00,13.345103291714002,13.50051522303961,13.223477722768935,13.277533531188965,120750.0,0.0,0.0,0.0,AKBL.KA,
2021-04-30 00:00:00+05:00,13.27753333585805,13.507272000381425,13.19644962442086,13.399160385131836,41400.0,0.0,0.0,0.0,AKBL.KA,
2021-05-03 00:00:00+05:00,13.21672285827677,13.446460080765704,13.209965881144742,13.236993789672852,86250.0,0.0,0.0,0.0,AKBL.KA,
2021-05-04 00:00:00+05:00,13.250505190012873,13.473486874510181,13.250505190012873,13.426186561584473,96600.0,0.0,0.0,0.0,AKBL.KA,
2021-05-05 00:00:00+05:00,13.412675270548513,13.547816296067454,13.311320612998008,13.514031410217285,385250.0,0.0,0.0,0.0,AKBL.KA,
2021-05-06 00:00:00+05:00,13.51403026247854,13.60187095822872,13.378889248437048,13.520787239074707,83375.0,0.0,0.0,0.0,AKBL.KA,
2021-05-07 00:00:00+05:00,13.520787239074707,13.520787239074707,13.520787239074707,13.520787239074707,0.0,0.0,0.0,0.0,AKBL.KA,
2021-05-10 00:00:00+05:00,13.520787239074707,13.520787239074707,13.520787239074707,13.520787239074707,0.0,0.0,0.0,0.0,AKBL.KA,
2021-05-11 00:00:00+05:00,13.520787239074707,13.520787239074707,13.520787239074707,13.520787239074707,0.0,0.0,0.0,0.0,AKBL.KA,
2021-05-12 00:00:00+05:00,13.520787239074707,13.520787239074707,13.520787239074707,13.520787239074707,0.0,0.0,0.0,0.0,AKBL.KA,
2021-05-13 00:00:00+05:00,13.520787239074707,13.520787239074707,13.520787239074707,13.520787239074707,0.0,0.0,0.0,0.0,AKBL.KA,
2021-05-14 00:00:00+05:00,13.520787239074707,13.520787239074707,13.520787239074707,13.520787239074707,0.0,0.0,0.0,0.0,AKBL.KA,
2021-05-17 00:00:00+05:00,13.67620034441636,13.67620034441636,13.399162798326712,13.514031410217285,303600.0,0.0,0.0,0.0,AKBL.KA,
2021-05-18 00:00:00+05:00,13.514031410217285,13.574844204747588,13.46673257002705,13.514031410217285,410550.0,0.0,0.0,0.0,AKBL.KA,
2021-05-19 00:00:00+05:00,13.405916415956252,13.514029517654432,13.405916415956252,13.480244636535645,417450.0,0.0,0.0,0.0,AKBL.KA,
2021-05-20 00:00:00+05:00,13.466730457721178,13.845122602009143,13.466730457721178,13.669441223144531,134550.0,0.0,0.0,0.0,AKBL.KA,
2021-05-21 00:00:00+05:00,13.662681953732374,13.811336901448332,13.581598245224367,13.682952880859375,27025.0,0.0,0.0,0.0,AKBL.KA,
2021-05-24 00:00:00+05:00,13.68295454977058,14.182973777459905,13.68295454977058,13.872151374816895,501975.0,0.0,0.0,0.0,AKBL.KA,
2021-05-25 00:00:00+05:00,14.142433534187177,14.142433534187177,13.784310810305632,14.081619262695312,200100.0,0.0,0.0,0.0,AKBL.KA,
2021-05-26 00:00:00+05:00,14.122159179233911,14.487038829509366,14.122159179233911,14.412712097167969,949900.0,0.0,0.0,0.0,AKBL.KA,
2021-05-27 00:00:00+05:00,14.318114563746459,14.662721843603963,14.318114563746459,14.622179985046387,519800.0,0.0,0.0,0.0,AKBL.KA,
2021-05-28 00:00:00+05:00,14.39243983168396,14.628935464521104,14.32487007433562,14.541094779968262,364550.0,0.0,0.0,0.0,AKBL.KA,
2021-05-31 00:00:00+05:00,14.655963690535927,14.838403521516096,14.561366028162942,14.811375617980957,243800.0,0.0,0.0,0.0,AKBL.KA,
2021-06-01 00:00:00+05:00,14.595150894716333,14.865431411947451,14.628935774105475,14.845160484313965,283475.0,0.0,0.0,0.0,AKBL.KA,
2021-06-02 00:00:00+05:00,14.987058780988326,15.034357613146579,14.71677825796601,15.000571250915527,1937750.0,0.0,0.0,0.0,AKBL.KA,
2021-06-03 00:00:00+05:00,14.764078256324048,15.095171589702563,14.764078256324048,15.007330894470215,127075.0,0.0,0.0,0.0,AKBL.KA,
2021-06-04 00:00:00+05:00,15.06814407345004,15.06814407345004,14.933003056707689,14.993817329406738,100050.0,0.0,0.0,0.0,AKBL.KA,
2021-06-07 00:00:00+05:00,14.899215999528451,15.534376165958356,14.872188096546493,15.237066268920898,360525.0,0.0,0.0,0.0,AKBL.KA,
2021-06-08 00:00:00+05:00,15.466806777979953,15.473563754534348,14.865432900402533,14.92624568939209,246675.0,0.0,0.0,0.0,AKBL.KA,
2021-06-09 00:00:00+05:00,14.939758327712642,15.203281872260527,14.811375784477569,14.872188568115234,506000.0,0.0,0.0,0.0,AKBL.KA,
2021-06-10 00:00:00+05:00,14.899217573663046,15.162741137696939,14.878946644284909,14.966787338256836,588800.0,0.0,0.0,0.0,AKBL.KA,
2021-06-11 00:00:00+05:00,14.926245693676073,15.068143683477224,14.926245693676073,15.007330894470215,255875.0,0.0,0.0,0.0,AKBL.KA,
2021-06-14 00:00:00+05:00,15.196523126583545,15.21003855904708,14.865429860995851,15.08165454864502,775100.0,0.0,0.0,0.0,AKBL.KA,
2021-06-15 00:00:00+05:00,14.912731118167946,15.270852342825306,14.86543228424766,15.128955841064453,951050.0,0.0,0.0,0.0,AKBL.KA,
2021-06-16 00:00:00+05:00,15.270852585659343,15.270852585659343,14.966787166361405,15.020844459533691,719900.0,0.0,0.0,0.0,AKBL.KA,
2021-06-17 00:00:00+05:00,15.03435842792226,15.18977036698268,14.933002299972216,14.987059593200684,484725.0,0.0,0.0,0.0,AKBL.KA,
2021-06-18 00:00:00+05:00,14.933002796744978,15.189770872297286,14.933002796744978,15.135713577270508,142025.0,0.0,0.0,0.0,AKBL.KA,
2021-06-21 00:00:00+05:00,15.203282400178729,15.203282400178729,14.97354520957016,15.101927757263184,58650.0,0.0,0.0,0.0,AKBL.KA,
2021-06-22 00:00:00+05:00,15.000570876980781,15.189769165133479,15.000570876980781,15.095170021057129,74750.0,0.0,0.0,0.0,AKBL.KA,
2021-06-23 00:00:00+05:00,15.034357444352148,15.189769373245285,15.014086516511911,15.054628372192383,114425.0,0.0,0.0,0.0,AKBL.KA,
2021-06-24 00:00:00+05:00,14.946516749972137,15.189770872297286,14.946516749972137,15.135713577270508,101775.0,0.0,0.0,0.0,AKBL.KA,
2021-06-25 00:00:00+05:00,15.128955841064453,15.203282580082043,15.047872125772539,15.128955841064453,211600.0,0.0,0.0,0.0,AKBL.KA,
2021-06-28 00:00:00+05:00,15.007329926526294,15.13571247281622,14.987058998164727,15.041114807128906,200100.0,0.0,0.0,0.0,AKBL.KA,
2021-06-29 00:00:00+05:00,15.135713543949482,15.338424324028747,15.03435889496892,15.203283309936523,312800.0,0.0,0.0,0.0,AKBL.KA,
2021-06-30 00:00:00+05:00,15.203283088586762,15.460051159835427,15.203283088586762,15.358695030212402,177100.0,0.0,0.0,0.0,AKBL.KA,
2021-07-01 00:00:00+05:00,15.53437747848958,15.54113445480598,15.243826014766277,15.439778327941895,316825.0,0.0,0.0,0.0,AKBL.KA,
2021-07-02 00:00:00+05:00,15.284367325677712,15.473562655766129,15.270851891410516,15.392478942871094,51175.0,0.0,0.0,0.0,AKBL.KA,
2021-07-05 00:00:00+05:00,15.27085377123323,15.304640137883247,14.865433674733328,14.899218559265137,822825.0,0.0,0.0,0.0,AKBL.KA,
2021-07-06 00:00:00+05:00,14.966787346702032,15.00057222901799,14.19648906566195,14.453255653381348,726225.0,0.0,0.0,0.0,AKBL.KA,
2021-07-07 00:00:00+05:00,14.487039773822342,14.527581630469392,14.358655745655318,14.446497917175293,217925.0,0.0,0.0,0.0,AKBL.KA,
2021-07-08 00:00:00+05:00,14.595152289228505,14.682994466151246,14.324871746173091,14.58163833618164,154675.0,0.0,0.0,0.0,AKBL.KA,
2021-07-09 00:00:00+05:00,14.689749570058476,14.696506546402288,14.45325539802508,14.595151901245117,25875.0,0.0,0.0,0.0,AKBL.KA,
2021-07-12 00:00:00+05:00,14.689748480456965,14.689748480456965,14.358655182050734,14.4329833984375,243225.0,0.0,0.0,0.0,AKBL.KA,
2021-07-13 00:00:00+05:00,14.284330666380313,14.52082633972168,14.284330666380313,14.52082633972168,117875.0,0.0,0.0,0.0,AKBL.KA,
2021-07-14 00:00:00+05:00,14.39244176645561,14.514068828150863,14.324872000023884,14.358656883239746,385825.0,0.0,0.0,0.0,AKBL.KA,
2021-07-15 00:00:00+05:00,14.358656866396522,14.460011515925217,14.345142913126029,14.392441749572754,336950.0,0.0,0.0,0.0,AKBL.KA,
2021-07-16 00:00:00+05:00,14.39244022900338,14.42622510861022,14.35865534939654,14.378926277160645,194350.0,0.0,0.0,0.0,AKBL.KA,
2021-07-19 00:00:00+05:00,14.554610043182251,14.65596468833942,14.399198105156506,14.595151901245117,153525.0,0.0,0.0,0.0,AKBL.KA,
2021-07-20 00:00:00+05:00,14.595151901245117,14.595151901245117,14.595151901245117,14.595151901245117,0.0,0.0,0.0,0.0,AKBL.KA,
2021-07-21 00:00:00+05:00,14.595151901245117,14.595151901245117,14.595151901245117,14.595151901245117,0.0,0.0,0.0,0.0,AKBL.KA,
2021-07-22 00:00:00+05:00,14.595151901245117,14.595151901245117,14.595151901245117,14.595151901245117,0.0,0.0,0.0,0.0,AKBL.KA,
2021-07-23 00:00:00+05:00,14.595151901245117,14.595151901245117,14.595151901245117,14.595151901245117,0.0,0.0,0.0,0.0,AKBL.KA,
2021-07-26 00:00:00+05:00,14.696507980209459,14.86543388740342,14.642452164185224,14.85867691040039,315100.0,0.0,0.0,0.0,AKBL.KA,
2021-07-27 00:00:00+05:00,14.595152197893784,15.00057226888077,14.595152197893784,14.865432739257812,168475.0,0.0,0.0,0.0,AKBL.KA,
2021-07-28 00:00:00+05:00,14.865432739257812,15.034358633404624,14.797862974446334,14.865432739257812,183425.0,0.0,0.0,0.0,AKBL.KA,
2021-07-29 00:00:00+05:00,14.797862260984944,14.865432022538627,14.541095684962908,14.757320404052734,139150.0,0.0,0.0,0.0,AKBL.KA,
2021-07-30 00:00:00+05:00,14.933003657433712,14.939760634436741,14.76407923235798,14.85867691040039,79350.0,0.0,0.0,0.0,AKBL.KA,
2021-08-02 00:00:00+05:00,14.7708340363277,15.203281983019577,14.7708340363277,15.183011054992676,213325.0,0.0,0.0,0.0,AKBL.KA,
2021-08-03 00:00:00+05:00,15.007330894470215,15.068143683477224,14.865432904669063,15.007330894470215,73600.0,0.0,0.0,0.0,AKBL.KA,
2021-08-04 00:00:00+05:00,15.000571458748134,15.000571458748134,14.93300169758588,14.960029602050781,53475.0,0.0,0.0,0.0,AKBL.KA,
2021-08-05 00:00:00+05:00,15.135713231859421,15.196526019993833,14.86543269136615,14.966787338256836,81075.0,0.0,0.0,0.0,AKBL.KA,
2021-08-06 00:00:00+05:00,14.973545045923682,15.068142711610996,14.966786587685124,15.041114807128906,361675.0,0.0,0.0,0.0,AKBL.KA,
2021-08-09 00:00:00+05:00,15.155983209525104,15.155983209525104,14.86543175789873,14.933001518249512,178825.0,0.0,0.0,0.0,AKBL.KA,
2021-08-10 00:00:00+05:00,14.865431592155494,14.905973447913938,14.865431592155494,14.872188568115234,127650.0,0.0,0.0,0.0,AKBL.KA,
2021-08-11 00:00:00+05:00,14.878946561313201,15.020844548286982,14.628936951592232,14.73705005645752,152375.0,0.0,0.0,0.0,AKBL.KA,
2021-08-12 00:00:00+05:00,14.858674615290845,14.933001350843465,14.122159789369965,14.176217079162598,1435775.0,0.0,0.0,0.0,AKBL.KA,
2021-08-13 00:00:00+05:00,14.027563305392807,14.027563305392807,13.851880433560634,13.987021446228027,253575.0,0.0,0.0,0.0,AKBL.KA,
2021-08-16 00:00:00+05:00,13.79106521788256,13.9194477493118,13.514027746891072,13.642410278320312,531875.0,0.0,0.0,0.0,AKBL.KA,
2021-08-17 00:00:00+05:00,13.662684036923341,13.912693658394035,13.662684036923341,13.791068077087402,26450.0,0.0,0.0,0.0,AKBL.KA,
2021-08-18 00:00:00+05:00,13.791068077087402,13.791068077087402,13.791068077087402,13.791068077087402,0.0,0.0,0.0,0.0,AKBL.KA,
2021-08-19 00:00:00+05:00,13.791068077087402,13.791068077087402,13.791068077087402,13.791068077087402,0.0,0.0,0.0,0.0,AKBL.KA,
2021-08-20 00:00:00+05:00,13.75052565250147,13.912693087590315,13.588356735294514,13.77755355834961,148350.0,0.0,0.0,0.0,AKBL.KA,
2021-08-23 00:00:00+05:00,13.78431027119243,14.054590806622944,13.777553294859619,14.034319877624512,182850.0,0.0,0.0,0.0,AKBL.KA,
2021-08-24 00:00:00+05:00,14.169458596101972,14.169458596101972,14.05459000499591,14.12891674041748,108100.0,0.0,0.0,0.0,AKBL.KA,
2021-08-25 00:00:00+05:00,13.892420206600974,14.020804223462402,13.85187835352407,13.993776321411133,55200.0,0.0,0.0,0.0,AKBL.KA,
2021-08-26 00:00:00+05:00,13.892421947167664,13.91944985260523,13.79106730177679,13.818095207214355,53475.0,0.0,0.0,0.0,AKBL.KA,
2021-08-27 00:00:00+05:00,13.737009966988143,14.020804424717973,13.628896875113304,13.838364601135254,85675.0,0.0,0.0,0.0,AKBL.KA,
2021-08-30 00:00:00+05:00,13.791066543045355,13.919449086810681,13.757281663107111,13.8113374710083,158700.0,0.0,0.0,0.0,AKBL.KA,
2021-08-31 00:00:00+05:00,13.818096900303914,13.953236444049985,13.818096900303914,13.858638763427734,20125.0,0.0,0.0,0.0,AKBL.KA,
2021-09-01 00:00:00+05:00,13.818094048464273,13.980262949608687,13.818094048464273,13.973505973815918,92000.0,0.0,0.0,0.0,AKBL.KA,
2021-09-02 00:00:00+05:00,13.919451205096122,13.919451205096122,13.777554687761448,13.804582595825195,109825.0,0.0,0.0,0.0,AKBL.KA,
2021-09-03 00:00:00+05:00,13.966751526325911,13.987022457373723,13.764040733729574,13.804582595825195,52900.0,0.0,0.0,0.0,AKBL.KA,
2021-09-06 00:00:00+05:00,13.804581269982263,13.851880104551066,13.730254529945572,13.784310340881348,40250.0,0.0,0.0,0.0,AKBL.KA,
2021-09-07 00:00:00+05:00,13.655928066852667,14.135674880755081,13.655928066852667,14.08837604522705,267375.0,0.0,0.0,0.0,AKBL.KA,
2021-09-08 00:00:00+05:00,14.088376094139978,14.088376094139978,13.851880433560634,13.987021446228027,98900.0,0.0,0.0,0.0,AKBL.KA,
2021-09-09 00:00:00+05:00,13.892420518650342,14.189728930010295,13.892420518650342,14.182971954345703,54625.0,0.0,0.0,0.0,AKBL.KA,
2021-09-10 00:00:00+05:00,14.189731215771678,14.865433337430499,14.189731215771678,14.730292320251465,232875.0,0.0,0.0,0.0,AKBL.KA,
2021-09-13 00:00:00+05:00,14.804619999278083,14.818133952284514,14.595152245560282,14.764078140258789,58650.0,0.0,0.0,0.0,AKBL.KA,
2021-09-14 00:00:00+05:00,14.784349021484038,14.865432739257812,14.581638244931488,14.865432739257812,209875.0,0.0,0.0,0.0,AKBL.KA,
2021-09-15 00:00:00+05:00,14.730292272653248,15.203283608074221,14.689750412265992,14.993817329406738,363400.0,0.0,0.0,0.0,AKBL.KA,
2021-09-16 00:00:00+05:00,14.973545180670675,15.237067251742484,14.966786722371298,15.1694974899292,60950.0,0.0,0.0,0.0,AKBL.KA,
2021-09-17 00:00:00+05:00,15.18977106063658,16.284405731963368,15.18977106063658,15.689788818359375,1397825.0,0.0,0.0,0.0,AKBL.KA,
2021-09-20 00:00:00+05:00,15.527619611512604,15.845198962285233,15.135712043404942,15.155982971191406,446775.0,0.0,0.0,0.0,AKBL.KA,
2021-09-21 00:00:00+05:00,15.155982971191406,15.155982971191406,15.155982971191406,15.155982971191406,0.0,0.0,0.0,0.0,AKBL.KA,
2021-09-22 00:00:00+05:00,15.527621303209843,15.574920139864693,15.135713692404781,15.460051536560059,437000.0,0.0,0.0,0.0,AKBL.KA,
2021-09-23 00:00:00+05:00,15.818172781922073,15.8722285952419,15.237068342379459,15.460051536560059,61525.0,0.0,0.0,0.0,AKBL.KA,
2021-09-24 00:00:00+05:00,15.20328220077079,15.453291798801365,15.135712439713346,15.223554611206055,240350.0,0.0,0.0,0.0,AKBL.KA,
2021-09-27 00:00:00+05:00,15.223554892252341,15.52086332851182,14.527581894158018,14.818133354187012,442750.0,0.0,0.0,0.0,AKBL.KA,
2021-09-28 00:00:00+05:00,14.818133354187012,14.818133354187012,14.818133354187012,14.818133354187012,0.0,0.0,0.0,0.0,AKBL.KA,
2021-09-29 00:00:00+05:00,15.115441544454653,15.79790057898152,14.527581657733133,15.041114807128906,481275.0,0.0,0.0,0.0,AKBL.KA,
2021-09-30 00:00:00+05:00,15.007330596038614,15.405993687052769,15.000572137498546,15.331666946411133,100625.0,0.0,0.0,0.0,AKBL.KA,
2021-10-01 00:00:00+05:00,15.054627914901324,15.696545056697598,15.054627914901324,15.500591278076172,100625.0,0.0,0.0,0.0,AKBL.KA,
2021-10-04 00:00:00+05:00,15.101928030003787,15.473563209523897,15.034358266839781,15.439778327941895,7506625.0,0.0,0.0,0.0,AKBL.KA,
2021-10-05 00:00:00+05:00,15.203282922147292,15.270852686410835,15.135713157883746,15.216796875,39675.0,0.0,0.0,0.0,AKBL.KA,
2021-10-06 00:00:00+05:00,15.20328384127278,15.237068725447042,14.865433517411974,14.919490814208984,186300.0,0.0,0.0,0.0,AKBL.KA,
2021-10-07 00:00:00+05:00,15.027598747262184,15.101925474163583,14.919487144496513,15.08165454864502,38525.0,0.0,0.0,0.0,AKBL.KA,
2021-10-08 00:00:00+05:00,14.865433110577559,15.162741565292569,14.865433110577559,14.885704040527344,29900.0,0.0,0.0,0.0,AKBL.KA,
2021-10-11 00:00:00+05:00,14.737049060198188,15.16949700407053,14.737049060198188,14.95327377319336,93150.0,0.0,0.0,0.0,AKBL.KA,
2021-10-12 00:00:00+05:00,14.737052011924153,15.10193026922988,14.662723779304711,15.047874450683594,125925.0,0.0,0.0,0.0,AKBL.KA,
2021-10-13 00:00:00+05:00,15.203283214603912,15.710059420565251,15.000572435795752,15.007330894470215,139150.0,0.0,0.0,0.0,AKBL.KA,
2021-10-14 00:00:00+05:00,15.520863472488712,15.710058808697385,15.203282622473722,15.65600299835205,369150.0,0.0,0.0,0.0,AKBL.KA,
2021-10-15 00:00:00+05:00,15.797901817351832,15.838443677252974,15.372209324153548,15.527621269226074,132250.0,0.0,0.0,0.0,AKBL.KA,
2021-10-18 00:00:00+05:00,15.71681545873613,16.689825953226407,15.047871855362597,16.27764892578125,1441525.0,0.0,0.0,0.0,AKBL.KA,
2021-10-19 00:00:00+05:00,16.27764892578125,16.27764892578125,16.27764892578125,16.27764892578125,0.0,0.0,0.0,0.0,AKBL.KA,
2021-10-20 00:00:00+05:00,16.689827015074997,16.88578081809431,16.554686001300876,16.588472366333008,569250.0,0.0,0.0,0.0,AKBL.KA,
2021-10-21 00:00:00+05:00,16.85875173137124,17.027676134113715,16.21683455459573,16.629013061523438,1599650.0,0.0,0.0,0.0,AKBL.KA,
2021-10-22 00:00:00+05:00,16.25737872428267,16.629013911428334,16.203321430524188,16.35197639465332,254725.0,0.0,0.0,0.0,AKBL.KA,
2021-10-25 00:00:00+05:00,15.811415314013384,16.04790948994001,15.372208880199146,16.35197639465332,197800.0,0.0,0.0,0.0,AKBL.KA,
2021-10-26 00:00:00+05:00,15.210041668912941,15.473563754534348,14.865432900402533,14.92624568939209,505425.0,0.0,0.0,0.0,AKBL.KA,
2021-10-27 00:00:00+05:00,15.101927559184624,15.500592113659607,15.101927559184624,15.223554611206055,27600.0,0.0,0.0,0.0,AKBL.KA,
2021-10-28 00:00:00+05:00,15.14246860848404,15.385721217439627,15.034356996556202,15.237066268920898,179975.0,0.0,0.0,0.0,AKBL.KA,
2021-10-29 00:00:00+05:00,15.405991527360866,15.676272028468324,15.135711026253409,15.62221622467041,119025.0,0.0,0.0,0.0,AKBL.KA,
2021-11-01 00:00:00+05:00,15.689788867804046,15.689788867804046,15.210042038661461,15.507349014282227,431250.0,0.0,0.0,0.0,AKBL.KA,
2021-11-02 00:00:00+05:00,15.54113425319853,15.811414784466415,15.54113425319853,15.561405181884766,93725.0,0.0,0.0,0.0,AKBL.KA,
2021-11-03 00:00:00+05:00,15.541134439490396,15.541134439490396,15.473563194274902,15.473563194274902,27025.0,0.0,0.0,0.0,AKBL.KA,
2021-11-04 00:00:00+05:00,15.480322206497432,15.608704760975295,15.480322206497432,15.601947784423828,75325.0,0.0,0.0,0.0,AKBL.KA,
2021-11-05 00:00:00+05:00,15.412748470368296,15.74384175005095,15.412748470368296,15.723570823669434,27025.0,0.0,0.0,0.0,AKBL.KA,
2021-11-08 00:00:00+05:00,15.473562404936581,15.66951619004116,15.473562404936581,15.649245262145996,335800.0,0.0,0.0,0.0,AKBL.KA,
2021-11-09 00:00:00+05:00,15.37220762733226,15.54113350705872,15.37220762733226,15.520862579345703,209875.0,0.0,0.0,0.0,AKBL.KA,
2021-11-10 00:00:00+05:00,15.676275129915286,15.946555684495957,15.541135593684043,15.547892570495605,67850.0,0.0,0.0,0.0,AKBL.KA,
2021-11-11 00:00:00+05:00,15.608704823219396,15.642489706111455,15.30463939507273,15.385723114013672,186875.0,0.0,0.0,0.0,AKBL.KA,
2021-11-12 00:00:00+05:00,15.372209406089793,15.372209406089793,15.216797460188898,15.27761173248291,27600.0,0.0,0.0,0.0,AKBL.KA,
2021-11-15 00:00:00+05:00,15.243825469230195,15.466805679691543,15.135712369918789,15.392478942871094,52325.0,0.0,0.0,0.0,AKBL.KA,
2021-11-16 00:00:00+05:00,15.520863437036356,15.743843654201537,15.135712824969447,15.210041046142578,374325.0,0.0,0.0,0.0,AKBL.KA,
2021-11-17 00:00:00+05:00,15.534377276969783,15.811414784466415,15.534377276969783,15.561405181884766,104650.0,0.0,0.0,0.0,AKBL.KA,
2021-11-18 00:00:00+05:00,15.811414345481838,15.811414345481838,15.683030318582038,15.791143417358398,34500.0,0.0,0.0,0.0,AKBL.KA,
2021-11-19 00:00:00+05:00,15.87222663828077,16.250618766983983,15.710057736197696,16.18980598449707,365125.0,0.0,0.0,0.0,AKBL.KA,
2021-11-22 00:00:00+05:00,16.284405547767086,16.622257343049892,16.18980787507406,16.22359275817871,403650.0,0.0,0.0,0.0,AKBL.KA,
2021-11-23 00:00:00+05:00,16.41954569540946,16.41954569540946,15.824928819924986,15.906012535095215,157550.0,0.0,0.0,0.0,AKBL.KA,
2021-11-24 00:00:00+05:00,15.946554507618615,15.946554507618615,15.210041125277657,15.554648399353027,126500.0,0.0,0.0,0.0,AKBL.KA,
2021-11-25 00:00:00+05:00,15.473561688301833,15.703300342591682,15.270850936620445,15.541132926940918,54625.0,0.0,0.0,0.0,AKBL.KA,
2021-11-26 00:00:00+05:00,15.480322432674743,16.0614253888274,15.372209324153548,15.527621269226074,291525.0,0.0,0.0,0.0,AKBL.KA,
2021-11-29 00:00:00+05:00,15.615462026609256,16.047910016026968,15.554649236520255,15.872228622436523,115575.0,0.0,0.0,0.0,AKBL.KA,
2021-11-30 00:00:00+05:00,16.00736960685392,16.216835883418455,15.743844552746104,16.020883560180664,267375.0,0.0,0.0,0.0,AKBL.KA,
2021-12-01 00:00:00+05:00,15.55464812648567,16.210077781574096,15.55464812648567,15.845199584960938,38525.0,0.0,0.0,0.0,AKBL.KA,
2021-12-02 00:00:00+05:00,15.7100577880225,15.7100577880225,14.90597321502241,15.095170021057129,224250.0,0.0,0.0,0.0,AKBL.KA,
2021-12-03 00:00:00+05:00,15.09517109870887,15.507348137356702,15.09517109870887,15.338423728942871,23575.0,0.0,0.0,0.0,AKBL.KA,
2021-12-06 00:00:00+05:00,15.338424806007936,15.473564342228508,15.338424806007936,15.46680736541748,6325.0,0.0,0.0,0.0,AKBL.KA,
2021-12-07 00:00:00+05:00,15.541135558403171,15.649247187142734,15.338424772398309,15.615462303161621,17825.0,0.0,0.0,0.0,AKBL.KA,
2021-12-08 00:00:00+05:00,15.54789240897003,15.54789240897003,15.203283630924098,15.405994415283203,47150.0,0.0,0.0,0.0,AKBL.KA,
2021-12-09 00:00:00+05:00,15.338424311126719,15.338424311126719,15.06814376528776,15.318153381347656,29325.0,0.0,0.0,0.0,AKBL.KA,
2021-12-10 00:00:00+05:00,15.203281465395674,15.203281465395674,14.86543119433207,15.034357070922852,162150.0,0.0,0.0,0.0,AKBL.KA,
2021-12-13 00:00:00+05:00,14.865433287217082,14.933003054519268,14.80462049664511,14.912732124328613,93150.0,0.0,0.0,0.0,AKBL.KA,
2021-12-14 00:00:00+05:00,14.703265591883273,15.324910404568877,14.703265591883273,15.135713577270508,147775.0,0.0,0.0,0.0,AKBL.KA,
2021-12-15 00:00:00+05:00,15.284367325677712,15.507347536139061,15.068142609172925,15.392478942871094,32775.0,0.0,0.0,0.0,AKBL.KA,
2021-12-16 00:00:00+05:00,15.10192800450408,15.135712886029037,14.865432351711306,14.878946304321289,257600.0,0.0,0.0,0.0,AKBL.KA,
2021-12-17 00:00:00+05:00,14.885703198306787,15.189770094586027,14.885703198306787,15.162740707397461,10350.0,0.0,0.0,0.0,AKBL.KA,
2021-12-20 00:00:00+05:00,14.865432277060133,15.257339865017704,14.865432277060133,15.243825912475586,58075.0,0.0,0.0,0.0,AKBL.KA,
2021-12-21 00:00:00+05:00,15.196526068952172,15.196526068952172,14.865432739257812,14.865432739257812,173650.0,0.0,0.0,0.0,AKBL.KA,
2021-12-22 00:00:00+05:00,15.189770178587043,15.189770178587043,14.797862588661392,14.878946304321289,118450.0,0.0,0.0,0.0,AKBL.KA,
2021-12-23 00:00:00+05:00,14.595151234377589,15.074899497104166,14.595151234377589,14.933001518249512,16100.0,0.0,0.0,0.0,AKBL.KA,
2021-12-24 00:00:00+05:00,15.034356532142851,15.034356532142851,14.764076028554307,14.804617881774902,14950.0,0.0,0.0,0.0,AKBL.KA,
2021-12-27 00:00:00+05:00,14.865434692394691,15.203285042959616,14.865434692394691,15.176257133483887,45425.0,0.0,0.0,0.0,AKBL.KA,
2021-12-28 00:00:00+05:00,15.20328304543332,15.20328304543332,14.865432739257812,14.865432739257812,151800.0,0.0,0.0,0.0,AKBL.KA,
2021-12-29 00:00:00+05:00,14.878946266509232,15.128955871276634,14.872189290221412,15.061386108398438,9200.0,0.0,0.0,0.0,AKBL.KA,
2021-12-30 00:00:00+05:00,15.068142353065713,15.068142353065713,14.865431592155494,14.872188568115234,90275.0,0.0,0.0,0.0,AKBL.KA,
2021-12-31 00:00:00+05:00,15.162740791249002,15.162740791249002,14.83840444649134,14.878946304321289,63825.0,0.0,0.0,0.0,AKBL.KA,
2022-01-03 00:00:00+05:00,15.149226205530907,15.149226205530907,14.899216610576413,15.000571250915527,57500.0,0.0,0.0,0.0,AKBL.KA,
2022-01-04 00:00:00+05:00,14.878945720413197,15.068142531646208,14.865431768333554,15.014086723327637,154675.0,0.0,0.0,0.0,AKBL.KA,
2022-01-05 00:00:00+05:00,15.297880608418415,15.345179438870804,14.9330009521212,15.034357070922852,180550.0,0.0,0.0,0.0,AKBL.KA,
2022-01-06 00:00:00+05:00,15.135710350027853,15.135710350027853,14.932999612724394,15.08165454864502,77050.0,0.0,0.0,0.0,AKBL.KA,
2022-01-07 00:00:00+05:00,15.068142841501675,15.338423370770483,15.03435796060783,15.284367561340332,182275.0,0.0,0.0,0.0,AKBL.KA,
2022-01-10 00:00:00+05:00,15.324908022286287,15.811413227072254,15.26409524221752,15.581674575805664,504275.0,0.0,0.0,0.0,AKBL.KA,
2022-01-11 00:00:00+05:00,15.372209656379422,15.939798671498494,15.270853522317898,15.615462303161621,39100.0,0.0,0.0,0.0,AKBL.KA,
2022-01-12 00:00:00+05:00,15.642488465734191,15.878984109343726,15.642488465734191,15.676273345947266,81075.0,0.0,0.0,0.0,AKBL.KA,
2022-01-13 00:00:00+05:00,15.608704566955566,15.608704566955566,15.541134802280808,15.608704566955566,121900.0,0.0,0.0,0.0,AKBL.KA,
2022-01-14 00:00:00+05:00,15.608704859092475,16.014124936847086,15.608704859092475,15.878985404968262,165600.0,0.0,0.0,0.0,AKBL.KA,
2022-01-17 00:00:00+05:00,15.77762736629534,16.047907879491977,15.77762736629534,15.912768363952637,70150.0,0.0,0.0,0.0,AKBL.KA,
2022-01-18 00:00:00+05:00,15.656001672607548,15.926282183565041,15.656001672607548,15.750600814819336,46000.0,0.0,0.0,0.0,AKBL.KA,
2022-01-19 00:00:00+05:00,15.608704938340354,15.946555251870873,15.608704938340354,15.628975868225098,58650.0,0.0,0.0,0.0,AKBL.KA,
2022-01-20 00:00:00+05:00,15.480321423225199,15.710058614350832,14.933001903895262,15.662759780883789,2892825.0,0.0,0.0,0.0,AKBL.KA,
2022-01-21 00:00:00+05:00,15.608704141759256,15.8114149123796,15.541134378925165,15.804657936096191,2881900.0,0.0,0.0,0.0,AKBL.KA,
2022-01-24 00:00:00+05:00,15.74384409630508,15.74384409630508,15.568162708150712,15.608704566955566,2950325.0,0.0,0.0,0.0,AKBL.KA,
2022-01-25 00:00:00+05:00,15.710058434537146,15.710058434537146,15.608703792553566,15.63573169708252,2929050.0,0.0,0.0,0.0,AKBL.KA,
2022-01-26 00:00:00+05:00,15.67627243998322,15.67627243998322,15.49383409737611,15.541132926940918,58075.0,0.0,0.0,0.0,AKBL.KA,
2022-01-27 00:00:00+05:00,15.541132926940918,15.574917805201492,15.541132926940918,15.541132926940918,13225.0,0.0,0.0,0.0,AKBL.KA,
2022-01-28 00:00:00+05:00,15.541132926940918,15.777627074764949,15.473561688301833,15.541132926940918,46000.0,0.0,0.0,0.0,AKBL.KA,
2022-01-31 00:00:00+05:00,15.872228024987027,15.980339647742467,15.743843990846843,15.926283836364746,58075.0,0.0,0.0,0.0,AKBL.KA,
2022-02-01 00:00:00+05:00,15.912768232123064,15.953310086448996,15.750600814819336,15.750600814819336,218500.0,0.0,0.0,0.0,AKBL.KA,
2022-02-02 00:00:00+05:00,15.574919595754242,15.912769899318507,15.574919595754242,15.892498970031738,153525.0,0.0,0.0,0.0,AKBL.KA,
2022-02-03 00:00:00+05:00,15.87898540496826,16.11548106787434,15.87898540496826,15.878985404968262,491050.0,0.0,0.0,0.0,AKBL.KA,
2022-02-04 00:00:00+05:00,16.047908468055574,16.047908468055574,15.710058184698472,15.777627944946289,75325.0,0.0,0.0,0.0,AKBL.KA,
2022-02-07 00:00:00+05:00,15.608703627251641,15.878984151796855,15.547890842705522,15.574918746948242,106375.0,0.0,0.0,0.0,AKBL.KA,
2022-02-08 00:00:00+05:00,15.676275129915286,15.79790219464159,15.53437861687248,15.547892570495605,178250.0,0.0,0.0,0.0,AKBL.KA,
2022-02-09 00:00:00+05:00,15.608704209856132,15.811414981360853,15.534377470414363,15.554648399353027,1359875.0,0.0,0.0,0.0,AKBL.KA,
2022-02-10 00:00:00+05:00,15.554648960698204,15.554648960698204,15.47356375989922,15.487077713012695,477250.0,0.0,0.0,0.0,AKBL.KA,
2022-02-11 00:00:00+05:00,15.865471021687146,16.068181796128282,15.473563425626407,15.480321884155273,265650.0,0.0,0.0,0.0,AKBL.KA,
2022-02-14 00:00:00+05:00,15.811414739612548,15.811414739612548,15.480321423225199,15.662759780883789,126500.0,0.0,0.0,0.0,AKBL.KA,
2022-02-15 00:00:00+05:00,15.811416760365889,15.878986531097311,14.493797338393675,14.507312774658203,2599000.0,0.0,0.0,0.0,AKBL.KA,
2022-02-16 00:00:00+05:00,14.507311395963658,14.507311395963658,13.851880235802671,13.91269302368164,530150.0,0.0,0.0,0.0,AKBL.KA,
2022-02-17 00:00:00+05:00,13.858636554229498,13.885664458670208,13.561328123263662,13.669441223144531,212750.0,0.0,0.0,0.0,AKBL.KA,
2022-02-18 00:00:00+05:00,13.845121779993335,13.953233391337344,13.61538312376937,13.682952880859375,258750.0,0.0,0.0,0.0,AKBL.KA,
2022-02-21 00:00:00+05:00,13.730255012622136,13.730255012622136,13.44645903099651,13.4870023727417,382950.0,0.0,0.0,0.0,AKBL.KA,
2022-02-22 00:00:00+05:00,13.446457734685533,13.514028976334524,13.345103095389044,13.399160385131836,124775.0,0.0,0.0,0.0,AKBL.KA,
2022-02-23 00:00:00+05:00,13.31807692782192,13.48024585395587,12.905898376712152,13.176178932189941,69000.0,0.0,0.0,0.0,AKBL.KA,
2022-02-24 00:00:00+05:00,13.176177700061608,13.176177700061608,12.500477115612222,12.838327407836914,447925.0,0.0,0.0,0.0,AKBL.KA,
2022-02-25 00:00:00+05:00,12.83832871427909,13.041039503089195,12.83832871427909,12.973469734191895,109825.0,0.0,0.0,0.0,AKBL.KA,
2022-02-28 00:00:00+05:00,13.014010817290172,13.014010817290172,12.8653558524875,13.000496864318848,75325.0,0.0,0.0,0.0,AKBL.KA,
2022-03-01 00:00:00+05:00,13.169423066325681,13.169423066325681,12.973469261544267,13.15590763092041,21850.0,0.0,0.0,0.0,AKBL.KA,
2022-03-02 00:00:00+05:00,12.912657061857965,13.236993437689138,12.912657061857965,13.182937622070312,38525.0,0.0,0.0,0.0,AKBL.KA,
2022-03-03 00:00:00+05:00,13.17617693325614,13.17617693325614,12.845083636502004,12.912654876708984,69575.0,0.0,0.0,0.0,AKBL.KA,
2022-03-04 00:00:00+05:00,12.932927872853513,13.135637179545416,12.932927872853513,12.973469734191895,77625.0,0.0,0.0,0.0,AKBL.KA,
2022-03-07 00:00:00+05:00,12.973468413997624,12.973468413997624,12.703187883794259,12.838327407836914,59225.0,0.0,0.0,0.0,AKBL.KA,
2022-03-08 00:00:00+05:00,12.838328234821258,12.838328234821258,12.507234897471232,12.709945678710938,71300.0,0.0,0.0,0.0,AKBL.KA,
2022-03-09 00:00:00+05:00,12.66940137190088,12.838327257088718,12.63561649128692,12.743729591369629,35650.0,0.0,0.0,0.0,AKBL.KA,
2022-03-10 00:00:00+05:00,12.838327257088718,12.9396818989306,12.736972615246836,12.743729591369629,652625.0,0.0,0.0,0.0,AKBL.KA,
2022-03-11 00:00:00+05:00,12.676159815974037,12.838327242739798,12.50047695485976,12.777514457702637,47150.0,0.0,0.0,0.0,AKBL.KA,
2022-03-14 00:00:00+05:00,12.635617126147729,12.777515113973886,12.50047759690197,12.507234573364258,50025.0,0.0,0.0,0.0,AKBL.KA,
2022-03-15 00:00:00+05:00,12.669402598750972,12.669402598750972,12.331553018836459,12.486964225769043,46000.0,0.0,0.0,0.0,AKBL.KA,
2022-03-16 00:00:00+05:00,12.53426207602593,12.581560909740492,12.432907432351868,12.554533004760742,128800.0,0.0,0.0,0.0,AKBL.KA,
2022-03-17 00:00:00+05:00,12.473450078284618,12.568047751693385,12.473450078284618,12.493721008300781,67275.0,0.0,0.0,0.0,AKBL.KA,
2022-03-18 00:00:00+05:00,12.304524580052195,12.568048160961924,12.304524580052195,12.446422576904297,50025.0,0.0,0.0,0.0,AKBL.KA,
2022-03-21 00:00:00+05:00,13.000497055547157,13.020767985302314,12.331552668331653,12.432908058166504,70150.0,0.0,0.0,0.0,AKBL.KA,
2022-03-22 00:00:00+05:00,12.446421978295602,12.50047779083252,12.446421978295602,12.50047779083252,4025.0,0.0,0.0,0.0,AKBL.KA,
2022-03-23 00:00:00+05:00,12.50047779083252,12.50047779083252,12.50047779083252,12.50047779083252,0.0,0.0,0.0,0.0,AKBL.KA,
2022-03-24 00:00:00+05:00,12.534262673668094,12.635617322174813,12.50047779083252,12.50047779083252,26450.0,0.0,0.0,0.0,AKBL.KA,
2022-03-25 00:00:00+05:00,12.568047573140397,12.635617338900989,12.385608464527735,12.466692924499512,58650.0,0.0,0.0,0.0,AKBL.KA,
2022-03-28 00:00:00+05:00,12.473448534447003,12.804541832516456,12.473448534447003,12.66264533996582,18975.0,0.0,0.0,0.0,AKBL.KA,
2022-03-29 00:00:00+05:00,12.824813874335813,12.831570850758654,12.635617052378214,12.757244110107422,67850.0,0.0,0.0,0.0,AKBL.KA,
2022-03-30 00:00:00+05:00,12.669401772509268,12.797785805019874,12.513991316770946,12.696431159973145,15525.0,0.0,0.0,0.0,AKBL.KA,
2022-03-31 00:00:00+05:00,12.568046921082523,12.770757689965352,12.5004771588276,12.73697280883789,216200.0,0.0,0.0,0.0,AKBL.KA,
2022-04-01 00:00:00+05:00,12.703187729896454,12.939681894106,12.703187729896454,12.858599662780762,216775.0,0.0,0.0,0.0,AKBL.KA,
2022-04-04 00:00:00+05:00,12.730215658404038,12.736972634537063,12.568046749093385,12.595074653625488,29325.0,0.0,0.0,0.0,AKBL.KA,
2022-04-05 00:00:00+05:00,12.635617322174813,12.635617322174813,12.50047779083252,12.50047779083252,10925.0,0.0,0.0,0.0,AKBL.KA,
2022-04-06 00:00:00+05:00,12.81129818288991,12.838326084913355,12.601830460090314,12.669400215148926,49450.0,0.0,0.0,0.0,AKBL.KA,
2022-04-07 00:00:00+05:00,12.365337676949371,12.736973616082087,12.365337676949371,12.561290740966797,7475.0,0.0,0.0,0.0,AKBL.KA,
2022-04-08 00:00:00+05:00,12.831571578979492,13.007254458061816,12.669402653509795,12.831571578979492,318550.0,0.0,0.0,0.0,AKBL.KA,
2022-04-11 00:00:00+05:00,12.899141597594157,13.176177620202523,12.872112210831395,13.122121810913086,201250.0,0.0,0.0,0.0,AKBL.KA,
2022-04-12 00:00:00+05:00,13.142393677633288,13.176178560851092,12.939682896208314,13.15590763092041,104650.0,0.0,0.0,0.0,AKBL.KA,
2022-04-13 00:00:00+05:00,13.243749516359966,13.243749516359966,12.939682609891527,12.96671199798584,47150.0,0.0,0.0,0.0,AKBL.KA,
2022-04-14 00:00:00+05:00,13.176178387306315,13.331590330179418,13.007253973442214,13.209964752197266,92000.0,0.0,0.0,0.0,AKBL.KA,
2022-04-15 00:00:00+05:00,13.243749585901,13.345104233843934,13.243749585901,13.311319351196289,569250.0,0.0,0.0,0.0,AKBL.KA,
2022-04-18 00:00:00+05:00,13.03428073252821,13.365375518798828,13.03428073252821,13.365375518798828,59225.0,0.0,0.0,0.0,AKBL.KA,
2022-04-19 00:00:00+05:00,13.36537594658661,13.36537594658661,13.041038125894746,13.05455207824707,134550.0,0.0,0.0,0.0,AKBL.KA,
2022-04-20 00:00:00+05:00,13.169421556634685,13.378887808572678,12.872111654164154,13.223477363586426,230575.0,0.0,0.0,0.0,AKBL.KA,
2022-04-21 00:00:00+05:00,13.176178253053209,14.007292289268817,13.176178253053209,13.676198959350586,1137925.0,0.0,0.0,0.0,AKBL.KA,
2022-04-22 00:00:00+05:00,13.84512339918851,13.84512339918851,13.20996464402438,13.527544021606445,129950.0,0.0,0.0,0.0,AKBL.KA,
2022-04-25 00:00:00+05:00,13.38564736186838,13.851881750837238,13.378890384698344,13.514031410217285,107525.0,0.0,0.0,0.0,AKBL.KA,
2022-04-26 00:00:00+05:00,13.824851100153328,13.824851100153328,13.24374821454912,13.655926704406738,24725.0,0.0,0.0,0.0,AKBL.KA,
2022-04-27 00:00:00+05:00,13.51403006860798,13.649169598592637,13.311319291512874,13.527544021606445,89700.0,0.0,0.0,0.0,AKBL.KA,
2022-04-28 00:00:00+05:00,13.345105498848177,13.514031410217285,13.345105498848177,13.514031410217285,87400.0,0.0,0.0,0.0,AKBL.KA,
2022-04-29 00:00:00+05:00,13.514031410217285,13.514031410217285,13.514031410217285,13.514031410217285,0.0,0.0,0.0,0.0,AKBL.KA,
2022-05-02 00:00:00+05:00,13.514031410217285,13.514031410217285,13.514031410217285,13.514031410217285,0.0,0.0,0.0,0.0,AKBL.KA,
2022-05-03 00:00:00+05:00,13.514031410217285,13.514031410217285,13.514031410217285,13.514031410217285,0.0,0.0,0.0,0.0,AKBL.KA,
2022-05-04 00:00:00+05:00,13.514031410217285,13.514031410217285,13.514031410217285,13.514031410217285,0.0,0.0,0.0,0.0,AKBL.KA,
2022-05-05 00:00:00+05:00,13.514031410217285,13.514031410217285,13.514031410217285,13.514031410217285,0.0,0.0,0.0,0.0,AKBL.KA,
2022-05-06 00:00:00+05:00,13.345103095389044,13.514028976334524,13.311318215623547,13.399160385131836,45425.0,0.0,0.0,0.0,AKBL.KA,
2022-05-09 00:00:00+05:00,13.18293598885311,13.18293598885311,12.770757481587397,12.777514457702637,190325.0,0.0,0.0,0.0,AKBL.KA,
2022-05-10 00:00:00+05:00,12.635616654138897,12.838327422553297,12.635616654138897,12.804542541503906,31625.0,0.0,0.0,0.0,AKBL.KA,
2022-05-11 00:00:00+05:00,12.905897713963594,12.905897713963594,12.345066442365162,12.365337371826172,257025.0,0.0,0.0,0.0,AKBL.KA,
2022-05-12 00:00:00+05:00,12.338309358903519,12.365338007299632,12.128842335982537,12.162627220153809,198950.0,0.0,0.0,0.0,AKBL.KA,
2022-05-13 00:00:00+05:00,12.169382646342418,12.365336431685186,12.16262567036915,12.331551551818848,236325.0,0.0,0.0,0.0,AKBL.KA,
2022-05-16 00:00:00+05:00,12.169382119478195,12.331551017933645,12.027484889123903,12.101812362670898,48875.0,0.0,0.0,0.0,AKBL.KA,
2022-05-17 00:00:00+05:00,12.162627220153809,12.365338007299632,12.162627220153809,12.162627220153809,22425.0,0.0,0.0,0.0,AKBL.KA,
2022-05-18 00:00:00+05:00,12.32479542096706,12.615346148799881,12.32479542096706,12.608589172363281,43700.0,0.0,0.0,0.0,AKBL.KA,
2022-05-19 00:00:00+05:00,12.331552402963037,12.703188330320698,12.331552402963037,12.689674377441406,28750.0,0.0,0.0,0.0,AKBL.KA,
2022-05-20 00:00:00+05:00,12.500477523921429,12.85184178002717,12.500477523921429,12.757244110107422,68425.0,0.0,0.0,0.0,AKBL.KA,
2022-05-23 00:00:00+05:00,12.318036006726244,12.69642959929027,12.318036006726244,12.669400215148926,39100.0,0.0,0.0,0.0,AKBL.KA,
2022-05-24 00:00:00+05:00,12.50047759690197,12.574804337987137,12.50047759690197,12.507234573364258,27600.0,0.0,0.0,0.0,AKBL.KA,
2022-05-25 00:00:00+05:00,12.507234783955866,12.507234783955866,12.16262675539965,12.466692924499512,86250.0,0.0,0.0,0.0,AKBL.KA,
2022-05-26 00:00:00+05:00,12.203168235382238,12.500477418660815,12.162626377186585,12.480206489562988,98900.0,0.0,0.0,0.0,AKBL.KA,
2022-05-27 00:00:00+05:00,12.763999354348881,12.838326084913355,12.568045582561007,12.669400215148926,392150.0,0.0,0.0,0.0,AKBL.KA,
2022-05-30 00:00:00+05:00,12.66940190331251,12.838327795585858,12.500477493157257,12.824813842773438,10350.0,0.0,0.0,0.0,AKBL.KA,
2022-05-31 00:00:00+05:00,12.432907864218596,12.669402041006215,12.432907864218596,12.439664840698242,26450.0,0.0,0.0,0.0,AKBL.KA,
2022-06-01 00:00:00+05:00,12.500478392041021,12.500478392041021,12.297767603160105,12.446422576904297,17825.0,0.0,0.0,0.0,AKBL.KA,
2022-06-02 00:00:00+05:00,12.24371031527625,12.32479476928711,12.162625861265388,12.32479476928711,121900.0,0.0,0.0,0.0,AKBL.KA,
2022-06-03 00:00:00+05:00,12.027485741533354,12.027485741533354,11.500439377906817,11.67612075805664,165600.0,0.0,0.0,0.0,AKBL.KA,
2022-06-06 00:00:00+05:00,11.534223509477991,11.8247749475859,11.534223509477991,11.784233093261719,12650.0,0.0,0.0,0.0,AKBL.KA,
2022-06-07 00:00:00+05:00,11.824775760018493,11.88558928674199,11.574766159057617,11.574766159057617,606050.0,0.0,0.0,0.0,AKBL.KA,
2022-06-08 00:00:00+05:00,11.777476121704042,11.838289648097273,11.574766096197651,11.824775695800781,638250.0,0.0,0.0,0.0,AKBL.KA,
2022-06-09 00:00:00+05:00,12.013971179877519,12.08829865492242,11.824775115945291,11.845046043395996,102925.0,0.0,0.0,0.0,AKBL.KA,
2022-06-10 00:00:00+05:00,11.622065079839746,11.959916114807129,11.588280198660717,11.959916114807129,43125.0,0.0,0.0,0.0,AKBL.KA,
2022-06-13 00:00:00+05:00,11.824775989139551,11.824775989139551,11.48692495016909,11.500439643859863,65550.0,0.0,0.0,0.0,AKBL.KA,
2022-06-14 00:00:00+05:00,11.486924864197668,11.750449161721301,11.486924864197668,11.743691444396973,98900.0,0.0,0.0,0.0,AKBL.KA,
2022-06-15 00:00:00+05:00,11.703149575807924,11.82477588952799,11.68963562329003,11.818018913269043,32775.0,0.0,0.0,0.0,AKBL.KA,
2022-06-16 00:00:00+05:00,11.703149309392256,12.155869672671862,11.696391592228114,12.108570098876953,78775.0,0.0,0.0,0.0,AKBL.KA,
2022-06-17 00:00:00+05:00,12.027486401427606,12.16262667309334,11.824776364458534,12.15587043762207,138575.0,0.0,0.0,0.0,AKBL.KA,
2022-06-20 00:00:00+05:00,12.162625917160996,12.162625917160996,11.858560510076153,12.034242630004883,251850.0,0.0,0.0,0.0,AKBL.KA,
2022-06-21 00:00:00+05:00,12.061270745408498,12.068026980162916,11.824775109821452,11.919373512268066,394450.0,0.0,0.0,0.0,AKBL.KA,
2022-06-22 00:00:00+05:00,11.959916808871089,12.149112895512207,11.959916808871089,12.142355918884277,159275.0,0.0,0.0,0.0,AKBL.KA,
2022-06-23 00:00:00+05:00,12.149112701416016,12.230197160714832,12.041001077096341,12.149112701416016,180550.0,0.0,0.0,0.0,AKBL.KA,
2022-06-24 00:00:00+05:00,11.912616400284818,12.149112047880449,11.554495181872145,11.790990829467773,59800.0,0.0,0.0,0.0,AKBL.KA,
2022-06-27 00:00:00+05:00,11.628821905383617,11.824775695800781,11.628821905383617,11.824775695800781,805000.0,0.0,0.0,0.0,AKBL.KA,
2022-06-28 00:00:00+05:00,11.622065145443614,11.757205411981596,11.507195807727474,11.709906578063965,66125.0,0.0,0.0,0.0,AKBL.KA,
2022-06-29 00:00:00+05:00,11.59503693623468,11.709906270938042,11.351784314634502,11.480168342590332,266800.0,0.0,0.0,0.0,AKBL.KA,
2022-06-30 00:00:00+05:00,11.601794186996912,11.824775885585868,11.520709730857556,11.77747631072998,86825.0,0.0,0.0,0.0,AKBL.KA,
2022-07-01 00:00:00+05:00,11.547738997162984,11.750449777869289,11.547738997162984,11.655851364135742,9200.0,0.0,0.0,0.0,AKBL.KA,
2022-07-04 00:00:00+05:00,11.459897191225306,11.649094012603316,11.459897191225306,11.595037460327148,3450.0,0.0,0.0,0.0,AKBL.KA,
2022-07-05 00:00:00+05:00,11.419354613055448,11.54773789766321,11.385568992115195,11.405839920043945,20125.0,0.0,0.0,0.0,AKBL.KA,
2022-07-06 00:00:00+05:00,11.595037488881598,11.601794465300378,11.48692512512207,11.48692512512207,12075.0,0.0,0.0,0.0,AKBL.KA,
2022-07-07 00:00:00+05:00,11.682879073739135,11.716663956267833,11.520710155483265,11.622065544128418,6900.0,0.0,0.0,0.0,AKBL.KA,
2022-07-08 00:00:00+05:00,11.622065544128418,11.622065544128418,11.622065544128418,11.622065544128418,0.0,0.0,0.0,0.0,AKBL.KA,
2022-07-11 00:00:00+05:00,11.622065544128418,11.622065544128418,11.622065544128418,11.622065544128418,0.0,0.0,0.0,0.0,AKBL.KA,
2022-07-12 00:00:00+05:00,11.622065544128418,11.622065544128418,11.622065544128418,11.622065544128418,0.0,0.0,0.0,0.0,AKBL.KA,
2022-07-13 00:00:00+05:00,11.64909320697097,12.128840721521483,11.419354543068476,11.80450439453125,14375.0,0.0,0.0,0.0,AKBL.KA,
2022-07-14 00:00:00+05:00,11.824775863751833,11.926131248474121,11.66260695177256,11.926131248474121,14950.0,0.0,0.0,0.0,AKBL.KA,
2022-07-15 00:00:00+05:00,11.959916114807129,12.128841261761306,11.790990967852952,11.959916114807129,12075.0,0.0,0.0,0.0,AKBL.KA,
2022-07-18 00:00:00+05:00,11.65585052279223,11.892345428466797,11.65585052279223,11.892345428466797,3450.0,0.0,0.0,0.0,AKBL.KA,
2022-07-19 00:00:00+05:00,11.662607549805891,11.757205963134766,11.324757238152738,11.757205963134766,58075.0,0.0,0.0,0.0,AKBL.KA,
2022-07-20 00:00:00+05:00,11.757204461597489,11.757204461597489,11.392325549121917,11.750448226928711,2300.0,0.0,0.0,0.0,AKBL.KA,
2022-07-21 00:00:00+05:00,11.676120601489366,11.676120601489366,11.459896626222257,11.540980339050293,1725.0,0.0,0.0,0.0,AKBL.KA,
2022-07-22 00:00:00+05:00,11.351784855687425,11.649094041290885,11.317999973593526,11.48692512512207,13800.0,0.0,0.0,0.0,AKBL.KA,
2022-07-25 00:00:00+05:00,11.48692512512207,11.48692512512207,11.48692512512207,11.48692512512207,1150.0,0.0,0.0,0.0,AKBL.KA,
2022-07-26 00:00:00+05:00,11.236915397954023,11.419355241470582,11.230158421605932,11.284214973449707,138000.0,0.0,0.0,0.0,AKBL.KA,
2022-07-27 00:00:00+05:00,11.419355241470582,11.419355241470582,11.22340144525784,11.284214973449707,78200.0,0.0,0.0,0.0,AKBL.KA,
2022-07-28 00:00:00+05:00,11.182859420776367,11.351784568024215,11.149074539538605,11.182859420776367,150075.0,0.0,0.0,0.0,AKBL.KA,
2022-07-29 00:00:00+05:00,11.216644287109375,11.216644287109375,11.203130334632228,11.216644287109375,4600.0,0.0,0.0,0.0,AKBL.KA,
2022-08-01 00:00:00+05:00,11.22340181684768,11.3450288772583,11.22340181684768,11.3450288772583,6900.0,0.0,0.0,0.0,AKBL.KA,
2022-08-02 00:00:00+05:00,11.15583096809157,11.439626198584909,11.149074732785943,11.176102638244629,26450.0,0.0,0.0,0.0,AKBL.KA,
2022-08-03 00:00:00+05:00,11.182860578644148,11.655851929182248,11.08150518337754,11.628823280334473,98325.0,0.0,0.0,0.0,AKBL.KA,
2022-08-04 00:00:00+05:00,11.385569769209843,11.48692515683037,11.318000004835527,11.419355392456055,79350.0,0.0,0.0,0.0,AKBL.KA,
2022-08-05 00:00:00+05:00,11.493682443147069,11.68963624723377,11.41935570033141,11.655851364135742,33925.0,0.0,0.0,0.0,AKBL.KA,
2022-08-08 00:00:00+05:00,11.655851364135742,11.655851364135742,11.655851364135742,11.655851364135742,0.0,0.0,0.0,0.0,AKBL.KA,
2022-08-09 00:00:00+05:00,11.655851364135742,11.655851364135742,11.655851364135742,11.655851364135742,0.0,0.0,0.0,0.0,AKBL.KA,
2022-08-10 00:00:00+05:00,11.777476121704042,11.824775695800781,11.730177288666322,11.824775695800781,73600.0,0.0,0.0,0.0,AKBL.KA,
2022-08-11 00:00:00+05:00,11.82477588952799,11.858560770822722,11.723420504584762,11.818018913269043,11500.0,0.0,0.0,0.0,AKBL.KA,
2022-08-12 00:00:00+05:00,11.885589745833562,12.162626521175973,11.824776216761089,11.98018741607666,78200.0,0.0,0.0,0.0,AKBL.KA,
2022-08-15 00:00:00+05:00,11.993700298102882,12.615345039861195,11.993700298102882,12.51399040222168,874575.0,0.0,0.0,0.0,AKBL.KA,
2022-08-16 00:00:00+05:00,12.520748802472847,12.520748802472847,12.19641244301067,12.291010856628418,85675.0,0.0,0.0,0.0,AKBL.KA,
2022-08-17 00:00:00+05:00,12.39912190402734,13.209964246977524,12.19641187408407,12.865355491638184,2362100.0,0.0,0.0,0.0,AKBL.KA,
2022-08-18 00:00:00+05:00,12.838328555785806,12.87211343981737,12.75724483411005,12.831571578979492,496800.0,0.0,0.0,0.0,AKBL.KA,
2022-08-19 00:00:00+05:00,12.838328167441047,12.97346918159763,12.838328167441047,12.845085144042969,147200.0,0.0,0.0,0.0,AKBL.KA,
2022-08-22 00:00:00+05:00,12.831571578979492,13.000497481255504,12.770758787722675,12.831571578979492,225975.0,0.0,0.0,0.0,AKBL.KA,
2022-08-23 00:00:00+05:00,13.007251739501953,13.074821493442775,12.872110749502435,13.007251739501953,458275.0,0.0,0.0,0.0,AKBL.KA,
2022-08-24 00:00:00+05:00,13.007251739501953,13.007251739501953,12.838325872532025,13.007251739501953,2898575.0,0.0,0.0,0.0,AKBL.KA,
2022-08-25 00:00:00+05:00,13.007254181933922,13.007254181933922,12.500477967982306,12.527505874633789,3426425.0,0.0,0.0,0.0,AKBL.KA,
2022-08-26 00:00:00+05:00,12.838326764751773,12.838326764751773,12.331551351799641,12.412635803222656,2146475.0,0.0,0.0,0.0,AKBL.KA,
2022-08-29 00:00:00+05:00,12.169383114774162,12.824813514705394,12.169383114774162,12.703187942504883,25300.0,0.0,0.0,0.0,AKBL.KA,
2022-08-30 00:00:00+05:00,12.70318764773132,12.770757408497003,12.162625856310807,12.284252166748047,201250.0,0.0,0.0,0.0,AKBL.KA,
2022-08-31 00:00:00+05:00,12.331552148291427,12.405878887592529,12.230196762730886,12.277496337890625,108675.0,0.0,0.0,0.0,AKBL.KA,
2022-09-01 00:00:00+05:00,12.62210442872594,12.831570695296142,12.372094080932769,12.581561088562012,49450.0,0.0,0.0,0.0,AKBL.KA,
2022-09-02 00:00:00+05:00,12.500477725528246,12.70318850360083,12.399122336491954,12.63561725616455,1094800.0,0.0,0.0,0.0,AKBL.KA,
2022-09-05 00:00:00+05:00,12.547776626802323,12.568047556503666,12.50047779083252,12.50047779083252,40825.0,0.0,0.0,0.0,AKBL.KA,
2022-09-06 00:00:00+05:00,12.568047127462536,12.736973017991836,12.372094072646483,12.696431159973145,39100.0,0.0,0.0,0.0,AKBL.KA,
2022-09-07 00:00:00+05:00,12.770756914343709,12.818055745049499,12.568046157772356,12.649129867553711,41400.0,0.0,0.0,0.0,AKBL.KA,
2022-09-08 00:00:00+05:00,12.797786000475735,12.831570882673962,12.500477555013227,12.689674377441406,41400.0,0.0,0.0,0.0,AKBL.KA,
2022-09-09 00:00:00+05:00,12.804543151578057,12.804543151578057,12.50723470206006,12.63561725616455,288075.0,0.0,0.0,0.0,AKBL.KA,
2022-09-12 00:00:00+05:00,12.507233963896155,12.595074653625488,12.385607652442676,12.595074653625488,5175.0,0.0,0.0,0.0,AKBL.KA,
2022-09-13 00:00:00+05:00,12.392366005340717,12.581561346770814,12.331552475964845,12.439664840698242,702650.0,0.0,0.0,0.0,AKBL.KA,
2022-09-14 00:00:00+05:00,12.439664494826406,12.439664494826406,12.277496322764755,12.311281204223633,14375.0,0.0,0.0,0.0,AKBL.KA,
2022-09-15 00:00:00+05:00,12.432907328938294,12.50047709082564,12.176140751648324,12.203167915344238,84525.0,0.0,0.0,0.0,AKBL.KA,
2022-09-16 00:00:00+05:00,12.23019617116083,12.399121311551527,12.176140363374687,12.331551551818848,5175.0,0.0,0.0,0.0,AKBL.KA,
2022-09-19 00:00:00+05:00,12.358579864641003,12.378850793231546,12.162626072814383,12.16938304901123,16675.0,0.0,0.0,0.0,AKBL.KA,
2022-09-20 00:00:00+05:00,12.196412112279074,12.196412112279074,12.027486219458364,12.047757148742676,21850.0,0.0,0.0,0.0,AKBL.KA,
2022-09-21 00:00:00+05:00,12.034243602169953,12.061272249853925,12.01397267220128,12.041001319885254,7475.0,0.0,0.0,0.0,AKBL.KA,
2022-09-22 00:00:00+05:00,11.993700529978454,12.500476692209544,11.892345149320436,12.331551551818848,46575.0,0.0,0.0,0.0,AKBL.KA,
2022-09-23 00:00:00+05:00,12.169384196988062,12.169384196988062,12.162627220153809,12.162627220153809,6325.0,0.0,0.0,0.0,AKBL.KA,
2022-09-26 00:00:00+05:00,12.16262668946658,12.16938366600601,12.09505692407228,12.122085571289062,36225.0,0.0,0.0,0.0,AKBL.KA,
2022-09-27 00:00:00+05:00,12.162627027076596,12.304524279402466,12.128842143441647,12.20992660522461,15525.0,0.0,0.0,0.0,AKBL.KA,
2022-09-28 00:00:00+05:00,12.162626447709563,12.26398183484543,12.061271801632747,12.230196952819824,224825.0,0.0,0.0,0.0,AKBL.KA,
2022-09-29 00:00:00+05:00,12.095057451811265,12.162627220153809,11.980188104569844,12.162627220153809,9775.0,0.0,0.0,0.0,AKBL.KA,
2022-09-30 00:00:00+05:00,11.851804615516894,12.230197535405578,11.845047638789904,12.20992660522461,25875.0,0.0,0.0,0.0,AKBL.KA,
2022-10-03 00:00:00+05:00,12.02073022704706,12.149112781775855,11.885589954694527,11.939645767211914,45425.0,0.0,0.0,0.0,AKBL.KA,
2022-10-04 00:00:00+05:00,11.892346010258885,12.135598645024642,11.662607328418,11.872075080871582,30475.0,0.0,0.0,0.0,AKBL.KA,
2022-10-05 00:00:00+05:00,11.838290375601483,11.959916694803287,11.838290375601483,11.899103164672852,6900.0,0.0,0.0,0.0,AKBL.KA,
2022-10-06 00:00:00+05:00,12.088299780270683,12.088299780270683,11.91937462806324,11.98018741607666,6900.0,0.0,0.0,0.0,AKBL.KA,
2022-10-07 00:00:00+05:00,11.858560700935989,12.027485847473145,11.858560700935989,12.027485847473145,27600.0,0.0,0.0,0.0,AKBL.KA,
2022-10-10 00:00:00+05:00,11.912615788777245,11.919373505645876,11.845046030680763,11.878830909729004,16100.0,0.0,0.0,0.0,AKBL.KA,
2022-10-11 00:00:00+05:00,11.878832363134451,12.068028450012207,11.831532785620706,12.068028450012207,11500.0,0.0,0.0,0.0,AKBL.KA,
2022-10-12 00:00:00+05:00,12.1491132664853,12.162627220153809,12.1491132664853,12.162627220153809,31625.0,0.0,0.0,0.0,AKBL.KA,
2022-10-13 00:00:00+05:00,11.8653169708467,11.899101849931208,11.824775115945291,11.845046043395996,161000.0,0.0,0.0,0.0,AKBL.KA,
2022-10-14 00:00:00+05:00,11.993701987012129,11.993701987012129,11.838290779688112,11.851804733276367,16675.0,0.0,0.0,0.0,AKBL.KA,
2022-10-17 00:00:00+05:00,11.892344867955474,12.04775605272271,11.892344867955474,11.919373512268066,12650.0,0.0,0.0,0.0,AKBL.KA,
2022-10-18 00:00:00+05:00,12.000457505951722,12.6356162116749,11.993700529978454,12.331551551818848,243800.0,0.0,0.0,0.0,AKBL.KA,
2022-10-19 00:00:00+05:00,12.426150839984725,12.669401992317166,12.36533731084256,12.541019439697266,491050.0,0.0,0.0,0.0,AKBL.KA,
2022-10-20 00:00:00+05:00,12.56804693571959,12.97346847395741,12.534262054552782,12.703187942504883,90275.0,0.0,0.0,0.0,AKBL.KA,
2022-10-21 00:00:00+05:00,12.770757495860796,13.1694220513416,12.50723394495387,12.743729591369629,31050.0,0.0,0.0,0.0,AKBL.KA,
2022-10-24 00:00:00+05:00,12.50723470206006,12.709945480132644,12.500477725528246,12.63561725616455,24725.0,0.0,0.0,0.0,AKBL.KA,
2022-10-25 00:00:00+05:00,12.932926343297451,13.176177482558819,12.87211207636408,12.993739128112793,211025.0,0.0,0.0,0.0,AKBL.KA,
2022-10-26 00:00:00+05:00,12.770756329854743,12.81129818288991,12.500475827502395,12.669400215148926,58075.0,0.0,0.0,0.0,AKBL.KA,
2022-10-27 00:00:00+05:00,13.135635903558091,13.16942226684296,12.635616698053207,12.703187942504883,20125.0,0.0,0.0,0.0,AKBL.KA,
2022-10-28 00:00:00+05:00,12.804543284431436,12.905897933460269,12.703188635402602,12.845085144042969,51175.0,0.0,0.0,0.0,AKBL.KA,
2022-10-31 00:00:00+05:00,12.581560830037816,12.838327407836914,12.500477115612222,12.838327407836914,85100.0,0.0,0.0,0.0,AKBL.KA,
2022-11-01 00:00:00+05:00,13.149151277371129,13.169422205977527,12.824813455432649,12.838327407836914,219075.0,0.0,0.0,0.0,AKBL.KA,
2022-11-02 00:00:00+05:00,12.959955744406422,13.108609235567485,12.838328678610987,13.04103946685791,474950.0,0.0,0.0,0.0,AKBL.KA,
2022-11-03 00:00:00+05:00,13.101849951626914,13.101849951626914,12.838326417944524,12.939681053161621,27025.0,0.0,0.0,0.0,AKBL.KA,
2022-11-04 00:00:00+05:00,12.83832871427909,13.101852295096766,12.83832871427909,12.973469734191895,203550.0,0.0,0.0,0.0,AKBL.KA,
2022-11-07 00:00:00+05:00,12.973468894789823,13.142393306103424,12.973468894789823,13.135636329650879,9775.0,0.0,0.0,0.0,AKBL.KA,
2022-11-08 00:00:00+05:00,13.176178279410097,13.811338516692345,13.176178279410097,13.527544021606445,545100.0,0.0,0.0,0.0,AKBL.KA,
2022-11-09 00:00:00+05:00,13.527544021606445,13.527544021606445,13.527544021606445,13.527544021606445,0.0,0.0,0.0,0.0,AKBL.KA,
2022-11-10 00:00:00+05:00,13.649169984441741,14.18973108389776,13.649169984441741,14.074862480163574,1424275.0,0.0,0.0,0.0,AKBL.KA,
2022-11-11 00:00:00+05:00,14.18973074205193,14.324871754719323,13.939722610535782,13.987021446228027,1946375.0,0.0,0.0,0.0,AKBL.KA,
2022-11-14 00:00:00+05:00,13.851879119873047,14.054589878590347,13.716738120022187,13.851879119873047,650900.0,0.0,0.0,0.0,AKBL.KA,
2022-11-15 00:00:00+05:00,13.723496578026813,14.122159637456786,13.723496578026813,13.851879119873047,333500.0,0.0,0.0,0.0,AKBL.KA,
2022-11-16 00:00:00+05:00,13.919449990156057,14.12216076505906,13.919449990156057,14.027563095092773,611800.0,0.0,0.0,0.0,AKBL.KA,
2022-11-17 00:00:00+05:00,14.189730333279162,14.189730333279162,14.02080592495889,14.034319877624512,1510525.0,0.0,0.0,0.0,AKBL.KA,
2022-11-18 00:00:00+05:00,14.142433355665386,14.155945826570838,14.027563272846898,14.054591178894043,150650.0,0.0,0.0,0.0,AKBL.KA,
2022-11-21 00:00:00+05:00,14.122159999786817,14.122159999786817,14.020805358886719,14.020805358886719,1691075.0,0.0,0.0,0.0,AKBL.KA,
2022-11-22 00:00:00+05:00,14.020806296335111,14.182973732617983,14.020806296335111,14.054591178894043,408825.0,0.0,0.0,0.0,AKBL.KA,
2022-11-23 00:00:00+05:00,14.189729676783786,14.405954391548063,14.027562252299088,14.223514556884766,170775.0,0.0,0.0,0.0,AKBL.KA,
2022-11-24 00:00:00+05:00,14.446498676918155,14.507311465086882,14.264058830293868,14.453255653381348,216775.0,0.0,0.0,0.0,AKBL.KA,
2022-11-25 00:00:00+05:00,14.500553788717374,14.500553788717374,14.189729922177042,14.196488380432129,92000.0,0.0,0.0,0.0,AKBL.KA,
2022-11-28 00:00:00+05:00,13.885664109393227,14.514067318187102,13.885664109393227,14.277571678161621,154100.0,0.0,0.0,0.0,AKBL.KA,
2022-11-29 00:00:00+05:00,14.196488007040585,14.264057766633877,14.06810398169533,14.176217079162598,52325.0,0.0,0.0,0.0,AKBL.KA,
2022-11-30 00:00:00+05:00,14.122160879417274,14.426226303174987,14.088375997012875,14.189730644226074,38525.0,0.0,0.0,0.0,AKBL.KA,
2022-12-01 00:00:00+05:00,14.331628632442667,14.331628632442667,14.068105067570235,14.189730644226074,1168400.0,0.0,0.0,0.0,AKBL.KA,
2022-12-02 00:00:00+05:00,14.19648838043213,14.358655807721307,14.189729922177042,14.196488380432129,190900.0,0.0,0.0,0.0,AKBL.KA,
2022-12-05 00:00:00+05:00,14.210002125143472,14.358655597987198,14.020805313951621,14.237030029296875,23000.0,0.0,0.0,0.0,AKBL.KA,
2022-12-06 00:00:00+05:00,14.061347936110865,14.257301734014774,13.966750266421162,14.210002899169922,109825.0,0.0,0.0,0.0,AKBL.KA,
2022-12-07 00:00:00+05:00,14.189730809568452,14.358656705676932,14.189730809568452,14.331628799438477,36225.0,0.0,0.0,0.0,AKBL.KA,
2022-12-08 00:00:00+05:00,14.230273011995765,14.351898580333415,14.189729673765202,14.338384628295898,66125.0,0.0,0.0,0.0,AKBL.KA,
2022-12-09 00:00:00+05:00,14.196490424707424,14.345143921128402,14.08837730882846,14.291088104248047,171925.0,0.0,0.0,0.0,AKBL.KA,
2022-12-12 00:00:00+05:00,14.196489935194666,14.358657380243999,14.095133799920633,14.142434120178223,37375.0,0.0,0.0,0.0,AKBL.KA,
2022-12-13 00:00:00+05:00,14.291086398538829,14.318114303753099,14.135674461438708,14.169459342956543,323150.0,0.0,0.0,0.0,AKBL.KA,
2022-12-14 00:00:00+05:00,14.18973147619941,14.18973147619941,14.122161707428855,14.142434120178223,133400.0,0.0,0.0,0.0,AKBL.KA,
2022-12-15 00:00:00+05:00,14.142433615439913,14.142433615439913,13.818095772680346,13.831609725952148,125925.0,0.0,0.0,0.0,AKBL.KA,
2022-12-16 00:00:00+05:00,13.75728228735659,13.85187995547613,13.480244777174153,13.689712524414062,267375.0,0.0,0.0,0.0,AKBL.KA,
2022-12-19 00:00:00+05:00,13.689713233312718,13.987021687773531,13.689713233312718,13.79782485961914,25875.0,0.0,0.0,0.0,AKBL.KA,
2022-12-20 00:00:00+05:00,13.682955503528778,13.682955503528778,13.284292378166366,13.345105171203613,181125.0,0.0,0.0,0.0,AKBL.KA,
2022-12-21 00:00:00+05:00,13.581599104352588,13.581599104352588,13.24374881541329,13.338346481323242,51750.0,0.0,0.0,0.0,AKBL.KA,
2022-12-22 00:00:00+05:00,13.345103967331731,13.56808567047119,13.345103967331731,13.568085670471191,6325.0,0.0,0.0,0.0,AKBL.KA,
2022-12-23 00:00:00+05:00,13.56808567047119,13.56808567047119,13.56808567047119,13.568085670471191,0.0,0.0,0.0,0.0,AKBL.KA,
2022-12-26 00:00:00+05:00,13.649170953617961,13.851881750837238,13.514031410217285,13.514031410217285,20700.0,0.0,0.0,0.0,AKBL.KA,
2022-12-27 00:00:00+05:00,13.51403026247854,13.649169794401892,13.51403026247854,13.520787239074707,14950.0,0.0,0.0,0.0,AKBL.KA,
2022-12-28 00:00:00+05:00,13.514031022080523,13.514031022080523,13.007254784646593,13.446459770202637,21850.0,0.0,0.0,0.0,AKBL.KA,
2022-12-29 00:00:00+05:00,13.446459014398723,13.534301192267042,13.446459014398723,13.520787239074707,18400.0,0.0,0.0,0.0,AKBL.KA,
2022-12-30 00:00:00+05:00,13.507273445771316,13.987021754014396,13.311319640044761,13.581600189208984,167325.0,0.0,0.0,0.0,AKBL.KA,
2023-01-02 00:00:00+05:00,13.547814908098665,13.818095449328137,13.507273049231962,13.709983825683594,33925.0,0.0,0.0,0.0,AKBL.KA,
2023-01-03 00:00:00+05:00,13.784310381366362,13.784310381366362,13.514029843775575,13.6018705368042,81650.0,0.0,0.0,0.0,AKBL.KA,
2023-01-04 00:00:00+05:00,13.345104013827747,13.52754385923533,13.345104013827747,13.466731071472168,21850.0,0.0,0.0,0.0,AKBL.KA,
2023-01-05 00:00:00+05:00,13.44645903099651,13.574843068600307,13.44645903099651,13.4870023727417,8050.0,0.0,0.0,0.0,AKBL.KA,
2023-01-06 00:00:00+05:00,13.520786851333394,13.615384520966924,13.514029874931,13.534300804138184,12075.0,0.0,0.0,0.0,AKBL.KA,
2023-01-09 00:00:00+05:00,13.777552015265337,13.993776719951432,13.777552015265337,13.946477890014648,166175.0,0.0,0.0,0.0,AKBL.KA,
2023-01-10 00:00:00+05:00,14.02080628018701,14.08837604522705,13.932964103516838,14.08837604522705,10350.0,0.0,0.0,0.0,AKBL.KA,
2023-01-11 00:00:00+05:00,14.020806605484523,14.020806605484523,13.595114111619509,13.730255126953125,74175.0,0.0,0.0,0.0,AKBL.KA,
2023-01-12 00:00:00+05:00,13.595111597019866,14.020804012147314,13.595111597019866,13.919447898864746,24150.0,0.0,0.0,0.0,AKBL.KA,
2023-01-13 00:00:00+05:00,13.750525443620441,13.818095207214355,13.750525443620441,13.818095207214355,1725.0,0.0,0.0,0.0,AKBL.KA,
2023-01-16 00:00:00+05:00,13.709983656875607,13.743768538848542,13.50727288291991,13.568085670471191,40250.0,0.0,0.0,0.0,AKBL.KA,
2023-01-17 00:00:00+05:00,13.507273761291831,13.507273761291831,13.014011488174182,13.176178932189941,35075.0,0.0,0.0,0.0,AKBL.KA,
2023-01-18 00:00:00+05:00,12.87211148957623,13.176176881909848,12.87211148957623,13.047794342041016,24150.0,0.0,0.0,0.0,AKBL.KA,
2023-01-19 00:00:00+05:00,13.074822619286458,13.176177258925112,12.973467979647804,13.068065643310547,18975.0,0.0,0.0,0.0,AKBL.KA,
2023-01-20 00:00:00+05:00,12.730216620257929,13.176178560851092,12.730216620257929,13.15590763092041,13800.0,0.0,0.0,0.0,AKBL.KA,
2023-01-23 00:00:00+05:00,13.10860824584961,13.10860824584961,13.10860824584961,13.10860824584961,575.0,0.0,0.0,0.0,AKBL.KA,
2023-01-24 00:00:00+05:00,13.176175888079518,13.446456381114025,13.142391011714935,13.297802925109863,10350.0,0.0,0.0,0.0,AKBL.KA,
2023-01-25 00:00:00+05:00,13.345101881313681,13.851877995927989,13.182934473192535,13.642410278320312,91425.0,0.0,0.0,0.0,AKBL.KA,
2023-01-26 00:00:00+05:00,13.851881434936754,13.919451205096122,13.547815987101366,13.804582595825195,159275.0,0.0,0.0,0.0,AKBL.KA,
2023-01-27 00:00:00+05:00,13.784311544865384,13.784311544865384,13.514030984460895,13.595114707946777,34500.0,0.0,0.0,0.0,AKBL.KA,
2023-01-30 00:00:00+05:00,13.44646037012452,13.682956056952966,13.311320824575859,13.473489761352539,112125.0,0.0,0.0,0.0,AKBL.KA,
2023-01-31 00:00:00+05:00,13.581601104235455,13.682955761206248,13.473489470133277,13.649170875549316,166750.0,0.0,0.0,0.0,AKBL.KA,
2023-02-01 00:00:00+05:00,13.514029295058636,13.649168817307846,13.446458051815998,13.554571151733398,85675.0,0.0,0.0,0.0,AKBL.KA,
2023-02-02 00:00:00+05:00,13.534300209223328,13.682953683541793,13.50727230480179,13.588356018066406,100625.0,0.0,0.0,0.0,AKBL.KA,
2023-02-03 00:00:00+05:00,13.581598862313163,13.581598862313163,13.51402910215308,13.561327934265137,62675.0,0.0,0.0,0.0,AKBL.KA,
2023-02-06 00:00:00+05:00,13.649167295529574,13.68295217232512,13.453215010115409,13.507270812988281,135125.0,0.0,0.0,0.0,AKBL.KA,
2023-02-07 00:00:00+05:00,13.581597646197908,14.189728397421794,13.581597646197908,13.919447898864746,752675.0,0.0,0.0,0.0,AKBL.KA,
2023-02-08 00:00:00+05:00,13.851879592562655,13.987020597025147,13.581599065755707,13.635656356811523,87400.0,0.0,0.0,0.0,AKBL.KA,
2023-02-09 00:00:00+05:00,13.851881009512617,13.912693800788343,13.635657751643368,13.885665893554688,45425.0,0.0,0.0,0.0,AKBL.KA,
2023-02-10 00:00:00+05:00,13.865393071646334,13.987020119723908,13.851879119873047,13.851879119873047,60950.0,0.0,0.0,0.0,AKBL.KA,
2023-02-13 00:00:00+05:00,13.88566531619795,14.007292375810417,13.723497879538828,13.987021446228027,35075.0,0.0,0.0,0.0,AKBL.KA,
2023-02-14 00:00:00+05:00,14.054591795883224,14.054591795883224,13.79106821823689,13.885665893554688,146625.0,0.0,0.0,0.0,AKBL.KA,
2023-02-15 00:00:00+05:00,13.885664832546441,14.311357303185593,12.90589734171802,12.980225563049316,2766325.0,0.0,0.0,0.0,AKBL.KA,
2023-02-16 00:00:00+05:00,13.142392650043636,13.142392650043636,12.770757481587397,12.777514457702637,654925.0,0.0,0.0,0.0,AKBL.KA,
2023-02-17 00:00:00+05:00,12.804542371700546,12.885626085143818,12.568046725372964,12.858599662780762,562350.0,0.0,0.0,0.0,AKBL.KA,
2023-02-20 00:00:00+05:00,12.669402367426574,12.818057335926921,12.507234927736906,12.561290740966797,73600.0,0.0,0.0,0.0,AKBL.KA,
2023-02-21 00:00:00+05:00,12.331552668331653,12.635617355718068,12.331552668331653,12.432908058166504,78200.0,0.0,0.0,0.0,AKBL.KA,
2023-02-22 00:00:00+05:00,12.50047817932326,12.601832830979887,12.4531793418835,12.486964225769043,100050.0,0.0,0.0,0.0,AKBL.KA,
2023-02-23 00:00:00+05:00,12.486963643977393,12.56804736152485,12.405879185370884,12.507234573364258,41400.0,0.0,0.0,0.0,AKBL.KA,
2023-02-24 00:00:00+05:00,12.466692174515199,12.534261936210857,12.365336790912687,12.385607719421387,61525.0,0.0,0.0,0.0,AKBL.KA,
2023-02-27 00:00:00+05:00,12.500476300456041,12.500476300456041,12.182896216488121,12.345065116882324,69000.0,0.0,0.0,0.0,AKBL.KA,
2023-02-28 00:00:00+05:00,12.331551165359304,12.493719324694531,12.331551165359304,12.345065116882324,40250.0,0.0,0.0,0.0,AKBL.KA,
2023-03-01 00:00:00+05:00,12.216682219214295,12.331551551818848,12.19641129129449,12.331551551818848,24150.0,0.0,0.0,0.0,AKBL.KA,
2023-03-02 00:00:00+05:00,12.493719324694531,12.500476300456041,12.297765545492775,12.345065116882324,35075.0,0.0,0.0,0.0,AKBL.KA,
2023-03-03 00:00:00+05:00,12.743730215425742,12.743730215425742,12.345066381481523,12.541019439697266,76475.0,0.0,0.0,0.0,AKBL.KA,
2023-03-06 00:00:00+05:00,12.50047680945777,12.83832709340803,12.466691929274546,12.568046569824219,64400.0,0.0,0.0,0.0,AKBL.KA,
2023-03-07 00:00:00+05:00,12.399121424593753,12.82481313796764,12.19641140248862,12.682916641235352,39675.0,0.0,0.0,0.0,AKBL.KA,
2023-03-08 00:00:00+05:00,12.297766645564469,12.770757955416581,12.297766645564469,12.480206489562988,92575.0,0.0,0.0,0.0,AKBL.KA,
2023-03-09 00:00:00+05:00,12.297766046240408,12.682916644565198,12.297766046240408,12.568046569824219,41975.0,0.0,0.0,0.0,AKBL.KA,
2023-03-10 00:00:00+05:00,14.453256018010308,14.756307679830286,14.375550045664168,14.530961990356445,50500.0,0.0,1.15,0.0,AKBL.KA,
2023-03-13 00:00:00+05:00,14.608665774998055,14.68637174359106,14.375549351337115,14.429943084716797,61000.0,0.0,0.0,0.0,AKBL.KA,
2023-03-14 00:00:00+05:00,14.383319934329338,14.569813367580196,14.29784322162842,14.344466209411621,35000.0,0.0,0.0,0.0,AKBL.KA,
2023-03-15 00:00:00+05:00,14.344466462435978,14.507649145732673,14.336697199433452,14.406632423400879,12500.0,0.0,0.0,0.0,AKBL.KA,
2023-03-16 00:00:00+05:00,14.220137651542181,14.530961531103097,14.220137651542181,14.476566314697266,16500.0,0.0,0.0,0.0,AKBL.KA,
2023-03-17 00:00:00+05:00,14.530961450337255,14.686371907135811,14.383320256578248,14.515419960021973,51500.0,0.0,0.0,0.0,AKBL.KA,
2023-03-20 00:00:00+05:00,12.658255121860046,13.194423210241805,12.619401395233606,12.953536033630371,79500.0,0.0,0.0,0.0,AKBL.KA,
2023-03-21 00:00:00+05:00,12.844747470207661,12.95353493126749,12.541694356784141,12.588318824768066,62500.0,0.0,0.0,0.0,AKBL.KA,
2023-03-22 00:00:00+05:00,12.588320192799166,12.782584384156449,12.456220483391489,12.572778701782227,80500.0,0.0,0.0,0.0,AKBL.KA,
2023-03-23 00:00:00+05:00,12.572778701782227,12.572778701782227,12.572778701782227,12.572778701782227,0.0,0.0,0.0,0.0,AKBL.KA,
2023-03-24 00:00:00+05:00,12.448449237000744,12.619401184954103,12.440678491804942,12.6116304397583,9500.0,0.0,0.0,0.0,AKBL.KA,
2023-03-27 00:00:00+05:00,12.51061361376475,12.627171826508908,12.432907644562617,12.44844913482666,42500.0,0.0,0.0,0.0,AKBL.KA,
2023-03-28 00:00:00+05:00,12.456220174009996,12.456220174009996,12.386284207229876,12.40959644317627,20000.0,0.0,0.0,0.0,AKBL.KA,
2023-03-29 00:00:00+05:00,12.31634932214572,12.510613502362157,12.277496337890625,12.277496337890625,29000.0,0.0,0.0,0.0,AKBL.KA,
2023-03-30 00:00:00+05:00,12.285267082953451,12.293037086957241,12.199790369380436,12.277496337890625,12000.0,0.0,0.0,0.0,AKBL.KA,
2023-03-31 00:00:00+05:00,12.199789296657933,12.277495258335469,12.044378114361834,12.106542587280273,140000.0,0.0,0.0,0.0,AKBL.KA,
2023-04-03 00:00:00+05:00,12.098772760338763,12.370742905774396,12.044379027675248,12.052149772644043,125000.0,0.0,0.0,0.0,AKBL.KA,
2023-04-04 00:00:00+05:00,12.044378821302821,12.230872251004314,12.028837331631523,12.059920310974121,16000.0,0.0,0.0,0.0,AKBL.KA,
2023-04-05 00:00:00+05:00,12.238644384568738,12.238644384568738,12.044380187988281,12.044380187988281,23000.0,0.0,0.0,0.0,AKBL.KA,
2023-04-06 00:00:00+05:00,12.261955282078885,12.261955282078885,12.122085571289062,12.122085571289062,21500.0,0.0,0.0,0.0,AKBL.KA,
2023-04-07 00:00:00+05:00,12.059921679423086,12.07546242979879,12.044380187988281,12.044380187988281,12500.0,0.0,0.0,0.0,AKBL.KA,
2023-04-10 00:00:00+05:00,12.735959941676283,12.821436660356472,12.083232879638672,12.083232879638672,29500.0,0.0,0.0,0.0,AKBL.KA,
2023-04-11 00:00:00+05:00,12.122085866215205,12.160938111732657,12.083232879638672,12.083232879638672,194000.0,0.0,0.0,0.0,AKBL.KA,
2023-04-12 00:00:00+05:00,12.215332412894922,12.23864390808044,12.052150464478153,12.145397186279297,218500.0,0.0,0.0,0.0,AKBL.KA,
2023-04-13 00:00:00+05:00,12.160937017833893,12.230872239169033,12.044378809648002,12.199790000915527,80000.0,0.0,0.0,0.0,AKBL.KA,
2023-04-14 00:00:00+05:00,12.199790000915527,12.199790000915527,12.199790000915527,12.199790000915527,0.0,0.0,0.0,0.0,AKBL.KA,
2023-04-17 00:00:00+05:00,12.199790922065196,12.23864390808044,12.145397186279297,12.145397186279297,38500.0,0.0,0.0,0.0,AKBL.KA,
2023-04-18 00:00:00+05:00,12.059920673498775,12.19979037944991,12.052149928429536,12.129855155944824,19000.0,0.0,0.0,0.0,AKBL.KA,
2023-04-19 00:00:00+05:00,12.199790000915527,12.199790000915527,12.044378809648002,12.199790000915527,37000.0,0.0,0.0,0.0,AKBL.KA,
2023-04-20 00:00:00+05:00,12.269725925280438,12.697107281548458,12.269725925280438,12.64271354675293,348500.0,0.0,0.0,0.0,AKBL.KA,
2023-04-21 00:00:00+05:00,12.64271354675293,12.64271354675293,12.64271354675293,12.64271354675293,0.0,0.0,0.0,0.0,AKBL.KA,
2023-04-24 00:00:00+05:00,12.64271354675293,12.64271354675293,12.64271354675293,12.64271354675293,0.0,0.0,0.0,0.0,AKBL.KA,
2023-04-25 00:00:00+05:00,12.64271354675293,12.64271354675293,12.64271354675293,12.64271354675293,0.0,0.0,0.0,0.0,AKBL.KA,
2023-04-26 00:00:00+05:00,12.510613328238918,12.541694825939556,12.285266911966595,12.33966064453125,119500.0,0.0,0.0,0.0,AKBL.KA,
2023-04-27 00:00:00+05:00,12.627172139848787,12.627172139848787,12.207561526074635,12.261955261230469,72500.0,0.0,0.0,0.0,AKBL.KA,
2023-04-28 00:00:00+05:00,12.355202644628443,12.394055632277533,12.215332926574458,12.300808906555176,49000.0,0.0,0.0,0.0,AKBL.KA,
2023-05-01 00:00:00+05:00,12.300808906555176,12.300808906555176,12.300808906555176,12.300808906555176,0.0,0.0,0.0,0.0,AKBL.KA,
2023-05-02 00:00:00+05:00,12.355201716285665,12.355201716285665,11.811262153246123,12.013297080993652,691500.0,0.0,0.0,0.0,AKBL.KA,
2023-05-03 00:00:00+05:00,12.09100276478306,12.09100276478306,11.811261874185348,11.904508590698242,293500.0,0.0,0.0,0.0,AKBL.KA,
2023-05-04 00:00:00+05:00,11.989985466003418,11.997755470023996,11.819032779547056,11.989985466003418,180000.0,0.0,0.0,0.0,AKBL.KA,
2023-05-05 00:00:00+05:00,11.974444596495568,12.044379823718872,11.966673851013184,11.966673851013184,137500.0,0.0,0.0,0.0,AKBL.KA,
2023-05-08 00:00:00+05:00,11.96667331675952,12.028837795725098,11.888968088582068,11.958903312683105,133000.0,0.0,0.0,0.0,AKBL.KA,
2023-05-09 00:00:00+05:00,11.749098394153906,11.888968851329492,11.749098394153906,11.8190336227417,62000.0,0.0,0.0,0.0,AKBL.KA,
2023-05-10 00:00:00+05:00,11.819033224547079,11.850115464976787,11.66362202239854,11.686933517456055,40500.0,0.0,0.0,0.0,AKBL.KA,
2023-05-11 00:00:00+05:00,11.663622767046338,11.842345475662693,11.663622767046338,11.69470500946045,22000.0,0.0,0.0,0.0,AKBL.KA,
2023-05-12 00:00:00+05:00,11.733556833446094,11.811262061241283,11.578144895737637,11.702474594116211,813000.0,0.0,0.0,0.0,AKBL.KA,
2023-05-15 00:00:00+05:00,11.733557336320276,11.733557336320276,11.655851364135742,11.655851364135742,522000.0,0.0,0.0,0.0,AKBL.KA,
2023-05-16 00:00:00+05:00,11.733557127978312,11.764639368088412,11.655851157173531,11.66362190246582,273500.0,0.0,0.0,0.0,AKBL.KA,
2023-05-17 00:00:00+05:00,11.888968539630271,11.888968539630271,11.640309873275207,11.655851364135742,82500.0,0.0,0.0,0.0,AKBL.KA,
2023-05-18 00:00:00+05:00,11.803491239384993,11.803491239384993,11.578144820444026,11.585915565490723,139000.0,0.0,0.0,0.0,AKBL.KA,
2023-05-19 00:00:00+05:00,11.58591577234608,11.640309506526037,11.345028600069945,11.578145027160645,77000.0,0.0,0.0,0.0,AKBL.KA,
2023-05-22 00:00:00+05:00,11.446045084044767,11.554833291190272,11.275093139892018,11.531521797180176,56000.0,0.0,0.0,0.0,AKBL.KA,
2023-05-23 00:00:00+05:00,11.547062695191737,11.547062695191737,11.22846955572559,11.267322540283203,108000.0,0.0,0.0,0.0,AKBL.KA,
2023-05-24 00:00:00+05:00,11.267323218762465,11.345029192556877,11.150764999129937,11.15853500366211,111000.0,0.0,0.0,0.0,AKBL.KA,
2023-05-25 00:00:00+05:00,11.834572948194563,11.834572948194563,11.073057753159295,11.142992973327637,17000.0,0.0,0.0,0.0,AKBL.KA,
2023-05-26 00:00:00+05:00,11.399421195803363,11.399421195803363,10.886563921727788,11.010892868041992,137000.0,0.0,0.0,0.0,AKBL.KA,
2023-05-29 00:00:00+05:00,10.933187647861711,11.111911076108647,10.878793915423483,11.018664360046387,60000.0,0.0,0.0,0.0,AKBL.KA,
2023-05-30 00:00:00+05:00,11.150763680276498,11.150763680276498,11.03420473337086,11.08859920501709,100000.0,0.0,0.0,0.0,AKBL.KA,
2023-05-31 00:00:00+05:00,11.111911026579222,11.111911026579222,11.05751655332442,11.104140281677246,6500.0,0.0,0.0,0.0,AKBL.KA,
2023-06-01 00:00:00+05:00,10.964271159947081,11.073059378517303,10.964271159947081,11.03420639038086,14500.0,0.0,0.0,0.0,AKBL.KA,
2023-06-02 00:00:00+05:00,10.76223695554397,11.181847597087526,10.76223695554397,11.03420639038086,7000.0,0.0,0.0,0.0,AKBL.KA,
2023-06-05 00:00:00+05:00,11.03420639038086,11.03420639038086,10.925418912869748,11.03420639038086,47500.0,0.0,0.0,0.0,AKBL.KA,
2023-06-06 00:00:00+05:00,11.259552987421431,11.267323733367597,11.073059531068155,11.119683265686035,68500.0,0.0,0.0,0.0,AKBL.KA,
2023-06-07 00:00:00+05:00,11.189616547501016,11.189616547501016,11.034205350658315,11.065287590026855,103500.0,0.0,0.0,0.0,AKBL.KA,
2023-06-08 00:00:00+05:00,11.10413983181897,11.11191057640613,10.878793426204242,10.917646408081055,363000.0,0.0,0.0,0.0,AKBL.KA,
2023-06-09 00:00:00+05:00,10.956499682257345,10.956499682257345,10.645676560009633,10.878793716430664,263500.0,0.0,0.0,0.0,AKBL.KA,
2023-06-12 00:00:00+05:00,10.886564753740837,10.9875822156062,10.801088040822977,10.839941024780273,43000.0,0.0,0.0,0.0,AKBL.KA,
2023-06-13 00:00:00+05:00,10.878794234096269,10.878794234096269,10.692300796508789,10.692300796508789,67500.0,0.0,0.0,0.0,AKBL.KA,
2023-06-14 00:00:00+05:00,10.87879399660969,10.87879399660969,10.490265639587916,10.49803638458252,245500.0,0.0,0.0,0.0,AKBL.KA,
2023-06-15 00:00:00+05:00,10.49026543911444,10.513576932593725,10.10950783436371,10.358165740966797,118500.0,0.0,0.0,0.0,AKBL.KA,
2023-06-16 00:00:00+05:00,10.125049601355977,10.373708274027718,10.125049601355977,10.3270845413208,27000.0,0.0,0.0,0.0,AKBL.KA,
2023-06-19 00:00:00+05:00,10.334854390212504,10.490265583985671,10.031802006560557,10.093966484069824,153000.0,0.0,0.0,0.0,AKBL.KA,
2023-06-20 00:00:00+05:00,10.07065583762538,10.093967333388054,9.51894549751481,9.728751182556152,322000.0,0.0,0.0,0.0,AKBL.KA,
2023-06-21 00:00:00+05:00,9.720979576548928,9.868620024723725,9.31690973344481,9.550026893615723,366000.0,0.0,0.0,0.0,AKBL.KA,
2023-06-22 00:00:00+05:00,9.449009468249605,9.61219140687486,9.417927229514271,9.60442066192627,18000.0,0.0,0.0,0.0,AKBL.KA,
2023-06-23 00:00:00+05:00,9.487862968229278,9.487862968229278,9.32468102072424,9.417927742004395,1648000.0,0.0,0.0,0.0,AKBL.KA,
2023-06-26 00:00:00+05:00,9.588880131664588,9.98517924036791,9.588880131664588,9.94632625579834,124500.0,0.0,0.0,0.0,AKBL.KA,
2023-06-27 00:00:00+05:00,9.720980422593795,10.41256047731824,9.713209676998016,10.070655822753906,187000.0,0.0,0.0,0.0,AKBL.KA,
2023-06-28 00:00:00+05:00,10.070655822753906,10.070655822753906,10.070655822753906,10.070655822753906,0.0,0.0,0.0,0.0,AKBL.KA,
2023-06-29 00:00:00+05:00,10.070655822753906,10.070655822753906,10.070655822753906,10.070655822753906,0.0,0.0,0.0,0.0,AKBL.KA,
2023-06-30 00:00:00+05:00,10.070655822753906,10.070655822753906,10.070655822753906,10.070655822753906,0.0,0.0,0.0,0.0,AKBL.KA,
2023-07-03 00:00:00+05:00,10.490265700276703,10.847711820447012,10.334854504780706,10.754465103149414,332500.0,0.0,0.0,0.0,AKBL.KA,
2023-07-04 00:00:00+05:00,10.521347779629437,10.715611956314662,10.521347779629437,10.668988227844238,84000.0,0.0,0.0,0.0,AKBL.KA,
2023-07-05 00:00:00+05:00,10.700071748808048,10.777776978777547,10.567972042694931,10.684530258178711,311000.0,0.0,0.0,0.0,AKBL.KA,
2023-07-06 00:00:00+05:00,10.412559983333814,10.738923872282577,10.412559983333814,10.661218643188477,222500.0,0.0,0.0,0.0,AKBL.KA,
2023-07-07 00:00:00+05:00,10.715613061454883,10.715613061454883,10.342626159460083,10.552431106567383,814000.0,0.0,0.0,0.0,AKBL.KA,
2023-07-10 00:00:00+05:00,10.583511681951666,10.762235100143902,10.583511681951666,10.74669361114502,59500.0,0.0,0.0,0.0,AKBL.KA,
2023-07-11 00:00:00+05:00,10.87102292411255,11.150763807018478,10.64567651347111,10.964269638061523,315000.0,0.0,0.0,0.0,AKBL.KA,
2023-07-12 00:00:00+05:00,11.111912100095484,11.228470320649649,11.034206125686646,11.127452850341797,225500.0,0.0,0.0,0.0,AKBL.KA,
2023-07-13 00:00:00+05:00,11.034206152310913,11.251781843697914,10.964270923386033,10.98758316040039,616000.0,0.0,0.0,0.0,AKBL.KA,
2023-07-14 00:00:00+05:00,11.041975948510997,11.111911171422326,10.801088040822977,10.839941024780273,56000.0,0.0,0.0,0.0,AKBL.KA,
2023-07-17 00:00:00+05:00,10.878794917928065,11.38388152840823,10.839941930723645,11.127452850341797,646000.0,0.0,0.0,0.0,AKBL.KA,
2023-07-18 00:00:00+05:00,11.003123249388556,11.111911459073355,10.878794290353959,10.948729515075684,59000.0,0.0,0.0,0.0,AKBL.KA,
2023-07-19 00:00:00+05:00,10.956500554846274,11.096370266991077,10.832170851410014,10.909876823425293,387500.0,0.0,0.0,0.0,AKBL.KA,
2023-07-20 00:00:00+05:00,11.057517679037995,11.135223653850575,10.99535319561157,11.041976928710938,380500.0,0.0,0.0,0.0,AKBL.KA,
2023-07-21 00:00:00+05:00,11.111911096417971,11.873426316181112,11.111911096417971,11.850114822387695,3575000.0,0.0,0.0,0.0,AKBL.KA,
2023-07-24 00:00:00+05:00,12.028837546048768,12.028837546048768,11.772408890373551,11.904508590698242,264000.0,0.0,0.0,0.0,AKBL.KA,
2023-07-25 00:00:00+05:00,11.842344091046257,12.316349158764275,11.842344091046257,12.19201946258545,761500.0,0.0,0.0,0.0,AKBL.KA,
2023-07-26 00:00:00+05:00,12.059920525945428,12.12208500362069,11.865656347945475,11.904508590698242,233500.0,0.0,0.0,0.0,AKBL.KA,
2023-07-27 00:00:00+05:00,11.904508590698242,11.904508590698242,11.904508590698242,11.904508590698242,0.0,0.0,0.0,0.0,AKBL.KA,
2023-07-28 00:00:00+05:00,11.904508590698242,11.904508590698242,11.904508590698242,11.904508590698242,0.0,0.0,0.0,0.0,AKBL.KA,
2023-07-31 00:00:00+05:00,12.386284016493374,13.054552541092356,12.285267293184138,12.6116304397583,3074000.0,0.0,0.0,0.0,AKBL.KA,
2023-08-01 00:00:00+05:00,12.821435236215699,12.969076420595464,12.526154349574165,12.588318824768066,200000.0,0.0,0.0,0.0,AKBL.KA,
2023-08-02 00:00:00+05:00,12.6271716880342,13.054552290781977,12.4484489983119,12.565007209777832,506500.0,0.0,0.0,0.0,AKBL.KA,
2023-08-03 00:00:00+05:00,12.627171733400896,12.813665168840032,12.432907552887036,12.471759796142578,555500.0,0.0,0.0,0.0,AKBL.KA,
2023-08-04 00:00:00+05:00,12.440678491804942,12.728188653459142,12.316349532908298,12.6116304397583,473500.0,0.0,0.0,0.0,AKBL.KA,
2023-08-07 00:00:00+05:00,12.969077830005261,13.054553066362118,12.533924974239874,12.572778701782227,670500.0,0.0,0.0,0.0,AKBL.KA,
2023-08-08 00:00:00+05:00,12.813665756401617,12.813665756401617,12.440678868420294,12.541695594787598,267500.0,0.0,0.0,0.0,AKBL.KA,
2023-08-09 00:00:00+05:00,12.580548837834863,12.611630336244863,12.316349431818459,12.44844913482666,383000.0,0.0,0.0,0.0,AKBL.KA,
2023-08-10 00:00:00+05:00,12.805894305583804,12.813665050586815,12.440678183150718,12.456219673156738,488500.0,0.0,0.0,0.0,AKBL.KA,
2023-08-11 00:00:00+05:00,12.518384221615074,12.666023931150155,12.43290750821829,12.565007209777832,129000.0,0.0,0.0,0.0,AKBL.KA,
2023-08-14 00:00:00+05:00,12.565007209777832,12.565007209777832,12.565007209777832,12.565007209777832,0.0,0.0,0.0,0.0,AKBL.KA,
2023-08-15 00:00:00+05:00,12.666023956342862,12.930223359987439,12.650483948336413,12.76704216003418,236500.0,0.0,0.0,0.0,AKBL.KA,
2023-08-16 00:00:00+05:00,12.821435801376165,12.899141769323268,12.63494236757395,12.790352821350098,231000.0,0.0,0.0,0.0,AKBL.KA,
2023-08-17 00:00:00+05:00,12.642712963025815,12.78258340725242,12.634942218111222,12.720418930053711,402500.0,0.0,0.0,0.0,AKBL.KA,
2023-08-18 00:00:00+05:00,12.821436384897728,12.821436384897728,12.471760254280538,12.526155471801758,102000.0,0.0,0.0,0.0,AKBL.KA,
2023-08-21 00:00:00+05:00,12.743730285953683,12.767042521801041,12.091003244467869,12.153167724609375,1110500.0,0.0,0.0,0.0,AKBL.KA,
2023-08-22 00:00:00+05:00,12.572777688770058,12.572777688770058,12.083231877066236,12.168707847595215,975500.0,0.0,0.0,0.0,AKBL.KA,
2023-08-23 00:00:00+05:00,12.083231840907233,12.370742731163258,12.044378857670687,12.114314079284668,232500.0,0.0,0.0,0.0,AKBL.KA,
2023-08-24 00:00:00+05:00,12.160938535243782,12.58832066141037,12.160938535243782,12.269726753234863,873000.0,0.0,0.0,0.0,AKBL.KA,
2023-08-25 00:00:00+05:00,12.697106680309702,12.697106680309702,12.199790122248542,12.223101615905762,218000.0,0.0,0.0,0.0,AKBL.KA,
2023-08-28 00:00:00+05:00,12.370742731163258,12.370742731163258,12.044378857670687,12.114314079284668,662000.0,0.0,0.0,0.0,AKBL.KA,
2023-08-29 00:00:00+05:00,12.044378857670687,12.114314079284668,11.966672891197591,12.114314079284668,198000.0,0.0,0.0,0.0,AKBL.KA,
2023-08-30 00:00:00+05:00,12.044380187988281,12.091003921233595,11.966674212932459,12.044380187988281,914500.0,0.0,0.0,0.0,AKBL.KA,
2023-08-31 00:00:00+05:00,11.974444091230769,11.982214836385264,11.655850950486906,11.671392440795898,538000.0,0.0,0.0,0.0,AKBL.KA,
2023-09-01 00:00:00+05:00,11.671392647758111,11.888968328528813,11.648080411881242,11.66362190246582,260000.0,0.0,0.0,0.0,AKBL.KA,
2023-09-04 00:00:00+05:00,11.655850779151898,11.997755409274378,11.655850779151898,11.733556747436523,543000.0,0.0,0.0,0.0,AKBL.KA,
2023-09-05 00:00:00+05:00,11.811263173347786,11.951133634031486,11.772410185262412,11.780180931091309,147000.0,0.0,0.0,0.0,AKBL.KA,
2023-09-06 00:00:00+05:00,11.811262701832346,11.888968674901006,11.772409715298018,11.881197929382324,29000.0,0.0,0.0,0.0,AKBL.KA,
2023-09-07 00:00:00+05:00,11.888968174463885,11.95890339907011,11.811262204666068,11.927821159362793,238000.0,0.0,0.0,0.0,AKBL.KA,
2023-09-08 00:00:00+05:00,11.966672690939873,12.083231638698948,11.92782044941252,11.974443435668945,137000.0,0.0,0.0,0.0,AKBL.KA,
2023-09-11 00:00:00+05:00,12.059920145570734,12.261954321113585,11.935590453082588,11.974443435668945,81000.0,0.0,0.0,0.0,AKBL.KA,
2023-09-12 00:00:00+05:00,12.12208576380803,12.12208576380803,11.749098133307022,11.912280082702637,249000.0,0.0,0.0,0.0,AKBL.KA,
2023-09-13 00:00:00+05:00,11.96667331675952,11.96667331675952,11.927821073200317,11.958903312683105,5000.0,0.0,0.0,0.0,AKBL.KA,
2023-09-14 00:00:00+05:00,11.966674212932459,12.044380187988281,11.927821966463648,12.044380187988281,14500.0,0.0,0.0,0.0,AKBL.KA,
2023-09-15 00:00:00+05:00,12.160937359971456,12.230872583274165,11.694703773051796,12.075461387634277,56500.0,0.0,0.0,0.0,AKBL.KA,
2023-09-18 00:00:00+05:00,12.137625536153568,12.137625536153568,11.966672855064358,12.059920310974121,12500.0,0.0,0.0,0.0,AKBL.KA,
2023-09-19 00:00:00+05:00,12.044379297612583,12.044379297612583,11.733556902484908,11.811262130737305,153500.0,0.0,0.0,0.0,AKBL.KA,
2023-09-20 00:00:00+05:00,11.951131107453795,11.966671854767023,11.655849497912927,11.710243225097656,289500.0,0.0,0.0,0.0,AKBL.KA,
2023-09-21 00:00:00+05:00,11.819033224547079,11.850115464976787,11.648080531654154,11.686933517456055,188000.0,0.0,0.0,0.0,AKBL.KA,
2023-09-22 00:00:00+05:00,11.85011616143316,11.85011616143316,11.655851962065404,11.780180931091309,158500.0,0.0,0.0,0.0,AKBL.KA,
2023-09-25 00:00:00+05:00,11.811262877107701,11.8423451185846,11.772409889996807,11.8190336227417,37000.0,0.0,0.0,0.0,AKBL.KA,
2023-09-26 00:00:00+05:00,11.850115395212828,11.966673610873265,11.811262409639664,11.920050621032715,254000.0,0.0,0.0,0.0,AKBL.KA,
2023-09-27 00:00:00+05:00,12.005526679301461,12.386284310216315,11.927821448677916,12.230873107910156,299000.0,0.0,0.0,0.0,AKBL.KA,
2023-09-28 00:00:00+05:00,12.230873107910156,12.230873107910156,12.230873107910156,12.230873107910156,0.0,0.0,0.0,0.0,AKBL.KA,
2023-09-29 00:00:00+05:00,12.230873107910156,12.230873107910156,12.230873107910156,12.230873107910156,0.0,0.0,0.0,0.0,AKBL.KA,
2023-10-02 00:00:00+05:00,12.122086163044104,12.199791397040826,11.89673972465314,12.044380187988281,71500.0,0.0,0.0,0.0,AKBL.KA,
2023-10-03 00:00:00+05:00,11.966673403202652,11.966673403202652,11.927821159362793,11.927821159362793,9500.0,0.0,0.0,0.0,AKBL.KA,
2023-10-04 00:00:00+05:00,12.044379893062139,12.19979109830919,12.021068397539853,12.083232879638672,242500.0,0.0,0.0,0.0,AKBL.KA,
2023-10-05 00:00:00+05:00,12.199791397040826,12.199791397040826,11.966674212932459,12.044380187988281,70500.0,0.0,0.0,0.0,AKBL.KA,
2023-10-06 00:00:00+05:00,12.044379268871726,12.199790466064714,12.005526284308718,12.098773002624512,69000.0,0.0,0.0,0.0,AKBL.KA,
2023-10-09 00:00:00+05:00,12.122085571289062,12.160937815861253,11.888968398560607,12.122085571289062,49000.0,0.0,0.0,0.0,AKBL.KA,
2023-10-10 00:00:00+05:00,11.904508962249722,12.860288392131977,11.904508962249722,12.666024208068848,183500.0,0.0,0.0,0.0,AKBL.KA,
2023-10-11 00:00:00+05:00,12.448448757845128,12.627171444115042,12.432907268051734,12.518383979797363,636000.0,0.0,0.0,0.0,AKBL.KA,
2023-10-12 00:00:00+05:00,12.510613333977352,12.899141689180885,12.510613333977352,12.829206466674805,348000.0,0.0,0.0,0.0,AKBL.KA,
2023-10-13 00:00:00+05:00,13.015701387058982,13.443082033786764,12.976849139944902,13.3809175491333,2827000.0,0.0,0.0,0.0,AKBL.KA,
2023-10-16 00:00:00+05:00,13.582951891453106,13.831609819021962,13.582951891453106,13.80829906463623,619000.0,0.0,0.0,0.0,AKBL.KA,
2023-10-17 00:00:00+05:00,13.893773898614285,13.893773898614285,13.598492988705786,13.676198959350586,454500.0,0.0,0.0,0.0,AKBL.KA,
2023-10-18 00:00:00+05:00,13.676199550050868,13.715051795992311,13.598493576049805,13.598493576049805,140500.0,0.0,0.0,0.0,AKBL.KA,
2023-10-19 00:00:00+05:00,13.598493241372207,14.383320743442724,13.272129344294548,14.27453327178955,1044000.0,0.0,0.0,0.0,AKBL.KA,
2023-10-20 00:00:00+05:00,13.979250922868879,14.220138103274584,13.979250922868879,14.181285858154297,236500.0,0.0,0.0,0.0,AKBL.KA,
2023-10-23 00:00:00+05:00,13.823840978331166,14.181286389611486,13.823840978331166,13.994792938232422,1026000.0,0.0,0.0,0.0,AKBL.KA,
2023-10-24 00:00:00+05:00,13.78498528005077,14.2201366044279,13.753903783654257,14.165742874145508,868000.0,0.0,0.0,0.0,AKBL.KA,
2023-10-25 00:00:00+05:00,14.181285983084353,14.383320920149597,14.10358001004108,14.212368965148926,241500.0,0.0,0.0,0.0,AKBL.KA,
2023-10-26 00:00:00+05:00,14.352237668578907,14.45325587627369,14.150202735307472,14.297843933105469,79500.0,0.0,0.0,0.0,AKBL.KA,
2023-10-27 00:00:00+05:00,14.352238147424538,14.375550384312996,13.761674818647228,14.204598426818848,256000.0,0.0,0.0,0.0,AKBL.KA,
2023-10-30 00:00:00+05:00,14.150202827176885,14.360008507180696,14.072498337206415,14.27453327178955,136000.0,0.0,0.0,0.0,AKBL.KA,
2023-10-31 00:00:00+05:00,14.220138435959637,14.398862621201454,14.10358021575371,14.204598426818848,317500.0,0.0,0.0,0.0,AKBL.KA,
2023-11-01 00:00:00+05:00,14.1812847345825,14.375548909028836,14.1812847345825,14.243449211120605,104500.0,0.0,0.0,0.0,AKBL.KA,
2023-11-02 00:00:00+05:00,14.290073187735244,14.37554990468958,14.16574422604792,14.297843933105469,168500.0,0.0,0.0,0.0,AKBL.KA,
2023-11-03 00:00:00+05:00,14.189055442810059,14.375548871943266,13.917085302863201,14.189055442810059,90000.0,0.0,0.0,0.0,AKBL.KA,
2023-11-06 00:00:00+05:00,14.367778778076174,14.414401766942264,14.1035793709715,14.367778778076172,251500.0,0.0,0.0,0.0,AKBL.KA,
2023-11-07 00:00:00+05:00,14.49210627436218,15.036046524021693,14.375548072897413,14.701911926269531,392500.0,0.0,0.0,0.0,AKBL.KA,
2023-11-08 00:00:00+05:00,14.997194436952645,15.579986989924144,14.997194436952645,15.23031234741211,4068000.0,0.0,0.0,0.0,AKBL.KA,
2023-11-09 00:00:00+05:00,15.230312347412108,15.230312347412108,15.230312347412108,15.23031234741211,0.0,0.0,0.0,0.0,AKBL.KA,
2023-11-10 00:00:00+05:00,15.230311850957905,15.463428271700494,14.99719394809726,15.121522903442383,851500.0,0.0,0.0,0.0,AKBL.KA,
2023-11-13 00:00:00+05:00,15.098212956032258,15.21477117262119,14.77184906031237,15.051589965820312,1348500.0,0.0,0.0,0.0,AKBL.KA,
2023-11-14 00:00:00+05:00,14.966112652455445,14.99719415065249,14.764077726761384,14.779619216918945,462500.0,0.0,0.0,0.0,AKBL.KA,
2023-11-15 00:00:00+05:00,14.771847312636746,14.88063477096655,14.686370605595922,14.787388801574707,578000.0,0.0,0.0,0.0,AKBL.KA,
2023-11-16 00:00:00+05:00,14.764078140258789,15.152606512370863,14.530961709838794,14.764078140258789,554500.0,0.0,0.0,0.0,AKBL.KA,
2023-11-17 00:00:00+05:00,14.5309619292556,15.067130023741328,14.5309619292556,14.958342552185059,753500.0,0.0,0.0,0.0,AKBL.KA,
2023-11-20 00:00:00+05:00,14.764077635199985,15.051589272859514,14.764077635199985,14.802929878234863,495500.0,0.0,0.0,0.0,AKBL.KA,
2023-11-21 00:00:00+05:00,14.95834267676435,15.735399439193667,14.771849231635493,15.525593757629395,3103000.0,0.0,0.0,0.0,AKBL.KA,
2023-11-22 00:00:00+05:00,15.735399403569478,16.31819197407205,15.735399403569478,15.820876121520996,4919000.0,0.0,0.0,0.0,AKBL.KA,
2023-11-23 00:00:00+05:00,15.66546286339158,16.69117746435729,15.66546286339158,16.520225524902344,3330500.0,0.0,0.0,0.0,AKBL.KA,
2023-11-24 00:00:00+05:00,16.512454276861146,16.939834853532712,16.512454276861146,16.70671844482422,3493500.0,0.0,0.0,0.0,AKBL.KA,
2023-11-27 00:00:00+05:00,16.714489369489293,17.639187233949826,16.706718624832885,17.569252014160156,4447500.0,0.0,0.0,0.0,AKBL.KA,
2023-11-28 00:00:00+05:00,17.67026759863511,18.06656665802002,17.289510027567545,17.483774185180664,1392500.0,0.0,0.0,0.0,AKBL.KA,
2023-11-29 00:00:00+05:00,17.670270474405033,17.670270474405033,16.900984462912835,17.281742095947266,633000.0,0.0,0.0,0.0,AKBL.KA,
2023-11-30 00:00:00+05:00,17.437153472952495,17.670269899596693,16.978689882716555,17.064165115356445,395000.0,0.0,0.0,0.0,AKBL.KA,
2023-12-01 00:00:00+05:00,16.90098268730345,17.28951102494261,16.70671851848387,17.110788345336914,166500.0,0.0,0.0,0.0,AKBL.KA,
2023-12-04 00:00:00+05:00,17.14186967366092,17.289510855509995,16.79996580701398,16.877670288085938,474000.0,0.0,0.0,0.0,AKBL.KA,
2023-12-05 00:00:00+05:00,16.900983949043415,16.978689918795972,16.551307826215968,16.784425735473633,279500.0,0.0,0.0,0.0,AKBL.KA,
2023-12-06 00:00:00+05:00,16.714489666455847,17.25065920033012,16.706718921661377,17.095247268676758,674000.0,0.0,0.0,0.0,AKBL.KA,
2023-12-07 00:00:00+05:00,17.250660658288616,17.87230547320501,16.885443032671855,17.740205764770508,1304500.0,0.0,0.0,0.0,AKBL.KA,
2023-12-08 00:00:00+05:00,17.83345317821393,19.068973541259766,17.83345317821393,19.068973541259766,4692000.0,0.0,0.0,0.0,AKBL.KA,
2023-12-11 00:00:00+05:00,19.45750053037761,20.49875514755616,18.066568322317977,19.566287994384766,57610500.0,0.0,0.0,0.0,AKBL.KA,
2023-12-12 00:00:00+05:00,19.43418904961931,20.203475036621093,19.278777110336524,19.42641830444336,8921000.0,0.0,0.0,0.0,AKBL.KA,
2023-12-13 00:00:00+05:00,19.364255057431617,19.659535982317905,18.462869309313657,18.991268157958984,2097000.0,0.0,0.0,0.0,AKBL.KA,
2023-12-14 00:00:00+05:00,19.340943302969936,19.348714048834267,18.649363224344977,19.084514617919922,1747000.0,0.0,0.0,0.0,AKBL.KA,
2023-12-15 00:00:00+05:00,19.12336734180858,19.542977221593397,19.045661369368982,19.17776107788086,4628500.0,0.0,0.0,0.0,AKBL.KA,
2023-12-18 00:00:00+05:00,19.426418366462052,19.426418366462052,18.84362581546819,18.851396560668945,930500.0,0.0,0.0,0.0,AKBL.KA,
2023-12-19 00:00:00+05:00,18.72706873212507,18.773691724025838,17.437154593297663,17.499319076538086,4175500.0,0.0,0.0,0.0,AKBL.KA,
2023-12-20 00:00:00+05:00,17.825684143572428,18.183129574925765,16.78442786997697,17.23512077331543,2132500.0,0.0,0.0,0.0,AKBL.KA,
2023-12-21 00:00:00+05:00,17.250659572585253,17.678040170677487,17.250659572585253,17.654727935791016,604500.0,0.0,0.0,0.0,AKBL.KA,
2023-12-22 00:00:00+05:00,17.483775788436514,18.144274281312168,17.483775788436514,17.662498474121094,1679500.0,0.0,0.0,0.0,AKBL.KA,
2023-12-25 00:00:00+05:00,17.662498474121094,17.662498474121094,17.662498474121094,17.662498474121094,0.0,0.0,0.0,0.0,AKBL.KA,
2023-12-26 00:00:00+05:00,17.483776534436444,17.639188474256454,16.706719799572603,16.83881950378418,1026000.0,0.0,0.0,0.0,AKBL.KA,
2023-12-27 00:00:00+05:00,17.009773075596726,17.406072226061056,16.629015417021563,17.071937561035156,1846500.0,0.0,0.0,0.0,AKBL.KA,
2023-12-28 00:00:00+05:00,17.095247689822433,18.214209771785683,17.017541722081447,18.05879783630371,42409000.0,0.0,0.0,0.0,AKBL.KA,
2023-12-29 00:00:00+05:00,18.260832671895365,19.348711768691054,17.918927304747672,19.20884132385254,19881500.0,0.0,0.0,0.0,AKBL.KA,
2024-01-01 00:00:00+05:00,19.426417355719757,19.426417355719757,19.076741250469592,19.278776168823242,2276500.0,0.0,0.0,0.0,AKBL.KA,
2024-01-02 00:00:00+05:00,19.426418511372002,19.822717626858168,19.154448355789174,19.41864776611328,6043000.0,0.0,0.0,0.0,AKBL.KA,
2024-01-03 00:00:00+05:00,19.38756669327856,19.50412491048478,18.967955332794403,19.068973541259766,3228000.0,0.0,0.0,0.0,AKBL.KA,
2024-01-04 00:00:00+05:00,18.999037546842175,19.23215397183537,18.804773365308485,18.859167098999023,1527000.0,0.0,0.0,0.0,AKBL.KA,
2024-01-05 00:00:00+05:00,18.84362519587818,19.271005793040565,18.641590273655837,18.87470817565918,3585500.0,0.0,0.0,0.0,AKBL.KA,
2024-01-08 00:00:00+05:00,18.727066345171014,18.84362455112551,18.1986675639181,18.253061294555664,706500.0,0.0,0.0,0.0,AKBL.KA,
2024-01-09 00:00:00+05:00,18.548344998466924,18.548344998466924,17.87230498390046,17.98109245300293,1308500.0,0.0,0.0,0.0,AKBL.KA,
2024-01-10 00:00:00+05:00,17.88007548920115,18.183127138844497,17.872304744066952,17.93446922302246,597000.0,0.0,0.0,0.0,AKBL.KA,
2024-01-11 00:00:00+05:00,18.066568767954603,18.470638618688163,17.872304587654018,18.346309661865234,1351000.0,0.0,0.0,0.0,AKBL.KA,
2024-01-12 00:00:00+05:00,18.913559938119356,18.913559938119356,18.299684442091188,18.48617935180664,1546500.0,0.0,0.0,0.0,AKBL.KA,
2024-01-15 00:00:00+05:00,18.53280238414182,18.64936059141456,18.144274038487353,18.245290756225586,222000.0,0.0,0.0,0.0,AKBL.KA,
2024-01-16 00:00:00+05:00,18.183125129467705,18.493947489896964,18.183125129467705,18.40070152282715,373500.0,0.0,0.0,0.0,AKBL.KA,
2024-01-17 00:00:00+05:00,18.260833495597623,18.299685739975054,17.678040937227486,17.864534378051758,362500.0,0.0,0.0,0.0,AKBL.KA,
2024-01-18 00:00:00+05:00,17.65472729330645,18.377390245189527,17.545939832031323,18.253061294555664,293000.0,0.0,0.0,0.0,AKBL.KA,
2024-01-19 00:00:00+05:00,18.33853824845107,18.548343911237676,18.058797364735597,18.299684524536133,229000.0,0.0,0.0,0.0,AKBL.KA,
2024-01-22 00:00:00+05:00,18.058797328165603,18.26860299052734,18.035485093863848,18.245290756225586,87500.0,0.0,0.0,0.0,AKBL.KA,
2024-01-23 00:00:00+05:00,17.965552046330252,18.556113850180132,17.965552046330252,18.346309661865234,212000.0,0.0,0.0,0.0,AKBL.KA,
2024-01-24 00:00:00+05:00,18.27637249555319,18.62604709365192,18.27637249555319,18.571653366088867,424000.0,0.0,0.0,0.0,AKBL.KA,
2024-01-25 00:00:00+05:00,18.649360865419524,18.649360865419524,17.880074907575132,18.012174606323242,464500.0,0.0,0.0,0.0,AKBL.KA,
2024-01-26 00:00:00+05:00,18.06657039925866,18.299686843821164,17.872306201417167,17.895618438720703,141500.0,0.0,0.0,0.0,AKBL.KA,
2024-01-29 00:00:00+05:00,17.887845629033155,18.260832490144804,17.56148175503095,17.662498474121094,237000.0,0.0,0.0,0.0,AKBL.KA,
2024-01-30 00:00:00+05:00,17.639187271816883,17.872303683537563,17.336134158038398,17.623645782470703,282500.0,0.0,0.0,0.0,AKBL.KA,
2024-01-31 00:00:00+05:00,17.530400205138108,18.649362361841693,17.530400205138108,18.307456970214844,748000.0,0.0,0.0,0.0,AKBL.KA,
2024-02-01 00:00:00+05:00,18.563885290331406,18.563885290331406,18.105421689086384,18.431785583496094,728000.0,0.0,0.0,0.0,AKBL.KA,
2024-02-02 00:00:00+05:00,18.291916374683076,18.53280354913829,18.190898168476686,18.385162353515625,79000.0,0.0,0.0,0.0,AKBL.KA,
2024-02-06 00:00:00+05:00,18.183127787554252,19.58183083713113,18.183127787554252,19.348712921142578,3019000.0,0.0,0.0,0.0,AKBL.KA,
2024-02-07 00:00:00+05:00,19.356482134669726,19.49635257676979,19.115594974451845,19.278776168823242,265500.0,0.0,0.0,0.0,AKBL.KA,
2024-02-08 00:00:00+05:00,19.278776168823242,19.278776168823242,19.278776168823242,19.278776168823242,0.0,0.0,0.0,0.0,AKBL.KA,
2024-02-09 00:00:00+05:00,18.727067914272247,18.84362612999291,18.509491491373723,18.67267417907715,311000.0,0.0,0.0,0.0,AKBL.KA,
2024-02-12 00:00:00+05:00,18.61827784830159,18.80477276084311,17.724662938394818,17.957780838012695,421500.0,0.0,0.0,0.0,AKBL.KA,
2024-02-13 00:00:00+05:00,17.87230464206105,18.447326439647103,17.678040461169083,18.10542106628418,271000.0,0.0,0.0,0.0,AKBL.KA,
2024-02-14 00:00:00+05:00,18.532802843720532,18.991266421531282,18.183126731112992,18.929101943969727,514000.0,0.0,0.0,0.0,AKBL.KA,
2024-02-15 00:00:00+05:00,18.64936065673828,19.02234751416472,18.45509648323059,18.64936065673828,735000.0,0.0,0.0,0.0,AKBL.KA,
2024-02-16 00:00:00+05:00,18.416245651080406,18.80477402783638,18.066569519152775,18.206439971923828,479500.0,0.0,0.0,0.0,AKBL.KA,
2024-02-19 00:00:00+05:00,18.447326940810168,18.455097686111124,17.99663408818144,18.214210510253906,543500.0,0.0,0.0,0.0,AKBL.KA,
2024-02-20 00:00:00+05:00,18.563884735107422,18.804773387620028,18.15204561832293,18.563884735107422,1467000.0,0.0,0.0,0.0,AKBL.KA,
2024-02-21 00:00:00+05:00,18.70375732300347,19.193303947044104,17.28951415509631,17.763519287109375,14536500.0,0.0,0.0,0.0,AKBL.KA,
2024-02-22 00:00:00+05:00,17.794598518096237,17.864533741176896,17.483776127803345,17.538169860839844,1660500.0,0.0,0.0,0.0,AKBL.KA,
2024-02-23 00:00:00+05:00,17.678040377673522,17.716892620821177,17.491546942752233,17.646957397460938,2271500.0,0.0,0.0,0.0,AKBL.KA,
2024-02-26 00:00:00+05:00,17.639188183832196,18.260832968640823,17.483776246571,18.051027297973633,1912000.0,0.0,0.0,0.0,AKBL.KA,
2024-02-27 00:00:00+05:00,17.79459942254793,18.416245716848387,17.79459942254793,18.315227508544922,2252500.0,0.0,0.0,0.0,AKBL.KA,
2024-02-28 00:00:00+05:00,18.26083272354978,18.31522645622572,17.950010335317224,18.004404067993164,666500.0,0.0,0.0,0.0,AKBL.KA,
2024-02-29 00:00:00+05:00,18.027717479438607,18.361850642271182,17.95001150677967,18.19866943359375,868000.0,0.0,0.0,0.0,AKBL.KA,
2024-03-01 00:00:00+05:00,17.96555158287843,18.214209490109738,17.864533381741936,17.957780838012695,383500.0,0.0,0.0,0.0,AKBL.KA,
2024-03-04 00:00:00+05:00,18.089880413109416,18.089880413109416,17.724662817501173,17.779056549072266,367500.0,0.0,0.0,0.0,AKBL.KA,
2024-03-05 00:00:00+05:00,17.872304557647954,17.872304557647954,17.639188134525863,17.646957397460938,219500.0,0.0,0.0,0.0,AKBL.KA,
2024-03-06 00:00:00+05:00,17.623646268021538,17.911156418257068,17.600334033359992,17.71689224243164,737000.0,0.0,0.0,0.0,AKBL.KA,
2024-03-07 00:00:00+05:00,17.646956683596933,17.85676234519049,17.646956683596933,17.84122085571289,296500.0,0.0,0.0,0.0,AKBL.KA,
2024-03-08 00:00:00+05:00,17.98886292214469,17.98886292214469,17.600334558892676,17.880075454711914,452000.0,0.0,0.0,0.0,AKBL.KA,
2024-03-11 00:00:00+05:00,17.981092385073325,17.981092385073325,17.79459894640873,17.872304916381836,399000.0,0.0,0.0,0.0,AKBL.KA,
2024-03-12 00:00:00+05:00,18.159816350531152,18.159816350531152,17.4915470914599,17.880075454711914,238500.0,0.0,0.0,0.0,AKBL.KA,
2024-03-13 00:00:00+05:00,17.988863657913978,18.097652611914455,17.63918900595584,17.68581199645996,376000.0,0.0,0.0,0.0,AKBL.KA,
2024-03-14 00:00:00+05:00,17.79459921848474,18.019946386640456,17.79459921848474,17.97332191467285,1105500.0,0.0,0.0,0.0,AKBL.KA,
2024-03-15 00:00:00+05:00,17.872305089899616,17.98886330493186,17.755746874867373,17.81014060974121,352500.0,0.0,0.0,0.0,AKBL.KA,
2024-03-18 00:00:00+05:00,17.87230288862457,17.87230288862457,17.639186487272294,17.709121704101562,358000.0,0.0,0.0,0.0,AKBL.KA,
2024-03-19 00:00:00+05:00,17.639187067171722,17.87230347618785,17.21180500781818,17.33613395690918,3415500.0,0.0,0.0,0.0,AKBL.KA,
2024-03-20 00:00:00+05:00,17.327383456383604,17.852456036398806,17.239872750680835,17.54616355895996,625000.0,2.5,0.0,0.0,AKBL.KA,
2024-03-21 00:00:00+05:00,17.82620233927337,17.82620233927337,17.484904266302326,17.50240707397461,450500.0,0.0,0.0,0.0,AKBL.KA,
2024-03-22 00:00:00+05:00,17.502407648790545,17.58992002086643,17.06484745757078,17.073598861694336,256000.0,0.0,0.0,0.0,AKBL.KA,
2024-03-26 00:00:00+05:00,17.28362959649033,18.316272036915834,17.28362959649033,17.651180267333984,722500.0,0.0,0.0,0.0,AKBL.KA,
2024-03-27 00:00:00+05:00,17.61617371953553,17.71243750204899,17.41489641897083,17.633676528930664,687000.0,0.0,0.0,0.0,AKBL.KA,
2024-03-28 00:00:00+05:00,17.633676220400222,18.071236432664048,17.633676220400222,18.027481079101562,841000.0,0.0,0.0,0.0,AKBL.KA,
2024-03-29 00:00:00+05:00,18.097491779364002,18.246262327614474,17.756195326561095,18.071237564086914,696500.0,0.0,0.0,0.0,AKBL.KA,
2024-04-01 00:00:00+05:00,18.07998791599977,18.15874888808327,17.76494402766576,17.799949645996094,666500.0,0.0,0.0,0.0,AKBL.KA,
2024-04-02 00:00:00+05:00,17.81745318377373,17.931218109680024,17.589921662801316,17.62492561340332,1248500.0,0.0,0.0,0.0,AKBL.KA,
2024-04-03 00:00:00+05:00,17.598672043196967,17.939968470206367,17.50240826361597,17.677433013916016,1449500.0,0.0,0.0,0.0,AKBL.KA,
2024-04-04 00:00:00+05:00,17.852456404331843,18.246261264749357,17.633676297246502,17.799949645996094,2637500.0,0.0,0.0,0.0,AKBL.KA,
2024-04-08 00:00:00+05:00,17.817452944938193,17.896213919186724,17.694934946573923,17.79119873046875,1946000.0,0.0,0.0,0.0,AKBL.KA,
2024-04-09 00:00:00+05:00,17.93996920680803,19.095127932571078,17.93996920680803,19.016366958618164,2223500.0,0.0,0.0,0.0,AKBL.KA,
2024-04-15 00:00:00+05:00,19.15638564529354,20.215282231717268,19.033869319437475,20.022754669189453,2136000.0,0.0,0.0,0.0,AKBL.KA,
2024-04-16 00:00:00+05:00,20.127768999394416,20.959134038772408,20.127768999394416,20.652841567993164,1703500.0,0.0,0.0,0.0,AKBL.KA,
2024-04-17 00:00:00+05:00,20.34655013199874,21.002890458837406,20.232785209777,20.924129486083984,1786500.0,0.0,0.0,0.0,AKBL.KA,
2024-04-18 00:00:00+05:00,20.99413812120206,21.00288952547017,20.565329327022877,20.906625747680664,1402500.0,0.0,0.0,0.0,AKBL.KA,
2024-04-19 00:00:00+05:00,20.574083714874796,20.91538018502624,20.565332309337588,20.792863845825195,484000.0,0.0,0.0,0.0,AKBL.KA,
2024-04-22 00:00:00+05:00,21.002889898783472,22.22805814238056,20.565329692558816,21.676733016967773,6857500.0,0.0,0.0,0.0,AKBL.KA,
2024-04-23 00:00:00+05:00,21.746744548271955,22.184304794035334,21.46670625804897,21.6417293548584,2380000.0,0.0,0.0,0.0,AKBL.KA,
2024-04-24 00:00:00+05:00,21.659231536576456,22.05303641399632,21.344187634640566,21.91301727294922,1056000.0,0.0,0.0,0.0,AKBL.KA,
2024-04-25 00:00:00+05:00,21.87801381227407,21.87801381227407,21.44045353602859,21.746746063232422,2726500.0,0.0,0.0,0.0,AKBL.KA,
2024-04-26 00:00:00+05:00,22.41183503282214,22.578106714851828,21.73799189251305,22.018030166625977,39174000.0,0.0,0.0,0.0,AKBL.KA,
2024-04-29 00:00:00+05:00,22.053035640808435,22.053035640808435,20.91537807323766,21.44045066833496,3263000.0,0.0,0.0,0.0,AKBL.KA,
2024-04-30 00:00:00+05:00,21.440452585741035,21.440452585741035,20.12777181518546,20.15402603149414,4186500.0,0.0,0.0,0.0,AKBL.KA,
2024-05-02 00:00:00+05:00,20.12776933085263,20.12776933085263,19.252648925163385,19.357664108276367,2230000.0,0.0,0.0,0.0,AKBL.KA,
2024-05-03 00:00:00+05:00,19.340161577552248,19.48018071094233,19.03386909732654,19.15638542175293,1837000.0,0.0,0.0,0.0,AKBL.KA,
2024-05-06 00:00:00+05:00,19.252649232081417,20.110266842730343,19.173888260781034,19.996501922607422,2526000.0,0.0,0.0,0.0,AKBL.KA,
2024-05-07 00:00:00+05:00,19.795225017615238,20.08401469503324,19.26140101696144,19.375165939331055,1363000.0,0.0,0.0,0.0,AKBL.KA,
2024-05-08 00:00:00+05:00,19.47143007777356,19.85648354442911,19.130133635260577,19.628952026367188,1208500.0,0.0,0.0,0.0,AKBL.KA,
2024-05-09 00:00:00+05:00,19.305155682140022,19.506434644009925,18.990113471120495,19.357664108276367,2079500.0,0.0,0.0,0.0,AKBL.KA,
2024-05-10 00:00:00+05:00,19.252648554106536,19.41892189534762,19.09512661705284,19.103878021240234,1290500.0,0.0,0.0,0.0,AKBL.KA,
2024-05-13 00:00:00+05:00,19.033868823741074,19.427673673965117,19.033868823741074,19.357664108276367,1019000.0,0.0,0.0,0.0,AKBL.KA,
2024-05-14 00:00:00+05:00,19.270152294054053,19.698961105007985,19.270152294054053,19.63770294189453,905500.0,0.0,0.0,0.0,AKBL.KA,
2024-05-15 00:00:00+05:00,19.48893439653327,19.69021171569533,19.39267060512536,19.410173416137695,574000.0,0.0,0.0,0.0,AKBL.KA,
2024-05-16 00:00:00+05:00,19.392669775940526,19.576445945392344,19.340163014308516,19.488933563232422,557000.0,0.0,0.0,0.0,AKBL.KA,
2024-05-17 00:00:00+05:00,19.427674908621807,19.646455023947908,19.32265971883496,19.497684478759766,990000.0,0.0,0.0,0.0,AKBL.KA,
2024-05-20 00:00:00+05:00,19.567694646806935,19.82147872037672,19.34016311961617,19.742717742919922,330334.0,0.0,0.0,0.0,AKBL.KA,
2024-05-21 00:00:00+05:00,19.480182991027103,19.672708904682995,19.383919199619193,19.410173416137695,170334.0,0.0,0.0,0.0,AKBL.KA,
2024-05-22 00:00:00+05:00,19.418924084942145,19.506436467523905,19.243899319778627,19.261402130126953,2895942.0,0.0,0.0,0.0,AKBL.KA,
2024-05-23 00:00:00+05:00,19.37516491461046,19.646453437503435,19.252648594052133,19.42767333984375,4327606.0,0.0,0.0,0.0,AKBL.KA,
2024-05-24 00:00:00+05:00,19.663957054269737,19.865236038037683,19.427675787588925,19.707714080810547,918308.0,0.0,0.0,0.0,AKBL.KA,
2024-05-27 00:00:00+05:00,19.81272547428757,19.81272547428757,19.35766413134817,19.51518440246582,958500.0,0.0,0.0,0.0,AKBL.KA,
2024-05-28 00:00:00+05:00,19.51518440246582,19.51518440246582,19.51518440246582,19.51518440246582,0.0,0.0,0.0,0.0,AKBL.KA,
2024-05-29 00:00:00+05:00,19.733964843317136,19.733964843317136,19.340161655015134,19.445175170898438,636312.0,0.0,0.0,0.0,AKBL.KA,
2024-05-30 00:00:00+05:00,19.33141038359472,19.558941895121418,19.33141038359472,19.348913192749023,681318.0,0.0,0.0,0.0,AKBL.KA,
2024-05-31 00:00:00+05:00,19.278902099913907,19.515183328163058,19.16513551857208,19.243896484375,378950.0,0.0,0.0,0.0,AKBL.KA,
2024-06-03 00:00:00+05:00,19.156386438281018,19.25265022352981,18.64006523057175,18.94635772705078,1349795.0,0.0,0.0,0.0,AKBL.KA,
2024-06-04 00:00:00+05:00,18.81508953818411,18.937605866162087,18.640064781792905,18.762582778930664,51147.0,0.0,0.0,0.0,AKBL.KA,
2024-06-05 00:00:00+05:00,18.596308915134077,19.235146420796816,18.596308915134077,18.96385955810547,209418.0,0.0,0.0,0.0,AKBL.KA,
2024-06-06 00:00:00+05:00,19.077626196125888,19.077626196125888,18.596310589703403,18.613813400268555,172218.0,0.0,0.0,0.0,AKBL.KA,
2024-06-07 00:00:00+05:00,18.59630780093934,18.7713325420238,18.071235246845596,18.561302185058594,471534.0,0.0,0.0,0.0,AKBL.KA,
2024-06-10 00:00:00+05:00,18.38628051799767,18.59630922185117,18.202504358901006,18.57005500793457,785567.0,0.0,0.0,0.0,AKBL.KA,
2024-06-11 00:00:00+05:00,18.54380293770312,18.54380293770312,18.036233139778794,18.403783798217773,189740.0,0.0,0.0,0.0,AKBL.KA,
2024-06-12 00:00:00+05:00,18.36877925937082,18.36877925937082,17.511161562280936,17.8349552154541,452869.0,0.0,0.0,0.0,AKBL.KA,
2024-06-13 00:00:00+05:00,18.368777660246014,18.72757690369387,17.939968849031743,18.605060577392578,302029.0,0.0,0.0,0.0,AKBL.KA,
2024-06-14 00:00:00+05:00,18.771334479724256,20.11901911621677,18.683822100148422,19.725215911865234,9987959.0,0.0,0.0,0.0,AKBL.KA,
2024-06-20 00:00:00+05:00,19.690210326321143,21.30918350920618,19.690210326321143,21.20416831970215,7194006.0,0.0,0.0,0.0,AKBL.KA,
2024-06-21 00:00:00+05:00,21.35293934004284,21.44045172171856,20.521575887023133,20.714101791381836,2526737.0,0.0,0.0,0.0,AKBL.KA,
2024-06-24 00:00:00+05:00,20.99413882488911,20.99413882488911,20.215282179678105,20.574081420898438,1557803.0,0.0,0.0,0.0,AKBL.KA,
2024-06-25 00:00:00+05:00,20.644091371745187,20.644091371745187,19.7427167150885,19.795225143432617,1430288.0,0.0,0.0,0.0,AKBL.KA,
2024-06-26 00:00:00+05:00,19.698960689302428,20.014004571991567,19.252649078546057,19.418922424316406,1060764.0,0.0,0.0,0.0,AKBL.KA,
2024-06-27 00:00:00+05:00,19.865233262848093,20.101514496520224,19.07762358674214,19.270151138305664,1219066.0,0.0,0.0,0.0,AKBL.KA,
2024-06-28 00:00:00+05:00,19.77772124953873,20.06651091295744,19.042619984625702,19.716463088989258,1201891.0,0.0,0.0,0.0,AKBL.KA,
2024-07-01 00:00:00+05:00,19.882735868931317,20.477818037382605,19.60269759416831,19.95274543762207,1007154.0,0.0,0.0,0.0,AKBL.KA,
2024-07-02 00:00:00+05:00,20.232784960327244,21.002890199893034,19.865234315062725,20.7666072845459,3844701.0,0.0,0.0,0.0,AKBL.KA,
2024-07-03 00:00:00+05:00,21.002889711065958,22.639365602150118,20.836616366821968,22.516847610473633,13043489.0,0.0,0.0,0.0,AKBL.KA,
2024-07-04 00:00:00+05:00,22.490595405699192,24.065811490115593,21.983025630128598,23.479480743408203,9881826.0,0.0,0.0,0.0,AKBL.KA,
2024-07-05 00:00:00+05:00,23.628251600180946,25.588521162267156,23.015666631771612,25.474756240844727,16461542.0,0.0,0.0,0.0,AKBL.KA,
2024-07-08 00:00:00+05:00,25.378493236425815,27.347514263389886,24.9584358179385,27.102479934692383,8792460.0,0.0,0.0,0.0,AKBL.KA,
2024-07-09 00:00:00+05:00,27.119981718111298,27.478780958136063,26.253612699332496,26.6386661529541,5367505.0,0.0,0.0,0.0,AKBL.KA,
2024-07-10 00:00:00+05:00,26.953710947200086,26.953710947200086,24.41586181080136,24.599637985229492,4225446.0,0.0,0.0,0.0,AKBL.KA,
2024-07-11 00:00:00+05:00,24.503372847138117,25.24722557097249,24.127070782777214,24.879674911499023,2470319.0,0.0,0.0,0.0,AKBL.KA,
2024-07-12 00:00:00+05:00,25.115955388783128,25.115955388783128,23.103177528103565,24.372102737426758,2678005.0,0.0,0.0,0.0,AKBL.KA,
2024-07-15 00:00:00+05:00,24.372104274776614,26.07858810936127,24.372104274776614,25.15096092224121,2684731.0,0.0,0.0,0.0,AKBL.KA,
2024-07-16 00:00:00+05:00,25.15096092224121,25.15096092224121,25.15096092224121,25.15096092224121,0.0,0.0,0.0,0.0,AKBL.KA,
2024-07-17 00:00:00+05:00,25.15096092224121,25.15096092224121,25.15096092224121,25.15096092224121,0.0,0.0,0.0,0.0,AKBL.KA,
2024-07-18 00:00:00+05:00,25.754796787372367,25.754796787372367,23.637005093723797,24.599637985229492,894636.0,0.0,0.0,0.0,AKBL.KA,
2024-07-19 00:00:00+05:00,24.923427838338156,24.923427838338156,23.62825008607039,24.372102737426758,2281685.0,0.0,0.0,0.0,AKBL.KA,
2024-07-22 00:00:00+05:00,24.49462103577909,24.503372440521307,23.24319853335833,23.820777893066406,1379507.0,0.0,0.0,0.0,AKBL.KA,
2024-07-23 00:00:00+05:00,23.82077717441474,25.247224390325638,23.82077717441474,23.99580192565918,1896162.0,0.0,0.0,0.0,AKBL.KA,
2024-07-24 00:00:00+05:00,23.97829922150215,24.940932019234374,23.724515167164235,24.608386993408203,2086169.0,0.0,0.0,0.0,AKBL.KA,
2024-07-25 00:00:00+05:00,24.940933991270295,24.984689348152436,23.58449789800551,23.768272399902344,1423898.0,0.0,0.0,0.0,AKBL.KA,
2024-07-26 00:00:00+05:00,24.15332652683478,24.15332652683478,23.19069362733964,23.663259506225586,1367978.0,0.0,0.0,0.0,AKBL.KA,
2024-07-29 00:00:00+05:00,24.153324630571323,24.328347718182258,23.286955589791802,23.628252029418945,1014280.0,0.0,0.0,0.0,AKBL.KA,
2024-07-30 00:00:00+05:00,24.048308788473964,25.378492230098136,21.921765896610527,24.608386993408203,1268368.0,0.0,0.0,0.0,AKBL.KA,
2024-07-31 00:00:00+05:00,24.634640380767284,25.063449201787954,24.109567775931435,24.68714714050293,1140350.0,0.0,0.0,0.0,AKBL.KA,
2024-08-01 00:00:00+05:00,24.92343104281647,25.553518861052755,24.197081106140647,24.51212501525879,896268.0,0.0,0.0,0.0,AKBL.KA,
2024-08-02 00:00:00+05:00,24.590884805222377,25.378492870829973,24.030806586147822,24.337099075317383,2531086.0,0.0,0.0,0.0,AKBL.KA,
2024-08-05 00:00:00+05:00,24.792161085898723,24.792161085898723,22.621862875180092,22.80563735961914,3904167.0,0.0,0.0,0.0,AKBL.KA,
2024-08-06 00:00:00+05:00,22.84064421022791,23.34821400738143,22.770634640591556,22.94565773010254,405090.0,0.0,0.0,0.0,AKBL.KA,
2024-08-07 00:00:00+05:00,23.190692884284708,23.540740744932506,22.140547633181455,22.385581970214844,3770078.0,0.0,0.0,0.0,AKBL.KA,
2024-08-08 00:00:00+05:00,22.709376481284863,22.971911950194595,22.1843038743056,22.27181625366211,1846819.0,0.0,0.0,0.0,AKBL.KA,
2024-08-09 00:00:00+05:00,22.919404205634255,22.919404205634255,22.315570650090606,22.44683837890625,304607.0,0.0,0.0,0.0,AKBL.KA,
2024-08-12 00:00:00+05:00,22.096790321268667,23.36571558163907,22.096790321268667,22.61311149597168,924149.0,0.0,0.0,0.0,AKBL.KA,
2024-08-13 00:00:00+05:00,22.709377630446916,23.365718005093825,22.53435286287712,22.639368057250977,507467.0,0.0,0.0,0.0,AKBL.KA,
2024-08-15 00:00:00+05:00,22.333075548583775,23.17319042693507,22.333075548583775,22.639368057250977,338073.0,0.0,0.0,0.0,AKBL.KA,
2024-08-16 00:00:00+05:00,23.103177442104485,23.181938408964314,22.429334356374692,22.823139190673828,560309.0,0.0,0.0,0.0,AKBL.KA,
2024-08-19 00:00:00+05:00,23.09442815648177,23.09442815648177,22.40308386849245,22.69187355041504,402740.0,0.0,0.0,0.0,AKBL.KA,
2024-08-20 00:00:00+05:00,22.971911257125186,22.971911257125186,21.895513530246802,22.411834716796875,703982.0,0.0,0.0,0.0,AKBL.KA,
2024-08-21 00:00:00+05:00,22.66562139895895,22.84064617266765,22.14054874699281,22.429338455200195,1037882.0,0.0,0.0,0.0,AKBL.KA,
2024-08-22 00:00:00+05:00,22.411834918539547,22.656867572558998,22.34182535036831,22.438087463378906,175186.0,0.0,0.0,0.0,AKBL.KA,
2024-08-23 00:00:00+05:00,22.665618773198233,22.79688650369271,22.35932628927128,22.411834716796875,425593.0,0.0,0.0,0.0,AKBL.KA,
2024-08-26 00:00:00+05:00,22.75313161237593,22.97191172403339,22.403083767555948,22.595609664916992,345124.0,0.0,0.0,0.0,AKBL.KA,
2024-08-27 00:00:00+05:00,22.744379560806898,22.744379560806898,22.27181540102863,22.543102264404297,1106623.0,0.0,0.0,0.0,AKBL.KA,
2024-08-28 00:00:00+05:00,22.753131273676622,22.84064365086887,22.499345546735082,22.665618896484375,1665154.0,0.0,0.0,0.0,AKBL.KA,
2024-08-29 00:00:00+05:00,22.910653538601217,22.910653538601217,21.46670513683219,21.597972869873047,3500583.0,0.0,0.0,0.0,AKBL.KA,
2024-08-30 00:00:00+05:00,22.04428624442038,22.315573136757358,21.5629689595826,21.7292423248291,1728373.0,0.0,0.0,0.0,AKBL.KA,
2024-09-02 00:00:00+05:00,21.72924237405697,21.87801292873879,21.519213650240268,21.53671646118164,266576.0,0.0,0.0,0.0,AKBL.KA,
2024-09-03 00:00:00+05:00,21.87800999683185,21.87800999683185,20.565329397021937,20.679094314575195,2053988.0,0.0,0.0,0.0,AKBL.KA,
2024-09-04 00:00:00+05:00,21.169164273485006,21.169164273485006,20.17152581977188,20.434062957763672,2186608.0,0.0,0.0,0.0,AKBL.KA,
2024-09-05 00:00:00+05:00,20.556579628591898,21.002891268343372,20.30279556039586,20.36405372619629,1706048.0,0.0,0.0,0.0,AKBL.KA,
2024-09-06 00:00:00+05:00,20.565330095188592,20.827865556399438,20.06651171739213,20.34654998779297,1222146.0,0.0,0.0,0.0,AKBL.KA,
2024-09-09 00:00:00+05:00,20.556579779797055,20.784111303843577,20.13652235193879,20.425312042236328,237785.0,0.0,0.0,0.0,AKBL.KA,
2024-09-10 00:00:00+05:00,20.766607549119627,20.766607549119627,20.180276790136165,20.407808303833008,1021705.0,0.0,0.0,0.0,AKBL.KA,
2024-09-11 00:00:00+05:00,20.55657983819751,20.82786671914838,20.346551123671695,20.714101791381836,1271096.0,0.0,0.0,0.0,AKBL.KA,
2024-09-12 00:00:00+05:00,20.985387752781705,21.17791531786396,20.43406260995473,21.02039337158203,1415439.0,0.0,0.0,0.0,AKBL.KA,
2024-09-13 00:00:00+05:00,21.221670599851873,21.221670599851873,20.574081676691648,20.731603622436523,522690.0,0.0,0.0,0.0,AKBL.KA,
2024-09-16 00:00:00+05:00,20.98538658224855,20.98538658224855,20.364051905637805,20.652841567993164,435972.0,0.0,0.0,0.0,AKBL.KA,
2024-09-17 00:00:00+05:00,20.652841567993164,20.652841567993164,20.652841567993164,20.652841567993164,0.0,0.0,0.0,0.0,AKBL.KA,
2024-09-18 00:00:00+05:00,20.89787501446328,20.89787501446328,20.346549881146377,20.7666072845459,184922.0,0.0,0.0,0.0,AKBL.KA,
2024-09-19 00:00:00+05:00,21.204168203758673,21.440451126980896,20.56533067281841,20.95038414001465,1174780.0,0.0,0.0,0.0,AKBL.KA,
2024-09-20 00:00:00+05:00,21.309181839436274,21.44920096836332,20.644090142452953,20.845367431640625,645533.0,0.0,0.0,0.0,AKBL.KA,
2024-09-23 00:00:00+05:00,21.177914239880433,21.650478385512308,20.67034447723006,21.45795249938965,1000418.0,0.0,0.0,0.0,AKBL.KA,
2024-09-24 00:00:00+05:00,21.650481676282748,22.061787723808514,21.090405072135336,21.983028411865234,2996719.0,0.0,0.0,0.0,AKBL.KA,
2024-09-25 00:00:00+05:00,22.09679185359039,22.753132205677232,21.659231618865828,22.683122634887695,1829951.0,0.0,0.0,0.0,AKBL.KA,
2024-09-26 00:00:00+05:00,22.92815828290272,24.065814290804035,22.75313351130563,23.724517822265625,3144772.0,0.0,0.0,0.0,AKBL.KA,
2024-09-27 00:00:00+05:00,24.20583050952403,24.20583050952403,22.770633565180336,22.86689567565918,504871.0,0.0,0.0,0.0,AKBL.KA,
2024-09-30 00:00:00+05:00,23.54074101076692,23.54074101076692,22.621865157545038,23.0244197845459,1487335.0,0.0,0.0,0.0,AKBL.KA,
2024-10-01 00:00:00+05:00,23.190690173273907,23.62825036522247,21.939267757235466,23.269451141357422,337823.0,0.0,0.0,0.0,AKBL.KA,
2024-10-02 00:00:00+05:00,23.523235412023194,23.619499189313142,22.761881605405353,23.103178024291992,251481.0,0.0,0.0,0.0,AKBL.KA,
2024-10-03 00:00:00+05:00,23.5932463743049,23.5932463743049,22.928156305577186,23.146936416625977,270182.0,0.0,0.0,0.0,AKBL.KA,
2024-10-04 00:00:00+05:00,23.540738330268574,23.62825070374401,22.753130307309046,23.19944190979004,351754.0,0.0,0.0,0.0,AKBL.KA,
2024-10-07 00:00:00+05:00,23.584496533844213,23.584496533844213,22.76188285259415,23.05067253112793,157178.0,0.0,0.0,0.0,AKBL.KA,
2024-10-08 00:00:00+05:00,23.18193933795377,23.803275693729564,22.945656427905522,23.549489974975586,833564.0,0.0,0.0,0.0,AKBL.KA,
2024-10-09 00:00:00+05:00,23.549489974975586,23.549489974975586,23.549489974975586,23.549489974975586,0.0,0.0,0.0,0.0,AKBL.KA,
2024-10-10 00:00:00+05:00,24.494620787729218,24.897177055995726,24.109567328769895,24.503372192382812,2168247.0,0.0,0.0,0.0,AKBL.KA,
2024-10-11 00:00:00+05:00,23.72451649648607,24.949684821720755,23.72451649648607,24.80966567993164,1603040.0,0.0,0.0,0.0,AKBL.KA,
2024-10-14 00:00:00+05:00,24.80966536905078,25.693537233743996,24.80966536905078,25.360990524291992,897551.0,0.0,0.0,0.0,AKBL.KA,
2024-10-15 00:00:00+05:00,25.728540844375775,26.454890749647223,25.072200508197007,26.271116256713867,2537876.0,0.0,0.0,0.0,AKBL.KA,
2024-10-16 00:00:00+05:00,26.341124247594045,27.295005612555414,26.078587127356414,26.20110511779785,1603400.0,0.0,0.0,0.0,AKBL.KA,
2024-10-17 00:00:00+05:00,26.253613617460605,26.253613617460605,25.553517921992245,25.81605339050293,259187.0,0.0,0.0,0.0,AKBL.KA,
2024-10-18 00:00:00+05:00,26.25361353156172,26.691173757087746,24.60838781801416,26.0435848236084,206528.0,0.0,0.0,0.0,AKBL.KA,
2024-10-21 00:00:00+05:00,26.60366181443256,26.60366181443256,25.641028968656812,25.746044158935547,130279.0,0.0,0.0,0.0,AKBL.KA,
2024-10-22 00:00:00+05:00,26.078587608317886,26.078587608317886,25.59727204941164,25.67603302001953,118542.0,0.0,0.0,0.0,AKBL.KA,
2024-10-23 00:00:00+05:00,26.034832781680855,26.07858813549877,25.290980082658024,25.474756240844727,752101.0,0.0,0.0,0.0,AKBL.KA,
2024-10-24 00:00:00+05:00,25.711039808111167,26.673672701398413,25.378494749275163,26.174854278564453,1116391.0,0.0,0.0,0.0,AKBL.KA,
2024-10-25 00:00:00+05:00,26.253610926184216,27.119979886449137,26.08733758962035,26.376127243041992,1834207.0,0.0,0.0,0.0,AKBL.KA,
2024-10-28 00:00:00+05:00,26.68242275092263,26.691174155863077,25.597273575704754,25.938570022583008,266478.0,0.0,0.0,0.0,AKBL.KA,
2024-10-29 00:00:00+05:00,25.816054761562732,26.691175261954687,25.23847536483683,26.341127395629883,1406926.0,0.0,0.0,0.0,AKBL.KA,
2024-10-30 00:00:00+05:00,26.909951616194526,26.909951616194526,24.940930766229073,25.177213668823242,1533090.0,0.0,0.0,0.0,AKBL.KA,
2024-10-31 00:00:00+05:00,24.897177933920602,25.816053755872474,24.897177933920602,25.22972297668457,1060049.0,0.0,0.0,0.0,AKBL.KA,
2024-11-01 00:00:00+05:00,26.017332377141305,26.017332377141305,23.409473656392077,24.853422164916992,1313867.0,0.0,0.0,0.0,AKBL.KA,
2024-11-04 00:00:00+05:00,25.36973920037982,25.36973920037982,24.37210251765081,24.538375854492188,441750.0,0.0,0.0,0.0,AKBL.KA,
2024-11-05 00:00:00+05:00,24.932182447976402,25.597274217692554,24.240838131940315,24.51212501525879,521220.0,0.0,0.0,0.0,AKBL.KA,
2024-11-06 00:00:00+05:00,24.153326424165492,25.466007189944484,24.153326424165492,24.853422164916992,1450966.0,0.0,0.0,0.0,AKBL.KA,
2024-11-07 00:00:00+05:00,25.29098054926317,25.29098054926317,24.599636265058606,25.142210006713867,797260.0,0.0,0.0,0.0,AKBL.KA,
2024-11-08 00:00:00+05:00,25.0284461051225,25.64102944068615,25.0284461051225,25.255977630615234,354574.0,0.0,0.0,0.0,AKBL.KA,
2024-11-11 00:00:00+05:00,25.255978510088223,25.991079873690452,25.002192760415113,25.466007232666016,1321256.0,0.0,0.0,0.0,AKBL.KA,
2024-11-12 00:00:00+05:00,25.378493922621857,26.227360187412007,25.378493922621857,25.448503494262695,506866.0,0.0,0.0,0.0,AKBL.KA,
2024-11-13 00:00:00+05:00,25.1947194229996,26.06983990309001,25.1947194229996,25.448503494262695,380530.0,0.0,0.0,0.0,AKBL.KA,
2024-11-14 00:00:00+05:00,25.59727085503155,25.772295596917846,25.422246113145256,25.501007080078125,654790.0,0.0,0.0,0.0,AKBL.KA,
2024-11-15 00:00:00+05:00,25.824805122191115,26.472394065985466,25.378493484746397,25.42224884033203,1057516.0,0.0,0.0,0.0,AKBL.KA,
2024-11-18 00:00:00+05:00,25.90356714110296,25.94732249845129,25.203469739410515,25.5360164642334,413999.0,0.0,0.0,0.0,AKBL.KA,
2024-11-19 00:00:00+05:00,25.851058569396805,26.454890470515043,25.387244135826773,25.789798736572266,904258.0,0.0,0.0,0.0,AKBL.KA,
2024-11-20 00:00:00+05:00,26.244862557149933,26.244862557149933,25.597273613050568,25.746044158935547,246009.0,0.0,0.0,0.0,AKBL.KA,
2024-11-21 00:00:00+05:00,25.72854153823688,25.991078681284502,25.395996493368358,25.614776611328125,290585.0,0.0,0.0,0.0,AKBL.KA,
2024-11-22 00:00:00+05:00,25.98232701131574,28.170126499443814,25.641028895750154,27.295007705688477,8209923.0,0.0,0.0,0.0,AKBL.KA,
2024-11-25 00:00:00+05:00,27.17248773632383,27.91634040971743,26.883698071260397,27.522537231445312,1884107.0,0.0,0.0,0.0,AKBL.KA,
2024-11-26 00:00:00+05:00,27.522537620004016,30.279164914305557,27.303757517044236,27.9338436126709,8404311.0,0.0,0.0,0.0,AKBL.KA,
2024-11-27 00:00:00+05:00,28.878974466844184,30.725479125976562,28.52892495616068,30.725479125976562,3222711.0,0.0,0.0,0.0,AKBL.KA,
2024-11-28 00:00:00+05:00,31.504335040979623,32.370705723467125,31.066774832077126,31.766870498657227,2800094.0,0.0,0.0,0.0,AKBL.KA,
2024-11-29 00:00:00+05:00,32.05566099615161,34.94355763131856,31.504334212699934,34.847293853759766,5748505.0,0.0,0.0,0.0,AKBL.KA,
2024-12-02 00:00:00+05:00,35.35486854739783,35.78367571095649,33.91966816331338,34.602264404296875,4227028.0,0.0,0.0,0.0,AKBL.KA,
2024-12-03 00:00:00+05:00,34.91730549631501,35.09232690666693,33.69213559393506,34.19970703125,2613081.0,0.0,0.0,0.0,AKBL.KA,
2024-12-04 00:00:00+05:00,34.19970733020593,34.47974559520025,33.035795578938725,34.155948638916016,2233563.0,0.0,0.0,0.0,AKBL.KA,
2024-12-05 00:00:00+05:00,34.12094677087817,34.56725671786856,33.47335618882208,34.37472915649414,2848856.0,0.0,0.0,0.0,AKBL.KA,
2024-12-06 00:00:00+05:00,34.558507295976696,34.91730653922583,33.79715011726406,34.66352081298828,1848620.0,0.0,0.0,0.0,AKBL.KA,
2024-12-09 00:00:00+05:00,34.12969810084293,34.12969810084293,32.21318548620605,33.25457763671875,1469551.0,0.0,0.0,0.0,AKBL.KA,
2024-12-10 00:00:00+05:00,32.82576418998369,33.517110095698776,31.513083611784108,32.1081657409668,1066266.0,0.0,0.0,0.0,AKBL.KA,
2024-12-11 00:00:00+05:00,32.11691934367574,35.00481599565325,31.69686195232623,34.8735466003418,2263498.0,0.0,0.0,0.0,AKBL.KA,
2024-12-12 00:00:00+05:00,34.541004832932096,35.871188302248406,34.34847726788171,35.43362808227539,1716896.0,0.0,0.0,0.0,AKBL.KA,
2024-12-13 00:00:00+05:00,35.75742280665265,35.75742280665265,32.86952593395141,33.184566497802734,1252974.0,0.0,0.0,0.0,AKBL.KA,
2024-12-16 00:00:00+05:00,33.84965979337287,33.84965979337287,32.55448190806288,32.77326202392578,312265.0,0.0,0.0,0.0,AKBL.KA,
2024-12-17 00:00:00+05:00,33.237076203404165,34.21721022908755,31.950647999599873,33.937171936035156,992265.0,0.0,0.0,0.0,AKBL.KA,
2024-12-18 00:00:00+05:00,34.12969673053529,34.12969673053529,32.1606757653121,32.50197219848633,707950.0,0.0,0.0,0.0,AKBL.KA,
2024-12-19 00:00:00+05:00,32.379456515822675,32.59823662741607,29.255276789334538,29.684083938598633,2189745.0,0.0,0.0,0.0,AKBL.KA,
2024-12-20 00:00:00+05:00,30.18290337234866,32.379454057090804,29.841603619991098,32.081912994384766,431050.0,0.0,0.0,0.0,AKBL.KA,
2024-12-23 00:00:00+05:00,32.59823516287506,33.86716042077167,31.504334654053753,33.09705352783203,1247732.0,0.0,0.0,0.0,AKBL.KA,
2024-12-24 00:00:00+05:00,32.536978352511845,34.12094755685282,31.591846671251268,31.784374237060547,910212.0,0.0,0.0,0.0,AKBL.KA,
2024-12-26 00:00:00+05:00,31.679361593693724,32.37070756427065,31.285556715623347,31.836883544921875,557216.0,0.0,0.0,0.0,AKBL.KA,
2024-12-27 00:00:00+05:00,31.941898249579115,32.59823862457046,31.609351524853956,31.84563446044922,717313.0,0.0,0.0,0.0,AKBL.KA,
2024-12-30 00:00:00+05:00,32.5982344005118,34.12969507704591,31.513083652278542,33.14080810546875,1751920.0,0.0,0.0,0.0,AKBL.KA,
2024-12-31 00:00:00+05:00,34.11219470297312,34.11219470297312,32.90452754856871,33.49085998535156,1500496.0,0.0,0.0,0.0,AKBL.KA,
2025-01-01 00:00:00+05:00,33.49085998535156,33.49085998535156,33.49085998535156,33.49085998535156,0.0,0.0,0.0,0.0,AKBL.KA,
2025-01-02 00:00:00+05:00,35.17984241012769,35.17984241012769,34.3484773231767,34.716026306152344,571981.0,0.0,0.0,0.0,AKBL.KA,
2025-01-03 00:00:00+05:00,34.5672543283105,38.0239804288054,34.5672543283105,37.26262664794922,3967378.0,0.0,0.0,0.0,AKBL.KA,
2025-01-06 00:00:00+05:00,37.63017880575366,38.50529924309677,36.75505836841055,37.717689514160156,2189981.0,0.0,0.0,0.0,AKBL.KA,
2025-01-07 00:00:00+05:00,37.726438825876805,37.98022452859525,35.00481400301158,36.39625549316406,1255753.0,0.0,0.0,0.0,AKBL.KA,
2025-01-08 00:00:00+05:00,36.4050088603431,36.7113030164234,34.917306787425645,35.337364196777344,373068.0,0.0,0.0,0.0,AKBL.KA,
2025-01-09 00:00:00+05:00,35.45987766209063,36.30874548611903,35.04857002144689,35.871185302734375,1214735.0,0.0,0.0,0.0,AKBL.KA,
2025-01-10 00:00:00+05:00,36.14247280809702,36.75505777196025,35.442377137247384,36.44001388549805,940101.0,0.0,0.0,0.0,AKBL.KA,
2025-01-13 00:00:00+05:00,36.44876461126935,36.93008014532861,35.774921528258666,35.871185302734375,394680.0,0.0,0.0,0.0,AKBL.KA,
2025-01-14 00:00:00+05:00,36.66754484935137,36.66754484935137,34.56725462539223,34.86479568481445,1812791.0,0.0,0.0,0.0,AKBL.KA,
2025-01-15 00:00:00+05:00,35.25860476347979,35.25860476347979,34.19095671497462,34.43598937988281,712228.0,0.0,0.0,0.0,AKBL.KA,
2025-01-16 00:00:00+05:00,34.56725645982818,34.99606693287395,33.37709215897893,34.73352813720703,427151.0,0.0,0.0,0.0,AKBL.KA,
2025-01-17 00:00:00+05:00,35.00481922460903,35.8536871590681,34.34847886414761,34.628517150878906,409388.0,0.0,0.0,0.0,AKBL.KA,
2025-01-20 00:00:00+05:00,34.66352111775774,35.442377774220596,34.34847722563354,34.78603744506836,156342.0,0.0,0.0,0.0,AKBL.KA,
2025-01-21 00:00:00+05:00,34.99606772027471,35.22359756487667,34.39223248263803,34.856048583984375,278348.0,0.0,0.0,0.0,AKBL.KA,
2025-01-22 00:00:00+05:00,35.00481869481899,35.00481869481899,33.482107612733714,33.832157135009766,268872.0,0.0,0.0,0.0,AKBL.KA,
2025-01-23 00:00:00+05:00,33.86716211133454,35.00481802963372,33.86716211133454,34.4534912109375,629784.0,0.0,0.0,0.0,AKBL.KA,
2025-01-24 00:00:00+05:00,34.82979034505242,35.5298859791517,33.910914616652164,35.37236404418945,851907.0,0.0,0.0,0.0,AKBL.KA,
2025-01-27 00:00:00+05:00,35.37236517784794,36.229986112714904,34.96106085743722,35.06607437133789,344336.0,0.0,0.0,0.0,AKBL.KA,
2025-01-28 00:00:00+05:00,35.52988622310478,35.52988622310478,34.21720564828585,35.01356506347656,438687.0,0.0,0.0,0.0,AKBL.KA,
2025-01-29 00:00:00+05:00,35.43362952626551,35.608650950731544,34.35722840354523,34.43598937988281,371102.0,0.0,0.0,0.0,AKBL.KA,
2025-01-30 00:00:00+05:00,35.004816622997595,35.442376830785065,34.4359870175461,35.284854888916016,435479.0,0.0,0.0,0.0,AKBL.KA,
2025-01-31 00:00:00+05:00,35.66115565477052,38.80283796745976,35.27610388753237,38.18150329589844,2795006.0,0.0,0.0,0.0,AKBL.KA,
2025-02-03 00:00:00+05:00,37.63017580373638,38.50529617126513,36.86006894558168,37.28887939453125,706945.0,0.0,0.0,0.0,AKBL.KA,
2025-02-04 00:00:00+05:00,37.19261767599134,38.058988356598526,36.56252990827703,37.35013961791992,1676813.0,0.0,0.0,0.0,AKBL.KA,
2025-02-06 00:00:00+05:00,37.63018008931088,37.63018008931088,35.01356842354234,35.827430725097656,886181.0,0.0,0.0,0.0,AKBL.KA,
2025-02-07 00:00:00+05:00,36.09871631715356,36.09871631715356,35.013565557789505,35.87993621826172,372501.0,0.0,0.0,0.0,AKBL.KA,
2025-02-10 00:00:00+05:00,36.098717915884535,36.53627813304677,35.0135671084616,36.10746765136719,165334.0,0.0,0.0,0.0,AKBL.KA,
2025-02-11 00:00:00+05:00,36.74630819427779,36.74630819427779,35.70491274974554,35.98495101928711,253751.0,0.0,0.0,0.0,AKBL.KA,
2025-02-12 00:00:00+05:00,36.66754792016392,38.50529951629566,35.529888672890436,37.358890533447266,1320038.0,0.0,0.0,0.0,AKBL.KA,
2025-02-13 00:00:00+05:00,37.63892897664032,37.84020961727867,36.73755598401289,36.90382766723633,269970.0,0.0,0.0,0.0,AKBL.KA,
2025-02-14 00:00:00+05:00,36.66754656296726,37.53391390055761,36.3262467984262,37.32388687133789,97433.0,0.0,0.0,0.0,AKBL.KA,
2025-02-17 00:00:00+05:00,37.358890737547796,37.84895939040942,36.41376238927416,37.55141830444336,270522.0,0.0,0.0,0.0,AKBL.KA,
2025-02-18 00:00:00+05:00,37.63017671939005,39.37166776200838,37.201366260006246,38.20775604248047,580531.0,0.0,0.0,0.0,AKBL.KA,
2025-02-19 00:00:00+05:00,38.505298412211474,38.925355812473626,37.72644177391376,38.47904586791992,259916.0,0.0,0.0,0.0,AKBL.KA,
2025-02-20 00:00:00+05:00,37.85770544293611,38.85534546116608,37.85770544293611,38.51404571533203,325424.0,0.0,0.0,0.0,AKBL.KA,
2025-02-21 00:00:00+05:00,38.51405177297803,39.3629197270523,37.63893127214097,38.286521911621094,416562.0,0.0,0.0,0.0,AKBL.KA,
2025-02-24 00:00:00+05:00,37.63892771741347,38.286518295733295,34.46224300298036,35.38111877441406,2638382.0,0.0,0.0,0.0,AKBL.KA,
2025-02-25 00:00:00+05:00,36.492524432702574,36.492524432702574,34.91730824719937,35.63490676879883,962504.0,0.0,0.0,0.0,AKBL.KA,
2025-02-26 00:00:00+05:00,35.87993834518005,35.87993834518005,35.44237812145834,35.55614471435547,77276.0,0.0,0.0,0.0,AKBL.KA,
2025-02-27 00:00:00+05:00,35.66115929681713,35.66115929681713,34.917308229634706,34.9873161315918,285602.0,0.0,0.0,0.0,AKBL.KA,
2025-02-28 00:00:00+05:00,35.00481532850494,35.79242500872404,34.91730462551141,35.01356506347656,474161.0,0.0,0.0,0.0,AKBL.KA,
2025-03-03 00:00:00+05:00,35.836185055586064,35.836185055586064,34.19095758485424,35.13608932495117,401652.0,0.0,0.0,0.0,AKBL.KA,
2025-03-04 00:00:00+05:00,35.13608932495117,35.13608932495117,35.13608932495117,35.13608932495117,0.0,0.0,0.0,0.0,AKBL.KA,
2025-03-05 00:00:00+05:00,35.652409379242954,35.652409379242954,35.01356849909212,35.442378997802734,494254.0,0.0,0.0,0.0,AKBL.KA,
2025-03-06 00:00:00+05:00,35.60865017934662,35.60865017934662,34.847296316789475,35.293609619140625,209238.0,0.0,0.0,0.0,AKBL.KA,
2025-03-07 00:00:00+05:00,35.661160694690466,36.04621251634721,35.10983384001847,35.6699104309082,159563.0,0.0,0.0,0.0,AKBL.KA,
2025-03-10 00:00:00+05:00,36.09871653301962,36.65004332025335,35.62615071539071,36.07246398925781,318454.0,0.0,0.0,0.0,AKBL.KA,
2025-03-11 00:00:00+05:00,36.142474306422564,37.83145706017063,35.96744954687444,37.38514709472656,354321.0,0.0,0.0,0.0,AKBL.KA,
2025-03-12 00:00:00+05:00,37.41139783452722,37.41139783452722,36.09871720875434,36.965087890625,529097.0,0.0,0.0,0.0,AKBL.KA,
2025-03-13 00:00:00+05:00,37.33263839244114,37.84020985758806,36.84256973695303,37.57767105102539,1121985.0,0.0,0.0,0.0,AKBL.KA,
2025-03-14 00:00:00+05:00,39.03599666430977,39.03599666430977,36.69327086815243,36.843807220458984,521572.0,3.0,0.0,0.0,AKBL.KA,
2025-03-17 00:00:00+05:00,37.60590031079482,37.60590031079482,36.59918776070117,36.69327163696289,2286544.0,0.0,0.0,0.0,AKBL.KA,
2025-03-18 00:00:00+05:00,37.304822517314044,37.304822517314044,36.64622470600256,37.00374984741211,2341000.0,0.0,0.0,0.0,AKBL.KA,
2025-03-19 00:00:00+05:00,37.1448784795367,37.624715551325885,36.22284290890741,36.40160369873047,218820.0,0.0,0.0,0.0,AKBL.KA,
2025-03-20 00:00:00+05:00,37.050795587598984,37.15429000146651,36.4768746300207,36.636817932128906,122552.0,0.0,0.0,0.0,AKBL.KA,
2025-03-21 00:00:00+05:00,36.25106938691042,36.90966728548714,36.25106938691042,36.49569320678711,21094.0,0.0,0.0,0.0,AKBL.KA,
2025-03-24 00:00:00+05:00,37.389501709025204,37.389501709025204,35.75241582621326,36.18520736694336,292415.0,0.0,0.0,0.0,AKBL.KA,
2025-03-25 00:00:00+05:00,36.61799908491546,37.06961170855056,35.77123349100617,36.74972152709961,398888.0,0.0,0.0,0.0,AKBL.KA,
2025-03-26 00:00:00+05:00,37.16369819641113,37.540040879597655,36.22284507751465,36.69327163696289,93210.0,0.0,0.0,0.0,AKBL.KA,
2025-03-27 00:00:00+05:00,36.92848231503089,38.01046476116281,36.3169263952051,36.74972152709961,1047686.0,0.0,0.0,0.0,AKBL.KA,
2025-03-28 00:00:00+05:00,36.74972152709961,36.74972152709961,36.74972152709961,36.74972152709961,0.0,0.0,0.0,0.0,AKBL.KA,
2025-03-31 00:00:00+05:00,36.74972152709961,36.74972152709961,36.74972152709961,36.74972152709961,0.0,0.0,0.0,0.0,AKBL.KA,
2025-04-03 00:00:00+05:00,36.74031025870172,37.13547039928512,36.45805506632472,36.721492767333984,173349.0,0.0,0.0,0.0,AKBL.KA,
2025-04-04 00:00:00+05:00,36.97552413114983,37.16369545888213,36.13816549126412,36.37337875366211,724805.0,0.0,0.0,0.0,AKBL.KA,
2025-04-07 00:00:00+05:00,36.58977446473397,38.10454844635887,33.97420413963431,36.18520736694336,1700304.0,0.0,0.0,0.0,AKBL.KA,
2025-04-08 00:00:00+05:00,36.19461887266429,37.16369638950869,36.128759444669214,36.4204216003418,2022824.0,0.0,0.0,0.0,AKBL.KA,
2025-04-09 00:00:00+05:00,37.069611373108664,37.069611373108664,35.855910084844915,35.98762893676758,230595.0,0.0,0.0,0.0,AKBL.KA,
2025-04-10 00:00:00+05:00,35.84650184443601,36.693271074081174,35.28199141738575,35.5360221862793,1401135.0,0.0,0.0,0.0,AKBL.KA,
2025-04-11 00:00:00+05:00,36.11934755332372,36.11934755332372,34.79274491335224,34.84919738769531,2171830.0,0.0,0.0,0.0,AKBL.KA,
2025-04-14 00:00:00+05:00,34.77392859298514,35.3196250961371,34.5763503097348,34.71747970581055,1222558.0,0.0,0.0,0.0,AKBL.KA,
2025-04-15 00:00:00+05:00,35.17849754128838,35.281991958618164,33.68254093868018,33.87071228027344,1414458.0,0.0,0.0,0.0,AKBL.KA,
2025-04-16 00:00:00+05:00,34.237637878194576,34.312907836072675,33.54140871316783,33.73898696899414,400859.0,0.0,0.0,0.0,AKBL.KA,
2025-04-17 00:00:00+05:00,33.494367940308386,35.02795945319103,33.400284068700465,33.974205017089844,1581006.0,0.0,0.0,0.0,AKBL.KA,
2025-04-18 00:00:00+05:00,34.66102615403286,35.08441074005283,34.20000658501789,34.858604431152344,345284.0,0.0,0.0,0.0,AKBL.KA,
2025-04-21 00:00:00+05:00,34.99973064801254,34.99973064801254,34.33172591125901,34.69865798950195,162684.0,0.0,0.0,0.0,AKBL.KA,
2025-04-22 00:00:00+05:00,34.86801778419095,35.09382052223711,33.17447930349564,33.861305236816406,810925.0,0.0,0.0,0.0,AKBL.KA,
2025-04-23 00:00:00+05:00,33.861302249397156,34.22823435815189,32.92985616719173,32.967491149902344,817665.0,0.0,0.0,0.0,AKBL.KA,
2025-04-24 00:00:00+05:00,32.976900642315414,33.72958240918344,31.86669369028391,32.722869873046875,735653.0,0.0,0.0,0.0,AKBL.KA,
2025-04-25 00:00:00+05:00,32.45943110399349,33.202705894997884,31.33040669560587,32.478248596191406,973340.0,0.0,0.0,0.0,AKBL.KA,
2025-04-28 00:00:00+05:00,33.16507177983283,33.21211371702574,31.800834066820084,31.8666934967041,342582.0,0.0,0.0,0.0,AKBL.KA,
2025-04-29 00:00:00+05:00,32.87340408506122,35.056182861328125,31.989003515234476,35.056182861328125,4307200.0,0.0,0.0,0.0,AKBL.KA,
2025-04-30 00:00:00+05:00,35.978221598190764,37.44595003417897,35.19731185724258,36.721492767333984,2577905.0,0.0,0.0,0.0,AKBL.KA,
2025-05-02 00:00:00+05:00,38.057506098289096,40.1744254334206,37.398908253989845,39.534645080566406,3452001.0,0.0,0.0,0.0,AKBL.KA,
2025-05-05 00:00:00+05:00,39.28061424715946,39.28061424715946,38.20804236053006,38.59379196166992,621004.0,0.0,0.0,0.0,AKBL.KA,
2025-05-06 00:00:00+05:00,38.57497621137453,38.99836081443526,37.63412313304833,37.92578887939453,870372.0,0.0,0.0,0.0,AKBL.KA,
2025-05-07 00:00:00+05:00,36.693270533691376,37.38950339993158,34.81156435247644,36.26047897338867,1885827.0,0.0,0.0,0.0,AKBL.KA,
2025-05-08 00:00:00+05:00,36.54273509374999,38.56557072461227,32.63819323476273,35.366668701171875,906263.0,0.0,0.0,0.0,AKBL.KA,
2025-05-09 00:00:00+05:00,35.761821842269356,37.53062653130101,34.820968818816056,36.702674865722656,693981.0,0.0,0.0,0.0,AKBL.KA,
2025-05-12 00:00:00+05:00,39.98625584394999,40.372005462646484,39.05480971686497,40.372005462646484,3881654.0,0.0,0.0,0.0,AKBL.KA,
2025-05-13 00:00:00+05:00,41.16232025047852,42.38542847725027,39.28061418188522,41.40694046020508,3050634.0,0.0,0.0,0.0,AKBL.KA,
2025-05-14 00:00:00+05:00,41.82091828982987,42.338386743323255,40.691893925527346,41.040008544921875,1789312.0,0.0,0.0,0.0,AKBL.KA,
2025-05-15 00:00:00+05:00,40.691895993980616,41.99968121005624,40.691895993980616,40.9553337097168,352002.0,0.0,0.0,0.0,AKBL.KA,
2025-05-16 00:00:00+05:00,41.38812636257056,43.15692747457043,40.50372221750114,42.705318450927734,2611769.0,0.0,0.0,0.0,AKBL.KA,
2025-05-19 00:00:00+05:00,42.85585763269065,43.9378401243686,42.45129051591157,43.2227897644043,1452404.0,0.0,0.0,0.0,AKBL.KA,
2025-05-20 00:00:00+05:00,43.74026184560853,44.21068839181651,42.90289957853977,43.589725494384766,99919.0,0.0,0.0,0.0,AKBL.KA,
2025-05-21 00:00:00+05:00,44.17305064599552,44.925732355072896,43.37332341398184,44.5870246887207,880810.0,0.0,0.0,0.0,AKBL.KA,
2025-05-22 00:00:00+05:00,44.69051928131074,46.09239188637823,44.51175849625052,45.15153884887695,1000655.0,0.0,0.0,0.0,AKBL.KA,
2025-05-23 00:00:00+05:00,44.69051937262217,45.63137241204579,44.455306112766266,45.160945892333984,252683.0,0.0,0.0,0.0,AKBL.KA,
2025-05-26 00:00:00+05:00,45.15154097387631,45.160947925503464,44.6905213846128,44.888099670410156,112666.0,0.0,0.0,0.0,AKBL.KA,
2025-05-27 00:00:00+05:00,45.16094674650559,45.16094674650559,44.45530695359144,45.01981735229492,679908.0,0.0,0.0,0.0,AKBL.KA,
2025-05-28 00:00:00+05:00,45.01981735229492,45.01981735229492,45.01981735229492,45.01981735229492,0.0,0.0,0.0,0.0,AKBL.KA,
2025-05-29 00:00:00+05:00,45.01982196447606,45.83836679224468,43.75907859507962,44.29536819458008,1616727.0,0.0,0.0,0.0,AKBL.KA,
2025-05-30 00:00:00+05:00,44.041337716370265,46.760402774809556,43.28865231703387,45.640785217285156,1950000.0,0.0,0.0,0.0,AKBL.KA,
2025-06-02 00:00:00+05:00,46.101798418582575,47.51307796200857,44.79401328259227,45.132720947265625,1489091.0,0.0,0.0,0.0,AKBL.KA,
2025-06-03 00:00:00+05:00,45.26443992769135,46.007714684083986,44.22009248829122,44.57761764526367,1019500.0,0.0,0.0,0.0,AKBL.KA,
2025-06-04 00:00:00+05:00,45.1421299253823,48.8302758307939,44.69052088189571,47.48485565185547,6892900.0,0.0,0.0,0.0,AKBL.KA,
2025-06-05 00:00:00+05:00,47.52248792750319,47.9552830759659,46.195885216097885,46.59104537963867,830891.0,0.0,0.0,0.0,AKBL.KA,
2025-06-06 00:00:00+05:00,46.59104537963867,46.59104537963867,46.59104537963867,46.59104537963867,0.0,0.0,0.0,0.0,AKBL.KA,
2025-06-09 00:00:00+05:00,46.59104537963867,46.59104537963867,46.59104537963867,46.59104537963867,0.0,0.0,0.0,0.0,AKBL.KA,
2025-06-10 00:00:00+05:00,46.57222635965096,46.92034098608664,45.92303904185421,46.139434814453125,1298496.0,0.0,0.0,0.0,AKBL.KA,
2025-06-11 00:00:00+05:00,46.00771697468758,47.27786719504603,46.00771697468758,46.56282043457031,2442810.0,0.0,0.0,0.0,AKBL.KA,
2025-06-12 00:00:00+05:00,46.46873318910019,47.04265414390701,44.31417876793253,45.076271057128906,3156674.0,0.0,0.0,0.0,AKBL.KA,
2025-06-13 00:00:00+05:00,45.076270951589386,45.8665876829194,44.22950174335377,44.699928283691406,309472.0,0.0,0.0,0.0,AKBL.KA,
2025-06-16 00:00:00+05:00,44.699928283691406,44.699928283691406,44.699928283691406,44.699928283691406,0.0,0.0,0.0,0.0,AKBL.KA,
2025-06-17 00:00:00+05:00,44.92573275287935,45.81954386054111,44.45530623190679,45.537288665771484,210125.0,0.0,0.0,0.0,AKBL.KA,
2025-06-18 00:00:00+05:00,46.94856916839149,46.94856916839149,45.17976440919156,45.58433151245117,640745.0,0.0,0.0,0.0,AKBL.KA,
2025-06-19 00:00:00+05:00,45.584329338481204,46.19588164537874,45.462017441473925,46.045345306396484,750327.0,0.0,0.0,0.0,AKBL.KA,
2025-06-20 00:00:00+05:00,45.17035286169165,46.57222547018685,45.17035286169165,45.91362762451172,533286.0,0.0,0.0,0.0,AKBL.KA,
2025-06-23 00:00:00+05:00,45.640780758383784,46.09239338949307,43.89079706638124,44.662296295166016,383637.0,0.0,0.0,0.0,AKBL.KA,
2025-06-24 00:00:00+05:00,45.06686096161165,47.2778641165071,45.06686096161165,46.233516693115234,4871861.0,0.0,0.0,0.0,AKBL.KA,
2025-06-25 00:00:00+05:00,46.666309674499054,47.74829211368828,46.19588315121149,46.67572021484375,3997329.0,0.0,0.0,0.0,AKBL.KA,
2025-06-26 00:00:00+05:00,46.854482129821704,46.854482129821704,45.16094732302229,45.6031494140625,1562675.0,0.0,0.0,0.0,AKBL.KA,
2025-06-27 00:00:00+05:00,45.86658747161415,46.854482483958066,45.63137420252895,46.18647766113281,2460707.0,0.0,0.0,0.0,AKBL.KA,
2025-06-30 00:00:00+05:00,46.66631129728243,46.94857009232592,46.092393933732495,46.384056091308594,3214328.0,0.0,0.0,0.0,AKBL.KA,
2025-07-01 00:00:00+05:00,46.66631427292529,48.8585038102137,46.43110098810395,48.22813034057617,6600327.0,0.0,0.0,0.0,AKBL.KA,
2025-07-02 00:00:00+05:00,48.45393246368871,51.72810067326515,47.98350593491504,50.83428955078125,12548129.0,0.0,0.0,0.0,AKBL.KA,
2025-07-03 00:00:00+05:00,51.75632349650529,55.510328657808685,51.75632349650529,55.058719635009766,25155456.0,0.0,0.0,0.0,AKBL.KA,
2025-07-04 00:00:00+05:00,55.13398563261266,56.168926109860884,53.65684667575975,55.79258346557617,8619231.0,0.0,0.0,0.0,AKBL.KA,
2025-07-07 00:00:00+05:00,56.451180722107274,57.86246024015996,55.275114457063374,55.57618713378906,15455642.0,0.0,0.0,0.0,AKBL.KA,
2025-07-08 00:00:00+05:00,55.74554562155356,60.543894948287246,55.03990580355921,59.00089645385742,24884798.0,0.0,0.0,0.0,AKBL.KA,
2025-07-09 00:00:00+05:00,59.27374291604219,60.73206803364494,58.05063465304889,58.72804641723633,8580771.0,0.0,0.0,0.0,AKBL.KA,
2025-07-10 00:00:00+05:00,59.27374143334042,60.67561045101193,58.52105972025476,60.14873504638672,6485552.0,0.0,0.0,0.0,AKBL.KA,
2025-07-11 00:00:00+05:00,60.20519072603704,60.67561368132463,57.39203841158976,58.050636291503906,4748774.0,0.0,0.0,0.0,AKBL.KA,
2025-07-14 00:00:00+05:00,58.33289256232661,63.02774755060899,58.09767928586562,62.23743438720703,19938829.0,0.0,0.0,0.0,AKBL.KA,
2025-07-15 00:00:00+05:00,62.5667258671462,63.50757888770479,60.694430366113494,62.14334487915039,14120743.0,0.0,0.0,0.0,AKBL.KA,
2025-07-16 00:00:00+05:00,62.94306952892545,62.94306952892545,59.97938103060874,62.19979476928711,6037522.0,0.0,0.0,0.0,AKBL.KA,
2025-07-17 00:00:00+05:00,62.75489508947732,63.507580395044585,60.73206678977604,62.40678405761719,7714544.0,0.0,0.0,0.0,AKBL.KA,
2025-07-18 00:00:00+05:00,62.943074324070245,64.21322458350059,60.685025430561,63.554630279541016,19960215.0,0.0,0.0,0.0,AKBL.KA,
2025-07-21 00:00:00+05:00,63.50758120670688,65.29520344667165,62.84898693952262,64.12854766845703,12818237.0,0.0,0.0,0.0,AKBL.KA,
2025-07-22 00:00:00+05:00,64.12855211942572,64.92827583598134,62.80194577441421,64.35435485839844,13266624.0,0.0,0.0,0.0,AKBL.KA,
2025-07-23 00:00:00+05:00,64.89063929981974,67.1769126144602,64.68365046981403,66.71589660644531,19289476.0,0.0,0.0,0.0,AKBL.KA,
2025-07-24 00:00:00+05:00,66.80056199224646,67.50620173160117,65.48336637648993,66.1419677734375,7606600.0,0.0,0.0,0.0,AKBL.KA,
2025-07-25 00:00:00+05:00,66.33955048738173,67.08282525738454,65.62450016034349,66.54653930664062,5510892.0,0.0,0.0,0.0,AKBL.KA,
2025-07-28 00:00:00+05:00,67.26158040241603,67.27099094249665,64.91885839205972,65.34223937988281,10057846.0,0.0,0.0,0.0,AKBL.KA,
2025-07-29 00:00:00+05:00,65.38928810626857,66.41481450300392,64.52370500804692,64.93767547607422,10621090.0,0.0,0.0,0.0,AKBL.KA,
2025-07-30 00:00:00+05:00,64.54251799546837,66.31132632898851,64.54251799546837,65.43633270263672,4574997.0,0.0,0.0,0.0,AKBL.KA,
2025-07-31 00:00:00+05:00,66.23605990219862,66.89465420319564,65.35165568816873,65.42692565917969,2790471.0,0.0,0.0,0.0,AKBL.KA,
2025-08-01 00:00:00+05:00,65.42691788856548,65.85970940326746,64.90944587199863,65.05057525634766,2553602.0,0.0,0.0,0.0,AKBL.KA,
2025-08-04 00:00:00+05:00,65.36106374554541,65.37047428609908,63.42290872356466,63.98741912841797,2849485.0,0.0,0.0,0.0,AKBL.KA,
2025-08-05 00:00:00+05:00,64.82478068029761,64.82478068029761,63.131242211938655,63.7522087097168,1323593.0,0.0,0.0,0.0,AKBL.KA,
2025-08-06 00:00:00+05:00,63.968599633670706,67.17691211880853,63.18769702369197,66.8946533203125,15211843.0,0.0,0.0,0.0,AKBL.KA,
2025-08-07 00:00:00+05:00,66.89465500903648,71.03441014869428,66.89465500903648,68.67286682128906,23114622.0,0.0,0.0,0.0,AKBL.KA,
2025-08-08 00:00:00+05:00,68.68227670915451,69.62312981475937,67.17691317581465,67.50621032714844,4644184.0,0.0,0.0,0.0,AKBL.KA,
2025-08-11 00:00:00+05:00,67.50620588783464,69.98064680872207,67.0357793659682,68.7857666015625,7332811.0,0.0,0.0,0.0,AKBL.KA,
2025-08-12 00:00:00+05:00,68.91747764616754,69.81128506520383,68.11775408521851,68.40941619873047,4613952.0,0.0,0.0,0.0,AKBL.KA,
2025-08-13 00:00:00+05:00,68.44706041470326,69.48199734960701,67.94840943922213,68.66345977783203,5119516.0,0.0,0.0,0.0,AKBL.KA,
2025-08-15 00:00:00+05:00,69.14328792949107,69.15269846977405,67.55325117234102,68.0330810546875,1113396.0,0.0,0.0,0.0,AKBL.KA,
2025-08-18 00:00:00+05:00,68.0142697154507,69.37850380419508,67.55325371815725,68.52233123779297,5321182.0,0.0,0.0,0.0,AKBL.KA,
2025-08-19 00:00:00+05:00,69.38791556334313,69.44436445188157,67.8166926218148,69.33146667480469,4025276.0,0.0,0.0,0.0,AKBL.KA,
2025-08-20 00:00:00+05:00,69.613718902668,71.96585165413939,69.33146727937513,69.9430160522461,13567083.0,0.0,0.0,0.0,AKBL.KA,
2025-08-21 00:00:00+05:00,70.46048931473898,70.92150533190762,65.859718149677,69.60431671142578,16059950.0,0.0,0.0,0.0,AKBL.KA,
2025-08-22 00:00:00+05:00,70.09355487555355,73.85696721786515,70.09355487555355,73.07605743408203,8825009.0,0.0,0.0,0.0,AKBL.KA,
2025-08-25 00:00:00+05:00,73.51825894868878,73.51825894868878,72.02230600001246,72.2857437133789,2535106.0,0.0,0.0,0.0,AKBL.KA,
2025-08-26 00:00:00+05:00,72.48332300281453,73.1983733619601,71.97526147222212,72.34219360351562,2666196.0,0.0,0.0,0.0,AKBL.KA,
2025-08-27 00:00:00+05:00,72.44568690653956,72.80320849155856,71.64596322696538,71.9094009399414,2055783.0,0.0,0.0,0.0,AKBL.KA,
2025-08-28 00:00:00+05:00,71.98466888056323,72.34219045550857,70.56397876488461,70.88386535644531,3810527.0,0.0,0.0,0.0,AKBL.KA,
2025-08-29 00:00:00+05:00,71.76339800957811,72.48828081775567,70.55525999594884,71.57009887695312,2543870.0,2.0,0.0,0.0,AKBL.KA,
2025-09-01 00:00:00+05:00,73.43545801783257,76.78924266429556,71.47343585653998,75.90005493164062,7554169.0,0.0,0.0,0.0,AKBL.KA,
2025-09-02 00:00:00+05:00,75.90006012823048,76.7409268263554,73.50311847836517,75.9290542602539,1700631.0,0.0,0.0,0.0,AKBL.KA,
2025-09-03 00:00:00+05:00,75.77441395445449,77.22417949934626,75.77441395445449,77.06953430175781,4388793.0,0.0,0.0,0.0,AKBL.KA,
2025-09-04 00:00:00+05:00,77.32082797273593,80.65528572950464,76.93422235809449,80.41365814208984,6098603.0,0.0,0.0,0.0,AKBL.KA,
2025-09-05 00:00:00+05:00,80.4136544407705,82.82993020370097,77.4271411372549,81.94074249267578,7979547.0,0.0,0.0,0.0,AKBL.KA,
2025-09-08 00:00:00+05:00,82.15337648704133,83.40984284169265,81.69911546076142,82.21136474609375,2750004.0,0.0,0.0,0.0,AKBL.KA,
2025-09-09 00:00:00+05:00,82.82993347673188,83.58381773862227,80.2203584992048,80.60696411132812,1478522.0,0.0,0.0,0.0,AKBL.KA,
2025-09-10 00:00:00+05:00,80.8485939595648,83.60314704045518,80.22036074402058,82.5206527709961,7829038.0,0.0,0.0,0.0,AKBL.KA,
2025-09-11 00:00:00+05:00,83.5741480288867,83.60314215848366,81.18686637355638,81.28351593017578,2040884.0,0.0,0.0,0.0,AKBL.KA,
2025-09-12 00:00:00+05:00,80.70361421699897,81.98907475210484,79.5631317091565,81.34151458740234,2113723.0,0.0,0.0,0.0,AKBL.KA,
2025-09-15 00:00:00+05:00,81.67012153054183,81.96007757428852,80.26868452483943,81.28351593017578,612877.0,0.0,0.0,0.0,AKBL.KA,
2025-09-16 00:00:00+05:00,81.2835182382964,82.05672946098457,79.25384799610082,79.77576446533203,1700987.0,0.0,0.0,0.0,AKBL.KA,
2025-09-17 00:00:00+05:00,79.84341768476894,80.45231652841095,77.2918310439522,78.2293472290039,1538103.0,0.0,0.0,0.0,AKBL.KA,
2025-09-18 00:00:00+05:00,79.00255662694003,81.28352172030411,78.52896860404762,80.93557739257812,3498549.0,0.0,0.0,0.0,AKBL.KA,
2025-09-19 00:00:00+05:00,81.19653298067203,81.67012096655857,78.28733489102065,79.90140533447266,858701.0,0.0,0.0,0.0,AKBL.KA,
2025-09-22 00:00:00+05:00,80.93556956958753,80.94523673717025,77.63010614957598,78.16168975830078,597915.0,0.0,0.0,0.0,AKBL.KA,
2025-09-23 00:00:00+05:00,78.16168975830078,78.16168975830078,78.16168975830078,78.16168975830078,0.0,0.0,0.0,0.0,AKBL.KA,
2025-09-24 00:00:00+05:00,79.15719586643492,80.21068856490382,78.52896269013613,79.43748474121094,1971467.0,0.0,0.0,0.0,AKBL.KA,
2025-09-25 00:00:00+05:00,80.40399858539472,80.60696487455628,79.15719934578328,79.48580932617188,2136970.0,0.0,0.0,0.0,AKBL.KA,
2025-09-26 00:00:00+05:00,79.65011745008846,81.08054856628455,79.25384468718609,80.09471130371094,1190246.0,0.0,0.0,0.0,AKBL.KA,
2025-09-29 00:00:00+05:00,80.0947137028235,81.42849530364231,79.88208025039835,80.7132797241211,1963782.0,0.0,0.0,0.0,AKBL.KA,
2025-09-30 00:00:00+05:00,80.9935672603176,83.65147062373761,80.94523879506366,81.28351593017578,5209914.0,0.0,0.0,0.0,AKBL.KA,
2025-10-01 00:00:00+05:00,82.04705976285291,82.92658768588653,80.5103119068559,82.21136474609375,2826978.0,0.0,0.0,0.0,AKBL.KA,
2025-10-02 00:00:00+05:00,82.15337961064255,88.19406928789567,80.36533694095337,87.63349151611328,10221411.0,0.0,0.0,0.0,AKBL.KA,
2025-10-03 00:00:00+05:00,89.34421460494254,89.34421460494254,84.93692261710949,86.01941680908203,2768766.0,0.0,0.0,0.0,AKBL.KA,
2025-10-06 00:00:00+05:00,86.0194222495069,86.9762654435485,83.40984722070664,84.6566390991211,1547353.0,0.0,0.0,0.0,AKBL.KA,
2025-10-07 00:00:00+05:00,84.6566390991211,84.6566390991211,84.6566390991211,84.6566390991211,0.0,0.0,0.0,0.0,AKBL.KA,
2025-10-08 00:00:00+05:00,88.04909706928429,90.36872353314828,87.4691922967906,87.74948120117188,4554095.0,0.0,0.0,0.0,AKBL.KA,
2025-10-09 00:00:00+05:00,87.95244494878196,88.43570014080824,82.44333870923805,84.82095336914062,2439566.0,0.0,0.0,0.0,AKBL.KA,
2025-10-10 00:00:00+05:00,84.7629576563175,89.49886000873245,82.79128296362968,87.59483337402344,5389481.0,0.0,0.0,0.0,AKBL.KA,
2025-10-13 00:00:00+05:00,86.98593489664084,87.66248921850352,84.55999175872336,85.37186431884766,1961899.0,0.0,0.0,0.0,AKBL.KA,
2025-10-14 00:00:00+05:00,87.082581275805,91.91513303776851,86.79263259442045,91.42221069335938,10221096.0,0.0,0.0,0.0,AKBL.KA,
2025-10-15 00:00:00+05:00,92.06010863904997,95.66519540296943,91.32555872590261,91.91513061523438,15546347.0,0.0,0.0,0.0,AKBL.KA,
2025-10-16 00:00:00+05:00,92.54336099868627,93.91580385159675,88.43569223373152,90.09809112548828,3394271.0,0.0,0.0,0.0,AKBL.KA,
2025-10-17 00:00:00+05:00,90.11742324745964,92.30173870989042,88.9189524744494,91.23857879638672,5273084.0,0.0,0.0,0.0,AKBL.KA,
2025-10-20 00:00:00+05:00,91.81847918183264,100.3624267578125,90.85196887465546,100.3624267578125,19198514.0,0.0,0.0,0.0,AKBL.KA,
2025-10-21 00:00:00+05:00,101.48358057419382,104.87603376093418,99.55055999182822,100.1981201171875,7813919.0,0.0,0.0,0.0,AKBL.KA,
2025-10-22 00:00:00+05:00,100.49774799485749,102.34377890243539,98.14912758311658,99.95649719238281,1784673.0,0.0,0.0,0.0,AKBL.KA,
2025-10-23 00:00:00+05:00,100.03381684298762,100.50740482905309,96.40940318925618,98.41974639892578,2152947.0,0.0,0.0,0.0,AKBL.KA,
2025-10-24 00:00:00+05:00,97.72385539366536,98.5840489564132,90.46536109698975,92.42737579345703,3780362.0,0.0,0.0,0.0,AKBL.KA,
2025-10-27 00:00:00+05:00,92.44671620126489,96.15811239572103,88.24239766495829,95.31725311279297,1958792.0,0.0,0.0,0.0,AKBL.KA,
2025-10-28 00:00:00+05:00,96.55438701112732,96.65103657292246,91.38355802925375,92.61102294921875,2874232.0,0.0,0.0,0.0,AKBL.KA,
2025-10-29 00:00:00+05:00,92.39838500117281,97.85916977709195,92.39838500117281,93.21991729736328,7554483.0,0.0,0.0,0.0,AKBL.KA,
2025-10-30 00:00:00+05:00,94.23475631956111,94.23475631956111,89.80813727861155,90.53302001953125,1872155.0,0.0,0.0,0.0,AKBL.KA,
2025-10-31 00:00:00+05:00,91.82814491949415,95.68451892038456,90.85196745975908,94.64068603515625,3241365.0,0.0,0.0,0.0,AKBL.KA,
2025-11-03 00:00:00+05:00,94.71801209660008,99.7921913160608,93.75150176908376,98.02347564697266,7639470.0,0.0,0.0,0.0,AKBL.KA,
2025-11-04 00:00:00+05:00,99.06731231932896,99.06731231932896,94.81466524255073,95.48155975341797,2222807.0,0.0,0.0,0.0,AKBL.KA,
2025-11-05 00:00:00+05:00,95.63619645066646,96.43840181314545,93.74183704423008,95.12394714355469,2855439.0,0.0,0.0,0.0,AKBL.KA,
2025-11-06 00:00:00+05:00,97.02309601963906,97.39509188058672,93.97858097593962,96.6511001586914,1616053.0,1.25,0.0,0.0,AKBL.KA,
2025-11-07 00:00:00+05:00,96.65110474613856,97.4048880305788,95.83857976705255,96.61194610595703,870266.0,0.0,0.0,0.0,AKBL.KA,
2025-11-10 00:00:00+05:00,97.25804749036696,98.61877852938377,95.91689950631641,97.38531494140625,1127555.0,0.0,0.0,0.0,AKBL.KA,
2025-11-11 00:00:00+05:00,97.37551590543283,98.77540547769149,94.0568978755236,94.96731567382812,2438062.0,0.0,0.0,0.0,AKBL.KA,
2025-11-12 00:00:00+05:00,94.9771020740915,96.86646346689885,94.2722689759624,95.98542022705078,968114.0,0.0,0.0,0.0,AKBL.KA,
2025-11-13 00:00:00+05:00,96.90562467620019,97.1601521029331,95.93647260541505,96.56299591064453,656769.0,0.0,0.0,0.0,AKBL.KA,
2025-11-14 00:00:00+05:00,96.91541184291955,97.35593345470691,95.44699651196622,96.2105712890625,411140.0,0.0,0.0,0.0,AKBL.KA,
2025-11-17 00:00:00+05:00,97.16014765327168,97.73772076465045,93.97858110543154,94.23310852050781,616469.0,0.0,0.0,0.0,AKBL.KA,
2025-11-18 00:00:00+05:00,95.68194136237645,95.68194136237645,92.99963810205058,93.30310821533203,541318.0,0.0,0.0,0.0,AKBL.KA,
2025-11-19 00:00:00+05:00,93.97858289212205,94.89879223960637,91.54101548960672,93.76321411132812,1578621.0,0.0,0.0,0.0,AKBL.KA,
2025-11-20 00:00:00+05:00,93.97858324511913,95.44699860832411,92.8821637518439,93.27374267578125,271855.0,0.0,0.0,0.0,AKBL.KA,
2025-11-21 00:00:00+05:00,94.38973877468246,94.95752784709214,92.26543298544777,93.92963409423828,542241.0,0.0,0.0,0.0,AKBL.KA,
2025-11-24 00:00:00+05:00,93.92963333128293,93.92963333128293,92.02069634148489,92.88216400146484,385815.0,0.0,0.0,0.0,AKBL.KA,
2025-11-25 00:00:00+05:00,92.51016707088476,92.9996388543286,91.24732897335006,92.42206573486328,233241.0,0.0,0.0,0.0,AKBL.KA,
2025-11-26 00:00:00+05:00,92.98984750289243,92.99963902982886,89.86702259737541,92.17733001708984,1786708.0,0.0,0.0,0.0,AKBL.KA,
2025-11-27 00:00:00+05:00,92.02069679641299,95.15331327432406,92.02069679641299,94.51700592041016,2455631.0,0.0,0.0,0.0,AKBL.KA,
2025-11-28 00:00:00+05:00,93.978583406973,96.37699218350642,93.48911161839501,95.20226287841797,1102043.0,0.0,0.0,0.0,AKBL.KA,
2025-12-01 00:00:00+05:00,95.20226123491574,95.93646890510789,93.19542394889187,95.37847137451172,124912.0,0.0,0.0,0.0,AKBL.KA,
2025-12-02 00:00:00+05:00,95.56447193609418,97.4048831193492,93.99815628279583,94.86942291259766,1128932.0,0.0,0.0,0.0,AKBL.KA,
2025-12-03 00:00:00+05:00,95.92667601455135,96.083310566964,92.37311363008799,92.89195251464844,586128.0,0.0,0.0,0.0,AKBL.KA,
2025-12-04 00:00:00+05:00,93.95900927304153,93.95900927304153,92.36332643763123,93.29332733154297,192659.0,0.0,0.0,0.0,AKBL.KA,
2025-12-05 00:00:00+05:00,93.9785825985639,95.46657353679261,91.77595956891005,92.17733001708984,1599544.0,0.0,0.0,0.0,AKBL.KA,
2025-12-08 00:00:00+05:00,92.90175057613109,92.98985191650041,92.20670150558948,92.3339614868164,243812.0,0.0,0.0,0.0,AKBL.KA,
2025-12-09 00:00:00+05:00,92.9017469370029,93.97858337779073,92.46121784617144,93.22480010986328,365599.0,0.0,0.0,0.0,AKBL.KA,
2025-12-10 00:00:00+05:00,93.97858814042591,93.97858814042591,92.51996422824558,92.84300994873047,411825.0,0.0,0.0,0.0,AKBL.KA,
2025-12-11 00:00:00+05:00,92.99963731230608,93.97858086296193,91.97174359661881,92.2556381225586,377775.0,0.0,0.0,0.0,AKBL.KA,
2025-12-12 00:00:00+05:00,92.98006656314828,93.68489968252958,91.72701247939419,92.02069854736328,1036792.0,0.0,0.0,0.0,AKBL.KA,
2025-12-15 00:00:00+05:00,92.98006804567218,93.11711955457713,91.72701394193872,92.08922576904297,2180145.0,0.0,0.0,0.0,AKBL.KA,
2025-12-16 00:00:00+05:00,92.02069637011041,95.44699889452943,91.72701030909008,92.93111419677734,2533568.0,0.0,0.0,0.0,AKBL.KA,
2025-12-17 00:00:00+05:00,93.73384822884613,98.38383025586461,93.09753340508371,96.2007827758789,6036595.0,0.0,0.0,0.0,AKBL.KA,
2025-12-18 00:00:00+05:00,96.66088780394432,99.85224599260413,96.21057464963906,97.93351745605469,3996061.0,0.0,0.0,0.0,AKBL.KA,
2025-12-19 00:00:00+05:00,98.0509916572584,98.87330067190751,95.93646995888056,96.08331298828125,1127618.0,0.0,0.0,0.0,AKBL.KA,
2025-12-22 00:00:00+05:00,96.08331456134206,96.91541511657337,95.10437097430597,96.05394744873047,457058.0,0.0,0.0,0.0,AKBL.KA,
2025-12-23 00:00:00+05:00,96.75878208693747,97.16015254896449,95.00647961094467,95.92668151855469,694392.0,0.0,0.0,0.0,AKBL.KA,
2025-12-24 00:00:00+05:00,95.11416049144604,96.81752020564386,94.08626675928114,94.49742126464844,571044.0,0.0,0.0,0.0,AKBL.KA,
2025-12-26 00:00:00+05:00,94.49742185824762,96.91541367731755,94.17436868682401,95.78962707519531,1982572.0,0.0,0.0,0.0,AKBL.KA,
2025-12-29 00:00:00+05:00,96.04415344496918,101.75139620271909,95.93646905567226,99.3823471069336,9832848.0,0.0,0.0,0.0,AKBL.KA,
2025-12-30 00:00:00+05:00,99.38234583484527,100.88013573896346,98.44256092380319,99.11803436279297,2462874.0,0.0,0.0,0.0,AKBL.KA,
2025-12-31 00:00:00+05:00,98.87330349149508,99.82287997745252,96.91541629364369,98.44256591796875,1618855.0,0.0,0.0,0.0,AKBL.KA,
2026-01-01 00:00:00+05:00,98.44256591796875,98.44256591796875,98.44256591796875,98.44256591796875,0.0,0.0,0.0,0.0,AKBL.KA,
2026-01-02 00:00:00+05:00,99.26488119066056,101.07592533240711,98.47193180664152,100.20466613769531,3079032.0,0.0,0.0,0.0,AKBL.KA,
2026-01-05 00:00:00+05:00,100.82140046263976,105.91191172396587,100.39067035230423,104.88401794433594,7237681.0,0.0,0.0,0.0,AKBL.KA,
2026-01-06 00:00:00+05:00,105.5301227630324,109.64168288367131,102.8380278707994,108.9662094116211,6684350.0,0.0,0.0,0.0,AKBL.KA,
2026-01-07 00:00:00+05:00,109.15221093166932,109.93536879580786,107.8795812696309,109.25989532470703,5206938.0,0.0,0.0,0.0,AKBL.KA,
2026-01-08 00:00:00+05:00,109.25989077939627,112.46103291824231,106.55800447614082,109.10325622558594,9461842.0,0.0,0.0,0.0,AKBL.KA,
2026-01-09 00:00:00+05:00,108.95642297064181,110.32693800172166,105.8335905739382,108.1438980102539,3245564.0,0.0,0.0,0.0,AKBL.KA,
2026-01-12 00:00:00+05:00,108.18305886307672,110.32694025913021,106.76358616791897,109.25989532470703,4675225.0,0.0,0.0,0.0,AKBL.KA,
2026-01-13 00:00:00+05:00,109.2598936027608,114.33082164783495,108.17326563104871,113.7336654663086,14654392.0,0.0,0.0,0.0,AKBL.KA,
2026-01-14 00:00:00+05:00,114.04692592954905,118.73606652710801,114.04692592954905,117.42427825927734,8135815.0,0.0,0.0,0.0,AKBL.KA,
2026-01-15 00:00:00+05:00,117.9137481790429,119.22553642612169,114.88881617994319,115.91670989990234,2131622.0,0.0,0.0,0.0,AKBL.KA,
2026-01-16 00:00:00+05:00,116.37681164503687,124.8153081052968,116.37681164503687,122.0057373046875,7718555.0,0.0,0.0,0.0,AKBL.KA,
2026-01-19 00:00:00+05:00,122.3777361211864,124.8055119594406,120.42963306574647,121.8980484008789,2019835.0,0.0,0.0,0.0,AKBL.KA,
2026-01-20 00:00:00+05:00,123.32731366011201,125.20688351325353,121.41836922626015,122.65184020996094,1925337.0,0.0,0.0,0.0,AKBL.KA,
2026-01-21 00:00:00+05:00,123.19025739513052,123.23920756197609,120.60584692311707,120.95826721191406,1723080.0,0.0,0.0,0.0,AKBL.KA,
2026-01-22 00:00:00+05:00,120.95826798685746,124.22794347192263,120.95826798685746,122.0546875,1263200.0,0.0,0.0,0.0,AKBL.KA,
2026-01-23 00:00:00+05:00,122.46584454402743,122.80847331497205,117.47323360937827,118.77523040771484,1677109.0,0.0,0.0,0.0,AKBL.KA,
2026-01-26 00:00:00+05:00,118.96121901902401,123.10215359519441,118.96121901902401,120.08700561523438,1350875.0,0.0,0.0,0.0,AKBL.KA,
2026-01-27 00:00:00+05:00,122.16237081128537,123.4741516295736,117.57112300978292,119.32343292236328,4559297.0,0.0,0.0,0.0,AKBL.KA,
2026-01-28 00:00:00+05:00,120.41985114880684,120.41985114880684,117.59070481698099,119.05912017822266,1078463.0,0.0,0.0,0.0,AKBL.KA,
2026-01-29 00:00:00+05:00,119.05912460373534,119.82269942496414,113.06798701842567,115.21187591552734,1829626.0,0.0,0.0,0.0,AKBL.KA,
2026-01-30 00:00:00+05:00,117.37534121270292,117.4732340806874,112.12820282626578,114.03713989257812,4755318.0,0.0,0.0,0.0,AKBL.KA,
2026-02-02 00:00:00+05:00,114.53639632741282,116.00481166494376,112.48061634861884,112.91134643554688,1133659.0,0.0,0.0,0.0,AKBL.KA,
2026-02-03 00:00:00+05:00,113.90008341206922,117.47322895314336,112.33377518644333,116.69007110595703,4495924.0,0.0,0.0,0.0,AKBL.KA,
2026-02-04 00:00:00+05:00,116.49428744022303,119.85206425930875,116.24955154223937,118.0997543334961,1881889.0,0.0,0.0,0.0,AKBL.KA,
2026-02-06 00:00:00+05:00,119.43111815886715,119.43111815886715,114.09587857287553,116.0243911743164,613769.0,0.0,0.0,0.0,AKBL.KA,
2026-02-09 00:00:00+05:00,117.35575205749618,118.44238001375743,104.42390844091715,105.31475067138672,8364268.0,0.0,0.0,0.0,AKBL.KA,
2026-02-10 00:00:00+05:00,104.98191086776384,106.67548660290375,99.65646269681926,100.88014221191406,5271140.0,0.0,0.0,0.0,AKBL.KA,
2026-02-11 00:00:00+05:00,101.41855222570047,104.41412462473313,100.83118757821747,102.74991607666016,3388864.0,0.0,0.0,0.0,AKBL.KA,
2026-02-12 00:00:00+05:00,103.17086573484262,105.71611760919352,96.92520823571465,98.05099487304688,3956288.0,0.0,0.0,0.0,AKBL.KA,
2026-02-13 00:00:00+05:00,99.31382091477303,100.63540069231412,96.04415301792235,97.84540557861328,3595019.0,0.0,0.0,0.0,AKBL.KA,
2026-02-16 00:00:00+05:00,97.86499132515468,98.57961595925157,88.10492259391785,90.02365112304688,6094859.0,0.0,0.0,0.0,AKBL.KA,
2026-02-17 00:00:00+05:00,90.55228233480452,93.29332738216763,86.92040250173388,91.12007141113281,6690828.0,0.0,0.0,0.0,AKBL.KA,
2026-02-18 00:00:00+05:00,92.88216346462815,99.74455999870158,92.02069580962727,97.96288299560547,1987362.0,0.0,0.0,0.0,AKBL.KA,
2026-02-19 00:00:00+05:00,97.96288407738342,98.7754090439827,88.59439428440156,90.12154388427734,1308833.0,0.0,0.0,0.0,AKBL.KA,
2026-02-20 00:00:00+05:00,89.57333617349055,96.91541290902255,88.10492082638415,92.61785125732422,1278375.0,0.0,0.0,0.0,AKBL.KA,
2026-02-23 00:00:00+05:00,92.020698422057,93.91985139651123,87.03787908186116,88.06576538085938,3046143.0,0.0,0.0,0.0,AKBL.KA,
2026-02-24 00:00:00+05:00,87.81123857782562,90.55228366546832,85.27577822019107,89.21112823486328,1509815.0,0.0,0.0,0.0,AKBL.KA,
2026-02-25 00:00:00+05:00,90.57185490323499,91.48227271296865,87.61544863768673,88.95660400390625,1677480.0,0.0,0.0,0.0,AKBL.KA,
2026-02-26 00:00:00+05:00,88.95660705996274,97.2874116659472,86.63650805383985,94.97710418701172,2336163.0,0.0,0.0,0.0,AKBL.KA,
2026-02-27 00:00:00+05:00,94.84005408303258,102.78907887115048,91.4333345086585,99.29425048828125,2958753.0,0.0,0.0,0.0,AKBL.KA,
2026-03-02 00:00:00+05:00,89.36775970458984,90.78722489840447,89.36775970458984,89.36775970458984,2712888.0,0.0,0.0,0.0,AKBL.KA,
2026-03-03 00:00:00+05:00,86.14703854708999,89.08386940664988,81.25232044782352,85.71630096435547,3331580.0,0.0,0.0,0.0,AKBL.KA,
2026-03-04 00:00:00+05:00,85.75545570021568,87.37071409316643,79.29442959715945,80.62579345703125,1651015.0,0.0,0.0,0.0,AKBL.KA,
2026-03-05 00:00:00+05:00,81.25231907882404,85.37367075271717,81.2425275515413,83.6703109741211,2022757.0,0.0,0.0,0.0,AKBL.KA,
2026-03-06 00:00:00+05:00,83.24936199711496,84.03251237100207,80.89010441102192,81.36000061035156,1048023.0,0.0,0.0,0.0,AKBL.KA,
2026-03-09 00:00:00+05:00,73.22000122070312,75.0,73.22000122070312,73.22000122070312,597440.0,1.75,0.0,0.0,AKBL.KA,
2026-03-10 00:00:00+05:00,80.54000091552734,80.54000091552734,74.9000015258789,76.41999816894531,9211427.0,0.0,0.0,0.0,AKBL.KA,
2026-03-11 00:00:00+05:00,78.91000366210938,83.0,77.11000061035156,82.30999755859375,2567427.0,0.0,0.0,0.0,AKBL.KA,
2026-03-12 00:00:00+05:00,83.19999694824219,83.19999694824219,80.11000061035156,80.73999786376953,332621.0,0.0,0.0,0.0,AKBL.KA,
2026-03-13 00:00:00+05:00,80.73999786376953,82.0,78.0999984741211,80.2699966430664,1569669.0,0.0,0.0,0.0,AKBL.KA,
2026-03-16 00:00:00+05:00,80.25,81.0,77.0,79.22000122070312,1356532.0,0.0,0.0,0.0,AKBL.KA,
2026-03-17 00:00:00+05:00,79.22000122070312,83.0,77.11000061035156,79.19000244140625,942220.0,0.0,0.0,0.0,AKBL.KA,
2026-03-18 00:00:00+05:00,80.0,86.44000244140625,79.5,83.77999877929688,662040.0,0.0,0.0,0.0,AKBL.KA,
2026-03-19 00:00:00+05:00,82.5999984741211,84.88999938964844,81.0,82.63999938964844,1206588.0,0.0,0.0,0.0,AKBL.KA,
2026-03-20 00:00:00+05:00,82.63999938964844,82.63999938964844,82.63999938964844,82.63999938964844,0.0,0.0,0.0,0.0,AKBL.KA,
2026-03-23 00:00:00+05:00,82.63999938964844,82.63999938964844,82.63999938964844,82.63999938964844,0.0,0.0,0.0,0.0,AKBL.KA,
2026-03-24 00:00:00+05:00,84.87999725341797,86.5,81.0,81.88999938964844,1517956.0,0.0,0.0,0.0,AKBL.KA,
2026-03-25 00:00:00+05:00,82.5,85.0,82.0,84.12999725341797,345218.0,0.0,0.0,0.0,AKBL.KA,
2026-03-26 00:00:00+05:00,82.98999786376953,84.30000305175781,80.5,81.02999877929688,879824.0,0.0,0.0,0.0,AKBL.KA,
2026-03-27 00:00:00+05:00,82.0,83.0,74.0,80.30000305175781,3426765.0,0.0,0.0,0.0,AKBL.KA,
2021-03-29 00:00:00+05:00,4.27799379992672,4.293702453497638,4.168033224930296,4.183741569519043,6485118.0,0.0,0.0,0.0,BOP.KA,
2021-03-30 00:00:00+05:00,4.173269271850586,4.262284557599985,4.147088287278283,4.173269271850586,2901937.0,0.0,0.0,0.0,BOP.KA,
2021-03-31 00:00:00+05:00,4.257048267793634,4.257048267793634,4.194213966163389,4.215158939361572,1473862.0,0.0,0.0,0.0,BOP.KA,
2021-04-01 00:00:00+05:00,4.241340068227465,4.241340068227465,4.1627968022933635,4.168033123016357,1771481.0,0.0,0.0,0.0,BOP.KA,
2021-04-02 00:00:00+05:00,4.188977173438437,4.188977173438437,4.141851529773276,4.157559871673584,1345162.0,0.0,0.0,0.0,BOP.KA,
2021-04-05 00:00:00+05:00,4.199450303503638,4.199450303503638,4.089489734492168,4.099961757659912,2437256.0,0.0,0.0,0.0,BOP.KA,
2021-04-06 00:00:00+05:00,4.110434522009907,4.188977787944009,4.110434522009907,4.168033123016357,3270093.0,0.0,0.0,0.0,BOP.KA,
2021-04-07 00:00:00+05:00,4.204686202705928,4.204686202705928,4.115670911796432,4.147088527679443,1163868.0,0.0,0.0,0.0,BOP.KA,
2021-04-08 00:00:00+05:00,4.147088527679443,4.173269513769423,4.126142935453821,4.147088527679443,1077862.0,0.0,0.0,0.0,BOP.KA,
2021-04-09 00:00:00+05:00,4.157560531306816,4.1889778380562985,4.0790172644331095,4.094725608825684,3918543.0,0.0,0.0,0.0,BOP.KA,
2021-04-12 00:00:00+05:00,4.136615452855147,4.178504779026565,4.058072193828398,4.073780536651611,4134487.0,0.0,0.0,0.0,BOP.KA,
2021-04-13 00:00:00+05:00,4.099961347691311,4.115670307818599,4.063308343322799,4.07901668548584,2970618.0,0.0,0.0,0.0,BOP.KA,
2021-04-14 00:00:00+05:00,4.079017466948775,4.136616071503935,4.079017466948775,4.084253787994385,895950.0,0.0,0.0,0.0,BOP.KA,
2021-04-15 00:00:00+05:00,4.105198044071392,4.1156706851163145,4.05283607477539,4.0633087158203125,1584000.0,0.0,0.0,0.0,BOP.KA,
2021-04-16 00:00:00+05:00,4.1051984943679765,4.1104348154648065,4.058072840425253,4.068544864654541,2103131.0,0.0,0.0,0.0,BOP.KA,
2021-04-19 00:00:00+05:00,4.10519763304055,4.115670273036905,4.031890697976677,4.0371270179748535,6548850.0,0.0,0.0,0.0,BOP.KA,
2021-04-20 00:00:00+05:00,4.073780365443411,4.094725027648882,4.037127052092775,4.07901668548584,3229256.0,0.0,0.0,0.0,BOP.KA,
2021-04-21 00:00:00+05:00,4.089489925706452,4.178505216615949,4.073780963273863,4.147088527679443,7372406.0,0.0,0.0,0.0,BOP.KA,
2021-04-22 00:00:00+05:00,4.162796259280626,4.283229766306665,4.162796259280626,4.188977241516113,10036743.0,0.0,0.0,0.0,BOP.KA,
2021-04-23 00:00:00+05:00,4.152324199676514,4.188977827115903,4.120906584026917,4.152324199676514,3117262.0,0.0,0.0,0.0,BOP.KA,
2021-04-26 00:00:00+05:00,4.152323618489574,4.183740920759629,4.110433985123543,4.13661527633667,2611743.0,0.0,0.0,0.0,BOP.KA,
2021-04-27 00:00:00+05:00,4.1627970587676195,4.173269700858839,4.073781145903165,4.084253787994385,5227818.0,0.0,0.0,0.0,BOP.KA,
2021-04-28 00:00:00+05:00,4.157560737722009,4.1627970587676195,4.073781145903165,4.084253787994385,1967006.0,0.0,0.0,0.0,BOP.KA,
2021-04-29 00:00:00+05:00,4.084253827945029,4.1051984943679765,4.058072840425253,4.068544864654541,2172431.0,0.0,0.0,0.0,BOP.KA,
2021-04-30 00:00:00+05:00,4.063308962034129,4.099961971983716,3.995237718063856,4.031891345977783,9151312.0,0.0,0.0,0.0,BOP.KA,
2021-05-03 00:00:00+05:00,4.010945861311724,4.094725445632065,3.9847648763913095,4.042363166809082,2097562.0,0.0,0.0,0.0,BOP.KA,
2021-05-04 00:00:00+05:00,3.995237483903777,4.084253388051515,3.995237483903777,4.005710124969482,2528831.0,0.0,0.0,0.0,BOP.KA,
2021-05-05 00:00:00+05:00,4.058071988985441,4.073780331015731,4.000473395951857,4.0371270179748535,1762200.0,0.0,0.0,0.0,BOP.KA,
2021-05-06 00:00:00+05:00,4.063308962034129,4.073780985749293,4.016182383458526,4.031891345977783,2142731.0,0.0,0.0,0.0,BOP.KA,
2021-05-07 00:00:00+05:00,4.031891345977783,4.031891345977783,4.031891345977783,4.031891345977783,0.0,0.0,0.0,0.0,BOP.KA,
2021-05-10 00:00:00+05:00,4.031891345977783,4.031891345977783,4.031891345977783,4.031891345977783,0.0,0.0,0.0,0.0,BOP.KA,
2021-05-11 00:00:00+05:00,4.031891345977783,4.031891345977783,4.031891345977783,4.031891345977783,0.0,0.0,0.0,0.0,BOP.KA,
2021-05-12 00:00:00+05:00,4.031891345977783,4.031891345977783,4.031891345977783,4.031891345977783,0.0,0.0,0.0,0.0,BOP.KA,
2021-05-13 00:00:00+05:00,4.031891345977783,4.031891345977783,4.031891345977783,4.031891345977783,0.0,0.0,0.0,0.0,BOP.KA,
2021-05-14 00:00:00+05:00,4.031891345977783,4.031891345977783,4.031891345977783,4.031891345977783,0.0,0.0,0.0,0.0,BOP.KA,
2021-05-17 00:00:00+05:00,4.042363369692948,4.084253627428798,4.005710359743361,4.031891345977783,2663718.0,0.0,0.0,0.0,BOP.KA,
2021-05-18 00:00:00+05:00,4.06854387510898,4.073780194932239,4.0057095821404225,4.026654243469238,7111293.0,0.0,0.0,0.0,BOP.KA,
2021-05-19 00:00:00+05:00,4.031891385310445,4.042363409127768,4.010946101747105,4.0161824226379395,2755293.0,0.0,0.0,0.0,BOP.KA,
2021-05-20 00:00:00+05:00,4.068544704599769,4.068544704599769,4.010946101747105,4.0161824226379395,2577093.0,0.0,0.0,0.0,BOP.KA,
2021-05-21 00:00:00+05:00,4.031891067739122,4.204685935740431,4.021418426782327,4.120906352996826,13339631.0,0.0,0.0,0.0,BOP.KA,
2021-05-24 00:00:00+05:00,4.141852137365712,4.199450429389999,4.136615816642717,4.168033123016357,3994650.0,0.0,0.0,0.0,BOP.KA,
2021-05-25 00:00:00+05:00,4.204685958965908,4.2203952294700215,4.157560310328623,4.173269271850586,6517912.0,0.0,0.0,0.0,BOP.KA,
2021-05-26 00:00:00+05:00,4.188977546765984,4.21515883989142,4.1680328830442095,4.1942138671875,6520387.0,0.0,0.0,0.0,BOP.KA,
2021-05-27 00:00:00+05:00,4.230867110895598,4.288465707601611,4.1942137955177445,4.220395088195801,11117700.0,0.0,0.0,0.0,BOP.KA,
2021-05-28 00:00:00+05:00,4.267521043621816,4.272757364332226,4.204686122043385,4.2256317138671875,3549150.0,0.0,0.0,0.0,BOP.KA,
2021-05-31 00:00:00+05:00,4.262284169418907,4.387953996256513,4.241339507261428,4.3617730140686035,10917843.0,0.0,0.0,0.0,BOP.KA,
2021-06-01 00:00:00+05:00,4.393190109318982,4.4141353914002,4.356536792623304,4.382718086242676,6551943.0,0.0,0.0,0.0,BOP.KA,
2021-06-02 00:00:00+05:00,4.382717877706952,4.560749059140524,4.377481557435799,4.503150463104248,16406156.0,0.0,0.0,0.0,BOP.KA,
2021-06-03 00:00:00+05:00,4.503150537368424,4.555513431961369,4.41413525416577,4.424607276916504,5668987.0,0.0,0.0,0.0,BOP.KA,
2021-06-04 00:00:00+05:00,4.4507882917110715,4.529331547256922,4.346063744995188,4.3617730140686035,8434800.0,0.0,0.0,0.0,BOP.KA,
2021-06-07 00:00:00+05:00,4.42460700054104,4.42460700054104,4.346063744995188,4.3617730140686035,2424881.0,0.0,0.0,0.0,BOP.KA,
2021-06-08 00:00:00+05:00,4.361773603479616,4.419371895669183,4.3094113230459055,4.319883346557617,2888325.0,0.0,0.0,0.0,BOP.KA,
2021-06-09 00:00:00+05:00,4.319883313676516,4.340827978504847,4.277993675037692,4.283230304718018,5712300.0,0.0,0.0,0.0,BOP.KA,
2021-06-10 00:00:00+05:00,4.319882937387463,4.319882937387463,4.262284341671349,4.298938274383545,1461487.0,0.0,0.0,0.0,BOP.KA,
2021-06-11 00:00:00+05:00,4.298938618036354,4.398426547713272,4.267521003054714,4.288465976715088,6953512.0,0.0,0.0,0.0,BOP.KA,
2021-06-14 00:00:00+05:00,4.3460640837023155,4.503150607036433,4.3041747561227455,4.40366268157959,13772756.0,0.0,0.0,0.0,BOP.KA,
2021-06-15 00:00:00+05:00,4.42460700054104,4.42460700054104,4.346063744995188,4.3617730140686035,1830881.0,0.0,0.0,0.0,BOP.KA,
2021-06-16 00:00:00+05:00,4.398426532745361,4.440316788905715,4.377481868138422,4.398426532745361,10465537.0,0.0,0.0,0.0,BOP.KA,
2021-06-17 00:00:00+05:00,4.387954345322495,4.4088990091461415,4.340827770281775,4.34606409072876,2813456.0,0.0,0.0,0.0,BOP.KA,
2021-06-18 00:00:00+05:00,4.356536903856534,4.372245556836377,4.314646956588845,4.340827941894531,1588331.0,0.0,0.0,0.0,BOP.KA,
2021-06-21 00:00:00+05:00,4.44555310954853,4.450788812227026,4.382718188781236,4.398426532745361,4188318.0,0.0,0.0,0.0,BOP.KA,
2021-06-22 00:00:00+05:00,4.424607517995114,4.424607517995114,4.3460642532636955,4.398426532745361,3457575.0,0.0,0.0,0.0,BOP.KA,
2021-06-23 00:00:00+05:00,4.398426586337078,4.550277414971614,4.346064306217415,4.487442493438721,40228650.0,0.0,0.0,0.0,BOP.KA,
2021-06-24 00:00:00+05:00,4.508386851554756,4.602639381932329,4.461261204330253,4.482205867767334,6584737.0,0.0,0.0,0.0,BOP.KA,
2021-06-25 00:00:00+05:00,4.482205592191433,4.550276825614272,4.382717674526679,4.471733570098877,6165843.0,0.0,0.0,0.0,BOP.KA,
2021-06-28 00:00:00+05:00,4.398426437899692,4.445553013686645,4.314646854332045,4.325119495391846,4808306.0,0.0,0.0,0.0,BOP.KA,
2021-06-29 00:00:00+05:00,4.367009369860847,4.382718332303717,4.325119730293035,4.3513007164001465,1910081.0,0.0,0.0,0.0,BOP.KA,
2021-06-30 00:00:00+05:00,4.377481868138422,4.424607517995114,4.3460642532636955,4.398426532745361,2473762.0,0.0,0.0,0.0,BOP.KA,
2021-07-01 00:00:00+05:00,4.419371296761239,4.57645780779203,4.372245034469879,4.471733570098877,6610725.0,0.0,0.0,0.0,BOP.KA,
2021-07-02 00:00:00+05:00,4.456025428277628,4.607876265128769,4.4403170832721335,4.461261749267578,3237918.0,0.0,0.0,0.0,BOP.KA,
2021-07-05 00:00:00+05:00,4.487442158195,4.487442158195,4.367008953815205,4.387954235076904,4673418.0,0.0,0.0,0.0,BOP.KA,
2021-07-06 00:00:00+05:00,4.382718332303717,4.419371960039408,4.325119730293035,4.3513007164001465,2074050.0,0.0,0.0,0.0,BOP.KA,
2021-07-07 00:00:00+05:00,4.34606409072876,4.382718024875509,4.3198831064581285,4.34606409072876,2083331.0,0.0,0.0,0.0,BOP.KA,
2021-07-08 00:00:00+05:00,4.387954874481944,4.461261824669354,4.346064614836511,4.435080528259277,3453862.0,0.0,0.0,0.0,BOP.KA,
2021-07-09 00:00:00+05:00,4.450788638579825,4.482205943246649,4.387954338228324,4.40366268157959,1470768.0,0.0,0.0,0.0,BOP.KA,
2021-07-12 00:00:00+05:00,4.44555310954853,4.44555310954853,4.38795450942405,4.398426532745361,1389712.0,0.0,0.0,0.0,BOP.KA,
2021-07-13 00:00:00+05:00,4.403662688699156,4.445552943292891,4.335592067799084,4.34606409072876,1545018.0,0.0,0.0,0.0,BOP.KA,
2021-07-14 00:00:00+05:00,4.393189496093246,4.393189496093246,4.330355203531107,4.372244834899902,1448493.0,0.0,0.0,0.0,BOP.KA,
2021-07-15 00:00:00+05:00,4.346064332283391,4.361773603479616,4.293702360831844,4.319883346557617,3487893.0,0.0,0.0,0.0,BOP.KA,
2021-07-16 00:00:00+05:00,4.3722450361652205,4.39842601835313,4.319882762807279,4.3617730140686035,2020837.0,0.0,0.0,0.0,BOP.KA,
2021-07-19 00:00:00+05:00,4.387954549861677,4.387954549861677,4.314646987133181,4.335592269897461,1239975.0,0.0,0.0,0.0,BOP.KA,
2021-07-20 00:00:00+05:00,4.335592269897461,4.335592269897461,4.335592269897461,4.335592269897461,0.0,0.0,0.0,0.0,BOP.KA,
2021-07-21 00:00:00+05:00,4.335592269897461,4.335592269897461,4.335592269897461,4.335592269897461,0.0,0.0,0.0,0.0,BOP.KA,
2021-07-22 00:00:00+05:00,4.335592269897461,4.335592269897461,4.335592269897461,4.335592269897461,0.0,0.0,0.0,0.0,BOP.KA,
2021-07-23 00:00:00+05:00,4.335592269897461,4.335592269897461,4.335592269897461,4.335592269897461,0.0,0.0,0.0,0.0,BOP.KA,
2021-07-26 00:00:00+05:00,4.325119257629511,4.3722452128615314,4.2779933023974905,4.298938274383545,1903275.0,0.0,0.0,0.0,BOP.KA,
2021-07-27 00:00:00+05:00,4.319883099474011,4.503150607036433,4.293702115245707,4.40366268157959,13470806.0,0.0,0.0,0.0,BOP.KA,
2021-07-28 00:00:00+05:00,4.440316829825892,4.440316829825892,4.319883307824251,4.335592269897461,2773237.0,0.0,0.0,0.0,BOP.KA,
2021-07-29 00:00:00+05:00,4.346064229035286,4.346064229035286,4.293702258827686,4.304174900054932,1732500.0,0.0,0.0,0.0,BOP.KA,
2021-07-30 00:00:00+05:00,4.298938446000402,4.372245387404856,4.277993473178209,4.293702125549316,3865950.0,0.0,0.0,0.0,BOP.KA,
2021-08-02 00:00:00+05:00,4.34082801154537,4.346064332283391,4.293702360831844,4.319883346557617,912656.0,0.0,0.0,0.0,BOP.KA,
2021-08-03 00:00:00+05:00,4.3460644657955285,4.3827184031055255,4.319883479265469,4.330356121063232,1743637.0,0.0,0.0,0.0,BOP.KA,
2021-08-04 00:00:00+05:00,4.34606354493506,4.387953794268072,4.330355203531107,4.372244834899902,3531206.0,0.0,0.0,0.0,BOP.KA,
2021-08-05 00:00:00+05:00,4.37224527413063,4.41413521868975,4.3198829979228,4.387954235076904,2715075.0,0.0,0.0,0.0,BOP.KA,
2021-08-06 00:00:00+05:00,4.408899144363697,4.408899144363697,4.330355880160792,4.356536865234375,3089418.0,0.0,0.0,0.0,BOP.KA,
2021-08-09 00:00:00+05:00,4.372245348837182,4.387954310051867,4.298938408079369,4.30941104888916,772818.0,0.0,0.0,0.0,BOP.KA,
2021-08-10 00:00:00+05:00,4.319883282714569,4.319883282714569,4.267521003054714,4.288465976715088,2082712.0,0.0,0.0,0.0,BOP.KA,
2021-08-11 00:00:00+05:00,4.29370233217368,4.346064303275739,4.27275735834356,4.277993679046631,1652062.0,0.0,0.0,0.0,BOP.KA,
2021-08-12 00:00:00+05:00,4.28846601147061,4.31988331772471,4.277993679046631,4.277993679046631,852637.0,0.0,0.0,0.0,BOP.KA,
2021-08-13 00:00:00+05:00,4.277993411537946,4.2832300408957265,4.246576107248413,4.2570481300354,1018462.0,0.0,0.0,0.0,BOP.KA,
2021-08-16 00:00:00+05:00,4.2518128020433785,4.277993788262802,4.230867518696368,4.241340160369873,1881618.0,0.0,0.0,0.0,BOP.KA,
2021-08-17 00:00:00+05:00,4.2413400481148695,4.319883313676516,4.2413400481148695,4.283230304718018,827268.0,0.0,0.0,0.0,BOP.KA,
2021-08-18 00:00:00+05:00,4.283230304718018,4.283230304718018,4.283230304718018,4.283230304718018,0.0,0.0,0.0,0.0,BOP.KA,
2021-08-19 00:00:00+05:00,4.283230304718018,4.283230304718018,4.283230304718018,4.283230304718018,0.0,0.0,0.0,0.0,BOP.KA,
2021-08-20 00:00:00+05:00,4.314646442776848,4.3722450361652205,4.272756809479769,4.3617730140686035,4194506.0,0.0,0.0,0.0,BOP.KA,
2021-08-23 00:00:00+05:00,4.377481552458724,4.691655206692254,4.377481552458724,4.560749053955078,27570262.0,0.0,0.0,0.0,BOP.KA,
2021-08-24 00:00:00+05:00,4.592167189537295,4.801616639287394,4.592167189537295,4.655002117156982,28136418.0,0.0,0.0,0.0,BOP.KA,
2021-08-25 00:00:00+05:00,4.607875896841327,4.686419160502073,4.534568335787706,4.581694602966309,7563600.0,0.0,0.0,0.0,BOP.KA,
2021-08-26 00:00:00+05:00,4.529331977087479,4.702127464668649,4.524096274524428,4.644528865814209,8285681.0,0.0,0.0,0.0,BOP.KA,
2021-08-27 00:00:00+05:00,4.628820624261121,4.634056944903935,4.325119588656756,4.398426532745361,22270668.0,0.0,0.0,0.0,BOP.KA,
2021-08-30 00:00:00+05:00,4.4455529361055985,4.471733920333903,4.387954338228324,4.40366268157959,9286200.0,0.0,0.0,0.0,BOP.KA,
2021-08-31 00:00:00+05:00,4.3984262273532195,4.440316480605044,4.351300271786425,4.393189907073975,4116543.0,0.0,0.0,0.0,BOP.KA,
2021-09-01 00:00:00+05:00,4.424607105595974,4.450788397387637,4.356536488494761,4.429843425750732,3314643.0,0.0,0.0,0.0,BOP.KA,
2021-09-02 00:00:00+05:00,4.429843665807894,4.508386927474953,4.387954338228324,4.40366268157959,7966406.0,0.0,0.0,0.0,BOP.KA,
2021-09-03 00:00:00+05:00,4.440316934314399,4.440316934314399,4.340828074771567,4.3513007164001465,4808306.0,0.0,0.0,0.0,BOP.KA,
2021-09-06 00:00:00+05:00,4.351300411175745,4.393190047805186,4.330355747352098,4.34606409072876,923175.0,0.0,0.0,0.0,BOP.KA,
2021-09-07 00:00:00+05:00,4.335592269897461,4.4246075587705205,4.2884660016421545,4.335592269897461,9970537.0,0.0,0.0,0.0,BOP.KA,
2021-09-08 00:00:00+05:00,4.335592481509971,4.372245801189958,4.304175173794451,4.314647197723389,1859343.0,0.0,0.0,0.0,BOP.KA,
2021-09-09 00:00:00+05:00,4.382718024875509,4.398426368252171,4.3198831064581285,4.34606409072876,1918125.0,0.0,0.0,0.0,BOP.KA,
2021-09-10 00:00:00+05:00,4.38271819814438,4.424607527447749,4.319883277242846,4.340827941894531,2870381.0,0.0,0.0,0.0,BOP.KA,
2021-09-13 00:00:00+05:00,4.340827869054316,4.414135430033731,4.33559216645249,4.367009162902832,2890181.0,0.0,0.0,0.0,BOP.KA,
2021-09-14 00:00:00+05:00,4.419371895669183,4.419371895669183,4.314647025819597,4.319883346557617,3173568.0,0.0,0.0,0.0,BOP.KA,
2021-09-15 00:00:00+05:00,4.304174900054932,4.340827908421663,4.293702258827686,4.304174900054932,3343725.0,0.0,0.0,0.0,BOP.KA,
2021-09-16 00:00:00+05:00,4.309410975256229,4.424607241356321,4.293702014309955,4.387954235076904,5209875.0,0.0,0.0,0.0,BOP.KA,
2021-09-17 00:00:00+05:00,4.419371466149144,4.550277000019591,4.419371466149144,4.466497421264648,24031631.0,0.0,0.0,0.0,BOP.KA,
2021-09-20 00:00:00+05:00,4.456024785579805,4.5031504317636575,4.393189869709688,4.408898830413818,5421487.0,0.0,0.0,0.0,BOP.KA,
2021-09-21 00:00:00+05:00,4.408898830413818,4.408898830413818,4.408898830413818,4.408898830413818,0.0,0.0,0.0,0.0,BOP.KA,
2021-09-22 00:00:00+05:00,4.42984398370365,4.461261599607221,4.241340142175241,4.3513007164001465,12798843.0,0.0,0.0,0.0,BOP.KA,
2021-09-23 00:00:00+05:00,4.351300619901175,4.440316835841311,4.262284712943201,4.283230304718018,13799981.0,0.0,0.0,0.0,BOP.KA,
2021-09-24 00:00:00+05:00,4.2570481300354,4.319883047596611,4.2361034664971395,4.2570481300354,3703218.0,0.0,0.0,0.0,BOP.KA,
2021-09-27 00:00:00+05:00,4.293702338191703,4.325119644489837,4.19421409858689,4.2256317138671875,2306700.0,0.0,0.0,0.0,BOP.KA,
2021-09-28 00:00:00+05:00,4.2256317138671875,4.2256317138671875,4.2256317138671875,4.2256317138671875,0.0,0.0,0.0,0.0,BOP.KA,
2021-09-29 00:00:00+05:00,4.29893834826569,4.304174668597729,4.1889774751857045,4.220395088195801,3362906.0,0.0,0.0,0.0,BOP.KA,
2021-09-30 00:00:00+05:00,4.199449645019206,4.293701546535812,4.188977005529289,4.272756576538086,3059100.0,0.0,0.0,0.0,BOP.KA,
2021-10-01 00:00:00+05:00,4.272757323715347,4.319883282714569,4.1942140587166445,4.288465976715088,1124887.0,0.0,0.0,0.0,BOP.KA,
2021-10-04 00:00:00+05:00,4.241339847984908,4.309411086902572,4.241339847984908,4.293702125549316,503043.0,0.0,0.0,0.0,BOP.KA,
2021-10-05 00:00:00+05:00,4.304174425824152,4.3251190880066614,4.230866872256877,4.246575832366943,865012.0,0.0,0.0,0.0,BOP.KA,
2021-10-06 00:00:00+05:00,4.309411164262322,4.309411164262322,4.209922618816488,4.215158939361572,725793.0,0.0,0.0,0.0,BOP.KA,
2021-10-07 00:00:00+05:00,4.241339855158428,4.309411094191224,4.230867214238545,4.236103534698486,2350631.0,0.0,0.0,0.0,BOP.KA,
2021-10-08 00:00:00+05:00,4.188977345473373,4.283229872602976,4.188977345473373,4.204685688018799,1899562.0,0.0,0.0,0.0,BOP.KA,
2021-10-11 00:00:00+05:00,4.199449813348133,4.2413394460405645,4.141851529773276,4.157559871673584,1486856.0,0.0,0.0,0.0,BOP.KA,
2021-10-12 00:00:00+05:00,4.152324248901009,4.524096539491947,4.120906632878967,4.450788974761963,19938600.0,0.0,0.0,0.0,BOP.KA,
2021-10-13 00:00:00+05:00,4.466497494897579,4.555513395349104,4.35130030185107,4.387954235076904,13502981.0,0.0,0.0,0.0,BOP.KA,
2021-10-14 00:00:00+05:00,4.435079911560688,4.513623171905097,4.346064010515597,4.482205867767334,5695593.0,0.0,0.0,0.0,BOP.KA,
2021-10-15 00:00:00+05:00,4.482205592191433,4.555513145642673,4.461260930042076,4.471733570098877,2325262.0,0.0,0.0,0.0,BOP.KA,
2021-10-18 00:00:00+05:00,4.39842621555525,4.581694335015878,4.39842621555525,4.560749053955078,10398093.0,0.0,0.0,0.0,BOP.KA,
2021-10-19 00:00:00+05:00,4.560749053955078,4.560749053955078,4.560749053955078,4.560749053955078,0.0,0.0,0.0,0.0,BOP.KA,
2021-10-20 00:00:00+05:00,4.555513618073444,4.607875896841327,4.513623362484123,4.581694602966309,6345281.0,0.0,0.0,0.0,BOP.KA,
2021-10-21 00:00:00+05:00,4.592166380850445,4.791143153132748,4.539804413861676,4.665473937988281,31641637.0,0.0,0.0,0.0,BOP.KA,
2021-10-22 00:00:00+05:00,4.665473914348392,4.686418886427054,4.550277031388951,4.560749053955078,8533181.0,0.0,0.0,0.0,BOP.KA,
2021-10-25 00:00:00+05:00,4.5293317503281525,4.60787562735974,4.346063939849661,4.560749053955078,12412125.0,0.0,0.0,0.0,BOP.KA,
2021-10-26 00:00:00+05:00,4.42460700054104,4.42460700054104,4.346063744995188,4.3617730140686035,2111793.0,0.0,0.0,0.0,BOP.KA,
2021-10-27 00:00:00+05:00,4.44555286732868,4.450788569721905,4.377481629627494,4.424607276916504,2376000.0,0.0,0.0,0.0,BOP.KA,
2021-10-28 00:00:00+05:00,4.419371464992161,4.602639274159236,4.419371464992161,4.518859386444092,10223606.0,0.0,0.0,0.0,BOP.KA,
2021-10-29 00:00:00+05:00,4.503150154860031,4.6602372803847985,4.487441813086093,4.6131110191345215,14370468.0,0.0,0.0,0.0,BOP.KA,
2021-11-01 00:00:00+05:00,4.681182765904681,4.712600070872161,4.555513546034758,4.607875823974609,8728087.0,0.0,0.0,0.0,BOP.KA,
2021-11-02 00:00:00+05:00,4.58693023303794,4.6916554068819405,4.58693023303794,4.607875823974609,3805312.0,0.0,0.0,0.0,BOP.KA,
2021-11-03 00:00:00+05:00,4.5869300373168045,4.6497649535527925,4.550277031388951,4.560749053955078,2288137.0,0.0,0.0,0.0,BOP.KA,
2021-11-04 00:00:00+05:00,4.60787593556785,4.60787593556785,4.545041015129008,4.565985679626465,4655475.0,0.0,0.0,0.0,BOP.KA,
2021-11-05 00:00:00+05:00,4.613111698543894,4.6654742874187445,4.571222060019038,4.602639675140381,2857387.0,0.0,0.0,0.0,BOP.KA,
2021-11-08 00:00:00+05:00,4.649765186341563,4.670709850486676,4.607875858051337,4.644528865814209,1322887.0,0.0,0.0,0.0,BOP.KA,
2021-11-09 00:00:00+05:00,4.660237866627055,4.660237866627055,4.529332015216272,4.581694602966309,2484900.0,0.0,0.0,0.0,BOP.KA,
2021-11-10 00:00:00+05:00,4.581694701386873,4.634056981279563,4.576458380702955,4.602639675140381,1827787.0,0.0,0.0,0.0,BOP.KA,
2021-11-11 00:00:00+05:00,4.60787559078296,4.623583933489596,4.5083867424624415,4.5240960121154785,2038781.0,0.0,0.0,0.0,BOP.KA,
2021-11-12 00:00:00+05:00,4.503150531204415,4.555513425725684,4.45078856362957,4.482205867767334,1819125.0,0.0,0.0,0.0,BOP.KA,
2021-11-15 00:00:00+05:00,4.497914834975199,4.497914834975199,4.393189972735736,4.424607276916504,1402087.0,0.0,0.0,0.0,BOP.KA,
2021-11-16 00:00:00+05:00,4.45078886645674,4.503150837594241,4.424607571905828,4.487442493438721,1336500.0,0.0,0.0,0.0,BOP.KA,
2021-11-17 00:00:00+05:00,4.529332185185007,4.655001720740259,4.518859852631305,4.57645845413208,4896168.0,0.0,0.0,0.0,BOP.KA,
2021-11-18 00:00:00+05:00,4.613111708415333,4.649765335316865,4.518859789796101,4.545041084289551,2009081.0,0.0,0.0,0.0,BOP.KA,
2021-11-19 00:00:00+05:00,4.555513247397455,4.686418779174477,4.555513247397455,4.597402572631836,4622062.0,0.0,0.0,0.0,BOP.KA,
2021-11-22 00:00:00+05:00,4.655001205765189,4.686418817914948,4.508386712340086,4.529331684112549,5076225.0,0.0,0.0,0.0,BOP.KA,
2021-11-23 00:00:00+05:00,4.581694165602087,4.597402507852579,4.450788326687453,4.456024646759033,2797987.0,0.0,0.0,0.0,BOP.KA,
2021-11-24 00:00:00+05:00,4.4612612104369225,4.503150537368424,4.408898933808262,4.424607276916504,2816550.0,0.0,0.0,0.0,BOP.KA,
2021-11-25 00:00:00+05:00,4.43508012943728,4.445553079634595,4.30417489508721,4.356536865234375,4417256.0,0.0,0.0,0.0,BOP.KA,
2021-11-26 00:00:00+05:00,4.372245483468967,4.42460745320169,4.34606418962045,4.367009162902832,3523781.0,0.0,0.0,0.0,BOP.KA,
2021-11-29 00:00:00+05:00,4.3774821583392605,4.476970094273073,4.340828220391784,4.461261749267578,2234306.0,0.0,0.0,0.0,BOP.KA,
2021-11-30 00:00:00+05:00,4.461261105814515,4.524096021684632,4.393189869709688,4.408898830413818,2001656.0,0.0,0.0,0.0,BOP.KA,
2021-12-01 00:00:00+05:00,4.424607235710622,4.492678472777869,4.408898892748669,4.445552825927734,619987.0,0.0,0.0,0.0,BOP.KA,
2021-12-02 00:00:00+05:00,4.450788893150813,4.461261534626853,4.298938681569864,4.319883346557617,2598750.0,0.0,0.0,0.0,BOP.KA,
2021-12-03 00:00:00+05:00,4.3198831064581285,4.435079993416774,4.3198831064581285,4.34606409072876,5268037.0,0.0,0.0,0.0,BOP.KA,
2021-12-06 00:00:00+05:00,4.382717884479758,4.419371508470201,4.346063951507179,4.393189907073975,664537.0,0.0,0.0,0.0,BOP.KA,
2021-12-07 00:00:00+05:00,4.398426220556138,4.508386783375402,4.372245237164646,4.503150463104248,2297418.0,0.0,0.0,0.0,BOP.KA,
2021-12-08 00:00:00+05:00,4.5136237232383705,4.529332377226043,4.445553404262085,4.461261749267578,1046306.0,0.0,0.0,0.0,BOP.KA,
2021-12-09 00:00:00+05:00,4.4612613752445665,4.503150703723541,4.429843760921029,4.4769697189331055,732600.0,0.0,0.0,0.0,BOP.KA,
2021-12-10 00:00:00+05:00,4.4979147246749855,4.529331719103188,4.450788460577346,4.466497421264648,2885231.0,0.0,0.0,0.0,BOP.KA,
2021-12-13 00:00:00+05:00,4.497914904562207,4.497914904562207,4.387954338228324,4.40366268157959,1067343.0,0.0,0.0,0.0,BOP.KA,
2021-12-14 00:00:00+05:00,4.456024646759033,4.461260966830614,4.408898693061185,4.456024646759033,809943.0,0.0,0.0,0.0,BOP.KA,
2021-12-15 00:00:00+05:00,4.456024543746324,4.555513077895787,4.429843252975796,4.492678165435791,3478612.0,0.0,0.0,0.0,BOP.KA,
2021-12-16 00:00:00+05:00,4.503150947173636,4.503150947173636,4.445553271892267,4.450788974761963,1489950.0,0.0,0.0,0.0,BOP.KA,
2021-12-17 00:00:00+05:00,4.4612613752445665,4.513623344825438,4.4507887341426695,4.4769697189331055,6445518.0,0.0,0.0,0.0,BOP.KA,
2021-12-20 00:00:00+05:00,4.503150291474757,4.508386611546338,4.445552624580123,4.456024646759033,3124687.0,0.0,0.0,0.0,BOP.KA,
2021-12-21 00:00:00+05:00,4.461260966830614,4.492678269295846,4.450788326687453,4.456024646759033,1344543.0,0.0,0.0,0.0,BOP.KA,
2021-12-22 00:00:00+05:00,4.461261616430034,4.471734258098104,4.440316951058232,4.450788974761963,1028362.0,0.0,0.0,0.0,BOP.KA,
2021-12-23 00:00:00+05:00,4.450788397387637,4.47696938019717,4.424607105595974,4.429843425750732,3388275.0,0.0,0.0,0.0,BOP.KA,
2021-12-24 00:00:00+05:00,4.414135861909837,4.45078918251245,4.414135861909837,4.435080528259277,394143.0,0.0,0.0,0.0,BOP.KA,
2021-12-27 00:00:00+05:00,4.492678409258507,4.492678409258507,4.382717847204537,4.408898830413818,965250.0,0.0,0.0,0.0,BOP.KA,
2021-12-28 00:00:00+05:00,4.398426532745361,4.424607517995114,4.38795450942405,4.398426532745361,898425.0,0.0,0.0,0.0,BOP.KA,
2021-12-29 00:00:00+05:00,4.3984263611410706,4.450788638579825,4.387954338228324,4.40366268157959,3020118.0,0.0,0.0,0.0,BOP.KA,
2021-12-30 00:00:00+05:00,4.44555286732868,4.450788569721905,4.382717949985002,4.424607276916504,1593900.0,0.0,0.0,0.0,BOP.KA,
2021-12-31 00:00:00+05:00,4.408899540831385,4.476970169940342,4.3827185534034925,4.435080528259277,4917825.0,0.0,0.0,0.0,BOP.KA,
2022-01-03 00:00:00+05:00,4.4350800555171155,4.450788708095878,4.377481765722371,4.382718086242676,2920500.0,0.0,0.0,0.0,BOP.KA,
2022-01-04 00:00:00+05:00,4.39842669336812,4.4769699609678,4.39842669336812,4.450788974761963,3637631.0,0.0,0.0,0.0,BOP.KA,
2022-01-05 00:00:00+05:00,4.424607105595974,4.450788397387637,4.408898763095958,4.429843425750732,623081.0,0.0,0.0,0.0,BOP.KA,
2022-01-06 00:00:00+05:00,4.4298435972740124,4.450788569721905,4.408898933808262,4.424607276916504,736931.0,0.0,0.0,0.0,BOP.KA,
2022-01-07 00:00:00+05:00,4.424607168413976,4.4874420842167835,4.419371466149144,4.466497421264648,1387856.0,0.0,0.0,0.0,BOP.KA,
2022-01-10 00:00:00+05:00,4.450788455930998,4.545040675045749,4.450788455930998,4.5240960121154785,5919581.0,0.0,0.0,0.0,BOP.KA,
2022-01-11 00:00:00+05:00,4.508386808239854,4.576458045193861,4.508386808239854,4.555513381958008,1561106.0,0.0,0.0,0.0,BOP.KA,
2022-01-12 00:00:00+05:00,4.57645832085735,4.60787593556785,4.539804694513565,4.565985679626465,1583381.0,0.0,0.0,0.0,BOP.KA,
2022-01-13 00:00:00+05:00,4.5555133516541515,4.581694335015878,4.524096048027226,4.560749053955078,2008462.0,0.0,0.0,0.0,BOP.KA,
2022-01-14 00:00:00+05:00,4.576458626262735,4.6026399221049745,4.5555139603675565,4.571222305297852,813656.0,0.0,0.0,0.0,BOP.KA,
2022-01-17 00:00:00+05:00,4.581694302230449,4.581694302230449,4.513623066216362,4.518859386444092,938025.0,0.0,0.0,0.0,BOP.KA,
2022-01-18 00:00:00+05:00,4.508386745988632,4.555513319056068,4.492678403269711,4.518859386444092,1002993.0,0.0,0.0,0.0,BOP.KA,
2022-01-19 00:00:00+05:00,4.503150607036433,4.524096197772658,4.3984263611410706,4.40366268157959,3304743.0,0.0,0.0,0.0,BOP.KA,
2022-01-20 00:00:00+05:00,4.39842612278644,4.450788397387637,4.39842612278644,4.429843425750732,4255143.0,0.0,0.0,0.0,BOP.KA,
2022-01-21 00:00:00+05:00,4.476969448554376,4.476969448554376,4.403662510179108,4.408898830413818,1087762.0,0.0,0.0,0.0,BOP.KA,
2022-01-24 00:00:00+05:00,4.408898830413818,4.42984349338839,4.398426189944398,4.408898830413818,4779843.0,0.0,0.0,0.0,BOP.KA,
2022-01-25 00:00:00+05:00,4.445552763074654,4.445552763074654,4.398426189944398,4.408898830413818,3888843.0,0.0,0.0,0.0,BOP.KA,
2022-01-26 00:00:00+05:00,4.466497669656792,4.466497669656792,4.382718086242676,4.382718086242676,2008462.0,0.0,0.0,0.0,BOP.KA,
2022-01-27 00:00:00+05:00,4.408898898374325,4.408898898374325,4.377481594446055,4.387954235076904,1556156.0,0.0,0.0,0.0,BOP.KA,
2022-01-28 00:00:00+05:00,4.382718086242676,4.419371711920505,4.372245445202067,4.382718086242676,3368475.0,0.0,0.0,0.0,BOP.KA,
2022-01-31 00:00:00+05:00,4.382718188781236,4.424607517995114,4.382718188781236,4.398426532745361,2909362.0,0.0,0.0,0.0,BOP.KA,
2022-02-01 00:00:00+05:00,4.393190212102547,4.424607517995114,4.38795450942405,4.398426532745361,5418393.0,0.0,0.0,0.0,BOP.KA,
2022-02-02 00:00:00+05:00,4.40889933503619,4.4664979372640685,4.39842669336812,4.450788974761963,4667231.0,0.0,0.0,0.0,BOP.KA,
2022-02-03 00:00:00+05:00,4.4769699609678,4.503150947173636,4.440316951058232,4.450788974761963,9249075.0,0.0,0.0,0.0,BOP.KA,
2022-02-04 00:00:00+05:00,4.471733777405875,4.513623103646554,4.450788496321262,4.503150463104248,5214206.0,0.0,0.0,0.0,BOP.KA,
2022-02-07 00:00:00+05:00,4.492678759405222,4.492678759405222,4.38795450942405,4.398426532745361,5003831.0,0.0,0.0,0.0,BOP.KA,
2022-02-08 00:00:00+05:00,4.398426532745361,4.419371815316618,4.38795450942405,4.398426532745361,3200175.0,0.0,0.0,0.0,BOP.KA,
2022-02-09 00:00:00+05:00,4.398426532745361,4.424607517995114,4.3722455474956075,4.398426532745361,4776131.0,0.0,0.0,0.0,BOP.KA,
2022-02-10 00:00:00+05:00,4.3984262930932445,4.4717338511519396,4.393189972735736,4.424607276916504,13024687.0,0.0,0.0,0.0,BOP.KA,
2022-02-11 00:00:00+05:00,4.450788569721905,4.450788569721905,4.403662613450753,4.424607276916504,4330631.0,0.0,0.0,0.0,BOP.KA,
2022-02-14 00:00:00+05:00,4.492678759405222,4.492678759405222,4.382718188781236,4.398426532745361,6608868.0,0.0,0.0,0.0,BOP.KA,
2022-02-15 00:00:00+05:00,4.403662547632465,4.419371508470201,4.387954204759003,4.393189907073975,8165025.0,0.0,0.0,0.0,BOP.KA,
2022-02-16 00:00:00+05:00,4.3984262273532195,4.4246072107851715,4.377481564200513,4.393189907073975,7254843.0,0.0,0.0,0.0,BOP.KA,
2022-02-17 00:00:00+05:00,4.398426123228167,4.398426123228167,4.356536488932281,4.377481460571289,3960618.0,0.0,0.0,0.0,BOP.KA,
2022-02-18 00:00:00+05:00,4.450788716252242,4.4822060214673405,4.293702190176746,4.325119495391846,74623106.0,0.0,0.0,0.0,BOP.KA,
2022-02-21 00:00:00+05:00,4.346064167726585,4.356536808806095,4.251812560886055,4.267520904541016,7819762.0,0.0,0.0,0.0,BOP.KA,
2022-02-22 00:00:00+05:00,4.267520741258076,4.267520741258076,4.084253237164607,4.162796497344971,17834231.0,0.0,0.0,0.0,BOP.KA,
2022-02-23 00:00:00+05:00,4.22039566332278,4.22039566332278,4.068544824857556,4.084253787994385,16865887.0,0.0,0.0,0.0,BOP.KA,
2022-02-24 00:00:00+05:00,4.021418439880698,4.068544397393319,3.958583520881719,3.984764814376831,10521225.0,0.0,0.0,0.0,BOP.KA,
2022-02-25 00:00:00+05:00,3.9847650035166033,4.084253552741745,3.9847650035166033,4.058072566986084,4251431.0,0.0,0.0,0.0,BOP.KA,
2022-02-28 00:00:00+05:00,4.058071955406295,4.1785045335287405,3.995237042894471,4.157559871673584,4051575.0,0.0,0.0,0.0,BOP.KA,
2022-03-01 00:00:00+05:00,4.194213662175616,4.230866976388191,4.141851696448471,4.2099223136901855,5952375.0,0.0,0.0,0.0,BOP.KA,
2022-03-02 00:00:00+05:00,4.188977858237675,4.215159153309823,4.110434590985569,4.147088527679443,2067862.0,0.0,0.0,0.0,BOP.KA,
2022-03-03 00:00:00+05:00,4.199450499859402,4.23610381858894,4.136615886057717,4.147088527679443,3091275.0,0.0,0.0,0.0,BOP.KA,
2022-03-04 00:00:00+05:00,4.1837411607383075,4.188977481077712,4.13661551361223,4.162796497344971,1869243.0,0.0,0.0,0.0,BOP.KA,
2022-03-07 00:00:00+05:00,4.141851599048621,4.141851599048621,4.05807202328037,4.07901668548584,2159437.0,0.0,0.0,0.0,BOP.KA,
2022-03-08 00:00:00+05:00,4.058072193828398,4.1104341605248065,4.047599244321271,4.073780536651611,1272150.0,0.0,0.0,0.0,BOP.KA,
2022-03-09 00:00:00+05:00,4.058072437522071,4.115670727939844,4.031891143619502,4.042363166809082,1764675.0,0.0,0.0,0.0,BOP.KA,
2022-03-10 00:00:00+05:00,4.126143120430533,4.126143120430533,4.06330912177631,4.084253787994385,994950.0,0.0,0.0,0.0,BOP.KA,
2022-03-11 00:00:00+05:00,4.084253627428798,4.105198292823468,4.010946062618773,4.031891345977783,1800562.0,0.0,0.0,0.0,BOP.KA,
2022-03-14 00:00:00+05:00,4.079017038384224,4.0842533588796766,3.958583520881719,3.984764814376831,3846768.0,0.0,0.0,0.0,BOP.KA,
2022-03-15 00:00:00+05:00,4.005709988733768,4.058072265334979,3.9952373480242405,4.0475993156433105,2068481.0,0.0,0.0,0.0,BOP.KA,
2022-03-16 00:00:00+05:00,4.052835836453899,4.126142465564744,4.047599207257219,4.089489459991455,3598031.0,0.0,0.0,0.0,BOP.KA,
2022-03-17 00:00:00+05:00,4.131379302935769,4.178504951312745,4.11043433000433,4.120906352996826,2393325.0,0.0,0.0,0.0,BOP.KA,
2022-03-18 00:00:00+05:00,4.079016514755498,4.110433815730833,4.0057095821404225,4.026654243469238,3826968.0,0.0,0.0,0.0,BOP.KA,
2022-03-21 00:00:00+05:00,4.129415345070253,4.135306089203327,4.023381641692802,4.046944618225098,1851300.0,0.0,1.125,0.0,BOP.KA,
2022-03-22 00:00:00+05:00,4.064617056891617,4.076398544860042,4.029272284004232,4.041053771972656,1600500.0,0.0,1.125,0.0,BOP.KA,
2022-03-23 00:00:00+05:00,4.041053771972656,4.041053771972656,4.041053771972656,4.041053771972656,0.0,0.0,0.0,0.0,BOP.KA,
2022-03-24 00:00:00+05:00,4.082289873710008,4.082289873710008,3.9468024439346965,4.029272556304932,2474450.0,0.0,0.0,0.0,BOP.KA,
2022-03-25 00:00:00+05:00,4.06461763381958,4.0763991234602575,3.9821468973526812,4.06461763381958,2706000.0,0.0,0.0,0.0,BOP.KA,
2022-03-28 00:00:00+05:00,4.046944411663032,4.064616952142342,4.005709513818326,4.052835464477539,414150.0,0.0,0.0,0.0,BOP.KA,
2022-03-29 00:00:00+05:00,4.064617360638456,4.10585226262729,4.052835871789608,4.076398849487305,1172600.0,0.0,0.0,0.0,BOP.KA,
2022-03-30 00:00:00+05:00,4.099961691296847,4.1117434896252405,4.0292727552193774,4.058726787567139,1205050.0,0.0,0.0,0.0,BOP.KA,
2022-03-31 00:00:00+05:00,4.023381673539709,4.2413395171708,4.023381673539709,4.158868789672852,1217150.0,0.0,0.0,0.0,BOP.KA,
2022-04-01 00:00:00+05:00,4.158869027421083,4.217776472585638,4.0646174241399375,4.135306358337402,4984650.0,0.0,0.0,0.0,BOP.KA,
2022-04-04 00:00:00+05:00,4.017491675256871,4.094071048939116,4.005710185616193,4.06461763381958,1731950.0,0.0,0.0,0.0,BOP.KA,
2022-04-05 00:00:00+05:00,4.064617258957802,4.105852159915102,4.058726514680741,4.070508003234863,597300.0,0.0,0.0,0.0,BOP.KA,
2022-04-06 00:00:00+05:00,4.070508003234863,4.1176339574513525,4.064617258957802,4.070508003234863,910800.0,0.0,0.0,0.0,BOP.KA,
2022-04-07 00:00:00+05:00,4.035163539643093,4.082290115456616,3.993928635507178,4.005710124969482,3246100.0,0.0,0.0,0.0,BOP.KA,
2022-04-08 00:00:00+05:00,4.123525394792523,4.223667755351926,4.0763994326553075,4.211886882781982,3454000.0,0.0,0.0,0.0,BOP.KA,
2022-04-11 00:00:00+05:00,4.329701559678329,4.418062425041271,4.306138270870803,4.3473734855651855,8407850.0,0.0,0.0,0.0,BOP.KA,
2022-04-12 00:00:00+05:00,4.3532639915754485,4.3532639915754485,4.211886429365509,4.323810577392578,2231900.0,0.0,0.0,0.0,BOP.KA,
2022-04-13 00:00:00+05:00,4.247230809038893,4.323810802232273,4.211886648385109,4.217776775360107,1574650.0,0.0,0.0,0.0,BOP.KA,
2022-04-14 00:00:00+05:00,4.2825745889312055,4.288465642328922,4.182432242848456,4.223667144775391,1454200.0,0.0,0.0,0.0,BOP.KA,
2022-04-15 00:00:00+05:00,4.241339824034711,4.25901236683456,4.188323122581599,4.1942138671875,1701150.0,0.0,0.0,0.0,BOP.KA,
2022-04-18 00:00:00+05:00,4.182432646343283,4.259012640115935,4.158869357425584,4.2001051902771,825000.0,0.0,0.0,0.0,BOP.KA,
2022-04-19 00:00:00+05:00,4.223667079166055,4.223667079166055,4.152978147277141,4.164759635925293,1535050.0,0.0,0.0,0.0,BOP.KA,
2022-04-20 00:00:00+05:00,4.188323197507412,4.229558410486387,4.123525005683309,4.152978420257568,551100.0,0.0,0.0,0.0,BOP.KA,
2022-04-21 00:00:00+05:00,4.152978218022685,4.1824322491269434,4.064617360638456,4.076398849487305,1117600.0,0.0,0.0,0.0,BOP.KA,
2022-04-22 00:00:00+05:00,4.117634134973899,4.123524879504926,4.0116007334154045,4.035163402557373,2096050.0,0.0,0.0,0.0,BOP.KA,
2022-04-25 00:00:00+05:00,4.070507936185049,4.094070603923039,3.993928261844681,4.011600494384766,1241350.0,0.0,0.0,0.0,BOP.KA,
2022-04-26 00:00:00+05:00,4.052835879355407,4.052835879355407,3.917348448358583,3.952693223953247,2003100.0,0.0,0.0,0.0,BOP.KA,
2022-04-27 00:00:00+05:00,3.958583350424395,4.005709923872038,3.9350209906469833,3.952693223953247,1587850.0,0.0,0.0,0.0,BOP.KA,
2022-04-28 00:00:00+05:00,3.946802651417055,3.9703653212028525,3.893785331224872,3.935021162033081,1734150.0,0.0,0.0,0.0,BOP.KA,
2022-04-29 00:00:00+05:00,3.935021162033081,3.935021162033081,3.935021162033081,3.935021162033081,0.0,0.0,0.0,0.0,BOP.KA,
2022-05-02 00:00:00+05:00,3.935021162033081,3.935021162033081,3.935021162033081,3.935021162033081,0.0,0.0,0.0,0.0,BOP.KA,
2022-05-03 00:00:00+05:00,3.935021162033081,3.935021162033081,3.935021162033081,3.935021162033081,0.0,0.0,0.0,0.0,BOP.KA,
2022-05-04 00:00:00+05:00,3.935021162033081,3.935021162033081,3.935021162033081,3.935021162033081,0.0,0.0,0.0,0.0,BOP.KA,
2022-05-05 00:00:00+05:00,3.935021162033081,3.935021162033081,3.935021162033081,3.935021162033081,0.0,0.0,0.0,0.0,BOP.KA,
2022-05-06 00:00:00+05:00,3.940911911051724,3.9585835271827863,3.899676080198243,3.917348623275757,2485450.0,0.0,0.0,0.0,BOP.KA,
2022-05-09 00:00:00+05:00,3.999819168486678,3.999819168486678,3.6169204722503916,3.6404831409454346,8581650.0,0.0,0.0,0.0,BOP.KA,
2022-05-10 00:00:00+05:00,3.6522646583534235,3.7229535919379146,3.640483169422675,3.6876094341278076,1202300.0,0.0,0.0,0.0,BOP.KA,
2022-05-11 00:00:00+05:00,3.69939076470315,3.7229537435240516,3.5344499129568345,3.5580132007598877,4912050.0,0.0,0.0,0.0,BOP.KA,
2022-05-12 00:00:00+05:00,3.563903945465113,3.6110299031069175,3.528559168251609,3.5580132007598877,2258850.0,0.0,0.0,0.0,BOP.KA,
2022-05-13 00:00:00+05:00,3.5462309301518666,3.611029422262944,3.5403401862310515,3.581575393676758,755150.0,0.0,0.0,0.0,BOP.KA,
2022-05-16 00:00:00+05:00,3.5639040220578275,3.5639040220578275,3.4814332854301204,3.4932150840759277,2131800.0,0.0,0.0,0.0,BOP.KA,
2022-05-17 00:00:00+05:00,3.487323897760471,3.5285591100165066,3.4637609193284504,3.481433153152466,4165700.0,0.0,0.0,0.0,BOP.KA,
2022-05-18 00:00:00+05:00,3.475542504973267,3.5344499526877033,3.475542504973267,3.5285592079162598,2244550.0,0.0,0.0,0.0,BOP.KA,
2022-05-19 00:00:00+05:00,3.528559105933589,3.534449850534778,3.4755424045228893,3.49910569190979,5089150.0,0.0,0.0,0.0,BOP.KA,
2022-05-20 00:00:00+05:00,3.5992482485150643,3.5992482485150643,3.510886765424224,3.534450054168701,1219900.0,0.0,0.0,0.0,BOP.KA,
2022-05-23 00:00:00+05:00,3.4696515278554245,3.5344497160020714,3.4519789857423873,3.487323760986328,1883200.0,0.0,0.0,0.0,BOP.KA,
2022-05-24 00:00:00+05:00,3.5049958580899014,3.5285591457426424,3.4519791560810695,3.469651699066162,888250.0,0.0,0.0,0.0,BOP.KA,
2022-05-25 00:00:00+05:00,3.4519789934985385,3.4637607912610804,3.3577273922374147,3.387180805206299,3458950.0,0.0,0.0,0.0,BOP.KA,
2022-05-26 00:00:00+05:00,3.416635273049304,3.475542724484262,3.387181238349651,3.4401979446411133,1790250.0,0.0,0.0,0.0,BOP.KA,
2022-05-27 00:00:00+05:00,3.4696516639364554,3.563903886646683,3.4637609193284504,3.481433153152466,5059450.0,0.0,0.0,0.0,BOP.KA,
2022-05-30 00:00:00+05:00,3.481433254245792,3.534449957257329,3.481433254245792,3.5108866691589355,822800.0,0.0,0.0,0.0,BOP.KA,
2022-05-31 00:00:00+05:00,3.516777312123527,3.522668365714189,3.4873238980630914,3.504995822906494,663300.0,0.0,0.0,0.0,BOP.KA,
2022-06-01 00:00:00+05:00,3.4814332854301204,3.52855924408472,3.4755425405982954,3.4932150840759277,457050.0,0.0,0.0,0.0,BOP.KA,
2022-06-02 00:00:00+05:00,3.5108867101924495,3.5108867101924495,3.446088516865464,3.4578700065612793,657250.0,0.0,0.0,0.0,BOP.KA,
2022-06-03 00:00:00+05:00,3.4755423157649123,3.4755423157649123,3.3577274267498773,3.375399351119995,1428900.0,0.0,0.0,0.0,BOP.KA,
2022-06-06 00:00:00+05:00,3.3400549847531193,3.4107442292678334,3.310600952632403,3.357727527618408,1683550.0,0.0,0.0,0.0,BOP.KA,
2022-06-07 00:00:00+05:00,3.357727323653287,3.3871807360205626,3.3282732933217556,3.3459458351135254,1590050.0,0.0,0.0,0.0,BOP.KA,
2022-06-08 00:00:00+05:00,3.3577277714281824,3.3753996976123632,3.328273737168763,3.340055227279663,569250.0,0.0,0.0,0.0,BOP.KA,
2022-06-09 00:00:00+05:00,3.3577275278421572,3.404853484867009,3.3459460385859443,3.3812901973724365,683650.0,0.0,0.0,0.0,BOP.KA,
2022-06-10 00:00:00+05:00,3.3577273922374147,3.446088249108335,3.3577273922374147,3.387180805206299,2080100.0,0.0,0.0,0.0,BOP.KA,
2022-06-13 00:00:00+05:00,3.410744352850143,3.410744352850143,3.210458719268726,3.245802879333496,2599850.0,0.0,0.0,0.0,BOP.KA,
2022-06-14 00:00:00+05:00,3.239912407880425,3.292929105812302,3.234021663665772,3.2340216636657715,4227850.0,0.0,0.0,0.0,BOP.KA,
2022-06-15 00:00:00+05:00,3.2399126865508303,3.2870386443214388,3.181004621373267,3.2045679092407227,4798750.0,0.0,0.0,0.0,BOP.KA,
2022-06-16 00:00:00+05:00,3.2399125447589547,3.2399125447589547,3.2045677689956795,3.228131055831909,838750.0,0.0,0.0,0.0,BOP.KA,
2022-06-17 00:00:00+05:00,3.234021902223789,3.3164920183302242,3.2281311575746043,3.257584571838379,3842300.0,0.0,0.0,0.0,BOP.KA,
2022-06-20 00:00:00+05:00,3.322382871898628,3.3400551064255386,3.1868954315434883,3.2222402095794678,3302200.0,0.0,0.0,0.0,BOP.KA,
2022-06-21 00:00:00+05:00,3.2399126865508303,3.2399126865508303,3.1692237498949183,3.2045679092407227,4709100.0,0.0,0.0,0.0,BOP.KA,
2022-06-22 00:00:00+05:00,3.234022002910059,3.3282736112492417,3.21634945943015,3.2634754180908203,4803700.0,0.0,0.0,0.0,BOP.KA,
2022-06-23 00:00:00+05:00,3.2929295758182326,3.363618516483632,3.281147776725163,3.340055227279663,1332100.0,0.0,0.0,0.0,BOP.KA,
2022-06-24 00:00:00+05:00,3.3636183303308553,3.4284165223546776,3.1692237542593875,3.1868953704833984,6516950.0,0.0,0.0,0.0,BOP.KA,
2022-06-27 00:00:00+05:00,3.198677224932399,3.3047109409010638,3.198677224932399,3.2634754180908203,3109150.0,0.0,0.0,0.0,BOP.KA,
2022-06-28 00:00:00+05:00,3.2929293172823213,3.3106009330968913,3.239912615945742,3.2516934871673584,2631200.0,0.0,0.0,0.0,BOP.KA,
2022-06-29 00:00:00+05:00,3.2693661056776886,3.281147595136565,3.1692237542593875,3.1868953704833984,2336950.0,0.0,0.0,0.0,BOP.KA,
2022-06-30 00:00:00+05:00,3.2281310631427207,3.2281310631427207,3.1810044893635334,3.1927859783172607,3408350.0,0.0,0.0,0.0,BOP.KA,
2022-07-01 00:00:00+05:00,3.2575848173982473,3.2575848173982473,3.1868955672972614,3.2163496017456055,760100.0,0.0,0.0,0.0,BOP.KA,
2022-07-04 00:00:00+05:00,3.18689523021182,3.2399125484075064,3.18689523021182,3.210458517074585,417450.0,0.0,0.0,0.0,BOP.KA,
2022-07-05 00:00:00+05:00,3.2104585207299907,3.2399125520964485,3.186895233840397,3.1927859783172607,1127500.0,0.0,0.0,0.0,BOP.KA,
2022-07-06 00:00:00+05:00,3.1868954315434883,3.234022008246233,3.1868954315434883,3.2222402095794678,572000.0,0.0,0.0,0.0,BOP.KA,
2022-07-07 00:00:00+05:00,3.2399126080531815,3.29292930926061,3.2222400653352277,3.287038564682007,838750.0,0.0,0.0,0.0,BOP.KA,
2022-07-08 00:00:00+05:00,3.287038564682007,3.287038564682007,3.287038564682007,3.287038564682007,0.0,0.0,0.0,0.0,BOP.KA,
2022-07-11 00:00:00+05:00,3.287038564682007,3.287038564682007,3.287038564682007,3.287038564682007,0.0,0.0,0.0,0.0,BOP.KA,
2022-07-12 00:00:00+05:00,3.287038564682007,3.287038564682007,3.287038564682007,3.287038564682007,0.0,0.0,0.0,0.0,BOP.KA,
2022-07-13 00:00:00+05:00,3.298820053839213,3.3047107984178163,3.2399126080531815,3.287038564682007,724350.0,0.0,0.0,0.0,BOP.KA,
2022-07-14 00:00:00+05:00,3.340054956907291,3.340054956907291,3.26347527738545,3.287038564682007,880000.0,0.0,0.0,0.0,BOP.KA,
2022-07-15 00:00:00+05:00,3.257584571838379,3.322382762979409,3.245802773557862,3.257584571838379,357500.0,0.0,0.0,0.0,BOP.KA,
2022-07-18 00:00:00+05:00,3.2399126865508303,3.2399126865508303,3.181004621373267,3.2045679092407227,743050.0,0.0,0.0,0.0,BOP.KA,
2022-07-19 00:00:00+05:00,3.2104584550826254,3.2104584550826254,3.1279877251107533,3.133878469467163,1805650.0,0.0,0.0,0.0,BOP.KA,
2022-07-20 00:00:00+05:00,3.1338784661915966,3.1810044209936197,3.1103161067548495,3.1515510082244873,746350.0,0.0,0.0,0.0,BOP.KA,
2022-07-21 00:00:00+05:00,3.151550941632204,3.181004353778986,3.080862010922827,3.0926434993743896,1038400.0,0.0,0.0,0.0,BOP.KA,
2022-07-22 00:00:00+05:00,3.1162062363979333,3.1810044243184428,3.0514080484774238,3.133878469467163,2475550.0,0.0,0.0,0.0,BOP.KA,
2022-07-25 00:00:00+05:00,3.086752895244764,3.1220970532214656,3.0455176837927818,3.069080352783203,1218250.0,0.0,0.0,0.0,BOP.KA,
2022-07-26 00:00:00+05:00,3.092643675041352,3.092643675041352,3.045517718558273,3.0572988986968994,955350.0,0.0,0.0,0.0,BOP.KA,
2022-07-27 00:00:00+05:00,3.1515510142835734,3.1515510142835734,3.010172840623562,3.0278453826904297,1432750.0,0.0,0.0,0.0,BOP.KA,
2022-07-28 00:00:00+05:00,3.0572988637969227,3.086752895244764,3.0455176837927818,3.069080352783203,589050.0,0.0,0.0,0.0,BOP.KA,
2022-07-29 00:00:00+05:00,3.0926436397379042,3.098534384231044,3.0219547058202205,3.069080352783203,1823800.0,0.0,0.0,0.0,BOP.KA,
2022-08-01 00:00:00+05:00,3.1220969086080332,3.133878397048603,3.0631894664051833,3.110316038131714,491150.0,0.0,0.0,0.0,BOP.KA,
2022-08-02 00:00:00+05:00,3.0749712299771557,3.0985345179487336,3.033736325727815,3.080862283706665,1536700.0,0.0,0.0,0.0,BOP.KA,
2022-08-03 00:00:00+05:00,3.0631896291385337,3.198677062385045,3.0631896291385337,3.175114393234253,1295250.0,0.0,0.0,0.0,BOP.KA,
2022-08-04 00:00:00+05:00,3.181004524230957,3.24580271418672,3.151551110505934,3.181004524230957,972950.0,0.0,0.0,0.0,BOP.KA,
2022-08-05 00:00:00+05:00,3.181004686701185,3.2693661683178963,3.1338787279627565,3.2222402095794678,1802900.0,0.0,0.0,0.0,BOP.KA,
2022-08-08 00:00:00+05:00,3.2222402095794678,3.2222402095794678,3.2222402095794678,3.2222402095794678,0.0,0.0,0.0,0.0,BOP.KA,
2022-08-09 00:00:00+05:00,3.2222402095794678,3.2222402095794678,3.2222402095794678,3.2222402095794678,0.0,0.0,0.0,0.0,BOP.KA,
2022-08-10 00:00:00+05:00,3.210458719268726,3.3459461595974416,3.210458719268726,3.245802879333496,2474450.0,0.0,0.0,0.0,BOP.KA,
2022-08-11 00:00:00+05:00,3.2988200618752748,3.3164919866719895,3.239912615945742,3.2516934871673584,1284800.0,0.0,0.0,0.0,BOP.KA,
2022-08-12 00:00:00+05:00,3.2870385923048797,3.3871809420005428,3.2458027619438408,3.3812901973724365,3098150.0,0.0,0.0,0.0,BOP.KA,
2022-08-15 00:00:00+05:00,3.3812903593665045,3.440197808469763,3.3812903593665045,3.4225258827209473,2169750.0,0.0,0.0,0.0,BOP.KA,
2022-08-16 00:00:00+05:00,3.4225258818220223,3.4755425860010303,3.3695091776430144,3.4460885524749756,3340150.0,0.0,0.0,0.0,BOP.KA,
2022-08-17 00:00:00+05:00,3.4460885524749756,3.5226685452712596,3.4166351369132437,3.4460885524749756,2972200.0,0.0,0.0,0.0,BOP.KA,
2022-08-18 00:00:00+05:00,3.4225260181927997,3.475542724484262,3.2752570806232306,3.4401979446411133,3654200.0,0.0,0.0,0.0,BOP.KA,
2022-08-19 00:00:00+05:00,3.4401973594373523,3.711171898925501,3.434307233260159,3.552122116088867,21054550.0,0.0,0.0,0.0,BOP.KA,
2022-08-22 00:00:00+05:00,3.652264775327591,3.652264775327591,3.5403406269007913,3.5756847858428955,6434450.0,0.0,0.0,0.0,BOP.KA,
2022-08-23 00:00:00+05:00,3.6110300473783843,3.622811537259541,3.5049960204836457,3.534450054168701,3575000.0,0.0,0.0,0.0,BOP.KA,
2022-08-24 00:00:00+05:00,3.5756844431118413,3.5756844431118413,3.4284161498586725,3.4637606143951416,2190650.0,0.0,0.0,0.0,BOP.KA,
2022-08-25 00:00:00+05:00,3.4460884765892796,3.5756848617285915,3.44019773181022,3.5108866691589355,4669500.0,0.0,0.0,0.0,BOP.KA,
2022-08-26 00:00:00+05:00,3.5344495434680794,3.5521220847184325,3.4578695613236117,3.4637606143951416,2024550.0,0.0,0.0,0.0,BOP.KA,
2022-08-29 00:00:00+05:00,3.499105735634553,3.499105735634553,3.363618299132015,3.4284164905548096,2266550.0,0.0,0.0,0.0,BOP.KA,
2022-08-30 00:00:00+05:00,3.5049955491912193,3.522668090618814,3.393071410369891,3.4107439517974854,1634600.0,0.0,0.0,0.0,BOP.KA,
2022-08-31 00:00:00+05:00,3.41663480126496,3.4991055308681442,3.3930715149625277,3.3989622592926025,1419550.0,0.0,0.0,0.0,BOP.KA,
2022-09-01 00:00:00+05:00,3.4460884114134216,3.493214986718903,3.4107442523896823,3.469651699066162,1645600.0,0.0,0.0,0.0,BOP.KA,
2022-09-02 00:00:00+05:00,3.4696518410922517,3.5521225787973147,3.440197807566197,3.4460885524749756,4613400.0,0.0,0.0,0.0,BOP.KA,
2022-09-05 00:00:00+05:00,3.4814331289465987,3.4814331289465987,3.3812901623246447,3.3930716514587402,461450.0,0.0,0.0,0.0,BOP.KA,
2022-09-06 00:00:00+05:00,3.393071410901668,3.4401973640969814,3.3577272549873047,3.369508743286133,1063150.0,0.0,0.0,0.0,BOP.KA,
2022-09-07 00:00:00+05:00,3.4166349738955475,3.4166349738955475,3.34594603836298,3.357727527618408,577500.0,0.0,0.0,0.0,BOP.KA,
2022-09-08 00:00:00+05:00,3.387181224385462,3.387181224385462,3.2988203565794803,3.3282737731933594,1219900.0,0.0,0.0,0.0,BOP.KA,
2022-09-09 00:00:00+05:00,3.357727539856664,3.357727539856664,3.2399126468729733,3.257584571838379,3175700.0,0.0,0.0,0.0,BOP.KA,
2022-09-12 00:00:00+05:00,3.2988200618752748,3.2988200618752748,3.239912615945742,3.2516934871673584,248600.0,0.0,0.0,0.0,BOP.KA,
2022-09-13 00:00:00+05:00,3.2752567354882367,3.3223826916702364,3.2693659909654866,3.2811474800109863,379500.0,0.0,0.0,0.0,BOP.KA,
2022-09-14 00:00:00+05:00,3.251693584120598,3.2929294154650575,3.2458028393520046,3.275256872177124,297550.0,0.0,0.0,0.0,BOP.KA,
2022-09-15 00:00:00+05:00,3.2752567745213166,3.3164919866719895,3.239912615945742,3.2516934871673584,352550.0,0.0,0.0,0.0,BOP.KA,
2022-09-16 00:00:00+05:00,3.245802534130828,3.2988198500269554,3.2104583778250344,3.2340216636657715,1010900.0,0.0,0.0,0.0,BOP.KA,
2022-09-19 00:00:00+05:00,3.2399128316701815,3.269366247613912,3.1279880589874467,3.157442092895508,1461900.0,0.0,0.0,0.0,BOP.KA,
2022-09-20 00:00:00+05:00,3.1515511449965263,3.2104585910555397,3.092643698937513,3.145660400390625,875050.0,0.0,0.0,0.0,BOP.KA,
2022-09-21 00:00:00+05:00,3.2104587358554326,3.2104587358554326,3.1103163820205793,3.1220972537994385,3738350.0,0.0,0.0,0.0,BOP.KA,
2022-09-22 00:00:00+05:00,3.122096980754343,3.169223553569888,3.092643567954426,3.133878469467163,2470600.0,0.0,0.0,0.0,BOP.KA,
2022-09-23 00:00:00+05:00,3.181004417705877,3.2399124791117857,3.122096974264232,3.1692235469818115,1382700.0,0.0,0.0,0.0,BOP.KA,
2022-09-26 00:00:00+05:00,3.1692236183740836,3.1986770317762634,3.1692236183740836,3.1927859783172607,506000.0,0.0,0.0,0.0,BOP.KA,
2022-09-27 00:00:00+05:00,3.2340221460074803,3.2399128911007145,3.1868955672972614,3.2163496017456055,846450.0,0.0,0.0,0.0,BOP.KA,
2022-09-28 00:00:00+05:00,3.2163492652068544,3.322382665790402,3.163332564915081,3.1927859783172607,2356200.0,0.0,0.0,0.0,BOP.KA,
2022-09-29 00:00:00+05:00,3.210458517074585,3.222240006014898,3.1456603279028625,3.210458517074585,300300.0,0.0,0.0,0.0,BOP.KA,
2022-09-30 00:00:00+05:00,3.181004519803203,3.239912583099821,3.1515511061191774,3.175114393234253,1449800.0,0.0,0.0,0.0,BOP.KA,
2022-10-03 00:00:00+05:00,3.1751143976538083,3.216349300461697,3.1692236531123754,3.181004524230957,1388200.0,0.0,0.0,0.0,BOP.KA,
2022-10-04 00:00:00+05:00,3.1633328315663367,3.239912825202969,3.1515513416194953,3.1986773014068604,1211100.0,0.0,0.0,0.0,BOP.KA,
2022-10-05 00:00:00+05:00,3.1810047575044336,3.228131335256128,3.1810047575044336,3.1986773014068604,970750.0,0.0,0.0,0.0,BOP.KA,
2022-10-06 00:00:00+05:00,3.23402180393735,3.23402180393735,3.1810044857416635,3.210458517074585,2230250.0,0.0,0.0,0.0,BOP.KA,
2022-10-07 00:00:00+05:00,3.239912825202969,3.2516936971854804,3.1868955024778542,3.1986773014068604,718850.0,0.0,0.0,0.0,BOP.KA,
2022-10-10 00:00:00+05:00,3.18689523021182,3.2399125484075064,3.18689523021182,3.210458517074585,485650.0,0.0,0.0,0.0,BOP.KA,
2022-10-11 00:00:00+05:00,3.18689523021182,3.245802674913386,3.18689523021182,3.210458517074585,608300.0,0.0,0.0,0.0,BOP.KA,
2022-10-12 00:00:00+05:00,3.239912825202969,3.239912825202969,3.1868955024778542,3.1986773014068604,205700.0,0.0,0.0,0.0,BOP.KA,
2022-10-13 00:00:00+05:00,3.192786013313823,3.239912587609571,3.1751143976538083,3.181004524230957,948750.0,0.0,0.0,0.0,BOP.KA,
2022-10-14 00:00:00+05:00,3.2222400450031303,3.239912587609571,3.181004524230957,3.181004524230957,518100.0,0.0,0.0,0.0,BOP.KA,
2022-10-17 00:00:00+05:00,3.2281311338553893,3.2281311338553893,3.122097112984874,3.145660400390625,1142350.0,0.0,0.0,0.0,BOP.KA,
2022-10-18 00:00:00+05:00,3.2045677073767633,3.2045677073767633,3.0985343090722113,3.1515510082244873,1973950.0,0.0,0.0,0.0,BOP.KA,
2022-10-19 00:00:00+05:00,3.181004417705877,3.1986769597205025,3.1515510049671867,3.1692235469818115,439450.0,0.0,0.0,0.0,BOP.KA,
2022-10-20 00:00:00+05:00,3.181004519803203,3.198677062385045,3.1515511061191774,3.175114393234253,580800.0,0.0,0.0,0.0,BOP.KA,
2022-10-21 00:00:00+05:00,3.1692237542593875,3.204567913653866,3.163332700547797,3.1868953704833984,433400.0,0.0,0.0,0.0,BOP.KA,
2022-10-24 00:00:00+05:00,3.234021807619585,3.2693659654986282,3.1810044893635334,3.1927859783172607,651750.0,0.0,0.0,0.0,BOP.KA,
2022-10-25 00:00:00+05:00,3.163332496924993,3.2104584517270163,3.145660263874235,3.1515510082244873,231550.0,0.0,0.0,0.0,BOP.KA,
2022-10-26 00:00:00+05:00,3.133878538446957,3.133878538446957,3.051408115641961,3.0867528915405273,2151600.0,0.0,0.0,0.0,BOP.KA,
2022-10-27 00:00:00+05:00,3.0985346837214833,3.1515513892841023,3.09264393865897,3.12798810005188,1281500.0,0.0,0.0,0.0,BOP.KA,
2022-10-28 00:00:00+05:00,3.198676861326812,3.198676861326812,3.0042819949669832,3.0219545364379883,3274150.0,0.0,0.0,0.0,BOP.KA,
2022-10-31 00:00:00+05:00,3.1220969495052566,3.1220969495052566,3.033736094025644,3.0631895065307617,1732500.0,0.0,0.0,0.0,BOP.KA,
2022-11-01 00:00:00+05:00,3.122097187956005,3.122097187956005,3.0042822930088815,3.080862283706665,1667600.0,0.0,0.0,0.0,BOP.KA,
2022-11-02 00:00:00+05:00,3.0631895065307617,3.0926435370001384,3.027845349728194,3.0631895065307617,1214950.0,0.0,0.0,0.0,BOP.KA,
2022-11-03 00:00:00+05:00,3.104425231458201,3.1162064118522137,3.051408220283319,3.0749711990356445,2675200.0,0.0,0.0,0.0,BOP.KA,
2022-11-04 00:00:00+05:00,3.063189709659482,3.104425231458201,3.033736295201225,3.0749711990356445,769450.0,0.0,0.0,0.0,BOP.KA,
2022-11-07 00:00:00+05:00,3.1574420320111316,3.1574420320111316,3.0867530935520637,3.1220972537994385,573650.0,0.0,0.0,0.0,BOP.KA,
2022-11-08 00:00:00+05:00,3.0749711182050006,3.181004519803203,3.069080373671767,3.175114393234253,1331550.0,0.0,0.0,0.0,BOP.KA,
2022-11-09 00:00:00+05:00,3.175114393234253,3.175114393234253,3.175114393234253,3.175114393234253,0.0,0.0,0.0,0.0,BOP.KA,
2022-11-10 00:00:00+05:00,3.1574419768052633,3.3164920855572757,3.1574419768052633,3.275256872177124,3628900.0,0.0,0.0,0.0,BOP.KA,
2022-11-11 00:00:00+05:00,3.2988200578355245,3.3223827271963375,3.25169348318532,3.2693660259246826,1232550.0,0.0,0.0,0.0,BOP.KA,
2022-11-14 00:00:00+05:00,3.269366101175309,3.281147590617961,3.1868953660945927,3.2045679092407227,1930500.0,0.0,0.0,0.0,BOP.KA,
2022-11-15 00:00:00+05:00,3.1986770668373983,3.269366001334594,3.1751143976538083,3.181004524230957,716100.0,0.0,0.0,0.0,BOP.KA,
2022-11-16 00:00:00+05:00,3.216349300461697,3.2281310985267053,3.1692236531123754,3.181004524230957,749650.0,0.0,0.0,0.0,BOP.KA,
2022-11-17 00:00:00+05:00,3.192786115212837,3.2222401478421814,3.1692237542593875,3.1868953704833984,391600.0,0.0,0.0,0.0,BOP.KA,
2022-11-18 00:00:00+05:00,3.1692236487010197,3.19278600886967,3.1574418506524107,3.175114393234253,327800.0,0.0,0.0,0.0,BOP.KA,
2022-11-21 00:00:00+05:00,3.198676892453863,3.204567636674148,3.0926434964887335,3.110316038131714,2035000.0,0.0,0.0,0.0,BOP.KA,
2022-11-22 00:00:00+05:00,3.1515513892841023,3.1574421343466152,3.116206609926853,3.12798810005188,668250.0,0.0,0.0,0.0,BOP.KA,
2022-11-23 00:00:00+05:00,3.1515510846693067,3.1515510846693067,3.0572988637969227,3.069080352783203,4176150.0,0.0,0.0,0.0,BOP.KA,
2022-11-24 00:00:00+05:00,3.098534240709019,3.1220969086080332,3.0631894664051833,3.110316038131714,749650.0,0.0,0.0,0.0,BOP.KA,
2022-11-25 00:00:00+05:00,3.127987693802706,3.1515509799746333,3.010172807853716,3.0631895065307617,1696200.0,0.0,0.0,0.0,BOP.KA,
2022-11-28 00:00:00+05:00,3.092643778003846,3.1103163212555107,3.027845585682305,3.0396270751953125,1398650.0,0.0,0.0,0.0,BOP.KA,
2022-11-29 00:00:00+05:00,3.0926436397379042,3.1220970532214656,3.027845450313361,3.069080352783203,1554300.0,0.0,0.0,0.0,BOP.KA,
2022-11-30 00:00:00+05:00,3.0808620832469327,3.086752827611001,3.0396268726984546,3.051408052444458,374550.0,0.0,0.0,0.0,BOP.KA,
2022-12-01 00:00:00+05:00,3.1044254646864706,3.1220973910962155,3.0396272682494385,3.116206645965576,3032700.0,0.0,0.0,0.0,BOP.KA,
2022-12-02 00:00:00+05:00,3.0808625864851433,3.1220974947869338,3.063190041524114,3.0985348224639893,774950.0,0.0,0.0,0.0,BOP.KA,
2022-12-05 00:00:00+05:00,3.0749710299007313,3.086752827611001,3.0455176170625227,3.051408052444458,1651100.0,0.0,0.0,0.0,BOP.KA,
2022-12-06 00:00:00+05:00,3.0572988630303617,3.0749710965053514,3.033736194045848,3.045517683029175,1157200.0,0.0,0.0,0.0,BOP.KA,
2022-12-07 00:00:00+05:00,3.051408220283319,3.086752997393957,3.051408220283319,3.0749711990356445,274450.0,0.0,0.0,0.0,BOP.KA,
2022-12-08 00:00:00+05:00,3.063189608290063,3.098534384231044,3.0337361948065014,3.069080352783203,328350.0,0.0,0.0,0.0,BOP.KA,
2022-12-09 00:00:00+05:00,3.057298657928078,3.0749708902175064,3.027845246427816,3.033735990524292,2336400.0,0.0,0.0,0.0,BOP.KA,
2022-12-12 00:00:00+05:00,3.039627217717128,3.0926439230115053,2.9807197673900427,3.016063928604126,2505250.0,0.0,0.0,0.0,BOP.KA,
2022-12-13 00:00:00+05:00,3.0160637295436614,3.0337362724575656,2.9689380813744575,2.986609697341919,1602150.0,0.0,0.0,0.0,BOP.KA,
2022-12-14 00:00:00+05:00,2.9925008833608464,3.0160638629789847,2.9866098294741503,2.998391628265381,923450.0,0.0,0.0,0.0,BOP.KA,
2022-12-15 00:00:00+05:00,3.0042821060130063,3.0042821060130063,2.8687946762748204,2.886467218399048,5141400.0,0.0,0.0,0.0,BOP.KA,
2022-12-16 00:00:00+05:00,2.886467218399048,2.945374662206027,2.874685729637652,2.886467218399048,1454750.0,0.0,0.0,0.0,BOP.KA,
2022-12-19 00:00:00+05:00,2.8923583450044097,2.9453750514368395,2.851123437872472,2.8629043102264404,2135650.0,0.0,0.0,0.0,BOP.KA,
2022-12-20 00:00:00+05:00,2.8629038328133323,2.8687945769901604,2.709744793197924,2.756870746612549,3784000.0,0.0,0.0,0.0,BOP.KA,
2022-12-21 00:00:00+05:00,2.745089226858798,2.8334507074284114,2.6802910343613284,2.7038543224334717,2984300.0,0.0,0.0,0.0,BOP.KA,
2022-12-22 00:00:00+05:00,2.7686525196127207,2.774543264395179,2.6744002941112304,2.6861817836761475,3177900.0,0.0,0.0,0.0,BOP.KA,
2022-12-23 00:00:00+05:00,2.6861819019701474,2.798106057765771,2.6802911569282726,2.7804341316223145,1874400.0,0.0,0.0,0.0,BOP.KA,
2022-12-26 00:00:00+05:00,2.8216690269400795,2.945374658791318,2.739198296723787,2.904139757156372,5052850.0,0.0,0.0,0.0,BOP.KA,
2022-12-27 00:00:00+05:00,2.9277020584998,2.9277020584998,2.709744829980677,2.727416753768921,8470000.0,0.0,0.0,0.0,BOP.KA,
2022-12-28 00:00:00+05:00,2.7686525196127207,2.7686525196127207,2.650837623963551,2.6861817836761475,5151850.0,0.0,0.0,0.0,BOP.KA,
2022-12-29 00:00:00+05:00,2.7097449686947614,2.7097449686947614,2.6213834913374785,2.6567282676696777,8557450.0,0.0,0.0,0.0,BOP.KA,
2022-12-30 00:00:00+05:00,2.6802909025444297,2.7391983473723296,2.639056000147039,2.6920723915100098,5426850.0,0.0,0.0,0.0,BOP.KA,
2023-01-02 00:00:00+05:00,2.7333076624681336,2.8275598852293524,2.680290960967405,2.7686524391174316,2210450.0,0.0,0.0,0.0,BOP.KA,
2023-01-03 00:00:00+05:00,2.798106057765771,2.821669346915439,2.76276189649669,2.7804341316223145,1299650.0,0.0,0.0,0.0,BOP.KA,
2023-01-04 00:00:00+05:00,2.7981059556956787,2.7981059556956787,2.7627617957158916,2.774543285369873,992750.0,0.0,0.0,0.0,BOP.KA,
2023-01-05 00:00:00+05:00,2.768652640125303,2.8098875464152107,2.7391986059487947,2.8039968013763428,1891450.0,0.0,0.0,0.0,BOP.KA,
2023-01-06 00:00:00+05:00,2.7981059556956787,2.8216692439857987,2.756871050888901,2.774543285369873,1030700.0,0.0,0.0,0.0,BOP.KA,
2023-01-09 00:00:00+05:00,2.721526621854749,2.7922152518335603,2.7097451320279204,2.745089292526245,1296350.0,0.0,0.0,0.0,BOP.KA,
2023-01-10 00:00:00+05:00,2.7509798965888117,2.815778396300833,2.7509798965888117,2.79221510887146,376200.0,0.0,0.0,0.0,BOP.KA,
2023-01-11 00:00:00+05:00,2.768652581162064,2.8157785404693794,2.7097451320279204,2.745089292526245,1217700.0,0.0,0.0,0.0,BOP.KA,
2023-01-12 00:00:00+05:00,2.7745431796873863,2.81577839190567,2.7568709458795504,2.786324977874756,609950.0,0.0,0.0,0.0,BOP.KA,
2023-01-13 00:00:00+05:00,2.762761631386544,2.851123107517812,2.7097449310970667,2.7333076000213623,915200.0,0.0,0.0,0.0,BOP.KA,
2023-01-16 00:00:00+05:00,2.77454322347558,2.8157784363446425,2.709745031824195,2.7156357765197754,491150.0,0.0,0.0,0.0,BOP.KA,
2023-01-17 00:00:00+05:00,2.6979637585081915,2.7274171753628154,2.6213837623503387,2.644947052001953,1786950.0,0.0,0.0,0.0,BOP.KA,
2023-01-18 00:00:00+05:00,2.6567284039901873,2.703854362875028,2.644946914268977,2.6744003295898438,689150.0,0.0,0.0,0.0,BOP.KA,
2023-01-19 00:00:00+05:00,2.7333076424655216,2.7333076424655216,2.6449467829264197,2.662618398666382,2300650.0,0.0,0.0,0.0,BOP.KA,
2023-01-20 00:00:00+05:00,2.644946914973641,2.680291075164529,2.6213836265427837,2.6508376598358154,591800.0,0.0,0.0,0.0,BOP.KA,
2023-01-23 00:00:00+05:00,2.64494681377242,2.703854260140243,2.597820238713868,2.6685094833374023,1415150.0,0.0,0.0,0.0,BOP.KA,
2023-01-24 00:00:00+05:00,2.6449467785529923,2.703854224136419,2.6213834913374785,2.6567282676696777,1506450.0,0.0,0.0,0.0,BOP.KA,
2023-01-25 00:00:00+05:00,2.6979634413177243,2.7568708860657725,2.6508374855192853,2.709744930267334,2612500.0,0.0,0.0,0.0,BOP.KA,
2023-01-26 00:00:00+05:00,2.7097450917192543,2.8452325316945113,2.7097450917192543,2.7981059551239014,7763250.0,0.0,0.0,0.0,BOP.KA,
2023-01-27 00:00:00+05:00,2.8216689708596974,2.8570131274183135,2.7215263184942575,2.727416753768921,4314200.0,0.0,0.0,0.0,BOP.KA,
2023-01-30 00:00:00+05:00,2.7686523758631525,2.798105789264057,2.721526420050284,2.7333076000213623,952600.0,0.0,0.0,0.0,BOP.KA,
2023-01-31 00:00:00+05:00,2.7391984030895693,2.7981058491156885,2.7274169138843454,2.786324977874756,1316150.0,0.0,0.0,0.0,BOP.KA,
2023-02-01 00:00:00+05:00,2.774543443678293,2.8452326946176885,2.768652698515192,2.839341640472412,2250600.0,0.0,0.0,0.0,BOP.KA,
2023-02-02 00:00:00+05:00,2.8570135013177995,2.8570135013177995,2.7804341249396494,2.821669340133667,1723700.0,0.0,0.0,0.0,BOP.KA,
2023-02-03 00:00:00+05:00,2.827559706606961,2.8570131188201464,2.7922149321904604,2.8452322483062744,1572450.0,0.0,0.0,0.0,BOP.KA,
2023-02-06 00:00:00+05:00,2.8393410621150186,2.8864670138205475,2.827559574188636,2.874685525894165,1697300.0,0.0,0.0,0.0,BOP.KA,
2023-02-07 00:00:00+05:00,2.9100306073981614,2.9100306073981614,2.8864673200633137,2.8923580646514893,868450.0,0.0,0.0,0.0,BOP.KA,
2023-02-08 00:00:00+05:00,2.874685763375913,2.9100305390570522,2.8334505522270774,2.851123094558716,1681900.0,0.0,0.0,0.0,BOP.KA,
2023-02-09 00:00:00+05:00,2.8687946729488942,2.9100305015302403,2.8570131842011572,2.904139757156372,5209600.0,0.0,0.0,0.0,BOP.KA,
2023-02-10 00:00:00+05:00,2.86290399879004,2.9630472735661653,2.8452323831992907,2.9277021884918213,5744750.0,0.0,0.0,0.0,BOP.KA,
2023-02-13 00:00:00+05:00,2.939484045105787,3.039627012896003,2.939484045105787,3.004282236099243,5193650.0,0.0,0.0,0.0,BOP.KA,
2023-02-14 00:00:00+05:00,3.0219550205097816,3.0396272558294903,2.9689383145506545,2.980719804763794,2323200.0,0.0,0.0,0.0,BOP.KA,
2023-02-15 00:00:00+05:00,3.010172956415006,3.010172956415006,2.8687947773166416,2.8923580646514893,2984850.0,0.0,0.0,0.0,BOP.KA,
2023-02-16 00:00:00+05:00,2.88057647401835,2.945374662206027,2.8334505189727666,2.886467218399048,2015200.0,0.0,0.0,0.0,BOP.KA,
2023-02-17 00:00:00+05:00,2.9571564813690787,3.0514084019909666,2.774543385164171,2.8039968013763428,13372700.0,0.0,0.0,0.0,BOP.KA,
2023-02-20 00:00:00+05:00,2.821669285382794,2.821669285382794,2.686181843392101,2.745089292526245,4393400.0,0.0,0.0,0.0,BOP.KA,
2023-02-21 00:00:00+05:00,2.7391984867182737,2.7686525196127207,2.6626184955641587,2.6861817836761475,3075050.0,0.0,0.0,0.0,BOP.KA,
2023-02-22 00:00:00+05:00,2.7391985237862744,2.7391985237862744,2.6213836265427837,2.6508376598358154,7299600.0,0.0,0.0,0.0,BOP.KA,
2023-02-23 00:00:00+05:00,2.6567282335954086,2.7391983473723296,2.6567282335954086,2.6920723915100098,3284600.0,0.0,0.0,0.0,BOP.KA,
2023-02-24 00:00:00+05:00,2.7097449686947614,2.7274168933876464,2.6449467785529923,2.6567282676696777,1781450.0,0.0,0.0,0.0,BOP.KA,
2023-02-27 00:00:00+05:00,2.656728272062586,2.7274168978974385,2.621383495671944,2.662618398666382,3638250.0,0.0,0.0,0.0,BOP.KA,
2023-02-28 00:00:00+05:00,2.6744001639404322,2.6744001639404322,2.5919300499822278,2.6096019744873047,2279750.0,0.0,0.0,0.0,BOP.KA,
2023-03-01 00:00:00+05:00,2.603711022471998,2.639056108788054,2.5860394062604257,2.5919301509857178,1695650.0,0.0,0.0,0.0,BOP.KA,
2023-03-02 00:00:00+05:00,2.633164955503729,2.633164955503729,2.5624760214734272,2.568366765975952,2802250.0,0.0,0.0,0.0,BOP.KA,
2023-03-03 00:00:00+05:00,2.5860391186233977,2.6861814588326918,2.4741143633275846,2.580148220062256,11523600.0,0.0,0.0,0.0,BOP.KA,
2023-03-06 00:00:00+05:00,2.5919301509857178,2.615492820904734,2.5801485070440577,2.5919301509857178,3802700.0,0.0,0.0,0.0,BOP.KA,
2023-03-07 00:00:00+05:00,2.6390561497414207,2.6390561497414207,2.5389128698931103,2.56247615814209,2689500.0,0.0,0.0,0.0,BOP.KA,
2023-03-08 00:00:00+05:00,2.609602017220904,2.609602017220904,2.5330220285401213,2.538912773132324,5686450.0,0.0,0.0,0.0,BOP.KA,
2023-03-09 00:00:00+05:00,2.5919298626934806,2.603710732869412,2.527131677922567,2.580148220062256,1576850.0,0.0,0.0,0.0,BOP.KA,
2023-03-10 00:00:00+05:00,2.5683669624145398,2.6390562108335676,2.5683669624145398,2.6213836669921875,1335950.0,0.0,0.0,0.0,BOP.KA,
2023-03-13 00:00:00+05:00,2.6331649524702603,2.639056005948139,2.5919300499822278,2.6096019744873047,1521300.0,0.0,0.0,0.0,BOP.KA,
2023-03-14 00:00:00+05:00,2.586039410476933,2.6213835699041614,2.5801485112509597,2.597820281982422,2281950.0,0.0,0.0,0.0,BOP.KA,
2023-03-15 00:00:00+05:00,2.603711160298871,2.603711160298871,2.562476254021218,2.5860395431518555,2114750.0,0.0,0.0,0.0,BOP.KA,
2023-03-16 00:00:00+05:00,2.5860395431518555,2.6096022143181568,2.580148643623654,2.5860395431518555,2920500.0,0.0,0.0,0.0,BOP.KA,
2023-03-17 00:00:00+05:00,2.615492959355274,2.615492959355274,2.5683669990583353,2.5860395431518555,2132350.0,0.0,0.0,0.0,BOP.KA,
2023-03-20 00:00:00+05:00,2.6096019744873047,2.627274207974521,2.58014840649968,2.6096019744873047,2709300.0,0.0,0.0,0.0,BOP.KA,
2023-03-21 00:00:00+05:00,2.689127357863901,2.695607022002997,2.611369534301997,2.637288808822632,1909000.0,0.0,1.1,0.0,BOP.KA,
2023-03-22 00:00:00+05:00,2.689127352303126,2.689127352303126,2.6243291661355337,2.6308088302612305,1299500.0,0.0,0.0,0.0,BOP.KA,
2023-03-23 00:00:00+05:00,2.6308088302612305,2.6308088302612305,2.6308088302612305,2.6308088302612305,0.0,0.0,0.0,0.0,BOP.KA,
2023-03-24 00:00:00+05:00,2.6243293285369873,2.650248604607987,2.598410052465987,2.6243293285369873,584000.0,0.0,0.0,0.0,BOP.KA,
2023-03-27 00:00:00+05:00,2.5919300789571653,2.669687907170166,2.5919300789571653,2.6243293285369873,666000.0,0.0,0.0,0.0,BOP.KA,
2023-03-28 00:00:00+05:00,2.624329323471901,2.643768625996561,2.604889711965099,2.617849349975586,247500.0,0.0,0.0,0.0,BOP.KA,
2023-03-29 00:00:00+05:00,2.598410052465987,2.6437686310991655,2.5919300789571653,2.6243293285369873,1710000.0,0.0,0.0,0.0,BOP.KA,
2023-03-30 00:00:00+05:00,2.624329482373803,2.682647702461065,2.591930230894754,2.6048898696899414,1490500.0,0.0,0.0,0.0,BOP.KA,
2023-03-31 00:00:00+05:00,2.630809151987827,2.630809151987827,2.591930235532696,2.6113698482513428,403000.0,0.0,0.0,0.0,BOP.KA,
2023-04-03 00:00:00+05:00,2.6502486769657114,2.7150468689123475,2.5465714153600176,2.572490692138672,3492500.0,0.0,0.0,0.0,BOP.KA,
2023-04-04 00:00:00+05:00,2.617849422555898,2.6243293962318712,2.4947327035517652,2.514172315597534,3588500.0,0.0,0.0,0.0,BOP.KA,
2023-04-05 00:00:00+05:00,2.5595310498918185,2.572490688261614,2.4947327035517652,2.514172315597534,1047000.0,0.0,0.0,0.0,BOP.KA,
2023-04-06 00:00:00+05:00,2.559531131934002,2.566010951326602,2.5141723961858076,2.5465714931488037,1641500.0,0.0,0.0,0.0,BOP.KA,
2023-04-07 00:00:00+05:00,2.5724906003855517,2.5854502383126468,2.4882527993683614,2.494732618331909,1571000.0,0.0,0.0,0.0,BOP.KA,
2023-04-10 00:00:00+05:00,2.488252878189087,2.5271319476930207,2.4688134206826575,2.488252878189087,556000.0,0.0,0.0,0.0,BOP.KA,
2023-04-11 00:00:00+05:00,2.475293161441266,2.5141722297136226,2.4688133424777186,2.494732618331909,481000.0,0.0,0.0,0.0,BOP.KA,
2023-04-12 00:00:00+05:00,2.4947327048242864,2.559531051197392,2.4817730664478805,2.53361177444458,990500.0,0.0,0.0,0.0,BOP.KA,
2023-04-13 00:00:00+05:00,2.5271321138783986,2.572490851042879,2.3068179386687535,2.5595312118530273,1965500.0,0.0,0.0,0.0,BOP.KA,
2023-04-14 00:00:00+05:00,2.5595312118530273,2.5595312118530273,2.5595312118530273,2.5595312118530273,0.0,0.0,0.0,0.0,BOP.KA,
2023-04-17 00:00:00+05:00,2.5854501699539387,2.617849263915052,2.5595308947850475,2.5660107135772705,1347000.0,0.0,0.0,0.0,BOP.KA,
2023-04-18 00:00:00+05:00,2.566011031447953,2.591930309827656,2.397535567488799,2.5595312118530273,1498000.0,0.0,0.0,0.0,BOP.KA,
2023-04-19 00:00:00+05:00,2.468813436365524,2.617849432685959,2.468813436365524,2.598410129547119,1539500.0,0.0,0.0,0.0,BOP.KA,
2023-04-20 00:00:00+05:00,2.611369690501487,2.6372889665724872,2.5789704409216654,2.6243293285369873,1200000.0,0.0,0.0,0.0,BOP.KA,
2023-04-21 00:00:00+05:00,2.6243293285369873,2.6243293285369873,2.6243293285369873,2.6243293285369873,0.0,0.0,0.0,0.0,BOP.KA,
2023-04-24 00:00:00+05:00,2.6243293285369873,2.6243293285369873,2.6243293285369873,2.6243293285369873,0.0,0.0,0.0,0.0,BOP.KA,
2023-04-25 00:00:00+05:00,2.6243293285369873,2.6243293285369873,2.6243293285369873,2.6243293285369873,0.0,0.0,0.0,0.0,BOP.KA,
2023-04-26 00:00:00+05:00,2.5854504114971606,2.6437687860755035,2.5854504114971606,2.6048898696899414,1332000.0,0.0,0.0,0.0,BOP.KA,
2023-04-27 00:00:00+05:00,2.604889555794194,2.637288803369052,2.5724904627103977,2.6308088302612305,1812500.0,0.0,0.0,0.0,BOP.KA,
2023-04-28 00:00:00+05:00,2.6437686941449603,2.6502486678083095,2.4752932411747635,2.507692337036133,6120500.0,0.0,0.0,0.0,BOP.KA,
2023-05-01 00:00:00+05:00,2.507692337036133,2.507692337036133,2.507692337036133,2.507692337036133,0.0,0.0,0.0,0.0,BOP.KA,
2023-05-02 00:00:00+05:00,2.527132034301758,2.5660109506470574,2.5076924216380276,2.527132034301758,1423000.0,0.0,0.0,0.0,BOP.KA,
2023-05-03 00:00:00+05:00,2.559531211726569,2.559531211726569,2.4947328612894277,2.5206522941589355,1114500.0,0.0,0.0,0.0,BOP.KA,
2023-05-04 00:00:00+05:00,2.553051141477048,2.553051141477048,2.462333521568011,2.4752931594848633,1416500.0,0.0,0.0,0.0,BOP.KA,
2023-05-05 00:00:00+05:00,2.4947328613515283,2.5595312117902824,2.4623337633776936,2.5400917530059814,1577500.0,0.0,0.0,0.0,BOP.KA,
2023-05-08 00:00:00+05:00,2.4947326973578967,2.5400915860306403,2.488252878189087,2.488252878189087,888000.0,0.0,0.0,0.0,BOP.KA,
2023-05-09 00:00:00+05:00,2.533611598769345,2.533611598769345,2.429934344455781,2.4428939819335938,2333500.0,0.0,0.0,0.0,BOP.KA,
2023-05-10 00:00:00+05:00,2.442893976587861,2.494732526385673,2.3975352455147756,2.404015064239502,1615000.0,0.0,0.0,0.0,BOP.KA,
2023-05-11 00:00:00+05:00,2.4623335960360597,2.4623335960360597,2.3975354044921144,2.4104950428009033,929500.0,0.0,0.0,0.0,BOP.KA,
2023-05-12 00:00:00+05:00,2.442894138572876,2.4817730534992437,2.3975354044921144,2.4104950428009033,1124500.0,0.0,0.0,0.0,BOP.KA,
2023-05-15 00:00:00+05:00,2.455853698634586,2.455853698634586,2.391055509155205,2.4364142417907715,541000.0,0.0,0.0,0.0,BOP.KA,
2023-05-16 00:00:00+05:00,2.4299345043502942,2.514172307990154,2.4299345043502942,2.468813419342041,1582500.0,0.0,0.0,0.0,BOP.KA,
2023-05-17 00:00:00+05:00,2.494732531844843,2.494732531844843,2.429934344455781,2.4428939819335938,356000.0,0.0,0.0,0.0,BOP.KA,
2023-05-18 00:00:00+05:00,2.4623335155416983,2.4947326102545357,2.4104949640011584,2.4169747829437256,393000.0,0.0,0.0,0.0,BOP.KA,
2023-05-19 00:00:00+05:00,2.4882528754652946,2.5012125137887278,2.3910555880395457,2.449373960494995,1430000.0,0.0,0.0,0.0,BOP.KA,
2023-05-22 00:00:00+05:00,2.416974701688955,2.442893976587861,2.3975352455147756,2.404015064239502,421500.0,0.0,0.0,0.0,BOP.KA,
2023-05-23 00:00:00+05:00,2.4040151450585907,2.442894058713996,2.397535326116023,2.4169747829437256,996000.0,0.0,0.0,0.0,BOP.KA,
2023-05-24 00:00:00+05:00,2.429934501647949,2.442894139964119,2.397535405857525,2.429934501647949,1092000.0,0.0,0.0,0.0,BOP.KA,
2023-05-25 00:00:00+05:00,2.429934420828861,2.475293153426833,2.4040151450585907,2.4169747829437256,959000.0,0.0,0.0,0.0,BOP.KA,
2023-05-26 00:00:00+05:00,2.4169749406377314,2.42993457936841,2.3651363857150174,2.384575843811035,426000.0,0.0,0.0,0.0,BOP.KA,
2023-05-29 00:00:00+05:00,2.410495201574234,2.4299346603178464,2.371616284087009,2.378096103668213,407000.0,0.0,0.0,0.0,BOP.KA,
2023-05-30 00:00:00+05:00,2.3716161265019244,2.3975354031045017,2.36513630735128,2.3910555839538574,870500.0,0.0,0.0,0.0,BOP.KA,
2023-05-31 00:00:00+05:00,2.423454425419627,2.423454425419627,2.339216630809053,2.345696449279785,830000.0,0.0,0.0,0.0,BOP.KA,
2023-06-01 00:00:00+05:00,2.3975354817803973,2.4040153011436787,2.3262573142932195,2.3651363849639893,329000.0,0.0,0.0,0.0,BOP.KA,
2023-06-02 00:00:00+05:00,2.3651362294111307,2.4623335134677777,2.358656410474021,2.3975353240966797,1840500.0,0.0,0.0,0.0,BOP.KA,
2023-06-05 00:00:00+05:00,2.3716160523113907,2.449373879686648,2.3716160523113907,2.4364142417907715,685000.0,0.0,0.0,0.0,BOP.KA,
2023-06-06 00:00:00+05:00,2.455853698634586,2.462333517582524,2.397535328103143,2.4364142417907715,701500.0,0.0,0.0,0.0,BOP.KA,
2023-06-07 00:00:00+05:00,2.455853614037314,2.455853614037314,2.3910554267900492,2.404015064239502,2256000.0,0.0,0.0,0.0,BOP.KA,
2023-06-08 00:00:00+05:00,2.416974776735909,2.416974776735909,2.33273697620782,2.358656406402588,1517500.0,0.0,0.0,0.0,BOP.KA,
2023-06-09 00:00:00+05:00,2.4169747692617354,2.4169747692617354,2.3132975122764807,2.3327369689941406,1224000.0,0.0,0.0,0.0,BOP.KA,
2023-06-12 00:00:00+05:00,2.3068176933705944,2.4169747692617354,2.3003378744647076,2.3327369689941406,8519000.0,0.0,0.0,0.0,BOP.KA,
2023-06-13 00:00:00+05:00,2.300338036840093,2.3780960236905524,2.300338036840093,2.3651363849639893,8166500.0,0.0,0.0,0.0,BOP.KA,
2023-06-14 00:00:00+05:00,2.3197773311823675,2.3845756747323024,2.3197773311823675,2.3327369689941406,795000.0,0.0,0.0,0.0,BOP.KA,
2023-06-15 00:00:00+05:00,2.2938582113248827,2.358656559274995,2.2938582113248827,2.319777488708496,281000.0,0.0,0.0,0.0,BOP.KA,
2023-06-16 00:00:00+05:00,2.3327369668468605,2.3327369668468605,2.274418596747563,2.3132975101470947,564000.0,0.0,0.0,0.0,BOP.KA,
2023-06-19 00:00:00+05:00,2.3586563878754725,2.3586563878754725,2.216100218133833,2.235539674758911,977000.0,0.0,0.0,0.0,BOP.KA,
2023-06-20 00:00:00+05:00,2.1707411688440597,2.2355395072294546,2.1707411688440597,2.190180778503418,1212500.0,0.0,0.0,0.0,BOP.KA,
2023-06-21 00:00:00+05:00,2.2355398246574723,2.2355398246574723,2.1253827419046534,2.1383423805236816,4434500.0,0.0,0.0,0.0,BOP.KA,
2023-06-22 00:00:00+05:00,2.1966609088003874,2.1966609088003874,2.0865038260475686,2.1383423805236816,3297500.0,0.0,0.0,0.0,BOP.KA,
2023-06-23 00:00:00+05:00,2.138342294826402,2.183701028175182,2.054104647178669,2.0670642852783203,2647000.0,0.0,0.0,0.0,BOP.KA,
2023-06-26 00:00:00+05:00,2.1318625693047113,2.2355398331414773,2.112423111302395,2.2225801944732666,940500.0,0.0,0.0,0.0,BOP.KA,
2023-06-27 00:00:00+05:00,2.222580352700083,2.3392171090174205,2.151302180459509,2.248499631881714,2191500.0,0.0,0.0,0.0,BOP.KA,
2023-06-28 00:00:00+05:00,2.248499631881714,2.248499631881714,2.248499631881714,2.248499631881714,0.0,0.0,0.0,0.0,BOP.KA,
2023-06-29 00:00:00+05:00,2.248499631881714,2.248499631881714,2.248499631881714,2.248499631881714,0.0,0.0,0.0,0.0,BOP.KA,
2023-06-30 00:00:00+05:00,2.248499631881714,2.248499631881714,2.248499631881714,2.248499631881714,0.0,0.0,0.0,0.0,BOP.KA,
2023-07-03 00:00:00+05:00,2.4104950441736945,2.455853778280289,2.332737059785601,2.429934501647949,8151500.0,0.0,0.0,0.0,BOP.KA,
2023-07-04 00:00:00+05:00,2.4299345785968054,2.4428942173233685,2.3456967723830644,2.3651363849639893,2466000.0,0.0,0.0,0.0,BOP.KA,
2023-07-05 00:00:00+05:00,2.345696614059669,2.3910555010322105,2.345696614059669,2.358656406402588,900000.0,0.0,0.0,0.0,BOP.KA,
2023-07-06 00:00:00+05:00,2.3651363794392024,2.378096018135493,2.332737128207397,2.339216947555542,420000.0,0.0,0.0,0.0,BOP.KA,
2023-07-07 00:00:00+05:00,2.4234544311889232,2.4234544311889232,2.332736817891654,2.3521764278411865,573000.0,0.0,0.0,0.0,BOP.KA,
2023-07-10 00:00:00+05:00,2.3327371274003026,2.3910556560045118,2.300338030670786,2.319777488708496,3670500.0,0.0,0.0,0.0,BOP.KA,
2023-07-11 00:00:00+05:00,2.3327369689941406,2.3651362180146425,2.3068176933705944,2.3327369689941406,3730000.0,0.0,0.0,0.0,BOP.KA,
2023-07-12 00:00:00+05:00,2.332736906349258,2.462333435477787,2.332736906349258,2.423454523086548,16254500.0,0.0,0.0,0.0,BOP.KA,
2023-07-13 00:00:00+05:00,2.4299341889226325,2.5012121904882987,2.423454370598481,2.4558534622192383,11694500.0,0.0,0.0,0.0,BOP.KA,
2023-07-14 00:00:00+05:00,2.462333336244019,2.4947324285976786,2.3197771753968572,2.345696449279785,3441000.0,0.0,0.0,0.0,BOP.KA,
2023-07-17 00:00:00+05:00,2.352176767114688,2.8187240743940674,2.3132976960988385,2.76688551902771,49139000.0,0.0,0.0,0.0,BOP.KA,
2023-07-18 00:00:00+05:00,2.753925708891988,2.8122442345428103,2.5271318887796648,2.6243293285369873,29935500.0,0.0,0.0,0.0,BOP.KA,
2023-07-19 00:00:00+05:00,2.637289038576384,2.708566895226608,2.5465714153600176,2.572490692138672,5859000.0,0.0,0.0,0.0,BOP.KA,
2023-07-20 00:00:00+05:00,2.5530513181917693,2.7409662354841187,2.5530513181917693,2.721526622772217,19500000.0,0.0,0.0,0.0,BOP.KA,
2023-07-21 00:00:00+05:00,2.7733654173733644,2.857602913057385,2.68912761270719,2.7604057788848877,17057500.0,0.0,0.0,0.0,BOP.KA,
2023-07-24 00:00:00+05:00,2.78632496587068,2.792804630414565,2.6891275258552576,2.702087163925171,2733000.0,0.0,0.0,0.0,BOP.KA,
2023-07-25 00:00:00+05:00,2.6567281160922325,2.7280062756725334,2.6567281160922325,2.6761677265167236,3565500.0,0.0,0.0,0.0,BOP.KA,
2023-07-26 00:00:00+05:00,2.7215263849331666,2.7215263849331666,2.656728196526593,2.6891274452209473,2894500.0,0.0,0.0,0.0,BOP.KA,
2023-07-27 00:00:00+05:00,2.6891274452209473,2.6891274452209473,2.6891274452209473,2.6891274452209473,0.0,0.0,0.0,0.0,BOP.KA,
2023-07-28 00:00:00+05:00,2.6891274452209473,2.6891274452209473,2.6891274452209473,2.6891274452209473,0.0,0.0,0.0,0.0,BOP.KA,
2023-07-31 00:00:00+05:00,2.7344860362105243,2.909441300269229,2.7344860362105243,2.8057641983032227,18254500.0,0.0,0.0,0.0,BOP.KA,
2023-08-01 00:00:00+05:00,2.818724008222087,2.987199618189801,2.779845092610035,2.9548003673553467,22545000.0,0.0,0.0,0.0,BOP.KA,
2023-08-02 00:00:00+05:00,2.9871994073089647,3.1751143073258064,2.9871994073089647,3.1232757568359375,46991000.0,0.0,0.0,0.0,BOP.KA,
2023-08-03 00:00:00+05:00,3.1427152806380088,3.175114531472463,2.9288810902806452,2.9548003673553467,11135500.0,0.0,0.0,0.0,BOP.KA,
2023-08-04 00:00:00+05:00,2.967759925019509,2.987199536786872,2.8835221223311813,2.941840648651123,5100000.0,0.0,0.0,0.0,BOP.KA,
2023-08-07 00:00:00+05:00,2.8900020079276176,3.0649572725787455,2.825203818979448,2.851123094558716,3942500.0,0.0,0.0,0.0,BOP.KA,
2023-08-08 00:00:00+05:00,2.851123324767026,2.883522267366031,2.715046962497584,2.728006601333618,5495000.0,0.0,0.0,0.0,BOP.KA,
2023-08-09 00:00:00+05:00,2.728006601333618,2.7928047955137902,2.7085669885884855,2.728006601333618,2347000.0,0.0,0.0,0.0,BOP.KA,
2023-08-10 00:00:00+05:00,2.7474456500285283,2.8187238115004583,2.6243292470071946,2.643768548965454,3632000.0,0.0,0.0,0.0,BOP.KA,
2023-08-11 00:00:00+05:00,2.7085669897494764,2.786325131781175,2.6372891306118165,2.76688551902771,10250500.0,0.0,0.0,0.0,BOP.KA,
2023-08-14 00:00:00+05:00,2.76688551902771,2.76688551902771,2.76688551902771,2.76688551902771,0.0,0.0,0.0,0.0,BOP.KA,
2023-08-15 00:00:00+05:00,2.78632504607308,2.8122443229589753,2.7344861833191376,2.747445821762085,1369500.0,0.0,0.0,0.0,BOP.KA,
2023-08-16 00:00:00+05:00,2.7539256336275204,2.7863248823218747,2.6372888944956885,2.6891274452209473,2598000.0,0.0,0.0,0.0,BOP.KA,
2023-08-17 00:00:00+05:00,2.656728347953918,2.7020872369149376,2.617849432693966,2.6696879863739014,2311500.0,0.0,0.0,0.0,BOP.KA,
2023-08-18 00:00:00+05:00,2.6956070164288226,2.7150466267701625,2.617849193027712,2.6308088302612305,1163000.0,0.0,0.0,0.0,BOP.KA,
2023-08-21 00:00:00+05:00,2.6372890359469037,2.6826476157732486,2.520652136068174,2.53361177444458,3208000.0,0.0,0.0,0.0,BOP.KA,
2023-08-22 00:00:00+05:00,2.5919303097641166,2.5919303097641166,2.4623337633776936,2.5400917530059814,2669000.0,0.0,0.0,0.0,BOP.KA,
2023-08-23 00:00:00+05:00,2.585450403285563,2.585450403285563,2.481773138762271,2.5012125968933105,1651500.0,0.0,0.0,0.0,BOP.KA,
2023-08-24 00:00:00+05:00,2.481773068922305,2.6243294001870567,2.481773068922305,2.572490692138672,1807000.0,0.0,0.0,0.0,BOP.KA,
2023-08-25 00:00:00+05:00,2.5076922502180907,2.5141722236570985,2.397535328103143,2.4364142417907715,9941500.0,0.0,0.0,0.0,BOP.KA,
2023-08-28 00:00:00+05:00,2.4299345002640873,2.4817730534992437,2.3975354044921144,2.4104950428009033,3737000.0,0.0,0.0,0.0,BOP.KA,
2023-08-29 00:00:00+05:00,2.4299344974283037,2.4299344974283037,2.365136305959979,2.3716161251068115,3769000.0,0.0,0.0,0.0,BOP.KA,
2023-08-30 00:00:00+05:00,2.3716160347374613,2.4428940426366026,2.300337872347251,2.3132975101470947,2820000.0,0.0,0.0,0.0,BOP.KA,
2023-08-31 00:00:00+05:00,2.3068179282496657,2.3262573869466414,2.1966609956334686,2.2161004543304443,4880000.0,0.0,0.0,0.0,BOP.KA,
2023-09-01 00:00:00+05:00,2.261458950259015,2.313297501259223,2.1966607615087557,2.235539674758911,2845500.0,0.0,0.0,0.0,BOP.KA,
2023-09-04 00:00:00+05:00,2.2420197328914937,2.2873784698571415,2.2355399133249727,2.254979372024536,911500.0,0.0,0.0,0.0,BOP.KA,
2023-09-05 00:00:00+05:00,2.2679388538063865,2.30033794939112,2.2355397582216527,2.2873783111572266,1133000.0,0.0,0.0,0.0,BOP.KA,
2023-09-06 00:00:00+05:00,2.287378243726348,2.4234545956618336,2.26145896802265,2.358656406402588,2744500.0,0.0,0.0,0.0,BOP.KA,
2023-09-07 00:00:00+05:00,2.3456967652668146,2.3780960164760114,2.2938582105178265,2.30033802986145,755000.0,0.0,0.0,0.0,BOP.KA,
2023-09-08 00:00:00+05:00,2.3456967669036874,2.371616198787348,2.2938582121185256,2.339216947555542,599000.0,0.0,0.0,0.0,BOP.KA,
2023-09-11 00:00:00+05:00,2.397535151536699,2.4169746069488953,2.332736812338321,2.345696449279785,743105.0,0.0,0.0,0.0,BOP.KA,
2023-09-12 00:00:00+05:00,2.3651363777887644,2.3975354745068818,2.2938582105178265,2.30033802986145,1017250.0,0.0,0.0,0.0,BOP.KA,
2023-09-13 00:00:00+05:00,2.3327371265795676,2.3456967652668146,2.287378391174203,2.30033802986145,566085.0,0.0,0.0,0.0,BOP.KA,
2023-09-14 00:00:00+05:00,2.3910556568317833,2.3910556568317833,2.313297670162961,2.339216947555542,1159529.0,0.0,0.0,0.0,BOP.KA,
2023-09-15 00:00:00+05:00,2.300337872347251,2.384575672537305,2.300337872347251,2.3132975101470947,1002487.0,0.0,0.0,0.0,BOP.KA,
2023-09-18 00:00:00+05:00,2.306817700504122,2.371616044254437,2.274418605874499,2.358656406402588,991268.0,0.0,0.0,0.0,BOP.KA,
2023-09-19 00:00:00+05:00,2.3651360591830395,2.3910553330659674,2.332736812338321,2.345696449279785,845669.0,0.0,0.0,0.0,BOP.KA,
2023-09-20 00:00:00+05:00,2.384575520271976,2.3910553387581337,2.332736817891654,2.3521764278411865,819284.0,0.0,0.0,0.0,BOP.KA,
2023-09-21 00:00:00+05:00,2.3586563331664165,2.4364141578631346,2.35217651444169,2.404015064239502,2054886.0,0.0,0.0,0.0,BOP.KA,
2023-09-22 00:00:00+05:00,2.449373803288984,2.49473253450978,2.371615978339047,2.4623334407806396,2032297.0,0.0,0.0,0.0,BOP.KA,
2023-09-25 00:00:00+05:00,2.4623338400669863,2.585450570693108,2.449374200473825,2.553051471710205,3404560.0,0.0,0.0,0.0,BOP.KA,
2023-09-26 00:00:00+05:00,2.533612012320463,2.5724909310999466,2.5271321925238825,2.553051471710205,1806109.0,0.0,0.0,0.0,BOP.KA,
2023-09-27 00:00:00+05:00,2.546571188243361,2.6502484406025704,2.546571188243361,2.6308088302612305,6308530.0,0.0,0.0,0.0,BOP.KA,
2023-09-28 00:00:00+05:00,2.6308088302612305,2.6308088302612305,2.6308088302612305,2.6308088302612305,0.0,0.0,0.0,0.0,BOP.KA,
2023-09-29 00:00:00+05:00,2.6308088302612305,2.6308088302612305,2.6308088302612305,2.6308088302612305,0.0,0.0,0.0,0.0,BOP.KA,
2023-10-02 00:00:00+05:00,2.6048899490175077,2.6048899490175077,2.5271321138783986,2.5595312118530273,1241812.0,0.0,0.0,0.0,BOP.KA,
2023-10-03 00:00:00+05:00,2.58545049023273,2.58545049023273,2.5271321138783986,2.5595312118530273,620434.0,0.0,0.0,0.0,BOP.KA,
2023-10-04 00:00:00+05:00,2.5400915974031477,2.598410124674615,2.5400915974031477,2.5919301509857178,1976659.0,0.0,0.0,0.0,BOP.KA,
2023-10-05 00:00:00+05:00,2.5919301509857178,2.617849427777003,2.5660108741944327,2.5919301509857178,2136592.0,0.0,0.0,0.0,BOP.KA,
2023-10-06 00:00:00+05:00,2.591930309827656,2.591930309827656,2.546571572663176,2.5595312118530273,938850.0,0.0,0.0,0.0,BOP.KA,
2023-10-09 00:00:00+05:00,2.5465715726007487,2.5660110313850493,2.5271321138164478,2.5400917530059814,1793766.0,0.0,0.0,0.0,BOP.KA,
2023-10-10 00:00:00+05:00,2.566011031447953,2.591930309827656,2.5400917530682503,2.5595312118530273,1865544.0,0.0,0.0,0.0,BOP.KA,
2023-10-11 00:00:00+05:00,2.5854501724243164,2.5919299912227305,2.533611622037003,2.5854501724243164,3039713.0,0.0,0.0,0.0,BOP.KA,
2023-10-12 00:00:00+05:00,2.585450570693108,2.6048900300828497,2.5400918321170436,2.553051471710205,1368047.0,0.0,0.0,0.0,BOP.KA,
2023-10-13 00:00:00+05:00,2.585450336636099,2.637289044806952,2.553051240586238,2.598410129547119,4394176.0,0.0,0.0,0.0,BOP.KA,
2023-10-16 00:00:00+05:00,2.5984099768925533,2.6696878295236517,2.5789703659136225,2.6502485275268555,4515568.0,0.0,0.0,0.0,BOP.KA,
2023-10-17 00:00:00+05:00,2.6891276811616045,2.6891276811616045,2.604889874351073,2.6113698482513428,2761677.0,0.0,0.0,0.0,BOP.KA,
2023-10-18 00:00:00+05:00,2.6243294063870075,2.6502486832268963,2.591930155846071,2.598410129547119,902245.0,0.0,0.0,0.0,BOP.KA,
2023-10-19 00:00:00+05:00,2.591930235532696,2.6243294870697196,2.5789705967143193,2.6113698482513428,2749007.0,0.0,0.0,0.0,BOP.KA,
2023-10-20 00:00:00+05:00,2.598410143287854,2.818723997591955,2.598410143287854,2.7604057788848877,12806109.0,0.0,0.0,0.0,BOP.KA,
2023-10-23 00:00:00+05:00,2.766885354274738,2.8187239065543914,2.6891275258552576,2.702087163925171,3623240.0,0.0,0.0,0.0,BOP.KA,
2023-10-24 00:00:00+05:00,2.766885271308835,2.766885271308835,2.656728196526593,2.6891274452209473,2051964.0,0.0,0.0,0.0,BOP.KA,
2023-10-25 00:00:00+05:00,2.715047046002043,2.948320861207434,2.6696881541897755,2.8252041339874268,22478548.0,0.0,0.0,0.0,BOP.KA,
2023-10-26 00:00:00+05:00,2.825204066199966,3.207513568939371,2.825204066199966,3.129755735397339,46166578.0,0.0,0.0,0.0,BOP.KA,
2023-10-27 00:00:00+05:00,3.1427152828237,3.175114533680687,2.9483207046282427,2.9936792850494385,17040457.0,0.0,0.0,0.0,BOP.KA,
2023-10-30 00:00:00+05:00,2.786324876890085,2.786324876890085,2.6243292516983856,2.682647466659546,20348145.0,0.0,0.0,0.0,BOP.KA,
2023-10-31 00:00:00+05:00,2.7344862662605545,2.7668855178417213,2.7085669885884855,2.728006601333618,7024622.0,0.0,0.0,0.0,BOP.KA,
2023-11-01 00:00:00+05:00,2.7474455995982496,2.8187237597618453,2.721526324808238,2.7992844581604004,8710346.0,0.0,0.0,0.0,BOP.KA,
2023-11-02 00:00:00+05:00,2.7992846894447427,2.8316836311180795,2.747445826599527,2.7539258003234863,3145740.0,0.0,0.0,0.0,BOP.KA,
2023-11-03 00:00:00+05:00,2.760405545975383,2.8835219467368742,2.7539255727868164,2.7992844581604004,4603989.0,0.0,0.0,0.0,BOP.KA,
2023-11-06 00:00:00+05:00,2.8316835584352953,2.8770424463922932,2.805764282169052,2.857602834701538,2720562.0,0.0,0.0,0.0,BOP.KA,
2023-11-07 00:00:00+05:00,2.8900021633932966,2.941840717340452,2.818723997224881,2.83168363571167,4587937.0,0.0,0.0,0.0,BOP.KA,
2023-11-08 00:00:00+05:00,2.83168363571167,2.85112324793293,2.766885443277726,2.83168363571167,4032355.0,0.0,0.0,0.0,BOP.KA,
2023-11-09 00:00:00+05:00,2.83168363571167,2.83168363571167,2.83168363571167,2.83168363571167,0.0,0.0,0.0,0.0,BOP.KA,
2023-11-10 00:00:00+05:00,2.838163455932132,2.9353608938167928,2.7863249047888825,2.8835220336914062,5549163.0,0.0,0.0,0.0,BOP.KA,
2023-11-13 00:00:00+05:00,2.883522038857224,2.948320536884509,2.877042374443778,2.8900020122528076,3820262.0,0.0,0.0,0.0,BOP.KA,
2023-11-14 00:00:00+05:00,2.9159214475229436,2.9159214475229436,2.786325062337008,2.877042531967163,2789812.0,0.0,0.0,0.0,BOP.KA,
2023-11-15 00:00:00+05:00,2.8835223560521457,2.8835223560521457,2.7992848555181804,2.8252041339874268,5798539.0,0.0,0.0,0.0,BOP.KA,
2023-11-16 00:00:00+05:00,2.85112324793293,2.877042524906508,2.7733654170121973,2.83168363571167,13726785.0,0.0,0.0,0.0,BOP.KA,
2023-11-17 00:00:00+05:00,2.8705623923372157,2.883522030106918,2.792804565719002,2.812244176864624,6190549.0,0.0,0.0,0.0,BOP.KA,
2023-11-20 00:00:00+05:00,2.851123252310833,2.95480036036434,2.7992846982840796,2.9094414710998535,12369382.0,0.0,0.0,0.0,BOP.KA,
2023-11-21 00:00:00+05:00,2.9224014341246756,3.1362356251128896,2.9029618217702216,3.0390381813049316,30505048.0,0.0,0.0,0.0,BOP.KA,
2023-11-22 00:00:00+05:00,3.1038362950300775,3.110316268643698,3.045517768436087,3.0649573802948,8665984.0,0.0,0.0,0.0,BOP.KA,
2023-11-23 00:00:00+05:00,3.0519977477965177,3.1751144658477957,3.0390381095270222,3.1427152156829834,11726042.0,0.0,0.0,0.0,BOP.KA,
2023-11-24 00:00:00+05:00,3.110316282130745,3.2723119153879265,3.110316282130745,3.1880741119384766,13552909.0,0.0,0.0,0.0,BOP.KA,
2023-11-27 00:00:00+05:00,3.239912670679794,3.317670500620393,3.188074117386061,3.26583194732666,13103901.0,0.0,0.0,0.0,BOP.KA,
2023-11-28 00:00:00+05:00,3.2658318951643834,3.5574239072753606,3.2269529808150628,3.5315046310424805,44327667.0,0.0,0.0,0.0,BOP.KA,
2023-11-29 00:00:00+05:00,3.6351819038391113,3.8684553808794053,3.6027826553146705,3.6351819038391113,50052966.0,0.0,0.0,0.0,BOP.KA,
2023-11-30 00:00:00+05:00,3.687020934070127,3.725899851969338,3.492626035591901,3.5120656490325928,16209942.0,0.0,0.0,0.0,BOP.KA,
2023-12-01 00:00:00+05:00,3.375988739394224,3.505585111566275,3.375988739394224,3.460226535797119,9549412.0,0.0,0.0,0.0,BOP.KA,
2023-12-04 00:00:00+05:00,3.5120651618186582,3.5379844368224607,3.42134769930535,3.434307336807251,10402614.0,0.0,0.0,0.0,BOP.KA,
2023-12-05 00:00:00+05:00,3.440787006207125,3.4991055295438644,3.4213477044162994,3.4731862545013428,8451891.0,0.0,0.0,0.0,BOP.KA,
2023-12-06 00:00:00+05:00,3.499105776939419,3.648141773462203,3.4343075847517204,3.5898232460021973,14036658.0,0.0,0.0,0.0,BOP.KA,
2023-12-07 00:00:00+05:00,3.6287022341789483,3.6805407889700223,3.4991058472012626,3.518545150756836,28099179.0,0.0,0.0,0.0,BOP.KA,
2023-12-08 00:00:00+05:00,3.5574240047265486,3.7453392260358522,3.5379847015104455,3.6740610599517822,32876325.0,0.0,0.0,0.0,BOP.KA,
2023-12-11 00:00:00+05:00,3.693500200707222,3.7582986991964447,3.62870201120014,3.648141622543335,16095264.0,0.0,0.0,0.0,BOP.KA,
2023-12-12 00:00:00+05:00,3.712940223286818,4.0174919021925914,3.6611016659396376,3.920294761657715,55376434.0,0.0,0.0,0.0,BOP.KA,
2023-12-13 00:00:00+05:00,4.00453132461638,4.341482177409518,3.9008542342129844,4.075809478759766,106283289.0,0.0,0.0,0.0,BOP.KA,
2023-12-14 00:00:00+05:00,4.036931093105606,4.587716170736846,4.036931093105606,4.516438007354736,89773616.0,0.0,0.0,0.0,BOP.KA,
2023-12-15 00:00:00+05:00,4.658994303808516,4.957066284395808,4.561796865098375,4.872828483581543,112610953.0,0.0,0.0,0.0,BOP.KA,
2023-12-18 00:00:00+05:00,5.177380052969283,5.313456403378585,4.769151310723509,4.9052276611328125,91711580.0,0.0,0.0,0.0,BOP.KA,
2023-12-19 00:00:00+05:00,4.892267836302143,4.892267836302143,4.257244995008406,4.354442119598389,118013188.0,0.0,0.0,0.0,BOP.KA,
2023-12-20 00:00:00+05:00,4.2442853395847715,4.471079144291732,3.764778146878339,4.237805366516113,53704668.0,0.0,0.0,0.0,BOP.KA,
2023-12-21 00:00:00+05:00,4.2766846999832655,4.5358777776451324,4.218366481521406,4.503478527069092,32840152.0,0.0,0.0,0.0,BOP.KA,
2023-12-22 00:00:00+05:00,4.594196461419547,4.639555042990874,4.257245541688067,4.296124458312988,18932017.0,0.0,0.0,0.0,BOP.KA,
2023-12-25 00:00:00+05:00,4.296124458312988,4.296124458312988,4.296124458312988,4.296124458312988,0.0,0.0,0.0,0.0,BOP.KA,
2023-12-26 00:00:00+05:00,4.270204769977925,4.276684434301303,3.648141545826957,3.7064597606658936,41014387.0,0.0,0.0,0.0,BOP.KA,
2023-12-27 00:00:00+05:00,3.5898229356935927,4.127648347834448,3.5898229356935927,4.088769435882568,36146700.0,0.0,0.0,0.0,BOP.KA,
2023-12-28 00:00:00+05:00,4.140608310699463,4.302603944393299,4.095249731013765,4.140608310699463,22478844.0,0.0,0.0,0.0,BOP.KA,
2023-12-29 00:00:00+05:00,4.147088371228425,4.23132617666948,4.049890927179681,4.19892692565918,13593767.0,0.0,0.0,0.0,BOP.KA,
2024-01-01 00:00:00+05:00,4.198927244192496,4.529398208249376,4.198927244192496,4.496999263763428,32263113.0,0.0,0.0,0.0,BOP.KA,
2024-01-02 00:00:00+05:00,4.5034784484683925,4.736752245190884,4.3155635399642645,4.458119869232178,34951735.0,0.0,0.0,0.0,BOP.KA,
2024-01-03 00:00:00+05:00,4.464599455433981,4.65251436063779,4.412760903513226,4.516438007354736,29654166.0,0.0,0.0,0.0,BOP.KA,
2024-01-04 00:00:00+05:00,4.4905185750534145,4.587716011011896,4.438680024937459,4.529397487640381,19261224.0,0.0,0.0,0.0,BOP.KA,
2024-01-05 00:00:00+05:00,4.542357835160626,4.658994583218469,4.276684778888968,4.484039306640625,28423802.0,0.0,0.0,0.0,BOP.KA,
2024-01-08 00:00:00+05:00,4.503478682514267,4.5553175470216685,4.341483042006816,4.373882293701172,10728003.0,0.0,0.0,0.0,BOP.KA,
2024-01-09 00:00:00+05:00,4.529397786012539,4.529397786012539,4.147088299231827,4.231326103210449,16830685.0,0.0,0.0,0.0,BOP.KA,
2024-01-10 00:00:00+05:00,4.263724722508721,4.309083607911925,4.147087985877508,4.2183661460876465,10299362.0,0.0,0.0,0.0,BOP.KA,
2024-01-11 00:00:00+05:00,4.198926774348247,4.335003129316461,4.198926774348247,4.289644241333008,6248487.0,0.0,0.0,0.0,BOP.KA,
2024-01-12 00:00:00+05:00,4.309083525360743,4.3998009854471025,4.185966817895336,4.237805366516113,11128476.0,0.0,0.0,0.0,BOP.KA,
2024-01-15 00:00:00+05:00,4.263725118697623,4.328523311736067,4.185967287051491,4.19892692565918,10068627.0,0.0,0.0,0.0,BOP.KA,
2024-01-16 00:00:00+05:00,4.160047450748478,4.244285244868434,4.0304507731065184,4.1794867515563965,8838046.0,0.0,0.0,0.0,BOP.KA,
2024-01-17 00:00:00+05:00,4.121169249486248,4.211886723162431,4.095249971293052,4.147088527679443,6534948.0,0.0,0.0,0.0,BOP.KA,
2024-01-18 00:00:00+05:00,4.082290160954051,4.166527657057288,3.855496022803816,4.03045129776001,18468448.0,0.0,0.0,0.0,BOP.KA,
2024-01-19 00:00:00+05:00,4.030450751987868,4.140607819262594,4.017491115189788,4.062849998474121,3123509.0,0.0,0.0,0.0,BOP.KA,
2024-01-22 00:00:00+05:00,4.062850399716363,4.101729313950234,4.017491511952441,4.056370735168457,3684324.0,0.0,0.0,0.0,BOP.KA,
2024-01-23 00:00:00+05:00,4.062850874072837,4.185967604678945,4.0304516206041106,4.173007965087891,3261417.0,0.0,0.0,0.0,BOP.KA,
2024-01-24 00:00:00+05:00,4.211886315770054,4.257245202711917,4.121168850868467,4.153567790985107,10471711.0,0.0,0.0,0.0,BOP.KA,
2024-01-25 00:00:00+05:00,4.1600480041161205,4.211886558475599,4.062850560201022,4.082290172576904,7930191.0,0.0,0.0,0.0,BOP.KA,
2024-01-26 00:00:00+05:00,4.082289920328846,4.114688860310484,3.9656528712449646,3.9980521202087402,6924189.0,0.0,0.0,0.0,BOP.KA,
2024-01-29 00:00:00+05:00,4.017491820587612,4.04989107276258,3.8943754038799376,3.907335042953491,5029530.0,0.0,0.0,0.0,BOP.KA,
2024-01-30 00:00:00+05:00,3.94621378669822,3.952693451459066,3.6935003723999795,3.758298873901367,15921977.0,0.0,0.0,0.0,BOP.KA,
2024-01-31 00:00:00+05:00,3.75829859013065,4.056370562195322,3.706459731047208,4.017491340637207,20853316.0,0.0,0.0,0.0,BOP.KA,
2024-02-01 00:00:00+05:00,4.036931037902832,4.140608140326616,3.9332539354790472,4.036931037902832,11856210.0,0.0,0.0,0.0,BOP.KA,
2024-02-02 00:00:00+05:00,4.017491659207038,4.140608379951345,4.01101199442163,4.03045129776001,4203295.0,0.0,0.0,0.0,BOP.KA,
2024-02-06 00:00:00+05:00,4.06285032197115,4.127648511120982,4.06285032197115,4.114688873291016,5861770.0,0.0,0.0,0.0,BOP.KA,
2024-02-07 00:00:00+05:00,4.153567790985107,4.19892667792697,4.075809963926604,4.153567790985107,5658230.0,0.0,0.0,0.0,BOP.KA,
2024-02-08 00:00:00+05:00,4.153567790985107,4.153567790985107,4.153567790985107,4.153567790985107,0.0,0.0,0.0,0.0,BOP.KA,
2024-02-09 00:00:00+05:00,4.049890657054767,4.049890657054767,3.758298653339678,3.9138143062591553,5904364.0,0.0,0.0,0.0,BOP.KA,
2024-02-12 00:00:00+05:00,3.8878951905638948,3.998052270400349,3.7582988078046244,3.9397337436676025,11127312.0,0.0,0.0,0.0,BOP.KA,
2024-02-13 00:00:00+05:00,3.8878951180438195,4.166527490270055,3.836056565907045,4.0045318603515625,12529415.0,0.0,0.0,0.0,BOP.KA,
2024-02-14 00:00:00+05:00,4.108209526656218,4.160048081986036,4.056370971326399,4.127648830413818,8564843.0,0.0,0.0,0.0,BOP.KA,
2024-02-15 00:00:00+05:00,4.140608546277455,4.179487463498115,3.8814154558242158,3.907335042953491,14408647.0,0.0,0.0,0.0,BOP.KA,
2024-02-16 00:00:00+05:00,3.8943750731974127,3.926774013639126,3.7842179959348763,3.8101372718811035,11684920.0,0.0,0.0,0.0,BOP.KA,
2024-02-19 00:00:00+05:00,3.88141521408283,3.92677410250632,3.771258443309467,3.9008548259735107,7445620.0,0.0,0.0,0.0,BOP.KA,
2024-02-20 00:00:00+05:00,3.9526929311993944,4.373881590610126,3.797177289622449,4.062849998474121,117022297.0,0.0,0.0,0.0,BOP.KA,
2024-02-21 00:00:00+05:00,4.1730074674848465,4.211886381621961,3.946213647193939,4.043410778045654,35437903.0,0.0,0.0,0.0,BOP.KA,
2024-02-22 00:00:00+05:00,4.075809863992248,4.075809863992248,3.9915720655865514,4.017491340637207,7235137.0,0.0,0.0,0.0,BOP.KA,
2024-02-23 00:00:00+05:00,4.004531863908539,4.095249639210617,3.9656529497714246,4.043410778045654,12235161.0,0.0,0.0,0.0,BOP.KA,
2024-02-26 00:00:00+05:00,4.0434110211221554,4.101729550324817,4.03045138229736,4.049890995025635,5948354.0,0.0,0.0,0.0,BOP.KA,
2024-02-27 00:00:00+05:00,4.049890361676042,4.1924463664549085,4.011011451281806,4.062849998474121,47571335.0,0.0,0.0,0.0,BOP.KA,
2024-02-28 00:00:00+05:00,4.069329971364217,4.134128155354611,4.043410388785946,4.062849998474121,8362283.0,0.0,0.0,0.0,BOP.KA,
2024-02-29 00:00:00+05:00,4.069329971364217,4.114688545666437,4.049890361676042,4.062849998474121,6121004.0,0.0,0.0,0.0,BOP.KA,
2024-03-01 00:00:00+05:00,4.088769679327023,4.121168929040364,4.036931126971394,4.095249652862549,8336479.0,0.0,0.0,0.0,BOP.KA,
2024-03-04 00:00:00+05:00,4.121168929040364,4.179487145949373,4.056370738595827,4.095249652862549,12040373.0,0.0,0.0,0.0,BOP.KA,
2024-03-05 00:00:00+05:00,4.134128387347289,4.134128387347289,4.004531703111879,4.017491340637207,8576025.0,0.0,0.0,0.0,BOP.KA,
2024-03-06 00:00:00+05:00,4.023971871276707,4.069330763389367,3.985092953315359,3.991572618484497,10161968.0,0.0,0.0,0.0,BOP.KA,
2024-03-07 00:00:00+05:00,4.017491581185242,4.049890831429538,3.9462137250192297,3.9850926399230957,11080427.0,0.0,0.0,0.0,BOP.KA,
2024-03-08 00:00:00+05:00,3.965653186967471,4.062850632614962,3.965653186967471,4.011012077331543,6160551.0,0.0,0.0,0.0,BOP.KA,
2024-03-11 00:00:00+05:00,3.9721330787627154,4.134128715165938,3.9721330787627154,4.03045129776001,9495698.0,0.0,0.0,0.0,BOP.KA,
2024-03-12 00:00:00+05:00,4.075809946943236,4.082289920328846,3.9850924824196574,3.9980521202087402,5020932.0,0.0,0.0,0.0,BOP.KA,
2024-03-13 00:00:00+05:00,4.017491570371151,4.062850458794641,3.8684555758164256,3.9008548259735107,18744663.0,0.0,0.0,0.0,BOP.KA,
2024-03-14 00:00:00+05:00,3.9138143941122068,4.023971471893924,3.9138143941122068,4.0045318603515625,9734917.0,0.0,0.0,0.0,BOP.KA,
2024-03-15 00:00:00+05:00,4.017491659207038,4.0628505486335165,3.9721330787627154,4.03045129776001,9033178.0,0.0,0.0,0.0,BOP.KA,
2024-03-18 00:00:00+05:00,4.0304510645102765,4.05637064909836,3.9850924866909394,4.036931037902832,7545903.0,0.0,0.0,0.0,BOP.KA,
2024-03-19 00:00:00+05:00,4.0110119115659275,4.036931188136455,3.920294443569083,3.9786126613616943,17912724.0,0.0,0.0,0.0,BOP.KA,
2024-03-20 00:00:00+05:00,4.148903741875987,4.148903741875987,4.017315321150949,4.086979866027832,45010786.0,1.0,0.0,0.0,BOP.KA,
2024-03-21 00:00:00+05:00,4.179865887987408,4.3501565550515355,4.141163279106936,4.210827827453613,29102209.0,0.0,0.0,0.0,BOP.KA,
2024-03-22 00:00:00+05:00,4.249529758856355,4.295973033780774,4.017315229711296,4.203086853027344,8281048.0,0.0,0.0,0.0,BOP.KA,
2024-03-26 00:00:00+05:00,4.1334225727559595,4.218567713376374,4.102460636331191,4.141162872314453,3425397.0,0.0,0.0,0.0,BOP.KA,
2024-03-27 00:00:00+05:00,4.141163177516349,4.257270632213997,4.0250557228187,4.148903846740723,6268578.0,0.0,0.0,0.0,BOP.KA,
2024-03-28 00:00:00+05:00,4.117941882305898,4.19534672858891,4.110201213129886,4.1334228515625,5000978.0,0.0,0.0,0.0,BOP.KA,
2024-03-29 00:00:00+05:00,4.179865759332308,4.179865759332308,4.110201213129886,4.1334228515625,3056257.0,0.0,0.0,0.0,BOP.KA,
2024-04-01 00:00:00+05:00,4.141162817976512,4.210827358565841,4.094719913948756,4.110200881958008,2340701.0,0.0,0.0,0.0,BOP.KA,
2024-04-02 00:00:00+05:00,4.141162909310712,4.141162909310712,4.017315162505208,4.0560173988342285,5487193.0,0.0,0.0,0.0,BOP.KA,
2024-04-03 00:00:00+05:00,4.071498897065793,4.125682103885222,4.05601755900834,4.086979866027832,4565990.0,0.0,0.0,0.0,BOP.KA,
2024-04-04 00:00:00+05:00,4.102460636331191,4.2108274138178805,4.0947199676773005,4.141162872314453,8316403.0,0.0,0.0,0.0,BOP.KA,
2024-04-08 00:00:00+05:00,4.141163228687903,4.187606137321764,4.102460989374067,4.179865837097168,3207757.0,0.0,0.0,0.0,BOP.KA,
2024-04-09 00:00:00+05:00,4.148904166757877,4.280492600958652,4.148904166757877,4.234049320220947,8207555.0,0.0,0.0,0.0,BOP.KA,
2024-04-15 00:00:00+05:00,4.257270742842325,4.396599470642808,4.1566442548831475,4.326935291290283,14072774.0,0.0,0.0,0.0,BOP.KA,
2024-04-16 00:00:00+05:00,4.427561031699169,4.4662636373277245,4.373377826733674,4.388858795166016,11557018.0,0.0,0.0,0.0,BOP.KA,
2024-04-17 00:00:00+05:00,4.334675716722859,4.481745118193413,4.257270865710841,4.4043402671813965,9423506.0,0.0,0.0,0.0,BOP.KA,
2024-04-18 00:00:00+05:00,4.412080440398418,4.466264019090767,4.303713652109153,4.326935291290283,11267977.0,0.0,0.0,0.0,BOP.KA,
2024-04-19 00:00:00+05:00,4.37337772709908,4.435301599417694,4.1721247729681945,4.226308345794678,21408159.0,0.0,0.0,0.0,BOP.KA,
2024-04-22 00:00:00+05:00,4.280492375800291,4.373378194198905,4.1643849182543065,4.210827827453613,20540084.0,0.0,0.0,0.0,BOP.KA,
2024-04-23 00:00:00+05:00,4.257270632213997,4.2650113014383715,4.141163177516349,4.148903846740723,5611939.0,0.0,0.0,0.0,BOP.KA,
2024-04-24 00:00:00+05:00,4.210827644632829,4.241789582754765,4.0637582540059265,4.102460861206055,11249579.0,0.0,0.0,0.0,BOP.KA,
2024-04-25 00:00:00+05:00,4.164384911856596,4.164384911856596,4.0560177547959295,4.094720363616943,10396140.0,0.0,0.0,0.0,BOP.KA,
2024-04-26 00:00:00+05:00,4.110201307664047,4.25727070353206,4.0637583988260575,4.079239368438721,13428775.0,0.0,0.0,0.0,BOP.KA,
2024-04-29 00:00:00+05:00,4.08698010863722,4.110201378911022,3.9863536198629177,4.009574890136719,8563701.0,0.0,0.0,0.0,BOP.KA,
2024-04-30 00:00:00+05:00,4.164385102806213,4.164385102806213,3.9166892070040706,3.9476511478424072,7936919.0,0.0,0.0,0.0,BOP.KA,
2024-05-02 00:00:00+05:00,3.8702460431031587,3.9631318595547325,3.7696195573995745,3.7928411960601807,20168992.0,0.0,0.0,0.0,BOP.KA,
2024-05-03 00:00:00+05:00,3.8315431571687015,3.924429335979552,3.823802857573446,3.877986431121826,6231873.0,0.0,0.0,0.0,BOP.KA,
2024-05-06 00:00:00+05:00,3.9089487813089816,3.9089487813089816,3.854765202027306,3.870246171951294,4848114.0,0.0,0.0,0.0,BOP.KA,
2024-05-07 00:00:00+05:00,3.955391622983812,3.955391622983812,3.8470244662861406,3.8625054359436035,3243941.0,0.0,0.0,0.0,BOP.KA,
2024-05-08 00:00:00+05:00,3.8702457858668367,3.908948391363665,3.800581243610705,3.8160622119903564,4340483.0,0.0,0.0,0.0,BOP.KA,
2024-05-09 00:00:00+05:00,3.8547647941452636,3.9321696355748075,3.823802857573446,3.877986431121826,5777825.0,0.0,0.0,0.0,BOP.KA,
2024-05-10 00:00:00+05:00,3.8702461053200503,3.9166890142924395,3.8392841660051245,3.8625054359436035,2937556.0,0.0,0.0,0.0,BOP.KA,
2024-05-13 00:00:00+05:00,3.8702458156832775,3.9553913269750227,3.8470241783872003,3.9089484214782715,6953515.0,0.0,0.0,0.0,BOP.KA,
2024-05-14 00:00:00+05:00,3.9321695322281176,4.056017275260377,3.916688564349085,3.9553911685943604,4422084.0,0.0,0.0,0.0,BOP.KA,
2024-05-15 00:00:00+05:00,4.001834340021098,4.001834340021098,3.916688826441067,3.970872402191162,3799100.0,0.0,0.0,0.0,BOP.KA,
2024-05-16 00:00:00+05:00,3.970872563709074,3.986353533253741,3.908948685530406,3.9244296550750732,1718749.0,0.0,0.0,0.0,BOP.KA,
2024-05-17 00:00:00+05:00,3.9476509856096107,4.040536804307382,3.8702461366948016,3.994093894958496,5272771.0,0.0,0.0,0.0,BOP.KA,
2024-05-20 00:00:00+05:00,3.9863534653799526,4.025055704034941,3.8857269805052237,3.916688919067383,3419162.0,0.0,0.0,0.0,BOP.KA,
2024-05-21 00:00:00+05:00,3.916689081723257,3.9321700516472444,3.8625055024415813,3.870246171951294,3855589.0,0.0,0.0,0.0,BOP.KA,
2024-05-22 00:00:00+05:00,3.877986723036288,3.932169931567897,3.808322175958019,3.831543445587158,7828131.0,0.0,0.0,0.0,BOP.KA,
2024-05-23 00:00:00+05:00,3.870245907219554,3.870245907219554,3.8083220317593067,3.854764938354492,5508421.0,0.0,0.0,0.0,BOP.KA,
2024-05-24 00:00:00+05:00,3.8083218892875377,3.9089483676936436,3.8083218892875377,3.877986431121826,3906368.0,0.0,0.0,0.0,BOP.KA,
2024-05-27 00:00:00+05:00,3.885726970607479,3.9321698783324184,3.761879216674307,3.800581455230713,8008934.0,0.0,0.0,0.0,BOP.KA,
2024-05-28 00:00:00+05:00,3.800581455230713,3.800581455230713,3.800581455230713,3.800581455230713,0.0,0.0,0.0,0.0,BOP.KA,
2024-05-29 00:00:00+05:00,3.847024362955652,3.847024362955652,3.7696195167474196,3.800581455230713,6466817.0,0.0,0.0,0.0,BOP.KA,
2024-05-30 00:00:00+05:00,3.8625053321972986,3.8625053321972986,3.7696195167474196,3.800581455230713,2593579.0,0.0,0.0,0.0,BOP.KA,
2024-05-31 00:00:00+05:00,3.808322139487923,3.847024378197668,3.754138562379773,3.777360200881958,4778029.0,0.0,0.0,0.0,BOP.KA,
2024-06-03 00:00:00+05:00,3.8238031607517535,3.847024430474065,3.7773602522117034,3.8083221912384033,1386929.0,0.0,0.0,0.0,BOP.KA,
2024-06-04 00:00:00+05:00,3.800581402931498,3.808322071993514,3.738657526817037,3.7696194648742676,3295795.0,0.0,0.0,0.0,BOP.KA,
2024-06-05 00:00:00+05:00,3.8083218445226854,3.8083218445226854,3.7386573035072677,3.7463979721069336,1322065.0,0.0,0.0,0.0,BOP.KA,
2024-06-06 00:00:00+05:00,3.7541385790828157,3.7851005178265376,3.6612527628516496,3.6767337322235107,5353917.0,0.0,0.0,0.0,BOP.KA,
2024-06-07 00:00:00+05:00,3.6767336538139905,3.7154362609659883,3.5528859014802627,3.6302907466888428,10547974.0,0.0,0.0,0.0,BOP.KA,
2024-06-10 00:00:00+05:00,3.638031032058026,3.707695577013805,3.6225500630784544,3.6535120010375977,741139.0,0.0,0.0,0.0,BOP.KA,
2024-06-11 00:00:00+05:00,3.661252604669246,3.6999552109744855,3.560626123551949,3.583847761154175,2354681.0,0.0,0.0,0.0,BOP.KA,
2024-06-12 00:00:00+05:00,3.568366988957696,3.6225501978543586,3.5528860194021594,3.591588258743286,1382998.0,0.0,0.0,0.0,BOP.KA,
2024-06-13 00:00:00+05:00,3.599328975426736,3.754138673018999,3.599328975426736,3.699955463409424,3532671.0,0.0,0.0,0.0,BOP.KA,
2024-06-14 00:00:00+05:00,3.754138682735696,3.754138682735696,3.6457718941406303,3.7386577129364014,1981190.0,0.0,0.0,0.0,BOP.KA,
2024-06-20 00:00:00+05:00,3.7773601451878402,3.9399105050201944,3.7386575379533116,3.8857269287109375,20657396.0,0.0,0.0,0.0,BOP.KA,
2024-06-21 00:00:00+05:00,3.916688745573506,3.9786126199548417,3.80832196540617,3.8470242023468018,7768926.0,0.0,0.0,0.0,BOP.KA,
2024-06-24 00:00:00+05:00,3.831543180370008,3.8702457858668367,3.7773599755889284,3.8160622119903564,10443245.0,0.0,0.0,0.0,BOP.KA,
2024-06-25 00:00:00+05:00,3.8392837807305615,3.8392837807305615,3.7309170040029955,3.7463979721069336,2281918.0,0.0,0.0,0.0,BOP.KA,
2024-06-26 00:00:00+05:00,3.7386575833590046,3.7773601910635732,3.6535120678662056,3.661252737045288,7351307.0,0.0,0.0,0.0,BOP.KA,
2024-06-27 00:00:00+05:00,3.661252737045288,3.6999553447498568,3.6535120678662056,3.661252737045288,3880923.0,0.0,0.0,0.0,BOP.KA,
2024-06-28 00:00:00+05:00,3.6922146197311916,3.8625052790459593,3.6767336507025763,3.7696194648742676,5797301.0,0.0,0.0,0.0,BOP.KA,
2024-07-01 00:00:00+05:00,3.8160623719601134,3.8160623719601134,3.7463981958790527,3.7696194648742676,1956302.0,0.0,0.0,0.0,BOP.KA,
2024-07-02 00:00:00+05:00,3.7696195408966306,3.9399105727410935,3.7386576022149867,3.893467664718628,11064446.0,0.0,0.0,0.0,BOP.KA,
2024-07-03 00:00:00+05:00,3.916688985743196,4.210827776186409,3.916688985743196,4.179865837097168,31468760.0,0.0,0.0,0.0,BOP.KA,
2024-07-04 00:00:00+05:00,4.265010861163225,4.373377635449846,4.125681782270756,4.280491828918457,29276220.0,0.0,0.0,0.0,BOP.KA,
2024-07-05 00:00:00+05:00,4.38111834949206,4.466263864753316,4.257270595726903,4.41208028793335,34409587.0,0.0,0.0,0.0,BOP.KA,
2024-07-08 00:00:00+05:00,4.412080690672843,4.528188154973803,4.326935536734866,4.48174524307251,17587329.0,0.0,0.0,0.0,BOP.KA,
2024-07-09 00:00:00+05:00,4.528187383658585,4.721699668166178,4.419820607681043,4.590111255645752,43339979.0,0.0,0.0,0.0,BOP.KA,
2024-07-10 00:00:00+05:00,4.644294751169081,4.644294751169081,4.419820534390206,4.443041801452637,16102902.0,0.0,0.0,0.0,BOP.KA,
2024-07-11 00:00:00+05:00,4.4198212373837995,4.51270705859822,4.342416386371783,4.4043402671813965,7219643.0,0.0,0.0,0.0,BOP.KA,
2024-07-12 00:00:00+05:00,4.450783075392203,4.458523744863042,4.203087188756888,4.342416286468506,7095310.0,0.0,0.0,0.0,BOP.KA,
2024-07-15 00:00:00+05:00,4.404339709536524,4.4507826142634785,4.272751294929123,4.35789680480957,7402428.0,0.0,0.0,0.0,BOP.KA,
2024-07-16 00:00:00+05:00,4.35789680480957,4.35789680480957,4.35789680480957,4.35789680480957,0.0,0.0,0.0,0.0,BOP.KA,
2024-07-17 00:00:00+05:00,4.35789680480957,4.35789680480957,4.35789680480957,4.35789680480957,0.0,0.0,0.0,0.0,BOP.KA,
2024-07-18 00:00:00+05:00,4.3578966676946145,4.388858603205078,4.257270192737917,4.280491828918457,4229979.0,0.0,0.0,0.0,BOP.KA,
2024-07-19 00:00:00+05:00,4.257270658614914,4.303713566962898,4.14116320319724,4.164384841918945,3859518.0,0.0,0.0,0.0,BOP.KA,
2024-07-22 00:00:00+05:00,4.295973386578613,4.295973386578613,3.9786129503746928,4.009574890136719,5385243.0,0.0,0.0,0.0,BOP.KA,
2024-07-23 00:00:00+05:00,4.032796434229957,4.172125159867392,3.9863535256841454,4.063758373260498,3053493.0,0.0,0.0,0.0,BOP.KA,
2024-07-24 00:00:00+05:00,4.079239223066894,4.172125037432702,4.032796315883991,4.102460861206055,4074818.0,0.0,0.0,0.0,BOP.KA,
2024-07-25 00:00:00+05:00,4.133423018280259,4.15664428855406,3.9863536198629177,4.009574890136719,3335884.0,0.0,0.0,0.0,BOP.KA,
2024-07-26 00:00:00+05:00,4.009574330930647,4.025055298652565,3.9476504600429743,3.9631314277648926,3799117.0,0.0,0.0,0.0,BOP.KA,
2024-07-29 00:00:00+05:00,4.025055394630771,4.025055394630771,3.963131522266512,3.9863531589508057,1644574.0,0.0,0.0,0.0,BOP.KA,
2024-07-30 00:00:00+05:00,3.994093723440816,4.056017599913477,3.9786127543226506,4.001834392547607,1277380.0,0.0,0.0,0.0,BOP.KA,
2024-07-31 00:00:00+05:00,4.032796007989522,4.032796007989522,3.9244292328362955,3.9553911685943604,1438500.0,0.0,0.0,0.0,BOP.KA,
2024-08-01 00:00:00+05:00,3.9553911685943604,3.986353104352425,3.916688564349085,3.9553911685943604,1619389.0,0.0,0.0,0.0,BOP.KA,
2024-08-02 00:00:00+05:00,3.94765050010715,4.0095743716232795,3.9244292328362955,3.9553911685943604,2224366.0,0.0,0.0,0.0,BOP.KA,
2024-08-05 00:00:00+05:00,3.9476508576295424,3.9863534653799526,3.877986680412395,3.916688919067383,2843925.0,0.0,0.0,0.0,BOP.KA,
2024-08-06 00:00:00+05:00,3.994093508718443,3.994093508718443,3.8702457624311726,3.877986431121826,3459201.0,0.0,0.0,0.0,BOP.KA,
2024-08-07 00:00:00+05:00,3.9321696355748075,3.9321696355748075,3.8702457624311726,3.877986431121826,2975191.0,0.0,0.0,0.0,BOP.KA,
2024-08-08 00:00:00+05:00,3.8934673994077347,3.916688667288899,3.8470241254546105,3.877986431121826,2875842.0,0.0,0.0,0.0,BOP.KA,
2024-08-09 00:00:00+05:00,3.8857269955005056,3.916688934182149,3.854765056818862,3.893467664718628,1004372.0,0.0,0.0,0.0,BOP.KA,
2024-08-12 00:00:00+05:00,3.8934679359230424,4.025055999938249,3.854765325327397,3.9476511478424072,3992201.0,0.0,0.0,0.0,BOP.KA,
2024-08-13 00:00:00+05:00,4.009574639930876,4.017315308936066,3.916688826441067,3.970872402191162,1577106.0,0.0,0.0,0.0,BOP.KA,
2024-08-15 00:00:00+05:00,4.01731504011049,4.01731504011049,3.88572662859102,3.9553911685943604,1666565.0,0.0,0.0,0.0,BOP.KA,
2024-08-16 00:00:00+05:00,3.8934675977960103,4.025055650383491,3.8702459596362093,3.8857269287109375,3832555.0,0.0,0.0,0.0,BOP.KA,
2024-08-19 00:00:00+05:00,3.908948566870738,3.986353412244379,3.877986628721282,3.8857269287109375,2087153.0,0.0,0.0,0.0,BOP.KA,
2024-08-20 00:00:00+05:00,3.986353758438052,3.986353758438052,3.877986965503874,3.9476511478424072,1595497.0,0.0,0.0,0.0,BOP.KA,
2024-08-21 00:00:00+05:00,3.986353500413743,4.071499016755688,3.9708725309966098,4.048277378082275,4028535.0,0.0,0.0,0.0,BOP.KA,
2024-08-22 00:00:00+05:00,4.09471974394963,4.1411626460492315,3.986352972383894,4.117941379547119,3133500.0,0.0,0.0,0.0,BOP.KA,
2024-08-23 00:00:00+05:00,4.1411628368088875,4.295972886700814,4.1411628368088875,4.226308345794678,10495033.0,0.0,0.0,0.0,BOP.KA,
2024-08-26 00:00:00+05:00,4.334675578659106,4.334675578659106,4.063758424198305,4.094720363616943,4214902.0,0.0,0.0,0.0,BOP.KA,
2024-08-27 00:00:00+05:00,4.133422972437957,4.15664424245422,4.071499093600681,4.094720363616943,3982123.0,0.0,0.0,0.0,BOP.KA,
2024-08-28 00:00:00+05:00,4.110201213129886,4.141163151643091,4.079239274616681,4.1334228515625,3733701.0,0.0,0.0,0.0,BOP.KA,
2024-08-29 00:00:00+05:00,4.156643986608572,4.156643986608572,3.9089484865053747,3.9786126613616943,11903975.0,0.0,0.0,0.0,BOP.KA,
2024-08-30 00:00:00+05:00,4.017315699276389,4.056017940776585,3.932170177423239,3.9476511478424072,4956876.0,0.0,0.0,0.0,BOP.KA,
2024-09-02 00:00:00+05:00,3.955391594164407,3.9786128639336935,3.9166889857550253,3.9244296550750732,3342399.0,0.0,0.0,0.0,BOP.KA,
2024-09-03 00:00:00+05:00,3.924429876761379,3.9631321182615755,3.9089489063422107,3.9476511478424072,962842.0,0.0,0.0,0.0,BOP.KA,
2024-09-04 00:00:00+05:00,3.986353063895462,3.986353063895462,3.893467257563953,3.9631314277648926,2085919.0,0.0,0.0,0.0,BOP.KA,
2024-09-05 00:00:00+05:00,3.970872563709074,4.056017711657028,3.9166889857550253,3.9244296550750732,3871838.0,0.0,0.0,0.0,BOP.KA,
2024-09-06 00:00:00+05:00,3.970872788018884,4.00957502951908,3.924429876761379,3.9476511478424072,4816352.0,0.0,0.0,0.0,BOP.KA,
2024-09-09 00:00:00+05:00,3.9476511478424072,3.978613088680744,3.924429876761379,3.9476511478424072,2905448.0,0.0,0.0,0.0,BOP.KA,
2024-09-10 00:00:00+05:00,3.924429918089676,4.0327967121650685,3.8934679769252782,3.939910888671875,1798519.0,0.0,0.0,0.0,BOP.KA,
2024-09-11 00:00:00+05:00,3.924429322366593,3.9476505901672074,3.8779864176699665,3.901207685470581,5750794.0,0.0,0.0,0.0,BOP.KA,
2024-09-12 00:00:00+05:00,3.9244295882556335,3.9476508576295424,3.8857269805052237,3.916688919067383,4791938.0,0.0,0.0,0.0,BOP.KA,
2024-09-13 00:00:00+05:00,3.9399102905988017,4.001834163527636,3.8857267172383723,3.901207685470581,3171749.0,0.0,0.0,0.0,BOP.KA,
2024-09-16 00:00:00+05:00,3.8934676647186284,3.9476508728637927,3.8779866953778064,3.893467664718628,1540942.0,0.0,0.0,0.0,BOP.KA,
2024-09-17 00:00:00+05:00,3.8934676647186284,3.8934676647186284,3.8934676647186284,3.893467664718628,0.0,0.0,0.0,0.0,BOP.KA,
2024-09-18 00:00:00+05:00,3.932169782679801,3.9631317204099243,3.792841062894245,3.854764938354492,9432536.0,0.0,0.0,0.0,BOP.KA,
2024-09-19 00:00:00+05:00,3.854765056818862,3.90894863405945,3.8470243876007393,3.893467664718628,2360363.0,0.0,0.0,0.0,BOP.KA,
2024-09-20 00:00:00+05:00,3.8702457137201236,4.025055394630771,3.8470240770358295,3.9863531589508057,6625110.0,0.0,0.0,0.0,BOP.KA,
2024-09-23 00:00:00+05:00,4.017315200970691,4.017315200970691,3.8702458156832775,3.9089484214782715,2672155.0,0.0,0.0,0.0,BOP.KA,
2024-09-24 00:00:00+05:00,3.9089485139299143,3.978612689274986,3.8083220317593067,3.854764938354492,4033903.0,0.0,0.0,0.0,BOP.KA,
2024-09-25 00:00:00+05:00,3.924429603400272,3.986353480763559,3.8779866953778064,3.893467664718628,2058857.0,0.0,0.0,0.0,BOP.KA,
2024-09-26 00:00:00+05:00,3.9708722270632193,3.978612526631625,3.8934673859021753,3.901207685470581,3090993.0,0.0,0.0,0.0,BOP.KA,
2024-09-27 00:00:00+05:00,3.9553915420819155,3.9786128115454362,3.8779866953778064,3.893467664718628,3257056.0,0.0,0.0,0.0,BOP.KA,
2024-09-30 00:00:00+05:00,3.9089484214782715,3.9631316266767795,3.8702458156832775,3.9089484214782715,2396215.0,0.0,0.0,0.0,BOP.KA,
2024-10-01 00:00:00+05:00,3.9089489063422107,3.970872788018884,3.877986965503874,3.9476511478424072,3632240.0,0.0,0.0,0.0,BOP.KA,
2024-10-02 00:00:00+05:00,3.9476506581778623,3.9786125951756963,3.8934674529793547,3.9089484214782715,1877281.0,0.0,0.0,0.0,BOP.KA,
2024-10-03 00:00:00+05:00,3.916688919067383,3.9476508576295424,3.8934676496934744,3.916688919067383,1331313.0,0.0,0.0,0.0,BOP.KA,
2024-10-04 00:00:00+05:00,3.916688919067383,3.9476508576295424,3.9012079497863033,3.916688919067383,2010551.0,0.0,0.0,0.0,BOP.KA,
2024-10-07 00:00:00+05:00,3.9476510354233922,4.056017825271561,3.885727155510153,4.025055885314941,4824057.0,0.0,0.0,0.0,BOP.KA,
2024-10-08 00:00:00+05:00,4.05601767824313,4.063758347499409,3.986353500413743,4.048277378082275,4124496.0,0.0,0.0,0.0,BOP.KA,
2024-10-09 00:00:00+05:00,4.048277378082275,4.048277378082275,4.048277378082275,4.048277378082275,0.0,0.0,0.0,0.0,BOP.KA,
2024-10-10 00:00:00+05:00,4.404339841787013,4.474004385516981,4.187605910791227,4.218567848205566,9397921.0,0.0,0.0,0.0,BOP.KA,
2024-10-11 00:00:00+05:00,4.218568178384091,4.2727517576477245,4.125682358871092,4.241789817810059,4957275.0,0.0,0.0,0.0,BOP.KA,
2024-10-14 00:00:00+05:00,4.249529613366461,4.319194154272598,4.179865441555718,4.226308345794678,3645771.0,0.0,0.0,0.0,BOP.KA,
2024-10-15 00:00:00+05:00,4.295973345533393,4.295973345533393,4.179865887987408,4.210827827453613,2289102.0,0.0,0.0,0.0,BOP.KA,
2024-10-16 00:00:00+05:00,4.2263085171068555,4.249529785619906,4.141163004669718,4.218567848205566,3383183.0,0.0,0.0,0.0,BOP.KA,
2024-10-17 00:00:00+05:00,4.164384419678904,4.257270226956889,4.164384419678904,4.195346355438232,8302255.0,0.0,0.0,0.0,BOP.KA,
2024-10-18 00:00:00+05:00,4.195346499837351,4.241789405074856,4.141162925845895,4.172124862670898,4479876.0,0.0,0.0,0.0,BOP.KA,
2024-10-21 00:00:00+05:00,4.1643845896296465,4.25727040069835,4.1643845896296465,4.187605857849121,8439608.0,0.0,0.0,0.0,BOP.KA,
2024-10-22 00:00:00+05:00,4.226308291197561,4.241789259077224,4.172124719071042,4.195346355438232,6549626.0,0.0,0.0,0.0,BOP.KA,
2024-10-23 00:00:00+05:00,4.179865531424849,4.257270373487358,4.156643894258397,4.172124862670898,2903203.0,0.0,0.0,0.0,BOP.KA,
2024-10-24 00:00:00+05:00,4.179865649857896,4.535928302529576,4.148903712155612,4.350156307220459,19980833.0,0.0,0.0,0.0,BOP.KA,
2024-10-25 00:00:00+05:00,4.412079870290232,4.4585231426513126,4.257270192737917,4.280491828918457,9956410.0,0.0,0.0,0.0,BOP.KA,
2024-10-28 00:00:00+05:00,4.265011004837189,4.326934877944123,4.21856773091159,4.257270336151123,6118682.0,0.0,0.0,0.0,BOP.KA,
2024-10-29 00:00:00+05:00,4.265010861163225,4.342415699939383,4.265010861163225,4.280491828918457,10111221.0,0.0,0.0,0.0,BOP.KA,
2024-10-30 00:00:00+05:00,4.280491828918457,4.3965989025350005,4.203086621046913,4.280491828918457,14016589.0,0.0,0.0,0.0,BOP.KA,
2024-10-31 00:00:00+05:00,4.334675236544959,4.60559236962363,4.334675236544959,4.5049662590026855,42667349.0,0.0,0.0,0.0,BOP.KA,
2024-11-01 00:00:00+05:00,4.528188028800624,4.582371609056758,4.365637657127666,4.4043402671813965,10818766.0,0.0,0.0,0.0,BOP.KA,
2024-11-04 00:00:00+05:00,4.342416033529638,4.450782816141142,4.342416033529638,4.365637302398682,13582065.0,0.0,0.0,0.0,BOP.KA,
2024-11-05 00:00:00+05:00,4.342416033529638,4.427561178176684,4.30371342662068,4.365637302398682,15008895.0,0.0,0.0,0.0,BOP.KA,
2024-11-06 00:00:00+05:00,4.412079949639694,4.961654868477374,4.388858682136915,4.806845188140869,88684180.0,0.0,0.0,0.0,BOP.KA,
2024-11-07 00:00:00+05:00,4.876510300676769,5.170648727807837,4.876510300676769,5.085503578186035,62920538.0,0.0,0.0,0.0,BOP.KA,
2024-11-08 00:00:00+05:00,5.100984602704609,5.2867562428836505,4.8145861037854285,5.23257303237915,66481469.0,0.0,0.0,0.0,BOP.KA,
2024-11-11 00:00:00+05:00,5.402863014889502,5.402863014889502,5.139686189036464,5.186129093170166,30732112.0,0.0,0.0,0.0,BOP.KA,
2024-11-12 00:00:00+05:00,5.1861289554463115,5.263534162708953,5.015838311478342,5.108724117279053,18433912.0,0.0,0.0,0.0,BOP.KA,
2024-11-13 00:00:00+05:00,5.03906032684834,5.201610314689676,5.03906032684834,5.16290807723999,11328169.0,0.0,0.0,0.0,BOP.KA,
2024-11-14 00:00:00+05:00,5.178388965943354,5.201610234234914,5.070022186026799,5.116465091705322,9691130.0,0.0,0.0,0.0,BOP.KA,
2024-11-15 00:00:00+05:00,5.13968643949385,5.279015527779868,5.116465170843121,5.16290807723999,13863522.0,0.0,0.0,0.0,BOP.KA,
2024-11-18 00:00:00+05:00,5.162908103540395,5.240312947929485,5.108724527920326,5.178389072418213,7029839.0,0.0,0.0,0.0,BOP.KA,
2024-11-19 00:00:00+05:00,5.186129333000635,5.294496483419395,5.186129333000635,5.2635345458984375,10387663.0,0.0,0.0,0.0,BOP.KA,
2024-11-20 00:00:00+05:00,5.279015554671736,5.379641667829848,5.11646519690694,5.178389072418213,17692836.0,0.0,0.0,0.0,BOP.KA,
2024-11-21 00:00:00+05:00,5.178389244072306,5.232572821488461,5.139686636047133,5.170648574829102,9545990.0,0.0,0.0,0.0,BOP.KA,
2024-11-22 00:00:00+05:00,5.124205574179777,5.41834435639558,5.124205574179777,5.224832057952881,36573763.0,0.0,0.0,0.0,BOP.KA,
2024-11-25 00:00:00+05:00,5.224831662827812,5.410603278118125,5.131945855182656,5.271274566650391,20014784.0,0.0,0.0,0.0,BOP.KA,
2024-11-26 00:00:00+05:00,5.279015764153507,5.650559401060138,5.1861295781052785,5.302237033843994,92023190.0,0.0,0.0,0.0,BOP.KA,
2024-11-27 00:00:00+05:00,5.56541394775762,6.076286315917969,5.457047160077184,6.076286315917969,114966225.0,0.0,0.0,0.0,BOP.KA,
2024-11-28 00:00:00+05:00,6.3859057906670955,6.850335597991943,6.331722583815834,6.850335597991943,179225089.0,0.0,0.0,0.0,BOP.KA,
2024-11-29 00:00:00+05:00,7.074809524143534,7.337985616082329,6.850335299301964,7.121252059936523,95056818.0,0.0,0.0,0.0,BOP.KA,
2024-12-02 00:00:00+05:00,7.268321850859091,7.27606178140502,6.811632730063245,6.974183082580566,61288845.0,0.0,0.0,0.0,BOP.KA,
2024-12-03 00:00:00+05:00,7.0515880068536925,7.152214492301392,6.664563403527546,7.020626068115234,44018923.0,0.0,0.0,0.0,BOP.KA,
2024-12-04 00:00:00+05:00,6.9819238576924265,7.175436149914179,6.889037307818071,7.036107063293457,32597839.0,0.0,0.0,0.0,BOP.KA,
2024-12-05 00:00:00+05:00,7.082550135096355,7.81015682220459,7.020626255962574,7.81015682220459,163462276.0,0.0,0.0,0.0,BOP.KA,
2024-12-06 00:00:00+05:00,8.003668144789476,8.537761721185579,7.848858465992834,8.390692710876465,115553351.0,0.0,0.0,0.0,BOP.KA,
2024-12-09 00:00:00+05:00,8.42939572359192,8.42939572359192,7.825636839742127,8.02688980102539,69102443.0,0.0,0.0,0.0,BOP.KA,
2024-12-10 00:00:00+05:00,8.204921618581784,8.204921618581784,7.291543348256905,7.709529876708984,50948552.0,0.0,0.0,0.0,BOP.KA,
2024-12-11 00:00:00+05:00,7.825637168946515,8.011409538510316,7.740492022448287,7.833377838134766,16697543.0,0.0,0.0,0.0,BOP.KA,
2024-12-12 00:00:00+05:00,7.856599024829518,8.050111323354292,7.802415817463649,8.003668785095215,28798668.0,0.0,0.0,0.0,BOP.KA,
2024-12-13 00:00:00+05:00,8.127516419594196,8.127516419594196,7.48505565691011,7.608903408050537,24572331.0,0.0,0.0,0.0,BOP.KA,
2024-12-16 00:00:00+05:00,7.732750717392733,7.732750717392733,7.2528403400470705,7.361207485198975,30394814.0,0.0,0.0,0.0,BOP.KA,
2024-12-17 00:00:00+05:00,7.283802903121989,7.8875610765094635,7.206398425513304,7.786935329437256,57202972.0,0.0,0.0,0.0,BOP.KA,
2024-12-18 00:00:00+05:00,7.77919451180747,8.20492171420117,7.616644152282269,7.872080326080322,60162802.0,0.0,0.0,0.0,BOP.KA,
2024-12-19 00:00:00+05:00,7.856598783302347,7.934003995609005,7.121252219152359,7.214138031005859,35598669.0,0.0,0.0,0.0,BOP.KA,
2024-12-20 00:00:00+05:00,7.190916687413532,7.46957412006084,6.772930169347168,7.384428977966309,29495012.0,0.0,0.0,0.0,BOP.KA,
2024-12-23 00:00:00+05:00,7.407650690278374,7.725010747702297,7.3147648738268005,7.585682392120361,23134820.0,0.0,0.0,0.0,BOP.KA,
2024-12-24 00:00:00+05:00,7.655346781517525,7.732751257872679,7.28380278516395,7.337985992431641,14921808.0,0.0,0.0,0.0,BOP.KA,
2024-12-26 00:00:00+05:00,7.353467841231653,7.639865973833558,7.1599555296202935,7.291543960571289,30318392.0,0.0,0.0,0.0,BOP.KA,
2024-12-27 00:00:00+05:00,7.353467330617173,7.4231318760703955,7.291543454256716,7.337985992431641,18571374.0,0.0,0.0,0.0,BOP.KA,
2024-12-30 00:00:00+05:00,7.423132312396674,8.112035661947699,7.399911041944282,8.10429573059082,84182656.0,0.0,0.0,0.0,BOP.KA,
2024-12-31 00:00:00+05:00,8.119775463240602,8.468097435543614,7.964965779793798,8.367471694946289,63821141.0,0.0,0.0,0.0,BOP.KA,
2025-01-01 00:00:00+05:00,8.367471694946289,8.367471694946289,8.367471694946289,8.367471694946289,0.0,0.0,0.0,0.0,BOP.KA,
2025-01-02 00:00:00+05:00,8.576464675442503,8.65386988709516,8.321028510455866,8.375211715698242,37387280.0,0.0,0.0,0.0,BOP.KA,
2025-01-03 00:00:00+05:00,8.42165505986971,8.522281540572763,8.220402098463605,8.460357666015625,26761290.0,0.0,0.0,0.0,BOP.KA,
2025-01-06 00:00:00+05:00,8.460357690691827,8.560984171688375,8.19718085396098,8.25910472869873,15647585.0,0.0,0.0,0.0,BOP.KA,
2025-01-07 00:00:00+05:00,8.204921911179907,8.305547658748136,7.817897306656155,8.09655475616455,22768455.0,0.0,0.0,0.0,BOP.KA,
2025-01-08 00:00:00+05:00,8.14299794530376,8.274585630280853,7.8798210989678905,7.934004306793213,19667050.0,0.0,0.0,0.0,BOP.KA,
2025-01-09 00:00:00+05:00,7.817897371060812,8.03463094468615,7.732751484922002,7.8488593101501465,15645082.0,0.0,0.0,0.0,BOP.KA,
2025-01-10 00:00:00+05:00,7.941745249911593,8.003669129045374,7.663087055618708,7.81015682220459,10662317.0,0.0,0.0,0.0,BOP.KA,
2025-01-13 00:00:00+05:00,7.926263770900827,7.98818764893983,7.7869354144085,7.949485778808594,6522869.0,0.0,0.0,0.0,BOP.KA,
2025-01-14 00:00:00+05:00,8.081074114341847,8.274586433286911,7.879821863664077,8.119776725769043,14469918.0,0.0,0.0,0.0,BOP.KA,
2025-01-15 00:00:00+05:00,8.228142279750266,8.228142279750266,7.8953009200859485,7.926262855529785,12518203.0,0.0,0.0,0.0,BOP.KA,
2025-01-16 00:00:00+05:00,7.9107827984439485,8.011409280072597,7.817896985753847,7.856598854064941,7261790.0,0.0,0.0,0.0,BOP.KA,
2025-01-17 00:00:00+05:00,7.856599362459492,8.034631068612265,7.771454213198259,7.81015682220459,8266919.0,0.0,0.0,0.0,BOP.KA,
2025-01-20 00:00:00+05:00,7.89530132774475,7.910782665361403,7.701789036681444,7.717270374298096,11982340.0,0.0,0.0,0.0,BOP.KA,
2025-01-21 00:00:00+05:00,7.740491919272419,8.011409431723287,7.678568042973506,7.771453857421875,14838637.0,0.0,0.0,0.0,BOP.KA,
2025-01-22 00:00:00+05:00,7.755973736417381,7.841118887038867,7.5469800873588975,7.593423366546631,11925251.0,0.0,0.0,0.0,BOP.KA,
2025-01-23 00:00:00+05:00,7.585682294595837,7.779194594263124,7.5237584177575725,7.701789379119873,6936670.0,0.0,0.0,0.0,BOP.KA,
2025-01-24 00:00:00+05:00,7.701789813113595,8.011409952942769,7.701789813113595,7.903042793273926,11965191.0,0.0,0.0,0.0,BOP.KA,
2025-01-27 00:00:00+05:00,7.972707283141577,7.972707283141577,7.593423334443633,7.639865875244141,9284211.0,0.0,0.0,0.0,BOP.KA,
2025-01-28 00:00:00+05:00,7.585682168232845,7.725010519702576,7.477315016475652,7.562460899353027,6609632.0,0.0,0.0,0.0,BOP.KA,
2025-01-29 00:00:00+05:00,7.57794199776031,7.732751697462032,7.3921703581182445,7.461834907531738,7281705.0,0.0,0.0,0.0,BOP.KA,
2025-01-30 00:00:00+05:00,7.546980055452249,7.709530424635779,7.469574836530234,7.639865875244141,7165472.0,0.0,0.0,0.0,BOP.KA,
2025-01-31 00:00:00+05:00,7.670827644340219,7.957225766867989,7.585682495974944,7.825637340545654,17876860.0,0.0,0.0,0.0,BOP.KA,
2025-02-03 00:00:00+05:00,7.8565989588254,8.150737738694867,7.7869351520220365,7.918522834777832,24695262.0,0.0,0.0,0.0,BOP.KA,
2025-02-04 00:00:00+05:00,8.011409714183037,8.073333592665211,7.802416070662553,7.825637340545654,16293624.0,0.0,0.0,0.0,BOP.KA,
2025-02-06 00:00:00+05:00,7.8178963150067,7.926262718085631,7.60890270074175,7.686307907104492,17199644.0,0.0,0.0,0.0,BOP.KA,
2025-02-07 00:00:00+05:00,7.593422889870409,7.740491911382714,7.361207984890761,7.438612461090088,15157709.0,0.0,0.0,0.0,BOP.KA,
2025-02-10 00:00:00+05:00,7.438612315739206,8.088813741700918,7.438612315739206,7.957225322723389,55937922.0,0.0,0.0,0.0,BOP.KA,
2025-02-11 00:00:00+05:00,7.864340567115462,8.55324469210151,7.825637955475181,8.382953643798828,59148179.0,0.0,0.0,0.0,BOP.KA,
2025-02-12 00:00:00+05:00,8.560984125952851,9.218925476074219,8.537762119407143,9.218925476074219,195542381.0,0.0,0.0,0.0,BOP.KA,
2025-02-13 00:00:00+05:00,9.451140004878447,9.582728417398872,9.071856104409353,9.180222511291504,79317612.0,0.0,0.0,0.0,BOP.KA,
2025-02-14 00:00:00+05:00,9.172483514475198,9.211185384763015,8.444876837286891,8.591946601867676,70053321.0,0.0,0.0,0.0,BOP.KA,
2025-02-17 00:00:00+05:00,8.700312452475533,9.45114035051701,8.413914349513297,9.420178413391113,184433032.0,0.0,0.0,0.0,BOP.KA,
2025-02-18 00:00:00+05:00,9.683355331116083,10.364518691919304,9.613690787437564,10.240670204162598,200841500.0,0.0,0.0,0.0,BOP.KA,
2025-02-19 00:00:00+05:00,10.232931531159188,10.356779295946867,9.946533390539955,10.016197204589844,53761800.0,0.0,0.0,0.0,BOP.KA,
2025-02-20 00:00:00+05:00,9.94653259272461,10.217449371919587,9.876868046071635,9.931051254272461,33854156.0,0.0,0.0,0.0,BOP.KA,
2025-02-21 00:00:00+05:00,9.985234974750133,10.109083474148635,9.83816594286381,9.88460922241211,16328933.0,0.0,0.0,0.0,BOP.KA,
2025-02-24 00:00:00+05:00,9.946532127160811,9.946532127160811,9.698835890856193,9.830424308776855,13883910.0,0.0,0.0,0.0,BOP.KA,
2025-02-25 00:00:00+05:00,9.83816512532077,9.977494214196655,9.714317374404796,9.745279312133789,14884685.0,0.0,0.0,0.0,BOP.KA,
2025-02-26 00:00:00+05:00,9.753020490600202,10.02393727533357,9.652394003176655,9.87686824798584,14978954.0,0.0,0.0,0.0,BOP.KA,
2025-02-27 00:00:00+05:00,9.830424414296605,9.962012833629737,9.768500539103462,9.892348289489746,8445298.0,0.0,0.0,0.0,BOP.KA,
2025-02-28 00:00:00+05:00,9.845906296148396,9.946532783444283,9.753020478227008,9.822684288024902,13653131.0,0.0,0.0,0.0,BOP.KA,
2025-03-03 00:00:00+05:00,9.869126955775585,9.907829562063847,9.644652725132635,9.683355331420898,11550544.0,0.0,0.0,0.0,BOP.KA,
2025-03-04 00:00:00+05:00,9.714316962060765,9.791721434002246,9.636911751928492,9.675614356994629,7812230.0,0.0,0.0,0.0,BOP.KA,
2025-03-05 00:00:00+05:00,9.68335658961989,9.776242413866276,9.675615919718297,9.691097259521484,4069567.0,0.0,0.0,0.0,BOP.KA,
2025-03-06 00:00:00+05:00,9.737538564939403,9.985234064781798,9.714317296376883,9.915570259094238,13546949.0,0.0,0.0,0.0,BOP.KA,
2025-03-07 00:00:00+05:00,9.915571008914993,10.10134264784494,9.915571008914993,9.969754219055176,13082415.0,0.0,0.0,0.0,BOP.KA,
2025-03-10 00:00:00+05:00,9.969753580488334,10.25615169004247,9.969753580488334,10.155525207519531,19550989.0,0.0,0.0,0.0,BOP.KA,
2025-03-11 00:00:00+05:00,10.217450092447157,10.41096240760029,10.155526210653427,10.186488151550293,22122890.0,0.0,0.0,0.0,BOP.KA,
2025-03-12 00:00:00+05:00,10.2484103122316,10.287112916400712,10.054898029576815,10.132303237915039,14382419.0,0.0,0.0,0.0,BOP.KA,
2025-03-13 00:00:00+05:00,10.201969194369811,10.550291203876318,10.062640095290856,10.410962104797363,48802683.0,0.0,0.0,0.0,BOP.KA,
2025-03-14 00:00:00+05:00,10.488365867527474,10.527068471696586,10.078120034992748,10.132303237915039,36140223.0,0.0,0.0,0.0,BOP.KA,
2025-03-17 00:00:00+05:00,10.168202177003337,10.652829610778255,10.051532498665296,10.47333812713623,46581767.0,1.8,0.0,0.0,BOP.KA,
2025-03-18 00:00:00+05:00,10.59000721319827,10.805396981522419,10.473337541385309,10.607955932617188,36470727.0,0.0,0.0,0.0,BOP.KA,
2025-03-19 00:00:00+05:00,10.679753340564753,10.975914508679239,10.51821142988235,10.87719440460205,25111726.0,0.0,0.0,0.0,BOP.KA,
2025-03-20 00:00:00+05:00,10.957964652180511,11.06565953343472,10.383591096275227,10.43743896484375,45899654.0,0.0,0.0,0.0,BOP.KA,
2025-03-21 00:00:00+05:00,10.42846467873211,10.59898222416019,10.231023625666973,10.338719367980957,18341994.0,0.0,0.0,0.0,BOP.KA,
2025-03-24 00:00:00+05:00,10.320769899989397,10.41051606755985,10.141278420731375,10.186151504516602,6192531.0,0.0,0.0,0.0,BOP.KA,
2025-03-25 00:00:00+05:00,10.231023774857459,10.239998562828308,9.889990390794047,9.952812194824219,10207107.0,0.0,0.0,0.0,BOP.KA,
2025-03-26 00:00:00+05:00,10.060506523042582,10.123328323577246,9.78229410260665,9.854090690612793,16148304.0,0.0,0.0,0.0,BOP.KA,
2025-03-27 00:00:00+05:00,9.96178677888286,9.96178677888286,9.656650841183033,9.710497856140137,12408468.0,0.0,0.0,0.0,BOP.KA,
2025-03-28 00:00:00+05:00,9.710497856140137,9.710497856140137,9.710497856140137,9.710497856140137,0.0,0.0,0.0,0.0,BOP.KA,
2025-03-31 00:00:00+05:00,9.710497856140137,9.710497856140137,9.710497856140137,9.710497856140137,0.0,0.0,0.0,0.0,BOP.KA,
2025-04-03 00:00:00+05:00,9.800244309205642,10.033583663206466,9.701524208305091,9.916913986206055,14481408.0,0.0,0.0,0.0,BOP.KA,
2025-04-04 00:00:00+05:00,9.96178715898836,10.186151726930595,9.84511748095245,9.88101577758789,21774098.0,0.0,0.0,0.0,BOP.KA,
2025-04-07 00:00:00+05:00,9.755371190963777,9.755371190963777,8.893811226468761,9.324591636657715,34156511.0,0.0,0.0,0.0,BOP.KA,
2025-04-08 00:00:00+05:00,9.423311770849649,9.593828464400358,9.378438686478548,9.486133575439453,15984263.0,0.0,0.0,0.0,BOP.KA,
2025-04-09 00:00:00+05:00,9.513057413002198,9.513057413002198,9.270743284341142,9.306641578674316,11882507.0,0.0,0.0,0.0,BOP.KA,
2025-04-10 00:00:00+05:00,9.602803076223385,9.64767615977099,9.459209893577357,9.557929992675781,11517214.0,0.0,0.0,0.0,BOP.KA,
2025-04-11 00:00:00+05:00,9.557930146050914,10.195125546179835,9.43228653716089,10.033583641052246,33174212.0,0.0,0.0,0.0,BOP.KA,
2025-04-14 00:00:00+05:00,10.105380266885273,10.455388442386171,10.06050718246947,10.195125579833984,27341890.0,0.0,0.0,0.0,BOP.KA,
2025-04-15 00:00:00+05:00,10.231023596494214,10.500261239745718,9.961786809125583,10.024608612060547,20785866.0,0.0,0.0,0.0,BOP.KA,
2025-04-16 00:00:00+05:00,10.105380556235302,10.231024169137664,9.836142897914222,9.9707612991333,25483545.0,0.0,0.0,0.0,BOP.KA,
2025-04-17 00:00:00+05:00,10.006659103435037,10.275896748489323,9.952812087953909,10.105380058288574,23321095.0,0.0,0.0,0.0,BOP.KA,
2025-04-18 00:00:00+05:00,10.213074876748314,10.213074876748314,9.916913725936519,10.024608612060547,8925360.0,0.0,0.0,0.0,BOP.KA,
2025-04-21 00:00:00+05:00,10.033584060016315,10.374618316454898,9.898964801592095,10.248973846435547,42587808.0,0.0,0.0,0.0,BOP.KA,
2025-04-22 00:00:00+05:00,10.293846815258215,10.63488106781004,9.225870971972752,9.378438949584961,116690498.0,0.0,0.0,0.0,BOP.KA,
2025-04-23 00:00:00+05:00,8.974582584634085,9.369463841769512,8.893811204431115,9.010480880737305,58495594.0,0.0,0.0,0.0,BOP.KA,
2025-04-24 00:00:00+05:00,8.884835739150079,8.956632325883518,8.66047119163737,8.786115646362305,19027884.0,0.0,0.0,0.0,BOP.KA,
2025-04-25 00:00:00+05:00,8.79509060474284,8.920734206028767,8.498929464736236,8.714319229125977,19825526.0,0.0,0.0,0.0,BOP.KA,
2025-04-28 00:00:00+05:00,8.615599767154253,8.884836564472963,8.301489029105216,8.346362113952637,23705546.0,0.0,0.0,0.0,BOP.KA,
2025-04-29 00:00:00+05:00,8.30148812936975,8.561750966217382,8.121996665316697,8.507903099060059,11053553.0,0.0,0.0,0.0,BOP.KA,
2025-04-30 00:00:00+05:00,8.454056870442981,8.454056870442981,8.014302528830836,8.184819221496582,20001384.0,0.0,0.0,0.0,BOP.KA,
2025-05-02 00:00:00+05:00,8.525853432750358,8.750217996770104,8.301488868730612,8.696370124816895,20836529.0,0.0,0.0,0.0,BOP.KA,
2025-05-05 00:00:00+05:00,8.839964511447528,9.03740471929312,8.678421745134843,8.98355770111084,17036462.0,0.0,0.0,0.0,BOP.KA,
2025-05-06 00:00:00+05:00,9.037403699929346,9.037403699929346,8.750217352995584,8.786115646362305,7197925.0,0.0,0.0,0.0,BOP.KA,
2025-05-07 00:00:00+05:00,8.077123784844433,8.436106721817719,7.996352410054735,8.238666534423828,35773964.0,0.0,0.0,0.0,BOP.KA,
2025-05-08 00:00:00+05:00,8.301488907493594,8.454056880210054,7.341208842887672,7.789937973022461,26764712.0,0.0,0.0,0.0,BOP.KA,
2025-05-09 00:00:00+05:00,7.807886684148203,8.247641025760348,7.655318711608007,8.184819221496582,18310598.0,0.0,0.0,0.0,BOP.KA,
2025-05-12 00:00:00+05:00,9.082277297973633,9.082277297973633,8.911760608739062,9.082277297973633,30849662.0,0.0,0.0,0.0,BOP.KA,
2025-05-13 00:00:00+05:00,9.064327963183711,9.198946347872623,8.830988630898968,8.93868350982666,24175098.0,0.0,0.0,0.0,BOP.KA,
2025-05-14 00:00:00+05:00,8.974582606288976,9.064328774705023,8.705344956923728,8.893811225891113,16672255.0,0.0,0.0,0.0,BOP.KA,
2025-05-15 00:00:00+05:00,8.974583063749712,9.163049342323774,8.884836890759042,9.028430938720703,16957410.0,0.0,0.0,0.0,BOP.KA,
2025-05-16 00:00:00+05:00,9.028429914167377,9.109200433633555,8.911760244872445,8.94765853881836,8803557.0,0.0,0.0,0.0,BOP.KA,
2025-05-19 00:00:00+05:00,8.974581802802557,9.019454882993134,8.920733935397303,8.93868350982666,3882469.0,0.0,0.0,0.0,BOP.KA,
2025-05-20 00:00:00+05:00,9.019456115494412,9.019456115494412,8.822015049205408,8.830989837646484,7839309.0,0.0,0.0,0.0,BOP.KA,
2025-05-21 00:00:00+05:00,8.839964102728857,9.118175680867585,8.795091019063063,9.046379089355469,12589233.0,0.0,0.0,0.0,BOP.KA,
2025-05-22 00:00:00+05:00,9.082277561478621,9.154074154384944,8.947659163749995,8.97458267211914,7861070.0,0.0,0.0,0.0,BOP.KA,
2025-05-23 00:00:00+05:00,9.02843030214459,9.02843030214459,8.929709347638875,8.965607643127441,3963220.0,0.0,0.0,0.0,BOP.KA,
2025-05-26 00:00:00+05:00,8.965607818270794,8.992532182325343,8.866887717719456,8.893811225891113,5247439.0,0.0,0.0,0.0,BOP.KA,
2025-05-27 00:00:00+05:00,8.974583326188803,8.974583326188803,8.848938851504293,8.88483715057373,4900638.0,0.0,0.0,0.0,BOP.KA,
2025-05-28 00:00:00+05:00,8.88483715057373,8.88483715057373,8.88483715057373,8.88483715057373,0.0,0.0,0.0,0.0,BOP.KA,
2025-05-29 00:00:00+05:00,8.965607343693218,8.983556918779458,8.866887248367444,8.911760330200195,3867710.0,0.0,0.0,0.0,BOP.KA,
2025-05-30 00:00:00+05:00,8.956632942416901,9.064328685813168,8.87586241869403,8.929709434509277,8023025.0,0.0,0.0,0.0,BOP.KA,
2025-06-02 00:00:00+05:00,8.929710238381267,8.956633748712603,8.866888428980493,8.88483715057373,2243730.0,0.0,0.0,0.0,BOP.KA,
2025-06-03 00:00:00+05:00,8.884836971121304,9.019456231824927,8.830989951546211,8.956633567810059,8417440.0,0.0,0.0,0.0,BOP.KA,
2025-06-04 00:00:00+05:00,9.010480451855477,9.333565101406244,8.920734287927726,9.189971923828125,29339401.0,0.0,0.0,0.0,BOP.KA,
2025-06-05 00:00:00+05:00,9.333565590839449,9.423311759473304,9.180997617691629,9.207921981811523,24182352.0,0.0,0.0,0.0,BOP.KA,
2025-06-06 00:00:00+05:00,9.207921981811523,9.207921981811523,9.207921981811523,9.207921981811523,0.0,0.0,0.0,0.0,BOP.KA,
2025-06-09 00:00:00+05:00,9.207921981811523,9.207921981811523,9.207921981811523,9.207921981811523,0.0,0.0,0.0,0.0,BOP.KA,
2025-06-10 00:00:00+05:00,9.207921483228802,9.468184331115019,9.198946695674797,9.306641578674316,23691053.0,0.0,0.0,0.0,BOP.KA,
2025-06-11 00:00:00+05:00,9.333565414504541,9.504082960510777,9.225870527708283,9.279718399047852,21455217.0,0.0,0.0,0.0,BOP.KA,
2025-06-12 00:00:00+05:00,9.324591813164783,9.396388406908178,9.198947346172385,9.252795219421387,14803514.0,0.0,0.0,0.0,BOP.KA,
2025-06-13 00:00:00+05:00,9.073301968013311,9.154073341834067,8.893810501679862,9.019454956054688,27555139.0,0.0,0.0,0.0,BOP.KA,
2025-06-16 00:00:00+05:00,9.019454956054688,9.019454956054688,9.019454956054688,9.019454956054688,0.0,0.0,0.0,0.0,BOP.KA,
2025-06-17 00:00:00+05:00,8.965607217300487,9.189971767418413,8.929708923516932,9.145098686218262,8708025.0,0.0,0.0,0.0,BOP.KA,
2025-06-18 00:00:00+05:00,9.34254022258368,9.369463730370263,9.136125236415078,9.16304874420166,9133845.0,0.0,0.0,0.0,BOP.KA,
2025-06-19 00:00:00+05:00,9.172023290516844,9.39638784655573,9.073302338094704,9.154073715209961,6920787.0,0.0,0.0,0.0,BOP.KA,
2025-06-20 00:00:00+05:00,9.32459070312067,9.32459070312067,9.028429575214881,9.091251373291016,4407617.0,0.0,0.0,0.0,BOP.KA,
2025-06-23 00:00:00+05:00,8.7950910035263,8.974582481989515,8.714319624247134,8.768167495727539,13746025.0,0.0,0.0,0.0,BOP.KA,
2025-06-24 00:00:00+05:00,9.064329024589616,9.333565825494265,8.983557641965053,9.180997848510742,16176155.0,0.0,0.0,0.0,BOP.KA,
2025-06-25 00:00:00+05:00,9.23484531557869,9.324591482517011,9.08227734531327,9.279718399047852,15449535.0,0.0,0.0,0.0,BOP.KA,
2025-06-26 00:00:00+05:00,9.216896946719048,9.351515346370196,9.064328970643528,9.136125564575195,7281096.0,0.0,0.0,0.0,BOP.KA,
2025-06-27 00:00:00+05:00,9.225870790181983,9.252795154559198,9.09125239182752,9.17202377319336,12401408.0,0.0,0.0,0.0,BOP.KA,
2025-06-30 00:00:00+05:00,9.225870767198787,9.396388317631416,9.145099386034163,9.28869342803955,31166339.0,0.0,0.0,0.0,BOP.KA,
2025-07-01 00:00:00+05:00,9.378437794143577,9.863065176298013,9.32459078272798,9.800243377685547,73831173.0,0.0,0.0,0.0,BOP.KA,
2025-07-02 00:00:00+05:00,9.961786290069467,10.500260692632544,9.952811502722708,10.356667518615723,89532118.0,0.0,0.0,0.0,BOP.KA,
2025-07-03 00:00:00+05:00,10.590007436320212,10.590007436320212,10.1592270347129,10.338719367980957,35061211.0,0.0,0.0,0.0,BOP.KA,
2025-07-04 00:00:00+05:00,10.320769914535731,10.536159689948931,10.195125450936587,10.464363098144531,17547639.0,0.0,0.0,0.0,BOP.KA,
2025-07-07 00:00:00+05:00,10.60795608720156,10.877193729471637,10.464362906226283,10.65282917022705,42510708.0,0.0,0.0,0.0,BOP.KA,
2025-07-08 00:00:00+05:00,10.724626424158583,10.8412961048891,10.509236639371284,10.598982810974121,22565164.0,0.0,0.0,0.0,BOP.KA,
2025-07-09 00:00:00+05:00,10.661803716391926,10.715650730095943,10.50026096351417,10.643854141235352,13157258.0,0.0,0.0,0.0,BOP.KA,
2025-07-10 00:00:00+05:00,10.36564264909241,11.711829983886673,10.36564264909241,11.666956901550293,155383258.0,0.0,0.0,0.0,BOP.KA,
2025-07-11 00:00:00+05:00,11.756703848943653,12.196458202175215,11.442593107559444,11.738754272460938,94133007.0,0.0,0.0,0.0,BOP.KA,
2025-07-14 00:00:00+05:00,11.640033463066352,11.882346739697562,11.568236873258375,11.74772834777832,35481923.0,0.0,0.0,0.0,BOP.KA,
2025-07-15 00:00:00+05:00,11.738753474124367,12.097736420535597,11.684906460104111,11.783626556396484,61318327.0,0.0,0.0,0.0,BOP.KA,
2025-07-16 00:00:00+05:00,11.801574962238957,11.810549749631516,11.451566812757514,11.693880081176758,26665865.0,0.0,0.0,0.0,BOP.KA,
2025-07-17 00:00:00+05:00,11.62208421249462,11.77465218407136,11.44259273295813,11.720805168151855,18863027.0,0.0,0.0,0.0,BOP.KA,
2025-07-18 00:00:00+05:00,11.75670408155004,11.75670408155004,11.379771526784545,11.433618545532227,18705405.0,0.0,0.0,0.0,BOP.KA,
2025-07-21 00:00:00+05:00,11.487466267452302,11.487466267452302,11.245152118660185,11.388745307922363,14937494.0,0.0,0.0,0.0,BOP.KA,
2025-07-22 00:00:00+05:00,11.35284681174213,11.711830634492278,11.35284681174213,11.577211380004883,17527774.0,0.0,0.0,0.0,BOP.KA,
2025-07-23 00:00:00+05:00,11.666956901550293,11.810550080320425,11.53233851042401,11.666956901550293,16353450.0,0.0,0.0,0.0,BOP.KA,
2025-07-24 00:00:00+05:00,11.66695743762143,12.564415702053848,11.66695743762143,12.16055965423584,113028558.0,0.0,0.0,0.0,BOP.KA,
2025-07-25 00:00:00+05:00,12.295177245199168,12.564414878048199,12.088762268740712,12.205431938171387,50256609.0,0.0,0.0,0.0,BOP.KA,
2025-07-28 00:00:00+05:00,12.205432341272928,12.384923817139294,12.070813092461004,12.106711387634277,23774754.0,0.0,0.0,0.0,BOP.KA,
2025-07-29 00:00:00+05:00,12.205432915774933,12.47466971430585,11.981068346410563,12.088763236999512,31941017.0,0.0,0.0,0.0,BOP.KA,
2025-07-30 00:00:00+05:00,12.115686461641058,12.384924109742993,11.981068065531534,12.313127517700195,24809434.0,0.0,0.0,0.0,BOP.KA,
2025-07-31 00:00:00+05:00,12.51954229035715,12.887500032213655,12.3041525179362,12.618263244628906,82936839.0,0.0,0.0,0.0,BOP.KA,
2025-08-01 00:00:00+05:00,12.62723719594632,12.690059854910997,12.474669226276621,12.501593589782715,15744016.0,0.0,0.0,0.0,BOP.KA,
2025-08-04 00:00:00+05:00,12.429797228242798,12.743907105331212,12.259279679755668,12.474669456481934,30628274.0,0.0,0.0,0.0,BOP.KA,
2025-08-05 00:00:00+05:00,12.501593278919266,12.573389868051146,12.358000100655506,12.411847114562988,12308750.0,0.0,0.0,0.0,BOP.KA,
2025-08-06 00:00:00+05:00,12.411847440477098,12.833653054614937,12.304152553951393,12.779805183410645,67554764.0,0.0,0.0,0.0,BOP.KA,
2025-08-07 00:00:00+05:00,12.878526069656205,12.89647478937384,12.582364919310807,12.699033737182617,21887270.0,0.0,0.0,0.0,BOP.KA,
2025-08-08 00:00:00+05:00,12.752881411812377,12.752881411812377,12.384923676494196,12.492618560791016,21258633.0,0.0,0.0,0.0,BOP.KA,
2025-08-11 00:00:00+05:00,12.546466179756642,12.672110645433946,12.384924273466279,12.636212348937988,12827238.0,0.0,0.0,0.0,BOP.KA,
2025-08-12 00:00:00+05:00,12.716983795166016,12.896475278565234,12.564415820305953,12.716983795166016,33326486.0,0.0,0.0,0.0,BOP.KA,
2025-08-13 00:00:00+05:00,12.788780453207963,13.031094598934647,12.743907368160476,12.797755241394043,33751962.0,0.0,0.0,0.0,BOP.KA,
2025-08-15 00:00:00+05:00,12.806730324124686,13.058018407933965,12.788780747339702,12.851602554321289,13663632.0,0.0,0.0,0.0,BOP.KA,
2025-08-18 00:00:00+05:00,12.887500443982882,13.084941502951972,12.699034173122138,12.950323104858398,20008489.0,0.0,0.0,0.0,BOP.KA,
2025-08-19 00:00:00+05:00,12.986220947922241,13.443923998986868,12.95929658453742,13.24648380279541,46060189.0,0.0,0.0,0.0,BOP.KA,
2025-08-20 00:00:00+05:00,13.336228767775602,13.569568109104866,13.327254836095898,13.390076637268066,52299000.0,0.0,0.0,0.0,BOP.KA,
2025-08-21 00:00:00+05:00,13.44392377115425,13.461873346439942,12.788779679117944,13.12083911895752,52059518.0,0.0,0.0,0.0,BOP.KA,
2025-08-22 00:00:00+05:00,13.228533455784413,13.327254404006109,12.977245403360032,13.058016777038574,18917586.0,0.0,0.0,0.0,BOP.KA,
2025-08-25 00:00:00+05:00,13.102890468245286,13.363153320072213,12.78877974616185,13.201610565185547,21153368.0,0.0,0.0,0.0,BOP.KA,
2025-08-26 00:00:00+05:00,13.174687385559082,13.345204076492312,13.111864726050726,13.174687385559082,10217003.0,0.0,0.0,0.0,BOP.KA,
2025-08-27 00:00:00+05:00,13.192635760592083,13.192635760592083,12.743906647266618,12.770830154418945,22319350.0,0.0,0.0,0.0,BOP.KA,
2025-08-28 00:00:00+05:00,12.788780453207963,13.075966828099226,12.564415883853437,12.797755241394043,31924722.0,0.0,0.0,0.0,BOP.KA,
2025-08-29 00:00:00+05:00,12.914424375516727,14.081119402250218,12.214406332417186,13.52469539642334,128751215.0,0.0,0.0,0.0,BOP.KA,
2025-09-01 00:00:00+05:00,14.879857063293457,14.879857063293457,14.449077533028756,14.879857063293457,97697793.0,0.0,0.0,0.0,BOP.KA,
2025-09-02 00:00:00+05:00,15.472180149048997,16.33374096609774,15.176018992637255,15.777316093444824,174386202.0,0.0,0.0,0.0,BOP.KA,
2025-09-03 00:00:00+05:00,15.795265000963557,16.010654768169086,15.526026508132365,15.588850021362305,51572354.0,0.0,0.0,0.0,BOP.KA,
2025-09-04 00:00:00+05:00,15.597822733556022,16.58502709405681,15.57987487053161,16.477333068847656,99494831.0,0.0,0.0,0.0,BOP.KA,
2025-09-05 00:00:00+05:00,16.594003145864463,17.904293105364154,16.51323176492023,17.67095375061035,146093956.0,0.0,0.0,0.0,BOP.KA,
2025-09-08 00:00:00+05:00,17.9491662944991,18.003013314088147,17.55428415672567,17.635055541992188,71442268.0,0.0,0.0,0.0,BOP.KA,
2025-09-09 00:00:00+05:00,17.67992877009501,17.769673228526965,17.141453460674168,17.64402961730957,83886261.0,0.0,0.0,0.0,BOP.KA,
2025-09-10 00:00:00+05:00,17.937150576527895,18.201906225430633,17.256352655278395,17.662940979003906,72460270.0,1.0,0.0,0.0,BOP.KA,
2025-09-11 00:00:00+05:00,17.681851958074773,17.776405869481383,17.04833101274909,17.180707931518555,33724452.0,0.0,0.0,0.0,BOP.KA,
2025-09-12 00:00:00+05:00,17.303628231703254,17.303628231703254,16.641741867509783,16.840307235717773,39006257.0,0.0,0.0,0.0,BOP.KA,
2025-09-15 00:00:00+05:00,16.840308516316895,17.852050544027918,16.47154320245969,17.558929443359375,58227128.0,0.0,0.0,0.0,BOP.KA,
2025-09-16 00:00:00+05:00,17.653484020313073,18.8070586477949,17.492739852233623,18.665225982666016,112343078.0,0.0,0.0,0.0,BOP.KA,
2025-09-17 00:00:00+05:00,20.52796745300293,20.52796745300293,20.0173694552133,20.52796745300293,84069639.0,0.0,0.0,0.0,BOP.KA,
2025-09-18 00:00:00+05:00,21.274953779941,22.579816818237305,21.274953779941,22.579816818237305,62786413.0,0.0,0.0,0.0,BOP.KA,
2025-09-19 00:00:00+05:00,24.830236434936523,24.839692186854847,23.49700607395728,24.830236434936523,167285267.0,0.0,0.0,0.0,BOP.KA,
2025-09-22 00:00:00+05:00,24.811325329233654,26.844265133287994,24.253448581602424,24.565481185913086,126794196.0,0.0,0.0,0.0,BOP.KA,
2025-09-23 00:00:00+05:00,24.565481185913086,24.565481185913086,24.565481185913086,24.565481185913086,0.0,0.0,0.0,0.0,BOP.KA,
2025-09-24 00:00:00+05:00,24.158891450791895,24.206170208375756,23.36462635838502,23.534826278686523,32986036.0,0.0,0.0,0.0,BOP.KA,
2025-09-25 00:00:00+05:00,23.506462115163693,25.63395762846209,23.449727602955523,25.22736930847168,101942746.0,0.0,0.0,0.0,BOP.KA,
2025-09-26 00:00:00+05:00,25.388112280391702,26.002721705457006,25.076079692066227,25.359745025634766,57698699.0,0.0,0.0,0.0,BOP.KA,
2025-09-29 00:00:00+05:00,25.529944763557918,25.577221717645912,24.962612297001037,25.170635223388672,32583210.0,0.0,0.0,0.0,BOP.KA,
2025-09-30 00:00:00+05:00,25.293556677655758,26.239110198315785,25.066624049117376,25.671777725219727,94026621.0,0.0,0.0,0.0,BOP.KA,
2025-10-01 00:00:00+05:00,25.671777592935,28.243684310117576,25.142268129073965,28.177494049072266,191997025.0,0.0,0.0,0.0,BOP.KA,
2025-10-02 00:00:00+05:00,28.413882408979244,30.995243072509766,28.27204974240618,30.995243072509766,148116348.0,0.0,0.0,0.0,BOP.KA,
2025-10-03 00:00:00+05:00,31.430202124007444,33.65225156152546,31.20326768106489,31.676044464111328,131821305.0,0.0,0.0,0.0,BOP.KA,
2025-10-06 00:00:00+05:00,31.260001756815242,33.084920402438485,29.888948383735524,32.58377456665039,131310593.0,0.0,0.0,0.0,BOP.KA,
2025-10-07 00:00:00+05:00,32.58377456665039,32.58377456665039,32.58377456665039,32.58377456665039,0.0,0.0,0.0,0.0,BOP.KA,
2025-10-08 00:00:00+05:00,33.79408595824451,34.03047434920117,31.50584445814372,31.798967361450195,88049557.0,0.0,0.0,0.0,BOP.KA,
2025-10-09 00:00:00+05:00,31.817877446102145,32.6215964966989,30.418455059909462,31.08034324645996,86407749.0,0.0,0.0,0.0,BOP.KA,
2025-10-10 00:00:00+05:00,31.345101697850858,31.817878473945136,30.11588099790557,30.323902130126953,90241087.0,0.0,0.0,0.0,BOP.KA,
2025-10-13 00:00:00+05:00,29.784936513439995,31.00470144586099,28.451706166166037,30.049692153930664,97205745.0,0.0,0.0,0.0,BOP.KA,
2025-10-14 00:00:00+05:00,31.127619075185578,33.056549055244545,30.919599760708845,32.7445182800293,100722438.0,0.0,0.0,0.0,BOP.KA,
2025-10-15 00:00:00+05:00,33.32130841887794,34.80582719177995,33.094373981637915,33.595516204833984,142130321.0,0.0,0.0,0.0,BOP.KA,
2025-10-16 00:00:00+05:00,33.73735220854398,34.030475118476645,32.70669865639449,32.8863525390625,45792377.0,0.0,0.0,0.0,BOP.KA,
2025-10-17 00:00:00+05:00,33.04709660625437,34.181761564044315,32.29065450339457,33.87918472290039,84164333.0,0.0,0.0,0.0,BOP.KA,
2025-10-20 00:00:00+05:00,35.2124137970153,37.26426315307617,35.08003327762398,37.26426315307617,184399246.0,0.0,0.0,0.0,BOP.KA,
2025-10-21 00:00:00+05:00,38.67314062567531,39.27829430471758,37.368275750865116,37.56684112548828,128917660.0,0.0,0.0,0.0,BOP.KA,
2025-10-22 00:00:00+05:00,38.03962027403958,39.05136232095955,36.640201401729726,38.38002014160156,118821990.0,0.0,0.0,0.0,BOP.KA,
2025-10-23 00:00:00+05:00,38.38001824293212,39.05136038907863,36.87658797357556,37.07515335083008,78951327.0,0.0,0.0,0.0,BOP.KA,
2025-10-24 00:00:00+05:00,37.07515373678306,37.11297674436827,34.03992771457982,34.98548126220703,62443871.0,0.0,0.0,0.0,BOP.KA,
2025-10-27 00:00:00+05:00,34.97602541377653,35.978309811333034,33.85081444474566,35.2124137878418,61772746.0,0.0,0.0,0.0,BOP.KA,
2025-10-28 00:00:00+05:00,35.354245215857055,36.829309992233426,35.00439142658203,35.13676834106445,60384844.0,0.0,0.0,0.0,BOP.KA,
2025-10-29 00:00:00+05:00,35.193503626386075,35.92158027909589,34.512703928891085,35.061126708984375,43969819.0,0.0,0.0,0.0,BOP.KA,
2025-10-30 00:00:00+05:00,35.694647120006046,35.694647120006046,31.553121490559086,31.676044464111328,84182148.0,0.0,0.0,0.0,BOP.KA,
2025-10-31 00:00:00+05:00,32.25283073356873,33.47259562451469,31.439654139604755,32.876895904541016,78458333.0,0.0,0.0,0.0,BOP.KA,
2025-11-03 00:00:00+05:00,33.93591427294601,34.89092532041054,33.094372241635895,33.576602935791016,81169325.0,0.0,0.0,0.0,BOP.KA,
2025-11-04 00:00:00+05:00,33.66170654774846,33.85081798819663,32.631052984656684,32.95254135131836,39053201.0,0.0,0.0,0.0,BOP.KA,
2025-11-05 00:00:00+05:00,32.952541242050444,33.23621020528243,32.36629902490569,32.43248748779297,24287639.0,0.0,0.0,0.0,BOP.KA,
2025-11-06 00:00:00+05:00,32.69724437106416,32.80125223448517,31.68549872687218,32.50813293457031,26424412.0,0.0,0.0,0.0,BOP.KA,
2025-11-07 00:00:00+05:00,32.60268494370658,33.47259605793215,32.252831151192154,33.047096252441406,31362671.0,0.0,0.0,0.0,BOP.KA,
2025-11-10 00:00:00+05:00,33.188929072646374,34.22904017037928,33.04709820045596,33.6900749206543,41410617.0,0.0,0.0,0.0,BOP.KA,
2025-11-11 00:00:00+05:00,34.03992774928474,34.276316136432555,32.66887438242733,32.829620361328125,45558123.0,0.0,0.0,0.0,BOP.KA,
2025-11-12 00:00:00+05:00,32.72560784723709,33.85081523555425,32.44194251313197,33.2551155090332,40531272.0,0.0,0.0,0.0,BOP.KA,
2025-11-13 00:00:00+05:00,33.57660569782456,33.983194021656615,32.89580957989696,33.3780403137207,40097096.0,0.0,0.0,0.0,BOP.KA,
2025-11-14 00:00:00+05:00,33.548240964588565,33.94537534831574,33.09437567390087,33.198387145996094,36996846.0,0.0,0.0,0.0,BOP.KA,
2025-11-17 00:00:00+05:00,33.55769623502693,33.79408461659883,32.801250528396494,32.9052619934082,22410289.0,0.0,0.0,0.0,BOP.KA,
2025-11-18 00:00:00+05:00,32.99981994045467,33.07546234790359,32.19609726843184,32.30956268310547,18527314.0,0.0,0.0,0.0,BOP.KA,
2025-11-19 00:00:00+05:00,32.34738590806529,32.43248587139346,31.67604375681004,31.855697631835938,17375582.0,0.0,0.0,0.0,BOP.KA,
2025-11-20 00:00:00+05:00,32.09208537167164,32.09208537167164,31.08034338748255,31.515300750732422,16958149.0,0.0,0.0,0.0,BOP.KA,
2025-11-21 00:00:00+05:00,31.67604249860431,32.5837730000484,31.39237716777808,32.11099624633789,28360246.0,0.0,0.0,0.0,BOP.KA,
2025-11-24 00:00:00+05:00,32.22446647149668,32.22446647149668,31.6003976704989,31.666589736938477,8271821.0,0.0,0.0,0.0,BOP.KA,
2025-11-25 00:00:00+05:00,31.723319929737542,31.86515440078423,30.94796633054995,31.08034324645996,11147100.0,0.0,0.0,0.0,BOP.KA,
2025-11-26 00:00:00+05:00,31.10871258727628,31.439654880055627,29.643103533323924,31.269454956054688,31797736.0,0.0,0.0,0.0,BOP.KA,
2025-11-27 00:00:00+05:00,31.401831730580046,31.713866125498402,31.108712446020867,31.515300750732422,15304481.0,0.0,0.0,0.0,BOP.KA,
2025-11-28 00:00:00+05:00,31.657130995615844,32.574319052054356,31.2032657448938,32.11099624633789,34171207.0,0.0,0.0,0.0,BOP.KA,
2025-12-01 00:00:00+05:00,32.14882107894096,33.18892855340058,31.789509715745577,32.54595184326172,34304208.0,0.0,0.0,0.0,BOP.KA,
2025-12-02 00:00:00+05:00,32.6310510305145,33.188927762577215,32.16773181651356,32.30956268310547,27780827.0,0.0,0.0,0.0,BOP.KA,
2025-12-03 00:00:00+05:00,32.47030851540762,32.716150847270136,32.11099716237735,32.5554084777832,22467789.0,0.0,0.0,0.0,BOP.KA,
2025-12-04 00:00:00+05:00,32.84853272129566,32.905263627209415,32.451398344896255,32.71615219116211,10149401.0,0.0,0.0,0.0,BOP.KA,
2025-12-05 00:00:00+05:00,33.09437565877169,33.09437565877169,32.24337598474585,32.32847595214844,17743556.0,0.0,0.0,0.0,BOP.KA,
2025-12-08 00:00:00+05:00,32.385209186225204,32.71615148693385,32.25283226594174,32.58377456665039,10310166.0,0.0,0.0,0.0,BOP.KA,
2025-12-09 00:00:00+05:00,32.810706752484606,33.47259491543392,32.66887228649536,33.056549072265625,36140725.0,0.0,0.0,0.0,BOP.KA,
2025-12-10 00:00:00+05:00,33.567148987944975,33.99264878102321,33.37803756802128,33.576602935791016,46885609.0,0.0,0.0,0.0,BOP.KA,
2025-12-11 00:00:00+05:00,34.07774857058748,34.08720251838662,32.82016070028374,33.056549072265625,23149959.0,0.0,0.0,0.0,BOP.KA,
2025-12-12 00:00:00+05:00,33.18892648766653,33.945372175100815,32.678330337748854,33.33076095581055,23121201.0,0.0,0.0,0.0,BOP.KA,
2025-12-15 00:00:00+05:00,33.567150044905425,33.88863838679862,33.018727270558024,33.463138580322266,26276398.0,0.0,0.0,0.0,BOP.KA,
2025-12-16 00:00:00+05:00,33.094374231355474,35.83648096761086,32.95253975613517,35.08949279785156,88665213.0,0.0,0.0,0.0,BOP.KA,
2025-12-17 00:00:00+05:00,35.694645000409075,36.640198510353684,35.505533577020074,35.79865646362305,90619311.0,0.0,0.0,0.0,BOP.KA,
2025-12-18 00:00:00+05:00,35.931032797232234,36.15796722303174,35.269144629567364,35.420433044433594,30565064.0,0.0,0.0,0.0,BOP.KA,
2025-12-19 00:00:00+05:00,35.458258036020645,35.55281194798315,34.79636983128148,34.98548126220703,15731855.0,0.0,0.0,0.0,BOP.KA,
2025-12-22 00:00:00+05:00,35.11785824667543,35.6946464889144,34.626169968160255,35.40152359008789,27293112.0,0.0,0.0,0.0,BOP.KA,
2025-12-23 00:00:00+05:00,35.93103514949373,36.214700495063305,35.486623823667706,35.817569732666016,25940132.0,0.0,0.0,0.0,BOP.KA,
2025-12-24 00:00:00+05:00,35.817570739975736,37.160255096699416,35.741924721962796,36.78203582763672,61349318.0,0.0,0.0,0.0,BOP.KA,
2025-12-26 00:00:00+05:00,37.018422163899835,39.05136009038574,36.971141601771876,37.878875732421875,78049661.0,0.0,0.0,0.0,BOP.KA,
2025-12-29 00:00:00+05:00,38.20036436884953,38.20036436884953,36.574011129638954,36.76312255859375,42299577.0,0.0,0.0,0.0,BOP.KA,
2025-12-30 00:00:00+05:00,36.87658641053239,37.737039949164796,36.451086615164634,36.60237503051758,36714253.0,0.0,0.0,0.0,BOP.KA,
2025-12-31 00:00:00+05:00,36.64019845427602,36.82930987737558,36.214698654052086,36.46054458618164,21161328.0,0.0,0.0,0.0,BOP.KA,
2026-01-01 00:00:00+05:00,36.46054458618164,36.46054458618164,36.46054458618164,36.46054458618164,0.0,0.0,0.0,0.0,BOP.KA,
2026-01-02 00:00:00+05:00,38.57858441798908,40.54533754861233,38.35165358414829,40.02528381347656,102545745.0,0.0,0.0,0.0,BOP.KA,
2026-01-05 00:00:00+05:00,40.46969270849429,41.76510010972465,40.28058127013203,40.74390411376953,95463191.0,0.0,0.0,0.0,BOP.KA,
2026-01-06 00:00:00+05:00,40.73444776152316,40.94246708514715,39.19319449926114,39.93072509765625,79909603.0,0.0,0.0,0.0,BOP.KA,
2026-01-07 00:00:00+05:00,40.895191838413155,41.31123411004096,40.28058057607607,40.61152648925781,54525966.0,0.0,0.0,0.0,BOP.KA,
2026-01-08 00:00:00+05:00,40.80063629445521,41.490889939059144,40.13874810153349,40.34676742553711,45444627.0,0.0,0.0,0.0,BOP.KA,
2026-01-09 00:00:00+05:00,40.56424733197257,40.65880124089541,39.363393932250254,39.65651321411133,36964385.0,0.0,0.0,0.0,BOP.KA,
2026-01-12 00:00:00+05:00,39.6092363939124,40.18602461849797,38.578582912357966,39.098636627197266,45605610.0,0.0,0.0,0.0,BOP.KA,
2026-01-13 00:00:00+05:00,38.78660542383773,39.855081900395284,38.15308269632116,39.38230514526367,73893155.0,0.0,0.0,0.0,BOP.KA,
2026-01-14 00:00:00+05:00,39.524138637435094,40.006372979676165,39.07973091080192,39.287750244140625,32904724.0,0.0,0.0,0.0,BOP.KA,
2026-01-15 00:00:00+05:00,39.28774782807272,39.76052458558743,38.20036344998912,38.474571228027344,29285135.0,0.0,0.0,0.0,BOP.KA,
2026-01-16 00:00:00+05:00,38.710961998577496,39.47686169159331,38.710961998577496,38.9757194519043,16220416.0,0.0,0.0,0.0,BOP.KA,
2026-01-19 00:00:00+05:00,38.95680834721133,39.807804407846604,38.76769690918104,39.457950592041016,19123850.0,0.0,0.0,0.0,BOP.KA,
2026-01-20 00:00:00+05:00,39.61869472773668,40.50751375589527,39.193194913777596,40.10092544555664,42362389.0,0.0,0.0,0.0,BOP.KA,
2026-01-21 00:00:00+05:00,40.233304241664584,40.422415679694865,39.35393912077432,39.457950592041016,20034906.0,0.0,0.0,0.0,BOP.KA,
2026-01-22 00:00:00+05:00,39.524135776447395,39.524135776447395,38.65422828345304,38.75823974609375,17783095.0,0.0,0.0,0.0,BOP.KA,
2026-01-23 00:00:00+05:00,38.767696576427035,39.71325015146184,38.49348517398679,39.07973098754883,20674440.0,0.0,0.0,0.0,BOP.KA,
2026-01-26 00:00:00+05:00,38.99462806054288,39.56195871968448,38.62585916440044,38.96625900268555,27011195.0,0.0,0.0,0.0,BOP.KA,
2026-01-27 00:00:00+05:00,39.69433885761517,40.08201568115522,39.12700815238606,39.24992752075195,35973081.0,0.0,0.0,0.0,BOP.KA,
2026-01-28 00:00:00+05:00,39.259385155167266,39.89290432370963,38.90953133980806,39.041908264160156,25209142.0,0.0,0.0,0.0,BOP.KA,
2026-01-29 00:00:00+05:00,39.240473003175275,39.268838455925334,37.03733146223912,37.37773132324219,31347331.0,0.0,0.0,0.0,BOP.KA,
2026-01-30 00:00:00+05:00,37.82214151093993,38.48402970878148,36.403811204279684,36.76312255859375,28310030.0,0.0,0.0,0.0,BOP.KA,
2026-02-02 00:00:00+05:00,36.87658919297255,37.06570062818279,35.789201145764146,36.403812408447266,29349033.0,0.0,0.0,0.0,BOP.KA,
2026-02-03 00:00:00+05:00,36.43217834974626,38.748785346380416,36.43217834974626,37.85996627807617,86293221.0,0.0,0.0,0.0,BOP.KA,
2026-02-04 00:00:00+05:00,38.067984180088935,38.94734926654931,37.85996485270083,38.67314147949219,32471485.0,0.0,0.0,0.0,BOP.KA,
2026-02-06 00:00:00+05:00,39.14591826565315,39.33502608934187,36.68747688069396,37.90724182128906,42620066.0,0.0,0.0,0.0,BOP.KA,
2026-02-09 00:00:00+05:00,38.484028545820614,38.484028545820614,36.857675355757316,37.538475036621094,52951732.0,0.0,0.0,0.0,BOP.KA,
2026-02-10 00:00:00+05:00,37.68030667483796,37.82214114693916,35.88375713455862,36.69693374633789,35696397.0,0.0,0.0,0.0,BOP.KA,
2026-02-11 00:00:00+05:00,36.80094139108652,36.97114131382025,36.07286835239274,36.3848991394043,18692655.0,0.0,0.0,0.0,BOP.KA,
2026-02-12 00:00:00+05:00,36.45109006370314,36.54564758661977,34.96657122041852,35.354248046875,17012521.0,0.0,0.0,0.0,BOP.KA,
2026-02-13 00:00:00+05:00,35.60954807848654,35.60954807848654,33.81299481350739,34.38032913208008,28291492.0,0.0,0.0,0.0,BOP.KA,
2026-02-16 00:00:00+05:00,33.09437400416324,34.2195814217846,30.938513080417916,31.439655303955078,56166941.0,0.0,0.0,0.0,BOP.KA,
2026-02-17 00:00:00+05:00,31.297822055444946,33.51987513266275,28.38551890466247,32.26228713989258,79835860.0,0.0,0.0,0.0,BOP.KA,
2026-02-18 00:00:00+05:00,33.557697572756275,34.40869361613857,32.290655652742075,33.831905364990234,71110229.0,0.0,0.0,0.0,BOP.KA,
2026-02-19 00:00:00+05:00,33.92646236900977,33.92646236900977,30.446825017983095,30.985790252685547,28791603.0,0.0,0.0,0.0,BOP.KA,
2026-02-20 00:00:00+05:00,31.146533253468768,31.770598464510925,28.413884017132634,31.241090774536133,31618879.0,0.0,0.0,0.0,BOP.KA,
2026-02-23 00:00:00+05:00,31.392379199002363,31.392379199002363,28.120762913817632,28.546262741088867,26673106.0,0.0,0.0,0.0,BOP.KA,
2026-02-24 00:00:00+05:00,28.338239142218537,29.453992615761724,25.82306685255351,28.08294105529785,49139683.0,0.0,0.0,0.0,BOP.KA,
2026-02-25 00:00:00+05:00,29.028494164113926,29.255426795454525,27.74254078301695,27.91274070739746,25128535.0,0.0,0.0,0.0,BOP.KA,
2026-02-26 00:00:00+05:00,27.704718590448156,30.560290774884873,27.04283218045639,30.07805824279785,38659618.0,0.0,0.0,0.0,BOP.KA,
2026-02-27 00:00:00+05:00,29.40671611702394,30.63593682880968,28.366606838897635,29.974048614501953,30604655.0,0.0,0.0,0.0,BOP.KA,
2026-03-02 00:00:00+05:00,26.976642608642578,28.08294030056799,26.976642608642578,26.976642608642578,37016404.0,0.0,0.0,0.0,BOP.KA,
2026-03-03 00:00:00+05:00,26.57005427393486,27.893828841296337,25.77578917281793,27.080652236938477,28091733.0,0.0,0.0,0.0,BOP.KA,
2026-03-04 00:00:00+05:00,27.373776143979914,27.373776143979914,26.201288148471377,26.32421112060547,22149388.0,0.0,0.0,0.0,BOP.KA,
2026-03-05 00:00:00+05:00,26.333665900936154,27.884373097101086,26.28638714282124,27.619617462158203,30397862.0,0.0,0.0,0.0,BOP.KA,
2026-03-06 00:00:00+05:00,27.43050902256348,27.51560898733826,26.314755531961058,26.74025535583496,14603681.0,0.0,0.0,0.0,BOP.KA,
2026-03-09 00:00:00+05:00,26.645699455097432,26.645699455097432,24.06433868408203,24.06433868408203,33386862.0,0.0,0.0,0.0,BOP.KA,
2026-03-10 00:00:00+05:00,26.00272174727673,26.475498506318125,25.529944988235336,25.794700622558594,38630948.0,0.0,0.0,0.0,BOP.KA,
2026-03-11 00:00:00+05:00,26.002722591921145,27.269764491589324,25.813611160761614,26.447132110595703,37706784.0,0.0,0.0,0.0,BOP.KA,
2026-03-12 00:00:00+05:00,26.012177576727893,26.948275346011425,25.766333444870572,26.210742950439453,20604892.0,0.0,0.0,0.0,BOP.KA,
2026-03-13 00:00:00+05:00,26.002721890029946,26.38094293863943,25.40702396390754,25.775789260864258,16327842.0,0.0,0.0,0.0,BOP.KA,
2026-03-16 00:00:00+05:00,25.529945194605222,26.286387293786028,24.886968508551423,25.113901138305664,17492619.0,0.0,0.0,0.0,BOP.KA,
2026-03-17 00:00:00+05:00,25.18008940725882,25.633956466855647,23.931959051243016,24.385826110839844,32250568.0,0.0,0.0,0.0,BOP.KA,
2026-03-18 00:00:00+05:00,24.243992124692298,26.362031832299557,24.20617092101194,26.049999237060547,54733142.0,0.0,0.0,0.0,BOP.KA,
2026-03-19 00:00:00+05:00,26.0,26.149999618530273,25.25,25.8799991607666,22784791.0,1.5,0.0,0.0,BOP.KA,
2026-03-20 00:00:00+05:00,25.8799991607666,25.8799991607666,25.8799991607666,25.8799991607666,0.0,0.0,0.0,0.0,BOP.KA,
2026-03-23 00:00:00+05:00,25.8799991607666,25.8799991607666,25.8799991607666,25.8799991607666,0.0,0.0,0.0,0.0,BOP.KA,
2026-03-24 00:00:00+05:00,27.0,27.350000381469727,25.8700008392334,26.010000228881836,24517649.0,0.0,0.0,0.0,BOP.KA,
2026-03-25 00:00:00+05:00,26.149999618530273,26.829999923706055,26.049999237060547,26.639999389648438,20723432.0,0.0,0.0,0.0,BOP.KA,
2026-03-26 00:00:00+05:00,26.600000381469727,26.600000381469727,25.600000381469727,25.700000762939453,17078881.0,0.0,0.0,0.0,BOP.KA,
2026-03-27 00:00:00+05:00,26.0,26.049999237060547,25.510000228881836,25.770000457763672,14263860.0,0.0,0.0,0.0,BOP.KA,
2021-03-29 00:00:00+05:00,11.483634948730469,11.483634948730469,11.483634948730469,11.483634948730469,1050.0,0.0,0.0,0.0,BOK.KA,
2021-03-30 00:00:00+05:00,10.800823524062608,11.587091153901486,10.800823524062608,11.435355186462402,6825.0,0.0,0.0,0.0,BOK.KA,
2021-03-31 00:00:00+05:00,11.58709161675153,11.58709161675153,11.387076140891141,11.490531921386719,1575.0,0.0,0.0,0.0,BOK.KA,
2021-04-01 00:00:00+05:00,11.490531921386719,11.490531921386719,11.490531921386719,11.490531921386719,0.0,0.0,0.0,0.0,BOK.KA,
2021-04-02 00:00:00+05:00,11.449148178100586,11.449148178100586,11.449148178100586,11.449148178100586,2100.0,0.0,0.0,0.0,BOK.KA,
2021-04-05 00:00:00+05:00,10.704264906208877,11.725031852080924,10.704264906208877,11.511222839355469,9450.0,0.0,0.0,0.0,BOK.KA,
2021-04-06 00:00:00+05:00,11.511222839355469,11.511222839355469,11.511222839355469,11.511222839355469,0.0,0.0,0.0,0.0,BOK.KA,
2021-04-07 00:00:00+05:00,11.449150050565484,11.4836360039528,11.449150050565484,11.462944984436035,4725.0,0.0,0.0,0.0,BOK.KA,
2021-04-08 00:00:00+05:00,11.483634849262954,11.518120108538215,11.483634849262954,11.504325866699219,2100.0,0.0,0.0,0.0,BOK.KA,
2021-04-09 00:00:00+05:00,11.035325346856007,11.552605628967285,11.035325346856007,11.552605628967285,11550.0,0.0,0.0,0.0,BOK.KA,
2021-04-12 00:00:00+05:00,11.387076872075028,11.387076872075028,11.380179405212402,11.380179405212402,2100.0,0.0,0.0,0.0,BOK.KA,
2021-04-13 00:00:00+05:00,11.449148178100586,11.449148178100586,11.449148178100586,11.449148178100586,1050.0,0.0,0.0,0.0,BOK.KA,
2021-04-14 00:00:00+05:00,11.380179405212402,11.380179405212402,11.380179405212402,11.380179405212402,525.0,0.0,0.0,0.0,BOK.KA,
2021-04-15 00:00:00+05:00,11.587091445922852,11.587091445922852,11.587091445922852,11.587091445922852,2100.0,0.0,0.0,0.0,BOK.KA,
2021-04-16 00:00:00+05:00,11.587091445922852,11.587091445922852,11.587091445922852,11.587091445922852,0.0,0.0,0.0,0.0,BOK.KA,
2021-04-19 00:00:00+05:00,11.587091445922852,11.587091445922852,11.587091445922852,11.587091445922852,0.0,0.0,0.0,0.0,BOK.KA,
2021-04-20 00:00:00+05:00,10.897382964442398,11.71813514351043,10.897382964442398,11.600884437561035,2100.0,0.0,0.0,0.0,BOK.KA,
2021-04-21 00:00:00+05:00,11.718135833740234,11.718135833740234,11.718135833740234,11.718135833740234,525.0,0.0,0.0,0.0,BOK.KA,
2021-04-22 00:00:00+05:00,11.104296615531469,11.68365137169931,11.104296615531469,11.380179405212402,1575.0,0.0,0.0,0.0,BOK.KA,
2021-04-23 00:00:00+05:00,11.773311614990234,11.773311614990234,11.773311614990234,11.773311614990234,525.0,0.0,0.0,0.0,BOK.KA,
2021-04-26 00:00:00+05:00,11.725031852722168,11.725031852722168,11.725031852722168,11.725031852722168,525.0,0.0,0.0,0.0,BOK.KA,
2021-04-27 00:00:00+05:00,11.380179405212402,11.380179405212402,11.380179405212402,11.380179405212402,525.0,0.0,0.0,0.0,BOK.KA,
2021-04-28 00:00:00+05:00,11.44914913464316,11.44914913464316,11.380178614675176,11.400870323181152,1575.0,0.0,0.0,0.0,BOK.KA,
2021-04-29 00:00:00+05:00,10.697367225067405,11.449148178100586,10.697367225067405,11.449148178100586,4725.0,0.0,0.0,0.0,BOK.KA,
2021-04-30 00:00:00+05:00,11.518119812011719,11.518119812011719,11.518119812011719,11.518119812011719,3150.0,0.0,0.0,0.0,BOK.KA,
2021-05-03 00:00:00+05:00,10.745646723140279,11.449148178100586,10.724955016363035,11.449148178100586,5250.0,0.0,0.0,0.0,BOK.KA,
2021-05-04 00:00:00+05:00,10.78703034727486,11.718135820065049,10.78703034727486,11.400870323181152,2100.0,0.0,0.0,0.0,BOK.KA,
2021-05-05 00:00:00+05:00,11.366385421295854,11.552605969205201,11.366385421295854,11.428459167480469,29925.0,0.0,0.0,0.0,BOK.KA,
2021-05-06 00:00:00+05:00,11.773312225112715,11.794003935056066,11.380179405212402,11.380179405212402,3150.0,0.0,0.0,0.0,BOK.KA,
2021-05-07 00:00:00+05:00,11.380179405212402,11.380179405212402,11.380179405212402,11.380179405212402,0.0,0.0,0.0,0.0,BOK.KA,
2021-05-10 00:00:00+05:00,11.380179405212402,11.380179405212402,11.380179405212402,11.380179405212402,0.0,0.0,0.0,0.0,BOK.KA,
2021-05-11 00:00:00+05:00,11.380179405212402,11.380179405212402,11.380179405212402,11.380179405212402,0.0,0.0,0.0,0.0,BOK.KA,
2021-05-12 00:00:00+05:00,11.380179405212402,11.380179405212402,11.380179405212402,11.380179405212402,0.0,0.0,0.0,0.0,BOK.KA,
2021-05-13 00:00:00+05:00,11.380179405212402,11.380179405212402,11.380179405212402,11.380179405212402,0.0,0.0,0.0,0.0,BOK.KA,
2021-05-14 00:00:00+05:00,11.380179405212402,11.380179405212402,11.380179405212402,11.380179405212402,0.0,0.0,0.0,0.0,BOK.KA,
2021-05-17 00:00:00+05:00,11.725031852722168,11.725031852722168,11.725031852722168,11.725031852722168,525.0,0.0,0.0,0.0,BOK.KA,
2021-05-18 00:00:00+05:00,10.945663875853995,12.221623420715332,10.945663875853995,12.221623420715332,3675.0,0.0,0.0,0.0,BOK.KA,
2021-05-19 00:00:00+05:00,11.587091445922852,11.587091445922852,11.587091445922852,11.587091445922852,525.0,0.0,0.0,0.0,BOK.KA,
2021-05-20 00:00:00+05:00,11.725031852722168,11.725031852722168,11.725031852722168,11.725031852722168,525.0,0.0,0.0,0.0,BOK.KA,
2021-05-21 00:00:00+05:00,11.683650607452506,11.72503264334329,11.683650607452506,11.704340934753418,2100.0,0.0,0.0,0.0,BOK.KA,
2021-05-24 00:00:00+05:00,11.180164607153195,11.380179405212402,11.180164607153195,11.380179405212402,1050.0,0.0,0.0,0.0,BOK.KA,
2021-05-25 00:00:00+05:00,11.690546989440918,11.690546989440918,11.690546989440918,11.690546989440918,1575.0,0.0,0.0,0.0,BOK.KA,
2021-05-26 00:00:00+05:00,11.587091602848036,11.72503264334329,11.587091602848036,11.704340934753418,5250.0,0.0,0.0,0.0,BOK.KA,
2021-05-27 00:00:00+05:00,11.056016843074294,11.180164337158203,11.056016843074294,11.180164337158203,1575.0,0.0,0.0,0.0,BOK.KA,
2021-05-28 00:00:00+05:00,11.642268537944702,11.98022436244002,11.642268537944702,11.718135833740234,7875.0,0.0,0.0,0.0,BOK.KA,
2021-05-31 00:00:00+05:00,11.58709192022303,11.7940034866333,11.58709192022303,11.7940034866333,2100.0,0.0,0.0,0.0,BOK.KA,
2021-06-01 00:00:00+05:00,11.414663151247108,11.725031852722168,11.414663151247108,11.725031852722168,8925.0,0.0,0.0,0.0,BOK.KA,
2021-06-02 00:00:00+05:00,11.725031852722168,11.725031852722168,11.725031852722168,11.725031852722168,8925.0,0.0,0.0,0.0,BOK.KA,
2021-06-03 00:00:00+05:00,11.93194478080183,11.93194478080183,11.725031852722168,11.725031852722168,2625.0,0.0,0.0,0.0,BOK.KA,
2021-06-04 00:00:00+05:00,11.828488400050334,11.828488400050334,11.449149158158344,11.552605628967285,87675.0,0.0,0.0,0.0,BOK.KA,
2021-06-07 00:00:00+05:00,11.725031687108087,11.725031687108087,11.656061172485352,11.656061172485352,2625.0,0.0,0.0,0.0,BOK.KA,
2021-06-08 00:00:00+05:00,11.656061172485352,11.656061172485352,11.656061172485352,11.656061172485352,0.0,0.0,0.0,0.0,BOK.KA,
2021-06-09 00:00:00+05:00,11.587091019431083,11.587091019431083,11.518119812011719,11.518119812011719,4200.0,0.0,0.0,0.0,BOK.KA,
2021-06-10 00:00:00+05:00,11.518119812011719,11.518119812011719,11.518119812011719,11.518119812011719,1050.0,0.0,0.0,0.0,BOK.KA,
2021-06-11 00:00:00+05:00,11.587091445922852,11.587091445922852,11.587091445922852,11.587091445922852,525.0,0.0,0.0,0.0,BOK.KA,
2021-06-14 00:00:00+05:00,11.449148409045574,11.759517110520633,11.449148409045574,11.725031852722168,10500.0,0.0,0.0,0.0,BOK.KA,
2021-06-15 00:00:00+05:00,11.718135708876389,11.725032484549956,11.449149026006808,11.587091445922852,78225.0,0.0,0.0,0.0,BOK.KA,
2021-06-16 00:00:00+05:00,11.725031616212233,11.725031616212233,11.449148178100586,11.449148178100586,3675.0,0.0,0.0,0.0,BOK.KA,
2021-06-17 00:00:00+05:00,11.449149158158344,11.72503261988587,11.380178638048701,11.552605628967285,8925.0,0.0,0.0,0.0,BOK.KA,
2021-06-18 00:00:00+05:00,11.45604636558496,11.552605367813475,11.449148899343232,11.504325866699219,4200.0,0.0,0.0,0.0,BOK.KA,
2021-06-21 00:00:00+05:00,11.490531724387475,11.490531724387475,11.483634948730469,11.483634948730469,3675.0,0.0,0.0,0.0,BOK.KA,
2021-06-22 00:00:00+05:00,11.483634948730469,11.483634948730469,11.483634948730469,11.483634948730469,0.0,0.0,0.0,0.0,BOK.KA,
2021-06-23 00:00:00+05:00,11.483634583885948,11.690546825400409,11.483634583885948,11.669855117797852,5775.0,0.0,0.0,0.0,BOK.KA,
2021-06-24 00:00:00+05:00,10.931868749866226,11.587091445922852,10.924971974192658,11.587091445922852,3675.0,0.0,0.0,0.0,BOK.KA,
2021-06-25 00:00:00+05:00,11.380177663894884,11.449148178100586,11.380177663894884,11.449148178100586,1575.0,0.0,0.0,0.0,BOK.KA,
2021-06-28 00:00:00+05:00,11.062912940979004,11.062912940979004,11.062912940979004,11.062912940979004,525.0,0.0,0.0,0.0,BOK.KA,
2021-06-29 00:00:00+05:00,11.035325544218765,11.035325544218765,11.028428077697754,11.028428077697754,4200.0,0.0,0.0,0.0,BOK.KA,
2021-06-30 00:00:00+05:00,10.400793683250692,11.173266410827637,10.400793683250692,11.173266410827637,4725.0,0.0,0.0,0.0,BOK.KA,
2021-07-01 00:00:00+05:00,11.035325433519857,11.035325433519857,10.71116246704093,10.731853485107422,17850.0,0.0,0.0,0.0,BOK.KA,
2021-07-02 00:00:00+05:00,10.552529335021973,10.552529335021973,10.552529335021973,10.552529335021973,1575.0,0.0,0.0,0.0,BOK.KA,
2021-07-05 00:00:00+05:00,10.862898587745041,10.966354370117188,10.862898587745041,10.966354370117188,3150.0,0.0,0.0,0.0,BOK.KA,
2021-07-06 00:00:00+05:00,11.338796222172245,11.338796222172245,11.325002670288086,11.325002670288086,5775.0,0.0,0.0,0.0,BOK.KA,
2021-07-07 00:00:00+05:00,10.593911170959473,10.593911170959473,10.593911170959473,10.593911170959473,1575.0,0.0,0.0,0.0,BOK.KA,
2021-07-08 00:00:00+05:00,10.593911170959473,10.593911170959473,10.593911170959473,10.593911170959473,0.0,0.0,0.0,0.0,BOK.KA,
2021-07-09 00:00:00+05:00,10.593911170959473,10.593911170959473,10.593911170959473,10.593911170959473,0.0,0.0,0.0,0.0,BOK.KA,
2021-07-12 00:00:00+05:00,11.03532600402832,11.03532600402832,10.59391230084845,11.03532600402832,2100.0,0.0,0.0,0.0,BOK.KA,
2021-07-13 00:00:00+05:00,11.03532600402832,11.03532600402832,11.03532600402832,11.03532600402832,0.0,0.0,0.0,0.0,BOK.KA,
2021-07-14 00:00:00+05:00,10.593911040375485,10.690470039048353,10.255954545020447,10.29733657836914,8400.0,0.0,0.0,0.0,BOK.KA,
2021-07-15 00:00:00+05:00,10.118013529245603,10.352514266967773,10.118013529245603,10.352514266967773,2625.0,0.0,0.0,0.0,BOK.KA,
2021-07-16 00:00:00+05:00,10.414587020874023,10.75944097349207,10.207674787432078,10.414587020874023,8925.0,0.0,0.0,0.0,BOK.KA,
2021-07-19 00:00:00+05:00,10.076629843424792,10.414587020874023,10.069733068255974,10.414587020874023,3150.0,0.0,0.0,0.0,BOK.KA,
2021-07-20 00:00:00+05:00,10.414587020874023,10.414587020874023,10.414587020874023,10.414587020874023,0.0,0.0,0.0,0.0,BOK.KA,
2021-07-21 00:00:00+05:00,10.414587020874023,10.414587020874023,10.414587020874023,10.414587020874023,0.0,0.0,0.0,0.0,BOK.KA,
2021-07-22 00:00:00+05:00,10.414587020874023,10.414587020874023,10.414587020874023,10.414587020874023,0.0,0.0,0.0,0.0,BOK.KA,
2021-07-23 00:00:00+05:00,10.414587020874023,10.414587020874023,10.414587020874023,10.414587020874023,0.0,0.0,0.0,0.0,BOK.KA,
2021-07-26 00:00:00+05:00,10.173191089845998,10.276647567749023,10.000763396459446,10.276647567749023,6825.0,0.0,0.0,0.0,BOK.KA,
2021-07-27 00:00:00+05:00,9.952485440259341,10.000764259296378,9.952485440259341,9.980073928833008,4200.0,0.0,0.0,0.0,BOK.KA,
2021-07-28 00:00:00+05:00,10.518043617019982,10.545631408691406,9.980071665083015,10.545631408691406,3150.0,0.0,0.0,0.0,BOK.KA,
2021-07-29 00:00:00+05:00,10.545631408691406,10.545631408691406,10.545631408691406,10.545631408691406,1050.0,0.0,0.0,0.0,BOK.KA,
2021-07-30 00:00:00+05:00,10.049042998690114,10.049042998690114,10.035248756408691,10.035248756408691,2100.0,0.0,0.0,0.0,BOK.KA,
2021-08-02 00:00:00+05:00,10.035248756408691,10.035248756408691,10.035248756408691,10.035248756408691,0.0,0.0,0.0,0.0,BOK.KA,
2021-08-03 00:00:00+05:00,10.007659912109375,10.007659912109375,10.007659912109375,10.007659912109375,1050.0,0.0,0.0,0.0,BOK.KA,
2021-08-04 00:00:00+05:00,10.000762445894358,10.01455737832439,10.000762445894358,10.007659912109375,1575.0,0.0,0.0,0.0,BOK.KA,
2021-08-05 00:00:00+05:00,10.035249311076877,10.338720586108169,10.035249311076877,10.069734573364258,2625.0,0.0,0.0,0.0,BOK.KA,
2021-08-06 00:00:00+05:00,10.00765974903207,10.042145007611827,9.800747506909087,9.938689231872559,5250.0,0.0,0.0,0.0,BOK.KA,
2021-08-09 00:00:00+05:00,10.000762939453125,10.000762939453125,10.000762939453125,10.000762939453125,525.0,0.0,0.0,0.0,BOK.KA,
2021-08-10 00:00:00+05:00,10.014556884765625,10.014556884765625,10.014556884765625,10.014556884765625,525.0,0.0,0.0,0.0,BOK.KA,
2021-08-11 00:00:00+05:00,10.007660406008545,10.007660406008545,10.000762939453125,10.000762939453125,2100.0,0.0,0.0,0.0,BOK.KA,
2021-08-12 00:00:00+05:00,10.069733161338977,10.614601886622413,10.000761955791157,10.228365898132324,11550.0,0.0,0.0,0.0,BOK.KA,
2021-08-13 00:00:00+05:00,10.000762939453125,10.000762939453125,10.000762939453125,10.000762939453125,525.0,0.0,0.0,0.0,BOK.KA,
2021-08-16 00:00:00+05:00,10.021454648474894,10.021454648474894,10.000762939453125,10.000762939453125,2625.0,0.0,0.0,0.0,BOK.KA,
2021-08-17 00:00:00+05:00,10.000762939453125,10.000762939453125,10.000762939453125,10.000762939453125,0.0,0.0,0.0,0.0,BOK.KA,
2021-08-18 00:00:00+05:00,10.000762939453125,10.000762939453125,10.000762939453125,10.000762939453125,0.0,0.0,0.0,0.0,BOK.KA,
2021-08-19 00:00:00+05:00,10.000762939453125,10.000762939453125,10.000762939453125,10.000762939453125,0.0,0.0,0.0,0.0,BOK.KA,
2021-08-20 00:00:00+05:00,10.000762445894358,10.007659912109375,9.897306668469254,10.007659912109375,4200.0,0.0,0.0,0.0,BOK.KA,
2021-08-23 00:00:00+05:00,10.021454648474894,10.021454648474894,10.000762939453125,10.000762939453125,4725.0,0.0,0.0,0.0,BOK.KA,
2021-08-24 00:00:00+05:00,10.242160407084848,10.242160407084848,9.897306442260742,9.897306442260742,3675.0,0.0,0.0,0.0,BOK.KA,
2021-08-25 00:00:00+05:00,10.000762939453125,10.000762939453125,9.897307156922258,10.000762939453125,2625.0,0.0,0.0,0.0,BOK.KA,
2021-08-26 00:00:00+05:00,10.00076142444271,10.00076142444271,9.966276168823242,9.966276168823242,1575.0,0.0,0.0,0.0,BOK.KA,
2021-08-27 00:00:00+05:00,10.000762939453125,10.000762939453125,10.000762939453125,10.000762939453125,1575.0,0.0,0.0,0.0,BOK.KA,
2021-08-30 00:00:00+05:00,10.000762939453125,10.000762939453125,10.000762939453125,10.000762939453125,0.0,0.0,0.0,0.0,BOK.KA,
2021-08-31 00:00:00+05:00,9.697291985694196,10.000762545419008,9.697291985694196,9.986968994140625,4725.0,0.0,0.0,0.0,BOK.KA,
2021-09-01 00:00:00+05:00,9.655909206329785,9.73177719116211,9.655909206329785,9.73177719116211,2100.0,0.0,0.0,0.0,BOK.KA,
2021-09-02 00:00:00+05:00,9.655909663323829,10.345617644413638,9.655909663323829,10.104219436645508,32550.0,0.0,0.0,0.0,BOK.KA,
2021-09-03 00:00:00+05:00,10.104219436645508,10.104219436645508,10.104219436645508,10.104219436645508,0.0,0.0,0.0,0.0,BOK.KA,
2021-09-06 00:00:00+05:00,10.345617152765646,10.345617152765646,9.75936498231269,9.78005599975586,4200.0,0.0,0.0,0.0,BOK.KA,
2021-09-07 00:00:00+05:00,9.862821953325499,9.862821953325499,9.72488021850586,9.72488021850586,8925.0,0.0,0.0,0.0,BOK.KA,
2021-09-08 00:00:00+05:00,9.711085778020982,10.27664694831827,9.711085778020982,10.20077896118164,5250.0,0.0,0.0,0.0,BOK.KA,
2021-09-09 00:00:00+05:00,9.862822230056096,10.242161493470213,9.566247733598173,10.19388198852539,15225.0,0.0,0.0,0.0,BOK.KA,
2021-09-10 00:00:00+05:00,10.19388198852539,10.19388198852539,10.19388198852539,10.19388198852539,0.0,0.0,0.0,0.0,BOK.KA,
2021-09-13 00:00:00+05:00,9.759366136407403,10.166294592303831,9.759366136407403,10.15939712524414,5250.0,0.0,0.0,0.0,BOK.KA,
2021-09-14 00:00:00+05:00,10.15939712524414,10.15939712524414,10.15939712524414,10.15939712524414,1050.0,0.0,0.0,0.0,BOK.KA,
2021-09-15 00:00:00+05:00,9.649011256685887,10.345616636479923,9.552452949888233,10.331822395324707,13125.0,0.0,0.0,0.0,BOK.KA,
2021-09-16 00:00:00+05:00,10.338720144971466,10.483558654785156,10.338720144971466,10.483558654785156,10500.0,0.0,0.0,0.0,BOK.KA,
2021-09-17 00:00:00+05:00,10.483558654785156,10.483558654785156,10.483558654785156,10.483558654785156,525.0,0.0,0.0,0.0,BOK.KA,
2021-09-20 00:00:00+05:00,10.352513892952983,10.352513892952983,9.793850898742676,9.793850898742676,2100.0,0.0,0.0,0.0,BOK.KA,
2021-09-21 00:00:00+05:00,9.793850898742676,9.793850898742676,9.793850898742676,9.793850898742676,0.0,0.0,0.0,0.0,BOK.KA,
2021-09-22 00:00:00+05:00,9.628321386170303,10.276647344402488,9.628321386170303,10.21457290649414,14175.0,0.0,0.0,0.0,BOK.KA,
2021-09-23 00:00:00+05:00,10.20077896118164,10.20077896118164,10.20077896118164,10.20077896118164,1050.0,0.0,0.0,0.0,BOK.KA,
2021-09-24 00:00:00+05:00,10.19388198852539,10.19388198852539,10.19388198852539,10.19388198852539,10500.0,0.0,0.0,0.0,BOK.KA,
2021-09-27 00:00:00+05:00,10.19388198852539,10.19388198852539,10.19388198852539,10.19388198852539,0.0,0.0,0.0,0.0,BOK.KA,
2021-09-28 00:00:00+05:00,10.34561650660818,10.483557535139866,10.34561650660818,10.414587020874023,2100.0,0.0,0.0,0.0,BOK.KA,
2021-09-29 00:00:00+05:00,9.669703597025965,10.311132790664978,9.669703597025965,10.069734573364258,3675.0,0.0,0.0,0.0,BOK.KA,
2021-09-30 00:00:00+05:00,10.30423551807413,10.34561824798584,10.30423551807413,10.34561824798584,21000.0,0.0,0.0,0.0,BOK.KA,
2021-10-01 00:00:00+05:00,10.34561824798584,10.34561824798584,10.34561824798584,10.34561824798584,0.0,0.0,0.0,0.0,BOK.KA,
2021-10-04 00:00:00+05:00,10.34561824798584,10.34561824798584,10.34561824798584,10.34561824798584,0.0,0.0,0.0,0.0,BOK.KA,
2021-10-05 00:00:00+05:00,10.483557666743222,10.483557666743222,9.580040741554237,10.331822395324707,11025.0,0.0,0.0,0.0,BOK.KA,
2021-10-06 00:00:00+05:00,10.3456172667639,10.3456172667639,9.869718335171365,10.24216079711914,3675.0,0.0,0.0,0.0,BOK.KA,
2021-10-07 00:00:00+05:00,10.24216079711914,10.24216079711914,10.24216079711914,10.24216079711914,0.0,0.0,0.0,0.0,BOK.KA,
2021-10-08 00:00:00+05:00,9.573143005371094,9.573143005371094,9.573143005371094,9.573143005371094,525.0,0.0,0.0,0.0,BOK.KA,
2021-10-11 00:00:00+05:00,10.069734400316644,10.069734400316644,9.573144421849733,9.849028587341309,3150.0,0.0,0.0,0.0,BOK.KA,
2021-10-12 00:00:00+05:00,10.000762939453125,10.000762939453125,10.000762939453125,10.000762939453125,1050.0,0.0,0.0,0.0,BOK.KA,
2021-10-13 00:00:00+05:00,9.662807152397896,10.20767593383789,9.662807152397896,10.20767593383789,4200.0,0.0,0.0,0.0,BOK.KA,
2021-10-14 00:00:00+05:00,10.82151637152399,10.82151637152399,9.662807548490534,10.276647567749023,3675.0,0.0,0.0,0.0,BOK.KA,
2021-10-15 00:00:00+05:00,9.704189732899271,10.34561824798584,9.704189732899271,10.34561824798584,1575.0,0.0,0.0,0.0,BOK.KA,
2021-10-18 00:00:00+05:00,9.75936464899052,10.614602088928223,9.752467873626504,10.614602088928223,8400.0,0.0,0.0,0.0,BOK.KA,
2021-10-19 00:00:00+05:00,10.614602088928223,10.614602088928223,10.614602088928223,10.614602088928223,0.0,0.0,0.0,0.0,BOK.KA,
2021-10-20 00:00:00+05:00,10.000763001409524,10.042145729064941,10.000763001409524,10.042145729064941,4725.0,0.0,0.0,0.0,BOK.KA,
2021-10-21 00:00:00+05:00,9.593836477112578,10.34561824798584,9.593836477112578,10.34561824798584,11025.0,0.0,0.0,0.0,BOK.KA,
2021-10-22 00:00:00+05:00,10.34561824798584,10.34561824798584,10.34561824798584,10.34561824798584,0.0,0.0,0.0,0.0,BOK.KA,
2021-10-25 00:00:00+05:00,9.669703779317246,10.621501042130305,9.669703779317246,10.34561824798584,13125.0,0.0,0.0,0.0,BOK.KA,
2021-10-26 00:00:00+05:00,10.34561824798584,10.34561824798584,10.34561824798584,10.34561824798584,2625.0,0.0,0.0,0.0,BOK.KA,
2021-10-27 00:00:00+05:00,10.34561824798584,10.34561824798584,10.34561824798584,10.34561824798584,2100.0,0.0,0.0,0.0,BOK.KA,
2021-10-28 00:00:00+05:00,10.34561724778628,10.621500015258789,10.34561724778628,10.621500015258789,1575.0,0.0,0.0,0.0,BOK.KA,
2021-10-29 00:00:00+05:00,11.200854169950965,11.200854169950965,11.03532465579591,11.118088722229004,1050.0,0.0,0.0,0.0,BOK.KA,
2021-11-01 00:00:00+05:00,10.69047016824368,10.759441375732422,10.69047016824368,10.759441375732422,3150.0,0.0,0.0,0.0,BOK.KA,
2021-11-02 00:00:00+05:00,10.759441375732422,10.759441375732422,10.759441375732422,10.759441375732422,0.0,0.0,0.0,0.0,BOK.KA,
2021-11-03 00:00:00+05:00,10.759441375732422,10.759441375732422,10.759441375732422,10.759441375732422,0.0,0.0,0.0,0.0,BOK.KA,
2021-11-04 00:00:00+05:00,10.759441375732422,10.759441375732422,10.759441375732422,10.759441375732422,2625.0,0.0,0.0,0.0,BOK.KA,
2021-11-05 00:00:00+05:00,10.076629883683552,10.897382736206055,10.076629883683552,10.897382736206055,2100.0,0.0,0.0,0.0,BOK.KA,
2021-11-08 00:00:00+05:00,10.897382736206055,10.897382736206055,10.897382736206055,10.897382736206055,0.0,0.0,0.0,0.0,BOK.KA,
2021-11-09 00:00:00+05:00,10.180087089538574,10.180087089538574,10.180087089538574,10.180087089538574,2100.0,0.0,0.0,0.0,BOK.KA,
2021-11-10 00:00:00+05:00,9.738675686481297,10.34561824798584,9.738675686481297,10.34561824798584,6825.0,0.0,0.0,0.0,BOK.KA,
2021-11-11 00:00:00+05:00,9.793850898742676,9.793850898742676,9.793850898742676,9.793850898742676,1050.0,0.0,0.0,0.0,BOK.KA,
2021-11-12 00:00:00+05:00,10.318029761378034,10.34561824798584,10.318029761378034,10.34561824798584,5250.0,0.0,0.0,0.0,BOK.KA,
2021-11-15 00:00:00+05:00,10.34561824798584,10.34561824798584,10.34561824798584,10.34561824798584,1050.0,0.0,0.0,0.0,BOK.KA,
2021-11-16 00:00:00+05:00,10.000761542913398,10.34561617512645,10.000761542913398,10.32492446899414,5250.0,0.0,0.0,0.0,BOK.KA,
2021-11-17 00:00:00+05:00,10.069735285883224,10.345618784992416,10.00076406578364,10.12491226196289,8400.0,0.0,0.0,0.0,BOK.KA,
2021-11-18 00:00:00+05:00,10.12491226196289,10.12491226196289,10.12491226196289,10.12491226196289,525.0,0.0,0.0,0.0,BOK.KA,
2021-11-19 00:00:00+05:00,10.180086433261762,10.345616636479923,10.173189658006368,10.331822395324707,9450.0,0.0,0.0,0.0,BOK.KA,
2021-11-22 00:00:00+05:00,10.34561824798584,10.34561824798584,10.34561824798584,10.34561824798584,3675.0,0.0,0.0,0.0,BOK.KA,
2021-11-23 00:00:00+05:00,9.607630137062438,10.345617619822828,9.607630137062438,10.000762939453125,11025.0,0.0,0.0,0.0,BOK.KA,
2021-11-24 00:00:00+05:00,10.338719636922496,10.338719636922496,10.173190116882324,10.173190116882324,5250.0,0.0,0.0,0.0,BOK.KA,
2021-11-25 00:00:00+05:00,10.20767593383789,10.20767593383789,10.20767593383789,10.20767593383789,3150.0,0.0,0.0,0.0,BOK.KA,
2021-11-26 00:00:00+05:00,10.20767593383789,10.20767593383789,10.20767593383789,10.20767593383789,0.0,0.0,0.0,0.0,BOK.KA,
2021-11-29 00:00:00+05:00,9.752467933567662,10.96635358471715,9.752467933567662,10.655984878540039,11550.0,0.0,0.0,0.0,BOK.KA,
2021-11-30 00:00:00+05:00,11.03532600402832,11.17326705246223,11.03532600402832,11.03532600402832,2100.0,0.0,0.0,0.0,BOK.KA,
2021-12-01 00:00:00+05:00,11.03532600402832,11.03532600402832,11.03532600402832,11.03532600402832,525.0,0.0,0.0,0.0,BOK.KA,
2021-12-02 00:00:00+05:00,11.345694053649133,11.345694053649133,11.03532600402832,11.03532600402832,1050.0,0.0,0.0,0.0,BOK.KA,
2021-12-03 00:00:00+05:00,11.37328170434491,11.37328170434491,10.20767613041794,10.21457290649414,4725.0,0.0,0.0,0.0,BOK.KA,
2021-12-06 00:00:00+05:00,10.690470902502476,10.980148612562374,10.690470902502476,10.966354370117188,7350.0,0.0,0.0,0.0,BOK.KA,
2021-12-07 00:00:00+05:00,10.359411239624023,10.359411239624023,10.359411239624023,10.359411239624023,525.0,0.0,0.0,0.0,BOK.KA,
2021-12-08 00:00:00+05:00,10.690469741821289,10.690469741821289,10.690469741821289,10.690469741821289,1050.0,0.0,0.0,0.0,BOK.KA,
2021-12-09 00:00:00+05:00,10.690469741821289,10.690469741821289,10.690469741821289,10.690469741821289,0.0,0.0,0.0,0.0,BOK.KA,
2021-12-10 00:00:00+05:00,10.34561824798584,10.34561824798584,10.34561824798584,10.34561824798584,525.0,0.0,0.0,0.0,BOK.KA,
2021-12-13 00:00:00+05:00,10.518044471740723,10.518044471740723,10.518044471740723,10.518044471740723,525.0,0.0,0.0,0.0,BOK.KA,
2021-12-14 00:00:00+05:00,10.690471311009993,11.03532600402832,10.690471311009993,11.03532600402832,1575.0,0.0,0.0,0.0,BOK.KA,
2021-12-15 00:00:00+05:00,11.03532600402832,11.03532600402832,11.03532600402832,11.03532600402832,0.0,0.0,0.0,0.0,BOK.KA,
2021-12-16 00:00:00+05:00,10.24905776977539,10.24905776977539,10.24905776977539,10.24905776977539,525.0,0.0,0.0,0.0,BOK.KA,
2021-12-17 00:00:00+05:00,10.690469741821289,10.690469741821289,10.690469741821289,10.690469741821289,1050.0,0.0,0.0,0.0,BOK.KA,
2021-12-20 00:00:00+05:00,10.683572966669738,10.690469741821289,10.683572966669738,10.690469741821289,3150.0,0.0,0.0,0.0,BOK.KA,
2021-12-21 00:00:00+05:00,10.690469741821289,10.690469741821289,10.690469741821289,10.690469741821289,0.0,0.0,0.0,0.0,BOK.KA,
2021-12-22 00:00:00+05:00,9.938689581241151,11.359487533569336,9.938689581241151,11.359487533569336,6300.0,0.0,0.0,0.0,BOK.KA,
2021-12-23 00:00:00+05:00,11.166369113975902,11.166369113975902,10.731852922833815,10.911176681518555,2625.0,0.0,0.0,0.0,BOK.KA,
2021-12-24 00:00:00+05:00,11.028426918424543,11.028426918424543,10.690469741821289,10.690469741821289,5775.0,0.0,0.0,0.0,BOK.KA,
2021-12-27 00:00:00+05:00,11.104296684265137,11.104296684265137,11.104296684265137,11.104296684265137,525.0,0.0,0.0,0.0,BOK.KA,
2021-12-28 00:00:00+05:00,10.38010268891991,10.897383663952247,10.373205222491903,10.793927192687988,3675.0,0.0,0.0,0.0,BOK.KA,
2021-12-29 00:00:00+05:00,10.690469741821289,10.690469741821289,10.690469741821289,10.690469741821289,1575.0,0.0,0.0,0.0,BOK.KA,
2021-12-30 00:00:00+05:00,10.242160018926693,11.021529452628572,10.228365777979171,10.690469741821289,6300.0,0.0,0.0,0.0,BOK.KA,
2021-12-31 00:00:00+05:00,10.690469741821289,10.690469741821289,10.690469741821289,10.690469741821289,0.0,0.0,0.0,0.0,BOK.KA,
2022-01-03 00:00:00+05:00,10.690469741821289,10.690469741821289,10.690469741821289,10.690469741821289,0.0,0.0,0.0,0.0,BOK.KA,
2022-01-04 00:00:00+05:00,10.145602089411813,11.028428077697754,10.145602089411813,11.028428077697754,5250.0,0.0,0.0,0.0,BOK.KA,
2022-01-05 00:00:00+05:00,10.690469741821289,10.690469741821289,10.690469741821289,10.690469741821289,2100.0,0.0,0.0,0.0,BOK.KA,
2022-01-06 00:00:00+05:00,10.690469741821289,10.690469741821289,10.690469741821289,10.690469741821289,3675.0,0.0,0.0,0.0,BOK.KA,
2022-01-07 00:00:00+05:00,10.242160085485095,10.897382736206055,10.242160085485095,10.897382736206055,7350.0,0.0,0.0,0.0,BOK.KA,
2022-01-10 00:00:00+05:00,10.366307496809977,10.690469741821289,10.366307496809977,10.690469741821289,3150.0,0.0,0.0,0.0,BOK.KA,
2022-01-11 00:00:00+05:00,11.44225396322959,11.44225396322959,10.304235458374023,10.304235458374023,1575.0,0.0,0.0,0.0,BOK.KA,
2022-01-12 00:00:00+05:00,11.021529452628572,11.06980964126711,10.683572966669738,10.690469741821289,10500.0,0.0,0.0,0.0,BOK.KA,
2022-01-13 00:00:00+05:00,11.242236617144512,11.242236617144512,10.049042026950216,10.690469741821289,3675.0,0.0,0.0,0.0,BOK.KA,
2022-01-14 00:00:00+05:00,10.518044075944708,10.552529335021973,10.518044075944708,10.552529335021973,4725.0,0.0,0.0,0.0,BOK.KA,
2022-01-17 00:00:00+05:00,9.79385035967717,11.000839198662574,9.79385035967717,10.897382736206055,2100.0,0.0,0.0,0.0,BOK.KA,
2022-01-18 00:00:00+05:00,10.20767593383789,10.20767593383789,10.20767593383789,10.20767593383789,525.0,0.0,0.0,0.0,BOK.KA,
2022-01-19 00:00:00+05:00,9.566247033451276,10.924971920540223,9.566247033451276,10.683573722839355,4725.0,0.0,0.0,0.0,BOK.KA,
2022-01-20 00:00:00+05:00,10.345616480710902,10.690469741821289,10.345616480710902,10.690469741821289,7350.0,0.0,0.0,0.0,BOK.KA,
2022-01-21 00:00:00+05:00,10.987045288085938,10.987045288085938,10.987045288085938,10.987045288085938,525.0,0.0,0.0,0.0,BOK.KA,
2022-01-24 00:00:00+05:00,10.987045288085938,10.987045288085938,10.987045288085938,10.987045288085938,525.0,0.0,0.0,0.0,BOK.KA,
2022-01-25 00:00:00+05:00,10.249058210527092,10.421485900878906,10.249058210527092,10.421485900878906,2625.0,0.0,0.0,0.0,BOK.KA,
2022-01-26 00:00:00+05:00,10.421485900878906,10.421485900878906,10.421485900878906,10.421485900878906,2625.0,0.0,0.0,0.0,BOK.KA,
2022-01-27 00:00:00+05:00,10.16629439193227,10.987045992030126,10.16629439193227,10.890487670898438,8925.0,0.0,0.0,0.0,BOK.KA,
2022-01-28 00:00:00+05:00,10.690469741821289,10.890485890238153,10.690469741821289,10.690469741821289,2100.0,0.0,0.0,0.0,BOK.KA,
2022-01-31 00:00:00+05:00,10.987044794570183,11.000839726914192,10.987044794570183,10.993942260742188,3150.0,0.0,0.0,0.0,BOK.KA,
2022-02-01 00:00:00+05:00,10.400792753856575,10.690469741821289,10.400792753856575,10.690469741821289,9450.0,0.0,0.0,0.0,BOK.KA,
2022-02-02 00:00:00+05:00,10.690469741821289,10.690469741821289,10.690469741821289,10.690469741821289,0.0,0.0,0.0,0.0,BOK.KA,
2022-02-03 00:00:00+05:00,10.421485179878612,10.421485179878612,10.366308212280273,10.366308212280273,1050.0,0.0,0.0,0.0,BOK.KA,
2022-02-04 00:00:00+05:00,9.890409687944244,10.966354384255371,9.890409687944244,10.800824165344238,8400.0,0.0,0.0,0.0,BOK.KA,
2022-02-07 00:00:00+05:00,10.800824165344238,10.800824165344238,10.800824165344238,10.800824165344238,0.0,0.0,0.0,0.0,BOK.KA,
2022-02-08 00:00:00+05:00,10.759441016478839,10.897382736206055,10.759441016478839,10.897382736206055,4200.0,0.0,0.0,0.0,BOK.KA,
2022-02-09 00:00:00+05:00,10.428382940854997,10.890487670898438,10.428382940854997,10.890487670898438,4200.0,0.0,0.0,0.0,BOK.KA,
2022-02-10 00:00:00+05:00,10.518043456588304,10.690469741821289,10.518043456588304,10.690469741821289,3675.0,0.0,0.0,0.0,BOK.KA,
2022-02-11 00:00:00+05:00,10.51804413144945,10.814618604239014,10.51804413144945,10.807721138000488,8400.0,0.0,0.0,0.0,BOK.KA,
2022-02-14 00:00:00+05:00,10.359410595785054,11.035324985840845,10.359410595785054,10.993942260742188,6300.0,0.0,0.0,0.0,BOK.KA,
2022-02-15 00:00:00+05:00,11.028428537219915,11.03532600402832,11.028428537219915,11.03532600402832,2100.0,0.0,0.0,0.0,BOK.KA,
2022-02-16 00:00:00+05:00,10.690471311009993,11.03532600402832,10.690471311009993,11.03532600402832,9450.0,0.0,0.0,0.0,BOK.KA,
2022-02-17 00:00:00+05:00,11.38017809926442,11.38017809926442,10.697367634314777,10.759441375732422,7350.0,0.0,0.0,0.0,BOK.KA,
2022-02-18 00:00:00+05:00,10.524940976681654,10.683573722839355,10.518044201041956,10.683573722839355,6300.0,0.0,0.0,0.0,BOK.KA,
2022-02-21 00:00:00+05:00,10.207676547246471,10.483559342516749,10.207676547246471,10.283544540405273,15225.0,0.0,0.0,0.0,BOK.KA,
2022-02-22 00:00:00+05:00,10.345617479221474,10.683573997798291,10.338720012759794,10.518044471740723,17850.0,0.0,0.0,0.0,BOK.KA,
2022-02-23 00:00:00+05:00,10.518044785993975,10.518044785993975,10.007660569004404,10.338720321655273,7350.0,0.0,0.0,0.0,BOK.KA,
2022-02-24 00:00:00+05:00,10.000762685945269,10.621500127973462,9.862821646067426,10.38700008392334,27300.0,0.0,0.0,0.0,BOK.KA,
2022-02-25 00:00:00+05:00,9.828336800366527,10.69047109852027,9.828336800366527,10.607707023620605,26775.0,0.0,0.0,0.0,BOK.KA,
2022-02-28 00:00:00+05:00,9.842130335120228,10.828412055969238,9.842130335120228,10.828412055969238,22575.0,0.0,0.0,0.0,BOK.KA,
2022-03-01 00:00:00+05:00,10.345616480710902,10.690469741821289,10.345616480710902,10.690469741821289,2100.0,0.0,0.0,0.0,BOK.KA,
2022-03-02 00:00:00+05:00,10.345617479221474,10.518044471740723,10.345617479221474,10.518044471740723,5775.0,0.0,0.0,0.0,BOK.KA,
2022-03-03 00:00:00+05:00,10.069733596656322,10.828412055969238,10.069733596656322,10.828412055969238,3675.0,0.0,0.0,0.0,BOK.KA,
2022-03-04 00:00:00+05:00,10.035248376929609,10.690470371331038,10.02145413516981,10.552529335021973,12600.0,0.0,0.0,0.0,BOK.KA,
2022-03-07 00:00:00+05:00,10.897383299695681,10.897383299695681,10.035248370126224,10.766338348388672,4725.0,0.0,0.0,0.0,BOK.KA,
2022-03-08 00:00:00+05:00,10.766338348388672,10.766338348388672,10.766338348388672,10.766338348388672,0.0,0.0,0.0,0.0,BOK.KA,
2022-03-09 00:00:00+05:00,10.690469741821289,10.690469741821289,10.690469741821289,10.690469741821289,5250.0,0.0,0.0,0.0,BOK.KA,
2022-03-10 00:00:00+05:00,10.483558654785156,10.483558654785156,10.483558654785156,10.483558654785156,525.0,0.0,0.0,0.0,BOK.KA,
2022-03-11 00:00:00+05:00,10.345617946155901,10.759442470621673,9.869718983311296,10.676677703857422,19950.0,0.0,0.0,0.0,BOK.KA,
2022-03-14 00:00:00+05:00,10.345617479221474,10.683573997798291,10.345617479221474,10.518044471740723,1575.0,0.0,0.0,0.0,BOK.KA,
2022-03-15 00:00:00+05:00,10.518044471740723,10.518044471740723,10.518044471740723,10.518044471740723,0.0,0.0,0.0,0.0,BOK.KA,
2022-03-16 00:00:00+05:00,10.614602088928223,10.655984813045636,10.021453853778596,10.614602088928223,12075.0,0.0,0.0,0.0,BOK.KA,
2022-03-17 00:00:00+05:00,10.34561824798584,10.352515024315524,10.34561824798584,10.34561824798584,2625.0,0.0,0.0,0.0,BOK.KA,
2022-03-18 00:00:00+05:00,9.793851864764973,9.945587158203125,9.793851864764973,9.945587158203125,2100.0,0.0,0.0,0.0,BOK.KA,
2022-03-21 00:00:00+05:00,10.182156898508632,10.573221206665039,9.943172502359939,10.573221206665039,5500.0,0.0,1.05,0.0,BOK.KA,
2022-03-22 00:00:00+05:00,10.573221206665039,10.573221206665039,10.573221206665039,10.573221206665039,0.0,0.0,0.0,0.0,BOK.KA,
2022-03-23 00:00:00+05:00,10.573221206665039,10.573221206665039,10.573221206665039,10.573221206665039,0.0,0.0,0.0,0.0,BOK.KA,
2022-03-24 00:00:00+05:00,10.942560195922852,10.942560195922852,10.942560195922852,10.942560195922852,1500.0,0.0,0.0,0.0,BOK.KA,
2022-03-25 00:00:00+05:00,11.101882934570312,11.11636713168937,11.101882934570312,11.101882934570312,3500.0,0.0,0.0,0.0,BOK.KA,
2022-03-28 00:00:00+05:00,11.290171728471458,11.29741382598877,11.290171728471458,11.29741382598877,2000.0,0.0,0.0,0.0,BOK.KA,
2022-03-29 00:00:00+05:00,11.29741382598877,11.29741382598877,11.29741382598877,11.29741382598877,2000.0,0.0,0.0,0.0,BOK.KA,
2022-03-30 00:00:00+05:00,10.551495702235558,11.297415266139218,10.551495702235558,11.246721267700195,4000.0,0.0,0.0,0.0,BOK.KA,
2022-03-31 00:00:00+05:00,10.862898826599121,10.862898826599121,10.862898826599121,10.862898826599121,3000.0,0.0,0.0,0.0,BOK.KA,
2022-04-01 00:00:00+05:00,10.862898826599121,10.862898826599121,10.862898826599121,10.862898826599121,8000.0,0.0,0.0,0.0,BOK.KA,
2022-04-04 00:00:00+05:00,10.862898826599121,10.862898826599121,10.862898826599121,10.862898826599121,0.0,0.0,0.0,0.0,BOK.KA,
2022-04-05 00:00:00+05:00,11.02222102859108,11.152575338869914,11.02222102859108,11.087398529052734,5000.0,0.0,0.0,0.0,BOK.KA,
2022-04-06 00:00:00+05:00,10.276300430297852,10.276300430297852,10.276300430297852,10.276300430297852,2000.0,0.0,0.0,0.0,BOK.KA,
2022-04-07 00:00:00+05:00,10.276300430297852,10.276300430297852,10.276300430297852,10.276300430297852,0.0,0.0,0.0,0.0,BOK.KA,
2022-04-08 00:00:00+05:00,10.276300430297852,10.276300430297852,10.276300430297852,10.276300430297852,0.0,0.0,0.0,0.0,BOK.KA,
2022-04-11 00:00:00+05:00,10.276300430297852,10.276300430297852,10.276300430297852,10.276300430297852,0.0,0.0,0.0,0.0,BOK.KA,
2022-04-12 00:00:00+05:00,10.276301839263574,10.86289867140291,10.276301839263574,10.833930969238281,3000.0,0.0,0.0,0.0,BOK.KA,
2022-04-13 00:00:00+05:00,10.16767300631816,10.16767300631816,10.160430908203125,10.160430908203125,3000.0,0.0,0.0,0.0,BOK.KA,
2022-04-14 00:00:00+05:00,10.790479174736685,10.862898776168947,10.790479174736685,10.84117317199707,4000.0,0.0,0.0,0.0,BOK.KA,
2022-04-15 00:00:00+05:00,10.89910888671875,10.89910888671875,10.89910888671875,10.89910888671875,2000.0,0.0,0.0,0.0,BOK.KA,
2022-04-18 00:00:00+05:00,10.89910888671875,10.89910888671875,10.89910888671875,10.89910888671875,1000.0,0.0,0.0,0.0,BOK.KA,
2022-04-19 00:00:00+05:00,10.240092329016322,10.261817932128906,10.240092329016322,10.261817932128906,2000.0,0.0,0.0,0.0,BOK.KA,
2022-04-20 00:00:00+05:00,10.862898826599121,10.862898826599121,10.862898826599121,10.862898826599121,1000.0,0.0,0.0,0.0,BOK.KA,
2022-04-21 00:00:00+05:00,10.862898826599121,10.862898826599121,10.862898826599121,10.862898826599121,0.0,0.0,0.0,0.0,BOK.KA,
2022-04-22 00:00:00+05:00,10.160431221464528,10.182157516479492,10.160431221464528,10.182157516479492,1000.0,0.0,0.0,0.0,BOK.KA,
2022-04-25 00:00:00+05:00,10.182157516479492,10.182157516479492,10.182157516479492,10.182157516479492,0.0,0.0,0.0,0.0,BOK.KA,
2022-04-26 00:00:00+05:00,10.182157516479492,10.182157516479492,10.182157516479492,10.182157516479492,500.0,0.0,0.0,0.0,BOK.KA,
2022-04-27 00:00:00+05:00,10.182157516479492,10.182157516479492,10.182157516479492,10.182157516479492,0.0,0.0,0.0,0.0,BOK.KA,
2022-04-28 00:00:00+05:00,10.761511213932367,10.899108315221358,10.761511213932367,10.804963111877441,13500.0,0.0,0.0,0.0,BOK.KA,
2022-04-29 00:00:00+05:00,10.804963111877441,10.804963111877441,10.804963111877441,10.804963111877441,0.0,0.0,0.0,0.0,BOK.KA,
2022-05-02 00:00:00+05:00,10.804963111877441,10.804963111877441,10.804963111877441,10.804963111877441,0.0,0.0,0.0,0.0,BOK.KA,
2022-05-03 00:00:00+05:00,10.804963111877441,10.804963111877441,10.804963111877441,10.804963111877441,0.0,0.0,0.0,0.0,BOK.KA,
2022-05-04 00:00:00+05:00,10.804963111877441,10.804963111877441,10.804963111877441,10.804963111877441,0.0,0.0,0.0,0.0,BOK.KA,
2022-05-05 00:00:00+05:00,10.804963111877441,10.804963111877441,10.804963111877441,10.804963111877441,0.0,0.0,0.0,0.0,BOK.KA,
2022-05-06 00:00:00+05:00,10.493559077907152,10.855655670166016,10.493559077907152,10.855655670166016,4000.0,0.0,0.0,0.0,BOK.KA,
2022-05-09 00:00:00+05:00,10.174915372376745,10.862898826599121,10.174915372376745,10.862898826599121,2500.0,0.0,0.0,0.0,BOK.KA,
2022-05-10 00:00:00+05:00,10.08076982747723,10.819446563720703,10.08076982747723,10.819446563720703,3000.0,0.0,0.0,0.0,BOK.KA,
2022-05-11 00:00:00+05:00,10.240092451478274,10.68185007015434,10.22560825546702,10.602189064025879,8000.0,0.0,0.0,0.0,BOK.KA,
2022-05-12 00:00:00+05:00,10.602189064025879,10.602189064025879,10.602189064025879,10.602189064025879,0.0,0.0,0.0,0.0,BOK.KA,
2022-05-13 00:00:00+05:00,10.602189064025879,10.602189064025879,10.602189064025879,10.602189064025879,0.0,0.0,0.0,0.0,BOK.KA,
2022-05-16 00:00:00+05:00,11.15257470403348,11.15257470403348,10.862897708075897,11.007736206054688,4000.0,0.0,0.0,0.0,BOK.KA,
2022-05-17 00:00:00+05:00,10.935318941345392,11.007737855866532,10.935318941345392,10.971528053283691,2000.0,0.0,0.0,0.0,BOK.KA,
2022-05-18 00:00:00+05:00,10.500802040100098,10.500802040100098,10.290786026923875,10.500802040100098,15000.0,0.0,0.0,0.0,BOK.KA,
2022-05-19 00:00:00+05:00,10.500802040100098,10.500802040100098,10.500802040100098,10.500802040100098,0.0,0.0,0.0,0.0,BOK.KA,
2022-05-20 00:00:00+05:00,10.500802040100098,10.500802040100098,10.500802040100098,10.500802040100098,1000.0,0.0,0.0,0.0,BOK.KA,
2022-05-23 00:00:00+05:00,10.500802040100098,10.500802040100098,10.500802040100098,10.500802040100098,0.0,0.0,0.0,0.0,BOK.KA,
2022-05-24 00:00:00+05:00,10.182157113500404,10.493559732634221,10.073527714658342,10.48631763458252,7500.0,0.0,0.0,0.0,BOK.KA,
2022-05-25 00:00:00+05:00,10.537012127435354,10.81944705833211,10.537012127435354,10.696334838867188,2000.0,0.0,0.0,0.0,BOK.KA,
2022-05-26 00:00:00+05:00,10.145947911119718,11.000495502832672,10.145947911119718,10.89910888671875,7000.0,0.0,0.0,0.0,BOK.KA,
2022-05-27 00:00:00+05:00,10.471833374160228,10.826687865376648,10.283542982257641,10.812204360961914,9500.0,0.0,0.0,0.0,BOK.KA,
2022-05-30 00:00:00+05:00,10.298027026534257,10.783236503601074,10.298027026534257,10.783236503601074,5000.0,0.0,0.0,0.0,BOK.KA,
2022-05-31 00:00:00+05:00,10.515286267618754,10.775995587650604,10.508044169401188,10.660124778747559,3500.0,0.0,0.0,0.0,BOK.KA,
2022-06-01 00:00:00+05:00,10.660124778747559,10.660124778747559,10.660124778747559,10.660124778747559,0.0,0.0,0.0,0.0,BOK.KA,
2022-06-02 00:00:00+05:00,10.660124778747559,10.660124778747559,10.660124778747559,10.660124778747559,2000.0,0.0,0.0,0.0,BOK.KA,
2022-06-03 00:00:00+05:00,10.218366580922217,10.862898826599121,10.218366580922217,10.862898826599121,3500.0,0.0,0.0,0.0,BOK.KA,
2022-06-06 00:00:00+05:00,10.247333875677555,11.217752909402817,10.247333875677555,10.935317993164062,7500.0,0.0,0.0,0.0,BOK.KA,
2022-06-07 00:00:00+05:00,10.442866793888848,10.862898826599121,10.442866793888848,10.862898826599121,2500.0,0.0,0.0,0.0,BOK.KA,
2022-06-08 00:00:00+05:00,10.20388211227093,10.20388211227093,10.196640014648438,10.196640014648438,1000.0,0.0,0.0,0.0,BOK.KA,
2022-06-09 00:00:00+05:00,10.196640014648438,10.196640014648438,10.196640014648438,10.196640014648438,0.0,0.0,0.0,0.0,BOK.KA,
2022-06-10 00:00:00+05:00,9.552108502255866,10.826688766479492,9.552108502255866,10.826688766479492,3500.0,0.0,0.0,0.0,BOK.KA,
2022-06-13 00:00:00+05:00,10.862898826599121,10.862898826599121,10.862898826599121,10.862898826599121,1000.0,0.0,0.0,0.0,BOK.KA,
2022-06-14 00:00:00+05:00,10.862898826599121,10.862898826599121,10.862898826599121,10.862898826599121,500.0,0.0,0.0,0.0,BOK.KA,
2022-06-15 00:00:00+05:00,10.261817932128906,10.261817932128906,10.261817932128906,10.261817932128906,500.0,0.0,0.0,0.0,BOK.KA,
2022-06-16 00:00:00+05:00,10.783237299046565,10.797720804317636,10.783237299046565,10.790478706359863,2000.0,0.0,0.0,0.0,BOK.KA,
2022-06-17 00:00:00+05:00,10.862898826599121,10.862898826599121,10.862898826599121,10.862898826599121,2500.0,0.0,0.0,0.0,BOK.KA,
2022-06-20 00:00:00+05:00,10.862898826599121,10.862898826599121,10.862898826599121,10.862898826599121,1000.0,0.0,0.0,0.0,BOK.KA,
2022-06-21 00:00:00+05:00,10.862898826599121,10.862898826599121,10.862898826599121,10.862898826599121,0.0,0.0,0.0,0.0,BOK.KA,
2022-06-22 00:00:00+05:00,11.40604305267334,11.40604305267334,11.40604305267334,11.40604305267334,2500.0,0.0,0.0,0.0,BOK.KA,
2022-06-23 00:00:00+05:00,11.40604305267334,11.40604305267334,11.40604305267334,11.40604305267334,0.0,0.0,0.0,0.0,BOK.KA,
2022-06-24 00:00:00+05:00,11.40604305267334,11.40604305267334,11.40604305267334,11.40604305267334,0.0,0.0,0.0,0.0,BOK.KA,
2022-06-27 00:00:00+05:00,10.52252705593012,10.5442533493042,10.52252705593012,10.5442533493042,4000.0,0.0,0.0,0.0,BOK.KA,
2022-06-28 00:00:00+05:00,11.282930859309392,11.333624166160613,10.544254098235797,10.862898826599121,16000.0,0.0,0.0,0.0,BOK.KA,
2022-06-29 00:00:00+05:00,10.862898826599121,10.862898826599121,10.862898826599121,10.862898826599121,500.0,0.0,0.0,0.0,BOK.KA,
2022-06-30 00:00:00+05:00,10.862898826599121,10.862898826599121,10.862898826599121,10.862898826599121,5000.0,0.0,0.0,0.0,BOK.KA,
2022-07-01 00:00:00+05:00,10.080769538879395,10.080769538879395,10.080769538879395,10.080769538879395,1000.0,0.0,0.0,0.0,BOK.KA,
2022-07-04 00:00:00+05:00,10.088011741638184,10.088011741638184,10.088011741638184,10.088011741638184,1000.0,0.0,0.0,0.0,BOK.KA,
2022-07-05 00:00:00+05:00,10.088011741638184,10.088011741638184,10.088011741638184,10.088011741638184,0.0,0.0,0.0,0.0,BOK.KA,
2022-07-06 00:00:00+05:00,9.486931800842285,9.486931800842285,9.486931800842285,9.486931800842285,2000.0,0.0,0.0,0.0,BOK.KA,
2022-07-07 00:00:00+05:00,9.486931800842285,9.486931800842285,9.486931800842285,9.486931800842285,1000.0,0.0,0.0,0.0,BOK.KA,
2022-07-08 00:00:00+05:00,9.486931800842285,9.486931800842285,9.486931800842285,9.486931800842285,0.0,0.0,0.0,0.0,BOK.KA,
2022-07-11 00:00:00+05:00,9.486931800842285,9.486931800842285,9.486931800842285,9.486931800842285,0.0,0.0,0.0,0.0,BOK.KA,
2022-07-12 00:00:00+05:00,9.486931800842285,9.486931800842285,9.486931800842285,9.486931800842285,0.0,0.0,0.0,0.0,BOK.KA,
2022-07-13 00:00:00+05:00,10.131462097167969,10.131462097167969,10.131462097167969,10.131462097167969,500.0,0.0,0.0,0.0,BOK.KA,
2022-07-14 00:00:00+05:00,10.855656728293372,10.862898826599121,10.855656728293372,10.862898826599121,5000.0,0.0,0.0,0.0,BOK.KA,
2022-07-15 00:00:00+05:00,10.862898826599121,10.862898826599121,10.862898826599121,10.862898826599121,0.0,0.0,0.0,0.0,BOK.KA,
2022-07-18 00:00:00+05:00,10.862898826599121,10.862898826599121,10.862898826599121,10.862898826599121,0.0,0.0,0.0,0.0,BOK.KA,
2022-07-19 00:00:00+05:00,10.862898826599121,10.862898826599121,10.862898826599121,10.862898826599121,0.0,0.0,0.0,0.0,BOK.KA,
2022-07-20 00:00:00+05:00,10.862898826599121,10.862898826599121,10.862898826599121,10.862898826599121,0.0,0.0,0.0,0.0,BOK.KA,
2022-07-21 00:00:00+05:00,10.862898826599121,10.862898826599121,10.862898826599121,10.862898826599121,0.0,0.0,0.0,0.0,BOK.KA,
2022-07-22 00:00:00+05:00,10.862898826599121,10.862898826599121,10.862898826599121,10.862898826599121,0.0,0.0,0.0,0.0,BOK.KA,
2022-07-25 00:00:00+05:00,10.565978570111522,10.862897662380137,10.565978570111522,10.812204360961914,3000.0,0.0,0.0,0.0,BOK.KA,
2022-07-26 00:00:00+05:00,10.051801681518555,10.051801681518555,10.051801681518555,10.051801681518555,500.0,0.0,0.0,0.0,BOK.KA,
2022-07-27 00:00:00+05:00,10.051801681518555,10.051801681518555,10.051801681518555,10.051801681518555,0.0,0.0,0.0,0.0,BOK.KA,
2022-07-28 00:00:00+05:00,10.775995254516602,10.775995254516602,10.775995254516602,10.775995254516602,3000.0,0.0,0.0,0.0,BOK.KA,
2022-07-29 00:00:00+05:00,9.979382549092602,10.138705253601074,9.97214114165841,10.138705253601074,12000.0,0.0,0.0,0.0,BOK.KA,
2022-08-01 00:00:00+05:00,10.804963111877441,10.804963111877441,10.804963111877441,10.804963111877441,500.0,0.0,0.0,0.0,BOK.KA,
2022-08-02 00:00:00+05:00,10.008349576502003,10.008349576502003,10.001108169555664,10.001108169555664,3500.0,0.0,0.0,0.0,BOK.KA,
2022-08-03 00:00:00+05:00,10.529769897460938,10.529769897460938,10.529769897460938,10.529769897460938,2000.0,0.0,0.0,0.0,BOK.KA,
2022-08-04 00:00:00+05:00,10.073527336120605,10.073527336120605,10.073527336120605,10.073527336120605,2000.0,0.0,0.0,0.0,BOK.KA,
2022-08-05 00:00:00+05:00,10.073527336120605,10.073527336120605,10.073527336120605,10.073527336120605,0.0,0.0,0.0,0.0,BOK.KA,
2022-08-08 00:00:00+05:00,10.073527336120605,10.073527336120605,10.073527336120605,10.073527336120605,0.0,0.0,0.0,0.0,BOK.KA,
2022-08-09 00:00:00+05:00,10.073527336120605,10.073527336120605,10.073527336120605,10.073527336120605,0.0,0.0,0.0,0.0,BOK.KA,
2022-08-10 00:00:00+05:00,9.349334671406691,10.500802040100098,9.349334671406691,10.500802040100098,3000.0,0.0,0.0,0.0,BOK.KA,
2022-08-11 00:00:00+05:00,10.138705253601074,10.138705253601074,10.138705253601074,10.138705253601074,500.0,0.0,0.0,0.0,BOK.KA,
2022-08-12 00:00:00+05:00,10.138705253601074,10.138705253601074,10.138705253601074,10.138705253601074,0.0,0.0,0.0,0.0,BOK.KA,
2022-08-15 00:00:00+05:00,10.790479246520906,10.790479246520906,10.355963706970215,10.355963706970215,3500.0,0.0,0.0,0.0,BOK.KA,
2022-08-16 00:00:00+05:00,10.001108169555664,10.001108169555664,9.993866071964884,10.001108169555664,1500.0,0.0,0.0,0.0,BOK.KA,
2022-08-17 00:00:00+05:00,9.725915502662543,9.993866920471191,9.711431306251239,9.993866920471191,4000.0,0.0,0.0,0.0,BOK.KA,
2022-08-18 00:00:00+05:00,9.993866920471191,9.993866920471191,9.993866920471191,9.993866920471191,0.0,0.0,0.0,0.0,BOK.KA,
2022-08-19 00:00:00+05:00,9.957655906677246,9.957655906677246,9.957655906677246,9.957655906677246,500.0,0.0,0.0,0.0,BOK.KA,
2022-08-22 00:00:00+05:00,9.660737662439512,9.77660846710205,9.660737662439512,9.77660846710205,9000.0,0.0,0.0,0.0,BOK.KA,
2022-08-23 00:00:00+05:00,9.776608217236179,9.776608217236179,9.5665922164917,9.5665922164917,11000.0,0.0,0.0,0.0,BOK.KA,
2022-08-24 00:00:00+05:00,9.5665922164917,9.5665922164917,9.5665922164917,9.5665922164917,0.0,0.0,0.0,0.0,BOK.KA,
2022-08-25 00:00:00+05:00,8.9220609664917,8.9220609664917,8.9220609664917,8.9220609664917,1500.0,0.0,0.0,0.0,BOK.KA,
2022-08-26 00:00:00+05:00,9.61728572845459,9.61728572845459,9.61728572845459,9.61728572845459,1000.0,0.0,0.0,0.0,BOK.KA,
2022-08-29 00:00:00+05:00,9.61728572845459,9.61728572845459,9.61728572845459,9.61728572845459,8500.0,0.0,0.0,0.0,BOK.KA,
2022-08-30 00:00:00+05:00,9.45072078704834,9.45072078704834,9.45072078704834,9.45072078704834,2500.0,0.0,0.0,0.0,BOK.KA,
2022-08-31 00:00:00+05:00,9.45072078704834,9.45072078704834,9.45072078704834,9.45072078704834,0.0,0.0,0.0,0.0,BOK.KA,
2022-09-01 00:00:00+05:00,8.856882858267374,9.776608590513966,8.849641450867912,9.610044479370117,11000.0,0.0,0.0,0.0,BOK.KA,
2022-09-02 00:00:00+05:00,9.414511611509006,9.414511611509006,8.88585090637207,8.88585090637207,100000.0,0.0,0.0,0.0,BOK.KA,
2022-09-05 00:00:00+05:00,8.871366477800933,9.04517267569298,8.161657491086189,8.190625190734863,904500.0,0.0,0.0,0.0,BOK.KA,
2022-09-06 00:00:00+05:00,8.68307668342106,8.835157289722979,8.68307668342106,8.82791519165039,9000.0,0.0,0.0,0.0,BOK.KA,
2022-09-07 00:00:00+05:00,9.320366200313273,9.320366200313273,8.69756031036377,8.69756031036377,1500.0,0.0,0.0,0.0,BOK.KA,
2022-09-08 00:00:00+05:00,8.559963711645285,8.979995727539062,8.559963711645285,8.979995727539062,8000.0,0.0,0.0,0.0,BOK.KA,
2022-09-09 00:00:00+05:00,8.979996244738286,9.414512481689453,8.979996244738286,9.05241584777832,15000.0,0.0,0.0,0.0,BOK.KA,
2022-09-12 00:00:00+05:00,8.70480296137025,9.342092396388262,8.654108965601363,8.9655122756958,9500.0,0.0,0.0,0.0,BOK.KA,
2022-09-13 00:00:00+05:00,8.9655122756958,8.9655122756958,8.9655122756958,8.9655122756958,0.0,0.0,0.0,0.0,BOK.KA,
2022-09-14 00:00:00+05:00,8.979995727539062,8.979995727539062,8.979995727539062,8.979995727539062,500.0,0.0,0.0,0.0,BOK.KA,
2022-09-15 00:00:00+05:00,9.05241584777832,9.05241584777832,9.05241584777832,9.05241584777832,2500.0,0.0,0.0,0.0,BOK.KA,
2022-09-16 00:00:00+05:00,8.690318765252144,9.197253888429623,8.690318765252144,8.9655122756958,9500.0,0.0,0.0,0.0,BOK.KA,
2022-09-19 00:00:00+05:00,9.363818634642792,9.363818634642792,8.979995727539062,8.979995727539062,1000.0,0.0,0.0,0.0,BOK.KA,
2022-09-20 00:00:00+05:00,8.675835017001374,9.05241584777832,8.675835017001374,9.05241584777832,9000.0,0.0,0.0,0.0,BOK.KA,
2022-09-21 00:00:00+05:00,9.05241584777832,9.05241584777832,9.05241584777832,9.05241584777832,12000.0,0.0,0.0,0.0,BOK.KA,
2022-09-22 00:00:00+05:00,9.05241584777832,9.05241584777832,9.05241584777832,9.05241584777832,0.0,0.0,0.0,0.0,BOK.KA,
2022-09-23 00:00:00+05:00,9.05241584777832,9.05241584777832,9.05241584777832,9.05241584777832,0.0,0.0,0.0,0.0,BOK.KA,
2022-09-26 00:00:00+05:00,8.661350997040634,9.117592811584473,8.661350997040634,9.117592811584473,6500.0,0.0,0.0,0.0,BOK.KA,
2022-09-27 00:00:00+05:00,9.117592811584473,9.117592811584473,9.117592811584473,9.117592811584473,0.0,0.0,0.0,0.0,BOK.KA,
2022-09-28 00:00:00+05:00,9.190012082618846,9.197254180908203,9.190012082618846,9.197254180908203,2000.0,0.0,0.0,0.0,BOK.KA,
2022-09-29 00:00:00+05:00,8.979995727539062,8.979995727539062,8.979995727539062,8.979995727539062,5000.0,0.0,0.0,0.0,BOK.KA,
2022-09-30 00:00:00+05:00,8.697560485842176,9.233463287353516,8.690318388097426,9.233463287353516,9000.0,0.0,0.0,0.0,BOK.KA,
2022-10-03 00:00:00+05:00,8.603415489196777,8.603415489196777,8.603415489196777,8.603415489196777,500.0,0.0,0.0,0.0,BOK.KA,
2022-10-04 00:00:00+05:00,9.190011771205207,9.197253869249156,8.972754355042571,9.139318466186523,9500.0,0.0,0.0,0.0,BOK.KA,
2022-10-05 00:00:00+05:00,8.987238343171194,9.05241584777832,8.987238343171194,9.05241584777832,17000.0,0.0,0.0,0.0,BOK.KA,
2022-10-06 00:00:00+05:00,8.697561312300095,9.262431867820997,8.697561312300095,9.05241584777832,16000.0,0.0,0.0,0.0,BOK.KA,
2022-10-07 00:00:00+05:00,8.72652738271562,9.226220340140374,8.72652738271562,9.103107452392578,14500.0,0.0,0.0,0.0,BOK.KA,
2022-10-10 00:00:00+05:00,8.697561312300095,9.298641669341015,8.552722796864547,9.05241584777832,3500.0,0.0,0.0,0.0,BOK.KA,
2022-10-11 00:00:00+05:00,9.124835169510034,9.226221781867023,9.052415568702612,9.153802871704102,4000.0,0.0,0.0,0.0,BOK.KA,
2022-10-12 00:00:00+05:00,8.871367530822754,9.05241584777832,8.806190026215628,9.05241584777832,4000.0,0.0,0.0,0.0,BOK.KA,
2022-10-13 00:00:00+05:00,9.269673347473145,9.269673347473145,9.269673347473145,9.269673347473145,500.0,0.0,0.0,0.0,BOK.KA,
2022-10-14 00:00:00+05:00,8.784462879951048,9.197252749161827,8.784462879951048,9.110349655151367,8500.0,0.0,0.0,0.0,BOK.KA,
2022-10-17 00:00:00+05:00,8.76273839775257,9.233463723062675,8.76273839775257,9.124835014343262,7500.0,0.0,0.0,0.0,BOK.KA,
2022-10-18 00:00:00+05:00,9.233463287353516,9.233463287353516,9.233463287353516,9.233463287353516,1000.0,0.0,0.0,0.0,BOK.KA,
2022-10-19 00:00:00+05:00,9.110350764655205,9.233463668824424,9.110350764655205,9.139318466186523,2000.0,0.0,0.0,0.0,BOK.KA,
2022-10-20 00:00:00+05:00,9.139318466186523,9.139318466186523,9.139318466186523,9.139318466186523,0.0,0.0,0.0,0.0,BOK.KA,
2022-10-21 00:00:00+05:00,9.197254180908203,9.197254180908203,9.197254180908203,9.197254180908203,500.0,0.0,0.0,0.0,BOK.KA,
2022-10-24 00:00:00+05:00,9.197254180908203,9.197254180908203,9.197254180908203,9.197254180908203,500.0,0.0,0.0,0.0,BOK.KA,
2022-10-25 00:00:00+05:00,9.269673347473145,9.269673347473145,9.197253749267352,9.269673347473145,1500.0,0.0,0.0,0.0,BOK.KA,
2022-10-26 00:00:00+05:00,9.052415243500244,9.269673347473145,9.052415243500244,9.269673347473145,1500.0,0.0,0.0,0.0,BOK.KA,
2022-10-27 00:00:00+05:00,9.342092514038086,9.342092514038086,9.342092514038086,9.342092514038086,500.0,0.0,0.0,0.0,BOK.KA,
2022-10-28 00:00:00+05:00,9.40002727508545,9.40002727508545,9.40002727508545,9.40002727508545,500.0,0.0,0.0,0.0,BOK.KA,
2022-10-31 00:00:00+05:00,9.40002727508545,9.40002727508545,9.40002727508545,9.40002727508545,0.0,0.0,0.0,0.0,BOK.KA,
2022-11-01 00:00:00+05:00,9.342091927712257,9.407269425684927,9.342091927712257,9.385543823242188,2000.0,0.0,0.0,0.0,BOK.KA,
2022-11-02 00:00:00+05:00,9.052414824915335,9.378301620483398,9.052414824915335,9.378301620483398,1500.0,0.0,0.0,0.0,BOK.KA,
2022-11-03 00:00:00+05:00,8.748253875647256,9.414511680603027,8.748253875647256,9.414511680603027,2500.0,0.0,0.0,0.0,BOK.KA,
2022-11-04 00:00:00+05:00,9.269673347473145,9.269673347473145,9.269673347473145,9.269673347473145,3500.0,0.0,0.0,0.0,BOK.KA,
2022-11-07 00:00:00+05:00,9.269673347473145,9.269673347473145,9.269673347473145,9.269673347473145,0.0,0.0,0.0,0.0,BOK.KA,
2022-11-08 00:00:00+05:00,8.704803218723134,9.378302473303574,8.704803218723134,9.334851264953613,4000.0,0.0,0.0,0.0,BOK.KA,
2022-11-09 00:00:00+05:00,9.334851264953613,9.334851264953613,9.334851264953613,9.334851264953613,0.0,0.0,0.0,0.0,BOK.KA,
2022-11-10 00:00:00+05:00,9.414511680603027,9.414511680603027,9.414511680603027,9.414511680603027,500.0,0.0,0.0,0.0,BOK.KA,
2022-11-11 00:00:00+05:00,8.712044645833425,9.407270196787994,8.712044645833425,9.197254180908203,3000.0,0.0,0.0,0.0,BOK.KA,
2022-11-14 00:00:00+05:00,9.05241507750291,9.414511680603027,9.05241507750291,9.414511680603027,1500.0,0.0,0.0,0.0,BOK.KA,
2022-11-15 00:00:00+05:00,9.414511680603027,9.414511680603027,9.414511680603027,9.414511680603027,500.0,0.0,0.0,0.0,BOK.KA,
2022-11-16 00:00:00+05:00,8.712043340907941,9.4072687877288,8.712043340907941,9.132075309753418,2500.0,0.0,0.0,0.0,BOK.KA,
2022-11-17 00:00:00+05:00,9.132075309753418,9.132075309753418,9.132075309753418,9.132075309753418,0.0,0.0,0.0,0.0,BOK.KA,
2022-11-18 00:00:00+05:00,9.41451201139418,9.41451201139418,8.726528579459655,9.298641204833984,10000.0,0.0,0.0,0.0,BOK.KA,
2022-11-21 00:00:00+05:00,9.298641204833984,9.298641204833984,9.298641204833984,9.298641204833984,0.0,0.0,0.0,0.0,BOK.KA,
2022-11-22 00:00:00+05:00,9.414511680603027,9.414511680603027,9.414511680603027,9.414511680603027,500.0,0.0,0.0,0.0,BOK.KA,
2022-11-23 00:00:00+05:00,8.71928649987811,9.342092431782088,8.71928649987811,9.124835014343262,5500.0,0.0,0.0,0.0,BOK.KA,
2022-11-24 00:00:00+05:00,9.407269477844238,9.407269477844238,9.407269477844238,9.407269477844238,1000.0,0.0,0.0,0.0,BOK.KA,
2022-11-25 00:00:00+05:00,9.414511853240253,9.414511853240253,9.269673347473145,9.269673347473145,2000.0,0.0,0.0,0.0,BOK.KA,
2022-11-28 00:00:00+05:00,9.414511680603027,9.414511680603027,9.414511680603027,9.414511680603027,500.0,0.0,0.0,0.0,BOK.KA,
2022-11-29 00:00:00+05:00,9.595560073852539,9.595560073852539,9.595560073852539,9.595560073852539,500.0,0.0,0.0,0.0,BOK.KA,
2022-11-30 00:00:00+05:00,9.595559968900421,9.595559968900421,9.58831787109375,9.58831787109375,1000.0,0.0,0.0,0.0,BOK.KA,
2022-12-01 00:00:00+05:00,9.58831787109375,9.58831787109375,9.58831787109375,9.58831787109375,0.0,0.0,0.0,0.0,BOK.KA,
2022-12-02 00:00:00+05:00,9.595560073852539,9.595560073852539,9.595560073852539,9.595560073852539,500.0,0.0,0.0,0.0,BOK.KA,
2022-12-05 00:00:00+05:00,9.414511680603027,9.414511680603027,9.414511680603027,9.414511680603027,500.0,0.0,0.0,0.0,BOK.KA,
2022-12-06 00:00:00+05:00,9.414511680603027,9.414511680603027,9.414511680603027,9.414511680603027,0.0,0.0,0.0,0.0,BOK.KA,
2022-12-07 00:00:00+05:00,8.907576984690088,9.342092514038086,8.871367184583299,9.342092514038086,3000.0,0.0,0.0,0.0,BOK.KA,
2022-12-08 00:00:00+05:00,9.407269477844238,9.407269477844238,9.407269477844238,9.407269477844238,1500.0,0.0,0.0,0.0,BOK.KA,
2022-12-09 00:00:00+05:00,9.363818168640137,9.400027275628192,9.233463173420914,9.363818168640137,26000.0,0.0,0.0,0.0,BOK.KA,
2022-12-12 00:00:00+05:00,9.378302706991915,9.378302706991915,9.197254389518541,9.211738586425781,5500.0,0.0,0.0,0.0,BOK.KA,
2022-12-13 00:00:00+05:00,9.4072687877288,9.4072687877288,9.124833903193215,9.132075309753418,27000.0,0.0,0.0,0.0,BOK.KA,
2022-12-14 00:00:00+05:00,8.87860933395595,9.378302368250093,8.87860933395595,9.327609062194824,2000.0,0.0,0.0,0.0,BOK.KA,
2022-12-15 00:00:00+05:00,8.87860945326609,9.197254180908203,8.835157554174458,9.197254180908203,6500.0,0.0,0.0,0.0,BOK.KA,
2022-12-16 00:00:00+05:00,8.76273839775257,9.124835014343262,8.76273839775257,9.124835014343262,1500.0,0.0,0.0,0.0,BOK.KA,
2022-12-19 00:00:00+05:00,9.16828621887293,9.16828621887293,9.161044120788574,9.161044120788574,6500.0,0.0,0.0,0.0,BOK.KA,
2022-12-20 00:00:00+05:00,9.059657510185511,9.161044120788574,9.059657510185511,9.161044120788574,13500.0,0.0,0.0,0.0,BOK.KA,
2022-12-21 00:00:00+05:00,8.777221574744125,8.777221574744125,8.769979476928711,8.769979476928711,1500.0,0.0,0.0,0.0,BOK.KA,
2022-12-22 00:00:00+05:00,8.979996066739055,9.197254180908203,8.979996066739055,9.197254180908203,7500.0,0.0,0.0,0.0,BOK.KA,
2022-12-23 00:00:00+05:00,8.55996322631836,8.55996322631836,8.55996322631836,8.55996322631836,500.0,0.0,0.0,0.0,BOK.KA,
2022-12-26 00:00:00+05:00,9.269673522850642,9.269673522850642,9.124835014343262,9.124835014343262,4500.0,0.0,0.0,0.0,BOK.KA,
2022-12-27 00:00:00+05:00,9.269673522850642,9.269673522850642,9.124835014343262,9.124835014343262,1500.0,0.0,0.0,0.0,BOK.KA,
2022-12-28 00:00:00+05:00,9.269673347473145,9.269673347473145,9.269673347473145,9.269673347473145,1000.0,0.0,0.0,0.0,BOK.KA,
2022-12-29 00:00:00+05:00,9.269673347473145,9.269673347473145,9.269673347473145,9.269673347473145,1000.0,0.0,0.0,0.0,BOK.KA,
2022-12-30 00:00:00+05:00,9.588317884336412,9.588317884336412,9.414511680603027,9.414511680603027,2000.0,0.0,0.0,0.0,BOK.KA,
2023-01-02 00:00:00+05:00,9.414511680603027,9.414511680603027,9.414511680603027,9.414511680603027,1000.0,0.0,0.0,0.0,BOK.KA,
2023-01-03 00:00:00+05:00,9.414511680603027,9.414511680603027,9.414511680603027,9.414511680603027,0.0,0.0,0.0,0.0,BOK.KA,
2023-01-04 00:00:00+05:00,9.595560073852539,9.595560073852539,9.595560073852539,9.595560073852539,500.0,0.0,0.0,0.0,BOK.KA,
2023-01-05 00:00:00+05:00,9.168285879991835,9.414511680603027,9.168285879991835,9.414511680603027,1500.0,0.0,0.0,0.0,BOK.KA,
2023-01-06 00:00:00+05:00,9.58831787109375,9.58831787109375,9.58831787109375,9.58831787109375,500.0,0.0,0.0,0.0,BOK.KA,
2023-01-09 00:00:00+05:00,8.907576562089282,9.58831787109375,8.907576562089282,9.58831787109375,5000.0,0.0,0.0,0.0,BOK.KA,
2023-01-10 00:00:00+05:00,9.16828621887293,9.16828621887293,9.161044120788574,9.161044120788574,1500.0,0.0,0.0,0.0,BOK.KA,
2023-01-11 00:00:00+05:00,8.88585175574337,8.88585175574337,8.878609657287598,8.878609657287598,1500.0,0.0,0.0,0.0,BOK.KA,
2023-01-12 00:00:00+05:00,9.537624933441336,9.537624933441336,9.161044120788574,9.161044120788574,2500.0,0.0,0.0,0.0,BOK.KA,
2023-01-13 00:00:00+05:00,9.552107810974121,9.552107810974121,9.552107810974121,9.552107810974121,500.0,0.0,0.0,0.0,BOK.KA,
2023-01-16 00:00:00+05:00,9.595560073852539,9.595560073852539,9.595560073852539,9.595560073852539,500.0,0.0,0.0,0.0,BOK.KA,
2023-01-17 00:00:00+05:00,9.595560073852539,9.595560073852539,9.595560073852539,9.595560073852539,0.0,0.0,0.0,0.0,BOK.KA,
2023-01-18 00:00:00+05:00,9.595560073852539,9.595560073852539,9.595560073852539,9.595560073852539,0.0,0.0,0.0,0.0,BOK.KA,
2023-01-19 00:00:00+05:00,8.885850823192463,9.414511523380657,8.885850823192463,9.385543823242188,2500.0,0.0,0.0,0.0,BOK.KA,
2023-01-20 00:00:00+05:00,9.414511680603027,9.414511680603027,9.414511680603027,9.414511680603027,500.0,0.0,0.0,0.0,BOK.KA,
2023-01-23 00:00:00+05:00,9.269672762637681,9.414511259266744,9.269672762637681,9.349333763122559,2000.0,0.0,0.0,0.0,BOK.KA,
2023-01-24 00:00:00+05:00,9.414511680603027,9.414511680603027,9.414511680603027,9.414511680603027,1000.0,0.0,0.0,0.0,BOK.KA,
2023-01-25 00:00:00+05:00,9.342092514038086,9.342092514038086,9.342092514038086,9.342092514038086,5000.0,0.0,0.0,0.0,BOK.KA,
2023-01-26 00:00:00+05:00,9.269673517587083,9.631770133972168,9.269673517587083,9.631770133972168,3500.0,0.0,0.0,0.0,BOK.KA,
2023-01-27 00:00:00+05:00,9.421753778419701,9.421753778419701,9.414511680603027,9.414511680603027,2500.0,0.0,0.0,0.0,BOK.KA,
2023-01-30 00:00:00+05:00,9.414511680603027,9.414511680603027,9.414511680603027,9.414511680603027,0.0,0.0,0.0,0.0,BOK.KA,
2023-01-31 00:00:00+05:00,9.414511680603027,9.414511680603027,9.414511680603027,9.414511680603027,500.0,0.0,0.0,0.0,BOK.KA,
2023-02-01 00:00:00+05:00,9.486930422877302,9.486930422877302,9.414510832523211,9.4217529296875,17000.0,0.0,0.0,0.0,BOK.KA,
2023-02-02 00:00:00+05:00,9.486931800842285,9.486931800842285,9.276915787084134,9.486931800842285,9000.0,0.0,0.0,0.0,BOK.KA,
2023-02-03 00:00:00+05:00,8.769979478452814,9.479689179664161,8.769979478452814,9.414511680603027,7000.0,0.0,0.0,0.0,BOK.KA,
2023-02-06 00:00:00+05:00,9.414511680603027,9.414511680603027,9.414511680603027,9.414511680603027,500.0,0.0,0.0,0.0,BOK.KA,
2023-02-07 00:00:00+05:00,8.733770974980885,10.022834777832031,8.733770974980885,10.022834777832031,1000.0,0.0,0.0,0.0,BOK.KA,
2023-02-08 00:00:00+05:00,10.022834777832031,10.022834777832031,10.022834777832031,10.022834777832031,0.0,0.0,0.0,0.0,BOK.KA,
2023-02-09 00:00:00+05:00,10.022834777832031,10.022834777832031,10.022834777832031,10.022834777832031,0.0,0.0,0.0,0.0,BOK.KA,
2023-02-10 00:00:00+05:00,9.31312438310299,9.414511680603027,9.31312438310299,9.414511680603027,1000.0,0.0,0.0,0.0,BOK.KA,
2023-02-13 00:00:00+05:00,9.20449627919756,9.20449627919756,9.197254180908203,9.197254180908203,2000.0,0.0,0.0,0.0,BOK.KA,
2023-02-14 00:00:00+05:00,9.269673347473145,9.269673347473145,9.269673347473145,9.269673347473145,500.0,0.0,0.0,0.0,BOK.KA,
2023-02-15 00:00:00+05:00,9.23346254487198,9.269672340039573,9.23346254487198,9.247946739196777,3500.0,0.0,0.0,0.0,BOK.KA,
2023-02-16 00:00:00+05:00,9.414511680603027,9.414511680603027,9.414511680603027,9.414511680603027,500.0,0.0,0.0,0.0,BOK.KA,
2023-02-17 00:00:00+05:00,9.414512295077351,9.414512295077351,9.197254180908203,9.197254180908203,1500.0,0.0,0.0,0.0,BOK.KA,
2023-02-20 00:00:00+05:00,9.233463287353516,9.233463287353516,9.233463287353516,9.233463287353516,12500.0,0.0,0.0,0.0,BOK.KA,
2023-02-21 00:00:00+05:00,9.414511587105546,9.414511587105546,9.233463287353516,9.233463287353516,5000.0,0.0,0.0,0.0,BOK.KA,
2023-02-22 00:00:00+05:00,9.414511680603027,9.414511680603027,9.414511680603027,9.414511680603027,1000.0,0.0,0.0,0.0,BOK.KA,
2023-02-23 00:00:00+05:00,9.4217529296875,9.4217529296875,9.4217529296875,9.4217529296875,1000.0,0.0,0.0,0.0,BOK.KA,
2023-02-24 00:00:00+05:00,9.414511680603027,9.414511680603027,9.414511680603027,9.414511680603027,1000.0,0.0,0.0,0.0,BOK.KA,
2023-02-27 00:00:00+05:00,9.414511857209384,9.77660846710205,9.414511857209384,9.77660846710205,7500.0,0.0,0.0,0.0,BOK.KA,
2023-02-28 00:00:00+05:00,10.428382873535156,10.428382873535156,10.428382873535156,10.428382873535156,500.0,0.0,0.0,0.0,BOK.KA,
2023-03-01 00:00:00+05:00,9.66797924041748,9.66797924041748,9.66797924041748,9.66797924041748,1000.0,0.0,0.0,0.0,BOK.KA,
2023-03-02 00:00:00+05:00,9.66797924041748,9.66797924041748,9.66797924041748,9.66797924041748,0.0,0.0,0.0,0.0,BOK.KA,
2023-03-03 00:00:00+05:00,9.77660846710205,9.77660846710205,9.77660846710205,9.77660846710205,500.0,0.0,0.0,0.0,BOK.KA,
2023-03-06 00:00:00+05:00,9.77660846710205,9.77660846710205,9.77660846710205,9.77660846710205,0.0,0.0,0.0,0.0,BOK.KA,
2023-03-07 00:00:00+05:00,9.77660846710205,9.77660846710205,9.77660846710205,9.77660846710205,0.0,0.0,0.0,0.0,BOK.KA,
2023-03-08 00:00:00+05:00,9.05241507750291,9.414511680603027,9.05241507750291,9.414511680603027,11000.0,0.0,0.0,0.0,BOK.KA,
2023-03-09 00:00:00+05:00,9.414511836860843,9.515899136043663,9.414511836860843,9.443479537963867,2000.0,0.0,0.0,0.0,BOK.KA,
2023-03-10 00:00:00+05:00,9.342091823054849,9.414511417911948,9.342091823054849,9.378301620483398,10000.0,0.0,0.0,0.0,BOK.KA,
2023-03-13 00:00:00+05:00,8.690318474402794,9.414511680603027,8.690318474402794,9.414511680603027,2000.0,0.0,0.0,0.0,BOK.KA,
2023-03-14 00:00:00+05:00,9.41451164001316,9.41451164001316,9.233463339243677,9.255188941955566,8500.0,0.0,0.0,0.0,BOK.KA,
2023-03-15 00:00:00+05:00,8.54547997129164,9.414511680603027,8.54547997129164,9.414511680603027,5000.0,0.0,0.0,0.0,BOK.KA,
2023-03-16 00:00:00+05:00,9.40002727508545,9.40002727508545,9.40002727508545,9.40002727508545,3000.0,0.0,0.0,0.0,BOK.KA,
2023-03-17 00:00:00+05:00,9.40002727508545,9.40002727508545,9.40002727508545,9.40002727508545,500.0,0.0,0.0,0.0,BOK.KA,
2023-03-20 00:00:00+05:00,9.40002727508545,9.40002727508545,9.40002727508545,9.40002727508545,1000.0,0.0,0.0,0.0,BOK.KA,
2023-03-21 00:00:00+05:00,9.414511680603027,9.414511680603027,9.414511680603027,9.414511680603027,1000.0,0.0,0.0,0.0,BOK.KA,
2023-03-22 00:00:00+05:00,9.414511680603027,9.414511680603027,9.414511680603027,9.414511680603027,1000.0,0.0,0.0,0.0,BOK.KA,
2023-03-23 00:00:00+05:00,9.414511680603027,9.414511680603027,9.414511680603027,9.414511680603027,0.0,0.0,0.0,0.0,BOK.KA,
2023-03-24 00:00:00+05:00,9.168286098830999,9.414511905319392,9.168286098830999,9.291399002075195,1000.0,0.0,0.0,0.0,BOK.KA,
2023-03-27 00:00:00+05:00,9.291399002075195,9.291399002075195,9.291399002075195,9.291399002075195,0.0,0.0,0.0,0.0,BOK.KA,
2023-03-28 00:00:00+05:00,9.414511587105546,9.414511587105546,9.233463287353516,9.233463287353516,1000.0,0.0,0.0,0.0,BOK.KA,
2023-03-29 00:00:00+05:00,9.414511587105546,9.414511587105546,9.233463287353516,9.233463287353516,1500.0,0.0,0.0,0.0,BOK.KA,
2023-03-30 00:00:00+05:00,9.77660846710205,9.77660846710205,9.77660846710205,9.77660846710205,500.0,0.0,0.0,0.0,BOK.KA,
2023-03-31 00:00:00+05:00,9.77660846710205,9.77660846710205,9.77660846710205,9.77660846710205,500.0,0.0,0.0,0.0,BOK.KA,
2023-04-03 00:00:00+05:00,9.77660846710205,9.77660846710205,9.77660846710205,9.77660846710205,0.0,0.0,0.0,0.0,BOK.KA,
2023-04-04 00:00:00+05:00,9.77660846710205,9.77660846710205,9.77660846710205,9.77660846710205,0.0,0.0,0.0,0.0,BOK.KA,
2023-04-05 00:00:00+05:00,9.77660846710205,9.77660846710205,9.77660846710205,9.77660846710205,0.0,0.0,0.0,0.0,BOK.KA,
2023-04-06 00:00:00+05:00,9.77660846710205,9.77660846710205,9.77660846710205,9.77660846710205,0.0,0.0,0.0,0.0,BOK.KA,
2023-04-07 00:00:00+05:00,9.77660846710205,9.77660846710205,9.77660846710205,9.77660846710205,500.0,0.0,0.0,0.0,BOK.KA,
2023-04-10 00:00:00+05:00,9.77660846710205,9.77660846710205,9.77660846710205,9.77660846710205,0.0,0.0,0.0,0.0,BOK.KA,
2023-04-11 00:00:00+05:00,9.776608283703144,9.776608283703144,9.414511680603027,9.414511680603027,1500.0,0.0,0.0,0.0,BOK.KA,
2023-04-12 00:00:00+05:00,9.414511680603027,9.414511680603027,9.414511680603027,9.414511680603027,0.0,0.0,0.0,0.0,BOK.KA,
2023-04-13 00:00:00+05:00,9.414511680603027,9.414511680603027,9.414511680603027,9.414511680603027,11000.0,0.0,0.0,0.0,BOK.KA,
2023-04-14 00:00:00+05:00,9.414511680603027,9.414511680603027,9.414511680603027,9.414511680603027,0.0,0.0,0.0,0.0,BOK.KA,
2023-04-17 00:00:00+05:00,8.690318474402794,9.414511680603027,8.690318474402794,9.414511680603027,2000.0,0.0,0.0,0.0,BOK.KA,
2023-04-18 00:00:00+05:00,9.55935001373291,9.55935001373291,9.55935001373291,9.55935001373291,1000.0,0.0,0.0,0.0,BOK.KA,
2023-04-19 00:00:00+05:00,9.55935001373291,9.55935001373291,9.55935001373291,9.55935001373291,0.0,0.0,0.0,0.0,BOK.KA,
2023-04-20 00:00:00+05:00,9.55935001373291,9.55935001373291,9.55935001373291,9.55935001373291,0.0,0.0,0.0,0.0,BOK.KA,
2023-04-21 00:00:00+05:00,9.55935001373291,9.55935001373291,9.55935001373291,9.55935001373291,0.0,0.0,0.0,0.0,BOK.KA,
2023-04-24 00:00:00+05:00,9.55935001373291,9.55935001373291,9.55935001373291,9.55935001373291,0.0,0.0,0.0,0.0,BOK.KA,
2023-04-25 00:00:00+05:00,9.55935001373291,9.55935001373291,9.55935001373291,9.55935001373291,0.0,0.0,0.0,0.0,BOK.KA,
2023-04-26 00:00:00+05:00,9.55935001373291,9.55935001373291,9.55935001373291,9.55935001373291,0.0,0.0,0.0,0.0,BOK.KA,
2023-04-27 00:00:00+05:00,9.342092514038086,9.55935062403433,9.342092514038086,9.342092514038086,2000.0,0.0,0.0,0.0,BOK.KA,
2023-04-28 00:00:00+05:00,9.414511680603027,9.414511680603027,9.414511680603027,9.414511680603027,11500.0,0.0,0.0,0.0,BOK.KA,
2023-05-01 00:00:00+05:00,9.414511680603027,9.414511680603027,9.414511680603027,9.414511680603027,0.0,0.0,0.0,0.0,BOK.KA,
2023-05-02 00:00:00+05:00,9.378301620483398,9.378301620483398,9.378301620483398,9.378301620483398,4000.0,0.0,0.0,0.0,BOK.KA,
2023-05-03 00:00:00+05:00,8.726528272841698,9.414511680603027,8.726528272841698,9.414511680603027,2000.0,0.0,0.0,0.0,BOK.KA,
2023-05-04 00:00:00+05:00,9.414511680603027,9.414511680603027,9.414511680603027,9.414511680603027,0.0,0.0,0.0,0.0,BOK.KA,
2023-05-05 00:00:00+05:00,9.414511680603027,9.414511680603027,9.414511680603027,9.414511680603027,0.0,0.0,0.0,0.0,BOK.KA,
2023-05-08 00:00:00+05:00,9.233463287353516,9.233463287353516,9.233463287353516,9.233463287353516,500.0,0.0,0.0,0.0,BOK.KA,
2023-05-09 00:00:00+05:00,9.233463379052969,9.414511680603027,9.124834674380718,9.414511680603027,3000.0,0.0,0.0,0.0,BOK.KA,
2023-05-10 00:00:00+05:00,9.414511680603027,9.414511680603027,9.414511680603027,9.414511680603027,500.0,0.0,0.0,0.0,BOK.KA,
2023-05-11 00:00:00+05:00,9.414511680603027,9.414511680603027,9.414511680603027,9.414511680603027,0.0,0.0,0.0,0.0,BOK.KA,
2023-05-12 00:00:00+05:00,9.77660846710205,9.77660846710205,9.77660846710205,9.77660846710205,500.0,0.0,0.0,0.0,BOK.KA,
2023-05-15 00:00:00+05:00,9.4217529296875,9.4217529296875,9.4217529296875,9.4217529296875,500.0,0.0,0.0,0.0,BOK.KA,
2023-05-16 00:00:00+05:00,9.4217529296875,9.4217529296875,9.4217529296875,9.4217529296875,20000.0,0.0,0.0,0.0,BOK.KA,
2023-05-17 00:00:00+05:00,9.414511680603027,9.414511680603027,9.414511680603027,9.414511680603027,10000.0,0.0,0.0,0.0,BOK.KA,
2023-05-18 00:00:00+05:00,9.2044963294969,9.2769159314972,9.19725423116797,9.218979835510254,4000.0,0.0,0.0,0.0,BOK.KA,
2023-05-19 00:00:00+05:00,9.19725348927422,9.233463287353516,9.19725348927422,9.233463287353516,7000.0,0.0,0.0,0.0,BOK.KA,
2023-05-22 00:00:00+05:00,9.233463287353516,9.233463287353516,9.233463287353516,9.233463287353516,10000.0,0.0,0.0,0.0,BOK.KA,
2023-05-23 00:00:00+05:00,9.233463392285254,9.240705490112305,9.233463392285254,9.240705490112305,2500.0,0.0,0.0,0.0,BOK.KA,
2023-05-24 00:00:00+05:00,9.233463287353516,9.233463287353516,9.233463287353516,9.233463287353516,500.0,0.0,0.0,0.0,BOK.KA,
2023-05-25 00:00:00+05:00,8.516512175664072,9.414511575580123,8.516512175664072,9.407269477844238,13500.0,0.0,0.0,0.0,BOK.KA,
2023-05-26 00:00:00+05:00,9.233463287353516,9.233463287353516,9.233463287353516,9.233463287353516,1000.0,0.0,0.0,0.0,BOK.KA,
2023-05-29 00:00:00+05:00,9.233463287353516,9.233463287353516,9.233463287353516,9.233463287353516,0.0,0.0,0.0,0.0,BOK.KA,
2023-05-30 00:00:00+05:00,9.233463287353516,9.233463287353516,9.233463287353516,9.233463287353516,0.0,0.0,0.0,0.0,BOK.KA,
2023-05-31 00:00:00+05:00,9.233463287353516,9.233463287353516,9.233463287353516,9.233463287353516,10000.0,0.0,0.0,0.0,BOK.KA,
2023-06-01 00:00:00+05:00,9.233463287353516,9.233463287353516,9.233463287353516,9.233463287353516,2000.0,0.0,0.0,0.0,BOK.KA,
2023-06-02 00:00:00+05:00,9.233463287353516,9.233463287353516,9.233463287353516,9.233463287353516,6000.0,0.0,0.0,0.0,BOK.KA,
2023-06-05 00:00:00+05:00,9.233463287353516,9.233463287353516,9.233463287353516,9.233463287353516,0.0,0.0,0.0,0.0,BOK.KA,
2023-06-06 00:00:00+05:00,8.516512766267894,8.516512766267894,8.509270668029785,8.509270668029785,2500.0,0.0,0.0,0.0,BOK.KA,
2023-06-07 00:00:00+05:00,9.175527886684423,9.233463287353516,9.175527886684423,9.233463287353516,4000.0,0.0,0.0,0.0,BOK.KA,
2023-06-08 00:00:00+05:00,9.233463287353516,9.233463287353516,9.233463287353516,9.233463287353516,2000.0,0.0,0.0,0.0,BOK.KA,
2023-06-09 00:00:00+05:00,8.806189189435612,9.414511587105546,8.806189189435612,9.233463287353516,1500.0,0.0,0.0,0.0,BOK.KA,
2023-06-12 00:00:00+05:00,9.233463287353516,9.233463287353516,9.233463287353516,9.233463287353516,5000.0,0.0,0.0,0.0,BOK.KA,
2023-06-13 00:00:00+05:00,9.233463287353516,9.233463287353516,9.233463287353516,9.233463287353516,0.0,0.0,0.0,0.0,BOK.KA,
2023-06-14 00:00:00+05:00,9.233463287353516,9.233463287353516,9.233463287353516,9.233463287353516,2000.0,0.0,0.0,0.0,BOK.KA,
2023-06-15 00:00:00+05:00,9.233463287353516,9.233463287353516,9.233463287353516,9.233463287353516,0.0,0.0,0.0,0.0,BOK.KA,
2023-06-16 00:00:00+05:00,8.516512186090146,9.233463287353516,8.516512186090146,9.233463287353516,3500.0,0.0,0.0,0.0,BOK.KA,
2023-06-19 00:00:00+05:00,9.233463287353516,9.233463287353516,9.233463287353516,9.233463287353516,0.0,0.0,0.0,0.0,BOK.KA,
2023-06-20 00:00:00+05:00,9.414511680603027,9.414511680603027,9.414511680603027,9.414511680603027,500.0,0.0,0.0,0.0,BOK.KA,
2023-06-21 00:00:00+05:00,8.741011777830582,9.414511680603027,8.741011777830582,9.414511680603027,21000.0,0.0,0.0,0.0,BOK.KA,
2023-06-22 00:00:00+05:00,8.798947179075045,9.414511680603027,8.798947179075045,9.414511680603027,3500.0,0.0,0.0,0.0,BOK.KA,
2023-06-23 00:00:00+05:00,9.414511680603027,9.414511680603027,9.414511680603027,9.414511680603027,1500.0,0.0,0.0,0.0,BOK.KA,
2023-06-26 00:00:00+05:00,9.769367218017578,9.769367218017578,9.769367218017578,9.769367218017578,500.0,0.0,0.0,0.0,BOK.KA,
2023-06-27 00:00:00+05:00,9.769367218017578,9.769367218017578,9.769367218017578,9.769367218017578,0.0,0.0,0.0,0.0,BOK.KA,
2023-06-28 00:00:00+05:00,9.769367218017578,9.769367218017578,9.769367218017578,9.769367218017578,0.0,0.0,0.0,0.0,BOK.KA,
2023-06-29 00:00:00+05:00,9.769367218017578,9.769367218017578,9.769367218017578,9.769367218017578,0.0,0.0,0.0,0.0,BOK.KA,
2023-06-30 00:00:00+05:00,9.769367218017578,9.769367218017578,9.769367218017578,9.769367218017578,0.0,0.0,0.0,0.0,BOK.KA,
2023-07-03 00:00:00+05:00,9.769367218017578,9.769367218017578,9.769367218017578,9.769367218017578,0.0,0.0,0.0,0.0,BOK.KA,
2023-07-04 00:00:00+05:00,9.769367218017578,9.769367218017578,9.769367218017578,9.769367218017578,0.0,0.0,0.0,0.0,BOK.KA,
2023-07-05 00:00:00+05:00,9.414511770572302,9.595560073852539,9.414511770572302,9.595560073852539,1000.0,0.0,0.0,0.0,BOK.KA,
2023-07-06 00:00:00+05:00,9.595560073852539,9.595560073852539,9.595560073852539,9.595560073852539,0.0,0.0,0.0,0.0,BOK.KA,
2023-07-07 00:00:00+05:00,9.595560073852539,9.595560073852539,9.595560073852539,9.595560073852539,0.0,0.0,0.0,0.0,BOK.KA,
2023-07-10 00:00:00+05:00,8.951027947914756,9.77660846710205,8.943786540606704,9.77660846710205,5500.0,0.0,0.0,0.0,BOK.KA,
2023-07-11 00:00:00+05:00,9.77660846710205,9.77660846710205,9.77660846710205,9.77660846710205,2500.0,0.0,0.0,0.0,BOK.KA,
2023-07-12 00:00:00+05:00,9.77660846710205,9.77660846710205,9.77660846710205,9.77660846710205,6000.0,0.0,0.0,0.0,BOK.KA,
2023-07-13 00:00:00+05:00,9.77660846710205,9.77660846710205,9.77660846710205,9.77660846710205,2000.0,0.0,0.0,0.0,BOK.KA,
2023-07-14 00:00:00+05:00,9.77660846710205,9.77660846710205,9.77660846710205,9.77660846710205,0.0,0.0,0.0,0.0,BOK.KA,
2023-07-17 00:00:00+05:00,9.77660846710205,9.77660846710205,9.77660846710205,9.77660846710205,0.0,0.0,0.0,0.0,BOK.KA,
2023-07-18 00:00:00+05:00,9.77660846710205,9.77660846710205,9.77660846710205,9.77660846710205,1000.0,0.0,0.0,0.0,BOK.KA,
2023-07-19 00:00:00+05:00,9.77660846710205,9.77660846710205,9.77660846710205,9.77660846710205,2500.0,0.0,0.0,0.0,BOK.KA,
2023-07-20 00:00:00+05:00,9.77660846710205,9.77660846710205,9.77660846710205,9.77660846710205,0.0,0.0,0.0,0.0,BOK.KA,
2023-07-21 00:00:00+05:00,9.77660846710205,9.77660846710205,9.77660846710205,9.77660846710205,0.0,0.0,0.0,0.0,BOK.KA,
2023-07-24 00:00:00+05:00,9.77660846710205,9.77660846710205,9.77660846710205,9.77660846710205,4500.0,0.0,0.0,0.0,BOK.KA,
2023-07-25 00:00:00+05:00,9.77660846710205,9.77660846710205,9.77660846710205,9.77660846710205,500.0,0.0,0.0,0.0,BOK.KA,
2023-07-26 00:00:00+05:00,9.77660846710205,9.77660846710205,9.77660846710205,9.77660846710205,3500.0,0.0,0.0,0.0,BOK.KA,
2023-07-27 00:00:00+05:00,9.77660846710205,9.77660846710205,9.77660846710205,9.77660846710205,0.0,0.0,0.0,0.0,BOK.KA,
2023-07-28 00:00:00+05:00,9.77660846710205,9.77660846710205,9.77660846710205,9.77660846710205,0.0,0.0,0.0,0.0,BOK.KA,
2023-07-31 00:00:00+05:00,9.812818266220212,9.812818266220212,9.77660846710205,9.77660846710205,29500.0,0.0,0.0,0.0,BOK.KA,
2023-08-01 00:00:00+05:00,9.77660846710205,9.77660846710205,9.77660846710205,9.77660846710205,7500.0,0.0,0.0,0.0,BOK.KA,
2023-08-02 00:00:00+05:00,9.77660846710205,9.849028065338375,9.77660846710205,9.77660846710205,10000.0,0.0,0.0,0.0,BOK.KA,
2023-08-03 00:00:00+05:00,9.77660846710205,9.77660846710205,9.77660846710205,9.77660846710205,1000.0,0.0,0.0,0.0,BOK.KA,
2023-08-04 00:00:00+05:00,10.131462979042192,10.131462979042192,9.77660846710205,9.77660846710205,5000.0,0.0,0.0,0.0,BOK.KA,
2023-08-07 00:00:00+05:00,9.77660846710205,9.77660846710205,9.77660846710205,9.77660846710205,0.0,0.0,0.0,0.0,BOK.KA,
2023-08-08 00:00:00+05:00,9.77660846710205,9.77660846710205,9.77660846710205,9.77660846710205,0.0,0.0,0.0,0.0,BOK.KA,
2023-08-09 00:00:00+05:00,9.103107452392578,9.103107452392578,9.103107452392578,9.103107452392578,500.0,0.0,0.0,0.0,BOK.KA,
2023-08-10 00:00:00+05:00,9.05241584777832,9.05241584777832,9.05241584777832,9.05241584777832,500.0,0.0,0.0,0.0,BOK.KA,
2023-08-11 00:00:00+05:00,8.480303008541334,9.70418930053711,8.400641999453397,9.70418930053711,3000.0,0.0,0.0,0.0,BOK.KA,
2023-08-14 00:00:00+05:00,9.70418930053711,9.70418930053711,9.70418930053711,9.70418930053711,0.0,0.0,0.0,0.0,BOK.KA,
2023-08-15 00:00:00+05:00,9.70418930053711,9.70418930053711,9.70418930053711,9.70418930053711,0.0,0.0,0.0,0.0,BOK.KA,
2023-08-16 00:00:00+05:00,9.70418930053711,9.70418930053711,9.70418930053711,9.70418930053711,0.0,0.0,0.0,0.0,BOK.KA,
2023-08-17 00:00:00+05:00,9.70418930053711,9.70418930053711,9.70418930053711,9.70418930053711,0.0,0.0,0.0,0.0,BOK.KA,
2023-08-18 00:00:00+05:00,9.70418930053711,9.70418930053711,9.70418930053711,9.70418930053711,0.0,0.0,0.0,0.0,BOK.KA,
2023-08-21 00:00:00+05:00,9.70418930053711,9.70418930053711,9.70418930053711,9.70418930053711,0.0,0.0,0.0,0.0,BOK.KA,
2023-08-22 00:00:00+05:00,8.987236976623535,8.987236976623535,8.987236976623535,8.987236976623535,1000.0,0.0,0.0,0.0,BOK.KA,
2023-08-23 00:00:00+05:00,8.987236976623535,8.987236976623535,8.987236976623535,8.987236976623535,0.0,0.0,0.0,0.0,BOK.KA,
2023-08-24 00:00:00+05:00,8.987236976623535,8.987236976623535,8.987236976623535,8.987236976623535,0.0,0.0,0.0,0.0,BOK.KA,
2023-08-25 00:00:00+05:00,8.987236976623535,8.987236976623535,8.987236976623535,8.987236976623535,0.0,0.0,0.0,0.0,BOK.KA,
2023-08-28 00:00:00+05:00,8.987236976623535,8.987236976623535,8.987236976623535,8.987236976623535,0.0,0.0,0.0,0.0,BOK.KA,
2023-08-29 00:00:00+05:00,8.987236976623535,8.987236976623535,8.987236976623535,8.987236976623535,0.0,0.0,0.0,0.0,BOK.KA,
2023-08-30 00:00:00+05:00,8.328221321105957,8.328221321105957,8.328221321105957,8.328221321105957,500.0,0.0,0.0,0.0,BOK.KA,
2023-08-31 00:00:00+05:00,8.328222240523262,8.364432040567479,7.748867511749268,7.748867511749268,2500.0,0.0,0.0,0.0,BOK.KA,
2023-09-01 00:00:00+05:00,7.748867511749268,7.748867511749268,7.748867511749268,7.748867511749268,500.0,0.0,0.0,0.0,BOK.KA,
2023-09-04 00:00:00+05:00,7.604028712068774,8.110963821411133,7.604028712068774,8.110963821411133,1500.0,0.0,0.0,0.0,BOK.KA,
2023-09-05 00:00:00+05:00,8.683076858520508,8.683076858520508,8.683076858520508,8.683076858520508,500.0,0.0,0.0,0.0,BOK.KA,
2023-09-06 00:00:00+05:00,8.038544654846191,8.038544654846191,8.038544654846191,8.038544654846191,1000.0,0.0,0.0,0.0,BOK.KA,
2023-09-07 00:00:00+05:00,8.328222253560073,8.502028465270996,8.328222253560073,8.502028465270996,1500.0,0.0,0.0,0.0,BOK.KA,
2023-09-08 00:00:00+05:00,7.97336769104004,7.97336769104004,7.97336769104004,7.973367691040039,1000.0,0.0,0.0,0.0,BOK.KA,
2023-09-11 00:00:00+05:00,7.96612548828125,7.96612548828125,7.96612548828125,7.96612548828125,2000.0,0.0,0.0,0.0,BOK.KA,
2023-09-12 00:00:00+05:00,7.96612548828125,7.96612548828125,7.96612548828125,7.96612548828125,0.0,0.0,0.0,0.0,BOK.KA,
2023-09-13 00:00:00+05:00,7.96612548828125,7.96612548828125,7.96612548828125,7.96612548828125,0.0,0.0,0.0,0.0,BOK.KA,
2023-09-14 00:00:00+05:00,7.893706021281643,7.893706021281643,7.748867511749268,7.748867511749268,1500.0,0.0,0.0,0.0,BOK.KA,
2023-09-15 00:00:00+05:00,7.748867511749268,7.748867511749268,7.748867511749268,7.748867511749268,0.0,0.0,0.0,0.0,BOK.KA,
2023-09-18 00:00:00+05:00,7.748867511749268,7.748867511749268,7.748867511749268,7.748867511749268,0.0,0.0,0.0,0.0,BOK.KA,
2023-09-19 00:00:00+05:00,7.748867511749268,7.748867511749268,7.748867511749268,7.748867511749268,0.0,0.0,0.0,0.0,BOK.KA,
2023-09-20 00:00:00+05:00,7.748867511749268,7.748867511749268,7.748867511749268,7.748867511749268,0.0,0.0,0.0,0.0,BOK.KA,
2023-09-21 00:00:00+05:00,7.538851261138916,7.538851261138916,7.538851261138916,7.538851261138916,500.0,0.0,0.0,0.0,BOK.KA,
2023-09-22 00:00:00+05:00,7.538851261138916,7.538851261138916,7.538851261138916,7.538851261138916,0.0,0.0,0.0,0.0,BOK.KA,
2023-09-25 00:00:00+05:00,8.219593048095703,8.219593048095703,8.219593048095703,8.219593048095703,1000.0,0.0,0.0,0.0,BOK.KA,
2023-09-26 00:00:00+05:00,8.219593048095703,8.219593048095703,8.219593048095703,8.219593048095703,0.0,0.0,0.0,0.0,BOK.KA,
2023-09-27 00:00:00+05:00,8.219593048095703,8.219593048095703,8.219593048095703,8.219593048095703,0.0,0.0,0.0,0.0,BOK.KA,
2023-09-28 00:00:00+05:00,8.219593048095703,8.219593048095703,8.219593048095703,8.219593048095703,0.0,0.0,0.0,0.0,BOK.KA,
2023-09-29 00:00:00+05:00,8.219593048095703,8.219593048095703,8.219593048095703,8.219593048095703,0.0,0.0,0.0,0.0,BOK.KA,
2023-10-02 00:00:00+05:00,7.96612548828125,7.96612548828125,7.96612548828125,7.96612548828125,1500.0,0.0,0.0,0.0,BOK.KA,
2023-10-03 00:00:00+05:00,7.394012897108569,8.632383346557617,7.394012897108569,8.632383346557617,1000.0,0.0,0.0,0.0,BOK.KA,
2023-10-04 00:00:00+05:00,7.987850242097645,8.320979118347168,7.987850242097645,8.320979118347168,3500.0,0.0,0.0,0.0,BOK.KA,
2023-10-05 00:00:00+05:00,8.320979118347168,8.320979118347168,8.320979118347168,8.320979118347168,0.0,0.0,0.0,0.0,BOK.KA,
2023-10-06 00:00:00+05:00,7.676448082657737,7.676448082657737,7.640238285064697,7.640238285064697,1500.0,0.0,0.0,0.0,BOK.KA,
2023-10-09 00:00:00+05:00,8.357190132141113,8.357190132141113,8.357190132141113,8.357190132141113,1000.0,0.0,0.0,0.0,BOK.KA,
2023-10-10 00:00:00+05:00,8.357190132141113,8.357190132141113,8.357190132141113,8.357190132141113,0.0,0.0,0.0,0.0,BOK.KA,
2023-10-11 00:00:00+05:00,8.357190132141113,8.357190132141113,8.357190132141113,8.357190132141113,0.0,0.0,0.0,0.0,BOK.KA,
2023-10-12 00:00:00+05:00,7.821287111837701,7.821287111837701,7.748867511749268,7.748867511749268,4000.0,0.0,0.0,0.0,BOK.KA,
2023-10-13 00:00:00+05:00,7.7126575828508726,7.96612548828125,7.7126575828508726,7.96612548828125,2000.0,0.0,0.0,0.0,BOK.KA,
2023-10-16 00:00:00+05:00,7.683689330747733,7.683689330747733,7.611270427703857,7.611270427703857,2500.0,0.0,0.0,0.0,BOK.KA,
2023-10-17 00:00:00+05:00,7.64023854635295,7.676448345184327,7.64023854635295,7.676448345184326,17000.0,0.0,0.0,0.0,BOK.KA,
2023-10-18 00:00:00+05:00,7.676448345184327,7.676448345184327,7.676448345184327,7.676448345184326,0.0,0.0,0.0,0.0,BOK.KA,
2023-10-19 00:00:00+05:00,7.604028842169552,8.313737869262695,7.604028842169552,8.313737869262695,1500.0,0.0,0.0,0.0,BOK.KA,
2023-10-20 00:00:00+05:00,8.313737869262695,8.313737869262695,8.313737869262695,8.313737869262695,0.0,0.0,0.0,0.0,BOK.KA,
2023-10-23 00:00:00+05:00,8.313737869262695,8.313737869262695,8.313737869262695,8.313737869262695,0.0,0.0,0.0,0.0,BOK.KA,
2023-10-24 00:00:00+05:00,8.313737869262695,8.313737869262695,8.313737869262695,8.313737869262695,0.0,0.0,0.0,0.0,BOK.KA,
2023-10-25 00:00:00+05:00,8.313737869262695,8.313737869262695,8.313737869262695,8.313737869262695,0.0,0.0,0.0,0.0,BOK.KA,
2023-10-26 00:00:00+05:00,7.676447754842388,8.328221321105957,7.676447754842388,8.328221321105957,2500.0,0.0,0.0,0.0,BOK.KA,
2023-10-27 00:00:00+05:00,8.255802590360044,8.255802590360044,8.147173881530762,8.147173881530762,4000.0,0.0,0.0,0.0,BOK.KA,
2023-10-30 00:00:00+05:00,8.147173881530762,8.147173881530762,8.147173881530762,8.147173881530762,500.0,0.0,0.0,0.0,BOK.KA,
2023-10-31 00:00:00+05:00,8.147173881530762,8.147173881530762,8.147173881530762,8.147173881530762,0.0,0.0,0.0,0.0,BOK.KA,
2023-11-01 00:00:00+05:00,7.4809160964532495,7.748867511749268,7.4809160964532495,7.748867511749268,1500.0,0.0,0.0,0.0,BOK.KA,
2023-11-02 00:00:00+05:00,7.604029002216891,7.748867511749268,7.604029002216891,7.748867511749268,2500.0,0.0,0.0,0.0,BOK.KA,
2023-11-03 00:00:00+05:00,7.748867511749268,7.748867511749268,7.748867511749268,7.748867511749268,0.0,0.0,0.0,0.0,BOK.KA,
2023-11-06 00:00:00+05:00,7.422980538369579,8.277528762817383,7.422980538369579,8.277528762817383,1500.0,0.0,0.0,0.0,BOK.KA,
2023-11-07 00:00:00+05:00,7.7633514404296875,7.7633514404296875,7.7633514404296875,7.7633514404296875,500.0,0.0,0.0,0.0,BOK.KA,
2023-11-08 00:00:00+05:00,7.466432305924428,8.110963821411133,7.466432305924428,8.110963821411133,2500.0,0.0,0.0,0.0,BOK.KA,
2023-11-09 00:00:00+05:00,8.110963821411133,8.110963821411133,8.110963821411133,8.110963821411133,0.0,0.0,0.0,0.0,BOK.KA,
2023-11-10 00:00:00+05:00,8.03854508715978,8.03854508715978,7.821286981168669,7.96612548828125,2500.0,0.0,0.0,0.0,BOK.KA,
2023-11-13 00:00:00+05:00,7.966124962137378,7.966124962137378,7.893705368041992,7.893705368041992,4000.0,0.0,0.0,0.0,BOK.KA,
2023-11-14 00:00:00+05:00,7.78507661285074,7.958882808685303,7.78507661285074,7.958882808685303,5000.0,0.0,0.0,0.0,BOK.KA,
2023-11-15 00:00:00+05:00,7.96612506822574,7.96612506822574,7.900947570800782,7.900947570800781,3000.0,0.0,0.0,0.0,BOK.KA,
2023-11-16 00:00:00+05:00,7.9081900854362175,7.96612548828125,7.900947987419468,7.96612548828125,3000.0,0.0,0.0,0.0,BOK.KA,
2023-11-17 00:00:00+05:00,7.96612548828125,7.96612548828125,7.96612548828125,7.96612548828125,0.0,0.0,0.0,0.0,BOK.KA,
2023-11-20 00:00:00+05:00,7.915431660657268,7.915431660657268,7.893705368041992,7.893705368041992,2000.0,0.0,0.0,0.0,BOK.KA,
2023-11-21 00:00:00+05:00,7.929915003618701,7.929915003618701,7.915431499481202,7.915431499481201,4000.0,0.0,0.0,0.0,BOK.KA,
2023-11-22 00:00:00+05:00,7.96612548828125,7.96612548828125,7.96612548828125,7.96612548828125,500.0,0.0,0.0,0.0,BOK.KA,
2023-11-23 00:00:00+05:00,8.110963235469963,8.581689202788688,7.908189344510427,8.328221321105957,14000.0,0.0,0.0,0.0,BOK.KA,
2023-11-24 00:00:00+05:00,8.617899459510832,8.690319061279297,8.617899459510832,8.690319061279297,2000.0,0.0,0.0,0.0,BOK.KA,
2023-11-27 00:00:00+05:00,8.3209805104602,9.052415879259014,8.009577873851965,8.545480728149414,11500.0,0.0,0.0,0.0,BOK.KA,
2023-11-28 00:00:00+05:00,7.987851091687017,7.987851091687017,7.96612548828125,7.96612548828125,2500.0,0.0,0.0,0.0,BOK.KA,
2023-11-29 00:00:00+05:00,8.118205919272537,8.118205919272537,8.110963821411133,8.110963821411133,1500.0,0.0,0.0,0.0,BOK.KA,
2023-11-30 00:00:00+05:00,8.110963821411133,8.110963821411133,8.110963821411133,8.110963821411133,0.0,0.0,0.0,0.0,BOK.KA,
2023-12-01 00:00:00+05:00,8.053028047737499,8.255801943976856,8.038544543328333,8.205108642578125,4000.0,0.0,0.0,0.0,BOK.KA,
2023-12-04 00:00:00+05:00,8.617899459510832,8.871367375055948,8.617899459510832,8.690319061279297,25000.0,0.0,0.0,0.0,BOK.KA,
2023-12-05 00:00:00+05:00,8.183382987976074,8.183382987976074,8.183382987976074,8.183382987976074,500.0,0.0,0.0,0.0,BOK.KA,
2023-12-06 00:00:00+05:00,8.400640913199428,8.400640913199428,8.118205332808193,8.328221321105957,14000.0,0.0,0.0,0.0,BOK.KA,
2023-12-07 00:00:00+05:00,8.183382987976074,8.183382987976074,8.183382987976074,8.183382987976074,5500.0,0.0,0.0,0.0,BOK.KA,
2023-12-08 00:00:00+05:00,8.690318070634182,8.690318070634182,8.183382987976074,8.183382987976074,2500.0,0.0,0.0,0.0,BOK.KA,
2023-12-11 00:00:00+05:00,8.183382987976074,8.183382987976074,8.183382987976074,8.183382987976074,0.0,0.0,0.0,0.0,BOK.KA,
2023-12-12 00:00:00+05:00,8.255801890844701,8.255801890844701,8.183382987976074,8.183382987976074,1000.0,0.0,0.0,0.0,BOK.KA,
2023-12-13 00:00:00+05:00,8.856882566978232,8.907576560974121,8.328221858757734,8.907576560974121,25000.0,0.0,0.0,0.0,BOK.KA,
2023-12-14 00:00:00+05:00,9.617285937807411,9.631770133972168,9.617285937807411,9.631770133972168,21500.0,0.0,0.0,0.0,BOK.KA,
2023-12-15 00:00:00+05:00,10.35596280264584,10.35596280264584,9.465204815723604,9.55935001373291,21500.0,0.0,0.0,0.0,BOK.KA,
2023-12-18 00:00:00+05:00,8.878608873769526,9.414511680603027,8.849641173147294,9.414511680603027,4500.0,0.0,0.0,0.0,BOK.KA,
2023-12-19 00:00:00+05:00,8.697561159585044,8.697561159585044,8.690319061279297,8.690319061279297,3000.0,0.0,0.0,0.0,BOK.KA,
2023-12-20 00:00:00+05:00,8.205108428933707,8.328221321105957,8.205108428933707,8.328221321105957,8000.0,0.0,0.0,0.0,BOK.KA,
2023-12-21 00:00:00+05:00,8.313737126429498,8.328221321105957,8.313737126429498,8.328221321105957,4000.0,0.0,0.0,0.0,BOK.KA,
2023-12-22 00:00:00+05:00,7.821287058992203,8.654109001159668,7.821287058992203,8.654109001159668,1500.0,0.0,0.0,0.0,BOK.KA,
2023-12-25 00:00:00+05:00,8.654109001159668,8.654109001159668,8.654109001159668,8.654109001159668,0.0,0.0,0.0,0.0,BOK.KA,
2023-12-26 00:00:00+05:00,7.96612548828125,7.96612548828125,7.96612548828125,7.96612548828125,3000.0,0.0,0.0,0.0,BOK.KA,
2023-12-27 00:00:00+05:00,8.038546069322598,8.494787249810408,7.78507813292309,7.879223346710205,10500.0,0.0,0.0,0.0,BOK.KA,
2023-12-28 00:00:00+05:00,8.545480728149414,8.545480728149414,8.545480728149414,8.545480728149414,1000.0,0.0,0.0,0.0,BOK.KA,
2023-12-29 00:00:00+05:00,8.320980118184805,9.052415452501613,8.320980118184805,8.813431739807129,19000.0,0.0,0.0,0.0,BOK.KA,
2024-01-01 00:00:00+05:00,8.328221677647075,9.53762435913086,8.328221677647075,9.53762435913086,16500.0,0.0,0.0,0.0,BOK.KA,
2024-01-02 00:00:00+05:00,9.53762435913086,9.53762435913086,9.53762435913086,9.53762435913086,0.0,0.0,0.0,0.0,BOK.KA,
2024-01-03 00:00:00+05:00,8.84964189995118,9.407270355387181,8.84964189995118,8.89309310913086,2500.0,0.0,0.0,0.0,BOK.KA,
2024-01-04 00:00:00+05:00,8.263044934075795,9.02344799041748,8.263044934075795,9.02344799041748,1500.0,0.0,0.0,0.0,BOK.KA,
2024-01-05 00:00:00+05:00,8.690318732768224,9.052415346633568,8.299254417419434,8.299254417419434,6000.0,0.0,0.0,0.0,BOK.KA,
2024-01-08 00:00:00+05:00,7.987850765609164,8.66135065949484,7.987850765609164,8.081995964050293,5500.0,0.0,0.0,0.0,BOK.KA,
2024-01-09 00:00:00+05:00,8.081995964050293,8.081995964050293,8.081995964050293,8.081995964050293,2000.0,0.0,0.0,0.0,BOK.KA,
2024-01-10 00:00:00+05:00,8.05302883869638,8.509270668029785,8.024061136388442,8.509270668029785,7000.0,0.0,0.0,0.0,BOK.KA,
2024-01-11 00:00:00+05:00,8.328222181585943,9.182770417746214,8.328222181585943,9.124835014343262,6500.0,0.0,0.0,0.0,BOK.KA,
2024-01-12 00:00:00+05:00,8.42236614227295,8.690317516143377,8.400640541863018,8.42236614227295,33500.0,0.0,0.0,0.0,BOK.KA,
2024-01-15 00:00:00+05:00,8.038545525270486,8.89309310913086,8.038545525270486,8.89309310913086,4000.0,0.0,0.0,0.0,BOK.KA,
2024-01-16 00:00:00+05:00,8.89309310913086,8.89309310913086,8.89309310913086,8.89309310913086,0.0,0.0,0.0,0.0,BOK.KA,
2024-01-17 00:00:00+05:00,8.284770434874398,8.683076858520508,8.277529027300268,8.683076858520508,2000.0,0.0,0.0,0.0,BOK.KA,
2024-01-18 00:00:00+05:00,8.045786061829018,8.045786061829018,8.038544654846191,8.038544654846191,3000.0,0.0,0.0,0.0,BOK.KA,
2024-01-19 00:00:00+05:00,8.038544654846191,8.038544654846191,8.038544654846191,8.038544654846191,0.0,0.0,0.0,0.0,BOK.KA,
2024-01-22 00:00:00+05:00,7.987851091687017,7.987851091687017,7.96612548828125,7.96612548828125,5000.0,0.0,0.0,0.0,BOK.KA,
2024-01-23 00:00:00+05:00,7.987850595481599,8.574447376153751,7.980609188559167,8.364431381225586,9500.0,0.0,0.0,0.0,BOK.KA,
2024-01-24 00:00:00+05:00,8.364431381225586,8.364431381225586,8.364431381225586,8.364431381225586,0.0,0.0,0.0,0.0,BOK.KA,
2024-01-25 00:00:00+05:00,7.98785135189555,8.002335548400879,7.98785135189555,8.002335548400879,1500.0,0.0,0.0,0.0,BOK.KA,
2024-01-26 00:00:00+05:00,8.002335548400879,8.002335548400879,8.002335548400879,8.002335548400879,0.0,0.0,0.0,0.0,BOK.KA,
2024-01-29 00:00:00+05:00,8.002335548400879,8.002335548400879,8.002335548400879,8.002335548400879,0.0,0.0,0.0,0.0,BOK.KA,
2024-01-30 00:00:00+05:00,8.038545453903783,8.038545453903783,8.002335652812512,8.009577751159668,3000.0,0.0,0.0,0.0,BOK.KA,
2024-01-31 00:00:00+05:00,8.002335548400879,8.002335548400879,8.002335548400879,8.002335548400879,500.0,0.0,0.0,0.0,BOK.KA,
2024-02-01 00:00:00+05:00,8.002335548400879,8.002335548400879,8.002335548400879,8.002335548400879,0.0,0.0,0.0,0.0,BOK.KA,
2024-02-02 00:00:00+05:00,7.987850920345129,8.110963821411133,7.987850920345129,8.110963821411133,1000.0,0.0,0.0,0.0,BOK.KA,
2024-02-06 00:00:00+05:00,7.980609041407194,8.690318014407843,7.980609041407194,8.161657333374023,13500.0,0.0,0.0,0.0,BOK.KA,
2024-02-07 00:00:00+05:00,8.219592837631724,8.219592837631724,8.183383040642159,8.205108642578125,2000.0,0.0,0.0,0.0,BOK.KA,
2024-02-08 00:00:00+05:00,8.205108642578125,8.205108642578125,8.205108642578125,8.205108642578125,0.0,0.0,0.0,0.0,BOK.KA,
2024-02-09 00:00:00+05:00,8.205108642578125,8.205108642578125,8.205108642578125,8.205108642578125,0.0,0.0,0.0,0.0,BOK.KA,
2024-02-12 00:00:00+05:00,8.00957746543433,8.654109001159668,8.00233536734552,8.654109001159668,4000.0,0.0,0.0,0.0,BOK.KA,
2024-02-13 00:00:00+05:00,8.530996322631836,8.530996322631836,8.530996322631836,8.530996322631836,500.0,0.0,0.0,0.0,BOK.KA,
2024-02-14 00:00:00+05:00,8.530996322631836,8.530996322631836,8.530996322631836,8.530996322631836,0.0,0.0,0.0,0.0,BOK.KA,
2024-02-15 00:00:00+05:00,8.045786061829018,8.045786061829018,8.031302557218924,8.038544654846191,1500.0,0.0,0.0,0.0,BOK.KA,
2024-02-16 00:00:00+05:00,8.038544654846191,8.038544654846191,8.038544654846191,8.038544654846191,0.0,0.0,0.0,0.0,BOK.KA,
2024-02-19 00:00:00+05:00,8.183383594272362,8.183383594272362,7.96612548828125,7.96612548828125,11000.0,0.0,0.0,0.0,BOK.KA,
2024-02-20 00:00:00+05:00,7.683689262440276,8.581689315485516,7.683689262440276,8.161657333374023,7000.0,0.0,0.0,0.0,BOK.KA,
2024-02-21 00:00:00+05:00,8.502028569791674,8.509270668029785,8.502028569791674,8.509270668029785,15000.0,0.0,0.0,0.0,BOK.KA,
2024-02-22 00:00:00+05:00,8.060270309448242,8.060270309448242,8.060270309448242,8.060270309448242,1000.0,0.0,0.0,0.0,BOK.KA,
2024-02-23 00:00:00+05:00,8.060270309448242,8.060270309448242,8.060270309448242,8.060270309448242,0.0,0.0,0.0,0.0,BOK.KA,
2024-02-26 00:00:00+05:00,8.060270309448242,8.060270309448242,8.060270309448242,8.060270309448242,0.0,0.0,0.0,0.0,BOK.KA,
2024-02-27 00:00:00+05:00,8.060270309448242,8.060270309448242,8.060270309448242,8.060270309448242,0.0,0.0,0.0,0.0,BOK.KA,
2024-02-28 00:00:00+05:00,8.060270309448242,8.060270309448242,8.060270309448242,8.060270309448242,0.0,0.0,0.0,0.0,BOK.KA,
2024-02-29 00:00:00+05:00,7.966125376221704,8.690318592241859,7.966125376221704,8.603415489196777,11000.0,0.0,0.0,0.0,BOK.KA,
2024-03-01 00:00:00+05:00,8.603415489196777,8.603415489196777,8.603415489196777,8.603415489196777,0.0,0.0,0.0,0.0,BOK.KA,
2024-03-04 00:00:00+05:00,8.183382987976074,8.183382987976074,8.183382987976074,8.183382987976074,1000.0,0.0,0.0,0.0,BOK.KA,
2024-03-05 00:00:00+05:00,8.509270668029785,8.509270668029785,8.502028569791674,8.509270668029785,2500.0,0.0,0.0,0.0,BOK.KA,
2024-03-06 00:00:00+05:00,7.792319582615541,8.762738653954493,7.792319582615541,8.02406120300293,9500.0,0.0,0.0,0.0,BOK.KA,
2024-03-07 00:00:00+05:00,8.733771269521476,8.748254776000977,8.733771269521476,8.748254776000977,10500.0,0.0,0.0,0.0,BOK.KA,
2024-03-08 00:00:00+05:00,9.472447395324707,9.472447395324707,9.472447395324707,9.472447395324707,24500.0,0.0,0.0,0.0,BOK.KA,
2024-03-11 00:00:00+05:00,10.196640863789556,10.196640863789556,10.022834650242398,10.189398765563965,80000.0,0.0,0.0,0.0,BOK.KA,
2024-03-12 00:00:00+05:00,9.724880068121283,10.345617519888389,9.724880068121283,9.973175048828125,47775.0,0.0,0.0,0.0,BOK.KA,
2024-03-13 00:00:00+05:00,9.980072611720344,10.207675885803846,9.980072611720344,10.000762939453125,19425.0,0.0,0.0,0.0,BOK.KA,
2024-03-14 00:00:00+05:00,10.035249311076877,10.345618052952359,9.724880569201394,10.069734573364258,26250.0,0.0,0.0,0.0,BOK.KA,
2024-03-15 00:00:00+05:00,9.93179205410082,10.311131981424136,9.93179205410082,10.090425491333008,16275.0,0.0,0.0,0.0,BOK.KA,
2024-03-18 00:00:00+05:00,10.200779109892919,10.200779109892919,9.655909640372409,10.000762939453125,21525.0,0.0,0.0,0.0,BOK.KA,
2024-03-19 00:00:00+05:00,10.000761890719708,10.242160072599747,9.945585617284891,10.186983108520508,27825.0,0.0,0.0,0.0,BOK.KA,
2024-03-20 00:00:00+05:00,10.24216079711914,10.311132007097138,10.145601793794414,10.24216079711914,24150.0,0.0,0.0,0.0,BOK.KA,
2024-03-21 00:00:00+05:00,9.559350557349099,10.920342292733258,9.559350557349099,10.12643051147461,16000.0,1.5,1.05,0.0,BOK.KA,
2024-03-22 00:00:00+05:00,10.12643030370134,10.12643030370134,9.559350361211129,9.761878967285156,16000.0,0.0,0.0,0.0,BOK.KA,
2024-03-26 00:00:00+05:00,10.442376088661522,10.45047664642334,10.442376088661522,10.45047664642334,1000.0,0.0,0.0,0.0,BOK.KA,
2024-03-27 00:00:00+05:00,10.12643051147461,10.13453184130427,10.12643051147461,10.12643051147461,3500.0,0.0,0.0,0.0,BOK.KA,
2024-03-28 00:00:00+05:00,9.737575750880163,10.118328974037903,9.737575750880163,9.761878967285156,8000.0,0.0,0.0,0.0,BOK.KA,
2024-03-29 00:00:00+05:00,9.721373809447233,9.842890673031173,9.656564712524414,9.656564712524414,1500.0,0.0,0.0,0.0,BOK.KA,
2024-04-01 00:00:00+05:00,10.280352592468262,10.280352592468262,10.280352592468262,10.280352592468262,1000.0,0.0,0.0,0.0,BOK.KA,
2024-04-02 00:00:00+05:00,10.490981783635338,10.490981783635338,9.64036147197078,9.769980430603027,12000.0,0.0,0.0,0.0,BOK.KA,
2024-04-03 00:00:00+05:00,9.721373888911033,10.328959756967974,9.721373888911033,9.92390251159668,9500.0,0.0,0.0,0.0,BOK.KA,
2024-04-04 00:00:00+05:00,10.312756836206594,10.312756836206594,9.98061002699311,9.9887113571167,1500.0,0.0,0.0,0.0,BOK.KA,
2024-04-08 00:00:00+05:00,10.094026571150279,10.094026571150279,9.842890739440918,9.842890739440918,11500.0,0.0,0.0,0.0,BOK.KA,
2024-04-09 00:00:00+05:00,9.842891314392034,10.28035313341867,9.842891314392034,9.980610847473145,15500.0,0.0,0.0,0.0,BOK.KA,
2024-04-15 00:00:00+05:00,9.80238543171462,9.80238543171462,9.640361919056566,9.648463249206543,14500.0,0.0,0.0,0.0,BOK.KA,
2024-04-16 00:00:00+05:00,9.648463467072503,9.721373894897898,9.648463467072503,9.67276668548584,3500.0,0.0,0.0,0.0,BOK.KA,
2024-04-17 00:00:00+05:00,9.76187861283313,10.11832860664324,9.599855888373986,10.069722175598145,18500.0,0.0,0.0,0.0,BOK.KA,
2024-04-18 00:00:00+05:00,9.964408510962897,10.069723488741271,9.826688984066978,9.850992202758789,6500.0,0.0,0.0,0.0,BOK.KA,
2024-04-19 00:00:00+05:00,9.72137273831892,10.110227277010734,9.429731834300057,9.729474067687988,6500.0,0.0,0.0,0.0,BOK.KA,
2024-04-22 00:00:00+05:00,9.729474067687988,9.729474067687988,9.729474067687988,9.729474067687988,0.0,0.0,0.0,0.0,BOK.KA,
2024-04-23 00:00:00+05:00,9.802385313395614,9.842890418485847,9.721373558044434,9.721373558044434,2000.0,0.0,0.0,0.0,BOK.KA,
2024-04-24 00:00:00+05:00,9.559350700673734,9.875294842914121,9.543148040771484,9.543148040771484,5000.0,0.0,0.0,0.0,BOK.KA,
2024-04-25 00:00:00+05:00,9.478338993771581,9.53504753112793,9.478338993771581,9.53504753112793,2500.0,0.0,0.0,0.0,BOK.KA,
2024-04-26 00:00:00+05:00,9.50264231094393,9.50264231094393,9.381125450134277,9.381125450134277,4500.0,0.0,0.0,0.0,BOK.KA,
2024-04-29 00:00:00+05:00,8.911259094874065,9.721373558044434,8.911259094874065,9.721373558044434,7500.0,0.0,0.0,0.0,BOK.KA,
2024-04-30 00:00:00+05:00,9.154293958268465,9.559351206222066,9.154293958268465,9.413530349731445,4000.0,0.0,0.0,0.0,BOK.KA,
2024-05-01 00:00:00+05:00,9.413530349731445,9.413530349731445,9.413530349731445,9.413530349731445,0.0,0.0,0.0,0.0,BOK.KA,
2024-05-02 00:00:00+05:00,8.878854035099073,9.162394389887622,8.878854035099073,9.154293060302734,4500.0,0.0,0.0,0.0,BOK.KA,
2024-05-03 00:00:00+05:00,9.316316234719068,9.502642188572482,8.830247252569151,9.202899932861328,12500.0,0.0,0.0,0.0,BOK.KA,
2024-05-06 00:00:00+05:00,9.948205528561365,9.948205528561365,9.478339195251465,9.478339195251465,7500.0,0.0,0.0,0.0,BOK.KA,
2024-05-07 00:00:00+05:00,9.316316310219527,9.640361785888672,9.316316310219527,9.640361785888672,21500.0,0.0,0.0,0.0,BOK.KA,
2024-05-08 00:00:00+05:00,9.364923343742422,9.364923343742422,9.35682201385498,9.35682201385498,3000.0,0.0,0.0,0.0,BOK.KA,
2024-05-09 00:00:00+05:00,9.35682201385498,9.35682201385498,9.35682201385498,9.35682201385498,0.0,0.0,0.0,0.0,BOK.KA,
2024-05-10 00:00:00+05:00,9.624159812927246,9.632261142893366,8.716831716526121,9.624159812927246,4000.0,0.0,0.0,0.0,BOK.KA,
2024-05-13 00:00:00+05:00,9.016573791716183,9.097584772001515,9.000371132107917,9.089484214782715,4000.0,0.0,0.0,0.0,BOK.KA,
2024-05-14 00:00:00+05:00,9.089484214782715,9.089484214782715,9.089484214782715,9.089484214782715,0.0,0.0,0.0,0.0,BOK.KA,
2024-05-15 00:00:00+05:00,9.316316470189555,9.721373708023885,9.17049561734188,9.559350967407227,18500.0,0.0,0.0,0.0,BOK.KA,
2024-05-16 00:00:00+05:00,9.316316265530057,9.316316265530057,9.00037134882918,9.113787651062012,5000.0,0.0,0.0,0.0,BOK.KA,
2024-05-17 00:00:00+05:00,8.854551467507164,9.308215141296387,8.854551467507164,9.308215141296387,4500.0,0.0,0.0,0.0,BOK.KA,
2024-05-20 00:00:00+05:00,9.081383336323478,9.21910285949707,8.91125926490818,9.21910285949707,21000.0,0.0,0.0,0.0,BOK.KA,
2024-05-21 00:00:00+05:00,9.20290002348467,9.721373558044434,9.20290002348467,9.721373558044434,13000.0,0.0,0.0,0.0,BOK.KA,
2024-05-22 00:00:00+05:00,9.073282103889854,9.721373848293139,9.073282103889854,9.316316604614258,10500.0,0.0,0.0,0.0,BOK.KA,
2024-05-23 00:00:00+05:00,9.640361919056566,9.68086779722108,9.640361919056566,9.648463249206543,2000.0,0.0,0.0,0.0,BOK.KA,
2024-05-24 00:00:00+05:00,9.12188915082397,10.126430911859993,9.089484602809433,9.648463249206543,13500.0,0.0,0.0,0.0,BOK.KA,
2024-05-27 00:00:00+05:00,9.64036184732332,9.64036184732332,9.146192300632364,9.2110013961792,3343.0,0.0,0.0,0.0,BOK.KA,
2024-05-28 00:00:00+05:00,9.2110013961792,9.2110013961792,9.2110013961792,9.2110013961792,0.0,0.0,0.0,0.0,BOK.KA,
2024-05-29 00:00:00+05:00,9.39732819524022,9.88339641545828,9.178596916703068,9.648463249206543,13669.0,0.0,0.0,0.0,BOK.KA,
2024-05-30 00:00:00+05:00,10.118329721245837,10.118329721245837,9.648463382262719,9.656564712524414,799.0,0.0,0.0,0.0,BOK.KA,
2024-05-31 00:00:00+05:00,10.118329441939679,10.118329441939679,8.99227083455038,9.640361785888672,3209.0,0.0,0.0,0.0,BOK.KA,
2024-06-03 00:00:00+05:00,9.324418259845729,9.721374187063663,8.91936100205141,9.518845558166504,5955.0,0.0,0.0,0.0,BOK.KA,
2024-06-04 00:00:00+05:00,9.405428459019483,9.713272041834554,9.04087711209662,9.186697959899902,2684.0,0.0,0.0,0.0,BOK.KA,
2024-06-05 00:00:00+05:00,9.607957815832,9.640362365346672,9.316316870199964,9.33251953125,2080.0,0.0,0.0,0.0,BOK.KA,
2024-06-06 00:00:00+05:00,8.94366391436812,9.705171192959106,8.94366391436812,9.065180778503418,3038.0,0.0,0.0,0.0,BOK.KA,
2024-06-07 00:00:00+05:00,9.50264256586556,9.50264256586556,9.316316604614258,9.316316604614258,2163.0,0.0,0.0,0.0,BOK.KA,
2024-06-10 00:00:00+05:00,8.95986674126092,9.267709572461982,8.92746219205105,8.984169960021973,7087.0,0.0,0.0,0.0,BOK.KA,
2024-06-11 00:00:00+05:00,9.640361350527227,9.640361350527227,8.182156003283682,8.830246925354004,24842.0,0.0,0.0,0.0,BOK.KA,
2024-06-12 00:00:00+05:00,9.065180627917988,9.478339195251465,8.99227097419917,9.478339195251465,15240.0,0.0,0.0,0.0,BOK.KA,
2024-06-13 00:00:00+05:00,9.713272227992245,9.842890418485847,9.591755367550832,9.721373558044434,11002.0,0.0,0.0,0.0,BOK.KA,
2024-06-14 00:00:00+05:00,10.045419002459251,10.361363920225658,8.911259066647364,9.024675369262695,3123.0,0.0,0.0,0.0,BOK.KA,
2024-06-20 00:00:00+05:00,9.551249848021584,9.834790229797363,9.551249848021584,9.834790229797363,19922.0,0.0,0.0,0.0,BOK.KA,
2024-06-21 00:00:00+05:00,9.76187943304978,9.948205388687027,9.340619541475448,9.470237731933594,13270.0,0.0,0.0,0.0,BOK.KA,
2024-06-24 00:00:00+05:00,9.640361721144393,9.640361721144393,8.765438170128295,9.03277587890625,60746.0,0.0,0.0,0.0,BOK.KA,
2024-06-25 00:00:00+05:00,9.308214917667865,9.316316247651523,9.03277587890625,9.03277587890625,4583.0,0.0,0.0,0.0,BOK.KA,
2024-06-26 00:00:00+05:00,9.235304880553198,9.30821530829518,9.073282137007338,9.227204322814941,8925.0,0.0,0.0,0.0,BOK.KA,
2024-06-27 00:00:00+05:00,9.283911582190475,9.283911582190475,9.097584857863549,9.10568618774414,1501.0,0.0,0.0,0.0,BOK.KA,
2024-06-28 00:00:00+05:00,9.105686031114578,9.713271855171634,8.9112587528368,9.607956886291504,11343.0,0.0,0.0,0.0,BOK.KA,
2024-07-01 00:00:00+05:00,9.607956886291504,9.616058216032744,9.559350453014723,9.607956886291504,501.0,0.0,0.0,0.0,BOK.KA,
2024-07-02 00:00:00+05:00,8.91936008257804,9.551249123273484,8.91936008257804,9.607956886291504,241.0,0.0,0.0,0.0,BOK.KA,
2024-07-03 00:00:00+05:00,9.12999076054525,9.607957665249256,9.12999076054525,9.243406295776367,2540.0,0.0,0.0,0.0,BOK.KA,
2024-07-04 00:00:00+05:00,9.316316618876074,9.63226154756,8.919360704883585,9.39732837677002,3106.0,0.0,0.0,0.0,BOK.KA,
2024-07-05 00:00:00+05:00,9.510744167287989,9.518845497813006,9.04087781303256,9.33251953125,4403.0,0.0,0.0,0.0,BOK.KA,
2024-07-08 00:00:00+05:00,9.64846284073443,10.215542793273926,9.64846284073443,10.215542793273926,90495.0,0.0,0.0,0.0,BOK.KA,
2024-07-09 00:00:00+05:00,10.507185474151543,11.139074579424047,10.24794830403596,11.074265480041504,54045.0,0.0,0.0,0.0,BOK.KA,
2024-07-10 00:00:00+05:00,10.13453265218178,10.920343166484518,10.13453265218178,10.369465827941895,27084.0,0.0,0.0,0.0,BOK.KA,
2024-07-11 00:00:00+05:00,9.923901441842302,10.612498993779765,9.85099102192124,10.507184028625488,17377.0,0.0,0.0,0.0,BOK.KA,
2024-07-12 00:00:00+05:00,10.782623275159285,10.782623275159285,10.004913400693672,10.531487464904785,1664.0,0.0,0.0,0.0,BOK.KA,
2024-07-15 00:00:00+05:00,10.523386135280537,10.61249921597664,9.688968498615816,10.531487464904785,16749.0,0.0,0.0,0.0,BOK.KA,
2024-07-16 00:00:00+05:00,10.531487464904785,10.531487464904785,10.531487464904785,10.531487464904785,0.0,0.0,0.0,0.0,BOK.KA,
2024-07-17 00:00:00+05:00,10.531487464904785,10.531487464904785,10.531487464904785,10.531487464904785,0.0,0.0,0.0,0.0,BOK.KA,
2024-07-18 00:00:00+05:00,10.328959465026855,10.328959465026855,10.247947709208187,10.328959465026855,3206.0,0.0,0.0,0.0,BOK.KA,
2024-07-19 00:00:00+05:00,10.928444765417666,10.928444765417666,9.526947006907292,10.304656982421875,16898.0,0.0,0.0,0.0,BOK.KA,
2024-07-22 00:00:00+05:00,10.215542760908118,10.215542760908118,9.543147840763934,9.59985637664795,713.0,0.0,0.0,0.0,BOK.KA,
2024-07-23 00:00:00+05:00,10.021115890262255,10.563892646377214,9.850991820844351,10.409971237182617,7016.0,0.0,0.0,0.0,BOK.KA,
2024-07-24 00:00:00+05:00,10.409971963464887,11.341603358912849,10.166937451256814,10.304656982421875,17549.0,0.0,0.0,0.0,BOK.KA,
2024-07-25 00:00:00+05:00,11.114770366439796,11.114770366439796,10.207442283630371,10.207442283630371,2728.0,0.0,0.0,0.0,BOK.KA,
2024-07-26 00:00:00+05:00,10.05352010692121,10.247947387683515,10.045418777076446,10.207442283630371,132.0,0.0,0.0,0.0,BOK.KA,
2024-07-29 00:00:00+05:00,11.098568478232345,11.098568478232345,9.729475315297908,10.021116256713867,2887.0,0.0,0.0,0.0,BOK.KA,
2024-07-30 00:00:00+05:00,9.7699806199848,10.207442392665593,9.7699806199848,9.88339614868164,1077.0,0.0,0.0,0.0,BOK.KA,
2024-07-31 00:00:00+05:00,9.899599075317383,9.899599075317383,9.899599075317383,9.899599075317383,500.0,0.0,0.0,0.0,BOK.KA,
2024-08-01 00:00:00+05:00,10.21554243919627,10.531487337450496,9.72137292687738,10.183137893676758,14380.0,0.0,0.0,0.0,BOK.KA,
2024-08-02 00:00:00+05:00,10.272251683129166,10.288453570715854,10.247947692871094,10.247947692871094,1120.0,0.0,0.0,0.0,BOK.KA,
2024-08-05 00:00:00+05:00,10.507184495873883,10.507184495873883,10.458577289569876,10.466678619384766,1431.0,0.0,0.0,0.0,BOK.KA,
2024-08-06 00:00:00+05:00,10.045419497464067,10.434274859460015,9.729475336714339,9.850992202758789,1729.0,0.0,0.0,0.0,BOK.KA,
2024-08-07 00:00:00+05:00,10.272251699505004,10.337060795125794,9.24340595450057,10.328959465026855,8067.0,0.0,0.0,0.0,BOK.KA,
2024-08-08 00:00:00+05:00,10.490982204078831,10.490982204078831,9.883396353194899,10.328959465026855,88.0,0.0,0.0,0.0,BOK.KA,
2024-08-09 00:00:00+05:00,10.490981488630103,10.490981488630103,9.842889804034453,10.094025611877441,743.0,0.0,0.0,0.0,BOK.KA,
2024-08-12 00:00:00+05:00,9.850992069757275,10.166936998826719,9.82668885139359,9.842890739440918,3320.0,0.0,0.0,0.0,BOK.KA,
2024-08-13 00:00:00+05:00,9.721373558044434,9.721373558044434,9.721373558044434,9.721373558044434,12252.0,0.0,0.0,0.0,BOK.KA,
2024-08-15 00:00:00+05:00,10.523387095269165,10.523387095269165,10.126431178492743,10.280352592468262,1432.0,0.0,0.0,0.0,BOK.KA,
2024-08-16 00:00:00+05:00,9.721373291015626,10.280351915311476,9.721373291015626,10.12643051147461,3310.0,0.0,0.0,0.0,BOK.KA,
2024-08-19 00:00:00+05:00,9.316316070556642,9.316316070556642,9.316316070556642,10.12643051147461,5.0,0.0,0.0,0.0,BOK.KA,
2024-08-20 00:00:00+05:00,10.118329838987755,10.126431169343723,9.41353032231168,9.834790229797363,2077.0,0.0,0.0,0.0,BOK.KA,
2024-08-21 00:00:00+05:00,9.729475287233917,10.474780685732535,9.721373956849384,10.442376136779785,7316.0,0.0,0.0,0.0,BOK.KA,
2024-08-22 00:00:00+05:00,10.442375817139672,10.766421296748161,9.74567687710337,9.818587303161621,6905.0,0.0,0.0,0.0,BOK.KA,
2024-08-23 00:00:00+05:00,10.523386432058452,10.523386432058452,9.74567653566006,10.037318229675293,2182.0,0.0,0.0,0.0,BOK.KA,
2024-08-26 00:00:00+05:00,9.964408254471868,10.693510977141727,9.964408254471868,10.166936874389648,2882.0,0.0,0.0,0.0,BOK.KA,
2024-08-27 00:00:00+05:00,9.891497478612942,10.490981986993036,9.88339614868164,9.88339614868164,1126.0,0.0,0.0,0.0,BOK.KA,
2024-08-28 00:00:00+05:00,10.725915306955207,10.766421184630797,9.332518986563628,9.721373558044434,8844.0,0.0,0.0,0.0,BOK.KA,
2024-08-29 00:00:00+05:00,9.802385778273806,10.126431269875669,9.761879898677224,9.93200397491455,2658.0,0.0,0.0,0.0,BOK.KA,
2024-08-30 00:00:00+05:00,9.745676775615646,10.12643078962962,9.721373558044434,9.721373558044434,2968.0,0.0,0.0,0.0,BOK.KA,
2024-09-02 00:00:00+05:00,9.721373855851198,10.482881134621973,9.129990650461233,10.013014793395996,1928.0,0.0,0.0,0.0,BOK.KA,
2024-09-03 00:00:00+05:00,10.126430638523267,10.126430638523267,9.729474742913638,9.88339614868164,1204.0,0.0,0.0,0.0,BOK.KA,
2024-09-04 00:00:00+05:00,9.154293604035782,9.96440806859496,9.154293604035782,9.802385330200195,3155.0,0.0,0.0,0.0,BOK.KA,
2024-09-05 00:00:00+05:00,9.721374220484659,10.328960109264951,9.292013742070502,9.875295639038086,11615.0,0.0,0.0,0.0,BOK.KA,
2024-09-06 00:00:00+05:00,9.154294212140137,9.964408730513858,9.154294212140137,9.875295639038086,101.0,0.0,0.0,0.0,BOK.KA,
2024-09-09 00:00:00+05:00,9.721373412982338,10.045418884380943,9.332518847304009,9.88339614868164,4622.0,0.0,0.0,0.0,BOK.KA,
2024-09-10 00:00:00+05:00,10.231746397959867,10.231746397959867,9.575553302103668,9.688969612121582,1286.0,0.0,0.0,0.0,BOK.KA,
2024-09-11 00:00:00+05:00,10.110227416085689,10.531487278048576,9.721372872044839,9.73757553100586,5805.0,0.0,0.0,0.0,BOK.KA,
2024-09-12 00:00:00+05:00,9.948204745513967,10.531487337450496,9.057079357434725,10.183137893676758,38707.0,0.0,0.0,0.0,BOK.KA,
2024-09-13 00:00:00+05:00,10.507184803643593,10.531488021214804,9.721373558044434,9.721373558044434,2163.0,0.0,0.0,0.0,BOK.KA,
2024-09-16 00:00:00+05:00,9.769980765772214,10.199341214928609,9.769980765772214,9.721373558044434,54.0,0.0,0.0,0.0,BOK.KA,
2024-09-17 00:00:00+05:00,9.721373558044434,9.721373558044434,9.721373558044434,9.721373558044434,0.0,0.0,0.0,0.0,BOK.KA,
2024-09-18 00:00:00+05:00,9.721372958342888,9.76998016307214,9.721372958342888,9.753777503967285,580.0,0.0,0.0,0.0,BOK.KA,
2024-09-19 00:00:00+05:00,9.737576114696893,9.737576114696893,8.927461660133172,9.624159812927246,36305.0,0.0,0.0,0.0,BOK.KA,
2024-09-20 00:00:00+05:00,9.721373189318754,10.077823199656232,9.445934158674405,10.029216766357422,10600.0,0.0,0.0,0.0,BOK.KA,
2024-09-23 00:00:00+05:00,10.045418653261915,10.045418653261915,10.0130141068676,10.029216766357422,159.0,0.0,0.0,0.0,BOK.KA,
2024-09-24 00:00:00+05:00,10.45047640994142,10.45047640994142,9.43783331701743,9.478339195251465,2088.0,0.0,0.0,0.0,BOK.KA,
2024-09-25 00:00:00+05:00,9.907699650327332,9.907699650327332,9.907699650327332,9.478339195251465,1.0,0.0,0.0,0.0,BOK.KA,
2024-09-26 00:00:00+05:00,9.956306941862305,10.126431013797518,9.640362016101088,9.99681282043457,6322.0,0.0,0.0,0.0,BOK.KA,
2024-09-27 00:00:00+05:00,9.510743996530064,9.575553094395808,9.413530349731445,9.413530349731445,3418.0,0.0,0.0,0.0,BOK.KA,
2024-09-30 00:00:00+05:00,10.1102285380809,10.1102285380809,10.102127980286722,9.413530349731445,56.0,0.0,0.0,0.0,BOK.KA,
2024-10-01 00:00:00+05:00,9.413530349731445,9.413530349731445,9.413530349731445,9.413530349731445,0.0,0.0,0.0,0.0,BOK.KA,
2024-10-02 00:00:00+05:00,9.300114197010096,9.316316858038983,9.251507759094238,9.251507759094238,1809.0,0.0,0.0,0.0,BOK.KA,
2024-10-03 00:00:00+05:00,8.336077923727066,9.802385464624898,8.336077923727066,9.559350967407227,1869.0,0.0,0.0,0.0,BOK.KA,
2024-10-04 00:00:00+05:00,9.194799013780772,10.499082957204427,9.194799013780772,10.102127075195312,12123.0,0.0,0.0,0.0,BOK.KA,
2024-10-07 00:00:00+05:00,10.11022859569916,10.11022859569916,9.802385765375165,9.850992202758789,1724.0,0.0,0.0,0.0,BOK.KA,
2024-10-08 00:00:00+05:00,10.44237612220843,10.44237612220843,9.454036221650636,9.664666175842285,4343.0,0.0,0.0,0.0,BOK.KA,
2024-10-09 00:00:00+05:00,9.664666175842285,9.664666175842285,9.664666175842285,9.664666175842285,0.0,0.0,0.0,0.0,BOK.KA,
2024-10-10 00:00:00+05:00,9.842890618969976,10.482881027006746,9.842890618969976,10.166936874389648,1522.0,0.0,0.0,0.0,BOK.KA,
2024-10-11 00:00:00+05:00,10.920342762218525,10.920342762218525,9.43783333340971,10.426173210144043,2752.0,0.0,0.0,0.0,BOK.KA,
2024-10-14 00:00:00+05:00,10.474781209441396,10.474781209441396,9.486441258090318,9.980610847473145,9447.0,0.0,0.0,0.0,BOK.KA,
2024-10-15 00:00:00+05:00,10.337060006028151,10.337060006028151,9.324416998523482,9.73757553100586,6183.0,0.0,0.0,0.0,BOK.KA,
2024-10-16 00:00:00+05:00,10.523386691162614,10.523386691162614,9.478339064576252,9.721373558044434,6707.0,0.0,0.0,0.0,BOK.KA,
2024-10-17 00:00:00+05:00,9.883397018097025,10.085925648683379,9.721374268145023,9.867195129394531,14841.0,0.0,0.0,0.0,BOK.KA,
2024-10-18 00:00:00+05:00,9.769981057472172,10.118329761677952,9.316316604614258,9.316316604614258,1344.0,0.0,0.0,0.0,BOK.KA,
2024-10-21 00:00:00+05:00,10.118329668248156,10.118329668248156,9.802385515550611,9.915801048278809,4642.0,0.0,0.0,0.0,BOK.KA,
2024-10-22 00:00:00+05:00,9.802385313395614,9.883396296161436,9.721373558044434,9.721373558044434,2510.0,0.0,0.0,0.0,BOK.KA,
2024-10-23 00:00:00+05:00,10.490982143539213,10.490982143539213,9.559350819927431,9.721373558044434,4336.0,0.0,0.0,0.0,BOK.KA,
2024-10-24 00:00:00+05:00,10.11022778268352,10.11022778268352,9.721373224542768,9.769980430603027,1363.0,0.0,0.0,0.0,BOK.KA,
2024-10-25 00:00:00+05:00,9.421631282958337,9.721373541098636,9.421631282958337,9.640361785888672,3044.0,0.0,0.0,0.0,BOK.KA,
2024-10-28 00:00:00+05:00,9.559350803264064,9.656564445964808,9.494541708130233,9.640361785888672,4804.0,0.0,0.0,0.0,BOK.KA,
2024-10-29 00:00:00+05:00,9.640362459613124,10.094026929839988,9.437833830019693,9.875295639038086,18232.0,0.0,0.0,0.0,BOK.KA,
2024-10-30 00:00:00+05:00,10.061621694382819,10.061621694382819,9.470237734524062,9.721373558044434,1788.0,0.0,0.0,0.0,BOK.KA,
2024-10-31 00:00:00+05:00,10.037318597519375,10.037318597519375,9.656564578926492,9.899599075317383,526.0,0.0,0.0,0.0,BOK.KA,
2024-11-01 00:00:00+05:00,9.729474888096624,10.11832945957743,9.721373558044434,9.721373558044434,3112.0,0.0,0.0,0.0,BOK.KA,
2024-11-04 00:00:00+05:00,9.964408205241556,9.964408205241556,9.559350967407227,9.559350967407227,4424.0,0.0,0.0,0.0,BOK.KA,
2024-11-05 00:00:00+05:00,9.316316187441407,9.88339614868164,9.316316187441407,9.88339614868164,15771.0,0.0,0.0,0.0,BOK.KA,
2024-11-06 00:00:00+05:00,9.964408874511719,10.207443388053063,9.859093892890957,9.964408874511719,6604.0,0.0,0.0,0.0,BOK.KA,
2024-11-07 00:00:00+05:00,10.126430244070331,10.523386124217412,9.964407514682268,10.110227584838867,20017.0,0.0,0.0,0.0,BOK.KA,
2024-11-08 00:00:00+05:00,10.166936521952607,11.090466502308862,9.729474748998236,10.13453197479248,13505.0,0.0,0.0,0.0,BOK.KA,
2024-11-11 00:00:00+05:00,10.855532786108217,10.855532786108217,9.891496978044305,10.523386001586914,5711.0,0.0,0.0,0.0,BOK.KA,
2024-11-12 00:00:00+05:00,10.920342886252381,10.920342886252381,10.16693694060919,10.353262901306152,3856.0,0.0,0.0,0.0,BOK.KA,
2024-11-13 00:00:00+05:00,10.353262076097893,10.531487464904785,10.353262076097893,10.531487464904785,12718.0,0.0,0.0,0.0,BOK.KA,
2024-11-14 00:00:00+05:00,10.936544771734107,11.139073378618072,9.932003067010118,10.968949317932129,115468.0,0.0,0.0,0.0,BOK.KA,
2024-11-15 00:00:00+05:00,11.689952132245761,11.689952132245761,10.126430946828172,10.426173210144043,3543.0,0.0,0.0,0.0,BOK.KA,
2024-11-18 00:00:00+05:00,11.171478314353445,11.171478314353445,10.045418942683412,10.91224193572998,953.0,0.0,0.0,0.0,BOK.KA,
2024-11-19 00:00:00+05:00,10.936545153079594,10.936545153079594,10.531487925187756,10.91224193572998,58.0,0.0,0.0,0.0,BOK.KA,
2024-11-20 00:00:00+05:00,10.90414069268024,10.90414069268024,10.085924900395371,10.142633438110352,6757.0,0.0,0.0,0.0,BOK.KA,
2024-11-21 00:00:00+05:00,10.45047571383293,10.693510194463181,10.166936130252068,10.531487464904785,49534.0,0.0,0.0,0.0,BOK.KA,
2024-11-22 00:00:00+05:00,10.774523017188246,11.536030308146229,9.996813065370219,11.325400352478027,14901.0,0.0,0.0,0.0,BOK.KA,
2024-11-25 00:00:00+05:00,10.734017084962378,11.260591198964114,10.45047670198582,10.887938499450684,3599.0,0.0,0.0,0.0,BOK.KA,
2024-11-26 00:00:00+05:00,10.450476875790105,11.34160314632091,10.450476875790105,11.333501815795898,10203.0,0.0,0.0,0.0,BOK.KA,
2024-11-27 00:00:00+05:00,11.981593442200086,12.070705759203989,10.53958984634521,11.657547950744629,19088.0,0.0,0.0,0.0,BOK.KA,
2024-11-28 00:00:00+05:00,10.636803010782565,11.341602502133473,10.636803010782565,10.83933162689209,8545.0,0.0,0.0,0.0,BOK.KA,
2024-11-29 00:00:00+05:00,10.944647349765287,11.730457877842387,10.774523269675162,11.34160327911377,28134.0,0.0,0.0,0.0,BOK.KA,
2024-12-02 00:00:00+05:00,11.34160256814458,12.459560628286217,11.025657647044108,12.313739776611328,10381.0,0.0,0.0,0.0,BOK.KA,
2024-12-03 00:00:00+05:00,12.265132427274931,12.273232984198042,11.309197177670477,11.544130325317383,10873.0,0.0,0.0,0.0,BOK.KA,
2024-12-04 00:00:00+05:00,12.143616276017575,12.143616276017575,11.34160309940847,11.673749923706055,11708.0,0.0,0.0,0.0,BOK.KA,
2024-12-05 00:00:00+05:00,12.589179599454713,12.597280930068493,11.463120139457956,12.11931324005127,34458.0,0.0,0.0,0.0,BOK.KA,
2024-12-06 00:00:00+05:00,12.743101106730336,12.751202437400405,11.487424211115544,12.135515213012695,24362.0,0.0,0.0,0.0,BOK.KA,
2024-12-09 00:00:00+05:00,12.13551439253391,12.15171705277859,12.13551439253391,12.14361572265625,3833.0,0.0,0.0,0.0,BOK.KA,
2024-12-10 00:00:00+05:00,11.098568194682882,12.151717170656887,11.098568194682882,12.07070541381836,10825.0,0.0,0.0,0.0,BOK.KA,
2024-12-11 00:00:00+05:00,11.260590949968536,12.313739927270035,11.179579965613266,12.151717185974121,19886.0,0.0,0.0,0.0,BOK.KA,
2024-12-12 00:00:00+05:00,12.086908089455756,12.086908089455756,12.070705429033477,12.151717185974121,229.0,0.0,0.0,0.0,BOK.KA,
2024-12-13 00:00:00+05:00,11.341603111383769,12.79980938022162,11.252490793639355,11.754761695861816,8265.0,0.0,0.0,0.0,BOK.KA,
2024-12-16 00:00:00+05:00,12.15171680940541,12.15171680940541,10.76642106222978,11.252490043640137,246666.0,0.0,0.0,0.0,BOK.KA,
2024-12-17 00:00:00+05:00,11.325400302501262,11.657547895397904,10.418072158148323,11.220086097717285,7762.0,0.0,0.0,0.0,BOK.KA,
2024-12-18 00:00:00+05:00,10.555791978451257,11.560334570337675,10.555791978451257,11.34160327911377,6731.0,0.0,0.0,0.0,BOK.KA,
2024-12-19 00:00:00+05:00,10.936545371865641,11.341602607860665,10.547690796151393,11.187681198120117,17545.0,0.0,0.0,0.0,BOK.KA,
2024-12-20 00:00:00+05:00,11.649446199927127,11.649446199927127,11.576535773834363,11.187681198120117,103.0,0.0,0.0,0.0,BOK.KA,
2024-12-23 00:00:00+05:00,11.341603411717056,11.746660676421236,11.195782549196217,11.34970474243164,1066.0,0.0,0.0,0.0,BOK.KA,
2024-12-24 00:00:00+05:00,11.34160298314588,12.111211602485128,10.369465739107596,11.746660232543945,19263.0,0.0,0.0,0.0,BOK.KA,
2024-12-26 00:00:00+05:00,11.738558550859478,11.819570307348974,11.179579903355137,11.714255332946777,7401.0,0.0,0.0,0.0,BOK.KA,
2024-12-27 00:00:00+05:00,10.977050756017873,12.05450289347275,10.977050756017873,11.487422943115234,1804.0,0.0,0.0,0.0,BOK.KA,
2024-12-30 00:00:00+05:00,11.260590401856442,12.297537440847375,11.260590401856442,12.013997077941895,16516.0,0.0,0.0,0.0,BOK.KA,
2024-12-31 00:00:00+05:00,11.284894876872395,12.556774354594307,11.284894876872395,11.965391159057617,9096.0,0.0,0.0,0.0,BOK.KA,
2025-01-01 00:00:00+05:00,11.965391159057617,11.965391159057617,11.965391159057617,11.965391159057617,0.0,0.0,0.0,0.0,BOK.KA,
2025-01-02 00:00:00+05:00,12.151716815967616,12.151716815967616,11.365905578877811,12.038300514221191,296.0,0.0,0.0,0.0,BOK.KA,
2025-01-03 00:00:00+05:00,11.746660582128314,12.135515182281909,11.301097440013262,11.779065132141113,1285.0,0.0,0.0,0.0,BOK.KA,
2025-01-06 00:00:00+05:00,12.143616151533557,12.143616151533557,11.34160298314588,11.746660232543945,14599.0,0.0,0.0,0.0,BOK.KA,
2025-01-07 00:00:00+05:00,11.746660161589313,11.746660161589313,10.571994299947459,11.22818660736084,107323.0,0.0,0.0,0.0,BOK.KA,
2025-01-08 00:00:00+05:00,11.746660161589313,11.746660161589313,11.074265193456894,11.22818660736084,703.0,0.0,0.0,0.0,BOK.KA,
2025-01-09 00:00:00+05:00,11.333500891070313,11.333500891070313,10.86363457515272,11.244388580322266,587.0,0.0,0.0,0.0,BOK.KA,
2025-01-10 00:00:00+05:00,11.738559022467271,11.738559022467271,11.33350176891697,11.673749923706055,1361.0,0.0,0.0,0.0,BOK.KA,
2025-01-13 00:00:00+05:00,11.025658136949096,11.851975303042213,11.017557579062506,11.066164016723633,3242.0,0.0,0.0,0.0,BOK.KA,
2025-01-14 00:00:00+05:00,11.868176688831856,11.868176688831856,10.855533600276736,11.357805252075195,3220.0,0.0,0.0,0.0,BOK.KA,
2025-01-15 00:00:00+05:00,11.673749884834239,11.673749884834239,11.05806267606743,11.317299842834473,11817.0,0.0,0.0,0.0,BOK.KA,
2025-01-16 00:00:00+05:00,11.576536136625965,11.576536136625965,10.904141165609186,11.220086097717285,25178.0,0.0,0.0,0.0,BOK.KA,
2025-01-17 00:00:00+05:00,11.341602928408639,11.422614686931427,11.033759327641587,11.309198379516602,7114.0,0.0,0.0,0.0,BOK.KA,
2025-01-20 00:00:00+05:00,11.066163431943988,11.698052496244902,10.944646571627205,11.179579734802246,22322.0,0.0,0.0,0.0,BOK.KA,
2025-01-21 00:00:00+05:00,11.033758782456024,11.422614122532256,11.02565745248696,11.082365989685059,4378.0,0.0,0.0,0.0,BOK.KA,
2025-01-22 00:00:00+05:00,10.960848429047195,11.706153794160853,10.952747871610903,11.268692016601562,5780.0,0.0,0.0,0.0,BOK.KA,
2025-01-23 00:00:00+05:00,11.333501598039282,11.341602928408639,11.187681514317806,11.309198379516602,2710.0,0.0,0.0,0.0,BOK.KA,
2025-01-24 00:00:00+05:00,11.827671426729484,11.827671426729484,11.017556966613364,11.268692016601562,1645.0,0.0,0.0,0.0,BOK.KA,
2025-01-27 00:00:00+05:00,10.952747788385045,11.463119214504966,10.952747788385045,11.252490043640137,4768.0,0.0,0.0,0.0,BOK.KA,
2025-01-28 00:00:00+05:00,11.430714522923113,11.430714522923113,10.985152196938966,10.993252754211426,511.0,0.0,0.0,0.0,BOK.KA,
2025-01-29 00:00:00+05:00,10.928444010160812,11.698052601811437,10.928444010160812,11.025657653808594,4928.0,0.0,0.0,0.0,BOK.KA,
2025-01-30 00:00:00+05:00,11.03375941026579,11.34160301333807,11.01755752199114,11.325400352478027,2161.0,0.0,0.0,0.0,BOK.KA,
2025-01-31 00:00:00+05:00,11.34970439210718,11.422614821117117,11.066164006531954,11.317299842834473,6453.0,0.0,0.0,0.0,BOK.KA,
2025-02-03 00:00:00+05:00,11.31729909017858,11.349703637296223,11.03375872346018,11.260590553283691,4889.0,0.0,0.0,0.0,BOK.KA,
2025-02-04 00:00:00+05:00,11.001354483860636,11.260590868048164,11.001354483860636,11.017557144165039,2220.0,0.0,0.0,0.0,BOK.KA,
2025-02-06 00:00:00+05:00,11.382108088947003,11.382108088947003,10.985152196938966,10.993252754211426,5258.0,0.0,0.0,0.0,BOK.KA,
2025-02-07 00:00:00+05:00,11.325399552527756,11.333500882385554,11.284894448409442,10.993252754211426,1522.0,0.0,0.0,0.0,BOK.KA,
2025-02-10 00:00:00+05:00,10.612499892103768,11.317299390024866,10.612499892103768,11.187681198120117,10558.0,0.0,0.0,0.0,BOK.KA,
2025-02-11 00:00:00+05:00,10.620600656580335,12.111211437697303,10.555791559365282,11.211984634399414,16653.0,0.0,0.0,0.0,BOK.KA,
2025-02-12 00:00:00+05:00,11.762862062743844,11.762862062743844,11.001354055000414,11.50362491607666,23663.0,0.0,0.0,0.0,BOK.KA,
2025-02-13 00:00:00+05:00,11.414513709521739,11.422615040141604,11.155277310369327,11.34160327911377,5749.0,0.0,0.0,0.0,BOK.KA,
2025-02-14 00:00:00+05:00,11.34160327911377,11.34160327911377,11.34160327911377,11.34160327911377,0.0,0.0,0.0,0.0,BOK.KA,
2025-02-17 00:00:00+05:00,11.333500972546474,12.435257119240914,11.114770472743244,11.68185043334961,21080.0,0.0,0.0,0.0,BOK.KA,
2025-02-18 00:00:00+05:00,11.147175324566888,12.054503440856934,11.147175324566888,12.054503440856934,15973.0,0.0,0.0,0.0,BOK.KA,
2025-02-19 00:00:00+05:00,11.770962639262406,11.981592579841347,11.430714511430372,11.584636688232422,10197.0,0.0,0.0,0.0,BOK.KA,
2025-02-20 00:00:00+05:00,12.694494257942253,12.694494257942253,10.653005350135007,11.746660232543945,14451.0,0.0,0.0,0.0,BOK.KA,
2025-02-21 00:00:00+05:00,11.981593112209584,12.921325784134199,11.349704034981889,12.402853012084961,77306.0,0.0,0.0,0.0,BOK.KA,
2025-02-24 00:00:00+05:00,13.318282891428396,13.366889329068094,11.746660319484084,12.095009803771973,41500.0,0.0,0.0,0.0,BOK.KA,
2025-02-25 00:00:00+05:00,12.240829133109605,12.31373955765057,11.843873235703633,12.289436340332031,7648.0,0.0,0.0,0.0,BOK.KA,
2025-02-26 00:00:00+05:00,12.151717523446889,12.93752880628703,11.365906240606746,12.103110313415527,17698.0,0.0,0.0,0.0,BOK.KA,
2025-02-27 00:00:00+05:00,10.977051039216487,12.240829158607886,10.89603928453881,11.949188232421875,7038.0,0.0,0.0,0.0,BOK.KA,
2025-02-28 00:00:00+05:00,10.798825790215373,12.500066481038461,10.798825790215373,11.61704158782959,10360.0,0.0,0.0,0.0,BOK.KA,
2025-03-03 00:00:00+05:00,11.38210799096137,11.665647580275332,11.033758535928294,11.147174835205078,7171.0,0.0,0.0,0.0,BOK.KA,
2025-03-04 00:00:00+05:00,11.746659917087982,11.746659917087982,10.53958953171805,11.122871398925781,30070.0,0.0,0.0,0.0,BOK.KA,
2025-03-05 00:00:00+05:00,11.511726265882263,11.519827595732709,10.936544980451407,11.163376808166504,145608.0,0.0,0.0,0.0,BOK.KA,
2025-03-06 00:00:00+05:00,11.317299460580394,11.341602678567707,11.017557196785635,11.122871398925781,27342.0,0.0,0.0,0.0,BOK.KA,
2025-03-07 00:00:00+05:00,11.292994649460358,11.6251422098849,11.26059010363666,11.552231788635254,23751.0,0.0,0.0,0.0,BOK.KA,
2025-03-10 00:00:00+05:00,11.220085297943088,12.151716594486231,11.220085297943088,12.013997077941895,27328.0,0.0,0.0,0.0,BOK.KA,
2025-03-11 00:00:00+05:00,12.119312770378276,12.305638731761839,11.8276718328532,12.159818649291992,41513.0,0.0,0.0,0.0,BOK.KA,
2025-03-12 00:00:00+05:00,12.20842500110324,12.637786232986157,12.20842500110324,12.508167266845703,35241.0,0.0,0.0,0.0,BOK.KA,
2025-03-13 00:00:00+05:00,12.556773184259821,12.961830383752073,12.354244584513694,12.897021293640137,23375.0,0.0,0.0,0.0,BOK.KA,
2025-03-14 00:00:00+05:00,12.354245722976632,13.156258866457579,12.354245722976632,12.751201629638672,9728.0,0.0,0.0,0.0,BOK.KA,
2025-03-17 00:00:00+05:00,12.354245270056227,12.95372977314995,12.281334846488143,12.791707038879395,132124.0,0.0,0.0,0.0,BOK.KA,
2025-03-18 00:00:00+05:00,12.791707308382096,14.055486207489087,12.791707308382096,13.844856262207031,97810.0,0.0,0.0,0.0,BOK.KA,
2025-03-19 00:00:00+05:00,15.194255643363197,15.194255643363197,13.269110647627565,14.10573959350586,67423.0,1.7,0.0,0.0,BOK.KA,
2025-03-20 00:00:00+05:00,14.528552312741363,15.158273547635746,13.718911950628815,14.483572959899902,11835.0,0.0,0.0,0.0,BOK.KA,
2025-03-21 00:00:00+05:00,14.47457659954476,14.48357281319239,13.494011618032854,13.997788429260254,17818.0,0.0,0.0,0.0,BOK.KA,
2025-03-24 00:00:00+05:00,14.429597308191546,14.429597308191546,13.503007888793945,13.503007888793945,6234.0,0.0,0.0,0.0,BOK.KA,
2025-03-25 00:00:00+05:00,13.368067348167653,13.898831948265073,13.368067348167653,13.76389217376709,1625.0,0.0,0.0,0.0,BOK.KA,
2025-03-26 00:00:00+05:00,13.485014943491265,13.75489533821312,13.233126975449727,13.332082748413086,19968.0,0.0,0.0,0.0,BOK.KA,
2025-03-27 00:00:00+05:00,13.332083286106721,13.494011701055761,12.252562521607492,13.16115951538086,11100.0,0.0,0.0,0.0,BOK.KA,
2025-03-28 00:00:00+05:00,13.16115951538086,13.16115951538086,13.16115951538086,13.16115951538086,0.0,0.0,0.0,0.0,BOK.KA,
2025-03-31 00:00:00+05:00,13.16115951538086,13.16115951538086,13.16115951538086,13.16115951538086,0.0,0.0,0.0,0.0,BOK.KA,
2025-04-03 00:00:00+05:00,13.188147749044456,13.745900148788664,13.044211756584813,13.17915153503418,14812.0,0.0,0.0,0.0,BOK.KA,
2025-04-04 00:00:00+05:00,13.889835800015135,13.94381222482455,12.594411041777013,13.269111633300781,20158.0,0.0,0.0,0.0,BOK.KA,
2025-04-07 00:00:00+05:00,11.964690136292475,13.04421086377858,11.964690136292475,12.61240291595459,31588.0,0.0,0.0,0.0,BOK.KA,
2025-04-08 00:00:00+05:00,12.531438369756271,13.035214295155638,12.288545762279854,12.585413932800293,7752.0,0.0,0.0,0.0,BOK.KA,
2025-04-09 00:00:00+05:00,12.558426151278283,12.585413932800293,12.558426151278283,12.585413932800293,83.0,0.0,0.0,0.0,BOK.KA,
2025-04-10 00:00:00+05:00,13.026218917854735,13.044211345307993,12.279550337067748,13.008227348327637,6352.0,0.0,0.0,0.0,BOK.KA,
2025-04-11 00:00:00+05:00,13.008227244626347,13.008227244626347,12.342522876833682,12.558426856994629,7987.0,0.0,0.0,0.0,BOK.KA,
2025-04-14 00:00:00+05:00,12.36951079176925,12.945255602930473,12.36951079176925,12.855295181274414,9929.0,0.0,0.0,0.0,BOK.KA,
2025-04-15 00:00:00+05:00,12.98123972140795,12.98123972140795,11.87473029956548,12.774331092834473,8575.0,0.0,0.0,0.0,BOK.KA,
2025-04-16 00:00:00+05:00,12.738347059516636,12.945255687506924,12.45947129482794,12.927263259887695,12558.0,0.0,0.0,0.0,BOK.KA,
2025-04-17 00:00:00+05:00,12.531438925077845,13.035214872801674,12.513446497981779,12.792323112487793,4753.0,0.0,0.0,0.0,BOK.KA,
2025-04-18 00:00:00+05:00,13.008227288639644,13.008227288639644,12.288546494408624,12.59441089630127,8605.0,0.0,0.0,0.0,BOK.KA,
2025-04-21 00:00:00+05:00,13.386059590070024,13.485015366134826,12.819311000769094,13.2421236038208,18178.0,0.0,0.0,0.0,BOK.KA,
2025-04-22 00:00:00+05:00,13.278106917741786,13.314090912454118,13.04421052314858,13.116178512573242,14996.0,0.0,0.0,0.0,BOK.KA,
2025-04-23 00:00:00+05:00,13.116179460258754,13.314091874439429,12.864291479072731,12.927263259887695,33312.0,0.0,0.0,0.0,BOK.KA,
2025-04-24 00:00:00+05:00,12.639391480968815,13.044211671605828,11.964690877265065,12.918267250061035,2144.0,0.0,0.0,0.0,BOK.KA,
2025-04-25 00:00:00+05:00,13.017223390736403,13.044211173634947,12.144610403039433,12.864291191101074,21983.0,0.0,0.0,0.0,BOK.KA,
2025-04-28 00:00:00+05:00,12.59441089630127,12.98123950550975,12.522442902670782,12.59441089630127,2108.0,0.0,0.0,0.0,BOK.KA,
2025-04-29 00:00:00+05:00,12.585415093063869,12.855295506942877,11.712802927354199,12.765335083007812,3469.0,0.0,0.0,0.0,BOK.KA,
2025-04-30 00:00:00+05:00,12.603406862931164,12.756339060879666,12.459470878491665,12.567422866821289,7085.0,0.0,0.0,0.0,BOK.KA,
2025-05-02 00:00:00+05:00,12.585414459832235,13.044211054549706,12.585414459832235,12.945255279541016,35256.0,0.0,0.0,0.0,BOK.KA,
2025-05-05 00:00:00+05:00,12.94525457479689,13.404050286611222,11.802761256963993,12.630393981933594,5257.0,0.0,0.0,0.0,BOK.KA,
2025-05-06 00:00:00+05:00,13.044211042337757,13.305095228867467,12.666378653856642,12.756339073181152,3115.0,0.0,0.0,0.0,BOK.KA,
2025-05-07 00:00:00+05:00,12.279550144849871,13.017223358289224,12.279550144849871,12.297542572021484,4728.0,0.0,0.0,0.0,BOK.KA,
2025-05-08 00:00:00+05:00,12.306539277108312,12.810315247067331,12.306539277108312,12.351518630981445,2646.0,0.0,0.0,0.0,BOK.KA,
2025-05-09 00:00:00+05:00,11.955693691546733,13.215134372921757,11.955693691546733,13.188146591186523,756.0,0.0,0.0,0.0,BOK.KA,
2025-05-12 00:00:00+05:00,12.603407142456204,13.359071935449249,12.603407142456204,13.350075721740723,16982.0,0.0,0.0,0.0,BOK.KA,
2025-05-13 00:00:00+05:00,13.314091682434082,13.476019239041104,12.855295079874175,13.314091682434082,14812.0,0.0,0.0,0.0,BOK.KA,
2025-05-14 00:00:00+05:00,13.853851186548514,13.853851186548514,12.657382259434149,13.215134620666504,9759.0,0.0,0.0,0.0,BOK.KA,
2025-05-15 00:00:00+05:00,13.044211035657991,13.943811796737853,12.819310845388026,13.287103652954102,61146.0,0.0,0.0,0.0,BOK.KA,
2025-05-16 00:00:00+05:00,13.476018713902599,13.49401114056122,13.04421076920918,13.143166542053223,9626.0,0.0,0.0,0.0,BOK.KA,
2025-05-19 00:00:00+05:00,13.044210870325765,13.494011245164584,13.044210870325765,13.404050827026367,10666.0,0.0,0.0,0.0,BOK.KA,
2025-05-20 00:00:00+05:00,12.819311395882735,13.94381239552157,12.774331184311945,13.22413158416748,24015.0,0.0,0.0,0.0,BOK.KA,
2025-05-21 00:00:00+05:00,12.819310504817285,13.84485565405607,12.819310504817285,13.60196304321289,5343.0,0.0,0.0,0.0,BOK.KA,
2025-05-22 00:00:00+05:00,13.853851722332347,13.943812143850232,12.360514559033346,13.386059761047363,9540.0,0.0,0.0,0.0,BOK.KA,
2025-05-23 00:00:00+05:00,13.107182960928556,13.943811952622259,13.107182960928556,13.77288818359375,515.0,0.0,0.0,0.0,BOK.KA,
2025-05-26 00:00:00+05:00,13.089191811385705,13.538992211378847,13.089191811385705,13.413047790527344,23436.0,0.0,0.0,0.0,BOK.KA,
2025-05-27 00:00:00+05:00,12.324530677871554,13.907828277572662,12.324530677871554,13.494011878967285,2273.0,0.0,0.0,0.0,BOK.KA,
2025-05-28 00:00:00+05:00,13.494011878967285,13.494011878967285,13.494011878967285,13.494011878967285,0.0,0.0,0.0,0.0,BOK.KA,
2025-05-29 00:00:00+05:00,13.503007458563632,13.835859632993222,13.404050827026367,13.404050827026367,10484.0,0.0,0.0,0.0,BOK.KA,
2025-05-30 00:00:00+05:00,13.826864019342622,13.826864019342622,13.269111633300781,13.269111633300781,5226.0,0.0,0.0,0.0,BOK.KA,
2025-06-02 00:00:00+05:00,13.718911606467886,13.72790781998096,13.269111225927956,13.287103652954102,1894.0,0.0,0.0,0.0,BOK.KA,
2025-06-03 00:00:00+05:00,13.64694408795186,13.682928085327148,13.64694408795186,13.682928085327148,24705.0,0.0,0.0,0.0,BOK.KA,
2025-06-04 00:00:00+05:00,13.943812159073122,14.393612551301288,13.494011766844958,13.76389217376709,48009.0,0.0,0.0,0.0,BOK.KA,
2025-06-05 00:00:00+05:00,13.862848053627744,14.55554107458155,13.808872486600224,14.402608871459961,14088.0,0.0,0.0,0.0,BOK.KA,
2025-06-06 00:00:00+05:00,14.402608871459961,14.402608871459961,14.402608871459961,14.402608871459961,0.0,0.0,0.0,0.0,BOK.KA,
2025-06-09 00:00:00+05:00,14.402608871459961,14.402608871459961,14.402608871459961,14.402608871459961,0.0,0.0,0.0,0.0,BOK.KA,
2025-06-10 00:00:00+05:00,13.871843741192784,14.39361211160435,13.853851314248733,14.384615898132324,3863.0,0.0,0.0,0.0,BOK.KA,
2025-06-11 00:00:00+05:00,14.771444936130823,14.771444936130823,14.087748134656223,14.483572959899902,5504.0,0.0,0.0,0.0,BOK.KA,
2025-06-12 00:00:00+05:00,15.194256768257569,15.194256768257569,13.94381222135109,14.36662483215332,7589.0,0.0,0.0,0.0,BOK.KA,
2025-06-13 00:00:00+05:00,14.006783281914734,14.978352014884187,13.323087369847203,14.015779495239258,8509.0,0.0,0.0,0.0,BOK.KA,
2025-06-16 00:00:00+05:00,14.015779495239258,14.015779495239258,14.015779495239258,14.015779495239258,0.0,0.0,0.0,0.0,BOK.KA,
2025-06-17 00:00:00+05:00,14.051763827894346,14.843412603005792,14.042767614353886,14.834416389465332,9085.0,0.0,0.0,0.0,BOK.KA,
2025-06-18 00:00:00+05:00,15.293212447989642,15.293212447989642,14.411604142204185,14.663491249084473,6571.0,0.0,0.0,0.0,BOK.KA,
2025-06-19 00:00:00+05:00,14.6814836755337,14.6814836755337,14.663491249084473,14.663491249084473,50.0,0.0,0.0,0.0,BOK.KA,
2025-06-20 00:00:00+05:00,14.663491947029483,14.924376995404078,14.393612400854387,14.447587966918945,1928.0,0.0,0.0,0.0,BOK.KA,
2025-06-23 00:00:00+05:00,14.456584250648115,14.91538085405158,14.393612470625499,14.789437294006348,31881.0,0.0,0.0,0.0,BOK.KA,
2025-06-24 00:00:00+05:00,14.483572441873548,14.93337281760967,14.393612023555871,14.843412399291992,18992.0,0.0,0.0,0.0,BOK.KA,
2025-06-25 00:00:00+05:00,14.834416839384799,15.275221021122947,14.393612657646651,14.402608871459961,3524.0,0.0,0.0,0.0,BOK.KA,
2025-06-26 00:00:00+05:00,14.843412318801871,15.149276709912028,14.447587509861856,15.032327651977539,1101.0,0.0,0.0,0.0,BOK.KA,
2025-06-27 00:00:00+05:00,15.473134735466296,16.19281470257303,14.852409691428994,15.51811408996582,11119.0,0.0,0.0,0.0,BOK.KA,
2025-06-30 00:00:00+05:00,16.183818074130777,16.552654262310813,14.888392450654456,15.913938522338867,21453.0,0.0,0.0,0.0,BOK.KA,
2025-07-01 00:00:00+05:00,16.156827459905273,16.64261265284045,15.743011968903131,16.21980094909668,33055.0,0.0,0.0,0.0,BOK.KA,
2025-07-02 00:00:00+05:00,16.21980101016657,17.83908156100972,15.293211684515617,16.174819946289062,200944.0,0.0,0.0,0.0,BOK.KA,
2025-07-03 00:00:00+05:00,16.192813873291016,17.092414644029404,15.7700021287508,16.192813873291016,29463.0,0.0,0.0,0.0,BOK.KA,
2025-07-04 00:00:00+05:00,14.84341199382527,16.54365681859073,14.84341199382527,15.805984497070312,12291.0,0.0,0.0,0.0,BOK.KA,
2025-07-07 00:00:00+05:00,16.192812371840066,16.64261271550229,15.877951788106081,16.174819946289062,155312.0,0.0,0.0,0.0,BOK.KA,
2025-07-08 00:00:00+05:00,16.192814690238496,16.642615098300674,15.976910700270935,16.156829833984375,91684.0,0.0,0.0,0.0,BOK.KA,
2025-07-09 00:00:00+05:00,16.156829018852374,16.192813873291016,16.012893032802417,16.192813873291016,14181.0,0.0,0.0,0.0,BOK.KA,
2025-07-10 00:00:00+05:00,16.18381922644653,16.192815440927117,15.967915226469797,16.16582679748535,19698.0,0.0,0.0,0.0,BOK.KA,
2025-07-11 00:00:00+05:00,15.976909894216078,16.327753645731313,15.976909894216078,16.192813873291016,10551.0,0.0,0.0,0.0,BOK.KA,
2025-07-14 00:00:00+05:00,16.192814622765948,16.64261502895389,16.05787484408004,16.201810836791992,52145.0,0.0,0.0,0.0,BOK.KA,
2025-07-15 00:00:00+05:00,16.201810410857018,16.543657955597862,14.663492169892395,16.102853775024414,22845.0,0.0,0.0,0.0,BOK.KA,
2025-07-16 00:00:00+05:00,16.183818962831662,16.183818962831662,15.796990325729647,15.841971397399902,5516.0,0.0,0.0,0.0,BOK.KA,
2025-07-17 00:00:00+05:00,16.07586669921875,16.18381783197935,15.850966504139794,16.07586669921875,8945.0,0.0,0.0,0.0,BOK.KA,
2025-07-18 00:00:00+05:00,16.012893609896043,16.444703299460343,15.96791425607902,16.05787467956543,4467.0,0.0,0.0,0.0,BOK.KA,
2025-07-21 00:00:00+05:00,16.192815111521316,16.291771752942278,15.976911115936657,16.255786895751953,7549.0,0.0,0.0,0.0,BOK.KA,
2025-07-22 00:00:00+05:00,16.021889246412076,17.092414644029404,16.021889246412076,16.192813873291016,60783.0,0.0,0.0,0.0,BOK.KA,
2025-07-23 00:00:00+05:00,16.192814622765948,16.57964324662396,16.102854198357882,16.201810836791992,109780.0,0.0,0.0,0.0,BOK.KA,
2025-07-24 00:00:00+05:00,16.282774379218296,16.50767457308636,16.02188933072223,16.264781951904297,43488.0,0.0,0.0,0.0,BOK.KA,
2025-07-25 00:00:00+05:00,16.993457854171474,16.993457854171474,16.192813724637148,16.42671012878418,818.0,0.0,0.0,0.0,BOK.KA,
2025-07-28 00:00:00+05:00,16.46269341817161,16.46269341817161,16.192813873291016,16.192813873291016,1174.0,0.0,0.0,0.0,BOK.KA,
2025-07-29 00:00:00+05:00,16.642614885474135,16.642614885474135,14.753452852601193,15.149277687072754,12540.0,0.0,0.0,0.0,BOK.KA,
2025-07-30 00:00:00+05:00,16.192813345691906,16.192813345691906,15.671044984298145,15.761005401611328,6214.0,0.0,0.0,0.0,BOK.KA,
2025-07-31 00:00:00+05:00,16.19281408049959,16.55265405022912,15.653053267979141,15.922934532165527,30819.0,0.0,0.0,0.0,BOK.KA,
2025-08-01 00:00:00+05:00,15.922935610553926,16.28277560465379,15.787994111395594,15.841971397399902,7424.0,0.0,0.0,0.0,BOK.KA,
2025-08-04 00:00:00+05:00,15.886949558906954,16.183817746203655,15.877953345249198,16.00389862060547,14836.0,0.0,0.0,0.0,BOK.KA,
2025-08-05 00:00:00+05:00,15.922934532165527,16.64261447162458,15.904942104715971,15.922934532165527,30406.0,0.0,0.0,0.0,BOK.KA,
2025-08-06 00:00:00+05:00,15.823977962637825,16.63361832684841,15.823977962637825,15.87795352935791,7918.0,0.0,0.0,0.0,BOK.KA,
2025-08-07 00:00:00+05:00,16.73257485422857,17.038439256752653,15.311205690202886,16.336750030517578,27379.0,0.0,0.0,0.0,BOK.KA,
2025-08-08 00:00:00+05:00,16.993459655322393,16.993459655322393,14.861406583144369,16.16582679748535,16450.0,0.0,0.0,0.0,BOK.KA,
2025-08-11 00:00:00+05:00,15.077309844744565,16.633618840767987,15.077309844744565,15.931929588317871,6827.0,0.0,0.0,0.0,BOK.KA,
2025-08-12 00:00:00+05:00,15.931928976713847,16.1568291715236,15.931928976713847,15.958917617797852,6140.0,0.0,0.0,0.0,BOK.KA,
2025-08-13 00:00:00+05:00,16.273778079925656,16.273778079925656,15.85096633538544,16.192813873291016,207532.0,0.0,0.0,0.0,BOK.KA,
2025-08-15 00:00:00+05:00,16.192814147621007,16.192814147621007,15.868957315595841,15.87795352935791,8778.0,0.0,0.0,0.0,BOK.KA,
2025-08-18 00:00:00+05:00,16.183817933858936,16.183817933858936,15.725021327107395,15.87795352935791,5353.0,0.0,0.0,0.0,BOK.KA,
2025-08-19 00:00:00+05:00,16.156828870528855,16.957474715915467,15.832973762815666,16.42671012878418,58045.0,0.0,0.0,0.0,BOK.KA,
2025-08-20 00:00:00+05:00,15.85096633538544,16.64261425866021,15.85096633538544,16.192813873291016,81049.0,0.0,0.0,0.0,BOK.KA,
2025-08-21 00:00:00+05:00,15.967914322752977,16.147835170477055,15.967914322752977,16.012893676757812,6045.0,0.0,0.0,0.0,BOK.KA,
2025-08-22 00:00:00+05:00,16.615624993736684,16.642613633551953,15.94092444102512,15.949920654296875,6269.0,0.0,0.0,0.0,BOK.KA,
2025-08-25 00:00:00+05:00,16.030885750525602,17.54221534729004,16.030885750525602,17.54221534729004,603829.0,0.0,0.0,0.0,BOK.KA,
2025-08-26 00:00:00+05:00,19.28744200308792,19.296438217163086,16.642615119823283,19.296438217163086,618387.0,0.0,0.0,0.0,BOK.KA,
2025-08-27 00:00:00+05:00,21.230579376220703,21.230579376220703,21.22158316225357,21.230579376220703,256316.0,0.0,0.0,0.0,BOK.KA,
2025-08-28 00:00:00+05:00,23.299660220764068,23.353635787963867,22.75989940120901,23.353635787963867,664384.0,0.0,0.0,0.0,BOK.KA,
2025-08-29 00:00:00+05:00,24.685046886061897,25.41372306701371,21.59041959675501,23.21869659423828,497257.0,0.0,0.0,0.0,BOK.KA,
2025-09-01 00:00:00+05:00,23.209699515701573,23.209699515701573,20.960697558139316,22.38206672668457,224878.0,0.0,0.0,0.0,BOK.KA,
2025-09-02 00:00:00+05:00,22.382066722014944,24.289221136604866,22.382066722014944,23.938377380371094,187281.0,0.0,0.0,0.0,BOK.KA,
2025-09-03 00:00:00+05:00,24.289219874545985,25.17982439737707,24.289219874545985,25.080867767333984,276091.0,0.0,0.0,0.0,BOK.KA,
2025-09-04 00:00:00+05:00,25.67033765934737,25.67033765934737,23.67375547871455,23.816368103027344,191391.0,1.5,0.0,0.0,BOK.KA,
2025-09-05 00:00:00+05:00,24.23469992829904,24.700568799409783,21.962400259525566,24.301252365112305,131563.0,0.0,0.0,0.0,BOK.KA,
2025-09-08 00:00:00+05:00,24.301250836307137,25.19495933559073,24.301250836307137,24.7005672454834,125368.0,0.0,0.0,0.0,BOK.KA,
2025-09-09 00:00:00+05:00,24.70056739642888,25.175943990571476,24.70056739642888,24.947763442993164,44004.0,0.0,0.0,0.0,BOK.KA,
2025-09-10 00:00:00+05:00,23.768830818911766,25.337573290276367,23.768830818911766,24.5389404296875,53387.0,0.0,0.0,0.0,BOK.KA,
2025-09-11 00:00:00+05:00,24.2632232348063,24.71958435694499,24.244207734696047,24.643524169921875,42701.0,0.0,0.0,0.0,BOK.KA,
2025-09-12 00:00:00+05:00,24.824166875508435,24.824166875508435,24.33928252114764,24.37731170654297,10711.0,0.0,0.0,0.0,BOK.KA,
2025-09-15 00:00:00+05:00,23.83538259305146,24.52943199846679,23.83538259305146,24.472387313842773,38401.0,0.0,0.0,0.0,BOK.KA,
2025-09-16 00:00:00+05:00,24.595986796176966,24.595986796176966,24.24420730405737,24.339282989501953,64903.0,0.0,0.0,0.0,BOK.KA,
2025-09-17 00:00:00+05:00,23.977995985683627,25.290036468332833,23.977995985683627,25.175945281982422,108951.0,0.0,0.0,0.0,BOK.KA,
2025-09-18 00:00:00+05:00,25.175944640994768,27.6954402923584,25.175944640994768,27.6954402923584,432957.0,0.0,0.0,0.0,BOK.KA,
2025-09-19 00:00:00+05:00,30.024785983343534,30.462133398319057,29.47334919988245,30.414594650268555,324357.0,0.0,0.0,0.0,BOK.KA,
2025-09-22 00:00:00+05:00,30.41459663910581,33.45700598998881,30.329028700437362,32.90557098388672,214517.0,0.0,0.0,0.0,BOK.KA,
2025-09-23 00:00:00+05:00,32.90557098388672,32.90557098388672,32.90557098388672,32.90557098388672,0.0,0.0,0.0,0.0,BOK.KA,
2025-09-24 00:00:00+05:00,32.70591143796381,32.70591143796381,30.528685745698972,30.899478912353516,48554.0,0.0,0.0,0.0,BOK.KA,
2025-09-25 00:00:00+05:00,31.850233554325392,32.087921864432296,30.718838503877404,30.73785400390625,40534.0,0.0,0.0,0.0,BOK.KA,
2025-09-26 00:00:00+05:00,31.37485502167902,33.28586732264637,31.13716672606024,32.93408966064453,174844.0,0.0,0.0,0.0,BOK.KA,
2025-09-29 00:00:00+05:00,32.95310625078378,34.17957876723288,32.32560927464355,32.66788101196289,55591.0,0.0,0.0,0.0,BOK.KA,
2025-09-30 00:00:00+05:00,32.66788023652964,33.457003499430655,32.30659300828664,33.038673400878906,122988.0,0.0,0.0,0.0,BOK.KA,
2025-10-01 00:00:00+05:00,33.40946833410354,33.87533901835906,30.566718172358453,32.106937408447266,132232.0,0.0,0.0,0.0,BOK.KA,
2025-10-02 00:00:00+05:00,33.257346652036574,34.22711535566743,31.774170347630154,33.82780075073242,294423.0,0.0,0.0,0.0,BOK.KA,
2025-10-03 00:00:00+05:00,36.166654536829746,36.166654536829746,31.75516003268484,34.06549072265625,143818.0,0.0,0.0,0.0,BOK.KA,
2025-10-06 00:00:00+05:00,34.70249053314849,34.88313232889314,32.99113556099046,33.98942565917969,124993.0,0.0,0.0,0.0,BOK.KA,
2025-10-07 00:00:00+05:00,33.98942565917969,33.98942565917969,33.98942565917969,33.98942565917969,0.0,0.0,0.0,0.0,BOK.KA,
2025-10-08 00:00:00+05:00,34.417267636028136,34.70249287953387,33.87533858531652,34.04647445678711,32812.0,0.0,0.0,0.0,BOK.KA,
2025-10-09 00:00:00+05:00,34.09401261221732,35.177870752403024,33.41897866551722,33.88484573364258,47139.0,0.0,0.0,0.0,BOK.KA,
2025-10-10 00:00:00+05:00,34.70249052878278,34.70249052878278,32.80098419843852,33.209808349609375,17656.0,0.0,0.0,0.0,BOK.KA,
2025-10-13 00:00:00+05:00,31.279781179182564,32.3256082300074,30.908984391178837,30.98504638671875,38176.0,0.0,0.0,0.0,BOK.KA,
2025-10-14 00:00:00+05:00,31.755160083024943,33.276363836232676,31.755160083024943,33.1907958984375,32603.0,0.0,0.0,0.0,BOK.KA,
2025-10-15 00:00:00+05:00,33.751738584614756,34.17957824978686,33.276361984831446,33.922874450683594,57486.0,0.0,0.0,0.0,BOK.KA,
2025-10-16 00:00:00+05:00,34.227114096149045,34.36972852228387,33.57109571496697,33.79927444458008,42657.0,0.0,0.0,0.0,BOK.KA,
2025-10-17 00:00:00+05:00,34.227115196609404,34.227115196609404,33.304883432113364,33.53306579589844,15617.0,0.0,0.0,0.0,BOK.KA,
2025-10-20 00:00:00+05:00,34.22711658333261,34.22711658333261,33.2763633449067,33.66617202758789,86419.0,0.0,0.0,0.0,BOK.KA,
2025-10-21 00:00:00+05:00,34.22711668590779,34.769045743287805,33.561588691647984,34.255638122558594,221289.0,0.0,0.0,0.0,BOK.KA,
2025-10-22 00:00:00+05:00,34.22711426347835,34.41726562364256,33.54257081762141,34.09400939941406,46746.0,0.0,0.0,0.0,BOK.KA,
2025-10-23 00:00:00+05:00,33.60912308534548,34.274651029248815,33.476018221931916,33.79927444458008,117976.0,0.0,0.0,0.0,BOK.KA,
2025-10-24 00:00:00+05:00,34.217611319186716,35.17787051305976,31.38436342138419,33.00064468383789,35633.0,0.0,0.0,0.0,BOK.KA,
2025-10-27 00:00:00+05:00,31.4223929626344,33.27636245325428,31.4223929626344,32.96261215209961,20494.0,0.0,0.0,0.0,BOK.KA,
2025-10-28 00:00:00+05:00,33.276363268793794,33.7327243869741,32.32561003254254,32.68689727783203,15874.0,0.0,0.0,0.0,BOK.KA,
2025-10-29 00:00:00+05:00,32.32560729980469,33.23832945900572,31.622048368648393,32.32560729980469,29370.0,0.0,0.0,0.0,BOK.KA,
2025-10-30 00:00:00+05:00,32.80098553346005,33.114735831617736,31.37485572765744,31.926294326782227,18491.0,0.0,0.0,0.0,BOK.KA,
2025-10-31 00:00:00+05:00,33.2763623481662,34.51234079573095,29.520886443506022,31.98333740234375,20025.0,0.0,0.0,0.0,BOK.KA,
2025-11-03 00:00:00+05:00,32.32560760938135,33.64715392841238,30.67129550650539,32.040382385253906,18598.0,0.0,0.0,0.0,BOK.KA,
2025-11-04 00:00:00+05:00,32.04988947392674,33.00064267310702,31.479439005152823,31.631559371948242,11286.0,0.0,0.0,0.0,BOK.KA,
2025-11-05 00:00:00+05:00,32.69640199508781,32.69640199508781,30.623759727205233,31.878753662109375,15440.0,0.0,0.0,0.0,BOK.KA,
2025-11-06 00:00:00+05:00,30.899479323297186,32.13545777086194,30.680806520229517,31.98333740234375,15000.0,0.0,0.0,0.0,BOK.KA,
2025-11-07 00:00:00+05:00,32.316103754653085,32.316103754653085,29.967742125329313,31.85023307800293,18231.0,0.0,0.0,0.0,BOK.KA,
2025-11-10 00:00:00+05:00,31.374856095838297,32.31610337452115,31.374856095838297,31.888263702392578,18253.0,0.0,0.0,0.0,BOK.KA,
2025-11-11 00:00:00+05:00,32.24004082008529,32.24004082008529,31.384361490594245,31.536481857299805,8494.0,0.0,0.0,0.0,BOK.KA,
2025-11-12 00:00:00+05:00,31.374856199297856,32.79148009016477,30.528686415428684,31.450918197631836,30249.0,0.0,0.0,0.0,BOK.KA,
2025-11-13 00:00:00+05:00,33.1717802887142,33.1717802887142,31.54599310280617,32.50625228881836,9403.0,0.0,0.0,0.0,BOK.KA,
2025-11-14 00:00:00+05:00,32.32560729980469,32.753446945316256,31.545990002132704,32.32560729980469,15231.0,0.0,0.0,0.0,BOK.KA,
2025-11-17 00:00:00+05:00,32.32560758955426,32.67738524486782,32.32560758955426,32.335113525390625,12488.0,0.0,0.0,0.0,BOK.KA,
2025-11-18 00:00:00+05:00,32.32560944733796,32.32560944733796,31.650575532260593,32.087921142578125,4224.0,0.0,0.0,0.0,BOK.KA,
2025-11-19 00:00:00+05:00,33.01015198335002,33.01015198335002,32.00235229427537,32.259056091308594,14356.0,0.0,0.0,0.0,BOK.KA,
2025-11-20 00:00:00+05:00,32.259057302811634,32.32560973859718,30.538192655184268,32.09742736816406,1364.0,0.0,0.0,0.0,BOK.KA,
2025-11-21 00:00:00+05:00,32.99113742603265,32.99113742603265,29.63497790999331,32.087921142578125,13728.0,0.0,0.0,0.0,BOK.KA,
2025-11-24 00:00:00+05:00,29.520887028223257,32.32560977848869,29.520887028223257,31.802696228027344,36708.0,0.0,0.0,0.0,BOK.KA,
2025-11-25 00:00:00+05:00,31.3843611258533,31.3843611258533,30.889972659932603,31.184703826904297,20966.0,0.0,0.0,0.0,BOK.KA,
2025-11-26 00:00:00+05:00,31.232241970363685,31.355840905047938,29.99626350402832,29.99626350402832,13066.0,0.0,0.0,0.0,BOK.KA,
2025-11-27 00:00:00+05:00,31.327319059946603,31.327319059946603,30.167398980749567,30.424102783203125,4443.0,0.0,0.0,0.0,BOK.KA,
2025-11-28 00:00:00+05:00,30.424102313701923,32.31610277214293,30.07232283279591,30.899478912353516,31971.0,0.0,0.0,0.0,BOK.KA,
2025-12-01 00:00:00+05:00,30.233952005401555,31.184705235928874,30.195922819157758,30.538192749023438,28191.0,0.0,0.0,0.0,BOK.KA,
2025-12-02 00:00:00+05:00,31.365350423191895,31.365350423191895,29.48285766341746,30.775880813598633,24059.0,0.0,0.0,0.0,BOK.KA,
2025-12-03 00:00:00+05:00,30.775880131743847,30.98504699676118,30.42410246253477,30.709327697753906,6212.0,0.0,0.0,0.0,BOK.KA,
2025-12-04 00:00:00+05:00,30.519176739322653,30.87095804006245,30.329027184444655,30.37656593322754,15008.0,0.0,0.0,0.0,BOK.KA,
2025-12-05 00:00:00+05:00,31.023077384488708,31.023077384488708,30.04380095292573,30.98504638671875,40813.0,0.0,0.0,0.0,BOK.KA,
2025-12-08 00:00:00+05:00,31.37485551100511,31.517469941334834,29.473349116398737,30.899478912353516,11399.0,0.0,0.0,0.0,BOK.KA,
2025-12-09 00:00:00+05:00,30.89948031389777,32.32561017453921,30.424103693683957,30.73785400390625,25512.0,0.0,0.0,0.0,BOK.KA,
2025-12-10 00:00:00+05:00,30.66179022256831,31.707617275549588,30.66179022256831,30.842432022094727,20838.0,0.0,0.0,0.0,BOK.KA,
2025-12-11 00:00:00+05:00,30.842432480743003,31.35584007882406,30.481148876317633,30.756864547729492,3559.0,0.0,0.0,0.0,BOK.KA,
2025-12-12 00:00:00+05:00,30.55720753587828,32.31610314741584,30.462133665778158,31.251256942749023,18559.0,0.0,0.0,0.0,BOK.KA,
2025-12-15 00:00:00+05:00,31.241751264653498,31.365350198273603,30.44311841797136,30.623760223388672,5947.0,0.0,0.0,0.0,BOK.KA,
2025-12-16 00:00:00+05:00,30.62376080553573,32.31610402879237,30.186415188210123,31.222736358642578,25760.0,0.0,0.0,0.0,BOK.KA,
2025-12-17 00:00:00+05:00,32.791478880094616,32.791478880094616,31.374855041503906,31.374855041503906,16362.0,0.0,0.0,0.0,BOK.KA,
2025-12-18 00:00:00+05:00,31.374855041503906,31.840725697018737,30.89947844996597,31.374855041503906,28655.0,0.0,0.0,0.0,BOK.KA,
2025-12-19 00:00:00+05:00,32.316103393298064,32.316103393298064,30.50016489661784,31.498455047607422,44749.0,0.0,0.0,0.0,BOK.KA,
2025-12-22 00:00:00+05:00,31.498454442168494,31.498454442168494,30.614253678529685,30.899478912353516,1659.0,0.0,0.0,0.0,BOK.KA,
2025-12-23 00:00:00+05:00,30.42410358106877,31.374856817977168,30.376566644590504,31.175199508666992,12564.0,0.0,0.0,0.0,BOK.KA,
2025-12-24 00:00:00+05:00,31.37485557803102,31.37485557803102,30.73785267535816,30.756864547729492,2617.0,0.0,0.0,0.0,BOK.KA,
2025-12-26 00:00:00+05:00,31.745650744663546,33.27636407228226,30.766376048266714,32.22102737426758,32631.0,0.0,0.0,0.0,BOK.KA,
2025-12-29 00:00:00+05:00,32.32560973859718,34.369730628683946,31.01356926898717,32.09742736816406,23052.0,0.0,0.0,0.0,BOK.KA,
2025-12-30 00:00:00+05:00,32.14496901204483,32.8009874554938,32.13545944842095,32.316104888916016,2052.0,0.0,0.0,0.0,BOK.KA,
2025-12-31 00:00:00+05:00,32.31610361948924,34.22711600036878,31.992847378856773,33.16227340698242,23933.0,0.0,0.0,0.0,BOK.KA,
2026-01-01 00:00:00+05:00,33.16227340698242,33.16227340698242,33.16227340698242,33.16227340698242,0.0,0.0,0.0,0.0,BOK.KA,
2026-01-02 00:00:00+05:00,32.57280344645915,35.17786884307861,32.57280344645915,34.227115631103516,47825.0,0.0,0.0,0.0,BOK.KA,
2026-01-05 00:00:00+05:00,34.22711544616026,35.26343658668687,33.761244779002055,34.711997985839844,20120.0,0.0,0.0,0.0,BOK.KA,
2026-01-06 00:00:00+05:00,35.20639073023997,35.20639073023997,34.41726744013765,34.53135681152344,12913.0,0.0,0.0,0.0,BOK.KA,
2026-01-07 00:00:00+05:00,34.531357261286914,35.073286315972574,34.24613201568958,34.9306755065918,29223.0,0.0,0.0,0.0,BOK.KA,
2026-01-08 00:00:00+05:00,35.27294397966608,35.27294397966608,32.32561036748285,34.16056442260742,33126.0,0.0,0.0,0.0,BOK.KA,
2026-01-09 00:00:00+05:00,35.17786961466033,35.17786961466033,33.94189113735023,34.15105438232422,8102.0,0.0,0.0,0.0,BOK.KA,
2026-01-12 00:00:00+05:00,35.08279568811778,37.56425857543945,34.32219020155685,37.56425857543945,104441.0,0.0,0.0,0.0,BOK.KA,
2026-01-13 00:00:00+05:00,39.456257288608626,41.319732666015625,39.456257288608626,41.319732666015625,308861.0,0.0,0.0,0.0,BOK.KA,
2026-01-14 00:00:00+05:00,42.78389400906033,43.63957333997579,38.26781630810396,38.5055046081543,162518.0,0.0,0.0,0.0,BOK.KA,
2026-01-15 00:00:00+05:00,38.980881500354485,38.980881500354485,34.654955132389595,34.80707550048828,359500.0,0.0,0.0,0.0,BOK.KA,
2026-01-16 00:00:00+05:00,36.08108474079912,36.60399827652521,34.70249187254987,35.681766510009766,103118.0,0.0,0.0,0.0,BOK.KA,
2026-01-19 00:00:00+05:00,35.681767686090424,37.07937609966525,35.177869633015746,36.394832611083984,41123.0,0.0,0.0,0.0,BOK.KA,
2026-01-20 00:00:00+05:00,36.3948332161564,37.17445059029715,35.97650309219955,36.604000091552734,21383.0,0.0,0.0,0.0,BOK.KA,
2026-01-21 00:00:00+05:00,35.653245498911275,37.18395875262491,35.19688439174549,36.375816345214844,44150.0,0.0,0.0,0.0,BOK.KA,
2026-01-22 00:00:00+05:00,36.98430240296987,36.98430240296987,36.18566953810523,36.29975891113281,6755.0,0.0,0.0,0.0,BOK.KA,
2026-01-23 00:00:00+05:00,35.65324478531805,36.72759691036294,35.64373884918297,35.67226028442383,10428.0,0.0,0.0,0.0,BOK.KA,
2026-01-26 00:00:00+05:00,35.93847106024285,36.5089251694492,35.748319690507394,36.09059143066406,12385.0,0.0,0.0,0.0,BOK.KA,
2026-01-27 00:00:00+05:00,36.12862195397011,37.079375163285114,35.68176678500465,36.56596755981445,13549.0,0.0,0.0,0.0,BOK.KA,
2026-01-28 00:00:00+05:00,37.07937722457083,37.07937722457083,35.757830770450376,36.128623962402344,5514.0,0.0,0.0,0.0,BOK.KA,
2026-01-29 00:00:00+05:00,36.128623226297755,36.128623226297755,35.6532466048991,35.71979904174805,27466.0,0.0,0.0,0.0,BOK.KA,
2026-01-30 00:00:00+05:00,32.57280282255393,37.55475115368603,32.56329688642396,35.57718276977539,20346.0,0.0,0.0,0.0,BOK.KA,
2026-02-02 00:00:00+05:00,36.88922537381196,36.88922537381196,35.18737618590923,36.21419143676758,30324.0,0.0,0.0,0.0,BOK.KA,
2026-02-03 00:00:00+05:00,37.031838089015395,37.031838089015395,35.84339658183798,36.366310119628906,3497.0,0.0,0.0,0.0,BOK.KA,
2026-02-04 00:00:00+05:00,36.87020940310651,36.87020940310651,36.12862303817355,36.29975891113281,6709.0,0.0,0.0,0.0,BOK.KA,
2026-02-06 00:00:00+05:00,37.079376716118354,37.079376716118354,35.368021593049285,36.604000091552734,61975.0,0.0,0.0,0.0,BOK.KA,
2026-02-09 00:00:00+05:00,39.35167443584134,39.35167443584134,33.37143592704637,36.07157516479492,5394.0,0.0,0.0,0.0,BOK.KA,
2026-02-10 00:00:00+05:00,35.65324447668983,37.53573534983878,35.65324447668983,36.83218002319336,6648.0,0.0,0.0,0.0,BOK.KA,
2026-02-11 00:00:00+05:00,36.10010193384913,37.06036111710364,35.90995055916271,36.01453399658203,7699.0,0.0,0.0,0.0,BOK.KA,
2026-02-12 00:00:00+05:00,36.01453369288507,36.50892581216642,35.87191925636391,35.909950256347656,16437.0,0.0,0.0,0.0,BOK.KA,
2026-02-13 00:00:00+05:00,36.12862152328457,37.079374721265744,35.66275086046612,35.871917724609375,7769.0,0.0,0.0,0.0,BOK.KA,
2026-02-16 00:00:00+05:00,35.65324495916497,36.1286215586205,34.702491760253906,34.702491760253906,15920.0,0.0,0.0,0.0,BOK.KA,
2026-02-17 00:00:00+05:00,34.70249147931161,35.63422917148108,33.37143556087775,34.30317687988281,3543.0,0.0,0.0,0.0,BOK.KA,
2026-02-18 00:00:00+05:00,33.75173926799699,35.96699600872131,33.323899594162285,35.50112533569336,8135.0,0.0,0.0,0.0,BOK.KA,
2026-02-19 00:00:00+05:00,35.16836306310138,35.16836306310138,34.227115783254185,34.5218505859375,6677.0,0.0,0.0,0.0,BOK.KA,
2026-02-20 00:00:00+05:00,36.02403750940949,36.02403750940949,31.669589818936416,34.19859313964844,6766.0,0.0,0.0,0.0,BOK.KA,
2026-02-23 00:00:00+05:00,32.52526796388572,33.276363905332396,32.325610650894326,32.41117858886719,5377.0,0.0,0.0,0.0,BOK.KA,
2026-02-24 00:00:00+05:00,29.25467659318941,35.14934719764034,29.25467659318941,31.393871307373047,12089.0,0.0,0.0,0.0,BOK.KA,
2026-02-25 00:00:00+05:00,34.521851788712716,34.521851788712716,29.56842641674339,32.50625228881836,28798.0,0.0,0.0,0.0,BOK.KA,
2026-02-26 00:00:00+05:00,33.26685553303764,33.26685553303764,31.37485509941668,31.62204933166504,2563.0,0.0,0.0,0.0,BOK.KA,
2026-02-27 00:00:00+05:00,33.93237963278387,33.941889195596154,31.85023147766591,32.34462356567383,1561.0,0.0,0.0,0.0,BOK.KA,
2026-03-02 00:00:00+05:00,30.424103707975455,33.2288264939216,29.112065033472888,29.131078720092773,22861.0,0.0,0.0,0.0,BOK.KA,
2026-03-03 00:00:00+05:00,29.47334947531427,31.821711061838013,26.24078892780208,31.34633445739746,15634.0,0.0,0.0,0.0,BOK.KA,
2026-03-04 00:00:00+05:00,31.346335183162886,32.297088414056894,30.081831645192697,31.66008186340332,4399.0,0.0,0.0,0.0,BOK.KA,
2026-03-05 00:00:00+05:00,32.32561061693274,34.01795024746705,32.32561061693274,32.800987243652344,9277.0,0.0,0.0,0.0,BOK.KA,
2026-03-06 00:00:00+05:00,32.73443448749634,33.941891542833794,30.92800187280721,33.18128967285156,3807.0,0.0,0.0,0.0,BOK.KA,
2026-03-09 00:00:00+05:00,33.27636233308906,36.46138413423618,29.996263034888866,32.8580322265625,5443.0,0.0,0.0,0.0,BOK.KA,
2026-03-10 00:00:00+05:00,36.1286222584862,36.1286222584862,31.450918170110704,33.257347106933594,3616.0,0.0,0.0,0.0,BOK.KA,
2026-03-11 00:00:00+05:00,33.171777325575384,33.171777325575384,30.64277405334838,32.335113525390625,9467.0,0.0,0.0,0.0,BOK.KA,
2026-03-12 00:00:00+05:00,34.208099735768705,34.208099735768705,31.393871131330787,32.36363983154297,2303.0,0.0,0.0,0.0,BOK.KA,
2026-03-13 00:00:00+05:00,33.07670595962161,33.152764332567116,30.443119059985357,32.68689727783203,4615.0,0.0,0.0,0.0,BOK.KA,
2026-03-16 00:00:00+05:00,33.94188856793518,33.94188856793518,32.32560746911246,32.62034225463867,1942.0,0.0,0.0,0.0,BOK.KA,
2026-03-17 00:00:00+05:00,32.620344381614835,32.89606005984594,29.56842559329181,32.772464752197266,5269.0,0.0,0.0,0.0,BOK.KA,
2026-03-18 00:00:00+05:00,33.25734528033439,33.26685484301337,32.800984196301755,32.81999969482422,42288.0,0.0,0.0,0.0,BOK.KA,
2026-03-19 00:00:00+05:00,32.36000061035156,33.970001220703125,30.149999618530273,32.61000061035156,36450.0,1.7,0.0,0.0,BOK.KA,
2026-03-20 00:00:00+05:00,32.61000061035156,32.61000061035156,32.61000061035156,32.61000061035156,0.0,0.0,0.0,0.0,BOK.KA,
2026-03-23 00:00:00+05:00,32.61000061035156,32.61000061035156,32.61000061035156,32.61000061035156,0.0,0.0,0.0,0.0,BOK.KA,
2026-03-24 00:00:00+05:00,34.0,34.20000076293945,32.869998931884766,32.90999984741211,18188.0,0.0,0.0,0.0,BOK.KA,
2026-03-25 00:00:00+05:00,33.2599983215332,34.0,31.56999969482422,33.86000061035156,7693.0,0.0,0.0,0.0,BOK.KA,
2026-03-26 00:00:00+05:00,33.0,33.84000015258789,32.5099983215332,32.68000030517578,1145.0,0.0,0.0,0.0,BOK.KA,
2026-03-27 00:00:00+05:00,33.20000076293945,33.369998931884766,32.060001373291016,32.68000030517578,365.0,0.0,0.0,0.0,BOK.KA,
2021-03-29 00:00:00+05:00,7.293201193543053,7.4993698485326075,7.022605333093011,7.08059024810791,536500.0,0.0,0.0,0.0,BIPL.KA,
2021-03-30 00:00:00+05:00,6.932407989404556,7.531584085812482,6.932407989404556,7.447828769683838,727000.0,0.0,0.0,0.0,BIPL.KA,
2021-03-31 00:00:00+05:00,7.409171666563677,7.653996543190337,7.293201826469658,7.576683521270752,452500.0,0.0,0.0,0.0,BIPL.KA,
2021-04-01 00:00:00+05:00,7.3511868552596,7.47359960259837,7.280316737725616,7.338301658630371,110000.0,0.0,0.0,0.0,BIPL.KA,
2021-04-02 00:00:00+05:00,7.3383013149419245,7.3383013149419245,7.08703354093251,7.138575553894043,67000.0,0.0,0.0,0.0,BIPL.KA,
2021-04-05 00:00:00+05:00,7.183674509023135,7.248102331071021,7.087033390380554,7.093476295471191,318500.0,0.0,0.0,0.0,BIPL.KA,
2021-04-06 00:00:00+05:00,7.151460972872442,7.235216278528155,6.99683432802297,7.08059024810791,426500.0,0.0,0.0,0.0,BIPL.KA,
2021-04-07 00:00:00+05:00,6.964621607312284,7.235216875665899,6.758452935307194,6.8422088623046875,491500.0,0.0,0.0,0.0,BIPL.KA,
2021-04-08 00:00:00+05:00,6.990392566617305,6.990392566617305,6.8615369170859495,6.983949661254883,141000.0,0.0,0.0,0.0,BIPL.KA,
2021-04-09 00:00:00+05:00,7.016163160266181,7.093476176772377,6.958178244279225,7.087033271789551,503500.0,0.0,0.0,0.0,BIPL.KA,
2021-04-12 00:00:00+05:00,7.1514617748729155,7.31253072823105,6.990392821514781,7.260988712310791,806500.0,0.0,0.0,0.0,BIPL.KA,
2021-04-13 00:00:00+05:00,7.3447431669207885,7.3447431669207885,6.932407087863984,7.2223310470581055,161000.0,0.0,0.0,0.0,BIPL.KA,
2021-04-14 00:00:00+05:00,7.3318585758355885,7.344743772153287,7.222331642203418,7.228774547576904,38500.0,0.0,0.0,0.0,BIPL.KA,
2021-04-15 00:00:00+05:00,7.222331230719569,7.344743353695152,7.21588832571316,7.331858158111572,77500.0,0.0,0.0,0.0,BIPL.KA,
2021-04-16 00:00:00+05:00,7.3318588305938235,7.3318588305938235,7.215888987558592,7.260988712310791,26000.0,0.0,0.0,0.0,BIPL.KA,
2021-04-19 00:00:00+05:00,7.151461546104061,7.209445851337515,6.958178685371386,7.022605895996094,158500.0,0.0,0.0,0.0,BIPL.KA,
2021-04-20 00:00:00+05:00,7.0226054508197695,7.254545114767594,7.0226054508197695,7.087033271789551,3121000.0,0.0,0.0,0.0,BIPL.KA,
2021-04-21 00:00:00+05:00,7.087034849432894,7.3383026698346345,6.474972871685928,7.177233695983887,2281500.0,0.0,0.0,0.0,BIPL.KA,
2021-04-22 00:00:00+05:00,6.9388500543790705,7.538026078191273,6.9388500543790705,7.505812168121338,1690500.0,0.0,0.0,0.0,BIPL.KA,
2021-04-23 00:00:00+05:00,7.415615159695762,7.60245513108275,7.3640731409979265,7.5573554039001465,509000.0,0.0,0.0,0.0,BIPL.KA,
2021-04-26 00:00:00+05:00,7.28031701476341,7.473599886991154,7.28031701476341,7.409172058105469,169000.0,0.0,0.0,0.0,BIPL.KA,
2021-04-27 00:00:00+05:00,7.312530432139564,7.4091715544696335,6.7648957671244485,6.919521808624268,751500.0,0.0,0.0,0.0,BIPL.KA,
2021-04-28 00:00:00+05:00,7.087033271789551,7.112804277291616,6.98394924978129,7.087033271789551,2097500.0,0.0,0.0,0.0,BIPL.KA,
2021-04-29 00:00:00+05:00,7.054819340208229,7.280316098498912,7.035491239746787,7.248102188110352,1543500.0,0.0,0.0,0.0,BIPL.KA,
2021-04-30 00:00:00+05:00,7.093476039271545,7.260987879002517,7.003277214548124,7.241659164428711,1184000.0,0.0,0.0,0.0,BIPL.KA,
2021-05-03 00:00:00+05:00,6.964621854448899,7.177232824975684,6.964621854448899,7.074148178100586,20000.0,0.0,0.0,0.0,BIPL.KA,
2021-05-04 00:00:00+05:00,7.054819207726667,7.293201157038688,7.054819207726667,7.2223310470581055,144500.0,0.0,0.0,0.0,BIPL.KA,
2021-05-05 00:00:00+05:00,7.2609879980374705,7.312530008887472,7.087033250596789,7.248102188110352,444500.0,0.0,0.0,0.0,BIPL.KA,
2021-05-06 00:00:00+05:00,7.241659283146793,7.273873193535353,7.241659283146793,7.248102188110352,27500.0,0.0,0.0,0.0,BIPL.KA,
2021-05-07 00:00:00+05:00,7.2481021881103525,7.2481021881103525,7.2481021881103525,7.248102188110352,0.0,0.0,0.0,0.0,BIPL.KA,
2021-05-10 00:00:00+05:00,7.2481021881103525,7.2481021881103525,7.2481021881103525,7.248102188110352,0.0,0.0,0.0,0.0,BIPL.KA,
2021-05-11 00:00:00+05:00,7.2481021881103525,7.2481021881103525,7.2481021881103525,7.248102188110352,0.0,0.0,0.0,0.0,BIPL.KA,
2021-05-12 00:00:00+05:00,7.2481021881103525,7.2481021881103525,7.2481021881103525,7.248102188110352,0.0,0.0,0.0,0.0,BIPL.KA,
2021-05-13 00:00:00+05:00,7.2481021881103525,7.2481021881103525,7.2481021881103525,7.248102188110352,0.0,0.0,0.0,0.0,BIPL.KA,
2021-05-14 00:00:00+05:00,7.2481021881103525,7.2481021881103525,7.2481021881103525,7.248102188110352,0.0,0.0,0.0,0.0,BIPL.KA,
2021-05-17 00:00:00+05:00,7.1579033619082315,7.344743304846796,7.1579033619082315,7.248102188110352,115500.0,0.0,0.0,0.0,BIPL.KA,
2021-05-18 00:00:00+05:00,7.08703258772877,7.254544414538089,6.71335273680286,6.7971086502075195,5104000.0,0.0,0.0,0.0,BIPL.KA,
2021-05-19 00:00:00+05:00,6.803553191480951,6.829324200695945,6.694026248709896,6.70046854019165,997000.0,0.0,0.0,0.0,BIPL.KA,
2021-05-20 00:00:00+05:00,6.764895972559945,6.945293026454675,6.764895972559945,6.867980003356934,9684500.0,0.0,0.0,0.0,BIPL.KA,
2021-05-21 00:00:00+05:00,6.919522345992733,7.087034211174438,6.829324121994367,7.067706108093262,659500.0,0.0,0.0,0.0,BIPL.KA,
2021-05-24 00:00:00+05:00,7.0677056035357175,7.125690523069069,6.764895809544482,7.003277778625488,2827500.0,0.0,0.0,0.0,BIPL.KA,
2021-05-25 00:00:00+05:00,7.074148963449318,7.074148963449318,6.971064919559467,6.99039363861084,254000.0,0.0,0.0,0.0,BIPL.KA,
2021-05-26 00:00:00+05:00,7.003278538547231,7.209446617544303,6.906637405124688,7.119248390197754,898000.0,0.0,0.0,0.0,BIPL.KA,
2021-05-27 00:00:00+05:00,7.145018307337801,7.2223313251377155,7.087033390380554,7.093476295471191,564500.0,0.0,0.0,0.0,BIPL.KA,
2021-05-28 00:00:00+05:00,7.087033721050077,7.087033721050077,6.996834888860355,7.022605895996094,278500.0,0.0,0.0,0.0,BIPL.KA,
2021-05-31 00:00:00+05:00,7.151462092244561,7.215889307789425,7.022606432296187,7.170790195465088,680000.0,0.0,0.0,0.0,BIPL.KA,
2021-06-01 00:00:00+05:00,7.215889905627617,7.267431928105506,7.099920662267054,7.177233695983887,163000.0,0.0,0.0,0.0,BIPL.KA,
2021-06-02 00:00:00+05:00,7.1772318562145445,7.248101965347873,7.06126202815163,7.099918842315674,500500.0,0.0,0.0,0.0,BIPL.KA,
2021-06-03 00:00:00+05:00,7.209446124293021,7.248102943674846,7.054820075624323,7.074148178100586,267000.0,0.0,0.0,0.0,BIPL.KA,
2021-06-04 00:00:00+05:00,7.183674844201777,7.215888756728769,6.958178685371386,7.022605895996094,160500.0,0.0,0.0,0.0,BIPL.KA,
2021-06-07 00:00:00+05:00,7.170790409947022,7.177233316023017,7.029049548421864,7.119248390197754,300500.0,0.0,0.0,0.0,BIPL.KA,
2021-06-08 00:00:00+05:00,7.087033453050622,7.248102395165409,7.041934345875843,7.196560382843018,396000.0,0.0,0.0,0.0,BIPL.KA,
2021-06-09 00:00:00+05:00,7.209446401906142,7.209446401906142,7.093477168153657,7.170790195465088,56500.0,0.0,0.0,0.0,BIPL.KA,
2021-06-10 00:00:00+05:00,7.20944629788603,7.248103118198655,7.087034160016462,7.183675289154053,278500.0,0.0,0.0,0.0,BIPL.KA,
2021-06-11 00:00:00+05:00,7.190117051316415,7.248101965347873,7.0870330327845865,7.099918842315674,168000.0,0.0,0.0,0.0,BIPL.KA,
2021-06-14 00:00:00+05:00,7.151461906494721,7.183675206215794,7.022606249893204,7.041934967041016,253500.0,0.0,0.0,0.0,BIPL.KA,
2021-06-15 00:00:00+05:00,7.041934165768247,7.170789193278573,6.958178244279225,7.087033271789551,658500.0,0.0,0.0,0.0,BIPL.KA,
2021-06-16 00:00:00+05:00,7.119247062927585,7.119247062927585,7.035491142842645,7.08059024810791,228500.0,0.0,0.0,0.0,BIPL.KA,
2021-06-17 00:00:00+05:00,7.08703398937096,7.215889029928209,7.009720965036611,7.074148178100586,784000.0,0.0,0.0,0.0,BIPL.KA,
2021-06-18 00:00:00+05:00,7.087033495394102,7.1514613183966595,7.022605672391544,7.054819583892822,127500.0,0.0,0.0,0.0,BIPL.KA,
2021-06-21 00:00:00+05:00,7.041934283604582,7.138575402247163,7.041934283604582,7.093476295471191,119500.0,0.0,0.0,0.0,BIPL.KA,
2021-06-22 00:00:00+05:00,7.087033959364043,7.087033959364043,7.02260613214356,7.035491943359375,217000.0,0.0,0.0,0.0,BIPL.KA,
2021-06-23 00:00:00+05:00,7.022606476562752,7.087034306943055,6.990393175801926,7.009721279144287,204000.0,0.0,0.0,0.0,BIPL.KA,
2021-06-24 00:00:00+05:00,7.087033271789551,7.087033271789551,7.0226054508197695,7.087033271789551,602000.0,0.0,0.0,0.0,BIPL.KA,
2021-06-25 00:00:00+05:00,6.906636802323406,7.151461681979138,6.893750991296073,7.04837703704834,373500.0,0.0,0.0,0.0,BIPL.KA,
2021-06-28 00:00:00+05:00,6.913079005938169,7.016163649564661,6.893750904071012,6.906636714935303,989000.0,0.0,0.0,0.0,BIPL.KA,
2021-06-29 00:00:00+05:00,6.913079021412772,7.0226059562873,6.913079021412772,6.925964832305908,207000.0,0.0,0.0,0.0,BIPL.KA,
2021-06-30 00:00:00+05:00,6.958178109401025,7.376957094299231,6.925964199540573,7.241659164428711,405500.0,0.0,0.0,0.0,BIPL.KA,
2021-07-01 00:00:00+05:00,7.273873215286834,7.280316120269659,7.0612622662874855,7.087033271789551,283500.0,0.0,0.0,0.0,BIPL.KA,
2021-07-02 00:00:00+05:00,6.8937507565001885,7.087033614322099,6.8937507565001885,7.061262607574463,26500.0,0.0,0.0,0.0,BIPL.KA,
2021-07-05 00:00:00+05:00,7.074147742346018,7.074147742346018,6.951735614964321,6.958178520202637,129500.0,0.0,0.0,0.0,BIPL.KA,
2021-07-06 00:00:00+05:00,6.958178957107949,6.990392870892985,6.829323916397104,6.874423027038574,220000.0,0.0,0.0,0.0,BIPL.KA,
2021-07-07 00:00:00+05:00,6.7713393127308175,6.835766528899745,6.449201388598192,6.784224510192871,281500.0,0.0,0.0,0.0,BIPL.KA,
2021-07-08 00:00:00+05:00,6.797109025729073,6.835765225171993,6.73268120741859,6.809994220733643,485000.0,0.0,0.0,0.0,BIPL.KA,
2021-07-09 00:00:00+05:00,6.816436748861156,6.887306853543939,6.784222841485644,6.7971086502075195,67000.0,0.0,0.0,0.0,BIPL.KA,
2021-07-12 00:00:00+05:00,6.887308047925476,6.887308047925476,6.764895915985107,6.764895915985107,190000.0,0.0,0.0,0.0,BIPL.KA,
2021-07-13 00:00:00+05:00,6.764896607793295,6.764896607793295,6.700468775280667,6.713354587554932,319500.0,0.0,0.0,0.0,BIPL.KA,
2021-07-14 00:00:00+05:00,6.674696848877598,6.8164376922899805,6.668254558054193,6.752009868621826,218000.0,0.0,0.0,0.0,BIPL.KA,
2021-07-15 00:00:00+05:00,6.764895116573832,6.8486510346057745,6.73268120741859,6.809994220733643,1243000.0,0.0,0.0,0.0,BIPL.KA,
2021-07-16 00:00:00+05:00,6.758452698407708,6.8550944328308105,6.758452698407708,6.8550944328308105,5000.0,0.0,0.0,0.0,BIPL.KA,
2021-07-19 00:00:00+05:00,6.777781753446715,6.861537067274388,6.76489594243982,6.829323768615723,618500.0,0.0,0.0,0.0,BIPL.KA,
2021-07-20 00:00:00+05:00,6.829323768615723,6.829323768615723,6.829323768615723,6.829323768615723,0.0,0.0,0.0,0.0,BIPL.KA,
2021-07-21 00:00:00+05:00,6.829323768615723,6.829323768615723,6.829323768615723,6.829323768615723,0.0,0.0,0.0,0.0,BIPL.KA,
2021-07-22 00:00:00+05:00,6.829323768615723,6.829323768615723,6.829323768615723,6.829323768615723,0.0,0.0,0.0,0.0,BIPL.KA,
2021-07-23 00:00:00+05:00,6.829323768615723,6.829323768615723,6.829323768615723,6.829323768615723,0.0,0.0,0.0,0.0,BIPL.KA,
2021-07-26 00:00:00+05:00,6.713353901017658,6.822880836430808,6.4427580152239114,6.764895915985107,394500.0,0.0,0.0,0.0,BIPL.KA,
2021-07-27 00:00:00+05:00,6.822880873933606,7.08703385570105,6.764895953169185,7.04837703704834,2690500.0,0.0,0.0,0.0,BIPL.KA,
2021-07-28 00:00:00+05:00,7.022604772977746,7.074146779006894,6.764894742832008,6.7971086502075195,121500.0,0.0,0.0,0.0,BIPL.KA,
2021-07-29 00:00:00+05:00,6.764894742832008,6.822879653222094,6.700466928080984,6.7971086502075195,64000.0,0.0,0.0,0.0,BIPL.KA,
2021-07-30 00:00:00+05:00,6.88730780678154,6.945292725197026,6.7326817672930845,6.752009868621826,99500.0,0.0,0.0,0.0,BIPL.KA,
2021-08-02 00:00:00+05:00,6.906636932590812,7.08703398937096,6.752010269492815,7.074148178100586,727500.0,0.0,0.0,0.0,BIPL.KA,
2021-08-03 00:00:00+05:00,6.803552481058619,7.087033552822651,6.777781474534617,6.958178520202637,52500.0,0.0,0.0,0.0,BIPL.KA,
2021-08-04 00:00:00+05:00,6.958178878928631,6.996835083492909,6.893751052082444,6.951735973358154,24000.0,0.0,0.0,0.0,BIPL.KA,
2021-08-05 00:00:00+05:00,6.848650656236668,6.925963665280389,6.771337647192946,6.7971086502075195,363000.0,0.0,0.0,0.0,BIPL.KA,
2021-08-06 00:00:00+05:00,6.938850964084573,7.087034109632641,6.803553015596232,6.835766315460205,146000.0,0.0,0.0,0.0,BIPL.KA,
2021-08-09 00:00:00+05:00,6.900193493423599,6.900193493423599,6.571612704586939,6.77133846282959,281000.0,0.0,0.0,0.0,BIPL.KA,
2021-08-10 00:00:00+05:00,6.777782182265957,6.777782182265957,6.513628569775614,6.70046854019165,182500.0,0.0,0.0,0.0,BIPL.KA,
2021-08-11 00:00:00+05:00,6.822881414591809,6.887308631545945,6.700468657849076,6.706911563873291,187500.0,0.0,0.0,0.0,BIPL.KA,
2021-08-12 00:00:00+05:00,6.674697765161485,6.764896607793295,6.674697765161485,6.713354587554932,42000.0,0.0,0.0,0.0,BIPL.KA,
2021-08-13 00:00:00+05:00,6.764895992996832,6.764895992996832,6.67469715856233,6.687582969665527,16000.0,0.0,0.0,0.0,BIPL.KA,
2021-08-16 00:00:00+05:00,6.758453412787667,6.764896318649418,6.597384452819824,6.597384452819824,25000.0,0.0,0.0,0.0,BIPL.KA,
2021-08-17 00:00:00+05:00,6.732681204754856,6.732681204754856,6.623154282327895,6.629597187042236,81000.0,0.0,0.0,0.0,BIPL.KA,
2021-08-18 00:00:00+05:00,6.629597187042237,6.629597187042237,6.629597187042237,6.629597187042236,0.0,0.0,0.0,0.0,BIPL.KA,
2021-08-19 00:00:00+05:00,6.629597187042237,6.629597187042237,6.629597187042237,6.629597187042236,0.0,0.0,0.0,0.0,BIPL.KA,
2021-08-20 00:00:00+05:00,6.764895797669035,6.880865636532158,6.758452892303467,6.758452892303467,12000.0,0.0,0.0,0.0,BIPL.KA,
2021-08-23 00:00:00+05:00,6.77133882146336,6.887308047925476,6.732682003023131,6.764895915985107,296000.0,0.0,0.0,0.0,BIPL.KA,
2021-08-24 00:00:00+05:00,6.861536507521769,6.861536507521769,6.668254273620272,6.6811394691467285,64500.0,0.0,0.0,0.0,BIPL.KA,
2021-08-25 00:00:00+05:00,6.661811652801526,6.764895679127162,6.642483551472784,6.752009868621826,54500.0,0.0,0.0,0.0,BIPL.KA,
2021-08-26 00:00:00+05:00,6.6682554261472395,6.75845365370981,6.578056584155327,6.6102705001831055,95000.0,0.0,0.0,0.0,BIPL.KA,
2021-08-27 00:00:00+05:00,6.610269639638707,6.7584527738744935,6.526513714641812,6.752009868621826,497000.0,0.0,0.0,0.0,BIPL.KA,
2021-08-30 00:00:00+05:00,6.571613321265598,6.7326822782300955,6.571613321265598,6.616713047027588,99000.0,0.0,0.0,0.0,BIPL.KA,
2021-08-31 00:00:00+05:00,6.758452347923252,6.758452347923252,6.58449821806951,6.655368328094482,65000.0,0.0,0.0,0.0,BIPL.KA,
2021-09-01 00:00:00+05:00,6.694026248709896,6.764896370443798,6.6746975309766565,6.70046854019165,81500.0,0.0,0.0,0.0,BIPL.KA,
2021-09-02 00:00:00+05:00,6.855095209910939,6.893751416518767,6.616713221064915,6.70046854019165,61000.0,0.0,0.0,0.0,BIPL.KA,
2021-09-03 00:00:00+05:00,6.758452330344846,6.758452330344846,6.61671211066356,6.636040210723877,93500.0,0.0,0.0,0.0,BIPL.KA,
2021-09-06 00:00:00+05:00,6.732682079668132,6.732682079668132,6.571613127453922,6.687582969665527,304000.0,0.0,0.0,0.0,BIPL.KA,
2021-09-07 00:00:00+05:00,6.726238891044148,6.758452803017132,6.5716128508889415,6.590940952301025,221500.0,0.0,0.0,0.0,BIPL.KA,
2021-09-08 00:00:00+05:00,6.732682403769985,6.739125309631736,6.590941546958073,6.597384452819824,48500.0,0.0,0.0,0.0,BIPL.KA,
2021-09-09 00:00:00+05:00,6.58449820094355,6.7069103205645195,6.58449820094355,6.636040210723877,288000.0,0.0,0.0,0.0,BIPL.KA,
2021-09-10 00:00:00+05:00,6.571612937706922,6.764895797669035,6.507185727339067,6.758452892303467,315000.0,0.0,0.0,0.0,BIPL.KA,
2021-09-13 00:00:00+05:00,6.6424839835998535,7.402729034423828,6.636041077928042,7.402729034423828,2910000.0,0.0,0.0,0.0,BIPL.KA,
2021-09-14 00:00:00+05:00,7.98257774320728,7.98257774320728,7.280316991226768,7.3447442054748535,2995000.0,0.0,0.0,0.0,BIPL.KA,
2021-09-15 00:00:00+05:00,7.4091720194469035,7.4091720194469035,7.080591199817094,7.325416088104248,557000.0,0.0,0.0,0.0,BIPL.KA,
2021-09-16 00:00:00+05:00,7.2223323262832455,7.969692216375894,7.2223323262832455,7.950364112854004,9637000.0,0.0,0.0,0.0,BIPL.KA,
2021-09-17 00:00:00+05:00,8.053447392387229,8.568868148385866,7.976134371151824,8.324043273925781,11053500.0,0.0,0.0,0.0,BIPL.KA,
2021-09-20 00:00:00+05:00,8.150088661050265,8.575311207092012,7.943920600736171,8.369142532348633,2694500.0,0.0,0.0,0.0,BIPL.KA,
2021-09-21 00:00:00+05:00,8.375585923679916,8.794364974092183,8.278944793409183,8.4142427444458,5731000.0,0.0,0.0,0.0,BIPL.KA,
2021-09-22 00:00:00+05:00,8.311157548106133,8.568868235953712,7.769966393927707,8.491555213928223,1594000.0,0.0,0.0,0.0,BIPL.KA,
2021-09-23 00:00:00+05:00,8.182302162753567,8.562424965670694,8.195187973090066,8.272500991821289,433500.0,0.0,0.0,0.0,BIPL.KA,
2021-09-24 00:00:00+05:00,8.092104621450515,8.369142808015475,7.795737717772488,8.220959663391113,759000.0,0.0,0.0,0.0,BIPL.KA,
2021-09-27 00:00:00+05:00,8.124318804226569,8.214517650604249,7.827951868333475,8.053448677062988,2227500.0,0.0,0.0,0.0,BIPL.KA,
2021-09-28 00:00:00+05:00,8.053448677062988,8.053448677062988,8.053448677062988,8.053448677062988,0.0,0.0,0.0,0.0,BIPL.KA,
2021-09-29 00:00:00+05:00,8.085661187195441,8.311157342243726,7.924592241691266,8.117875099182129,1304500.0,0.0,0.0,0.0,BIPL.KA,
2021-09-30 00:00:00+05:00,7.995462356518567,8.28538633554023,7.995462356518567,8.117875099182129,885500.0,0.0,0.0,0.0,BIPL.KA,
2021-10-01 00:00:00+05:00,8.111432237901528,8.742822212776987,8.111432237901528,8.626852989196777,5357000.0,0.0,0.0,0.0,BIPL.KA,
2021-10-04 00:00:00+05:00,8.626851906507737,8.955432048914945,8.440011976735327,8.781477928161621,648000.0,0.0,0.0,0.0,BIPL.KA,
2021-10-05 00:00:00+05:00,8.697723888012272,8.94899168819385,8.697723888012272,8.762151718139648,275000.0,0.0,0.0,0.0,BIPL.KA,
2021-10-06 00:00:00+05:00,8.736379268308497,8.736379268308497,8.246729560487863,8.356256484985352,2957000.0,0.0,0.0,0.0,BIPL.KA,
2021-10-07 00:00:00+05:00,8.375586652003285,8.478670697103857,8.369143745577155,8.420685768127441,774500.0,0.0,0.0,0.0,BIPL.KA,
2021-10-08 00:00:00+05:00,8.375585923679916,8.633296014021415,8.369143017814046,8.4142427444458,763000.0,0.0,0.0,0.0,BIPL.KA,
2021-10-11 00:00:00+05:00,8.504441101876527,8.581754130188301,8.375586054690237,8.440013885498047,381000.0,0.0,0.0,0.0,BIPL.KA,
2021-10-12 00:00:00+05:00,8.562426579729308,8.652625425799947,8.336929771767398,8.581754684448242,2264000.0,0.0,0.0,0.0,BIPL.KA,
2021-10-13 00:00:00+05:00,8.594639674723096,8.884563675479399,8.594639674723096,8.607524871826172,2311500.0,0.0,0.0,0.0,BIPL.KA,
2021-10-14 00:00:00+05:00,8.607524700838885,8.858792490865248,8.594639503991772,8.742822647094727,1353000.0,0.0,0.0,0.0,BIPL.KA,
2021-10-15 00:00:00+05:00,8.691279108315593,8.813691836280146,8.691279108315593,8.781477928161621,1813000.0,0.0,0.0,0.0,BIPL.KA,
2021-10-18 00:00:00+05:00,8.697723388671875,8.723494396357436,8.671952380986315,8.697723388671875,80000.0,0.0,0.0,0.0,BIPL.KA,
2021-10-19 00:00:00+05:00,8.697723388671875,8.697723388671875,8.697723388671875,8.697723388671875,0.0,0.0,0.0,0.0,BIPL.KA,
2021-10-20 00:00:00+05:00,8.76215153806827,8.858792666843934,8.536654751685973,8.607524871826172,882500.0,0.0,0.0,0.0,BIPL.KA,
2021-10-21 00:00:00+05:00,8.684839423769017,9.052077129389348,8.56242726484852,8.878122329711914,3812500.0,0.0,0.0,0.0,BIPL.KA,
2021-10-22 00:00:00+05:00,8.878120153954928,8.923219876761001,8.717051207547179,8.826578140258789,428000.0,0.0,0.0,0.0,BIPL.KA,
2021-10-25 00:00:00+05:00,8.884563059274262,8.884563059274262,8.70416601133778,8.826578140258789,41500.0,0.0,0.0,0.0,BIPL.KA,
2021-10-26 00:00:00+05:00,8.762149829062183,8.948989758834593,8.736378825453203,8.781477928161621,369000.0,0.0,0.0,0.0,BIPL.KA,
2021-10-27 00:00:00+05:00,8.884564269024121,8.942549195935001,8.755709217238472,8.858793258666992,121500.0,0.0,0.0,0.0,BIPL.KA,
2021-10-28 00:00:00+05:00,8.768593205470978,8.92321986071053,8.697723090373582,8.807250022888184,272500.0,0.0,0.0,0.0,BIPL.KA,
2021-10-29 00:00:00+05:00,8.852349704661265,8.923220438779113,8.710609465284184,8.749265670776367,211500.0,0.0,0.0,0.0,BIPL.KA,
2021-11-01 00:00:00+05:00,8.762152123435094,8.910335279381252,8.762152123435094,8.858793258666992,364500.0,0.0,0.0,0.0,BIPL.KA,
2021-11-02 00:00:00+05:00,8.858790938988564,8.929661045305963,8.749264020043098,8.781477928161621,206500.0,0.0,0.0,0.0,BIPL.KA,
2021-11-03 00:00:00+05:00,8.781479102755526,9.05207498405881,8.775036197384193,8.974761962890625,4988500.0,0.0,0.0,0.0,BIPL.KA,
2021-11-04 00:00:00+05:00,9.01986053867698,9.309784504534322,8.955432717629021,9.071402549743652,4998500.0,0.0,0.0,0.0,BIPL.KA,
2021-11-05 00:00:00+05:00,9.026304785698436,9.219587663150369,9.026304785698436,9.148716926574707,1742500.0,0.0,0.0,0.0,BIPL.KA,
2021-11-08 00:00:00+05:00,9.142274385977228,9.258244239968738,9.01986224020902,9.187374114990234,833000.0,0.0,0.0,0.0,BIPL.KA,
2021-11-09 00:00:00+05:00,9.187373747836826,9.213144757201794,8.85879291761147,9.148716926574707,2294000.0,0.0,0.0,0.0,BIPL.KA,
2021-11-10 00:00:00+05:00,9.019861221313477,9.161602069688602,9.019861221313477,9.019861221313477,139000.0,0.0,0.0,0.0,BIPL.KA,
2021-11-11 00:00:00+05:00,9.135832014618925,9.135832014618925,8.987648245317333,9.000534057617188,139500.0,0.0,0.0,0.0,BIPL.KA,
2021-11-12 00:00:00+05:00,9.000533528024167,9.122945665523298,8.710609527059438,8.897449493408203,287500.0,0.0,0.0,0.0,BIPL.KA,
2021-11-15 00:00:00+05:00,8.729937514167855,8.891006469726562,8.729937514167855,8.891006469726562,46500.0,0.0,0.0,0.0,BIPL.KA,
2021-11-16 00:00:00+05:00,8.891005709251647,8.891005709251647,8.639737938877214,8.794363975524902,350000.0,0.0,0.0,0.0,BIPL.KA,
2021-11-17 00:00:00+05:00,8.833022312374432,9.045633302970126,8.794365489343688,9.026305198669434,655000.0,0.0,0.0,0.0,BIPL.KA,
2021-11-18 00:00:00+05:00,9.148715507232984,9.503067291848785,8.974761374614207,9.374212265014648,2591000.0,0.0,0.0,0.0,BIPL.KA,
2021-11-19 00:00:00+05:00,9.528839178572722,9.9798321214208,9.50306817082224,9.677022933959961,3442000.0,0.0,0.0,0.0,BIPL.KA,
2021-11-22 00:00:00+05:00,9.986274321694424,10.250427286088629,9.696350351369789,9.728564262390137,4376000.0,0.0,0.0,0.0,BIPL.KA,
2021-11-23 00:00:00+05:00,9.786548451299367,9.947617390102005,9.438639568062841,9.54172420501709,588500.0,0.0,0.0,0.0,BIPL.KA,
2021-11-24 00:00:00+05:00,9.599708833863678,9.599708833863678,9.213143736227194,9.27112865447998,707000.0,0.0,0.0,0.0,BIPL.KA,
2021-11-25 00:00:00+05:00,9.026304078096702,9.335556166233042,9.026304078096702,9.161602020263672,146000.0,0.0,0.0,0.0,BIPL.KA,
2021-11-26 00:00:00+05:00,9.245357337981478,9.374212366206567,8.794363817549803,8.929661750793457,1666000.0,0.0,0.0,0.0,BIPL.KA,
2021-11-29 00:00:00+05:00,8.794364329678244,9.10361702985663,8.762151031568003,9.013418197631836,1801500.0,0.0,0.0,0.0,BIPL.KA,
2021-11-30 00:00:00+05:00,9.019859975347279,9.077844887783183,8.865233951804333,8.948989868164062,240500.0,0.0,0.0,0.0,BIPL.KA,
2021-12-01 00:00:00+05:00,8.955432623409617,9.019860443779738,8.671951565525402,8.723493576049805,813500.0,0.0,0.0,0.0,BIPL.KA,
2021-12-02 00:00:00+05:00,8.723495132538233,8.826579171979793,8.0727763655267,8.175860404968262,2646500.0,0.0,0.0,0.0,BIPL.KA,
2021-12-03 00:00:00+05:00,8.311157977418317,8.504440849680691,8.214516848501784,8.40779972076416,1182500.0,0.0,0.0,0.0,BIPL.KA,
2021-12-06 00:00:00+05:00,8.375586082152232,8.626853885811359,8.375586082152232,8.478670120239258,746500.0,0.0,0.0,0.0,BIPL.KA,
2021-12-07 00:00:00+05:00,8.58819669983682,8.755708561833815,8.58819669983682,8.729937553405762,142500.0,0.0,0.0,0.0,BIPL.KA,
2021-12-08 00:00:00+05:00,8.729937862493863,8.89100682447925,8.568868900508475,8.620410919189453,164000.0,0.0,0.0,0.0,BIPL.KA,
2021-12-09 00:00:00+05:00,8.691281355629618,8.69772426180511,8.182303441923382,8.201631546020508,737500.0,0.0,0.0,0.0,BIPL.KA,
2021-12-10 00:00:00+05:00,8.208073034820723,8.324042868236438,8.053446999885931,8.246729850769043,60500.0,0.0,0.0,0.0,BIPL.KA,
2021-12-13 00:00:00+05:00,8.304715083869953,8.304715083869953,8.066333117322962,8.15653133392334,149000.0,0.0,0.0,0.0,BIPL.KA,
2021-12-14 00:00:00+05:00,8.117874960376495,8.69128000333211,8.117874960376495,8.4722261428833,69000.0,0.0,0.0,0.0,BIPL.KA,
2021-12-15 00:00:00+05:00,8.626853138470805,8.697723254908855,8.375585356578897,8.671952247619629,286500.0,0.0,0.0,0.0,BIPL.KA,
2021-12-16 00:00:00+05:00,8.697723440044081,8.852349487070724,8.536654487450672,8.55598258972168,99500.0,0.0,0.0,0.0,BIPL.KA,
2021-12-17 00:00:00+05:00,8.530210227846876,8.69127915487312,8.530210227846876,8.659065246582031,123000.0,0.0,0.0,0.0,BIPL.KA,
2021-12-20 00:00:00+05:00,8.69128117366724,8.697724079707843,8.568869031042484,8.6461820602417,268000.0,0.0,0.0,0.0,BIPL.KA,
2021-12-21 00:00:00+05:00,8.923220166742492,8.923220166742492,8.568868350244076,8.697723388671875,227000.0,0.0,0.0,0.0,BIPL.KA,
2021-12-22 00:00:00+05:00,8.884564561744032,8.884564561744032,8.555983708042852,8.710610389709473,67500.0,0.0,0.0,0.0,BIPL.KA,
2021-12-23 00:00:00+05:00,8.7557081927893,8.7557081927893,8.440013199244563,8.491555213928223,209500.0,0.0,0.0,0.0,BIPL.KA,
2021-12-24 00:00:00+05:00,8.472226395221853,8.684837356830085,8.472226395221853,8.504440307617188,1335000.0,0.0,0.0,0.0,BIPL.KA,
2021-12-27 00:00:00+05:00,8.536653965755042,8.536653965755042,8.24672999169072,8.4722261428833,59500.0,0.0,0.0,0.0,BIPL.KA,
2021-12-28 00:00:00+05:00,8.375584619567743,8.530210649696748,8.130759764648872,8.394912719726562,88000.0,0.0,0.0,0.0,BIPL.KA,
2021-12-29 00:00:00+05:00,8.5302121872765,8.5302121872765,8.053448201226908,8.317601203918457,123000.0,0.0,0.0,0.0,BIPL.KA,
2021-12-30 00:00:00+05:00,8.375586129275984,8.433571054633513,8.253173986966244,8.317601203918457,85000.0,0.0,0.0,0.0,BIPL.KA,
2021-12-31 00:00:00+05:00,8.35625689922212,8.504440031223744,8.098546222864277,8.253172874450684,109500.0,0.0,0.0,0.0,BIPL.KA,
2022-01-03 00:00:00+05:00,8.311158180236816,8.407799925941024,8.195188945592827,8.311158180236816,75000.0,0.0,0.0,0.0,BIPL.KA,
2022-01-04 00:00:00+05:00,8.369142231432587,8.41424195382668,8.240287198369316,8.27894401550293,264000.0,0.0,0.0,0.0,BIPL.KA,
2022-01-05 00:00:00+05:00,8.369142672535368,8.375585578135427,8.18230271113875,8.195188522338867,503500.0,0.0,0.0,0.0,BIPL.KA,
2022-01-06 00:00:00+05:00,8.182302474975586,8.214516387616802,8.117875264122432,8.182302474975586,78000.0,0.0,0.0,0.0,BIPL.KA,
2022-01-07 00:00:00+05:00,8.059890576884122,8.233844727080625,8.059890576884122,8.195188522338867,15000.0,0.0,0.0,0.0,BIPL.KA,
2022-01-10 00:00:00+05:00,8.21451711903392,8.633296177369798,8.21451711903392,8.478670120239258,498000.0,0.0,0.0,0.0,BIPL.KA,
2022-01-11 00:00:00+05:00,8.659065657009915,8.659065657009915,8.343370692537974,8.375584602355957,655500.0,0.0,0.0,0.0,BIPL.KA,
2022-01-12 00:00:00+05:00,8.214516239106352,8.440013009088823,8.214516239106352,8.336928367614746,352000.0,0.0,0.0,0.0,BIPL.KA,
2022-01-13 00:00:00+05:00,8.336928485907352,8.369142398423254,8.246730268177956,8.343371391296387,91000.0,0.0,0.0,0.0,BIPL.KA,
2022-01-14 00:00:00+05:00,8.401356586106363,8.401356586106363,8.18230271113875,8.195188522338867,417500.0,0.0,0.0,0.0,BIPL.KA,
2022-01-17 00:00:00+05:00,8.19518912318556,8.19518912318556,8.117876093604389,8.175860404968262,115500.0,0.0,0.0,0.0,BIPL.KA,
2022-01-18 00:00:00+05:00,8.162974373162568,8.214516387616802,8.162974373162568,8.182302474975586,63000.0,0.0,0.0,0.0,BIPL.KA,
2022-01-19 00:00:00+05:00,8.124316760149046,8.188744579127263,7.989018831838162,8.047003746032715,399000.0,0.0,0.0,0.0,BIPL.KA,
2022-01-20 00:00:00+05:00,8.053447516980377,8.053447516980377,7.795737442208718,7.905264377593994,99500.0,0.0,0.0,0.0,BIPL.KA,
2022-01-21 00:00:00+05:00,8.214516812996862,8.214516812996862,8.001905838755995,8.079218864440918,50000.0,0.0,0.0,0.0,BIPL.KA,
2022-01-24 00:00:00+05:00,8.066333085775135,8.117875099182129,7.989019451235376,8.117875099182129,32500.0,0.0,0.0,0.0,BIPL.KA,
2022-01-25 00:00:00+05:00,8.117876262133883,8.246731314110903,7.995463501933698,8.021234512329102,37000.0,0.0,0.0,0.0,BIPL.KA,
2022-01-26 00:00:00+05:00,8.053448261738742,8.375586192208292,8.027677251878352,8.175860404968262,1673000.0,0.0,0.0,0.0,BIPL.KA,
2022-01-27 00:00:00+05:00,8.356257777879247,8.820135938127308,8.214516921699902,8.575311660766602,1812000.0,0.0,0.0,0.0,BIPL.KA,
2022-01-28 00:00:00+05:00,8.987647378741746,8.987647378741746,8.536654437029805,8.697723388671875,1918000.0,0.0,0.0,0.0,BIPL.KA,
2022-01-31 00:00:00+05:00,8.717052380745727,8.8523503385147,8.504441392027248,8.53021240234375,174500.0,0.0,0.0,0.0,BIPL.KA,
2022-02-01 00:00:00+05:00,8.536654437029805,8.78792222278598,8.504440523815532,8.697723388671875,527000.0,0.0,0.0,0.0,BIPL.KA,
2022-02-02 00:00:00+05:00,8.57531075611215,8.787921710737065,8.57531075611215,8.633295059204102,277000.0,0.0,0.0,0.0,BIPL.KA,
2022-02-03 00:00:00+05:00,8.691279918540506,8.794363942586203,8.549539692692294,8.755707740783691,441000.0,0.0,0.0,0.0,BIPL.KA,
2022-02-04 00:00:00+05:00,8.820135521570963,8.826578427099676,8.639738467772043,8.697723388671875,388000.0,0.0,0.0,0.0,BIPL.KA,
2022-02-07 00:00:00+05:00,8.858792340313947,8.7106091997293,8.382028390916444,8.697723388671875,212000.0,0.0,0.0,0.0,BIPL.KA,
2022-02-08 00:00:00+05:00,8.581753834144425,8.626853559925825,8.50444080849971,8.568868637084961,604500.0,0.0,0.0,0.0,BIPL.KA,
2022-02-09 00:00:00+05:00,8.60108258048929,8.633295880461636,8.510883743050508,8.607524871826172,17500.0,0.0,0.0,0.0,BIPL.KA,
2022-02-10 00:00:00+05:00,8.684837705429288,8.684837705429288,8.182302740950414,8.233844757080078,1279500.0,0.0,0.0,0.0,BIPL.KA,
2022-02-11 00:00:00+05:00,8.60108133889567,8.37558458506455,8.188744645821048,8.356256484985352,94000.0,0.0,0.0,0.0,BIPL.KA,
2022-02-14 00:00:00+05:00,8.253172874450684,8.35625689922212,8.053447115634087,8.253172874450684,14000.0,0.0,0.0,0.0,BIPL.KA,
2022-02-15 00:00:00+05:00,8.059890907508212,8.291829988760998,7.995463077723332,8.12431812286377,167000.0,0.0,0.0,0.0,BIPL.KA,
2022-02-16 00:00:00+05:00,8.311157058110583,8.311157058110583,8.117874821656716,8.246729850769043,1423000.0,0.0,0.0,0.0,BIPL.KA,
2022-02-17 00:00:00+05:00,8.246729850769043,8.298271862413973,8.233844040643188,8.246729850769043,355500.0,0.0,0.0,0.0,BIPL.KA,
2022-02-18 00:00:00+05:00,8.27250172092719,8.27250172092719,7.969691910052817,8.059890747070312,27500.0,0.0,0.0,0.0,BIPL.KA,
2022-02-21 00:00:00+05:00,8.18230301803095,8.240287941747713,8.066333785026744,8.085661888122559,21500.0,0.0,0.0,0.0,BIPL.KA,
2022-02-22 00:00:00+05:00,7.9245930167381164,7.9245930167381164,7.5702411790865005,7.763524055480957,725000.0,0.0,0.0,0.0,BIPL.KA,
2022-02-23 00:00:00+05:00,7.428500658805454,8.047005522724506,7.428500658805454,8.021234512329102,460500.0,0.0,0.0,0.0,BIPL.KA,
2022-02-24 00:00:00+05:00,7.763523218540363,8.021233282997853,7.47359924241837,7.544469356536865,235000.0,0.0,0.0,0.0,BIPL.KA,
2022-02-25 00:00:00+05:00,8.040562811019372,8.040562811019372,7.215889843988266,7.293202877044678,821500.0,0.0,0.0,0.0,BIPL.KA,
2022-02-28 00:00:00+05:00,7.57023976513854,7.724865791601763,7.344743015724431,7.538025856018066,129500.0,0.0,0.0,0.0,BIPL.KA,
2022-03-01 00:00:00+05:00,7.505813162739033,7.505813162739033,7.318973196889757,7.3447442054748535,287000.0,0.0,0.0,0.0,BIPL.KA,
2022-03-02 00:00:00+05:00,7.222331846607382,7.409171806721448,6.764895997441322,7.376957893371582,69500.0,0.0,0.0,0.0,BIPL.KA,
2022-03-03 00:00:00+05:00,7.215888159426194,7.376957094299231,7.08703313441361,7.241659164428711,251500.0,0.0,0.0,0.0,BIPL.KA,
2022-03-04 00:00:00+05:00,7.370514750664974,7.370514750664974,7.1192475863651445,7.164346694946289,15000.0,0.0,0.0,0.0,BIPL.KA,
2022-03-07 00:00:00+05:00,7.16434671371641,7.16434671371641,6.520070923478287,6.558727741241455,870000.0,0.0,0.0,0.0,BIPL.KA,
2022-03-08 00:00:00+05:00,6.571613122107552,7.203003733776817,6.539399208805059,6.887308120727539,1594000.0,0.0,0.0,0.0,BIPL.KA,
2022-03-09 00:00:00+05:00,6.900193328292269,7.138575282793681,6.861536512824553,7.087033271789551,496000.0,0.0,0.0,0.0,BIPL.KA,
2022-03-10 00:00:00+05:00,7.203003372698044,7.402728519188768,6.893750680697626,6.938850402832031,601000.0,0.0,0.0,0.0,BIPL.KA,
2022-03-11 00:00:00+05:00,6.7713385087691575,6.951735552824657,6.578055654352208,6.8550944328308105,68500.0,0.0,0.0,0.0,BIPL.KA,
2022-03-14 00:00:00+05:00,6.829323916397104,6.887308223895008,6.636041048116185,6.874423027038574,104000.0,0.0,0.0,0.0,BIPL.KA,
2022-03-15 00:00:00+05:00,6.855093560597606,6.983948575670475,6.764894742832008,6.7971086502075195,29500.0,0.0,0.0,0.0,BIPL.KA,
2022-03-16 00:00:00+05:00,6.893750423309443,7.338301036256615,6.893750423309443,7.087033271789551,1992500.0,0.0,0.0,0.0,BIPL.KA,
2022-03-17 00:00:00+05:00,7.087033390380554,7.177232218361744,7.022605568332668,7.093476295471191,1141500.0,0.0,0.0,0.0,BIPL.KA,
2022-03-18 00:00:00+05:00,6.9324073791503915,7.02260559301941,6.764895532780427,6.932407379150391,489500.0,0.0,0.0,0.0,BIPL.KA,
2022-03-21 00:00:00+05:00,7.0741484950952636,7.0741484950952636,6.958179260611774,7.009721279144287,112500.0,0.0,0.0,0.0,BIPL.KA,
2022-03-22 00:00:00+05:00,6.925965584298973,7.0548206350744795,6.900194574143872,6.996835708618164,15500.0,0.0,0.0,0.0,BIPL.KA,
2022-03-23 00:00:00+05:00,6.996835708618165,6.996835708618165,6.996835708618165,6.996835708618164,0.0,0.0,0.0,0.0,BIPL.KA,
2022-03-24 00:00:00+05:00,6.996835708618165,6.996835708618165,6.996835708618165,6.996835708618164,0.0,0.0,0.0,0.0,BIPL.KA,
2022-03-25 00:00:00+05:00,7.254545574647015,7.254545574647015,6.964621590762639,7.022605895996094,44500.0,0.0,0.0,0.0,BIPL.KA,
2022-03-28 00:00:00+05:00,6.964621854448899,7.08703398937096,6.964621854448899,7.074148178100586,76000.0,0.0,0.0,0.0,BIPL.KA,
2022-03-29 00:00:00+05:00,7.119248177257467,7.183675392802331,7.093477168153657,7.170790195465088,55000.0,0.0,0.0,0.0,BIPL.KA,
2022-03-30 00:00:00+05:00,6.900193294576989,7.815064907073975,6.83576547392201,7.815064907073975,7666000.0,0.0,0.0,0.0,BIPL.KA,
2022-03-31 00:00:00+05:00,8.01479060550952,8.369142415028985,7.9568063001809755,8.16297435760498,5027000.0,0.0,0.0,0.0,BIPL.KA,
2022-04-01 00:00:00+05:00,8.047004094823004,8.375584879881368,8.047004094823004,8.246729850769043,1927000.0,0.0,0.0,0.0,BIPL.KA,
2022-04-04 00:00:00+05:00,7.840837001800537,8.24673085368876,7.802180181150998,7.840837001800537,362000.0,0.0,0.0,0.0,BIPL.KA,
2022-04-05 00:00:00+05:00,7.989018710225392,8.053446528222858,7.860163688659668,7.860163688659668,230500.0,0.0,0.0,0.0,BIPL.KA,
2022-04-06 00:00:00+05:00,7.860164690943936,8.311157631146674,7.860164690943936,8.188745498657227,91000.0,0.0,0.0,0.0,BIPL.KA,
2022-04-07 00:00:00+05:00,7.9245910777169986,8.117873906818229,7.9245910777169986,8.104988098144531,3602500.0,0.0,0.0,0.0,BIPL.KA,
2022-04-08 00:00:00+05:00,8.150088890888412,8.44001350191779,8.150088890888412,8.382028579711914,1878500.0,0.0,0.0,0.0,BIPL.KA,
2022-04-11 00:00:00+05:00,8.601082551377587,8.665509765533528,8.375585765758519,8.568868637084961,908000.0,0.0,0.0,0.0,BIPL.KA,
2022-04-12 00:00:00+05:00,8.633294633493861,8.659065638407037,8.343370674613325,8.536653518676758,414500.0,0.0,0.0,0.0,BIPL.KA,
2022-04-13 00:00:00+05:00,8.446456308349854,8.536655149997218,8.382029090969743,8.465785026550293,367000.0,0.0,0.0,0.0,BIPL.KA,
2022-04-14 00:00:00+05:00,8.472227358739582,8.601083022975244,8.38202913108983,8.52376937866211,403000.0,0.0,0.0,0.0,BIPL.KA,
2022-04-15 00:00:00+05:00,8.594639258919353,8.594639258919353,8.394913490835137,8.510883331298828,308500.0,0.0,0.0,0.0,BIPL.KA,
2022-04-18 00:00:00+05:00,8.02123282321659,8.530210632167206,8.02123282321659,8.375584602355957,154500.0,0.0,0.0,0.0,BIPL.KA,
2022-04-19 00:00:00+05:00,8.497998151283092,8.497998151283092,8.304715888733332,8.311158180236816,554500.0,0.0,0.0,0.0,BIPL.KA,
2022-04-20 00:00:00+05:00,8.485112894195279,8.568868827445046,8.375585951824762,8.452898979187012,3660500.0,0.0,0.0,0.0,BIPL.KA,
2022-04-21 00:00:00+05:00,8.440012558701785,8.52376786538428,8.375584738022226,8.401355743408203,538500.0,0.0,0.0,0.0,BIPL.KA,
2022-04-22 00:00:00+05:00,8.755707386463865,8.755707386463865,8.375584602355957,8.375584602355957,45500.0,0.0,0.0,0.0,BIPL.KA,
2022-04-25 00:00:00+05:00,8.594639942121598,8.626853857525502,8.317601129849072,8.440013885498047,80000.0,0.0,0.0,0.0,BIPL.KA,
2022-04-26 00:00:00+05:00,8.44001309725579,8.536654220012524,8.44001309725579,8.504440307617188,1047500.0,0.0,0.0,0.0,BIPL.KA,
2022-04-27 00:00:00+05:00,8.472227082420241,8.50444099742851,8.427127970066262,8.452898979187012,26500.0,0.0,0.0,0.0,BIPL.KA,
2022-04-28 00:00:00+05:00,8.568868960780073,8.568868960780073,8.317601157120945,8.478670120239258,657500.0,0.0,0.0,0.0,BIPL.KA,
2022-04-29 00:00:00+05:00,8.478670120239258,8.478670120239258,8.478670120239258,8.478670120239258,0.0,0.0,0.0,0.0,BIPL.KA,
2022-05-02 00:00:00+05:00,8.478670120239258,8.478670120239258,8.478670120239258,8.478670120239258,0.0,0.0,0.0,0.0,BIPL.KA,
2022-05-03 00:00:00+05:00,8.478670120239258,8.478670120239258,8.478670120239258,8.478670120239258,0.0,0.0,0.0,0.0,BIPL.KA,
2022-05-04 00:00:00+05:00,8.478670120239258,8.478670120239258,8.478670120239258,8.478670120239258,0.0,0.0,0.0,0.0,BIPL.KA,
2022-05-05 00:00:00+05:00,8.478670120239258,8.478670120239258,8.478670120239258,8.478670120239258,0.0,0.0,0.0,0.0,BIPL.KA,
2022-05-06 00:00:00+05:00,8.510884140159305,8.536655149997218,8.37558618490293,8.465785026550293,1173000.0,0.0,0.0,0.0,BIPL.KA,
2022-05-09 00:00:00+05:00,8.382028798118766,8.465784730773054,8.085661888122559,8.085661888122559,1251000.0,0.0,0.0,0.0,BIPL.KA,
2022-05-10 00:00:00+05:00,8.08565999956316,8.375583936000417,8.047003187971244,8.104988098144531,937500.0,0.0,0.0,0.0,BIPL.KA,
2022-05-11 00:00:00+05:00,7.8923787834631804,8.085661652066507,7.866607775278024,8.072775840759277,69000.0,0.0,0.0,0.0,BIPL.KA,
2022-05-12 00:00:00+05:00,7.892379773097094,8.530212766480258,7.892379773097094,8.240288734436035,119500.0,0.0,0.0,0.0,BIPL.KA,
2022-05-13 00:00:00+05:00,8.208074452196001,8.369143420007207,8.182303441923382,8.201631546020508,10000.0,0.0,0.0,0.0,BIPL.KA,
2022-05-16 00:00:00+05:00,8.117874887022314,8.117874887022314,7.834393206263341,7.943920135498047,82000.0,0.0,0.0,0.0,BIPL.KA,
2022-05-17 00:00:00+05:00,8.278944421540753,8.536654500306595,7.795737563032834,7.8859357833862305,112500.0,0.0,0.0,0.0,BIPL.KA,
2022-05-18 00:00:00+05:00,7.892379703521728,8.079219688252415,7.885936797117028,8.053448677062988,7000.0,0.0,0.0,0.0,BIPL.KA,
2022-05-19 00:00:00+05:00,8.021233848379037,8.021233848379037,7.892378807067871,7.892378807067871,3500.0,0.0,0.0,0.0,BIPL.KA,
2022-05-20 00:00:00+05:00,7.860165417491431,7.860165417491431,7.7313103675842285,7.7313103675842285,603000.0,0.0,0.0,0.0,BIPL.KA,
2022-05-23 00:00:00+05:00,7.576683140694957,7.731309176767283,7.570240235584631,7.718423366546631,136500.0,0.0,0.0,0.0,BIPL.KA,
2022-05-24 00:00:00+05:00,7.73130897469889,7.744194784582754,7.344743280192252,7.589568138122559,138000.0,0.0,0.0,0.0,BIPL.KA,
2022-05-25 00:00:00+05:00,7.422056611954242,7.692651849904358,7.409170802588937,7.679766654968262,321500.0,0.0,0.0,0.0,BIPL.KA,
2022-05-26 00:00:00+05:00,7.6990960849646655,7.976134889898007,7.634668870292962,7.692653179168701,202000.0,0.0,0.0,0.0,BIPL.KA,
2022-05-27 00:00:00+05:00,7.982577457303736,8.08566148795207,7.8923786232718,8.00834846496582,5630000.0,0.0,0.0,0.0,BIPL.KA,
2022-05-30 00:00:00+05:00,8.304715902152454,8.304715902152454,7.83439421359573,7.847280025482178,9000.0,0.0,0.0,0.0,BIPL.KA,
2022-05-31 00:00:00+05:00,7.853721250819501,8.150088125252081,7.795736948490096,8.066332817077637,173000.0,0.0,0.0,0.0,BIPL.KA,
2022-06-01 00:00:00+05:00,7.866607736095604,8.053447698114693,7.860164830474082,7.989019870758057,55000.0,0.0,0.0,0.0,BIPL.KA,
2022-06-02 00:00:00+05:00,7.885935726780801,7.885935726780801,7.737752586161428,7.782851696014404,59500.0,0.0,0.0,0.0,BIPL.KA,
2022-06-03 00:00:00+05:00,7.795737704098267,7.795737704098267,7.409171964525228,7.711981773376465,60000.0,0.0,0.0,0.0,BIPL.KA,
2022-06-06 00:00:00+05:00,7.409172376160671,7.879493458156092,7.409172376160671,7.873051166534424,6500.0,0.0,0.0,0.0,BIPL.KA,
2022-06-07 00:00:00+05:00,7.982576419969013,7.982576419969013,7.860163688659668,7.860163688659668,5500.0,0.0,0.0,0.0,BIPL.KA,
2022-06-08 00:00:00+05:00,7.91170745822105,7.9245932704602655,7.744196200116675,7.795738220214844,24000.0,0.0,0.0,0.0,BIPL.KA,
2022-06-09 00:00:00+05:00,7.7313103675842285,7.795738199752502,7.608898223779724,7.7313103675842285,140000.0,0.0,0.0,0.0,BIPL.KA,
2022-06-10 00:00:00+05:00,8.15008943338997,8.15008943338997,7.7313103675842285,7.7313103675842285,1500.0,0.0,0.0,0.0,BIPL.KA,
2022-06-13 00:00:00+05:00,7.409171125623915,7.409171125623915,7.2481021881103525,7.248102188110352,512500.0,0.0,0.0,0.0,BIPL.KA,
2022-06-14 00:00:00+05:00,7.151461092759333,7.151461092759333,6.971063439815639,7.087033271789551,85500.0,0.0,0.0,0.0,BIPL.KA,
2022-06-15 00:00:00+05:00,7.209445394317052,7.344743326810203,7.087033271789551,7.087033271789551,100500.0,0.0,0.0,0.0,BIPL.KA,
2022-06-16 00:00:00+05:00,7.280316561706247,7.376957684591445,7.0290487820037475,7.228774547576904,146000.0,0.0,0.0,0.0,BIPL.KA,
2022-06-17 00:00:00+05:00,7.241659755515413,7.795737329938892,7.241659755515413,7.473599433898926,109000.0,0.0,0.0,0.0,BIPL.KA,
2022-06-20 00:00:00+05:00,7.731309317380921,7.860164349784751,7.08703354093251,7.138575553894043,236500.0,0.0,0.0,0.0,BIPL.KA,
2022-06-21 00:00:00+05:00,7.666882394630232,7.78285224463185,6.925965410447153,7.396286487579346,27500.0,0.0,0.0,0.0,BIPL.KA,
2022-06-22 00:00:00+05:00,7.6990962848011195,7.6990962848011195,7.22233230325258,7.621783256530762,21500.0,0.0,0.0,0.0,BIPL.KA,
2022-06-23 00:00:00+05:00,7.718424858249756,7.724867764605272,7.6024556159973145,7.6024556159973145,11000.0,0.0,0.0,0.0,BIPL.KA,
2022-06-24 00:00:00+05:00,7.860164532013448,7.860164532013448,6.958178669845894,7.003277778625488,163000.0,0.0,0.0,0.0,BIPL.KA,
2022-06-27 00:00:00+05:00,6.983950033525313,7.557355123901516,6.983950033525313,7.486485004425049,19000.0,0.0,0.0,0.0,BIPL.KA,
2022-06-28 00:00:00+05:00,7.679767556558901,7.679767556558901,7.351186752319337,7.351186752319336,21500.0,0.0,0.0,0.0,BIPL.KA,
2022-06-29 00:00:00+05:00,7.666881154138039,7.666881154138039,7.248102163780209,7.589568138122559,151500.0,0.0,0.0,0.0,BIPL.KA,
2022-06-30 00:00:00+05:00,7.660438489594428,7.892377526316144,7.4091707389906665,7.757079601287842,1012000.0,0.0,0.0,0.0,BIPL.KA,
2022-07-01 00:00:00+05:00,7.724866691117827,7.724866691117827,7.570240646649295,7.615339756011963,4500.0,0.0,0.0,0.0,BIPL.KA,
2022-07-04 00:00:00+05:00,8.053448176986686,8.053448176986686,7.724867343902589,7.724867343902588,3000.0,0.0,0.0,0.0,BIPL.KA,
2022-07-05 00:00:00+05:00,7.666881297878281,7.666881297878281,7.409171239661744,7.434942245483398,25000.0,0.0,0.0,0.0,BIPL.KA,
2022-07-06 00:00:00+05:00,7.724865740987257,7.724865740987257,7.344742967600547,7.660438537597656,11500.0,0.0,0.0,0.0,BIPL.KA,
2022-07-07 00:00:00+05:00,7.711981773376465,7.711981773376465,7.711981773376465,7.711981773376465,500.0,0.0,0.0,0.0,BIPL.KA,
2022-07-08 00:00:00+05:00,7.711981773376465,7.711981773376465,7.711981773376465,7.711981773376465,0.0,0.0,0.0,0.0,BIPL.KA,
2022-07-11 00:00:00+05:00,7.711981773376465,7.711981773376465,7.711981773376465,7.711981773376465,0.0,0.0,0.0,0.0,BIPL.KA,
2022-07-12 00:00:00+05:00,7.711981773376465,7.711981773376465,7.711981773376465,7.711981773376465,0.0,0.0,0.0,0.0,BIPL.KA,
2022-07-13 00:00:00+05:00,8.021232938364252,8.021232938364252,7.4091711007531025,7.589568138122559,74000.0,0.0,0.0,0.0,BIPL.KA,
2022-07-14 00:00:00+05:00,8.040562363041671,8.040562363041671,7.409172321044002,7.460714340209961,105000.0,0.0,0.0,0.0,BIPL.KA,
2022-07-15 00:00:00+05:00,7.570240589755538,7.570240589755538,7.254545597730886,7.312530517578125,11500.0,0.0,0.0,0.0,BIPL.KA,
2022-07-18 00:00:00+05:00,7.215887904324985,7.241658908416427,7.0805899792376135,7.209444999694824,64000.0,0.0,0.0,0.0,BIPL.KA,
2022-07-19 00:00:00+05:00,7.273873215286834,7.370514332312268,6.938850143759986,7.087033271789551,28500.0,0.0,0.0,0.0,BIPL.KA,
2022-07-20 00:00:00+05:00,6.958178385174289,7.016163302335373,6.900193468013206,6.932407379150391,11500.0,0.0,0.0,0.0,BIPL.KA,
2022-07-21 00:00:00+05:00,6.784224002537394,6.945292952551108,6.462086102509968,6.745567798614502,279000.0,0.0,0.0,0.0,BIPL.KA,
2022-07-22 00:00:00+05:00,6.65536921270902,6.829323980113606,6.642484015732368,6.777781963348389,21000.0,0.0,0.0,0.0,BIPL.KA,
2022-07-25 00:00:00+05:00,6.603826660645851,6.8550944328308105,6.584498559532933,6.8550944328308105,7500.0,0.0,0.0,0.0,BIPL.KA,
2022-07-26 00:00:00+05:00,6.764895915985107,6.8550947493927845,6.687582893533935,6.764895915985107,57500.0,0.0,0.0,0.0,BIPL.KA,
2022-07-27 00:00:00+05:00,6.752010685376647,7.248103390115048,6.752010685376647,7.016164302825928,17000.0,0.0,0.0,0.0,BIPL.KA,
2022-07-28 00:00:00+05:00,6.990392154764116,7.570240085775202,6.958178244279225,7.087033271789551,63000.0,0.0,0.0,0.0,BIPL.KA,
2022-07-29 00:00:00+05:00,7.306088041452934,7.666882163700629,6.964622022146894,7.183675289154053,82500.0,0.0,0.0,0.0,BIPL.KA,
2022-08-01 00:00:00+05:00,7.112804277291616,7.183674388814986,7.087033271789551,7.087033271789551,4000.0,0.0,0.0,0.0,BIPL.KA,
2022-08-02 00:00:00+05:00,7.074148688921452,7.3447446008459245,7.074148688921452,7.157904624938965,53500.0,0.0,0.0,0.0,BIPL.KA,
2022-08-03 00:00:00+05:00,7.119247301404497,7.376957360737545,7.087033390380554,7.093476295471191,2778500.0,0.0,0.0,0.0,BIPL.KA,
2022-08-04 00:00:00+05:00,7.1192474815151545,7.306087432865811,7.009720549920362,7.203003406524658,77000.0,0.0,0.0,0.0,BIPL.KA,
2022-08-05 00:00:00+05:00,7.203003646935894,7.473599532327605,7.087033806216794,7.190117835998535,3130000.0,0.0,0.0,0.0,BIPL.KA,
2022-08-08 00:00:00+05:00,7.190117835998535,7.190117835998535,7.190117835998535,7.190117835998535,0.0,0.0,0.0,0.0,BIPL.KA,
2022-08-09 00:00:00+05:00,7.190117835998535,7.190117835998535,7.190117835998535,7.190117835998535,0.0,0.0,0.0,0.0,BIPL.KA,
2022-08-10 00:00:00+05:00,7.273873790677315,7.306087703710446,7.087033832400296,7.25454568862915,145000.0,0.0,0.0,0.0,BIPL.KA,
2022-08-11 00:00:00+05:00,7.241660212408331,7.248103118198655,7.093477065806786,7.183675289154053,168500.0,0.0,0.0,0.0,BIPL.KA,
2022-08-12 00:00:00+05:00,7.087034849432894,7.235218010449482,7.087034849432894,7.177233695983887,49000.0,0.0,0.0,0.0,BIPL.KA,
2022-08-15 00:00:00+05:00,7.351186809580716,7.563797775290833,7.248102779470268,7.454270839691162,760500.0,0.0,0.0,0.0,BIPL.KA,
2022-08-16 00:00:00+05:00,7.596011185476045,7.666881297878281,7.409171239661744,7.434942245483398,249000.0,0.0,0.0,0.0,BIPL.KA,
2022-08-17 00:00:00+05:00,7.3511868132992575,7.5702406846094075,6.7906669384682035,7.25454568862915,267000.0,0.0,0.0,0.0,BIPL.KA,
2022-08-18 00:00:00+05:00,7.402728220660356,7.402728220660356,7.087033250596789,7.248102188110352,224000.0,0.0,0.0,0.0,BIPL.KA,
2022-08-19 00:00:00+05:00,7.125690939716191,7.4413859484909475,7.08703411962389,7.3447442054748535,817000.0,0.0,0.0,0.0,BIPL.KA,
2022-08-22 00:00:00+05:00,7.306088261515272,7.409172299548118,7.203004223482426,7.396286487579346,883500.0,0.0,0.0,0.0,BIPL.KA,
2022-08-23 00:00:00+05:00,7.286759920537841,7.538027101447527,7.254546006094998,7.409172058105469,268000.0,0.0,0.0,0.0,BIPL.KA,
2022-08-24 00:00:00+05:00,7.215888221057927,7.666881119668567,7.215888221057927,7.550911903381348,1133500.0,0.0,0.0,0.0,BIPL.KA,
2022-08-25 00:00:00+05:00,7.6024536742590145,7.724865791601763,7.4864838471969914,7.538025856018066,1182000.0,0.0,0.0,0.0,BIPL.KA,
2022-08-26 00:00:00+05:00,7.428500160999449,7.467156981216723,7.248103100320567,7.409172058105469,566000.0,0.0,0.0,0.0,BIPL.KA,
2022-08-29 00:00:00+05:00,7.254546197657693,7.6539971497805865,7.2223322823642135,7.5573554039001465,65000.0,0.0,0.0,0.0,BIPL.KA,
2022-08-30 00:00:00+05:00,7.692653412200414,7.692653412200414,7.409172307312998,7.4413862228393555,62500.0,0.0,0.0,0.0,BIPL.KA,
2022-08-31 00:00:00+05:00,7.415614742181034,7.731309742538318,7.415614742181034,7.686210632324219,188000.0,0.0,0.0,0.0,BIPL.KA,
2022-09-01 00:00:00+05:00,7.660439624426263,7.98257753036536,7.589568891884913,7.686210632324219,2742000.0,0.0,0.0,0.0,BIPL.KA,
2022-09-02 00:00:00+05:00,7.692654252653655,7.956807897286167,7.66688324030285,7.744196891784668,1524000.0,0.0,0.0,0.0,BIPL.KA,
2022-09-05 00:00:00+05:00,7.821507485840576,7.821507485840576,7.679766654968262,7.679766654968262,66000.0,0.0,0.0,0.0,BIPL.KA,
2022-09-06 00:00:00+05:00,7.5702409353132225,7.692653071577904,7.473599807442649,7.486485004425049,205500.0,0.0,0.0,0.0,BIPL.KA,
2022-09-07 00:00:00+05:00,7.544470260980234,7.544470260980234,7.441386222839356,7.4413862228393555,18000.0,0.0,0.0,0.0,BIPL.KA,
2022-09-08 00:00:00+05:00,7.447829128830494,7.6346691015681705,7.415615213304136,7.4413862228393555,95000.0,0.0,0.0,0.0,BIPL.KA,
2022-09-09 00:00:00+05:00,7.441385358542853,7.480041561141204,7.357629433674076,7.3834004402160645,1993000.0,0.0,0.0,0.0,BIPL.KA,
2022-09-12 00:00:00+05:00,7.596011656897271,7.596011656897271,7.409171699487369,7.415614604949951,10500.0,0.0,0.0,0.0,BIPL.KA,
2022-09-13 00:00:00+05:00,7.306088023431822,7.409172058105469,7.306088023431822,7.409172058105469,525500.0,0.0,0.0,0.0,BIPL.KA,
2022-09-14 00:00:00+05:00,7.344743623188451,7.4027285415152395,7.344743623188451,7.3834004402160645,13500.0,0.0,0.0,0.0,BIPL.KA,
2022-09-15 00:00:00+05:00,7.4027291523310375,7.4220578696543305,7.286759920537841,7.409172058105469,294500.0,0.0,0.0,0.0,BIPL.KA,
2022-09-16 00:00:00+05:00,7.402729128398647,7.409172034152249,7.3447442054748535,7.3447442054748535,70000.0,0.0,0.0,0.0,BIPL.KA,
2022-09-19 00:00:00+05:00,7.344743304846796,7.396285315696797,7.151461071373908,7.248102188110352,14000.0,0.0,0.0,0.0,BIPL.KA,
2022-09-20 00:00:00+05:00,7.2223318826387555,7.351186922251765,7.183675063540205,7.215888977050781,43000.0,0.0,0.0,0.0,BIPL.KA,
2022-09-21 00:00:00+05:00,7.40272836667085,7.409171271761488,6.971063556466058,7.093476295471191,75500.0,0.0,0.0,0.0,BIPL.KA,
2022-09-22 00:00:00+05:00,7.215888740628259,7.248102653083373,6.925964757390779,7.003277778625488,554500.0,0.0,0.0,0.0,BIPL.KA,
2022-09-23 00:00:00+05:00,6.951735839662898,7.151461607501534,6.925964832305907,6.925964832305908,16000.0,0.0,0.0,0.0,BIPL.KA,
2022-09-26 00:00:00+05:00,6.777782309504776,7.054820510159446,6.777782309504776,7.016164302825928,2500.0,0.0,0.0,0.0,BIPL.KA,
2022-09-27 00:00:00+05:00,7.022605895996093,7.022605895996093,7.022605895996093,7.022605895996094,1000.0,0.0,0.0,0.0,BIPL.KA,
2022-09-28 00:00:00+05:00,7.074148614479839,7.409172355024416,6.764896498065771,7.280317306518555,160000.0,0.0,0.0,0.0,BIPL.KA,
2022-09-29 00:00:00+05:00,7.389844692312524,7.389844692312524,7.054820931776869,7.177233695983887,115000.0,0.0,0.0,0.0,BIPL.KA,
2022-09-30 00:00:00+05:00,6.809995330641188,7.087034134327743,6.809995330641188,6.90019416809082,338000.0,0.0,0.0,0.0,BIPL.KA,
2022-10-03 00:00:00+05:00,7.016163160266181,7.087033271789551,7.016163160266181,7.087033271789551,82500.0,0.0,0.0,0.0,BIPL.KA,
2022-10-04 00:00:00+05:00,7.087033721050077,7.087033721050077,6.964621590762639,7.022605895996094,156000.0,0.0,0.0,0.0,BIPL.KA,
2022-10-05 00:00:00+05:00,7.016163989730866,7.093477015377159,6.829324024144996,6.835766315460205,342000.0,0.0,0.0,0.0,BIPL.KA,
2022-10-06 00:00:00+05:00,6.983949905747363,7.3962860325089945,6.983949905747363,7.215888977050781,518500.0,0.0,0.0,0.0,BIPL.KA,
2022-10-07 00:00:00+05:00,7.215888977050781,7.215888977050781,7.215888977050781,7.215888977050781,0.0,0.0,0.0,0.0,BIPL.KA,
2022-10-10 00:00:00+05:00,6.9968349313972436,7.235216902459373,6.971063924104832,7.1063618659973145,22000.0,0.0,0.0,0.0,BIPL.KA,
2022-10-11 00:00:00+05:00,7.080590815658823,7.087033721050077,7.016163605034116,7.022605895996094,31000.0,0.0,0.0,0.0,BIPL.KA,
2022-10-12 00:00:00+05:00,6.971064919559467,6.99039363861084,6.971064919559467,6.99039363861084,1000.0,0.0,0.0,0.0,BIPL.KA,
2022-10-13 00:00:00+05:00,7.009721279144286,7.080591401019159,6.945293448763983,7.009721279144287,3500.0,0.0,0.0,0.0,BIPL.KA,
2022-10-14 00:00:00+05:00,7.080590815658823,7.119247633577069,6.958178685371386,7.022605895996094,78500.0,0.0,0.0,0.0,BIPL.KA,
2022-10-17 00:00:00+05:00,6.996834666076372,7.054819583892822,6.784223710368889,7.054819583892822,9500.0,0.0,0.0,0.0,BIPL.KA,
2022-10-18 00:00:00+05:00,7.145018471108972,7.145018471108972,6.906636507154631,6.958178520202637,104000.0,0.0,0.0,0.0,BIPL.KA,
2022-10-19 00:00:00+05:00,7.06770495072196,7.06770495072196,6.900193112971139,6.913078308105469,115500.0,0.0,0.0,0.0,BIPL.KA,
2022-10-20 00:00:00+05:00,6.900193585921007,6.977506605313796,6.893750680697626,6.938850402832031,55000.0,0.0,0.0,0.0,BIPL.KA,
2022-10-21 00:00:00+05:00,6.764895282392603,7.087033152982727,6.764895282392603,7.08059024810791,70000.0,0.0,0.0,0.0,BIPL.KA,
2022-10-24 00:00:00+05:00,7.041934445012961,7.041934445012961,6.8164376771059905,6.958178520202637,84500.0,0.0,0.0,0.0,BIPL.KA,
2022-10-25 00:00:00+05:00,6.958178520202637,6.958178520202637,6.958178520202637,6.958178520202637,500.0,0.0,0.0,0.0,BIPL.KA,
2022-10-26 00:00:00+05:00,6.771338641382727,7.215888662261688,6.636040702084039,6.880865573883057,3378500.0,0.0,0.0,0.0,BIPL.KA,
2022-10-27 00:00:00+05:00,6.925965537329086,7.087034503313483,6.893751621246338,6.893751621246338,1461000.0,0.0,0.0,0.0,BIPL.KA,
2022-10-28 00:00:00+05:00,6.829323799022708,7.151461702477943,6.809995082426305,6.867980003356934,510500.0,0.0,0.0,0.0,BIPL.KA,
2022-10-31 00:00:00+05:00,6.996834666076372,7.24810243847124,6.990392375319521,7.054819583892822,364000.0,0.0,0.0,0.0,BIPL.KA,
2022-11-01 00:00:00+05:00,7.080591305337606,7.119248125929277,6.971064363828747,7.067706108093262,348000.0,0.0,0.0,0.0,BIPL.KA,
2022-11-02 00:00:00+05:00,6.996835661167657,7.080591597211065,6.893751621246338,6.893751621246338,956500.0,0.0,0.0,0.0,BIPL.KA,
2022-11-03 00:00:00+05:00,6.900193765708655,7.041934612169854,6.900193765708655,7.022605895996094,233500.0,0.0,0.0,0.0,BIPL.KA,
2022-11-04 00:00:00+05:00,6.983949633130495,7.022605836290814,6.893750801707631,6.919521808624268,274000.0,0.0,0.0,0.0,BIPL.KA,
2022-11-07 00:00:00+05:00,6.9646223573609225,7.215889550984115,6.945293639059643,7.157904624938965,368500.0,0.0,0.0,0.0,BIPL.KA,
2022-11-08 00:00:00+05:00,7.183674651867117,7.8021794209943565,7.177232361077625,7.544469356536865,3348500.0,0.0,0.0,0.0,BIPL.KA,
2022-11-09 00:00:00+05:00,7.544469356536865,7.544469356536865,7.544469356536865,7.544469356536865,0.0,0.0,0.0,0.0,BIPL.KA,
2022-11-10 00:00:00+05:00,7.731309821157405,7.860164861957502,7.54446985838994,7.608897686004639,1329500.0,0.0,0.0,0.0,BIPL.KA,
2022-11-11 00:00:00+05:00,7.892379687725884,8.047005754552975,7.608898565209552,7.705539703369141,905000.0,0.0,0.0,0.0,BIPL.KA,
2022-11-14 00:00:00+05:00,7.570241340859816,7.892379270258107,7.5380274250341195,7.873051166534424,1054500.0,0.0,0.0,0.0,BIPL.KA,
2022-11-15 00:00:00+05:00,7.892378570664384,8.047004615606209,7.795737446183065,7.87949275970459,1931500.0,0.0,0.0,0.0,BIPL.KA,
2022-11-16 00:00:00+05:00,8.072776397125322,8.52376937866211,8.072776397125322,8.52376937866211,7904000.0,0.0,0.0,0.0,BIPL.KA,
2022-11-17 00:00:00+05:00,8.697723061475408,9.161601796794292,8.697723061475408,8.968318939208984,17130000.0,0.0,0.0,0.0,BIPL.KA,
2022-11-18 00:00:00+05:00,9.142273440810998,9.142273440810998,8.63329557731091,8.71705150604248,1343000.0,0.0,0.0,0.0,BIPL.KA,
2022-11-21 00:00:00+05:00,8.697722119084876,8.987646066835199,8.697722119084876,8.948989868164062,552000.0,0.0,0.0,0.0,BIPL.KA,
2022-11-22 00:00:00+05:00,8.981204733961192,9.619038267948053,8.955433725527431,9.438640594482422,7744500.0,0.0,0.0,0.0,BIPL.KA,
2022-11-23 00:00:00+05:00,9.438640038454055,10.140900744940629,9.438640038454055,9.966946601867676,8623000.0,0.0,0.0,0.0,BIPL.KA,
2022-11-24 00:00:00+05:00,9.979831996516399,10.173114859440592,9.792992039056513,9.870305061340332,1563000.0,0.0,0.0,0.0,BIPL.KA,
2022-11-25 00:00:00+05:00,9.85742008572433,9.921847298523213,9.548167375230085,9.863862991333008,958500.0,0.0,0.0,0.0,BIPL.KA,
2022-11-28 00:00:00+05:00,9.72856445685562,9.72856445685562,9.503067689634952,9.631922721862793,1525000.0,0.0,0.0,0.0,BIPL.KA,
2022-11-29 00:00:00+05:00,9.535281316711282,9.722121261472584,9.50951031103487,9.561052322387695,228000.0,0.0,0.0,0.0,BIPL.KA,
2022-11-30 00:00:00+05:00,9.535282135009766,9.657694268870575,9.509511127121737,9.535282135009766,83000.0,0.0,0.0,0.0,BIPL.KA,
2022-12-01 00:00:00+05:00,9.548166930387497,9.79299180224734,9.548166930387497,9.657693862915039,585000.0,0.0,0.0,0.0,BIPL.KA,
2022-12-02 00:00:00+05:00,9.664136903055443,9.664136903055443,9.34199900628693,9.483739852905273,428500.0,0.0,0.0,0.0,BIPL.KA,
2022-12-05 00:00:00+05:00,9.406425919157833,9.503067033044223,9.27757028140369,9.341998100280762,1013500.0,0.0,0.0,0.0,BIPL.KA,
2022-12-06 00:00:00+05:00,9.316228587673793,9.34199959646618,9.08428950854229,9.24535846710205,1747000.0,0.0,0.0,0.0,BIPL.KA,
2022-12-07 00:00:00+05:00,9.341999843426601,9.599709938163189,9.213144796058309,9.496625900268555,429000.0,0.0,0.0,0.0,BIPL.KA,
2022-12-08 00:00:00+05:00,9.496625768331931,9.625480813910041,9.341999713638199,9.470854759216309,393500.0,0.0,0.0,0.0,BIPL.KA,
2022-12-09 00:00:00+05:00,9.374213673205519,9.39354177652679,9.14871688154981,9.309785842895508,785000.0,0.0,0.0,0.0,BIPL.KA,
2022-12-12 00:00:00+05:00,9.232472698313416,9.34199963979641,9.148716765742343,9.303342819213867,200000.0,0.0,0.0,0.0,BIPL.KA,
2022-12-13 00:00:00+05:00,9.232471258972938,9.728563871223319,9.180929249184485,9.670578956604004,1133000.0,0.0,0.0,0.0,BIPL.KA,
2022-12-14 00:00:00+05:00,9.664137402217655,9.85742027314787,9.541725265471793,9.747893333435059,949500.0,0.0,0.0,0.0,BIPL.KA,
2022-12-15 00:00:00+05:00,9.741449652863775,9.792991665754911,9.406426569071384,9.631922721862793,155000.0,0.0,0.0,0.0,BIPL.KA,
2022-12-16 00:00:00+05:00,9.94761889829223,9.986275719814612,9.470854914615733,9.825206756591797,2567000.0,0.0,0.0,0.0,BIPL.KA,
2022-12-19 00:00:00+05:00,9.664137338833838,9.677023150211681,9.535282297201913,9.599709510803223,138500.0,0.0,0.0,0.0,BIPL.KA,
2022-12-20 00:00:00+05:00,9.515953661244309,9.599708972789028,8.884563070990113,9.296899795532227,2147500.0,0.0,0.0,0.0,BIPL.KA,
2022-12-21 00:00:00+05:00,9.348442545631718,9.490182787432623,9.213144595236804,9.303342819213867,1498500.0,0.0,0.0,0.0,BIPL.KA,
2022-12-22 00:00:00+05:00,9.496626305937879,9.50306921218885,9.180931272792618,9.354886054992676,208000.0,0.0,0.0,0.0,BIPL.KA,
2022-12-23 00:00:00+05:00,9.122945232710808,9.245357978831722,9.019861202985375,9.200258255004883,70000.0,0.0,0.0,0.0,BIPL.KA,
2022-12-26 00:00:00+05:00,9.180930153038686,9.238915073366561,9.180930153038686,9.200258255004883,45000.0,0.0,0.0,0.0,BIPL.KA,
2022-12-27 00:00:00+05:00,9.245358627014825,9.309785842895508,9.097174863073533,9.309785842895508,257000.0,0.0,0.0,0.0,BIPL.KA,
2022-12-28 00:00:00+05:00,9.213144989626192,9.226030187419074,8.639739248753385,8.852350234985352,723000.0,0.0,0.0,0.0,BIPL.KA,
2022-12-29 00:00:00+05:00,9.142273503457723,9.271129157422674,8.845906605311063,9.064960479736328,319500.0,0.0,0.0,0.0,BIPL.KA,
2022-12-30 00:00:00+05:00,9.06496073592765,9.180930582001896,8.388471605639381,8.607524871826172,2262000.0,0.0,0.0,0.0,BIPL.KA,
2023-01-02 00:00:00+05:00,8.891007175220743,8.923221091774494,8.65906746757722,8.858793258666992,308500.0,0.0,0.0,0.0,BIPL.KA,
2023-01-03 00:00:00+05:00,9.08428779237144,9.1487149949664,8.800806134780172,8.948989868164062,426000.0,0.0,0.0,0.0,BIPL.KA,
2023-01-04 00:00:00+05:00,9.000532897305208,9.006975188195273,8.80080713341072,8.826578140258789,421000.0,0.0,0.0,0.0,BIPL.KA,
2023-01-05 00:00:00+05:00,8.729937714182622,8.858792758695973,8.536654840197937,8.575311660766602,7361500.0,0.0,0.0,0.0,BIPL.KA,
2023-01-06 00:00:00+05:00,8.536654338687507,8.684837477565083,8.440013214587285,8.510883331298828,510000.0,0.0,0.0,0.0,BIPL.KA,
2023-01-09 00:00:00+05:00,8.485112652976666,8.485112652976666,8.220959663391113,8.220959663391113,219000.0,0.0,0.0,0.0,BIPL.KA,
2023-01-10 00:00:00+05:00,8.568868148385866,8.568868148385866,8.214516340234972,8.324043273925781,2126000.0,0.0,0.0,0.0,BIPL.KA,
2023-01-11 00:00:00+05:00,8.311158297894435,8.375586129275984,8.214517165251445,8.317601203918457,164500.0,0.0,0.0,0.0,BIPL.KA,
2023-01-12 00:00:00+05:00,8.330486680371957,8.575311569557977,8.330486680371957,8.388471603393555,629500.0,0.0,0.0,0.0,BIPL.KA,
2023-01-13 00:00:00+05:00,8.375586523289922,9.032748222351074,8.311158688877486,9.032748222351074,6312000.0,0.0,0.0,0.0,BIPL.KA,
2023-01-16 00:00:00+05:00,9.11650243308046,9.11650243308046,8.6977234038519,8.71705150604248,187500.0,0.0,0.0,0.0,BIPL.KA,
2023-01-17 00:00:00+05:00,8.820135720234287,8.820135720234287,8.278944546647825,8.382028579711914,3081500.0,0.0,0.0,0.0,BIPL.KA,
2023-01-18 00:00:00+05:00,8.388471866623531,8.504441101876527,8.214517092100039,8.440013885498047,2042500.0,0.0,0.0,0.0,BIPL.KA,
2023-01-19 00:00:00+05:00,8.440013214587285,8.601082164373842,8.440013214587285,8.510883331298828,871500.0,0.0,0.0,0.0,BIPL.KA,
2023-01-20 00:00:00+05:00,8.51088321298211,8.51088321298211,8.44001309725579,8.504440307617188,86000.0,0.0,0.0,0.0,BIPL.KA,
2023-01-23 00:00:00+05:00,8.665510345357,8.665510345357,8.15008952547527,8.201631546020508,643000.0,0.0,0.0,0.0,BIPL.KA,
2023-01-24 00:00:00+05:00,8.278945513328843,8.504441708379,8.182303760225027,8.420685768127441,328500.0,0.0,0.0,0.0,BIPL.KA,
2023-01-25 00:00:00+05:00,8.530211977884814,8.626853722584869,8.311158093879879,8.4142427444458,1339500.0,0.0,0.0,0.0,BIPL.KA,
2023-01-26 00:00:00+05:00,8.37558498147682,8.697722865379774,8.311157158924528,8.613966941833496,1036500.0,0.0,0.0,0.0,BIPL.KA,
2023-01-27 00:00:00+05:00,8.523768577584203,8.601082214631274,8.311157611777972,8.369142532348633,431000.0,0.0,0.0,0.0,BIPL.KA,
2023-01-30 00:00:00+05:00,8.311157789377793,8.311157789377793,7.9374778648587485,8.034119606018066,233500.0,0.0,0.0,0.0,BIPL.KA,
2023-01-31 00:00:00+05:00,8.227401495762809,8.24672959592506,8.162973675982999,8.214515686035156,135000.0,0.0,0.0,0.0,BIPL.KA,
2023-02-01 00:00:00+05:00,8.201630514006526,8.407799184674554,8.162974310676397,8.304715156555176,50000.0,0.0,0.0,0.0,BIPL.KA,
2023-02-02 00:00:00+05:00,8.066333613062396,8.343371799627354,8.066333613062396,8.220959663391113,25500.0,0.0,0.0,0.0,BIPL.KA,
2023-02-03 00:00:00+05:00,8.30471440751637,8.375584516849035,7.898820622583718,8.047003746032715,750500.0,0.0,0.0,0.0,BIPL.KA,
2023-02-06 00:00:00+05:00,8.20807356184337,8.214516467319983,7.757080623778327,7.905264377593994,956500.0,0.0,0.0,0.0,BIPL.KA,
2023-02-07 00:00:00+05:00,7.90526514578096,7.90526514578096,7.718424555378837,7.7313103675842285,303500.0,0.0,0.0,0.0,BIPL.KA,
2023-02-08 00:00:00+05:00,7.737752960251299,8.208074026968475,7.7313100544095885,8.085661888122559,834500.0,0.0,0.0,0.0,BIPL.KA,
2023-02-09 00:00:00+05:00,8.182302574081664,8.504440475537079,8.182302574081664,8.369142532348633,334500.0,0.0,0.0,0.0,BIPL.KA,
2023-02-10 00:00:00+05:00,8.214515667695265,8.440012421991923,8.214515667695265,8.375584602355957,1590000.0,0.0,0.0,0.0,BIPL.KA,
2023-02-13 00:00:00+05:00,8.497996739812566,8.523767744834068,8.25317249932292,8.394912719726562,105000.0,0.0,0.0,0.0,BIPL.KA,
2023-02-14 00:00:00+05:00,8.25317248236269,8.433569517142482,8.220958572544706,8.375584602355957,332000.0,0.0,0.0,0.0,BIPL.KA,
2023-02-15 00:00:00+05:00,8.375585534857263,8.601082314259754,8.375585534857263,8.55598258972168,264000.0,0.0,0.0,0.0,BIPL.KA,
2023-02-16 00:00:00+05:00,8.69127978978852,8.948990460514308,8.51732565539566,8.549539566040039,620500.0,0.0,0.0,0.0,BIPL.KA,
2023-02-17 00:00:00+05:00,8.820135297347079,8.948990946928422,8.44001309725579,8.504440307617188,7351000.0,0.0,0.0,0.0,BIPL.KA,
2023-02-20 00:00:00+05:00,8.659066697364457,8.659066697364457,8.182302740950414,8.233844757080078,367500.0,0.0,0.0,0.0,BIPL.KA,
2023-02-21 00:00:00+05:00,8.246730300258017,8.246730300258017,8.117875264122432,8.182302474975586,107500.0,0.0,0.0,0.0,BIPL.KA,
2023-02-22 00:00:00+05:00,8.240287379138982,8.433570240188626,8.1178752486508,8.16297435760498,1482500.0,0.0,0.0,0.0,BIPL.KA,
2023-02-23 00:00:00+05:00,8.085661368556504,8.111432375838044,7.9890196304287695,8.00190544128418,2960500.0,0.0,0.0,0.0,BIPL.KA,
2023-02-24 00:00:00+05:00,8.014789714538537,8.014789714538537,7.815064584718967,7.860163688659668,112000.0,0.0,0.0,0.0,BIPL.KA,
2023-02-27 00:00:00+05:00,7.8601645360604575,7.950363368095364,7.834393528968952,7.8988213539123535,58500.0,0.0,0.0,0.0,BIPL.KA,
2023-02-28 00:00:00+05:00,8.021233794758437,8.059890614108024,7.8343938324989155,8.034119606018066,2430000.0,0.0,0.0,0.0,BIPL.KA,
2023-03-01 00:00:00+05:00,8.053447006940493,8.246729857992914,7.860164155888072,8.066332817077637,5883500.0,0.0,0.0,0.0,BIPL.KA,
2023-03-02 00:00:00+05:00,8.066333937121984,8.11787595596889,7.486485303450302,7.621783256530762,4146500.0,0.0,0.0,0.0,BIPL.KA,
2023-03-03 00:00:00+05:00,7.505813428832858,7.8923791857430245,7.003278436393107,7.132133483886719,15739000.0,0.0,0.0,0.0,BIPL.KA,
2023-03-06 00:00:00+05:00,7.280316294497862,7.280316294497862,6.642483432235582,6.77133846282959,5444000.0,0.0,0.0,0.0,BIPL.KA,
2023-03-07 00:00:00+05:00,6.803552643187805,6.9259647734865935,6.6682547021053145,6.822880744934082,3969500.0,0.0,0.0,0.0,BIPL.KA,
2023-03-08 00:00:00+05:00,6.951734668294963,7.009719578685049,6.764894742832008,6.7971086502075195,2750000.0,0.0,0.0,0.0,BIPL.KA,
2023-03-09 00:00:00+05:00,6.874422759210338,6.9259647734865935,6.797109737795954,6.822880744934082,658000.0,0.0,0.0,0.0,BIPL.KA,
2023-03-10 00:00:00+05:00,6.784223216295292,6.919521143203936,6.784223216295292,6.809994220733643,1408500.0,0.0,0.0,0.0,BIPL.KA,
2023-03-13 00:00:00+05:00,6.7971086502075195,6.925963665280389,6.764894742832008,6.7971086502075195,1974000.0,0.0,0.0,0.0,BIPL.KA,
2023-03-14 00:00:00+05:00,6.8035515545684575,6.893749757904877,6.764894742832008,6.7971086502075195,1646000.0,0.0,0.0,0.0,BIPL.KA,
2023-03-15 00:00:00+05:00,6.797111290447894,6.9130805418454795,6.797111290447894,6.848653316497803,625500.0,0.0,0.0,0.0,BIPL.KA,
2023-03-16 00:00:00+05:00,6.893751067003571,7.106362035855163,6.893751067003571,6.97106409072876,3314000.0,0.0,0.0,0.0,BIPL.KA,
2023-03-17 00:00:00+05:00,7.054819479356611,7.248102331071021,7.022605568332668,7.093476295471191,4775000.0,0.0,0.0,0.0,BIPL.KA,
2023-03-20 00:00:00+05:00,7.0999202312889125,7.415615253410063,7.093477325262929,7.235217571258545,5405500.0,0.0,0.0,0.0,BIPL.KA,
2023-03-21 00:00:00+05:00,7.362523261870592,7.369595972614661,7.008895818556994,7.072548866271973,3443000.0,1.0,0.0,0.0,BIPL.KA,
2023-03-22 00:00:00+05:00,7.1432750938494065,7.242290352805691,6.725994575416878,6.7755022048950195,1983500.0,0.0,0.0,0.0,BIPL.KA,
2023-03-23 00:00:00+05:00,6.7755022048950195,6.7755022048950195,6.7755022048950195,6.7755022048950195,0.0,0.0,0.0,0.0,BIPL.KA,
2023-03-24 00:00:00+05:00,6.775500821029412,6.775500821029412,6.648194743240608,6.71184778213501,183000.0,0.0,0.0,0.0,BIPL.KA,
2023-03-27 00:00:00+05:00,6.931097451057351,6.959387617204901,6.577470036967596,6.634050369262695,592000.0,0.0,0.0,0.0,BIPL.KA,
2023-03-28 00:00:00+05:00,6.648195485200897,6.683558363476702,6.485527189419315,6.499671936035156,625000.0,0.0,0.0,0.0,BIPL.KA,
2023-03-29 00:00:00+05:00,6.506744489771018,6.782574124285633,6.485527033113212,6.690630912780762,1620500.0,0.0,0.0,0.0,BIPL.KA,
2023-03-30 00:00:00+05:00,6.655267871116058,6.825008869171143,6.6128329588476715,6.825008869171143,2894500.0,0.0,0.0,0.0,BIPL.KA,
2023-03-31 00:00:00+05:00,6.8250090378873844,6.895734792737416,6.718921080103123,6.846227169036865,570500.0,0.0,0.0,0.0,BIPL.KA,
2023-04-03 00:00:00+05:00,6.888661912064491,6.9169520784070055,6.789646667111077,6.825008869171143,603000.0,0.0,0.0,0.0,BIPL.KA,
2023-04-04 00:00:00+05:00,6.88866212920731,6.931097717304111,6.825009084307505,6.8320817947387695,110500.0,0.0,0.0,0.0,BIPL.KA,
2023-04-05 00:00:00+05:00,6.832082159830514,6.888662497322585,6.74013894278319,6.853299617767334,36500.0,0.0,0.0,0.0,BIPL.KA,
2023-04-06 00:00:00+05:00,6.888662712966597,6.909880846058461,6.825009662672703,6.860372543334961,116000.0,0.0,0.0,0.0,BIPL.KA,
2023-04-07 00:00:00+05:00,6.895735001957182,6.909880423152681,6.87451754465474,6.902807712554932,222500.0,0.0,0.0,0.0,BIPL.KA,
2023-04-10 00:00:00+05:00,6.902807065656838,6.945241976284926,6.867444190472936,6.881588935852051,501500.0,0.0,0.0,0.0,BIPL.KA,
2023-04-11 00:00:00+05:00,6.832082350258692,7.12912946761697,6.803792180724135,7.065476417541504,734500.0,0.0,0.0,0.0,BIPL.KA,
2023-04-12 00:00:00+05:00,7.079621255794513,7.4261759726399195,7.072548545371352,7.3483781814575195,1709000.0,0.0,0.0,0.0,BIPL.KA,
2023-04-13 00:00:00+05:00,7.362522247646163,7.560553399764563,7.277651753881136,7.496901035308838,3774000.0,0.0,0.0,0.0,BIPL.KA,
2023-04-14 00:00:00+05:00,7.496901035308838,7.496901035308838,7.496901035308838,7.496901035308838,0.0,0.0,0.0,0.0,BIPL.KA,
2023-04-17 00:00:00+05:00,7.503974009840942,7.6524975611427335,7.376668590504273,7.595917224884033,2094500.0,0.0,0.0,0.0,BIPL.KA,
2023-04-18 00:00:00+05:00,7.4261769309516135,7.709078639477228,7.4261769309516135,7.694933891296387,1492500.0,0.0,0.0,0.0,BIPL.KA,
2023-04-19 00:00:00+05:00,7.680788206742724,7.822239730673518,7.652498036854736,7.7020063400268555,1933500.0,0.0,0.0,0.0,BIPL.KA,
2023-04-20 00:00:00+05:00,7.702006716375331,7.709078753324754,7.49690280604257,7.6737165451049805,1411000.0,0.0,0.0,0.0,BIPL.KA,
2023-04-21 00:00:00+05:00,7.673716545104981,7.673716545104981,7.673716545104981,7.6737165451049805,0.0,0.0,0.0,0.0,BIPL.KA,
2023-04-24 00:00:00+05:00,7.673716545104981,7.673716545104981,7.673716545104981,7.6737165451049805,0.0,0.0,0.0,0.0,BIPL.KA,
2023-04-25 00:00:00+05:00,7.673716545104981,7.673716545104981,7.673716545104981,7.6737165451049805,0.0,0.0,0.0,0.0,BIPL.KA,
2023-04-26 00:00:00+05:00,7.765658589525707,8.38097095489502,7.723223672632484,8.38097095489502,5584000.0,0.0,0.0,0.0,BIPL.KA,
2023-04-27 00:00:00+05:00,9.088225364685059,9.088225364685059,9.088225364685059,9.088225364685059,471500.0,0.0,0.0,0.0,BIPL.KA,
2023-04-28 00:00:00+05:00,9.79548168182373,9.79548168182373,9.79548168182373,9.79548168182373,310500.0,0.0,0.0,0.0,BIPL.KA,
2023-05-01 00:00:00+05:00,9.79548168182373,9.79548168182373,9.79548168182373,9.79548168182373,0.0,0.0,0.0,0.0,BIPL.KA,
2023-05-02 00:00:00+05:00,10.52395248413086,10.52395248413086,10.52395248413086,10.52395248413086,4880500.0,0.0,0.0,0.0,BIPL.KA,
2023-05-03 00:00:00+05:00,11.309005737304688,11.309005737304688,11.309005737304688,11.309005737304688,2028500.0,0.0,0.0,0.0,BIPL.KA,
2023-05-04 00:00:00+05:00,11.598980023723422,11.598980023723422,10.821000042876962,10.884653091430664,8543000.0,0.0,0.0,0.0,BIPL.KA,
2023-05-05 00:00:00+05:00,10.905870108220045,11.245352120783862,10.340066079456216,11.075611114501953,5687000.0,0.0,0.0,0.0,BIPL.KA,
2023-05-08 00:00:00+05:00,11.139263902949937,11.153409323725132,10.828072065294265,10.877579689025879,2345361.0,0.0,0.0,0.0,BIPL.KA,
2023-05-09 00:00:00+05:00,10.757345941922345,10.820998984248813,10.608822401324177,10.700765609741211,572351.0,0.0,0.0,0.0,BIPL.KA,
2023-05-10 00:00:00+05:00,10.700766823200023,10.856363091588024,10.615896315304072,10.799782752990723,369308.0,0.0,0.0,0.0,BIPL.KA,
2023-05-11 00:00:00+05:00,10.89879713966335,10.962450184134916,10.71491071663233,10.771491050720215,345930.0,0.0,0.0,0.0,BIPL.KA,
2023-05-12 00:00:00+05:00,10.750273968753676,10.891724808903565,10.665403464663743,10.849289894104004,220760.0,0.0,0.0,0.0,BIPL.KA,
2023-05-15 00:00:00+05:00,10.891724324901382,10.955377368762946,10.707838578123376,10.898797035217285,330880.0,0.0,0.0,0.0,BIPL.KA,
2023-05-16 00:00:00+05:00,11.019030034088281,11.033175454234149,10.679548044476526,10.721982955932617,820848.0,0.0,0.0,0.0,BIPL.KA,
2023-05-17 00:00:00+05:00,10.721982790526893,10.743200245927621,10.25519472476639,10.297630310058594,915410.0,0.0,0.0,0.0,BIPL.KA,
2023-05-18 00:00:00+05:00,10.460300267998047,10.460300267998047,10.078382637148882,10.198616027832031,697604.0,0.0,0.0,0.0,BIPL.KA,
2023-05-19 00:00:00+05:00,10.085454336866112,10.962450190204699,10.085454336866112,10.877579689025879,3476855.0,0.0,0.0,0.0,BIPL.KA,
2023-05-22 00:00:00+05:00,11.13926279848138,11.598978136241467,10.7856354080534,11.37265682220459,4580046.0,0.0,0.0,0.0,BIPL.KA,
2023-05-23 00:00:00+05:00,11.379730011987583,11.485817963795407,11.245351220240872,11.323149681091309,647003.0,0.0,0.0,0.0,BIPL.KA,
2023-05-24 00:00:00+05:00,11.316078673280405,11.316078673280405,10.983668673395355,11.266571044921875,376782.0,0.0,0.0,0.0,BIPL.KA,
2023-05-25 00:00:00+05:00,11.22413524875262,11.26657083978073,11.10390186107895,11.209990501403809,141773.0,0.0,0.0,0.0,BIPL.KA,
2023-05-26 00:00:00+05:00,11.110974216273954,11.280715225970354,10.912943038294818,11.03317642211914,669441.0,0.0,0.0,0.0,BIPL.KA,
2023-05-29 00:00:00+05:00,11.139264066365131,11.139264066365131,10.608822920347745,10.686620712280273,636261.0,0.0,0.0,0.0,BIPL.KA,
2023-05-30 00:00:00+05:00,10.785637163962773,10.785637163962773,10.608823439963384,10.778564453125,501155.0,0.0,0.0,0.0,BIPL.KA,
2023-05-31 00:00:00+05:00,10.856362231978085,10.856362231978085,10.46737192905387,10.566387176513672,412657.0,0.0,0.0,0.0,BIPL.KA,
2023-06-01 00:00:00+05:00,10.750274036904862,10.785636915789219,10.403719307717955,10.580533027648926,233640.0,0.0,0.0,0.0,BIPL.KA,
2023-06-02 00:00:00+05:00,10.368356483977195,10.679549010425621,10.368356483977195,10.622968673706055,161017.0,0.0,0.0,0.0,BIPL.KA,
2023-06-05 00:00:00+05:00,10.743200935116635,11.202916994895388,10.651258397651674,11.019030570983887,2581414.0,0.0,0.0,0.0,BIPL.KA,
2023-06-06 00:00:00+05:00,11.174626175037737,11.174626175037737,10.927086720807965,10.948304176330566,533399.0,0.0,0.0,0.0,BIPL.KA,
2023-06-07 00:00:00+05:00,11.033176471193018,11.76872084981568,10.962450712926199,11.726285934448242,11156759.0,0.0,0.0,0.0,BIPL.KA,
2023-06-08 00:00:00+05:00,11.804083432233329,11.832372923823495,11.386802976671552,11.415092468261719,1109490.0,0.0,0.0,0.0,BIPL.KA,
2023-06-09 00:00:00+05:00,11.556546337399498,11.634344815906164,11.393878017778103,11.429240226745605,504711.0,0.0,0.0,0.0,BIPL.KA,
2023-06-12 00:00:00+05:00,11.316078477564824,12.249654736126853,11.188772378855152,12.002115249633789,5397617.0,0.0,0.0,0.0,BIPL.KA,
2023-06-13 00:00:00+05:00,12.532555499436445,12.532555499436445,11.77579302317278,11.839446067810059,1351980.0,0.0,0.0,0.0,BIPL.KA,
2023-06-14 00:00:00+05:00,11.945532754379645,11.980896302625975,11.705066022230328,11.910170555114746,1824159.0,0.0,0.0,0.0,BIPL.KA,
2023-06-15 00:00:00+05:00,11.980897504345622,12.638644728905614,11.768720240529927,12.412322044372559,9352057.0,0.0,0.0,0.0,BIPL.KA,
2023-06-16 00:00:00+05:00,12.659862117750032,12.659862117750032,12.16478450974893,12.235508918762207,1213130.0,0.0,0.0,0.0,BIPL.KA,
2023-06-19 00:00:00+05:00,12.376960679060714,12.589136608251948,12.02333323108755,12.094058990478516,2770892.0,0.0,0.0,0.0,BIPL.KA,
2023-06-20 00:00:00+05:00,12.193072998957552,12.292088242603475,11.860663717445156,11.88895320892334,2736192.0,0.0,0.0,0.0,BIPL.KA,
2023-06-21 00:00:00+05:00,12.143566576821478,12.200146914349046,11.033176609729383,11.400949478149414,7858759.0,0.0,0.0,0.0,BIPL.KA,
2023-06-22 00:00:00+05:00,11.316077333704998,11.386803086836961,10.962449917026717,11.18877124786377,1044807.0,0.0,0.0,0.0,BIPL.KA,
2023-06-23 00:00:00+05:00,11.259497223132007,11.259497223132007,10.96245013330261,11.146336555480957,394691.0,0.0,0.0,0.0,BIPL.KA,
2023-06-26 00:00:00+05:00,11.047320527269772,11.811156375513537,11.047320527269772,11.683850288391113,4090073.0,0.0,0.0,0.0,BIPL.KA,
2023-06-27 00:00:00+05:00,11.669705939683322,12.560847282409668,11.634343734004226,12.560847282409668,17426502.0,0.0,0.0,0.0,BIPL.KA,
2023-06-28 00:00:00+05:00,12.560847282409668,12.560847282409668,12.560847282409668,12.560847282409668,0.0,0.0,0.0,0.0,BIPL.KA,
2023-06-29 00:00:00+05:00,12.560847282409668,12.560847282409668,12.560847282409668,12.560847282409668,0.0,0.0,0.0,0.0,BIPL.KA,
2023-06-30 00:00:00+05:00,12.560847282409668,12.560847282409668,12.560847282409668,12.560847282409668,0.0,0.0,0.0,0.0,BIPL.KA,
2023-07-03 00:00:00+05:00,13.430769196441036,13.50149494995677,12.907400778795076,13.289319038391113,8028424.0,0.0,0.0,0.0,BIPL.KA,
2023-07-04 00:00:00+05:00,13.282246328141387,13.543929862473593,12.907400778795076,13.289319038391113,7869564.0,0.0,0.0,0.0,BIPL.KA,
2023-07-05 00:00:00+05:00,13.261030283381329,13.473206228322727,13.070071123545016,13.09836196899414,4212278.0,0.0,0.0,0.0,BIPL.KA,
2023-07-06 00:00:00+05:00,13.08421342607931,13.32468015912577,13.013487678304216,13.204446792602539,2225674.0,0.0,0.0,0.0,BIPL.KA,
2023-07-07 00:00:00+05:00,13.084215426210932,13.402480665360072,13.013489667624274,13.077142715454102,1117698.0,0.0,0.0,0.0,BIPL.KA,
2023-07-10 00:00:00+05:00,13.119577378188795,13.140795510050395,12.73058773693078,12.773022651672363,4831179.0,0.0,0.0,0.0,BIPL.KA,
2023-07-11 00:00:00+05:00,12.801313868247275,12.94276403784669,12.765950314111178,12.850821495056152,3194916.0,0.0,0.0,0.0,BIPL.KA,
2023-07-12 00:00:00+05:00,12.879109881063354,13.133722053005805,12.73058701341795,13.041779518127441,4977386.0,0.0,0.0,0.0,BIPL.KA,
2023-07-13 00:00:00+05:00,13.112507128690014,13.11957849092869,12.70937068301721,12.758879661560059,5620134.0,0.0,0.0,0.0,BIPL.KA,
2023-07-14 00:00:00+05:00,12.744732909864979,13.034707294749161,12.44768581449806,12.681079864501953,11650144.0,0.0,0.0,0.0,BIPL.KA,
2023-07-17 00:00:00+05:00,12.44768572462605,12.716441976121613,12.376959969290928,12.398178100585938,4740677.0,0.0,0.0,0.0,BIPL.KA,
2023-07-18 00:00:00+05:00,12.447685919829333,12.610354215363952,12.249654071581793,12.553773880004883,7670522.0,0.0,0.0,0.0,BIPL.KA,
2023-07-19 00:00:00+05:00,12.518410783309724,13.070068676464349,12.518410783309724,12.900327682495117,5442207.0,0.0,0.0,0.0,BIPL.KA,
2023-07-20 00:00:00+05:00,12.942763430631757,13.225666454521392,12.87911038515475,13.126649856567383,7910557.0,0.0,0.0,0.0,BIPL.KA,
2023-07-21 00:00:00+05:00,13.084215426210932,13.225666943384248,13.020562378381104,13.077142715454102,3856789.0,0.0,0.0,0.0,BIPL.KA,
2023-07-24 00:00:00+05:00,13.084214528732021,13.607582948003515,13.048852326355096,13.324681282043457,8851069.0,0.0,0.0,0.0,BIPL.KA,
2023-07-25 00:00:00+05:00,13.423696315091533,13.508567488024948,13.1761568554324,13.26810073852539,5562399.0,0.0,0.0,0.0,BIPL.KA,
2023-07-26 00:00:00+05:00,13.39540724632725,13.614655872269742,13.261028447015981,13.381261825561523,11456565.0,0.0,0.0,0.0,BIPL.KA,
2023-07-27 00:00:00+05:00,13.381261825561523,13.381261825561523,13.381261825561523,13.381261825561523,0.0,0.0,0.0,0.0,BIPL.KA,
2023-07-28 00:00:00+05:00,13.381261825561523,13.381261825561523,13.381261825561523,13.381261825561523,0.0,0.0,0.0,0.0,BIPL.KA,
2023-07-31 00:00:00+05:00,13.360043202397927,13.437841664762745,12.963980878414482,13.119576454162598,10022852.0,0.0,0.0,0.0,BIPL.KA,
2023-08-01 00:00:00+05:00,12.737660934551737,12.765950429133849,12.235509253147983,12.277945518493652,1562582.0,0.0,0.0,0.0,BIPL.KA,
2023-08-02 00:00:00+05:00,12.369887813782046,12.433540861541022,11.931390539199809,11.973825454711914,627361.0,0.0,0.0,0.0,BIPL.KA,
2023-08-03 00:00:00+05:00,12.023333025527766,12.369887756738711,11.393876610571319,12.03747844696045,1386562.0,0.0,0.0,0.0,BIPL.KA,
2023-08-04 00:00:00+05:00,11.917245639879503,12.306235305245028,11.528254625532279,11.959680557250977,670833.0,0.0,0.0,0.0,BIPL.KA,
2023-08-07 00:00:00+05:00,11.881881454947715,12.249654316629556,11.669705530352147,12.101131439208984,1179510.0,0.0,0.0,0.0,BIPL.KA,
2023-08-08 00:00:00+05:00,12.36988724809325,12.589135875357883,11.98797032798652,12.18600082397461,548458.0,0.0,0.0,0.0,BIPL.KA,
2023-08-09 00:00:00+05:00,12.228437780513914,12.277945407320585,12.094058972766053,12.193074226379395,65540.0,0.0,0.0,0.0,BIPL.KA,
2023-08-10 00:00:00+05:00,12.270871959192034,12.270871959192034,12.108203666892223,12.150638580322266,242680.0,0.0,0.0,0.0,BIPL.KA,
2023-08-11 00:00:00+05:00,12.306234567163555,12.58913624764217,12.030405597319607,12.362814903259277,159702.0,0.0,0.0,0.0,BIPL.KA,
2023-08-14 00:00:00+05:00,12.362814903259277,12.362814903259277,12.362814903259277,12.362814903259277,0.0,0.0,0.0,0.0,BIPL.KA,
2023-08-15 00:00:00+05:00,12.483048517790001,13.154941201756996,12.447686312941906,12.978127479553223,792301.0,0.0,0.0,0.0,BIPL.KA,
2023-08-16 00:00:00+05:00,12.963980569566807,13.225665441935066,12.412321333996191,12.582063674926758,657040.0,0.0,0.0,0.0,BIPL.KA,
2023-08-17 00:00:00+05:00,12.447686609902176,12.723515591446294,12.129421362749982,12.34867000579834,432566.0,0.0,0.0,0.0,BIPL.KA,
2023-08-18 00:00:00+05:00,12.341598075538597,12.723515005553018,12.023332843041901,12.115275382995605,305967.0,0.0,0.0,0.0,BIPL.KA,
2023-08-21 00:00:00+05:00,12.086984312746882,12.094057022433214,11.209988546363263,11.37265682220459,280695.0,0.0,0.0,0.0,BIPL.KA,
2023-08-22 00:00:00+05:00,11.492892399243326,12.228438160306114,10.679549514631676,12.058695793151855,2222586.0,0.0,0.0,0.0,BIPL.KA,
2023-08-23 00:00:00+05:00,12.094058741530667,12.348669581522827,11.683850964284908,11.789938926696777,266748.0,0.0,0.0,0.0,BIPL.KA,
2023-08-24 00:00:00+05:00,11.74043039546485,11.74043039546485,10.905869483947754,10.905869483947754,6011761.0,0.0,0.0,0.0,BIPL.KA,
2023-08-25 00:00:00+05:00,10.36128362369168,10.771491396232282,10.36128362369168,10.502735137939453,12489876.0,0.0,0.0,0.0,BIPL.KA,
2023-08-28 00:00:00+05:00,10.679548939830264,11.273642471458546,10.396646583611698,10.785636901855469,16660625.0,0.0,0.0,0.0,BIPL.KA,
2023-08-29 00:00:00+05:00,10.849290212521087,11.238280540217911,10.679549199359473,10.778564453125,4214648.0,0.0,0.0,0.0,BIPL.KA,
2023-08-30 00:00:00+05:00,10.75027259604169,11.09682727877974,10.700764976933604,10.835143089294434,2465638.0,0.0,0.0,0.0,BIPL.KA,
2023-08-31 00:00:00+05:00,10.764419146171814,10.976595738835696,10.255195458676654,10.446154594421387,2864371.0,0.0,0.0,0.0,BIPL.KA,
2023-09-01 00:00:00+05:00,10.467373277770799,10.538098367284872,10.255196660246826,10.33299446105957,360016.0,0.0,0.0,0.0,BIPL.KA,
2023-09-04 00:00:00+05:00,10.368355971853063,10.502734770792772,10.29055818132903,10.325921058654785,493770.0,0.0,0.0,0.0,BIPL.KA,
2023-09-05 00:00:00+05:00,10.269341468811035,10.42493706113302,10.248123336183719,10.269341468811035,540089.0,0.0,0.0,0.0,BIPL.KA,
2023-09-06 00:00:00+05:00,10.283485088548277,10.325920674659264,9.929857677422833,10.043018341064453,1214576.0,0.0,0.0,0.0,BIPL.KA,
2023-09-07 00:00:00+05:00,10.028874025077108,10.156179439883402,9.7247542226411,10.057164192199707,2852189.0,0.0,0.0,0.0,BIPL.KA,
2023-09-08 00:00:00+05:00,9.90156813716735,10.226905402939625,9.88035068001656,10.00765609741211,2728002.0,0.0,0.0,0.0,BIPL.KA,
2023-09-11 00:00:00+05:00,9.986438640261317,10.071309143355284,9.972293893657724,10.00765609741211,430144.0,0.0,0.0,0.0,BIPL.KA,
2023-09-12 00:00:00+05:00,9.986439237919083,10.113745337424312,9.901568729745875,9.936931610107422,769428.0,0.0,0.0,0.0,BIPL.KA,
2023-09-13 00:00:00+05:00,9.908640218859652,10.04301833827405,9.795479555249472,9.83791446685791,2187467.0,0.0,0.0,0.0,BIPL.KA,
2023-09-14 00:00:00+05:00,9.90156852515851,9.965221573595917,9.724754801494964,9.774262428283691,1857546.0,0.0,0.0,0.0,BIPL.KA,
2023-09-15 00:00:00+05:00,9.802552193045189,9.859132528326109,9.533795263215419,9.56208610534668,1364889.0,0.0,0.0,0.0,BIPL.KA,
2023-09-18 00:00:00+05:00,9.569158151265775,10.27641301749809,9.54794069413623,10.212759971618652,4602330.0,0.0,0.0,0.0,BIPL.KA,
2023-09-19 00:00:00+05:00,10.219832717866792,10.92708758657025,10.219832717866792,10.665403366088867,6072990.0,0.0,0.0,0.0,BIPL.KA,
2023-09-20 00:00:00+05:00,10.799782223716614,10.835144427738772,10.552242748616665,10.601750373840332,1365025.0,0.0,0.0,0.0,BIPL.KA,
2023-09-21 00:00:00+05:00,10.736129860912484,11.386804438815716,10.587606301293466,11.160482406616211,6789573.0,0.0,0.0,0.0,BIPL.KA,
2023-09-22 00:00:00+05:00,11.103900690336177,11.457528779643322,11.103900690336177,11.351439476013184,4318326.0,0.0,0.0,0.0,BIPL.KA,
2023-09-25 00:00:00+05:00,11.485817818256509,11.669704228584711,11.457528327657581,11.514108657836914,2919502.0,0.0,0.0,0.0,BIPL.KA,
2023-09-26 00:00:00+05:00,11.457527851782661,11.88187963601197,11.429237013377282,11.761646270751953,3141379.0,0.0,0.0,0.0,BIPL.KA,
2023-09-27 00:00:00+05:00,11.846520457925422,12.504267779784632,11.775794692857872,12.341599464416504,6477203.0,0.0,0.0,0.0,BIPL.KA,
2023-09-28 00:00:00+05:00,12.341599464416504,12.341599464416504,12.341599464416504,12.341599464416504,0.0,0.0,0.0,0.0,BIPL.KA,
2023-09-29 00:00:00+05:00,12.341599464416504,12.341599464416504,12.341599464416504,12.341599464416504,0.0,0.0,0.0,0.0,BIPL.KA,
2023-10-02 00:00:00+05:00,12.37696146664639,12.730588937122002,12.200147731408585,12.631573677062988,4793413.0,0.0,0.0,0.0,BIPL.KA,
2023-10-03 00:00:00+05:00,12.652788957543702,13.154940607384425,12.454758460971235,12.843748092651367,6620348.0,0.0,0.0,0.0,BIPL.KA,
2023-10-04 00:00:00+05:00,12.751806279050303,12.872039665504348,12.235509178993716,12.440613746643066,11208643.0,0.0,0.0,0.0,BIPL.KA,
2023-10-05 00:00:00+05:00,12.235509030709729,12.546701559345573,12.164784621049366,12.320380210876465,1296366.0,0.0,0.0,0.0,BIPL.KA,
2023-10-06 00:00:00+05:00,12.369887034852383,12.369887034852383,11.818227772006356,12.129420280456543,1254123.0,0.0,0.0,0.0,BIPL.KA,
2023-10-09 00:00:00+05:00,11.95260712931988,12.532555911546448,11.874810010301774,12.362814903259277,1728552.0,0.0,0.0,0.0,BIPL.KA,
2023-10-10 00:00:00+05:00,12.38403314806285,12.674007541819696,12.313307390053016,12.447686195373535,1801228.0,0.0,0.0,0.0,BIPL.KA,
2023-10-11 00:00:00+05:00,12.46183195471322,12.58206534189595,12.235509253147983,12.277945518493652,557122.0,0.0,0.0,0.0,BIPL.KA,
2023-10-12 00:00:00+05:00,12.263799237013433,12.49719328412691,12.200146192438705,12.249653816223145,282548.0,0.0,0.0,0.0,BIPL.KA,
2023-10-13 00:00:00+05:00,12.270871695085,12.369886940617846,12.072839855037763,12.157711029052734,253568.0,0.0,0.0,0.0,BIPL.KA,
2023-10-16 00:00:00+05:00,12.23550899066994,12.376960507491065,12.02333306441989,12.072840690612793,463428.0,0.0,0.0,0.0,BIPL.KA,
2023-10-17 00:00:00+05:00,12.193072725384866,12.306233386721685,11.917243781999057,11.995040893554688,855885.0,0.0,0.0,0.0,BIPL.KA,
2023-10-18 00:00:00+05:00,11.917245266491934,12.30623491966975,11.917245266491934,12.094058990478516,1242345.0,0.0,0.0,0.0,BIPL.KA,
2023-10-19 00:00:00+05:00,12.037477744472984,12.193073324207298,12.023332323865802,12.129420280456543,690926.0,0.0,0.0,0.0,BIPL.KA,
2023-10-20 00:00:00+05:00,12.129420525345406,12.992272314062303,12.09405832209506,12.843748092651367,4680664.0,0.0,0.0,0.0,BIPL.KA,
2023-10-23 00:00:00+05:00,12.900327305833269,13.154939463843741,12.553772617975387,12.62449836730957,3052249.0,0.0,0.0,0.0,BIPL.KA,
2023-10-24 00:00:00+05:00,12.730588056737806,13.572221755981445,12.497193996323546,13.572221755981445,15533332.0,0.0,0.0,0.0,BIPL.KA,
2023-10-25 00:00:00+05:00,13.869268038298747,14.102662084807925,13.43784214818298,13.480277061462402,7360333.0,0.0,0.0,0.0,BIPL.KA,
2023-10-26 00:00:00+05:00,13.36711640420869,13.671236205750619,12.971054065656716,13.070069313049316,4851312.0,0.0,0.0,0.0,BIPL.KA,
2023-10-27 00:00:00+05:00,12.886182777706361,13.360043577353748,12.886182777706361,13.296390533447266,1675707.0,0.0,0.0,0.0,BIPL.KA,
2023-10-30 00:00:00+05:00,13.402480213515872,13.904630519486789,13.225666497501054,13.685381889343262,3520964.0,0.0,0.0,0.0,BIPL.KA,
2023-10-31 00:00:00+05:00,13.678307474582748,14.449215288274997,13.621727146466869,14.215821266174316,2649945.0,0.0,0.0,0.0,BIPL.KA,
2023-11-01 00:00:00+05:00,14.350201976935782,15.283778190612795,14.194605042001871,15.283778190612793,3280819.0,0.0,0.0,0.0,BIPL.KA,
2023-11-02 00:00:00+05:00,16.372948218887018,16.429528548473968,15.135252328813767,15.47473430633545,4652575.0,0.0,0.0,0.0,BIPL.KA,
2023-11-03 00:00:00+05:00,15.574671872235832,16.63553237915039,15.574671872235832,16.63553237915039,6240291.0,1.75,0.0,0.0,BIPL.KA,
2023-11-06 00:00:00+05:00,17.058342681000504,17.8347703329833,16.873845238884098,17.57339859008789,3915993.0,0.0,0.0,0.0,BIPL.KA,
2023-11-07 00:00:00+05:00,17.64258417225136,17.681020587025408,16.72009555512185,16.873844146728516,3724685.0,0.0,0.0,0.0,BIPL.KA,
2023-11-08 00:00:00+05:00,16.912281275731182,17.604147034669126,16.328038655709832,17.388900756835938,5655223.0,0.0,0.0,0.0,BIPL.KA,
2023-11-09 00:00:00+05:00,17.388900756835938,17.388900756835938,17.388900756835938,17.388900756835938,0.0,0.0,0.0,0.0,BIPL.KA,
2023-11-10 00:00:00+05:00,17.381213603127673,17.834770365674288,17.30433930220776,17.542648315429688,4253172.0,0.0,0.0,0.0,BIPL.KA,
2023-11-13 00:00:00+05:00,17.5119003412472,17.565711914676957,16.604786771272916,16.827720642089844,2811256.0,0.0,0.0,0.0,BIPL.KA,
2023-11-14 00:00:00+05:00,16.904592294462866,16.904592294462866,15.989791290924057,16.212726593017578,3270860.0,0.0,0.0,0.0,BIPL.KA,
2023-11-15 00:00:00+05:00,16.143539927817976,16.520222350183108,15.666920484796785,16.082040786743164,3702689.0,0.0,0.0,0.0,BIPL.KA,
2023-11-16 00:00:00+05:00,16.151229253075652,16.643222434962,15.95135665637049,16.443349838256836,1565471.0,0.0,0.0,0.0,BIPL.KA,
2023-11-17 00:00:00+05:00,16.512535700652524,16.727783439617784,15.959043399927197,16.205039978027344,1045623.0,0.0,0.0,0.0,BIPL.KA,
2023-11-20 00:00:00+05:00,16.328040264583947,16.37416426205653,15.989794195188955,16.074356079101562,1290131.0,0.0,0.0,0.0,BIPL.KA,
2023-11-21 00:00:00+05:00,16.14354043075693,16.25885114058272,15.966730577940371,16.02054214477539,1623876.0,0.0,0.0,0.0,BIPL.KA,
2023-11-22 00:00:00+05:00,16.135853156245425,16.812345208045485,16.035917596862934,16.45103645324707,2299486.0,0.0,0.0,0.0,BIPL.KA,
2023-11-23 00:00:00+05:00,16.443349992431685,17.181341238436037,16.31266411898588,17.050655364990234,5588777.0,0.0,0.0,0.0,BIPL.KA,
2023-11-24 00:00:00+05:00,17.112152085477916,17.58877005071407,17.06602809735139,17.127527236938477,1740235.0,0.0,0.0,0.0,BIPL.KA,
2023-11-27 00:00:00+05:00,17.142900298562324,17.373523163316243,15.997477949008633,16.1051025390625,4784365.0,0.0,0.0,0.0,BIPL.KA,
2023-11-28 00:00:00+05:00,16.143540415673982,16.358788149068182,15.989791825213091,16.035917282104492,1326244.0,0.0,0.0,0.0,BIPL.KA,
2023-11-29 00:00:00+05:00,16.135852559121382,16.26653841886555,15.520861140475409,15.566985130310059,1588557.0,0.0,0.0,0.0,BIPL.KA,
2023-11-30 00:00:00+05:00,15.905230216141502,16.14353919368736,15.3747992320832,15.436298370361328,1244795.0,0.0,0.0,0.0,BIPL.KA,
2023-12-01 00:00:00+05:00,15.582359373617551,15.605420634062403,15.3747992320832,15.436298370361328,1156013.0,0.0,0.0,0.0,BIPL.KA,
2023-12-04 00:00:00+05:00,15.559297084656587,15.605421073099038,15.490110368865333,15.52086067199707,1789376.0,0.0,0.0,0.0,BIPL.KA,
2023-12-05 00:00:00+05:00,15.566985115623716,15.928292390455457,15.374800114196264,15.58236026763916,2929305.0,0.0,0.0,0.0,BIPL.KA,
2023-12-06 00:00:00+05:00,15.682296973910091,16.35110147310312,15.490111958381155,16.174291610717773,8579268.0,0.0,0.0,0.0,BIPL.KA,
2023-12-07 00:00:00+05:00,16.466412641444943,17.358151020691757,16.335726768645564,17.265901565551758,7805218.0,0.0,0.0,0.0,BIPL.KA,
2023-12-08 00:00:00+05:00,17.411963830270142,18.065393240739468,16.720097999407805,17.604148864746094,4813448.0,0.0,0.0,0.0,BIPL.KA,
2023-12-11 00:00:00+05:00,17.681021915920972,17.75020864071848,16.96609340385027,17.19671630859375,2138318.0,0.0,0.0,0.0,BIPL.KA,
2023-12-12 00:00:00+05:00,17.14290330354096,17.48114935138479,17.104466885805337,17.165966033935547,1214602.0,0.0,0.0,0.0,BIPL.KA,
2023-12-13 00:00:00+05:00,17.29665075281999,17.488835761184657,16.220414999228908,16.481786727905273,2092515.0,0.0,0.0,0.0,BIPL.KA,
2023-12-14 00:00:00+05:00,16.281912596092628,17.29664910923351,16.15122674417266,16.91227912902832,6927858.0,0.0,0.0,0.0,BIPL.KA,
2023-12-15 00:00:00+05:00,17.28896153367879,17.29664910923351,16.681657727407252,16.91227912902832,3069610.0,0.0,0.0,0.0,BIPL.KA,
2023-12-18 00:00:00+05:00,17.09677857970499,17.258214753069954,16.620160568590933,16.666284561157227,1071564.0,0.0,0.0,0.0,BIPL.KA,
2023-12-19 00:00:00+05:00,16.604783798108862,16.758530913771125,15.52854812345244,15.88985538482666,2761252.0,0.0,0.0,0.0,BIPL.KA,
2023-12-20 00:00:00+05:00,16.051292210676795,16.143541665345406,14.805934103310284,15.4901123046875,7922903.0,0.0,0.0,0.0,BIPL.KA,
2023-12-21 00:00:00+05:00,15.774546696440458,15.866794684369866,15.37480150539881,15.636173248291016,616632.0,0.0,0.0,0.0,BIPL.KA,
2023-12-22 00:00:00+05:00,15.636169957298527,15.836042510751565,15.32098671007586,15.451672554016113,544955.0,0.0,0.0,0.0,BIPL.KA,
2023-12-25 00:00:00+05:00,15.451672554016115,15.451672554016115,15.451672554016115,15.451672554016113,0.0,0.0,0.0,0.0,BIPL.KA,
2023-12-26 00:00:00+05:00,15.520861973024797,15.520861973024797,14.606060905745075,14.752121925354004,935661.0,0.0,0.0,0.0,BIPL.KA,
2023-12-27 00:00:00+05:00,14.982744460759779,15.52086312041213,14.60606198550529,15.428613662719727,1706773.0,0.0,0.0,0.0,BIPL.KA,
2023-12-28 00:00:00+05:00,15.459363459297215,16.58941084767803,15.374801581397818,16.458724975585938,4231002.0,0.0,0.0,0.0,BIPL.KA,
2023-12-29 00:00:00+05:00,16.558662162663037,17.411962661400256,16.335726833834027,17.066030502319336,3328542.0,0.0,0.0,0.0,BIPL.KA,
2024-01-01 00:00:00+05:00,17.21977658170187,17.558022609439917,17.066029453642944,17.304338455200195,1366597.0,0.0,0.0,0.0,BIPL.KA,
2024-01-02 00:00:00+05:00,17.44271380630971,17.450401383492512,16.335727618327965,16.466413497924805,1690591.0,0.0,0.0,0.0,BIPL.KA,
2024-01-03 00:00:00+05:00,16.46641157533484,17.042966600428837,16.335725710996655,16.481786727905273,3143158.0,0.0,0.0,0.0,BIPL.KA,
2024-01-04 00:00:00+05:00,16.535598770565734,16.78159535373694,16.297289763900544,16.52022361755371,1069472.0,0.0,0.0,0.0,BIPL.KA,
2024-01-05 00:00:00+05:00,16.41260054088432,16.650909548448354,16.151228803715263,16.389537811279297,2134029.0,0.0,0.0,0.0,BIPL.KA,
2024-01-08 00:00:00+05:00,16.45103766646055,17.042967888874824,16.374163364051945,16.889219284057617,2447802.0,0.0,0.0,0.0,BIPL.KA,
2024-01-09 00:00:00+05:00,17.17365223407104,17.17365223407104,16.79696979868695,17.073715209960938,2071973.0,0.0,0.0,0.0,BIPL.KA,
2024-01-10 00:00:00+05:00,17.173652260618667,17.450399138575694,16.873844120335377,16.973779678344727,1644643.0,0.0,0.0,0.0,BIPL.KA,
2024-01-11 00:00:00+05:00,16.850780027743404,18.249886524153062,16.843092452171856,18.157638549804688,10293293.0,0.0,0.0,0.0,BIPL.KA,
2024-01-12 00:00:00+05:00,18.449759975361488,18.788005985461233,18.06538997587479,18.39594841003418,5529999.0,0.0,0.0,0.0,BIPL.KA,
2024-01-15 00:00:00+05:00,18.603509446577757,19.525996609472983,18.449760852967593,18.61888313293457,5504068.0,0.0,0.0,0.0,BIPL.KA,
2024-01-16 00:00:00+05:00,18.426699362766414,20.01799257496242,18.211453076748764,19.910367965698242,7349304.0,0.0,0.0,0.0,BIPL.KA,
2024-01-17 00:00:00+05:00,19.987240915685,20.80979251876812,19.525996601302758,19.718181610107422,4529191.0,0.0,0.0,0.0,BIPL.KA,
2024-01-18 00:00:00+05:00,19.848869688420006,19.848869688420006,18.949443688254128,19.1954402923584,3020760.0,0.0,0.0,0.0,BIPL.KA,
2024-01-19 00:00:00+05:00,19.410684107653783,20.21786048404427,19.218499116488893,19.37224769592285,3293642.0,0.0,0.0,0.0,BIPL.KA,
2024-01-22 00:00:00+05:00,18.987879791983453,19.810431409603865,18.834131195720357,18.94944190979004,2898812.0,0.0,0.0,0.0,BIPL.KA,
2024-01-23 00:00:00+05:00,19.18006228432384,19.525994381084605,18.91100300933985,19.272310256958008,1591083.0,0.0,0.0,0.0,BIPL.KA,
2024-01-24 00:00:00+05:00,19.21850183409534,20.156364195747273,19.126252380139338,19.625934600830078,3114758.0,0.0,0.0,0.0,BIPL.KA,
2024-01-25 00:00:00+05:00,19.748932169516628,19.948804757196765,19.026316116558487,19.110877990722656,1329725.0,0.0,0.0,0.0,BIPL.KA,
2024-01-26 00:00:00+05:00,19.21850072666049,19.410685733927096,18.849505864609867,18.99556541442871,1062289.0,0.0,0.0,0.0,BIPL.KA,
2024-01-29 00:00:00+05:00,19.141626358032227,19.356874093207782,18.626570481857527,19.141626358032227,1538405.0,0.0,0.0,0.0,BIPL.KA,
2024-01-30 00:00:00+05:00,19.041691499360592,19.295375658662,18.495885298284666,18.6035099029541,959027.0,0.0,0.0,0.0,BIPL.KA,
2024-01-31 00:00:00+05:00,18.834132270864842,19.218502317209023,18.457449801398187,18.695758819580078,1819047.0,0.0,0.0,0.0,BIPL.KA,
2024-02-01 00:00:00+05:00,18.903318024340813,18.903318024340813,18.46513642864426,18.703445434570312,923871.0,0.0,0.0,0.0,BIPL.KA,
2024-02-02 00:00:00+05:00,18.718820526498774,18.94944195519068,18.680382644213267,18.834131240844727,753695.0,0.0,0.0,0.0,BIPL.KA,
2024-02-06 00:00:00+05:00,18.84181737152551,19.172375802539932,18.764943079108523,18.887941360473633,386408.0,0.0,0.0,0.0,BIPL.KA,
2024-02-07 00:00:00+05:00,18.91869148594676,19.518307735396412,18.911003910151873,19.310749053955078,924048.0,0.0,0.0,0.0,BIPL.KA,
2024-02-08 00:00:00+05:00,19.310749053955078,19.310749053955078,19.310749053955078,19.310749053955078,0.0,0.0,0.0,0.0,BIPL.KA,
2024-02-09 00:00:00+05:00,19.13393840000422,19.13393840000422,18.219138842837136,18.857192993164062,1313871.0,0.0,0.0,0.0,BIPL.KA,
2024-02-12 00:00:00+05:00,18.83412998975887,18.903316707021663,18.211451000648907,18.380573272705078,1899289.0,0.0,0.0,0.0,BIPL.KA,
2024-02-13 00:00:00+05:00,18.442073422810676,18.680382425165245,17.75789525495952,18.25757598876953,1531441.0,0.0,0.0,0.0,BIPL.KA,
2024-02-14 00:00:00+05:00,18.57275916928627,18.588134321921462,18.21913945620842,18.51894760131836,592486.0,0.0,0.0,0.0,BIPL.KA,
2024-02-15 00:00:00+05:00,18.52663609072984,18.972505275338452,18.003892605411743,18.626571655273438,2137243.0,0.0,0.0,0.0,BIPL.KA,
2024-02-16 00:00:00+05:00,18.53432185912355,18.74956812060319,18.234512262233046,18.380573272705078,614091.0,0.0,0.0,0.0,BIPL.KA,
2024-02-19 00:00:00+05:00,18.29601210209164,19.14162642716845,17.911642087625385,18.926380157470703,773680.0,0.0,0.0,0.0,BIPL.KA,
2024-02-20 00:00:00+05:00,18.680381182376575,19.37224834682066,18.680381182376575,18.918691635131836,625791.0,0.0,0.0,0.0,BIPL.KA,
2024-02-21 00:00:00+05:00,19.2184982838859,19.326121405074044,18.849503468736504,19.072437286376953,489359.0,0.0,0.0,0.0,BIPL.KA,
2024-02-22 00:00:00+05:00,18.995565327543062,19.318436196924356,18.987879217592166,19.157001495361328,378584.0,0.0,0.0,0.0,BIPL.KA,
2024-02-23 00:00:00+05:00,19.172378589961113,19.27231415825394,19.02631755975893,19.126253128051758,410002.0,0.0,0.0,0.0,BIPL.KA,
2024-02-26 00:00:00+05:00,19.21081228965978,20.33317344426098,19.21081228965978,19.887304306030273,1562824.0,0.0,0.0,0.0,BIPL.KA,
2024-02-27 00:00:00+05:00,19.79505521331422,20.59454552573213,19.7566187994021,20.20248794555664,1681239.0,0.0,0.0,0.0,BIPL.KA,
2024-02-28 00:00:00+05:00,19.99492897519736,20.84823090411316,18.68807029724121,18.68807029724121,3735285.0,0.0,0.0,0.0,BIPL.KA,
2024-02-29 00:00:00+05:00,17.45808436931581,18.21913824537055,17.45808436931581,18.034639358520508,5915576.0,0.0,0.0,0.0,BIPL.KA,
2024-03-01 00:00:00+05:00,17.97314176757239,18.911005569257387,17.919330198542323,18.734195709228516,1811448.0,0.0,0.0,0.0,BIPL.KA,
2024-03-04 00:00:00+05:00,18.91869289377508,18.98787961482242,18.06539097836143,18.25757598876953,1438904.0,0.0,0.0,0.0,BIPL.KA,
2024-03-05 00:00:00+05:00,18.372888770430567,18.372888770430567,17.950082286429605,17.996206283569336,597826.0,0.0,0.0,0.0,BIPL.KA,
2024-03-06 00:00:00+05:00,17.988515863277005,18.372885866621623,17.85014242747211,17.903955459594727,843794.0,0.0,0.0,0.0,BIPL.KA,
2024-03-07 00:00:00+05:00,18.042330526527564,18.065393258539366,17.50421330921796,17.588773727416992,3076176.0,0.0,0.0,0.0,BIPL.KA,
2024-03-08 00:00:00+05:00,17.834770382062796,18.372887556485995,17.488836760732976,17.527273178100586,1711046.0,0.0,0.0,0.0,BIPL.KA,
2024-03-11 00:00:00+05:00,17.67333276987388,17.67333276987388,17.411961047459048,17.48114776611328,620018.0,0.0,0.0,0.0,BIPL.KA,
2024-03-12 00:00:00+05:00,17.365836649893186,17.534958921384856,17.265899629178197,17.296649932861328,1256572.0,0.0,0.0,0.0,BIPL.KA,
2024-03-13 00:00:00+05:00,17.29665044881021,17.450399039301725,17.181339739069188,17.219776153564453,299370.0,0.0,0.0,0.0,BIPL.KA,
2024-03-14 00:00:00+05:00,17.258214507246482,17.29665092279503,16.83540660493611,17.189027786254883,474131.0,0.0,0.0,0.0,BIPL.KA,
2024-03-15 00:00:00+05:00,17.281275667680852,17.52727224474666,17.25821440499047,17.43502426147461,633321.0,0.0,0.0,0.0,BIPL.KA,
2024-03-18 00:00:00+05:00,17.450398913130506,17.88089291063684,17.296650323750637,17.496522903442383,766182.0,0.0,0.0,0.0,BIPL.KA,
2024-03-19 00:00:00+05:00,17.88247626157767,18.051331378025502,17.287465988341133,17.351791381835938,710797.0,1.0,0.0,0.0,BIPL.KA,
2024-03-20 00:00:00+05:00,17.584971856260662,17.584971856260662,17.07036717570326,17.190977096557617,754114.0,0.0,0.0,0.0,BIPL.KA,
2024-03-21 00:00:00+05:00,17.27138575376615,17.27138575376615,16.885433359340183,17.05428695678711,206513.0,0.0,0.0,0.0,BIPL.KA,
2024-03-22 00:00:00+05:00,17.24726306399236,17.24726306399236,16.668332993215024,16.73265838623047,430980.0,0.0,0.0,0.0,BIPL.KA,
2024-03-26 00:00:00+05:00,16.43515246841727,16.636169494334574,16.041159281655943,16.121564865112305,1034554.0,0.0,0.0,0.0,BIPL.KA,
2024-03-27 00:00:00+05:00,16.282380189827222,16.76482139106828,16.081363150446638,16.66029167175293,1884043.0,0.0,0.0,0.0,BIPL.KA,
2024-03-28 00:00:00+05:00,16.88543128967285,17.287465367998397,16.81306503288319,16.88543128967285,1741159.0,0.0,0.0,0.0,BIPL.KA,
2024-03-29 00:00:00+05:00,17.038205742166454,17.04624660827609,16.52360104661851,16.676374435424805,592802.0,0.0,0.0,0.0,BIPL.KA,
2024-04-01 00:00:00+05:00,16.805024656334812,17.20705874636023,16.595966745484994,17.11861228942871,526824.0,0.0,0.0,0.0,BIPL.KA,
2024-04-02 00:00:00+05:00,17.19901797544963,18.405120252182723,16.8854318742633,18.32471466064453,2263690.0,0.0,0.0,0.0,BIPL.KA,
2024-04-03 00:00:00+05:00,18.573975457960167,18.992091283983193,18.27646955346422,18.78303337097168,3253808.0,0.0,0.0,0.0,BIPL.KA,
2024-04-04 00:00:00+05:00,18.855399354075224,18.855399354075224,18.332753812392575,18.517690658569336,409269.0,0.0,0.0,0.0,BIPL.KA,
2024-04-08 00:00:00+05:00,18.565932461266616,18.630257847607798,17.970922254201167,18.4533634185791,1791464.0,0.0,0.0,0.0,BIPL.KA,
2024-04-09 00:00:00+05:00,18.565934081868907,18.97600903070328,18.372957906000668,18.774991989135742,1222811.0,0.0,0.0,0.0,BIPL.KA,
2024-04-15 00:00:00+05:00,18.734787741778774,19.177026155325667,18.42120164633955,18.48552703857422,1857854.0,0.0,0.0,0.0,BIPL.KA,
2024-04-16 00:00:00+05:00,18.6141769996669,18.89560115335948,18.37295717286655,18.43728256225586,1114739.0,0.0,0.0,0.0,BIPL.KA,
2024-04-17 00:00:00+05:00,18.509651476198556,19.820282048410842,18.372959812403785,19.755956649780273,6217394.0,0.0,0.0,0.0,BIPL.KA,
2024-04-18 00:00:00+05:00,19.90068839700687,19.90068839700687,19.136822976393667,19.482572555541992,2042390.0,0.0,0.0,0.0,BIPL.KA,
2024-04-19 00:00:00+05:00,19.201147391244497,19.981094504434004,19.096619203039257,19.627304077148438,4427561.0,0.0,0.0,0.0,BIPL.KA,
2024-04-22 00:00:00+05:00,19.691628482298825,20.455493825562975,19.554936837724345,20.359004974365234,2562811.0,0.0,0.0,0.0,BIPL.KA,
2024-04-23 00:00:00+05:00,20.423329141972317,20.423329141972317,19.10465796754488,19.29763412475586,2656092.0,0.0,0.0,0.0,BIPL.KA,
2024-04-24 00:00:00+05:00,19.29763834237783,19.538858208202154,18.815197077090684,18.911685943603516,1885302.0,0.0,0.0,0.0,BIPL.KA,
2024-04-25 00:00:00+05:00,18.911682043190574,19.177024454327558,18.292549239324874,18.3890380859375,1624969.0,0.0,0.0,0.0,BIPL.KA,
2024-04-26 00:00:00+05:00,18.413160779096927,18.49356790279326,17.97092389922459,18.12369728088379,2557424.0,0.0,0.0,0.0,BIPL.KA,
2024-04-29 00:00:00+05:00,18.212143159966548,18.557892707365383,18.1317360388164,18.179981231689453,1138938.0,0.0,0.0,0.0,BIPL.KA,
2024-04-30 00:00:00+05:00,18.48552654241566,18.493567407933963,17.512604819275076,17.665376663208008,2910433.0,0.0,0.0,0.0,BIPL.KA,
2024-05-02 00:00:00+05:00,17.842270814502843,17.866391874955177,17.367870532857324,17.536724090576172,889565.0,0.0,0.0,0.0,BIPL.KA,
2024-05-03 00:00:00+05:00,17.721662879973294,18.091533495286093,17.609092295350806,17.697540283203125,864447.0,0.0,0.0,0.0,BIPL.KA,
2024-05-06 00:00:00+05:00,17.737742718578726,17.930718887920165,17.68949905965293,17.721662521362305,1044019.0,0.0,0.0,0.0,BIPL.KA,
2024-05-07 00:00:00+05:00,17.87443626018156,17.87443626018156,17.367873953614925,17.560850143432617,2218297.0,0.0,0.0,0.0,BIPL.KA,
2024-05-08 00:00:00+05:00,17.769907179953382,17.777948045833075,17.44828021295751,17.57693099975586,458425.0,0.0,0.0,0.0,BIPL.KA,
2024-05-09 00:00:00+05:00,17.36787165880403,17.850312836422688,17.36787165880403,17.649295806884766,403150.0,0.0,0.0,0.0,BIPL.KA,
2024-05-10 00:00:00+05:00,17.689500054794827,17.842273439232248,17.560849267996478,17.57693099975586,685716.0,0.0,0.0,0.0,BIPL.KA,
2024-05-13 00:00:00+05:00,17.59301197538776,17.97092502024307,17.568890910321024,17.85031509399414,701302.0,0.0,0.0,0.0,BIPL.KA,
2024-05-14 00:00:00+05:00,17.858353157557495,18.204102712903275,17.858353157557495,18.091533660888672,893731.0,0.0,0.0,0.0,BIPL.KA,
2024-05-15 00:00:00+05:00,18.20410261345002,18.316673198487933,17.91463911933126,17.995044708251953,827778.0,0.0,0.0,0.0,BIPL.KA,
2024-05-16 00:00:00+05:00,18.091533317994536,18.16389957395758,17.850313487209924,17.89051628112793,169845.0,0.0,0.0,0.0,BIPL.KA,
2024-05-17 00:00:00+05:00,17.93071937561035,18.01112649843248,17.697540406428324,17.93071937561035,175222.0,0.0,0.0,0.0,BIPL.KA,
2024-05-20 00:00:00+05:00,18.027209266729727,18.131737458864603,17.866395011834726,17.946802139282227,297911.0,0.0,0.0,0.0,BIPL.KA,
2024-05-21 00:00:00+05:00,18.01112701670472,18.08349327596315,17.85031430007137,17.93876075744629,994041.0,0.0,0.0,0.0,BIPL.KA,
2024-05-22 00:00:00+05:00,18.027208629827577,18.04329036147659,17.681459067565545,17.705581665039062,825176.0,0.0,0.0,0.0,BIPL.KA,
2024-05-23 00:00:00+05:00,17.777948803523692,17.777948803523692,17.568890882656806,17.68950080871582,250992.0,0.0,0.0,0.0,BIPL.KA,
2024-05-24 00:00:00+05:00,17.689499933390053,17.93071977357185,17.584971744948163,17.705581665039062,491765.0,0.0,0.0,0.0,BIPL.KA,
2024-05-27 00:00:00+05:00,17.890516262524972,19.05641568859427,17.697540091370286,18.702625274658203,5796077.0,0.0,0.0,0.0,BIPL.KA,
2024-05-28 00:00:00+05:00,18.702625274658203,18.702625274658203,18.702625274658203,18.702625274658203,0.0,0.0,0.0,0.0,BIPL.KA,
2024-05-29 00:00:00+05:00,18.871477718086066,18.935803104615086,18.26038577924127,18.3890380859375,1033771.0,0.0,0.0,0.0,BIPL.KA,
2024-05-30 00:00:00+05:00,18.220185975769628,18.45336649870132,17.6895010664667,17.954843521118164,387946.0,0.0,0.0,0.0,BIPL.KA,
2024-05-31 00:00:00+05:00,18.075451188155267,18.49356698368569,17.850313093360615,18.34079360961914,1511256.0,0.0,0.0,0.0,BIPL.KA,
2024-06-03 00:00:00+05:00,18.493566157199997,18.573973273306763,17.96288133798879,18.06740951538086,749268.0,0.0,0.0,0.0,BIPL.KA,
2024-06-04 00:00:00+05:00,18.011126677820652,18.011126677820652,17.705581448419352,17.737743377685547,377495.0,0.0,0.0,0.0,BIPL.KA,
2024-06-05 00:00:00+05:00,17.842272172387606,17.91463842652829,17.5688888864424,17.59300994873047,393341.0,0.0,0.0,0.0,BIPL.KA,
2024-06-06 00:00:00+05:00,17.536726820351053,17.689500206095165,17.126651858809517,17.223140716552734,468154.0,0.0,0.0,0.0,BIPL.KA,
2024-06-07 00:00:00+05:00,17.480441463598257,17.480441463598257,16.76482129813459,17.174896240234375,295307.0,0.0,0.0,0.0,BIPL.KA,
2024-06-10 00:00:00+05:00,17.046245693239424,17.207058405884588,16.88543144695595,16.91759490966797,246957.0,0.0,0.0,0.0,BIPL.KA,
2024-06-11 00:00:00+05:00,17.006039822375314,17.006039822375314,16.161768940059513,16.242176055908203,652635.0,0.0,0.0,0.0,BIPL.KA,
2024-06-12 00:00:00+05:00,16.563805956862033,16.563805956862033,16.000957578596264,16.09744644165039,810404.0,0.0,0.0,0.0,BIPL.KA,
2024-06-13 00:00:00+05:00,16.443193406476645,17.456317871995168,16.322581963480353,17.0944881439209,3486360.0,0.0,0.0,0.0,BIPL.KA,
2024-06-14 00:00:00+05:00,17.12665083185597,17.44827931595553,17.04624524446935,17.20705795288086,880014.0,0.0,0.0,0.0,BIPL.KA,
2024-06-20 00:00:00+05:00,17.21509875099572,18.670461654663086,17.21509875099572,18.670461654663086,6157824.0,0.0,0.0,0.0,BIPL.KA,
2024-06-21 00:00:00+05:00,18.976008781266508,18.976008781266508,18.01112638097023,18.059370040893555,3831896.0,0.0,0.0,0.0,BIPL.KA,
2024-06-24 00:00:00+05:00,18.204102486374676,18.204102486374676,17.69754022497422,17.761865615844727,731809.0,0.0,0.0,0.0,BIPL.KA,
2024-06-25 00:00:00+05:00,17.761865212929447,17.761865212929447,17.44827913125399,17.625173568725586,673368.0,0.0,0.0,0.0,BIPL.KA,
2024-06-26 00:00:00+05:00,17.665376938365906,17.850313780890936,17.44827970054329,17.568889617919922,532704.0,0.0,0.0,0.0,BIPL.KA,
2024-06-27 00:00:00+05:00,17.568889044695453,18.204102073427567,17.472400193759327,17.625173568725586,1156108.0,0.0,0.0,0.0,BIPL.KA,
2024-06-28 00:00:00+05:00,17.689501639625757,18.02721036863688,17.609094507263396,17.8985595703125,521542.0,0.0,0.0,0.0,BIPL.KA,
2024-07-01 00:00:00+05:00,18.01112591065974,18.493567098210267,17.89855686256531,18.212142944335938,1202554.0,0.0,0.0,0.0,BIPL.KA,
2024-07-02 00:00:00+05:00,18.453365109276046,18.57397502801126,18.091533819432076,18.48552703857422,1299851.0,0.0,0.0,0.0,BIPL.KA,
2024-07-03 00:00:00+05:00,18.485529032978217,18.967970293608,18.381000834433703,18.58201789855957,2510563.0,0.0,0.0,0.0,BIPL.KA,
2024-07-04 00:00:00+05:00,18.69458556376381,18.815195486479773,18.49356851469108,18.590057373046875,1052456.0,0.0,0.0,0.0,BIPL.KA,
2024-07-05 00:00:00+05:00,18.622219834343227,20.117787212848615,18.517691640646095,19.643386840820312,7494723.0,0.0,0.0,0.0,BIPL.KA,
2024-07-08 00:00:00+05:00,19.87656464008838,20.50373836573841,19.538855946836566,20.342924118041992,2966782.0,0.0,0.0,0.0,BIPL.KA,
2024-07-09 00:00:00+05:00,20.46353569152462,20.90577257484485,19.860484559557943,20.21427345275879,3222166.0,0.0,0.0,0.0,BIPL.KA,
2024-07-10 00:00:00+05:00,20.302720976221334,20.42333089311479,19.64338533247469,19.78007698059082,1110713.0,0.0,0.0,0.0,BIPL.KA,
2024-07-11 00:00:00+05:00,19.780076162306383,19.900686074210316,19.46648855099028,19.73183250427246,513700.0,0.0,0.0,0.0,BIPL.KA,
2024-07-12 00:00:00+05:00,19.788116923853593,20.02129588116041,18.976007938621546,19.635343551635742,726276.0,0.0,0.0,0.0,BIPL.KA,
2024-07-15 00:00:00+05:00,19.860483934479088,19.860483934479088,19.37804273736219,19.386083602905273,872715.0,0.0,0.0,0.0,BIPL.KA,
2024-07-16 00:00:00+05:00,19.386083602905273,19.386083602905273,19.386083602905273,19.386083602905273,0.0,0.0,0.0,0.0,BIPL.KA,
2024-07-17 00:00:00+05:00,19.386083602905273,19.386083602905273,19.386083602905273,19.386083602905273,0.0,0.0,0.0,0.0,BIPL.KA,
2024-07-18 00:00:00+05:00,19.14486276952173,19.49865319505696,19.10465997432746,19.16898536682129,1115489.0,0.0,0.0,0.0,BIPL.KA,
2024-07-19 00:00:00+05:00,19.177027061825914,19.257434189329686,18.694585830441675,18.85540008544922,1347660.0,0.0,0.0,0.0,BIPL.KA,
2024-07-22 00:00:00+05:00,18.268428406636826,18.726748555213696,17.93876057716741,18.131736755371094,919503.0,0.0,0.0,0.0,BIPL.KA,
2024-07-23 00:00:00+05:00,18.244306225951085,18.485526050528392,17.367871845074912,17.81814956665039,2471624.0,0.0,0.0,0.0,BIPL.KA,
2024-07-24 00:00:00+05:00,17.890517933471816,18.252349246705265,17.528686620238364,18.14781951904297,1093250.0,0.0,0.0,0.0,BIPL.KA,
2024-07-25 00:00:00+05:00,18.083492452483277,18.284509489349883,17.850313487209924,17.89051628112793,354437.0,0.0,0.0,0.0,BIPL.KA,
2024-07-26 00:00:00+05:00,17.882476297033136,18.091534209715338,17.21509976308695,17.512605667114258,700589.0,0.0,0.0,0.0,BIPL.KA,
2024-07-29 00:00:00+05:00,17.681458910797158,18.171940986274866,17.367872814613484,17.673418045043945,333270.0,0.0,0.0,0.0,BIPL.KA,
2024-07-30 00:00:00+05:00,17.673417399836957,18.1719403228682,17.367872180561097,18.019166946411133,686200.0,0.0,0.0,0.0,BIPL.KA,
2024-07-31 00:00:00+05:00,18.21214150237999,18.41315852014056,18.091531598451272,18.284507751464844,677193.0,0.0,0.0,0.0,BIPL.KA,
2024-08-01 00:00:00+05:00,18.25234709125543,18.25234709125543,16.981919512295928,17.81814956665039,221196.0,0.0,0.0,0.0,BIPL.KA,
2024-08-02 00:00:00+05:00,17.504565486516103,17.89051786336032,17.504565486516103,17.68950080871582,552409.0,0.0,0.0,0.0,BIPL.KA,
2024-08-05 00:00:00+05:00,18.08349324476866,18.08349324476866,17.36787305293459,17.41611671447754,255471.0,0.0,0.0,0.0,BIPL.KA,
2024-08-06 00:00:00+05:00,17.3678736298025,17.64929780982074,17.287466502134656,17.359832763671875,221833.0,0.0,0.0,0.0,BIPL.KA,
2024-08-07 00:00:00+05:00,17.408074214979575,17.593009511571193,16.92563304390901,17.0944881439209,806428.0,0.0,0.0,0.0,BIPL.KA,
2024-08-08 00:00:00+05:00,17.295506854232777,17.400035043547454,17.07840807607343,17.351791381835938,102109.0,0.0,0.0,0.0,BIPL.KA,
2024-08-09 00:00:00+05:00,17.36787338229472,17.689500354744215,17.150774600776924,17.61713409423828,585768.0,0.0,0.0,0.0,BIPL.KA,
2024-08-12 00:00:00+05:00,17.729702876913123,17.729702876913123,17.287465988341133,17.351791381835938,248374.0,0.0,0.0,0.0,BIPL.KA,
2024-08-13 00:00:00+05:00,17.367873692830106,17.528686415110975,17.21510030307064,17.295507431030273,330748.0,0.0,0.0,0.0,BIPL.KA,
2024-08-15 00:00:00+05:00,17.287466285208684,17.6895003848647,17.287466285208684,17.39199447631836,230314.0,0.0,0.0,0.0,BIPL.KA,
2024-08-16 00:00:00+05:00,17.391994991886207,17.60909378020934,17.33571046164801,17.400035858154297,140255.0,0.0,0.0,0.0,BIPL.KA,
2024-08-19 00:00:00+05:00,17.528686415110975,17.834233194629913,17.046246714629966,17.295507431030273,939395.0,0.0,0.0,0.0,BIPL.KA,
2024-08-20 00:00:00+05:00,17.44827993850729,17.769906900444177,17.062326050544698,17.673418045043945,325068.0,0.0,0.0,0.0,BIPL.KA,
2024-08-21 00:00:00+05:00,17.657337725129686,18.47748769386328,17.657337725129686,18.34883689880371,1011357.0,0.0,0.0,0.0,BIPL.KA,
2024-08-22 00:00:00+05:00,18.57397567053104,18.57397567053104,18.131737241686032,18.364917755126953,555536.0,0.0,0.0,0.0,BIPL.KA,
2024-08-23 00:00:00+05:00,18.171940083583614,18.88756023004954,18.155858352876045,18.50160789489746,1146961.0,0.0,0.0,0.0,BIPL.KA,
2024-08-26 00:00:00+05:00,18.895603462309943,19.981095882829905,18.67046380511726,19.321760177612305,10861148.0,0.0,0.0,0.0,BIPL.KA,
2024-08-27 00:00:00+05:00,19.418246131864738,19.659467504701063,19.056416373067755,19.104660034179688,1365633.0,0.0,0.0,0.0,BIPL.KA,
2024-08-28 00:00:00+05:00,19.21722785779912,19.21722785779912,18.895600914911256,18.919723510742188,616443.0,0.0,0.0,0.0,BIPL.KA,
2024-08-29 00:00:00+05:00,18.97600863674822,19.05641575843359,18.895601515062847,19.00012969970703,413694.0,0.0,0.0,0.0,BIPL.KA,
2024-08-30 00:00:00+05:00,18.976009152178204,19.128782534166238,18.895602028308797,19.00817108154297,828575.0,0.0,0.0,0.0,BIPL.KA,
2024-09-02 00:00:00+05:00,19.05641562996033,19.05641562996033,18.171940364660713,18.766950607299805,405440.0,0.0,0.0,0.0,BIPL.KA,
2024-09-03 00:00:00+05:00,18.734786332385305,18.976007685347295,18.469443917673864,18.493566513061523,1251722.0,0.0,0.0,0.0,BIPL.KA,
2024-09-04 00:00:00+05:00,18.501608362456228,19.29763564893834,18.501608362456228,18.93580436706543,3769113.0,0.0,0.0,0.0,BIPL.KA,
2024-09-05 00:00:00+05:00,19.15049402773897,19.236371013103387,18.46348142075813,18.678173065185547,2373309.0,1.5,0.0,0.0,BIPL.KA,
2024-09-06 00:00:00+05:00,18.764052932780817,18.764052932780817,18.44630852951588,18.540773391723633,358280.0,0.0,0.0,0.0,BIPL.KA,
2024-09-09 00:00:00+05:00,18.63523778149965,18.63523778149965,18.33466911315918,18.33466911315918,306836.0,0.0,0.0,0.0,BIPL.KA,
2024-09-10 00:00:00+05:00,18.49783341885283,18.540771093825214,17.85375846646326,17.879520416259766,6172899.0,0.0,0.0,0.0,BIPL.KA,
2024-09-11 00:00:00+05:00,18.03409997919256,18.291729323708342,17.793644723135053,17.853759765625,566110.0,0.0,0.0,0.0,BIPL.KA,
2024-09-12 00:00:00+05:00,17.80223224215094,18.077037307779204,17.664829709336807,18.016923904418945,750438.0,0.0,0.0,0.0,BIPL.KA,
2024-09-13 00:00:00+05:00,17.862346095095408,18.034100084419713,17.604716749076385,17.819408416748047,795179.0,0.0,0.0,0.0,BIPL.KA,
2024-09-16 00:00:00+05:00,17.991160973515036,18.034098648443454,17.596127484710895,17.60471534729004,527875.0,0.0,0.0,0.0,BIPL.KA,
2024-09-17 00:00:00+05:00,17.60471534729004,17.60471534729004,17.60471534729004,17.60471534729004,0.0,0.0,0.0,0.0,BIPL.KA,
2024-09-18 00:00:00+05:00,17.853759471667967,18.03409968226628,17.570364904212223,17.99974822998047,587928.0,0.0,0.0,0.0,BIPL.KA,
2024-09-19 00:00:00+05:00,17.991160582002188,18.32607902546402,17.70776767492665,17.78505516052246,860996.0,0.0,0.0,0.0,BIPL.KA,
2024-09-20 00:00:00+05:00,17.99974961997522,18.26596848184628,17.6218934434565,18.214441299438477,588778.0,0.0,0.0,0.0,BIPL.KA,
2024-09-23 00:00:00+05:00,18.214440218090303,18.283143123888642,17.776470659397894,17.982574462890625,765211.0,0.0,0.0,0.0,BIPL.KA,
2024-09-24 00:00:00+05:00,17.99975003048409,18.205855488880758,17.776472120161564,18.034101486206055,379825.0,0.0,0.0,0.0,BIPL.KA,
2024-09-25 00:00:00+05:00,18.034099527300583,18.180089922325998,17.261209875152606,18.0512752532959,504261.0,0.0,0.0,0.0,BIPL.KA,
2024-09-26 00:00:00+05:00,17.973987579345703,18.351845391994726,17.862346989305813,17.973987579345703,548692.0,0.0,0.0,0.0,BIPL.KA,
2024-09-27 00:00:00+05:00,17.853758448183328,18.034098648443454,17.518838359465896,17.60471534729004,737654.0,0.0,0.0,0.0,BIPL.KA,
2024-09-30 00:00:00+05:00,17.682006441120514,17.77647130204083,17.518840309885643,17.587541580200195,133594.0,0.0,0.0,0.0,BIPL.KA,
2024-10-01 00:00:00+05:00,17.36426159846758,17.88810979495954,17.36426159846758,17.510251998901367,679532.0,0.0,0.0,0.0,BIPL.KA,
2024-10-02 00:00:00+05:00,17.51883743522901,18.034097697023114,17.432960451935454,17.596126556396484,261230.0,0.0,0.0,0.0,BIPL.KA,
2024-10-03 00:00:00+05:00,17.9482226065857,17.9482226065857,17.52742714583328,17.613304138183594,109541.0,0.0,0.0,0.0,BIPL.KA,
2024-10-04 00:00:00+05:00,17.613304138183594,17.759294533788914,17.458725879546503,17.613304138183594,184506.0,0.0,0.0,0.0,BIPL.KA,
2024-10-07 00:00:00+05:00,17.6218905634422,17.6476525124682,17.441548730423918,17.544601440429688,318477.0,0.0,0.0,0.0,BIPL.KA,
2024-10-08 00:00:00+05:00,17.639067293069306,17.69059283202417,17.192508254214232,17.390024185180664,3895993.0,0.0,0.0,0.0,BIPL.KA,
2024-10-09 00:00:00+05:00,17.390024185180664,17.390024185180664,17.390024185180664,17.390024185180664,0.0,0.0,0.0,0.0,BIPL.KA,
2024-10-10 00:00:00+05:00,19.150494521875046,20.043612571962328,19.150494521875046,19.871858596801758,3880299.0,0.0,0.0,0.0,BIPL.KA,
2024-10-11 00:00:00+05:00,19.880447945000462,20.009262617013416,19.159083816167,19.373775482177734,910846.0,0.0,0.0,0.0,BIPL.KA,
2024-10-14 00:00:00+05:00,19.37377492653959,19.485415506925083,18.901453930049065,19.33083724975586,957080.0,0.0,0.0,0.0,BIPL.KA,
2024-10-15 00:00:00+05:00,19.330838148001504,19.571293407878795,19.19343561034804,19.485416412353516,343398.0,0.0,0.0,0.0,BIPL.KA,
2024-10-16 00:00:00+05:00,19.40812637834047,19.57987872344276,19.219196669370362,19.33083724975586,373546.0,0.0,0.0,0.0,BIPL.KA,
2024-10-17 00:00:00+05:00,19.32225076074611,19.579880115702395,19.20202394682884,19.416715621948242,866782.0,0.0,0.0,0.0,BIPL.KA,
2024-10-18 00:00:00+05:00,19.494004896142698,19.494004896142698,19.150496903108685,19.236373901367188,266420.0,0.0,0.0,0.0,BIPL.KA,
2024-10-21 00:00:00+05:00,19.408125842937395,20.369943535285653,19.287897402918365,20.258304595947266,1915528.0,0.0,0.0,0.0,BIPL.KA,
2024-10-22 00:00:00+05:00,20.438645709865597,20.618987558947346,20.103727238957582,20.412883758544922,1457860.0,0.0,0.0,0.0,BIPL.KA,
2024-10-23 00:00:00+05:00,20.181015065292573,20.567460689814883,20.095138077846805,20.16383934020996,1480034.0,0.0,0.0,0.0,BIPL.KA,
2024-10-24 00:00:00+05:00,20.035025586024492,20.258305108315735,19.433888284627503,19.622817993164062,1390205.0,0.0,0.0,0.0,BIPL.KA,
2024-10-25 00:00:00+05:00,19.66575639397492,19.66575639397492,17.716355662087178,18.5150089263916,4070829.0,0.0,0.0,0.0,BIPL.KA,
2024-10-28 00:00:00+05:00,18.515010400540632,18.635238857599948,17.948224484868707,18.034101486206055,1514161.0,0.0,0.0,0.0,BIPL.KA,
2024-10-29 00:00:00+05:00,18.077037311081448,18.446307232324656,17.948222641290588,18.291728973388672,1642917.0,0.0,0.0,0.0,BIPL.KA,
2024-10-30 00:00:00+05:00,18.377604896272352,18.46348188379042,18.085624121491307,18.188676834106445,1799843.0,0.0,0.0,0.0,BIPL.KA,
2024-10-31 00:00:00+05:00,18.24020530663516,18.265968898426635,17.99975003048409,18.034101486206055,373725.0,0.0,0.0,0.0,BIPL.KA,
2024-11-01 00:00:00+05:00,18.111388149101025,18.119976011858178,17.931046307135468,17.991161346435547,461709.0,0.0,0.0,0.0,BIPL.KA,
2024-11-04 00:00:00+05:00,17.99116229913893,18.28314309647435,17.948222983079354,18.128564834594727,559954.0,0.0,0.0,0.0,BIPL.KA,
2024-11-05 00:00:00+05:00,18.162914596301974,18.46348325596938,18.034099924435207,18.42054557800293,599872.0,0.0,0.0,0.0,BIPL.KA,
2024-11-06 00:00:00+05:00,18.4634819557608,18.892865257057558,18.42913050543275,18.867101669311523,850959.0,0.0,0.0,0.0,BIPL.KA,
2024-11-07 00:00:00+05:00,18.901453119639573,19.09896904512393,18.72111128135193,18.867101669311523,816006.0,0.0,0.0,0.0,BIPL.KA,
2024-11-08 00:00:00+05:00,18.815576954516636,19.064620066382723,18.549359754702877,18.91004180908203,854874.0,0.0,0.0,0.0,BIPL.KA,
2024-11-11 00:00:00+05:00,18.927217490366935,19.25354809214651,18.910041764492387,19.202022552490234,476300.0,0.0,0.0,0.0,BIPL.KA,
2024-11-12 00:00:00+05:00,19.10755827640518,19.23637294842791,18.729700485566738,19.098970413208008,377248.0,0.0,0.0,0.0,BIPL.KA,
2024-11-13 00:00:00+05:00,19.1075596330086,19.159085177882428,18.97874495184025,19.056034088134766,253985.0,0.0,0.0,0.0,BIPL.KA,
2024-11-14 00:00:00+05:00,18.978743527218604,19.236372870216595,18.892866533563467,18.98733139038086,245810.0,0.0,0.0,0.0,BIPL.KA,
2024-11-15 00:00:00+05:00,19.02168130921069,19.322249969665638,18.901454500215678,18.952980041503906,634173.0,0.0,0.0,0.0,BIPL.KA,
2024-11-18 00:00:00+05:00,18.952979989570892,19.09038252460796,18.892866585238107,18.970155715942383,274883.0,0.0,0.0,0.0,BIPL.KA,
2024-11-19 00:00:00+05:00,18.927217614912315,19.124733549867216,18.875690436949608,19.02168083190918,308086.0,0.0,0.0,0.0,BIPL.KA,
2024-11-20 00:00:00+05:00,18.944391116293364,19.10755723218784,18.81557645131028,18.84992790222168,521731.0,0.0,0.0,0.0,BIPL.KA,
2024-11-21 00:00:00+05:00,18.84992843489808,19.107557772144535,18.806989120045415,19.038856506347656,386577.0,0.0,0.0,0.0,BIPL.KA,
2024-11-22 00:00:00+05:00,18.97874398466365,20.086552151817433,18.97874398466365,19.743045806884766,4720082.0,0.0,0.0,0.0,BIPL.KA,
2024-11-25 00:00:00+05:00,19.751632133545982,20.138077765258814,19.32224882629498,19.708694458007812,1435029.0,0.0,0.0,0.0,BIPL.KA,
2024-11-26 00:00:00+05:00,19.511177673573545,20.696276566331488,17.74211883544922,17.74211883544922,5996901.0,0.0,0.0,0.0,BIPL.KA,
2024-11-27 00:00:00+05:00,16.7888858835657,18.901452509494423,16.7888858835657,18.841339111328125,3788715.0,0.0,0.0,0.0,BIPL.KA,
2024-11-28 00:00:00+05:00,18.849928513785187,19.20202270721364,18.386193739239975,19.150495529174805,1453139.0,0.0,0.0,0.0,BIPL.KA,
2024-11-29 00:00:00+05:00,19.098969892412555,19.579878752568668,19.06462007852795,19.459651947021484,1324404.0,0.0,0.0,0.0,BIPL.KA,
2024-12-02 00:00:00+05:00,19.45965140394154,19.966323838846428,19.31366101357967,19.691518783569336,840786.0,0.0,0.0,0.0,BIPL.KA,
2024-12-03 00:00:00+05:00,19.597054382385334,19.854685356109577,19.494003303269533,19.768808364868164,792541.0,0.0,0.0,0.0,BIPL.KA,
2024-12-04 00:00:00+05:00,19.67434358100072,21.271650054709024,19.494003372920037,20.576047897338867,3678590.0,0.0,0.0,0.0,BIPL.KA,
2024-12-05 00:00:00+05:00,20.60181229724235,21.761147633865765,20.52452316560296,21.443403244018555,2271552.0,0.0,0.0,0.0,BIPL.KA,
2024-12-06 00:00:00+05:00,21.46916587514131,22.11324085139555,21.28882566801446,21.305999755859375,1732105.0,0.0,0.0,0.0,BIPL.KA,
2024-12-09 00:00:00+05:00,21.555041901672087,21.572217626715776,20.352768994057975,20.601810455322266,5239704.0,0.0,0.0,0.0,BIPL.KA,
2024-12-10 00:00:00+05:00,20.842267573600903,20.842267573600903,20.181016841429127,20.34418296813965,927027.0,0.0,0.0,0.0,BIPL.KA,
2024-12-11 00:00:00+05:00,20.352768994057975,20.61898618036595,20.352768994057975,20.601810455322266,704218.0,0.0,0.0,0.0,BIPL.KA,
2024-12-12 00:00:00+05:00,20.782155098332534,20.885206186573924,20.601813236958822,20.62757682800293,751657.0,0.0,0.0,0.0,BIPL.KA,
2024-12-13 00:00:00+05:00,20.43864485051051,20.868028159453736,20.18101552033151,20.24112892150879,554941.0,0.0,0.0,0.0,BIPL.KA,
2024-12-16 00:00:00+05:00,20.515933982886363,20.653336510749174,19.73445649142887,19.82033348083496,1405229.0,0.0,0.0,0.0,BIPL.KA,
2024-12-17 00:00:00+05:00,20.095138451753314,20.18101544079698,19.57987815545865,19.708694458007812,1883053.0,0.0,0.0,0.0,BIPL.KA,
2024-12-18 00:00:00+05:00,19.837509774609348,19.92338676647562,19.107557800697105,19.16767120361328,744804.0,0.0,0.0,0.0,BIPL.KA,
2024-12-19 00:00:00+05:00,19.150494428606983,19.743043838261045,18.892865105088152,18.918628692626953,499521.0,0.0,0.0,0.0,BIPL.KA,
2024-12-20 00:00:00+05:00,18.884279592680162,19.31366294395884,18.884279592680162,18.995920181274414,781072.0,0.0,0.0,0.0,BIPL.KA,
2024-12-23 00:00:00+05:00,19.270723847071686,19.562704635509697,19.073206275151357,19.33083724975586,285502.0,0.0,0.0,0.0,BIPL.KA,
2024-12-24 00:00:00+05:00,19.339426626870893,19.399540034261594,19.064621542817683,19.236373901367188,360193.0,0.0,0.0,0.0,BIPL.KA,
2024-12-26 00:00:00+05:00,19.23637346174102,19.35660191174224,18.034100427501105,18.884279251098633,580488.0,0.0,0.0,0.0,BIPL.KA,
2024-12-27 00:00:00+05:00,18.892866585238107,19.150495928940746,18.549360247645442,18.970155715942383,105757.0,0.0,0.0,0.0,BIPL.KA,
2024-12-30 00:00:00+05:00,18.892866916796883,19.751633594833105,18.463483577778774,19.631406784057617,653376.0,0.0,0.0,0.0,BIPL.KA,
2024-12-31 00:00:00+05:00,19.76022158601436,20.035026662689095,19.330838244218224,19.72587013244629,327062.0,0.0,0.0,0.0,BIPL.KA,
2025-01-01 00:00:00+05:00,19.72587013244629,19.72587013244629,19.72587013244629,19.72587013244629,0.0,0.0,0.0,0.0,BIPL.KA,
2025-01-02 00:00:00+05:00,19.820333360957235,20.181015403907466,19.75163209744135,20.000675201416016,808141.0,0.0,0.0,0.0,BIPL.KA,
2025-01-03 00:00:00+05:00,19.957736487165043,19.96632435010827,19.674343561908007,19.751632690429688,430817.0,0.0,0.0,0.0,BIPL.KA,
2025-01-06 00:00:00+05:00,19.751632690429688,20.000675801881183,19.536941030751105,19.751632690429688,353737.0,0.0,0.0,0.0,BIPL.KA,
2025-01-07 00:00:00+05:00,19.674343199678944,19.751632326777635,19.279311339367716,19.36518669128418,544947.0,0.0,0.0,0.0,BIPL.KA,
2025-01-08 00:00:00+05:00,19.708695622342066,19.751633300416874,19.107558301490236,19.227785110473633,625350.0,0.0,0.0,0.0,BIPL.KA,
2025-01-09 00:00:00+05:00,19.313662450562564,19.751633654234286,19.15049632261409,19.339426040649414,276590.0,0.0,0.0,0.0,BIPL.KA,
2025-01-10 00:00:00+05:00,19.322248932476032,19.485415048758906,19.150494953444866,19.25354766845703,91060.0,0.0,0.0,0.0,BIPL.KA,
2025-01-13 00:00:00+05:00,19.244961129647226,19.74304573754205,19.098970728817665,19.35660171508789,160917.0,0.0,0.0,0.0,BIPL.KA,
2025-01-14 00:00:00+05:00,19.40812868592031,20.009264422202985,19.40812868592031,19.957738876342773,845108.0,0.0,0.0,0.0,BIPL.KA,
2025-01-15 00:00:00+05:00,19.966324298146258,20.103726828945575,19.751632639026408,19.768808364868164,367456.0,0.0,0.0,0.0,BIPL.KA,
2025-01-16 00:00:00+05:00,19.82892237558879,20.03502617810989,19.75163324489745,19.794570922851562,78401.0,0.0,0.0,0.0,BIPL.KA,
2025-01-17 00:00:00+05:00,19.794570367178455,19.923386673359502,19.70869501368092,19.751632690429688,91652.0,0.0,0.0,0.0,BIPL.KA,
2025-01-20 00:00:00+05:00,19.75163324489745,19.93197345786563,19.75163324489745,19.794570922851562,154775.0,0.0,0.0,0.0,BIPL.KA,
2025-01-21 00:00:00+05:00,19.95773645761724,19.95773645761724,19.408126333803335,19.622817993164062,250339.0,0.0,0.0,0.0,BIPL.KA,
2025-01-22 00:00:00+05:00,19.923384808505947,20.009260153965442,19.494001529339588,19.588464736938477,444933.0,0.0,0.0,0.0,BIPL.KA,
2025-01-23 00:00:00+05:00,19.837510239848733,19.837510239848733,19.502590127512292,19.519765853881836,288010.0,0.0,0.0,0.0,BIPL.KA,
2025-01-24 00:00:00+05:00,19.51976530486465,19.794570367178455,19.51976530486465,19.751632690429688,706912.0,0.0,0.0,0.0,BIPL.KA,
2025-01-27 00:00:00+05:00,19.75163225512776,19.75163225512776,19.494002924378247,19.528352737426758,242249.0,0.0,0.0,0.0,BIPL.KA,
2025-01-28 00:00:00+05:00,19.536940092846738,19.65716689234549,19.330836306005747,19.468238830566406,175292.0,0.0,0.0,0.0,BIPL.KA,
2025-01-29 00:00:00+05:00,19.494003318025037,19.6657556626705,19.322249335412202,19.348012924194336,226172.0,0.0,0.0,0.0,BIPL.KA,
2025-01-30 00:00:00+05:00,19.554117280269185,19.691519815105536,19.425302608606035,19.665756225585938,274963.0,0.0,0.0,0.0,BIPL.KA,
2025-01-31 00:00:00+05:00,19.579879575248558,20.095139908906138,19.579879575248558,19.77739715576172,1336397.0,0.0,0.0,0.0,BIPL.KA,
2025-02-03 00:00:00+05:00,19.751634085050192,20.112316164295894,19.751634085050192,19.966325759887695,383086.0,0.0,0.0,0.0,BIPL.KA,
2025-02-04 00:00:00+05:00,20.009262459411254,20.61039977469344,19.92338710405729,20.52452278137207,875657.0,0.0,0.0,0.0,BIPL.KA,
2025-02-06 00:00:00+05:00,20.395708614707583,20.395708614707583,20.181016945079083,20.309831619262695,453831.0,0.0,0.0,0.0,BIPL.KA,
2025-02-07 00:00:00+05:00,20.35276939664385,20.593223000142565,19.957735902661593,20.275480270385742,210958.0,0.0,0.0,0.0,BIPL.KA,
2025-02-10 00:00:00+05:00,20.60181242099485,20.60181242099485,20.181016945079083,20.309831619262695,291717.0,0.0,0.0,0.0,BIPL.KA,
2025-02-11 00:00:00+05:00,20.38712024724484,20.61039977469344,20.309831117052347,20.52452278137207,284911.0,0.0,0.0,0.0,BIPL.KA,
2025-02-12 00:00:00+05:00,20.524523761366076,20.610400758787858,20.18960527318537,20.51593589782715,164175.0,0.0,0.0,0.0,BIPL.KA,
2025-02-13 00:00:00+05:00,20.438644348112767,21.15142055791923,20.438644348112767,21.022605895996094,746094.0,0.0,0.0,0.0,BIPL.KA,
2025-02-14 00:00:00+05:00,20.618987923709607,21.898550064240506,20.618987923709607,21.477754592895508,1047558.0,0.0,0.0,0.0,BIPL.KA,
2025-02-17 00:00:00+05:00,21.40046396427736,21.812671543532947,21.125658911440304,21.57221794128418,516839.0,0.0,0.0,0.0,BIPL.KA,
2025-02-18 00:00:00+05:00,21.555041376774252,21.812670694286723,21.469164391614346,21.675268173217773,734341.0,0.0,0.0,0.0,BIPL.KA,
2025-02-19 00:00:00+05:00,21.675271559922063,22.121830642153466,21.640921743271385,21.726797103881836,620776.0,0.0,0.0,0.0,BIPL.KA,
2025-02-20 00:00:00+05:00,21.87278507676955,22.29358052122464,21.726794686818412,22.08747673034668,485920.0,0.0,0.0,0.0,BIPL.KA,
2025-02-21 00:00:00+05:00,22.24205528544141,22.32793227563347,22.078889167873232,22.216293334960938,965520.0,0.0,0.0,0.0,BIPL.KA,
2025-02-24 00:00:00+05:00,22.216294498841947,22.422398303319977,21.97583924130053,22.010189056396484,497513.0,0.0,0.0,0.0,BIPL.KA,
2025-02-25 00:00:00+05:00,22.164766341540417,22.491098579378082,21.898549143911957,22.293581008911133,691230.0,0.0,0.0,0.0,BIPL.KA,
2025-02-26 00:00:00+05:00,22.54262441474204,22.551212277741836,22.078889640557286,22.147592544555664,185244.0,0.0,0.0,0.0,BIPL.KA,
2025-02-27 00:00:00+05:00,21.993013552820255,22.31934414608944,19.931972364710752,20.258304595947266,1776633.0,0.0,0.0,0.0,BIPL.KA,
2025-02-28 00:00:00+05:00,19.957738016212353,20.18101755594056,19.23637385338814,19.657169342041016,1073104.0,0.0,0.0,0.0,BIPL.KA,
2025-03-03 00:00:00+05:00,19.751633670254012,20.000676794059856,19.597055405542452,19.743045806884766,496098.0,0.0,0.0,0.0,BIPL.KA,
2025-03-04 00:00:00+05:00,19.914798810416276,19.914798810416276,19.717281238656774,19.751632690429688,461178.0,0.0,0.0,0.0,BIPL.KA,
2025-03-05 00:00:00+05:00,19.760220656492958,19.82892192242993,19.62281812461901,19.717281341552734,180374.0,0.0,0.0,0.0,BIPL.KA,
2025-03-06 00:00:00+05:00,19.708695411125017,19.863272033318186,19.494003747116977,19.571292877197266,323986.0,0.0,0.0,0.0,BIPL.KA,
2025-03-07 00:00:00+05:00,19.622818995650196,19.760221533623263,19.622818995650196,19.743045806884766,119557.0,0.0,0.0,0.0,BIPL.KA,
2025-03-10 00:00:00+05:00,19.743044270844884,19.81174553448635,19.691518732605616,19.708694458007812,345540.0,0.0,0.0,0.0,BIPL.KA,
2025-03-11 00:00:00+05:00,19.708694458007812,19.95773592447038,19.665755144502317,19.708694458007812,618286.0,0.0,0.0,0.0,BIPL.KA,
2025-03-12 00:00:00+05:00,19.751632184665283,20.000675289739732,19.639993245196713,19.691518783569336,915099.0,0.0,0.0,0.0,BIPL.KA,
2025-03-13 00:00:00+05:00,19.743043363825734,19.83750821123067,19.32224793860768,19.408124923706055,1044703.0,0.0,0.0,0.0,BIPL.KA,
2025-03-14 00:00:00+05:00,19.494004357986462,19.536942036946613,19.236373370323175,19.322250366210938,991940.0,0.0,0.0,0.0,BIPL.KA,
2025-03-17 00:00:00+05:00,19.536940626603762,19.54552848936934,18.626648467028026,18.961566925048828,3905901.0,0.0,0.0,0.0,BIPL.KA,
2025-03-18 00:00:00+05:00,19.11631926545581,19.389408846172124,18.9342583874708,18.979774475097656,1406475.0,1.25,0.0,0.0,BIPL.KA,
2025-03-19 00:00:00+05:00,19.04349446726523,19.12542168531542,18.943360814923633,18.99798011779785,2167821.0,0.0,0.0,0.0,BIPL.KA,
2025-03-20 00:00:00+05:00,19.10721515974404,19.498644813833625,18.661167939302295,18.93425750732422,2492868.0,0.0,0.0,0.0,BIPL.KA,
2025-03-21 00:00:00+05:00,19.070803231149885,19.07990471161087,18.879639152509146,18.952463150024414,594937.0,0.0,0.0,0.0,BIPL.KA,
2025-03-24 00:00:00+05:00,19.098112351402854,19.29837965941568,18.661168338711317,18.906949996948242,1382687.0,0.0,0.0,0.0,BIPL.KA,
2025-03-25 00:00:00+05:00,18.943360724426434,19.1618327260962,18.91605280938092,18.93425750732422,655954.0,0.0,0.0,0.0,BIPL.KA,
2025-03-26 00:00:00+05:00,19.116318460000315,19.21645211229912,19.007081590559697,19.161832809448242,1038059.0,0.0,0.0,0.0,BIPL.KA,
2025-03-27 00:00:00+05:00,19.207348749374184,19.890074403478042,19.12542153198083,19.7080135345459,1145437.0,0.0,0.0,0.0,BIPL.KA,
2025-03-28 00:00:00+05:00,19.7080135345459,19.7080135345459,19.7080135345459,19.7080135345459,0.0,0.0,0.0,0.0,BIPL.KA,
2025-03-31 00:00:00+05:00,19.7080135345459,19.7080135345459,19.7080135345459,19.7080135345459,0.0,0.0,0.0,0.0,BIPL.KA,
2025-04-03 00:00:00+05:00,19.726219499591465,20.12675235996063,19.680705151571345,19.926485061645508,1300349.0,0.0,0.0,0.0,BIPL.KA,
2025-04-04 00:00:00+05:00,20.09944487128996,20.572801781162276,19.944693640610986,20.026620864868164,3299210.0,0.0,0.0,0.0,BIPL.KA,
2025-04-07 00:00:00+05:00,20.01751555294012,20.01751555294012,18.433592276769073,19.28017234802246,2077339.0,0.0,0.0,0.0,BIPL.KA,
2025-04-08 00:00:00+05:00,19.471334853995923,19.662498937591103,19.070803725411828,19.15273094177246,1341371.0,0.0,0.0,0.0,BIPL.KA,
2025-04-09 00:00:00+05:00,19.161832971740722,19.261966624887616,18.943360967270262,19.034391403198242,708113.0,0.0,0.0,0.0,BIPL.KA,
2025-04-10 00:00:00+05:00,19.34389392633937,19.525954798974084,18.843229130985637,18.970670700073242,2138633.0,0.0,0.0,0.0,BIPL.KA,
2025-04-11 00:00:00+05:00,19.107215881347656,19.180039884654516,18.979774309625945,19.107215881347656,805840.0,0.0,0.0,0.0,BIPL.KA,
2025-04-14 00:00:00+05:00,19.116318934339994,19.28927659180382,18.934258059508473,19.234657287597656,630200.0,0.0,0.0,0.0,BIPL.KA,
2025-04-15 00:00:00+05:00,19.25286365189699,19.389408439390493,19.079905995065925,19.134525299072266,825752.0,0.0,0.0,0.0,BIPL.KA,
2025-04-16 00:00:00+05:00,19.11631798204145,19.252862763232386,19.025287549160463,19.089008331298828,716941.0,0.0,0.0,0.0,BIPL.KA,
2025-04-17 00:00:00+05:00,19.034390766074672,19.289275630889218,19.034390766074672,19.089008331298828,256404.0,0.0,0.0,0.0,BIPL.KA,
2025-04-18 00:00:00+05:00,19.280173540299398,19.280173540299398,18.66116864406048,19.107215881347656,1038456.0,0.0,0.0,0.0,BIPL.KA,
2025-04-21 00:00:00+05:00,19.10721485698261,19.38940763763529,19.025287640621976,19.15273094177246,2459116.0,0.0,0.0,0.0,BIPL.KA,
2025-04-22 00:00:00+05:00,19.380307864366042,19.389409345864763,18.42449083470376,18.633859634399414,3300456.0,0.0,0.0,0.0,BIPL.KA,
2025-04-23 00:00:00+05:00,18.606551008801215,18.870537368742262,18.388078999665495,18.58834457397461,1688608.0,0.0,0.0,0.0,BIPL.KA,
2025-04-24 00:00:00+05:00,18.39718000763661,18.52462331188379,17.90561843378965,17.93292808532715,4858231.0,0.0,0.0,0.0,BIPL.KA,
2025-04-25 00:00:00+05:00,18.287946315704847,18.287946315704847,17.887413409552,18.15140151977539,609354.0,0.0,0.0,0.0,BIPL.KA,
2025-04-28 00:00:00+05:00,18.206019090894916,18.606551997047763,18.096782212394583,18.15140151977539,949660.0,0.0,0.0,0.0,BIPL.KA,
2025-04-29 00:00:00+05:00,18.10588360183443,18.287944468862133,17.94202916876172,18.25153160095215,681134.0,0.0,0.0,0.0,BIPL.KA,
2025-04-30 00:00:00+05:00,18.38807868322753,18.38807868322753,17.932928237962106,17.96933937072754,811927.0,0.0,0.0,0.0,BIPL.KA,
2025-05-02 00:00:00+05:00,18.105884707918438,18.31525523866902,18.03306070391078,18.269739151000977,508915.0,0.0,0.0,0.0,BIPL.KA,
2025-05-05 00:00:00+05:00,18.315254687758035,18.424489822353195,18.206017816901714,18.388078689575195,207280.0,0.0,0.0,0.0,BIPL.KA,
2025-05-06 00:00:00+05:00,18.561034517914635,18.561034517914635,18.297048163716962,18.324356079101562,107482.0,0.0,0.0,0.0,BIPL.KA,
2025-05-07 00:00:00+05:00,16.612991919875288,18.114988102365192,16.612991919875288,17.72355842590332,888954.0,0.0,0.0,0.0,BIPL.KA,
2025-05-08 00:00:00+05:00,17.93292866807945,18.00575267161814,15.948472401323677,16.521961212158203,1105968.0,0.0,0.0,0.0,BIPL.KA,
2025-05-09 00:00:00+05:00,17.204685748270556,17.204685748270556,15.930264903261827,16.631196975708008,1812268.0,0.0,0.0,0.0,BIPL.KA,
2025-05-12 00:00:00+05:00,18.11498737240783,18.297048244999324,17.386747354564147,18.260635375976562,4683772.0,0.0,0.0,0.0,BIPL.KA,
2025-05-13 00:00:00+05:00,18.206018375445016,18.324356730930475,17.94203027559568,17.978443145751953,1511829.0,0.0,0.0,0.0,BIPL.KA,
2025-05-14 00:00:00+05:00,17.98754636329102,18.169605505288743,17.759971133597958,17.978443145751953,892883.0,0.0,0.0,0.0,BIPL.KA,
2025-05-15 00:00:00+05:00,17.932927927829013,18.433592714457987,17.932927927829013,18.351665496826172,738052.0,0.0,0.0,0.0,BIPL.KA,
2025-05-16 00:00:00+05:00,18.351666932254126,18.79771418743779,18.169606048551653,18.27884292602539,2102113.0,0.0,0.0,0.0,BIPL.KA,
2025-05-19 00:00:00+05:00,18.506417513955807,18.51552073144803,18.260635850449397,18.333459854125977,399149.0,0.0,0.0,0.0,BIPL.KA,
2025-05-20 00:00:00+05:00,18.297049192075285,18.433593985456042,18.142297963240757,18.40628433227539,378212.0,0.0,0.0,0.0,BIPL.KA,
2025-05-21 00:00:00+05:00,18.41538707529478,18.433593510279227,18.215121499249484,18.333459854125977,845088.0,0.0,0.0,0.0,BIPL.KA,
2025-05-22 00:00:00+05:00,18.351666294049735,18.752199182509337,18.2970487253429,18.46090316772461,786233.0,0.0,0.0,0.0,BIPL.KA,
2025-05-23 00:00:00+05:00,18.3971792229233,18.706681648768853,18.315253744327542,18.53372573852539,459331.0,0.0,0.0,0.0,BIPL.KA,
2025-05-26 00:00:00+05:00,18.606552273556805,18.934259441405246,18.39718173134152,18.642963409423828,878996.0,0.0,0.0,0.0,BIPL.KA,
2025-05-27 00:00:00+05:00,18.679375164300602,18.825023171579808,18.433593500918995,18.624755859375,247281.0,0.0,0.0,0.0,BIPL.KA,
2025-05-28 00:00:00+05:00,18.624755859375,18.624755859375,18.624755859375,18.624755859375,0.0,0.0,0.0,0.0,BIPL.KA,
2025-05-29 00:00:00+05:00,18.81592004275314,18.81592004275314,18.63385916466566,18.688478469848633,399743.0,0.0,0.0,0.0,BIPL.KA,
2025-05-30 00:00:00+05:00,18.788611425414537,18.788611425414537,18.43359460346985,18.642963409423828,377742.0,0.0,0.0,0.0,BIPL.KA,
2025-06-02 00:00:00+05:00,18.642961896472144,18.88874355460828,18.57013789438675,18.77950668334961,1139397.0,0.0,0.0,0.0,BIPL.KA,
2025-06-03 00:00:00+05:00,18.825022700616145,19.753530025987615,18.797713048836574,19.680706024169922,3122304.0,0.0,0.0,0.0,BIPL.KA,
2025-06-04 00:00:00+05:00,19.753531058157265,21.646956940614544,19.753531058157265,21.155393600463867,8868564.0,0.0,0.0,0.0,BIPL.KA,
2025-06-05 00:00:00+05:00,21.392071413856648,21.47399863476806,20.663831379378774,20.91871452331543,2588698.0,0.0,0.0,0.0,BIPL.KA,
2025-06-06 00:00:00+05:00,20.91871452331543,20.91871452331543,20.91871452331543,20.91871452331543,0.0,0.0,0.0,0.0,BIPL.KA,
2025-06-09 00:00:00+05:00,20.91871452331543,20.91871452331543,20.91871452331543,20.91871452331543,0.0,0.0,0.0,0.0,BIPL.KA,
2025-06-10 00:00:00+05:00,20.936920406943873,22.93958305341688,20.56369718206881,21.619646072387695,10098726.0,0.0,0.0,0.0,BIPL.KA,
2025-06-11 00:00:00+05:00,22.111208179485903,22.393400952998718,21.61964489375933,21.7926025390625,2928561.0,0.0,0.0,0.0,BIPL.KA,
2025-06-12 00:00:00+05:00,21.84722195248151,23.96822301425114,21.674264292537895,23.95911979675293,16702450.0,0.0,0.0,0.0,BIPL.KA,
2025-06-13 00:00:00+05:00,23.376527803418632,26.25307855941451,23.203570143205244,25.47932243347168,17193685.0,0.0,0.0,0.0,BIPL.KA,
2025-06-16 00:00:00+05:00,25.47932243347168,25.47932243347168,25.47932243347168,25.47932243347168,0.0,0.0,0.0,0.0,BIPL.KA,
2025-06-17 00:00:00+05:00,25.48842371361449,28.02816390991211,25.48842371361449,28.02816390991211,9949015.0,0.0,0.0,0.0,BIPL.KA,
2025-06-18 00:00:00+05:00,26.398725602041864,29.238863384162194,26.125636031697614,27.62763214111328,17014517.0,0.0,0.0,0.0,BIPL.KA,
2025-06-19 00:00:00+05:00,27.618530064795852,29.12052623625576,26.216665813925793,26.517065048217773,6783675.0,0.0,0.0,0.0,BIPL.KA,
2025-06-20 00:00:00+05:00,26.58078677783568,27.199789926796342,25.2608497880973,25.533939361572266,3205760.0,0.0,0.0,0.0,BIPL.KA,
2025-06-23 00:00:00+05:00,24.71466914258772,27.309027060596637,24.559917919793893,24.92403793334961,7921882.0,0.0,0.0,0.0,BIPL.KA,
2025-06-24 00:00:00+05:00,26.8447719714625,27.418262481689453,26.39872476143103,27.418262481689453,6347205.0,0.0,0.0,0.0,BIPL.KA,
2025-06-25 00:00:00+05:00,28.219326175646163,29.457335879600635,27.946236616837886,28.09188461303711,11454377.0,0.0,0.0,0.0,BIPL.KA,
2025-06-26 00:00:00+05:00,28.85653983315481,29.12962941441042,27.627633244982125,27.937135696411133,6368491.0,0.0,0.0,0.0,BIPL.KA,
2025-06-27 00:00:00+05:00,28.219326596296398,30.73175543631496,28.091885031787644,30.713552474975586,23764630.0,0.0,0.0,0.0,BIPL.KA,
2025-06-30 00:00:00+05:00,31.614751207312555,33.78126841529857,30.959333419765276,32.60697937011719,16247848.0,0.0,0.0,0.0,BIPL.KA,
2025-07-01 00:00:00+05:00,32.8618622939246,35.228646803355744,32.8618622939246,34.15449142456055,15142580.0,0.0,0.0,0.0,BIPL.KA,
2025-07-02 00:00:00+05:00,34.609643841665054,35.27416314353736,32.77083543657664,33.089439392089844,7512908.0,0.0,0.0,0.0,BIPL.KA,
2025-07-03 00:00:00+05:00,32.96199539055988,34.136284407586224,31.25973364707452,32.33388900756836,8271365.0,0.0,0.0,0.0,BIPL.KA,
2025-07-04 00:00:00+05:00,32.406708723534315,32.99840566235085,31.505512830747342,32.5523567199707,4381599.0,0.0,0.0,0.0,BIPL.KA,
2025-07-07 00:00:00+05:00,32.32478628063557,32.94379122500486,32.088109553681505,32.370304107666016,2073639.0,0.0,0.0,0.0,BIPL.KA,
2025-07-08 00:00:00+05:00,32.49774314156269,32.49774314156269,31.587442232681504,31.71488380432129,2526483.0,0.0,0.0,0.0,BIPL.KA,
2025-07-09 00:00:00+05:00,32.04259424736515,32.04259424736515,31.04126111532472,31.15960121154785,1099698.0,0.0,0.0,0.0,BIPL.KA,
2025-07-10 00:00:00+05:00,31.223319000455675,32.22465203628551,30.868302218419743,31.68757438659668,2611920.0,0.0,0.0,0.0,BIPL.KA,
2025-07-11 00:00:00+05:00,31.769503599589697,32.04259318196699,31.314353138120058,31.623855590820312,865191.0,0.0,0.0,0.0,BIPL.KA,
2025-07-14 00:00:00+05:00,31.623852276905872,32.406708071678075,31.350759250623994,32.151824951171875,1850719.0,0.0,0.0,0.0,BIPL.KA,
2025-07-15 00:00:00+05:00,32.042591343881966,33.22598178131475,31.769501777170127,32.43402099609375,3236462.0,0.0,0.0,0.0,BIPL.KA,
2025-07-16 00:00:00+05:00,32.54325780189887,32.63428650464346,31.851430632481648,32.33388900756836,1194837.0,0.0,0.0,0.0,BIPL.KA,
2025-07-17 00:00:00+05:00,32.04259409590015,32.679805454636956,31.860533211614985,32.09720993041992,1237459.0,0.0,0.0,0.0,BIPL.KA,
2025-07-18 00:00:00+05:00,32.12451852488229,32.21554722284273,30.96843600366912,31.305246353149414,940280.0,0.0,0.0,0.0,BIPL.KA,
2025-07-21 00:00:00+05:00,31.632955221842565,31.632955221842565,30.768168701129472,31.305246353149414,1243347.0,0.0,0.0,0.0,BIPL.KA,
2025-07-22 00:00:00+05:00,31.40537869515725,31.678468250175936,30.722653071349484,30.83188819885254,1621609.0,0.0,0.0,0.0,BIPL.KA,
2025-07-23 00:00:00+05:00,30.950230031123358,31.159598817572398,30.57700680788423,30.66803550720215,750940.0,0.0,0.0,0.0,BIPL.KA,
2025-07-24 00:00:00+05:00,30.76817002985169,31.232425438056584,30.76817002985169,30.877405166625977,967473.0,0.0,0.0,0.0,BIPL.KA,
2025-07-25 00:00:00+05:00,31.086777682865822,31.314352911957016,30.586109400847267,30.686243057250977,995996.0,0.0,0.0,0.0,BIPL.KA,
2025-07-28 00:00:00+05:00,30.804583947246563,30.96843839424169,30.495081488758263,30.922924041748047,917025.0,0.0,0.0,0.0,BIPL.KA,
2025-07-29 00:00:00+05:00,30.76816910000128,32.04259172310215,30.704448316098468,31.56923484802246,1831892.0,0.0,0.0,0.0,BIPL.KA,
2025-07-30 00:00:00+05:00,31.569236703138635,31.933358466142288,30.904717437301084,31.050365447998047,1053572.0,0.0,0.0,0.0,BIPL.KA,
2025-07-31 00:00:00+05:00,31.54192693080461,31.54192693080461,30.904715619294183,30.986642837524414,1042433.0,0.0,0.0,0.0,BIPL.KA,
2025-08-01 00:00:00+05:00,31.041258257936633,31.268833475289608,30.54059347426454,30.722654342651367,819792.0,0.0,0.0,0.0,BIPL.KA,
2025-08-04 00:00:00+05:00,30.76816741843225,31.25973070097914,30.49507786341356,30.83188819885254,566118.0,0.0,0.0,0.0,BIPL.KA,
2025-08-05 00:00:00+05:00,30.768169954689736,30.90471647971582,30.58610907882908,30.649829864501953,638343.0,0.0,0.0,0.0,BIPL.KA,
2025-08-06 00:00:00+05:00,30.677140559529448,31.45089492379267,30.59521334087033,30.859201431274414,3109177.0,0.0,0.0,0.0,BIPL.KA,
2025-08-07 00:00:00+05:00,30.932023198166245,31.123185547783933,29.948900062616527,30.07634162902832,2408233.0,0.0,0.0,0.0,BIPL.KA,
2025-08-08 00:00:00+05:00,30.17647566812378,30.513286022613087,29.548365836279974,29.794147491455078,1207840.0,0.0,0.0,0.0,BIPL.KA,
2025-08-11 00:00:00+05:00,29.857868604395772,32.12451935652089,29.739528515965834,31.25063133239746,7329067.0,0.0,0.0,0.0,BIPL.KA,
2025-08-12 00:00:00+05:00,31.405379990807006,34.37295929681116,31.405379990807006,34.24551773071289,16714670.0,0.0,0.0,0.0,BIPL.KA,
2025-08-13 00:00:00+05:00,34.43668475943691,36.07522568710339,34.13628379522817,35.03748321533203,14050241.0,0.0,0.0,0.0,BIPL.KA,
2025-08-15 00:00:00+05:00,35.456221187573426,36.22997557312438,34.709774718152715,35.04658508300781,4661420.0,0.0,0.0,0.0,BIPL.KA,
2025-08-18 00:00:00+05:00,35.05568512011903,35.49263259533757,34.454886682346356,34.70066833496094,3458518.0,0.0,0.0,0.0,BIPL.KA,
2025-08-19 00:00:00+05:00,35.04658437538861,35.274159598605415,34.409373055877076,34.709774017333984,4011676.0,0.0,0.0,0.0,BIPL.KA,
2025-08-20 00:00:00+05:00,34.718875094087075,36.07522493657577,34.5004048269553,35.028377532958984,5885190.0,0.0,0.0,0.0,BIPL.KA,
2025-08-21 00:00:00+05:00,35.04658518484272,35.228646062125605,31.951560688600896,34.400272369384766,8105857.0,0.0,0.0,0.0,BIPL.KA,
2025-08-22 00:00:00+05:00,33.6811327214555,33.6811327214555,32.88006697090923,33.216880798339844,2712629.0,0.0,0.0,0.0,BIPL.KA,
2025-08-25 00:00:00+05:00,33.453557231975395,33.453557231975395,32.315681135649704,32.57056427001953,1364002.0,0.0,0.0,0.0,BIPL.KA,
2025-08-26 00:00:00+05:00,32.77083364715831,33.22598411447996,32.18824160459021,32.73442077636719,1624491.0,0.0,0.0,0.0,BIPL.KA,
2025-08-27 00:00:00+05:00,32.77083206176758,33.13495380701836,32.68890484271226,32.77083206176758,1114794.0,0.0,0.0,0.0,BIPL.KA,
2025-08-28 00:00:00+05:00,33.034817205163804,33.04391868534774,32.51594602162904,32.98019790649414,1107172.0,0.0,0.0,0.0,BIPL.KA,
2025-08-29 00:00:00+05:00,33.23659876418642,33.417024710519925,32.77128478758702,33.22710418701172,2635981.0,1.5,0.0,0.0,BIPL.KA,
2025-09-01 00:00:00+05:00,33.56896310573888,33.70191254291655,32.77128459518163,32.970706939697266,785551.0,0.0,0.0,0.0,BIPL.KA,
2025-09-02 00:00:00+05:00,32.799773567815734,33.141636283241965,32.76178801665692,32.78078079223633,971239.0,0.0,0.0,0.0,BIPL.KA,
2025-09-03 00:00:00+05:00,32.95171477012507,33.22710460417194,32.85675088467693,32.866249084472656,701223.0,0.0,0.0,0.0,BIPL.KA,
2025-09-04 00:00:00+05:00,33.227102174054835,33.521481141159626,32.391438155737944,33.03717803955078,2126874.0,0.0,0.0,0.0,BIPL.KA,
2025-09-05 00:00:00+05:00,33.407530280042906,35.84804596735828,33.407530280042906,35.240291595458984,5671605.0,0.0,0.0,0.0,BIPL.KA,
2025-09-08 00:00:00+05:00,35.61064128868088,35.705601549783324,35.03137427745139,35.23079299926758,2522207.0,0.0,0.0,0.0,BIPL.KA,
2025-09-09 00:00:00+05:00,35.259282566658555,35.515679608391785,34.75598305992224,35.3067626953125,1361251.0,0.0,0.0,0.0,BIPL.KA,
2025-09-10 00:00:00+05:00,35.13583193603948,35.13583193603948,34.186214856687066,35.078853607177734,764926.0,0.0,0.0,0.0,BIPL.KA,
2025-09-11 00:00:00+05:00,35.13583049818938,35.23079075323793,34.423617717820676,34.528076171875,900197.0,0.0,0.0,0.0,BIPL.KA,
2025-09-12 00:00:00+05:00,34.528076565072496,35.10734354596917,34.205206622728525,34.290672302246094,261889.0,0.0,0.0,0.0,BIPL.KA,
2025-09-15 00:00:00+05:00,34.45210687878931,34.45210687878931,33.806366967549444,34.21470260620117,655403.0,0.0,0.0,0.0,BIPL.KA,
2025-09-16 00:00:00+05:00,34.18621405239763,34.65152800423374,33.910824236464045,34.42361831665039,408524.0,0.0,0.0,0.0,BIPL.KA,
2025-09-17 00:00:00+05:00,34.38563584726679,34.69901124297189,30.986008362128555,33.141639709472656,888072.0,0.0,0.0,0.0,BIPL.KA,
2025-09-18 00:00:00+05:00,33.625942593832505,34.40462835446333,33.625942593832505,34.26218795776367,621205.0,0.0,0.0,0.0,BIPL.KA,
2025-09-19 00:00:00+05:00,34.35714484363975,35.32575466045482,34.26218458851145,35.154823303222656,1934262.0,0.0,0.0,0.0,BIPL.KA,
2025-09-22 00:00:00+05:00,35.23079075323793,35.61063901843519,34.40462494231066,34.528076171875,784459.0,0.0,0.0,0.0,BIPL.KA,
2025-09-23 00:00:00+05:00,34.528076171875,34.528076171875,34.528076171875,34.528076171875,0.0,0.0,0.0,0.0,BIPL.KA,
2025-09-24 00:00:00+05:00,34.74648845231667,34.74648845231667,33.71140570957337,33.806365966796875,658721.0,0.0,0.0,0.0,BIPL.KA,
2025-09-25 00:00:00+05:00,33.80636716892718,35.373236826343074,33.04667421662016,33.84435272216797,4085679.0,0.0,0.0,0.0,BIPL.KA,
2025-09-26 00:00:00+05:00,33.8443513334473,34.945906974718255,33.72090010173114,34.54706954956055,1190701.0,0.0,0.0,0.0,BIPL.KA,
2025-09-29 00:00:00+05:00,34.547070353885985,35.040871669745734,34.18621484950738,34.69900894165039,2212746.0,0.0,0.0,0.0,BIPL.KA,
2025-09-30 00:00:00+05:00,34.850947361348666,38.07014866455265,34.850947361348666,37.57634735107422,14666138.0,0.0,0.0,0.0,BIPL.KA,
2025-10-01 00:00:00+05:00,38.07964384462377,39.77945930443784,37.243983413962425,38.34553909301758,14274602.0,0.0,0.0,0.0,BIPL.KA,
2025-10-02 00:00:00+05:00,38.93430047056531,41.59322758307919,38.47848470463451,40.719581604003906,12927355.0,0.0,0.0,0.0,BIPL.KA,
2025-10-03 00:00:00+05:00,41.22287813043011,41.878112624762515,39.418604192990635,39.74147415161133,4664630.0,0.0,0.0,0.0,BIPL.KA,
2025-10-06 00:00:00+05:00,39.7794607434105,40.073843355941186,35.78157352090655,38.89631652832031,2948233.0,0.0,0.0,0.0,BIPL.KA,
2025-10-07 00:00:00+05:00,38.89631652832031,38.89631652832031,38.89631652832031,38.89631652832031,0.0,0.0,0.0,0.0,BIPL.KA,
2025-10-08 00:00:00+05:00,38.241078808080324,38.72538190676529,37.50987324928025,37.78526306152344,1075295.0,0.0,0.0,0.0,BIPL.KA,
2025-10-09 00:00:00+05:00,37.984682142959095,38.1746062781742,36.55076198596308,36.67420959472656,1663432.0,0.0,0.0,0.0,BIPL.KA,
2025-10-10 00:00:00+05:00,36.75018230468437,37.690301200227644,36.370334017645604,36.97808837890625,1166698.0,0.0,0.0,0.0,BIPL.KA,
2025-10-13 00:00:00+05:00,36.3323501571023,37.690302956153225,34.18621701610332,34.89842987060547,3323189.0,0.0,0.0,0.0,BIPL.KA,
2025-10-14 00:00:00+05:00,36.56025658461179,37.59533931853074,35.61063953046603,37.424407958984375,2043760.0,0.0,0.0,0.0,BIPL.KA,
2025-10-15 00:00:00+05:00,37.98468438217999,39.02926175368923,37.224991419036755,38.374027252197266,5357361.0,0.0,0.0,0.0,BIPL.KA,
2025-10-16 00:00:00+05:00,38.37402584679283,39.637018295045536,37.79475885157929,38.07964324951172,2789207.0,0.0,0.0,0.0,BIPL.KA,
2025-10-17 00:00:00+05:00,38.07964526610564,38.33604232457341,37.23448660439809,37.766273498535156,1325716.0,0.0,0.0,0.0,BIPL.KA,
2025-10-20 00:00:00+05:00,37.17750875624629,38.839338584794945,37.17750875624629,38.28855895996094,3156766.0,0.0,0.0,0.0,BIPL.KA,
2025-10-21 00:00:00+05:00,38.17460671953374,38.582942347091695,37.74727831598454,37.813751220703125,1967113.0,0.0,0.0,0.0,BIPL.KA,
2025-10-22 00:00:00+05:00,38.108134010605546,38.108134010605546,36.949600026698015,37.19649887084961,1507621.0,0.0,0.0,0.0,BIPL.KA,
2025-10-23 00:00:00+05:00,37.035067133297154,37.035067133297154,35.61064147432419,35.734092712402344,2855065.0,0.0,0.0,0.0,BIPL.KA,
2025-10-24 00:00:00+05:00,32.16352844238281,32.16352844238281,32.16352844238281,32.16352844238281,2717044.0,0.0,0.0,0.0,BIPL.KA,
2025-10-27 00:00:00+05:00,29.628054687251723,30.26429822620956,28.95382559432582,29.16274070739746,7144086.0,0.0,0.0,0.0,BIPL.KA,
2025-10-28 00:00:00+05:00,29.267197445135277,29.988906626747248,28.507504523044155,28.792388916015625,1851984.0,0.0,0.0,0.0,BIPL.KA,
2025-10-29 00:00:00+05:00,28.820878783694244,30.34026647623471,28.488512442943073,29.628053665161133,2459132.0,0.0,0.0,0.0,BIPL.KA,
2025-10-30 00:00:00+05:00,29.62805387059726,30.13134976804515,29.257701974620467,29.324174880981445,870914.0,0.0,0.0,0.0,BIPL.KA,
2025-10-31 00:00:00+05:00,29.903442384075852,29.98890806832582,29.457122997298917,29.713520050048828,1385814.0,0.0,0.0,0.0,BIPL.KA,
2025-11-03 00:00:00+05:00,30.150342038208894,30.8530602654411,29.86545764108835,30.245304107666016,1986283.0,0.0,0.0,0.0,BIPL.KA,
2025-11-04 00:00:00+05:00,30.292784237532825,30.39724088381255,29.912937770945586,30.12185287475586,1161453.0,0.0,0.0,0.0,BIPL.KA,
2025-11-05 00:00:00+05:00,29.44762571589998,30.19782226337088,29.44762571589998,29.56157875061035,489510.0,0.0,0.0,0.0,BIPL.KA,
2025-11-06 00:00:00+05:00,29.438129826250236,30.387746917419598,28.95382489240376,29.51409912109375,903249.0,0.0,0.0,0.0,BIPL.KA,
2025-11-07 00:00:00+05:00,29.45712250403847,29.91293827157174,29.447626115808504,29.637548446655273,393993.0,0.0,0.0,0.0,BIPL.KA,
2025-11-10 00:00:00+05:00,29.912937457023226,30.017395913457534,29.438128925959365,29.48560905456543,566427.0,0.0,0.0,0.0,BIPL.KA,
2025-11-11 00:00:00+05:00,29.485610059033096,29.903442087753536,28.96332138157069,29.0772762298584,597331.0,0.0,0.0,0.0,BIPL.KA,
2025-11-12 00:00:00+05:00,28.96332138157069,29.409640763924912,28.73541349624614,29.0772762298584,310725.0,0.0,0.0,0.0,BIPL.KA,
2025-11-13 00:00:00+05:00,29.077276827280457,29.817977016990966,28.963321976651432,29.286191940307617,647318.0,0.0,0.0,0.0,BIPL.KA,
2025-11-14 00:00:00+05:00,29.32417467961668,29.798983220364203,28.507505221181514,29.504602432250977,294278.0,0.0,0.0,0.0,BIPL.KA,
2025-11-17 00:00:00+05:00,29.798982818851645,29.91293766404599,29.210221250558185,29.742006301879883,500461.0,0.0,0.0,0.0,BIPL.KA,
2025-11-18 00:00:00+05:00,29.48560965592087,29.723013926294634,29.438129526346458,29.504602432250977,361275.0,0.0,0.0,0.0,BIPL.KA,
2025-11-19 00:00:00+05:00,29.447626418504317,29.675534304613645,29.20072575573983,29.33367156982422,340984.0,0.0,0.0,0.0,BIPL.KA,
2025-11-20 00:00:00+05:00,29.343168558987735,29.39065050159789,29.172237188093,29.352664947509766,284230.0,0.0,0.0,0.0,BIPL.KA,
2025-11-21 00:00:00+05:00,29.362159825375603,29.43812911839239,29.067779041341907,29.238710403442383,228377.0,0.0,0.0,0.0,BIPL.KA,
2025-11-24 00:00:00+05:00,29.267199262062398,29.912939191553214,29.238711907747216,29.352664947509766,370707.0,0.0,0.0,0.0,BIPL.KA,
2025-11-25 00:00:00+05:00,29.72301402795323,29.72301402795323,29.238710908635085,29.257701873779297,292575.0,0.0,0.0,0.0,BIPL.KA,
2025-11-26 00:00:00+05:00,29.29568661789574,29.428632426489663,28.963320285160137,29.105762481689453,442756.0,0.0,0.0,0.0,BIPL.KA,
2025-11-27 00:00:00+05:00,29.115259271814686,29.5805714195719,29.115259271814686,29.30518341064453,448812.0,0.0,0.0,0.0,BIPL.KA,
2025-11-28 00:00:00+05:00,29.70402306037567,29.70402306037567,29.257701871382512,29.381153106689453,457870.0,0.0,0.0,0.0,BIPL.KA,
2025-12-01 00:00:00+05:00,29.24820568351602,29.647044934257185,29.24820568351602,29.51409912109375,475463.0,0.0,0.0,0.0,BIPL.KA,
2025-12-02 00:00:00+05:00,29.580572605514142,30.976509104751575,29.485610532292007,30.47321319580078,2082268.0,0.0,0.0,0.0,BIPL.KA,
2025-12-03 00:00:00+05:00,30.587165735753608,30.75809710251518,30.20731926031171,30.397241592407227,458497.0,0.0,0.0,0.0,BIPL.KA,
2025-12-04 00:00:00+05:00,30.48270717164426,30.62515118429282,30.197822768848855,30.454219818115234,256285.0,0.0,0.0,0.0,BIPL.KA,
2025-12-05 00:00:00+05:00,30.5776717630032,30.862556172401934,30.387747615903443,30.416234970092773,408411.0,0.0,0.0,0.0,BIPL.KA,
2025-12-08 00:00:00+05:00,30.568172250941444,30.81507471832183,30.378249923246198,30.435226440429688,265906.0,0.0,0.0,0.0,BIPL.KA,
2025-12-09 00:00:00+05:00,30.425732066151436,31.736201026349622,30.387746513609024,31.56527328491211,1459784.0,0.0,0.0,0.0,BIPL.KA,
2025-12-10 00:00:00+05:00,31.812174235300173,34.091256823546324,31.812174235300173,33.644935607910156,4421660.0,0.0,0.0,0.0,BIPL.KA,
2025-12-11 00:00:00+05:00,33.815866000139934,34.034277501601586,32.39144032951906,32.73330307006836,1696178.0,0.0,0.0,0.0,BIPL.KA,
2025-12-12 00:00:00+05:00,32.47690481536349,33.236597753807324,31.812172135787012,32.192020416259766,2516549.0,0.0,0.0,0.0,BIPL.KA,
2025-12-15 00:00:00+05:00,32.315469446086524,32.315469446086524,31.9071337945387,32.116050720214844,685697.0,0.0,0.0,0.0,BIPL.KA,
2025-12-16 00:00:00+05:00,31.81217273364202,32.26798850527459,31.43232444603067,32.087562561035156,788030.0,0.0,0.0,0.0,BIPL.KA,
2025-12-17 00:00:00+05:00,32.19202102522024,32.19202102522024,31.62224859373301,31.964111328125,452338.0,0.0,0.0,0.0,BIPL.KA,
2025-12-18 00:00:00+05:00,32.002096476985216,33.25559073891446,32.002096476985216,32.32496643066406,2176919.0,0.0,0.0,0.0,BIPL.KA,
2025-12-19 00:00:00+05:00,32.33446080783773,32.65733075952179,31.812172139011018,31.945117950439453,800580.0,0.0,0.0,0.0,BIPL.KA,
2025-12-22 00:00:00+05:00,32.135042396782964,32.28698098593435,31.43232415789423,31.517789840698242,627105.0,0.0,0.0,0.0,BIPL.KA,
2025-12-23 00:00:00+05:00,31.517789638134257,32.286980778426795,31.289883567122775,31.384843826293945,610023.0,0.0,0.0,0.0,BIPL.KA,
2025-12-24 00:00:00+05:00,31.707713774941183,31.81217223351718,31.337363692718416,31.631746292114258,399799.0,0.0,0.0,0.0,BIPL.KA,
2025-12-26 00:00:00+05:00,31.622247387604972,31.85965165271087,31.318370218069557,31.422828674316406,929608.0,0.0,0.0,0.0,BIPL.KA,
2025-12-29 00:00:00+05:00,31.432324255557397,31.707714081281733,31.147439852826096,31.204418182373047,918251.0,0.0,0.0,0.0,BIPL.KA,
2025-12-30 00:00:00+05:00,31.204417682611815,31.422829175291184,31.09995922469958,31.25189781188965,469433.0,0.0,0.0,0.0,BIPL.KA,
2025-12-31 00:00:00+05:00,31.327868813746683,31.460814624288233,30.387746318128848,31.308876037597656,516987.0,0.0,0.0,0.0,BIPL.KA,
2026-01-01 00:00:00+05:00,31.308876037597656,31.308876037597656,31.308876037597656,31.308876037597656,0.0,0.0,0.0,0.0,BIPL.KA,
2026-01-02 00:00:00+05:00,31.31837121224907,32.26798830281757,31.24240372870448,31.95461654663086,1866593.0,0.0,0.0,0.0,BIPL.KA,
2026-01-05 00:00:00+05:00,31.954617137779426,32.88524146905256,31.954617137779426,32.476905822753906,2186020.0,0.0,0.0,0.0,BIPL.KA,
2026-01-06 00:00:00+05:00,32.68581952724334,32.76179063563409,31.954617532742393,32.619346618652344,1152280.0,0.0,0.0,0.0,BIPL.KA,
2026-01-07 00:00:00+05:00,32.76179104218132,32.85675130634632,32.42942649510197,32.505393981933594,920948.0,0.0,0.0,0.0,BIPL.KA,
2026-01-08 00:00:00+05:00,32.524386773070745,32.666830791880564,32.00209807493786,32.12554931640625,1268200.0,0.0,0.0,0.0,BIPL.KA,
2026-01-09 00:00:00+05:00,32.125547814127465,32.18252252098559,31.394342221933865,31.764692306518555,1254475.0,0.0,0.0,0.0,BIPL.KA,
2026-01-12 00:00:00+05:00,31.717211267907025,31.802676948247257,31.43232325177185,31.546279907226562,406784.0,0.0,0.0,0.0,BIPL.KA,
2026-01-13 00:00:00+05:00,31.70771468716719,31.954617164086834,31.35635737116808,31.603256225585938,855938.0,0.0,0.0,0.0,BIPL.KA,
2026-01-14 00:00:00+05:00,32.27748589556744,32.76178900875262,31.660233349300427,31.812171936035156,2037989.0,0.0,0.0,0.0,BIPL.KA,
2026-01-15 00:00:00+05:00,31.859651860136346,32.19202000694948,31.755193403209407,31.802677154541016,785038.0,0.0,0.0,0.0,BIPL.KA,
2026-01-16 00:00:00+05:00,31.62224829436981,32.16352974453231,31.62224829436981,31.764692306518555,552934.0,0.0,0.0,0.0,BIPL.KA,
2026-01-19 00:00:00+05:00,31.95461563690101,32.192019902784374,31.34685767333825,31.61275291442871,660346.0,0.0,0.0,0.0,BIPL.KA,
2026-01-20 00:00:00+05:00,31.669727516883427,31.907131781995,31.47980700279545,31.546279907226562,652739.0,0.0,0.0,0.0,BIPL.KA,
2026-01-21 00:00:00+05:00,31.812172340011625,31.812172340011625,31.413334903206323,31.451316833496094,390760.0,0.0,0.0,0.0,BIPL.KA,
2026-01-22 00:00:00+05:00,31.451316425777485,31.669727917744495,31.052478994142508,31.1854248046875,810093.0,0.0,0.0,0.0,BIPL.KA,
2026-01-23 00:00:00+05:00,31.35635748130159,31.74570035242534,31.005000164068402,31.166433334350586,402767.0,0.0,0.0,0.0,BIPL.KA,
2026-01-26 00:00:00+05:00,31.166431720142363,31.33736308129501,30.672630412646004,30.739103317260742,643743.0,0.0,0.0,0.0,BIPL.KA,
2026-01-27 00:00:00+05:00,31.137945177973677,31.242403637230648,30.872049930091837,31.014493942260742,339069.0,0.0,0.0,0.0,BIPL.KA,
2026-01-28 00:00:00+05:00,31.24240364006531,31.24240364006531,30.81507522602153,30.891042709350586,222815.0,0.0,0.0,0.0,BIPL.KA,
2026-01-29 00:00:00+05:00,30.900540904902144,31.05247949404265,30.47321249091269,30.511198043823242,308203.0,0.0,0.0,0.0,BIPL.KA,
2026-01-30 00:00:00+05:00,30.672630905350925,31.042980986296847,30.121853072373288,30.18832778930664,609767.0,0.0,0.0,0.0,BIPL.KA,
2026-02-02 00:00:00+05:00,30.22631193362874,30.530190924194926,30.017396825662168,30.454219818115234,481731.0,0.0,0.0,0.0,BIPL.KA,
2026-02-03 00:00:00+05:00,30.463718809924462,30.86255625971062,30.387747701868918,30.729610443115234,161960.0,0.0,0.0,0.0,BIPL.KA,
2026-02-04 00:00:00+05:00,30.78658356066673,31.62224759358321,30.682128726241096,31.555774688720703,643268.0,0.0,0.0,0.0,BIPL.KA,
2026-02-06 00:00:00+05:00,31.337364103591632,31.574768377103688,30.292784937888403,31.023988723754883,1290606.0,0.0,0.0,0.0,BIPL.KA,
2026-02-09 00:00:00+05:00,31.318371123394368,31.39434222922513,30.767595096128158,30.891042709350586,498692.0,0.0,0.0,0.0,BIPL.KA,
2026-02-10 00:00:00+05:00,31.004998952964193,31.061973659072713,29.912937867529898,29.998403549194336,524800.0,0.0,0.0,0.0,BIPL.KA,
2026-02-11 00:00:00+05:00,30.00790073845742,30.340267085887106,29.43813011589951,30.15034294128418,463107.0,0.0,0.0,0.0,BIPL.KA,
2026-02-12 00:00:00+05:00,30.34026729339828,30.387747424248314,29.865458739894404,29.96991539001465,373050.0,0.0,0.0,0.0,BIPL.KA,
2026-02-13 00:00:00+05:00,29.96991488494717,30.36875413561903,29.580572022535453,29.950923919677734,282561.0,0.0,0.0,0.0,BIPL.KA,
2026-02-16 00:00:00+05:00,29.95092454905948,30.311778254273648,28.298589182089355,29.096267700195312,577595.0,0.0,0.0,0.0,BIPL.KA,
2026-02-17 00:00:00+05:00,29.200726077441544,29.903442520166454,28.27959813452867,28.403047561645508,913370.0,0.0,0.0,0.0,BIPL.KA,
2026-02-18 00:00:00+05:00,28.48851283433183,30.805577240756858,28.48851283433183,29.0772762298584,1682031.0,0.0,0.0,0.0,BIPL.KA,
2026-02-19 00:00:00+05:00,29.343166932326785,29.343166932326785,27.548391259928646,28.298587799072266,498299.0,0.0,0.0,0.0,BIPL.KA,
2026-02-20 00:00:00+05:00,28.298588610010786,28.298588610010786,26.779202712192088,27.197032928466797,945200.0,0.0,0.0,0.0,BIPL.KA,
2026-02-23 00:00:00+05:00,27.21602529992837,28.004207401909863,26.608270949846492,26.807689666748047,346464.0,0.0,0.0,0.0,BIPL.KA,
2026-02-24 00:00:00+05:00,27.05459102121301,27.719323717176827,26.256912510556777,27.329980850219727,503057.0,0.0,0.0,0.0,BIPL.KA,
2026-02-25 00:00:00+05:00,27.538895244422243,27.6338573144118,26.114469628331438,26.304393768310547,771980.0,0.0,0.0,0.0,BIPL.KA,
2026-02-26 00:00:00+05:00,26.560789104972578,26.779202410165166,25.544699118047134,26.370866775512695,810113.0,0.0,0.0,0.0,BIPL.KA,
2026-02-27 00:00:00+05:00,26.114469831401664,27.53889545856903,26.104973443203782,26.313888549804688,425627.0,0.0,0.0,0.0,BIPL.KA,
2026-03-02 00:00:00+05:00,23.835389590554527,25.06989109700221,23.683450999337914,23.692947387695312,1190211.0,0.0,0.0,0.0,BIPL.KA,
2026-03-03 00:00:00+05:00,22.885772005380367,23.692946886164176,22.69584786475447,23.427053451538086,484221.0,0.0,0.0,0.0,BIPL.KA,
2026-03-04 00:00:00+05:00,23.740427315339822,24.690044407953415,23.265618769033026,24.063297271728516,337640.0,0.0,0.0,0.0,BIPL.KA,
2026-03-05 00:00:00+05:00,24.224731855621215,25.535202625147296,24.215235467499546,25.240821838378906,782885.0,0.0,0.0,0.0,BIPL.KA,
2026-03-06 00:00:00+05:00,25.259814917651845,25.269311305887438,24.395663511972383,24.623571395874023,457189.0,0.0,0.0,0.0,BIPL.KA,
2026-03-09 00:00:00+05:00,24.186746388322174,24.186746388322174,22.410963462084894,22.80030632019043,1048224.0,0.0,0.0,0.0,BIPL.KA,
2026-03-10 00:00:00+05:00,25.079387999717003,25.079387999717003,24.120274490959726,24.14876365661621,681882.0,0.0,0.0,0.0,BIPL.KA,
2026-03-11 00:00:00+05:00,24.14876196614309,24.91795127251382,24.14876196614309,24.595081329345703,1313630.0,0.0,0.0,0.0,BIPL.KA,
2026-03-12 00:00:00+05:00,24.69004470225712,25.003418274104963,24.642564571560825,24.889463424682617,647051.0,0.0,0.0,0.0,BIPL.KA,
2026-03-13 00:00:00+05:00,24.785006472212988,25.535203033307774,24.69004440072924,25.00341796875,359218.0,0.0,0.0,0.0,BIPL.KA,
2026-03-16 00:00:00+05:00,25.164852536386086,25.21233266572799,24.167755330199423,24.300701141357422,1335229.0,0.0,0.0,0.0,BIPL.KA,
2026-03-17 00:00:00+05:00,23.977831798661462,24.20573968553626,23.075694828270876,23.379573822021484,520334.0,0.0,0.0,0.0,BIPL.KA,
2026-03-18 00:00:00+05:00,23.57899224241856,23.78790734990394,23.275115063803153,23.559999465942383,1098680.0,0.0,0.0,0.0,BIPL.KA,
2026-03-19 00:00:00+05:00,24.0,24.950000762939453,23.799999237060547,24.3799991607666,1128006.0,1.25,0.0,0.0,BIPL.KA,
2026-03-20 00:00:00+05:00,24.3799991607666,24.3799991607666,24.3799991607666,24.3799991607666,0.0,0.0,0.0,0.0,BIPL.KA,
2026-03-23 00:00:00+05:00,24.3799991607666,24.3799991607666,24.3799991607666,24.3799991607666,0.0,0.0,0.0,0.0,BIPL.KA,
2026-03-24 00:00:00+05:00,24.799999237060547,25.09000015258789,24.450000762939453,24.559999465942383,415296.0,0.0,0.0,0.0,BIPL.KA,
2026-03-25 00:00:00+05:00,25.09000015258789,25.09000015258789,24.399999618530273,24.889999389648438,828345.0,0.0,0.0,0.0,BIPL.KA,
2026-03-26 00:00:00+05:00,24.979999542236328,24.979999542236328,24.350000381469727,24.690000534057617,433363.0,0.0,0.0,0.0,BIPL.KA,
2026-03-27 00:00:00+05:00,24.68000030517578,24.75,24.020000457763672,24.469999313354492,294636.0,0.0,0.0,0.0,BIPL.KA,
2021-03-29 00:00:00+05:00,6.4612537938651515,6.469220997260663,6.2939467014282355,6.353699207305908,298000.0,0.0,0.0,0.0,FABL.KA,
2021-03-30 00:00:00+05:00,6.35369994167065,6.493122598132168,6.313865059780449,6.4054856300354,350000.0,0.0,0.0,0.0,FABL.KA,
2021-03-31 00:00:00+05:00,6.5927105683228735,6.5927105683228735,6.4134530246522115,6.445321083068848,207000.0,0.0,0.0,0.0,FABL.KA,
2021-04-01 00:00:00+05:00,6.47718787990036,6.505072330609456,6.381583723271616,6.409468173980713,613500.0,0.0,0.0,0.0,FABL.KA,
2021-04-02 00:00:00+05:00,6.278011862444924,6.449302914319484,6.2740282612624645,6.381583213806152,137500.0,0.0,0.0,0.0,FABL.KA,
2021-04-05 00:00:00+05:00,6.353699274841669,6.425402206677599,6.182408578886286,6.365649700164795,821000.0,0.0,0.0,0.0,FABL.KA,
2021-04-06 00:00:00+05:00,6.373616903644994,6.381584107125192,6.2939467683288655,6.365649700164795,200000.0,0.0,0.0,0.0,FABL.KA,
2021-04-07 00:00:00+05:00,6.381584738179551,6.381584738179551,6.281996964212184,6.301914215087891,56500.0,0.0,0.0,0.0,FABL.KA,
2021-04-08 00:00:00+05:00,6.3696332582489115,6.417435719008133,6.349715629582097,6.385567665100098,219000.0,0.0,0.0,0.0,FABL.KA,
2021-04-09 00:00:00+05:00,6.413453016649857,6.473205531132189,6.333782490810453,6.36963415145874,424500.0,0.0,0.0,0.0,FABL.KA,
2021-04-12 00:00:00+05:00,6.3736169463167505,6.3736169463167505,6.297930412233995,6.305897235870361,136500.0,0.0,0.0,0.0,FABL.KA,
2021-04-13 00:00:00+05:00,6.349716904869467,6.369634537536571,6.293947989278272,6.329799652099609,26500.0,0.0,0.0,0.0,FABL.KA,
2021-04-14 00:00:00+05:00,6.313864397132191,6.373616903644994,6.297930370068965,6.365649700164795,194500.0,0.0,0.0,0.0,FABL.KA,
2021-04-15 00:00:00+05:00,6.353698591904447,6.37759981987881,6.317846939891467,6.3736162185668945,124000.0,0.0,0.0,0.0,FABL.KA,
2021-04-16 00:00:00+05:00,6.3935353928193,6.413453405383648,6.317848844561,6.329799652099609,47500.0,0.0,0.0,0.0,FABL.KA,
2021-04-19 00:00:00+05:00,6.278012813790803,6.357682950027301,6.218259926690548,6.333781719207764,39500.0,0.0,0.0,0.0,FABL.KA,
2021-04-20 00:00:00+05:00,6.369633234199765,6.644495672990259,6.222243390457295,6.353699207305908,184000.0,0.0,0.0,0.0,FABL.KA,
2021-04-21 00:00:00+05:00,6.357682803867945,6.453287345051026,6.357682803867945,6.397517681121826,147500.0,0.0,0.0,0.0,FABL.KA,
2021-04-22 00:00:00+05:00,6.37760043244347,6.513039850880431,6.353699202173408,6.397517681121826,175000.0,0.0,0.0,0.0,FABL.KA,
2021-04-23 00:00:00+05:00,6.234194498398304,6.353699903138587,6.214277247522598,6.301914215087891,275000.0,0.0,0.0,0.0,FABL.KA,
2021-04-26 00:00:00+05:00,6.528973647961476,6.528973647961476,6.278012813790803,6.333781719207764,131500.0,0.0,0.0,0.0,FABL.KA,
2021-04-27 00:00:00+05:00,6.373617533911502,6.373617533911502,6.274029759944135,6.301914215087891,74000.0,0.0,0.0,0.0,FABL.KA,
2021-04-28 00:00:00+05:00,6.305897095475279,6.357682777598803,6.297930272016288,6.325814723968506,9500.0,0.0,0.0,0.0,FABL.KA,
2021-04-29 00:00:00+05:00,6.29394739071705,6.313865021489965,6.258095731305245,6.301914215087891,25000.0,0.0,0.0,0.0,FABL.KA,
2021-04-30 00:00:00+05:00,6.293946477657313,6.473204368814278,6.074853330733399,6.242160797119141,242500.0,0.0,0.0,0.0,FABL.KA,
2021-05-03 00:00:00+05:00,6.174441550128063,6.4692212490878855,6.09477141255746,6.453287601470947,465000.0,0.0,0.0,0.0,FABL.KA,
2021-05-04 00:00:00+05:00,6.449304296318252,6.532957659692971,6.194359464466408,6.489139556884766,167500.0,0.0,0.0,0.0,FABL.KA,
2021-05-05 00:00:00+05:00,6.4851554285369994,6.4851554285369994,6.373616859961708,6.385567665100098,372000.0,0.0,0.0,0.0,FABL.KA,
2021-05-06 00:00:00+05:00,6.4931214542826154,6.4931214542826154,6.377600051223615,6.441336154937744,540500.0,0.0,0.0,0.0,FABL.KA,
2021-05-07 00:00:00+05:00,6.441336154937744,6.441336154937744,6.441336154937744,6.441336154937744,0.0,0.0,0.0,0.0,FABL.KA,
2021-05-10 00:00:00+05:00,6.441336154937744,6.441336154937744,6.441336154937744,6.441336154937744,0.0,0.0,0.0,0.0,FABL.KA,
2021-05-11 00:00:00+05:00,6.441336154937744,6.441336154937744,6.441336154937744,6.441336154937744,0.0,0.0,0.0,0.0,FABL.KA,
2021-05-12 00:00:00+05:00,6.441336154937744,6.441336154937744,6.441336154937744,6.441336154937744,0.0,0.0,0.0,0.0,FABL.KA,
2021-05-13 00:00:00+05:00,6.441336154937744,6.441336154937744,6.441336154937744,6.441336154937744,0.0,0.0,0.0,0.0,FABL.KA,
2021-05-14 00:00:00+05:00,6.441336154937744,6.441336154937744,6.441336154937744,6.441336154937744,0.0,0.0,0.0,0.0,FABL.KA,
2021-05-17 00:00:00+05:00,6.473204610552272,6.851638414779216,6.473204610552272,6.724165439605713,701500.0,0.0,0.0,0.0,FABL.KA,
2021-05-18 00:00:00+05:00,6.5727925928935,6.9313084005470005,6.5727925928935,6.752050876617432,1139000.0,0.0,0.0,0.0,FABL.KA,
2021-05-19 00:00:00+05:00,6.576776022104679,6.971143476151651,6.576776022104679,6.787902355194092,336500.0,0.0,0.0,0.0,FABL.KA,
2021-05-20 00:00:00+05:00,6.7002651061752285,6.96317676063008,6.696281504162956,6.827737331390381,118000.0,0.0,0.0,0.0,FABL.KA,
2021-05-21 00:00:00+05:00,6.847653192933514,6.971141777390642,6.771966298036623,6.9432573318481445,77500.0,0.0,0.0,0.0,FABL.KA,
2021-05-24 00:00:00+05:00,6.891472931298693,7.11056646690761,6.771967918998802,6.79985237121582,1462500.0,0.0,0.0,0.0,FABL.KA,
2021-05-25 00:00:00+05:00,6.791885075725639,6.931308094715307,6.7161989235322626,6.756033420562744,430500.0,0.0,0.0,0.0,FABL.KA,
2021-05-26 00:00:00+05:00,6.660429977468817,6.871556329525142,6.660429977468817,6.811803817749023,787000.0,0.0,0.0,0.0,FABL.KA,
2021-05-27 00:00:00+05:00,6.77595200897236,7.070731719041583,6.77595200897236,6.875539779663086,1062500.0,0.0,0.0,0.0,FABL.KA,
2021-05-28 00:00:00+05:00,6.891471281731372,6.947240932610523,6.871554037713633,6.9432573318481445,354500.0,0.0,0.0,0.0,FABL.KA,
2021-05-31 00:00:00+05:00,7.010978501917011,7.090648254562672,6.895456334858474,6.9711432456970215,251000.0,0.0,0.0,0.0,FABL.KA,
2021-06-01 00:00:00+05:00,7.070730593904784,7.230070849695896,6.899439534006486,6.939274787902832,439500.0,0.0,0.0,0.0,FABL.KA,
2021-06-02 00:00:00+05:00,6.8755390264333895,7.110566200299337,6.871555424866846,6.955208778381348,1077000.0,0.0,0.0,0.0,FABL.KA,
2021-06-03 00:00:00+05:00,6.875538208132961,6.995043201729022,6.8715546070405304,6.987076759338379,67500.0,0.0,0.0,0.0,FABL.KA,
2021-06-04 00:00:00+05:00,7.0109788459784905,7.170319118883702,6.895456673250741,6.947242736816406,495000.0,0.0,0.0,0.0,FABL.KA,
2021-06-07 00:00:00+05:00,6.8755394677805,6.991060881448472,6.8755394677805,6.9273247718811035,113500.0,0.0,0.0,0.0,FABL.KA,
2021-06-08 00:00:00+05:00,6.891474838248443,7.046832308980692,6.771969792880142,6.847656726837158,954000.0,0.0,0.0,0.0,FABL.KA,
2021-06-09 00:00:00+05:00,6.855621921161158,6.859605523252155,6.787902964997457,6.811803817749023,70000.0,0.0,0.0,0.0,FABL.KA,
2021-06-10 00:00:00+05:00,6.8118035197915585,6.911391288327124,6.744083806795599,6.775951862335205,672500.0,0.0,0.0,0.0,FABL.KA,
2021-06-11 00:00:00+05:00,6.775952626843658,6.847655949846415,6.7321337606098695,6.736117362976074,516000.0,0.0,0.0,0.0,FABL.KA,
2021-06-14 00:00:00+05:00,6.771967900270068,6.819770360934424,6.700264589170703,6.724165439605713,528500.0,0.0,0.0,0.0,FABL.KA,
2021-06-15 00:00:00+05:00,6.724166374243985,6.88749102766879,6.672381064471077,6.771968841552734,780500.0,0.0,0.0,0.0,FABL.KA,
2021-06-16 00:00:00+05:00,6.811803384593954,6.8317206339880086,6.712215618034962,6.752050876617432,12000.0,0.0,0.0,0.0,FABL.KA,
2021-06-17 00:00:00+05:00,6.752050876617432,6.771968126011485,6.672380359452493,6.752050876617432,77500.0,0.0,0.0,0.0,FABL.KA,
2021-06-18 00:00:00+05:00,6.680347268369367,6.756033420562744,6.676363666707454,6.756033420562744,14500.0,0.0,0.0,0.0,FABL.KA,
2021-06-21 00:00:00+05:00,6.732133208534619,6.811803729736326,6.704248754052341,6.767984867095947,1675000.0,0.0,0.0,0.0,FABL.KA,
2021-06-22 00:00:00+05:00,6.771968841552734,6.831721355842841,6.771968841552734,6.771968841552734,424000.0,0.0,0.0,0.0,FABL.KA,
2021-06-23 00:00:00+05:00,6.771967579970857,6.835703684645862,6.771967579970857,6.8237528800964355,237000.0,0.0,0.0,0.0,FABL.KA,
2021-06-24 00:00:00+05:00,6.77993631362915,6.831721625445681,6.771969108797538,6.77993631362915,3433000.0,0.0,0.0,0.0,FABL.KA,
2021-06-25 00:00:00+05:00,6.775952042166388,6.791885690461876,6.732133179713602,6.740100383758545,67500.0,0.0,0.0,0.0,FABL.KA,
2021-06-28 00:00:00+05:00,6.688314240279284,6.80383564530046,6.636528180260518,6.648478984832764,2694000.0,0.0,0.0,0.0,FABL.KA,
2021-06-29 00:00:00+05:00,6.764001012187576,6.931308492620932,6.764001012187576,6.835704326629639,588000.0,0.0,0.0,0.0,FABL.KA,
2021-06-30 00:00:00+05:00,6.9273238977974385,6.9273238977974385,6.752049998500262,6.760016441345215,27000.0,0.0,0.0,0.0,FABL.KA,
2021-07-01 00:00:00+05:00,6.771967724391392,7.062763803146975,6.771967724391392,6.9711432456970215,532500.0,0.0,0.0,0.0,FABL.KA,
2021-07-02 00:00:00+05:00,7.010978331869593,7.150401345360769,6.771967560141049,6.919357776641846,835500.0,0.0,0.0,0.0,FABL.KA,
2021-07-05 00:00:00+05:00,6.963176268769799,7.230071506384152,6.963176268769799,7.038863182067871,749000.0,0.0,0.0,0.0,FABL.KA,
2021-07-06 00:00:00+05:00,7.034879351731277,7.034879351731277,6.931307989477032,6.9711432456970215,316000.0,0.0,0.0,0.0,FABL.KA,
2021-07-07 00:00:00+05:00,6.819770183814242,7.010978501917011,6.819770183814242,6.9711432456970215,169000.0,0.0,0.0,0.0,FABL.KA,
2021-07-08 00:00:00+05:00,7.0508144821522105,7.090648982668302,6.899440644931243,6.951226711273193,112000.0,0.0,0.0,0.0,FABL.KA,
2021-07-09 00:00:00+05:00,6.879522253561896,7.0707305595830965,6.871555050862446,6.91139030456543,147500.0,0.0,0.0,0.0,FABL.KA,
2021-07-12 00:00:00+05:00,6.875538384651393,7.130482782758528,6.8715547834566895,6.99105978012085,90500.0,0.0,0.0,0.0,FABL.KA,
2021-07-13 00:00:00+05:00,6.971143400165397,7.170318925884408,6.971143400165397,7.070731163024902,1242000.0,0.0,0.0,0.0,FABL.KA,
2021-07-14 00:00:00+05:00,7.1982037135155394,7.349577545604227,7.054797085177703,7.297791481018066,759000.0,0.0,0.0,0.0,FABL.KA,
2021-07-15 00:00:00+05:00,7.3495771383840225,7.477049352157267,7.174302464548648,7.265923023223877,501500.0,0.0,0.0,0.0,FABL.KA,
2021-07-16 00:00:00+05:00,7.289824007272678,7.369494522241675,7.170318994613522,7.2499895095825195,144000.0,0.0,0.0,0.0,FABL.KA,
2021-07-19 00:00:00+05:00,7.285840927234298,7.3097417770261695,7.170318760284006,7.269906520843506,155000.0,0.0,0.0,0.0,FABL.KA,
2021-07-20 00:00:00+05:00,7.269906520843506,7.269906520843506,7.269906520843506,7.269906520843506,0.0,0.0,0.0,0.0,FABL.KA,
2021-07-21 00:00:00+05:00,7.269906520843506,7.269906520843506,7.269906520843506,7.269906520843506,0.0,0.0,0.0,0.0,FABL.KA,
2021-07-22 00:00:00+05:00,7.269906520843506,7.269906520843506,7.269906520843506,7.269906520843506,0.0,0.0,0.0,0.0,FABL.KA,
2021-07-23 00:00:00+05:00,7.269906520843506,7.269906520843506,7.269906520843506,7.269906520843506,0.0,0.0,0.0,0.0,FABL.KA,
2021-07-26 00:00:00+05:00,7.477049564761902,7.8076809135603975,7.477049564761902,7.632406234741211,1082500.0,0.0,0.0,0.0,FABL.KA,
2021-07-27 00:00:00+05:00,7.76784619395385,7.967021737388564,7.704110080838293,7.851499557495117,1159000.0,0.0,0.0,0.0,FABL.KA,
2021-07-28 00:00:00+05:00,7.6881738031518045,7.767844305070211,7.608504061027614,7.628421306610107,115000.0,0.0,0.0,0.0,FABL.KA,
2021-07-29 00:00:00+05:00,7.469082594554257,7.763862296444007,7.469082594554257,7.6523237228393555,50000.0,0.0,0.0,0.0,FABL.KA,
2021-07-30 00:00:00+05:00,7.6881763584735765,7.708094370470443,7.489000797271728,7.4890007972717285,73500.0,0.0,0.0,0.0,FABL.KA,
2021-08-02 00:00:00+05:00,7.803696195286966,7.803696195286966,7.488998538791054,7.608504295349121,648000.0,0.0,0.0,0.0,FABL.KA,
2021-08-03 00:00:00+05:00,7.648340880741308,7.887350915931546,7.628422871279207,7.6523237228393555,745500.0,0.0,0.0,0.0,FABL.KA,
2021-08-04 00:00:00+05:00,7.66825716972428,7.680207973904335,7.612488269805908,7.612488269805908,696500.0,0.0,0.0,0.0,FABL.KA,
2021-08-05 00:00:00+05:00,7.664275936461085,7.827599845081418,7.588589006189987,7.624440670013428,12599500.0,0.0,0.0,0.0,FABL.KA,
2021-08-06 00:00:00+05:00,7.759879254458479,7.9232031448603335,7.688175934809973,7.859467029571533,5069500.0,0.0,0.0,0.0,FABL.KA,
2021-08-09 00:00:00+05:00,7.847516164020066,8.122377847601161,7.767845648324638,7.843532562255859,7829500.0,0.0,0.0,0.0,FABL.KA,
2021-08-10 00:00:00+05:00,7.839547980172099,7.9271849286427685,7.708092177568967,7.7678446769714355,3691000.0,0.0,0.0,0.0,FABL.KA,
2021-08-11 00:00:00+05:00,7.728009921540525,7.807680432401538,7.488999148751787,7.544768810272217,1310500.0,0.0,0.0,0.0,FABL.KA,
2021-08-12 00:00:00+05:00,7.492983535977072,7.6682582223737565,7.269907145886808,7.369494915008545,1003500.0,0.0,0.0,0.0,FABL.KA,
2021-08-13 00:00:00+05:00,7.409329414367676,7.449164669887874,7.3097416554643315,7.409329414367676,65500.0,0.0,0.0,0.0,FABL.KA,
2021-08-16 00:00:00+05:00,7.249989511242372,7.32965926643527,7.170318996255134,7.28982400894165,171500.0,0.0,0.0,0.0,FABL.KA,
2021-08-17 00:00:00+05:00,7.42128045986111,7.469082924889944,7.329659891666451,7.3894124031066895,435000.0,0.0,0.0,0.0,FABL.KA,
2021-08-18 00:00:00+05:00,7.3894124031066895,7.3894124031066895,7.3894124031066895,7.3894124031066895,0.0,0.0,0.0,0.0,FABL.KA,
2021-08-19 00:00:00+05:00,7.3894124031066895,7.3894124031066895,7.3894124031066895,7.3894124031066895,0.0,0.0,0.0,0.0,FABL.KA,
2021-08-20 00:00:00+05:00,7.393395184127787,7.393395184127787,7.29380742285529,7.373477935791016,11500.0,0.0,0.0,0.0,FABL.KA,
2021-08-23 00:00:00+05:00,7.36949331506661,7.708091808528515,7.36949331506661,7.628421306610107,434000.0,0.0,0.0,0.0,FABL.KA,
2021-08-24 00:00:00+05:00,7.644357009128106,7.688175108809922,7.4690823310178045,7.604521751403809,168000.0,0.0,0.0,0.0,FABL.KA,
2021-08-25 00:00:00+05:00,7.45314809612275,7.488999752923091,7.373478338628721,7.405346393585205,135500.0,0.0,0.0,0.0,FABL.KA,
2021-08-26 00:00:00+05:00,7.305759335229324,7.95905490507717,7.2898249263089205,7.739962100982666,5270000.0,0.0,0.0,0.0,FABL.KA,
2021-08-27 00:00:00+05:00,7.469081916235755,7.867432951768329,7.469081916235755,7.70809268951416,8772000.0,0.0,0.0,0.0,FABL.KA,
2021-08-30 00:00:00+05:00,7.704109103112108,8.02278962824624,7.704109103112108,7.8714165687561035,2863500.0,0.0,0.0,0.0,FABL.KA,
2021-08-31 00:00:00+05:00,7.871417447317114,7.9471043654070606,7.80768133517644,7.903285503387451,8285500.0,0.0,0.0,0.0,FABL.KA,
2021-09-01 00:00:00+05:00,7.88734993280291,8.365371463188538,7.88734993280291,8.345454216003418,4014000.0,0.0,0.0,0.0,FABL.KA,
2021-09-02 00:00:00+05:00,8.365372241188938,8.556580567208327,8.070592548627125,8.381306648254395,962500.0,0.0,0.0,0.0,FABL.KA,
2021-09-03 00:00:00+05:00,8.405205892389896,8.445041142644618,8.206030400910487,8.281717300415039,566500.0,0.0,0.0,0.0,FABL.KA,
2021-09-06 00:00:00+05:00,8.090509721647907,8.321553303365754,8.090509721647907,8.289685249328613,75000.0,0.0,0.0,0.0,FABL.KA,
2021-09-07 00:00:00+05:00,8.556579839379943,8.556579839379943,8.2857010206631,8.401223182678223,390500.0,0.0,0.0,0.0,FABL.KA,
2021-09-08 00:00:00+05:00,8.401223128528745,9.030617713928223,8.401223128528745,9.030617713928223,967000.0,0.0,0.0,0.0,FABL.KA,
2021-09-09 00:00:00+05:00,9.560425890507549,9.707816123962402,9.55644228854451,9.707816123962402,1741000.0,0.0,0.0,0.0,FABL.KA,
2021-09-10 00:00:00+05:00,10.353143931194063,10.353143931194063,9.859188709259033,9.958776473999023,2235500.0,0.0,0.0,0.0,FABL.KA,
2021-09-13 00:00:00+05:00,9.958776638461377,10.283960871637928,9.958776638461377,10.064461708068848,3258500.0,0.5,0.0,0.0,FABL.KA,
2021-09-14 00:00:00+05:00,10.040072399764576,10.040072399764576,9.65391547081197,9.909997940063477,919500.0,0.0,0.0,0.0,FABL.KA,
2021-09-15 00:00:00+05:00,9.918128260188848,10.568497491658684,9.885609837380374,10.462812423706055,1173500.0,0.0,0.0,0.0,FABL.KA,
2021-09-16 00:00:00+05:00,10.487200980783337,11.247320175170898,10.487200980783337,11.247320175170898,1724000.0,0.0,0.0,0.0,FABL.KA,
2021-09-17 00:00:00+05:00,11.702577909080265,12.0887340489744,10.99530091857465,11.214800834655762,4175500.0,0.0,0.0,0.0,FABL.KA,
2021-09-20 00:00:00+05:00,11.259516632728836,11.259516632728836,10.580693776490953,10.649795532226562,1701500.0,0.0,0.0,0.0,FABL.KA,
2021-09-21 00:00:00+05:00,10.649795532226562,10.649795532226562,10.649795532226562,10.649795532226562,0.0,0.0,0.0,0.0,FABL.KA,
2021-09-22 00:00:00+05:00,10.767672936643802,10.995301896480075,10.365257163338468,10.966848373413086,3306000.0,0.0,0.0,0.0,FABL.KA,
2021-09-23 00:00:00+05:00,10.970913084396292,11.076598150612488,10.487200874679944,10.572562217712402,1274500.0,0.0,0.0,0.0,FABL.KA,
2021-09-24 00:00:00+05:00,10.466877395883035,10.77173790255924,10.16201688920683,10.397775650024414,1686000.0,0.0,0.0,0.0,FABL.KA,
2021-09-27 00:00:00+05:00,10.48720086948819,10.62946925760496,10.365256979845439,10.625404357910156,480000.0,0.0,0.0,0.0,FABL.KA,
2021-09-28 00:00:00+05:00,10.62947059995919,10.926201337449763,10.62947059995919,10.77173900604248,1217500.0,0.0,0.0,0.0,FABL.KA,
2021-09-29 00:00:00+05:00,10.69044227872196,10.812386955942236,10.263637846702043,10.527850151062012,175500.0,0.0,0.0,0.0,FABL.KA,
2021-09-30 00:00:00+05:00,10.527847414302371,10.771735930042626,10.470940378239726,10.698569297790527,384000.0,0.0,0.0,0.0,FABL.KA,
2021-10-01 00:00:00+05:00,10.56849723561784,11.157894506955124,10.56849723561784,10.958718299865723,2410500.0,0.0,0.0,0.0,FABL.KA,
2021-10-04 00:00:00+05:00,10.962783784228876,10.97497848387465,10.670117970433688,10.942460060119629,598500.0,0.0,0.0,0.0,FABL.KA,
2021-10-05 00:00:00+05:00,10.771737742573853,11.182283311836295,10.71076579720426,10.796126365661621,695500.0,0.0,0.0,0.0,FABL.KA,
2021-10-06 00:00:00+05:00,10.694506481041248,10.751414303484479,10.405905570187743,10.588821411132812,985500.0,0.0,0.0,0.0,FABL.KA,
2021-10-07 00:00:00+05:00,10.572562313158071,10.954654359804442,10.56849741342456,10.743284225463867,108500.0,0.0,0.0,0.0,FABL.KA,
2021-10-08 00:00:00+05:00,10.588818712918448,10.771735282553577,10.56849499420351,10.727022171020508,62000.0,0.0,0.0,0.0,FABL.KA,
2021-10-11 00:00:00+05:00,10.767672891372158,10.771737791121831,10.365257119758743,10.495330810546875,141000.0,0.0,0.0,0.0,FABL.KA,
2021-10-12 00:00:00+05:00,10.36525828883333,10.812387232823482,10.170147730645043,10.77173900604248,941500.0,0.0,0.0,0.0,FABL.KA,
2021-10-13 00:00:00+05:00,10.771737105550892,11.46275451300824,10.56849678280465,10.98717212677002,11617000.0,0.0,0.0,0.0,FABL.KA,
2021-10-14 00:00:00+05:00,11.048144336648635,11.373328550814028,10.979042594225948,11.10098648071289,266500.0,0.0,0.0,0.0,FABL.KA,
2021-10-15 00:00:00+05:00,11.076599543949342,11.096923269689624,10.649795100999912,10.77173900604248,858500.0,0.0,0.0,0.0,FABL.KA,
2021-10-18 00:00:00+05:00,10.893679922208012,11.07659650488585,10.592884367037964,10.816449165344238,966500.0,0.0,0.0,0.0,FABL.KA,
2021-10-19 00:00:00+05:00,10.816449165344238,10.816449165344238,10.816449165344238,10.816449165344238,0.0,0.0,0.0,0.0,FABL.KA,
2021-10-20 00:00:00+05:00,10.792061195641667,11.03594974631217,10.792061195641667,10.950589179992676,1675500.0,0.0,0.0,0.0,FABL.KA,
2021-10-21 00:00:00+05:00,10.93026488460844,11.381458672953789,10.820515693776075,11.02375602722168,1602500.0,0.0,0.0,0.0,FABL.KA,
2021-10-22 00:00:00+05:00,11.027819427434368,11.035949226310393,10.670116805192427,10.901810646057129,373000.0,0.0,0.0,0.0,FABL.KA,
2021-10-25 00:00:00+05:00,10.771736965241878,10.901810646057129,10.568496645142975,10.901810646057129,422500.0,0.0,0.0,0.0,FABL.KA,
2021-10-26 00:00:00+05:00,10.389645335984397,10.914005753647267,10.389645335984397,10.832709312438965,134000.0,0.0,0.0,0.0,FABL.KA,
2021-10-27 00:00:00+05:00,10.914006536246534,10.97497848387465,10.836774989090717,10.942460060119629,82000.0,0.0,0.0,0.0,FABL.KA,
2021-10-28 00:00:00+05:00,10.930263937461492,11.279837528792223,10.816449856786576,11.129439353942871,361000.0,0.0,0.0,0.0,FABL.KA,
2021-10-29 00:00:00+05:00,11.377393345265254,11.507467029729401,10.97497759321668,11.466818809509277,676500.0,0.0,0.0,0.0,FABL.KA,
2021-11-01 00:00:00+05:00,11.544050795049275,11.584699016835081,11.283903416100667,11.580634117126465,577500.0,0.0,0.0,0.0,FABL.KA,
2021-11-02 00:00:00+05:00,11.580636552788196,11.848913787578617,11.462757537647196,11.649738311767578,2439500.0,0.0,0.0,0.0,FABL.KA,
2021-11-03 00:00:00+05:00,11.52372635622531,11.747290399214219,11.222930774169201,11.353004455566406,817000.0,0.0,0.0,0.0,FABL.KA,
2021-11-04 00:00:00+05:00,11.186346900024912,11.74322491782317,11.186346900024912,11.584697723388672,1100500.0,0.0,0.0,0.0,FABL.KA,
2021-11-05 00:00:00+05:00,11.584698570367735,11.584698570367735,11.157894196316418,11.198541641235352,523000.0,0.0,0.0,0.0,FABL.KA,
2021-11-08 00:00:00+05:00,11.316422065727563,11.316422065727563,11.076598405205507,11.117246627807617,487000.0,0.0,0.0,0.0,FABL.KA,
2021-11-09 00:00:00+05:00,11.23512514066206,11.279838261144683,10.877422502702048,10.983107566833496,1180000.0,0.0,0.0,0.0,FABL.KA,
2021-11-10 00:00:00+05:00,10.974979364647055,11.133506596262484,10.718896853937483,10.77173900604248,1139000.0,0.0,0.0,0.0,FABL.KA,
2021-11-11 00:00:00+05:00,11.08879256604415,11.08879256604415,10.46687688374644,10.511590003967285,816000.0,0.0,0.0,0.0,FABL.KA,
2021-11-12 00:00:00+05:00,10.491266408662812,10.527849732845588,10.16201726631821,10.308350563049316,728000.0,0.0,0.0,0.0,FABL.KA,
2021-11-15 00:00:00+05:00,10.060396494511464,10.369321894045633,9.857156161289009,10.304285049438477,211000.0,0.0,0.0,0.0,FABL.KA,
2021-11-16 00:00:00+05:00,10.365257791482431,10.731090264357025,10.227054292238634,10.487201690673828,705500.0,0.0,0.0,0.0,FABL.KA,
2021-11-17 00:00:00+05:00,10.446553428312466,10.853034094389988,10.446553428312466,10.572562217712402,1103000.0,0.0,0.0,0.0,FABL.KA,
2021-11-18 00:00:00+05:00,10.568497183893003,10.568497183893003,10.283960411129597,10.434358596801758,434500.0,0.0,0.0,0.0,FABL.KA,
2021-11-19 00:00:00+05:00,10.54004554806404,10.77173944220683,10.418100862783303,10.649795532226562,1204500.0,0.0,0.0,0.0,FABL.KA,
2021-11-22 00:00:00+05:00,10.877420785436671,11.259512760773966,10.283958715206388,10.54004192352295,1942000.0,0.0,0.0,0.0,FABL.KA,
2021-11-23 00:00:00+05:00,10.54004254806,10.5481723464915,9.983163760306356,10.296154022216797,987000.0,0.0,0.0,0.0,FABL.KA,
2021-11-24 00:00:00+05:00,10.324608567530312,10.324608567530312,9.958776130057649,10.0156831741333,772000.0,0.0,0.0,0.0,FABL.KA,
2021-11-25 00:00:00+05:00,10.015683622819155,10.019748522620992,9.796184460622493,9.914063453674316,1136500.0,0.0,0.0,0.0,FABL.KA,
2021-11-26 00:00:00+05:00,9.800249846391532,9.983165694742313,9.755536721654488,9.779925346374512,973500.0,0.0,0.0,0.0,FABL.KA,
2021-11-29 00:00:00+05:00,9.657982078715696,10.458748824514473,9.657982078715696,10.222990036010742,1238500.0,0.0,0.0,0.0,FABL.KA,
2021-11-30 00:00:00+05:00,10.633532982209307,10.633532982209307,9.877478779133332,9.983163833618164,923500.0,0.0,0.0,0.0,FABL.KA,
2021-12-01 00:00:00+05:00,10.157950439993364,10.157950439993364,9.755534725598457,9.87747859954834,867500.0,0.0,0.0,0.0,FABL.KA,
2021-12-02 00:00:00+05:00,10.0482027908807,10.0482027908807,9.137686100875689,9.29621410369873,1202500.0,0.0,0.0,0.0,FABL.KA,
2021-12-03 00:00:00+05:00,9.344989342271406,9.592942768076819,9.14581393190158,9.446609497070312,1651000.0,0.0,0.0,0.0,FABL.KA,
2021-12-06 00:00:00+05:00,9.43035199362915,9.674239778996853,9.361250247694873,9.625462532043457,210500.0,0.0,0.0,0.0,FABL.KA,
2021-12-07 00:00:00+05:00,9.796184680288077,10.344933761035199,9.653916285235063,10.170146942138672,1265500.0,0.0,0.0,0.0,FABL.KA,
2021-12-08 00:00:00+05:00,10.365256299311207,10.385580021150526,10.060395819919702,10.149821281433105,437500.0,0.0,0.0,0.0,FABL.KA,
2021-12-09 00:00:00+05:00,10.162017271690763,10.162017271690763,9.759601480767856,9.857156753540039,684000.0,0.0,0.0,0.0,FABL.KA,
2021-12-10 00:00:00+05:00,9.714886354480802,9.755534570250223,9.552294266703344,9.633590698242188,155500.0,0.0,0.0,0.0,FABL.KA,
2021-12-13 00:00:00+05:00,9.633591611330587,9.796183714518804,9.401896992074535,9.450675010681152,80000.0,0.0,0.0,0.0,FABL.KA,
2021-12-14 00:00:00+05:00,9.552294299477024,9.73521088341689,9.450674147354928,9.653914451599121,206500.0,0.0,0.0,0.0,FABL.KA,
2021-12-15 00:00:00+05:00,9.755535398298234,10.121367820674358,9.755535398298234,9.816507339477539,497500.0,0.0,0.0,0.0,FABL.KA,
2021-12-16 00:00:00+05:00,9.759601746221785,9.857157021647401,9.556361395259982,9.629528045654297,94000.0,0.0,0.0,0.0,FABL.KA,
2021-12-17 00:00:00+05:00,9.755536013765294,9.853091280866906,9.349055346525073,9.767730712890625,249500.0,0.0,0.0,0.0,FABL.KA,
2021-12-20 00:00:00+05:00,9.653915001284394,9.857155317100908,9.653915001284394,9.670174598693848,211500.0,0.0,0.0,0.0,FABL.KA,
2021-12-21 00:00:00+05:00,9.75553504440458,9.75553504440458,9.552294730979485,9.60513687133789,100000.0,0.0,0.0,0.0,FABL.KA,
2021-12-22 00:00:00+05:00,9.450674812001974,9.87341504670448,9.450674812001974,9.645785331726074,306500.0,0.0,0.0,0.0,FABL.KA,
2021-12-23 00:00:00+05:00,9.808378717533666,9.857156741510424,9.592944447828986,9.621397972106934,138500.0,0.0,0.0,0.0,FABL.KA,
2021-12-24 00:00:00+05:00,9.73521250063914,9.751471324523484,9.552295886313003,9.625462532043457,42000.0,0.0,0.0,0.0,FABL.KA,
2021-12-27 00:00:00+05:00,9.710822584616508,9.710822584616508,9.267758609337701,9.308406829833984,616500.0,0.0,0.0,0.0,FABL.KA,
2021-12-28 00:00:00+05:00,9.34905329153398,9.613265512104254,9.267756865835354,9.393766403198242,609500.0,0.0,0.0,0.0,FABL.KA,
2021-12-29 00:00:00+05:00,9.491325155739485,9.471000654155183,9.186464609679119,9.21491813659668,354500.0,0.0,0.0,0.0,FABL.KA,
2021-12-30 00:00:00+05:00,9.308406119154983,9.462869190187833,9.105165807490899,9.349054336547852,2156500.0,0.0,0.0,0.0,FABL.KA,
2021-12-31 00:00:00+05:00,9.38970255394072,9.540099950403997,9.206785963322941,9.349054336547852,69500.0,0.0,0.0,0.0,FABL.KA,
2022-01-03 00:00:00+05:00,9.548228786774358,9.633590112227608,9.426284922184209,9.597006797790527,126500.0,0.0,0.0,0.0,FABL.KA,
2022-01-04 00:00:00+05:00,9.519777351026105,9.857156277128169,9.519777351026105,9.775859832763672,1021500.0,0.0,0.0,0.0,FABL.KA,
2022-01-05 00:00:00+05:00,9.853088457531612,9.857153356075287,9.682366595197891,9.755533218383789,392000.0,0.0,0.0,0.0,FABL.KA,
2022-01-06 00:00:00+05:00,9.751470944954782,9.751470944954782,9.657980579182848,9.6620454788208,8000.0,0.0,0.0,0.0,FABL.KA,
2022-01-07 00:00:00+05:00,9.552292943000793,9.853088457531612,9.552292943000793,9.755533218383789,518000.0,0.0,0.0,0.0,FABL.KA,
2022-01-10 00:00:00+05:00,9.877480644116039,10.487201690673828,9.877480644116039,10.487201690673828,2010000.0,0.0,0.0,0.0,FABL.KA,
2022-01-11 00:00:00+05:00,10.832708601217439,11.015625194276568,10.576626146234931,10.873356819152832,2702500.0,0.0,0.0,0.0,FABL.KA,
2022-01-12 00:00:00+05:00,10.873356575008929,11.15789331886758,10.731088203079603,10.779866218566895,2562000.0,0.0,0.0,0.0,FABL.KA,
2022-01-13 00:00:00+05:00,10.771737748298108,10.934329861136877,10.588821136791774,10.743284225463867,608500.0,0.0,0.0,0.0,FABL.KA,
2022-01-14 00:00:00+05:00,10.649792544334455,10.930263613660557,10.649792544334455,10.779866218566895,171000.0,0.0,0.0,0.0,FABL.KA,
2022-01-17 00:00:00+05:00,10.491264247751538,11.076596538813256,10.491264247751538,10.836772918701172,1571500.0,0.0,0.0,0.0,FABL.KA,
2022-01-18 00:00:00+05:00,10.970912077017609,10.970912077017609,10.812384879899879,10.873356819152832,480000.0,0.0,0.0,0.0,FABL.KA,
2022-01-19 00:00:00+05:00,10.89368091650129,10.89368091650129,10.731088814447597,10.783931732177734,58000.0,0.0,0.0,0.0,FABL.KA,
2022-01-20 00:00:00+05:00,10.970913682602902,10.87335841046098,10.405905774043296,10.609146118164062,381000.0,0.0,0.0,0.0,FABL.KA,
2022-01-21 00:00:00+05:00,10.771737023112642,10.771737023112642,10.57256160138169,10.621338844299316,985500.0,0.0,0.0,0.0,FABL.KA,
2022-01-24 00:00:00+05:00,10.649795532226562,10.649795532226562,10.568499075372738,10.649795532226562,58500.0,0.0,0.0,0.0,FABL.KA,
2022-01-25 00:00:00+05:00,10.568495812026365,10.771736116103796,10.4465519397,10.503458976745605,1146000.0,0.0,0.0,0.0,FABL.KA,
2022-01-26 00:00:00+05:00,10.77173772370303,10.77173772370303,10.450617623191867,10.507525444030762,638000.0,0.0,0.0,0.0,FABL.KA,
2022-01-27 00:00:00+05:00,10.609144370056976,10.609144370056976,10.365255842238374,10.446552276611328,263500.0,0.0,0.0,0.0,FABL.KA,
2022-01-28 00:00:00+05:00,10.446553517069121,10.974978077339397,10.389645696130533,10.796126365661621,3993500.0,0.0,0.0,0.0,FABL.KA,
2022-01-31 00:00:00+05:00,10.970913069719588,10.974977969410967,10.796126259492025,10.893681526184082,1316000.0,0.0,0.0,0.0,FABL.KA,
2022-02-01 00:00:00+05:00,10.93433012144989,11.09692223815948,10.83270995159385,11.019691467285156,1177000.0,0.0,0.0,0.0,FABL.KA,
2022-02-02 00:00:00+05:00,11.084727655473179,11.458689889339942,11.076597856295564,11.369263648986816,1966000.0,0.0,0.0,0.0,FABL.KA,
2022-02-03 00:00:00+05:00,11.54404945349285,11.54404945349285,11.096920616411383,11.348938941955566,1256000.0,0.0,0.0,0.0,FABL.KA,
2022-02-04 00:00:00+05:00,11.348939070422876,11.381457489380525,11.137568959548032,11.218865394592285,88000.0,0.0,0.0,0.0,FABL.KA,
2022-02-07 00:00:00+05:00,11.218866597491013,11.336745588113999,10.974978041508534,10.99123764038086,508000.0,0.0,0.0,0.0,FABL.KA,
2022-02-08 00:00:00+05:00,10.885552885297686,10.970913455920492,10.771738015833577,10.804256439208984,242500.0,0.0,0.0,0.0,FABL.KA,
2022-02-09 00:00:00+05:00,10.820515182603502,10.995301209857354,10.690440724090882,10.759542465209961,525000.0,0.0,0.0,0.0,FABL.KA,
2022-02-10 00:00:00+05:00,10.81644973082667,10.962782229318957,10.56849630030046,10.584755897521973,361500.0,0.0,0.0,0.0,FABL.KA,
2022-02-11 00:00:00+05:00,10.568498647437904,10.934331137866051,10.568498647437904,10.77173900604248,999500.0,0.0,0.0,0.0,FABL.KA,
2022-02-14 00:00:00+05:00,10.85709958451219,10.89368291108505,10.690442552480475,10.77173900604248,327500.0,0.0,0.0,0.0,FABL.KA,
2022-02-15 00:00:00+05:00,10.771736932374989,10.974977251853764,10.771736932374989,10.93432903289795,3967500.0,0.0,0.0,0.0,FABL.KA,
2022-02-16 00:00:00+05:00,10.995302171001336,11.092858217238648,10.893682000196147,10.97497844696045,10139000.0,0.0,0.0,0.0,FABL.KA,
2022-02-17 00:00:00+05:00,10.966846931450963,10.974976729915554,10.674181164427972,10.779866218566895,211500.0,0.0,0.0,0.0,FABL.KA,
2022-02-18 00:00:00+05:00,10.714829413071998,10.914004824240754,10.609144358621181,10.747347831726074,181000.0,0.0,0.0,0.0,FABL.KA,
2022-02-21 00:00:00+05:00,10.572562720493746,10.869293434769371,10.568497820603621,10.674182891845703,56000.0,0.0,0.0,0.0,FABL.KA,
2022-02-22 00:00:00+05:00,10.36932217575312,10.934330069365226,10.162016937198233,10.653858184814453,764500.0,0.0,0.0,0.0,FABL.KA,
2022-02-23 00:00:00+05:00,10.613211502646248,10.771738730202145,10.409971149246207,10.527850151062012,1145500.0,0.0,0.0,0.0,FABL.KA,
2022-02-24 00:00:00+05:00,10.369321132617333,10.609144770233398,10.064460655169825,10.162015914916992,1092000.0,0.0,0.0,0.0,FABL.KA,
2022-02-25 00:00:00+05:00,10.10917377329155,10.393709753729054,10.080719477477542,10.162015914916992,716500.0,0.0,0.0,0.0,FABL.KA,
2022-02-28 00:00:00+05:00,10.162015639953657,10.162015639953657,10.121367422333789,10.153885841369629,567000.0,0.0,0.0,0.0,FABL.KA,
2022-03-01 00:00:00+05:00,10.121370151695572,10.271768364855877,10.121370151695572,10.251443862915039,190500.0,0.0,0.0,0.0,FABL.KA,
2022-03-02 00:00:00+05:00,10.060397463294295,10.365257992485033,10.060397463294295,10.271767616271973,323000.0,0.0,0.0,0.0,FABL.KA,
2022-03-03 00:00:00+05:00,10.361190456777038,10.507523721661366,10.243311485298166,10.365255355834961,112500.0,0.0,0.0,0.0,FABL.KA,
2022-03-04 00:00:00+05:00,10.344932822540335,10.365256544861115,10.162016220452074,10.190469741821289,39000.0,0.0,0.0,0.0,FABL.KA,
2022-03-07 00:00:00+05:00,10.060395483552016,10.162015639951532,9.853090271460973,10.101043701171875,210500.0,0.0,0.0,0.0,FABL.KA,
2022-03-08 00:00:00+05:00,10.162015914916992,10.202664133636718,10.162015914916992,10.162015914916992,76000.0,0.0,0.0,0.0,FABL.KA,
2022-03-09 00:00:00+05:00,9.962840496020654,10.243312352356444,9.962840496020654,10.162015914916992,28500.0,0.0,0.0,0.0,FABL.KA,
2022-03-10 00:00:00+05:00,10.243313892291035,10.710766539591926,10.202665667460435,10.487201690673828,496500.0,0.0,0.0,0.0,FABL.KA,
2022-03-11 00:00:00+05:00,10.283960411129597,10.568497183893003,10.247377089622862,10.434358596801758,195000.0,0.0,0.0,0.0,FABL.KA,
2022-03-14 00:00:00+05:00,10.405904769897461,10.527848654482463,10.24331266535069,10.405904769897461,147000.0,0.0,0.0,0.0,FABL.KA,
2022-03-15 00:00:00+05:00,10.365255355834961,10.560365858813919,10.365255355834961,10.365255355834961,83500.0,0.0,0.0,0.0,FABL.KA,
2022-03-16 00:00:00+05:00,10.466874927704744,10.625402105698196,10.405902995807276,10.576624870300293,582500.0,0.0,0.0,0.0,FABL.KA,
2022-03-17 00:00:00+05:00,10.52784916735157,10.52784916735157,10.446553498767983,10.507525444030762,14000.0,0.0,0.0,0.0,FABL.KA,
2022-03-18 00:00:00+05:00,10.80351207135158,10.80351207135158,10.503297436956492,10.570951461791992,145000.0,1.0,0.0,0.0,FABL.KA,
2022-03-21 00:00:00+05:00,10.486383667106317,10.570951602526367,10.465242086501105,10.494840621948242,66500.0,0.0,0.0,0.0,FABL.KA,
2022-03-22 00:00:00+05:00,10.507525397256275,10.570950941606002,10.422957467123606,10.465241432189941,80500.0,0.0,0.0,0.0,FABL.KA,
2022-03-23 00:00:00+05:00,10.465241432189941,10.465241432189941,10.465241432189941,10.465241432189941,0.0,0.0,0.0,0.0,FABL.KA,
2022-03-24 00:00:00+05:00,10.465239056007631,10.888076997664506,10.359529570593413,10.609004020690918,357000.0,0.0,0.0,0.0,FABL.KA,
2022-03-25 00:00:00+05:00,10.718945059668592,10.888080123589479,10.528667608695343,10.575180053710938,1089000.0,0.0,0.0,0.0,FABL.KA,
2022-03-28 00:00:00+05:00,10.740085191430756,10.782369153331956,10.528666188424248,10.76545524597168,446500.0,0.0,0.0,0.0,FABL.KA,
2022-03-29 00:00:00+05:00,10.761228506788283,10.866938017438464,10.676660575668313,10.845795631408691,357000.0,0.0,0.0,0.0,FABL.KA,
2022-03-30 00:00:00+05:00,10.592091351471307,11.061441779539914,10.592091351471307,10.99378776550293,1223000.0,0.0,0.0,0.0,FABL.KA,
2022-03-31 00:00:00+05:00,11.162922082356662,11.184064464445052,10.833108986771888,11.129095077514648,235000.0,0.0,0.0,0.0,FABL.KA,
2022-04-01 00:00:00+05:00,11.120641051476309,11.41662802661811,11.120641051476309,11.340517044067383,315500.0,0.0,0.0,0.0,FABL.KA,
2022-04-04 00:00:00+05:00,10.993790064401766,11.196752148953887,10.761229443331583,10.799284934997559,219000.0,0.0,0.0,0.0,FABL.KA,
2022-04-05 00:00:00+05:00,10.993788064258524,11.416626066730007,10.989559587453872,11.09104061126709,453000.0,0.0,0.0,0.0,FABL.KA,
2022-04-06 00:00:00+05:00,10.866938647294207,11.205208778381348,10.866938647294207,11.205208778381348,148000.0,0.0,0.0,0.0,FABL.KA,
2022-04-07 00:00:00+05:00,11.2052065663541,11.327829968728278,11.14178103010859,11.315144538879395,13500.0,0.0,0.0,0.0,FABL.KA,
2022-04-08 00:00:00+05:00,11.628044432488455,11.797179462933853,11.374341483570637,11.725296974182129,621000.0,0.0,0.0,0.0,FABL.KA,
2022-04-11 00:00:00+05:00,12.050884927798654,12.131224386470535,11.881749862041753,12.000144004821777,345500.0,0.0,0.0,0.0,FABL.KA,
2022-04-12 00:00:00+05:00,11.924032825681037,12.15236494359432,11.632274357764498,11.784496307373047,457000.0,0.0,0.0,0.0,FABL.KA,
2022-04-13 00:00:00+05:00,11.919804183911792,12.262302759299956,11.636502674109364,11.737983703613281,434000.0,0.0,0.0,0.0,FABL.KA,
2022-04-14 00:00:00+05:00,11.585763003899938,11.839466008233435,11.522337454441468,11.754898071289062,205500.0,0.0,0.0,0.0,FABL.KA,
2022-04-15 00:00:00+05:00,11.63227501276903,11.835237086009375,11.162924512713595,11.234807014465332,1128500.0,0.0,0.0,0.0,FABL.KA,
2022-04-18 00:00:00+05:00,11.522334496825753,11.522334496825753,10.989558566431128,11.002243995666504,202000.0,0.0,0.0,0.0,FABL.KA,
2022-04-19 00:00:00+05:00,10.972646188553671,11.16292280059539,10.951503805104949,10.99378776550293,267000.0,0.0,0.0,0.0,FABL.KA,
2022-04-20 00:00:00+05:00,10.913448844338598,11.09949779510498,10.82465324909752,11.09949779510498,138500.0,0.0,0.0,0.0,FABL.KA,
2022-04-21 00:00:00+05:00,11.036073525605346,11.099499073295688,10.782370528344384,10.989561080932617,22000.0,0.0,0.0,0.0,FABL.KA,
2022-04-22 00:00:00+05:00,10.824655916588373,10.993791001464814,10.782371943744337,10.803513526916504,55000.0,0.0,0.0,0.0,FABL.KA,
2022-04-25 00:00:00+05:00,10.993788555848996,11.162923603100614,10.824653508597377,10.94727611541748,277500.0,0.0,0.0,0.0,FABL.KA,
2022-04-26 00:00:00+05:00,10.78236877001249,10.99378776550293,10.676659272267269,10.99378776550293,79500.0,0.0,0.0,0.0,FABL.KA,
2022-04-27 00:00:00+05:00,10.972646845385627,10.993788423600439,10.782369415454276,10.896535873413086,72000.0,0.0,0.0,0.0,FABL.KA,
2022-04-28 00:00:00+05:00,10.740087846833227,10.824655791544389,10.486384819199435,10.630149841308594,826500.0,0.0,0.0,0.0,FABL.KA,
2022-04-29 00:00:00+05:00,10.630149841308594,10.630149841308594,10.630149841308594,10.630149841308594,0.0,0.0,0.0,0.0,FABL.KA,
2022-05-02 00:00:00+05:00,10.630149841308594,10.630149841308594,10.630149841308594,10.630149841308594,0.0,0.0,0.0,0.0,FABL.KA,
2022-05-03 00:00:00+05:00,10.630149841308594,10.630149841308594,10.630149841308594,10.630149841308594,0.0,0.0,0.0,0.0,FABL.KA,
2022-05-04 00:00:00+05:00,10.630149841308594,10.630149841308594,10.630149841308594,10.630149841308594,0.0,0.0,0.0,0.0,FABL.KA,
2022-05-05 00:00:00+05:00,10.630149841308594,10.630149841308594,10.630149841308594,10.630149841308594,0.0,0.0,0.0,0.0,FABL.KA,
2022-05-06 00:00:00+05:00,10.65551736714452,10.65551736714452,10.465239954463588,10.486381530761719,91000.0,0.0,0.0,0.0,FABL.KA,
2022-05-09 00:00:00+05:00,10.486382613631143,10.486382613631143,9.699904441833496,9.699904441833496,804500.0,0.0,0.0,0.0,FABL.KA,
2022-05-10 00:00:00+05:00,9.73373144928388,9.93669350606055,9.661848953363036,9.82675552368164,699500.0,0.0,0.0,0.0,FABL.KA,
2022-05-11 00:00:00+05:00,9.826755325634752,9.85212538059565,9.154442820424629,9.40391731262207,748000.0,0.0,0.0,0.0,FABL.KA,
2022-05-12 00:00:00+05:00,9.344722304072885,9.640708494378554,9.19672880567021,9.496943473815918,1720000.0,0.0,0.0,0.0,FABL.KA,
2022-05-13 00:00:00+05:00,9.556139428778346,10.207309561253322,9.513855465409954,10.03394603729248,349500.0,0.0,0.0,0.0,FABL.KA,
2022-05-16 00:00:00+05:00,9.725275030677208,10.105829109708141,9.721046553449138,9.852126121520996,271500.0,0.0,0.0,0.0,FABL.KA,
2022-05-17 00:00:00+05:00,10.021260207979433,10.148111276333836,9.877495233711416,9.978976249694824,95000.0,0.0,0.0,0.0,FABL.KA,
2022-05-18 00:00:00+05:00,9.978978386113974,10.14388497157976,9.94515137354408,9.987435340881348,272500.0,0.0,0.0,0.0,FABL.KA,
2022-05-19 00:00:00+05:00,10.148111765008224,10.232679685649744,9.915551192993236,10.042402267456055,1053500.0,0.0,0.0,0.0,FABL.KA,
2022-05-20 00:00:00+05:00,10.143883525394816,10.253821502198324,10.000118540844037,10.17771053314209,179000.0,0.0,0.0,0.0,FABL.KA,
2022-05-23 00:00:00+05:00,10.148111330567973,10.148111330567973,10.000117879030638,10.021260261535645,139000.0,0.0,0.0,0.0,FABL.KA,
2022-05-24 00:00:00+05:00,10.148112535724517,10.232680462788696,9.725274513402661,9.746416091918945,177000.0,0.0,0.0,0.0,FABL.KA,
2022-05-25 00:00:00+05:00,9.682991073852621,10.042403573575228,9.315122426165624,9.725275039672852,893500.0,0.0,0.0,0.0,FABL.KA,
2022-05-26 00:00:00+05:00,9.746416187705284,9.936693622219947,9.678762167988856,9.830984115600586,962000.0,0.0,0.0,0.0,FABL.KA,
2022-05-27 00:00:00+05:00,10.021261646922763,10.148112733491592,9.809842631641688,9.915552139282227,702000.0,0.0,0.0,0.0,FABL.KA,
2022-05-30 00:00:00+05:00,9.822528457019644,10.03817597574517,9.767559861187477,9.843670845031738,238000.0,0.0,0.0,0.0,FABL.KA,
2022-05-31 00:00:00+05:00,9.911323366191477,10.084686889024432,9.843669347842006,9.945150375366211,165000.0,0.0,0.0,0.0,FABL.KA,
2022-06-01 00:00:00+05:00,10.042403611034876,10.042403611034876,9.814070678653657,9.894410133361816,210000.0,0.0,0.0,0.0,FABL.KA,
2022-06-02 00:00:00+05:00,9.78869949555838,9.915551378898995,9.640706034910735,9.801384925842285,113500.0,0.0,0.0,0.0,FABL.KA,
2022-06-03 00:00:00+05:00,9.725275225723838,9.733732180349584,9.239011625737563,9.315122604370117,513500.0,0.0,0.0,0.0,FABL.KA,
2022-06-06 00:00:00+05:00,9.302438468608203,9.34472244112909,9.217870523566432,9.251697540283203,139000.0,0.0,0.0,0.0,FABL.KA,
2022-06-07 00:00:00+05:00,9.40391799946581,9.467343544750287,9.09101794376276,9.226325988769531,156000.0,0.0,0.0,0.0,FABL.KA,
2022-06-08 00:00:00+05:00,9.260153832925289,9.344721771910763,9.14175968614519,9.175586700439453,567000.0,0.0,0.0,0.0,FABL.KA,
2022-06-09 00:00:00+05:00,9.091017702815392,9.302436719159937,9.027592159211938,9.171357154846191,227000.0,0.0,0.0,0.0,FABL.KA,
2022-06-10 00:00:00+05:00,9.175584799244131,9.302435874938965,9.175584799244131,9.302435874938965,18500.0,0.0,0.0,0.0,FABL.KA,
2022-06-13 00:00:00+05:00,9.00644868390614,9.260151634121689,8.604753085356013,8.630123138427734,391000.0,0.0,0.0,0.0,FABL.KA,
2022-06-14 00:00:00+05:00,8.630122680391324,9.08678764394243,8.435617606332244,8.900738716125488,308500.0,0.0,0.0,0.0,FABL.KA,
2022-06-15 00:00:00+05:00,8.964166113889071,9.196726696251964,8.486358712053272,8.8584566116333,80500.0,0.0,0.0,0.0,FABL.KA,
2022-06-16 00:00:00+05:00,8.87536964998959,9.251695217284926,8.87536964998959,9.02336311340332,43500.0,0.0,0.0,0.0,FABL.KA,
2022-06-17 00:00:00+05:00,9.091018507560365,9.30243754261991,9.091018507560365,9.247468948364258,184500.0,0.0,0.0,0.0,FABL.KA,
2022-06-20 00:00:00+05:00,9.196727777906055,9.272838757521765,8.993765703263893,9.116388320922852,70000.0,0.0,0.0,0.0,FABL.KA,
2022-06-21 00:00:00+05:00,9.40391665265752,9.513854625105337,8.900739226665436,9.37431812286377,1037000.0,0.0,0.0,0.0,FABL.KA,
2022-06-22 00:00:00+05:00,9.59842290289493,9.661848441464826,9.196726481119791,9.51385498046875,1454500.0,0.0,0.0,0.0,FABL.KA,
2022-06-23 00:00:00+05:00,9.721045508011056,9.78869952338525,9.51385498511515,9.640706062316895,603500.0,0.0,0.0,0.0,FABL.KA,
2022-06-24 00:00:00+05:00,9.71681567787201,9.725272630240761,8.917652228510283,9.293977737426758,730000.0,0.0,0.0,0.0,FABL.KA,
2022-06-27 00:00:00+05:00,9.425059198291226,9.7252737845197,9.365861331183211,9.628021240234375,685000.0,0.0,0.0,0.0,FABL.KA,
2022-06-28 00:00:00+05:00,9.699905767689003,9.82252839134067,9.5138567869248,9.632251739501953,684000.0,0.0,0.0,0.0,FABL.KA,
2022-06-29 00:00:00+05:00,9.526542549375772,9.936695210268244,9.217870127776635,9.522314071655273,556500.0,0.0,0.0,0.0,FABL.KA,
2022-06-30 00:00:00+05:00,9.598425419999968,9.915554002513186,9.556141447698266,9.750646591186523,638500.0,0.0,0.0,0.0,FABL.KA,
2022-07-01 00:00:00+05:00,9.826754040940068,10.148110985597244,9.826754040940068,9.928235054016113,192500.0,0.0,0.0,0.0,FABL.KA,
2022-07-04 00:00:00+05:00,10.093143595868904,10.48638226546163,9.776015090181561,10.14388370513916,964000.0,0.0,0.0,0.0,FABL.KA,
2022-07-05 00:00:00+05:00,10.148113352845147,10.48638347534015,10.021262258534417,10.279192924499512,1631500.0,0.0,0.0,0.0,FABL.KA,
2022-07-06 00:00:00+05:00,10.482156491486966,10.634377653336358,10.148114017943175,10.181941032409668,952500.0,0.0,0.0,0.0,FABL.KA,
2022-07-07 00:00:00+05:00,10.270736076044656,10.380673253485234,10.063544732830906,10.080458641052246,465000.0,0.0,0.0,0.0,FABL.KA,
2022-07-08 00:00:00+05:00,10.080458641052246,10.080458641052246,10.080458641052246,10.080458641052246,0.0,0.0,0.0,0.0,FABL.KA,
2022-07-11 00:00:00+05:00,10.080458641052246,10.080458641052246,10.080458641052246,10.080458641052246,0.0,0.0,0.0,0.0,FABL.KA,
2022-07-12 00:00:00+05:00,10.080458641052246,10.080458641052246,10.080458641052246,10.080458641052246,0.0,0.0,0.0,0.0,FABL.KA,
2022-07-13 00:00:00+05:00,10.042403376133416,10.359531903800786,9.97897783189985,10.215766906738281,772000.0,0.0,0.0,0.0,FABL.KA,
2022-07-14 00:00:00+05:00,10.169254761564996,10.44410013876911,10.139656227158294,10.186168670654297,637500.0,0.0,0.0,0.0,FABL.KA,
2022-07-15 00:00:00+05:00,10.29187954581103,10.562495675078145,10.274965634481996,10.410274505615234,1665000.0,0.0,0.0,0.0,FABL.KA,
2022-07-18 00:00:00+05:00,10.528668293338486,10.528668293338486,10.143885695460026,10.228453636169434,290000.0,0.0,0.0,0.0,FABL.KA,
2022-07-19 00:00:00+05:00,10.32993082989833,10.676657805840174,9.830981940031052,10.148110389709473,648500.0,0.0,0.0,0.0,FABL.KA,
2022-07-20 00:00:00+05:00,10.156569201314808,10.232680172211342,9.915551664475448,10.105828285217285,176000.0,0.0,0.0,0.0,FABL.KA,
2022-07-21 00:00:00+05:00,10.143883952516454,10.143883952516454,9.729502888539427,10.072001457214355,831500.0,0.0,0.0,0.0,FABL.KA,
2022-07-22 00:00:00+05:00,10.042404271271913,10.57095186449675,9.95783633375609,10.173483848571777,1060500.0,0.0,0.0,0.0,FABL.KA,
2022-07-25 00:00:00+05:00,10.06354548743469,10.317248484281698,10.06354548743469,10.241137504577637,176500.0,0.0,0.0,0.0,FABL.KA,
2022-07-26 00:00:00+05:00,10.338390934647153,10.566723068662272,10.27496458017111,10.406044960021973,2955500.0,0.0,0.0,0.0,FABL.KA,
2022-07-27 00:00:00+05:00,10.296106617115623,10.55403727765064,10.28764966260639,10.520210266113281,593000.0,0.0,0.0,0.0,FABL.KA,
2022-07-28 00:00:00+05:00,10.558264236700564,10.951503693339498,10.490610223354023,10.782368659973145,2686500.0,0.0,0.0,0.0,FABL.KA,
2022-07-29 00:00:00+05:00,10.824653424836908,11.200979002872218,10.824653424836908,11.192522048950195,1692500.0,0.0,0.0,0.0,FABL.KA,
2022-08-01 00:00:00+05:00,11.184067196260338,11.23480731266741,10.93036419472615,10.955734252929688,75000.0,0.0,0.0,0.0,FABL.KA,
2022-08-02 00:00:00+05:00,10.90922161806735,11.07835748715334,10.575179970271673,10.740086555480957,1387000.0,0.0,0.0,0.0,FABL.KA,
2022-08-03 00:00:00+05:00,10.968419097505018,11.196751222100184,10.790827086597858,10.888079643249512,328000.0,0.0,0.0,0.0,FABL.KA,
2022-08-04 00:00:00+05:00,10.972646076572453,11.036071613272403,10.638603679986879,10.782368659973145,184500.0,0.0,0.0,0.0,FABL.KA,
2022-08-05 00:00:00+05:00,10.702028873042153,10.951503341684138,10.676658820476701,10.769682884216309,206500.0,0.0,0.0,0.0,FABL.KA,
2022-08-08 00:00:00+05:00,10.769682884216309,10.769682884216309,10.769682884216309,10.769682884216309,0.0,0.0,0.0,0.0,FABL.KA,
2022-08-09 00:00:00+05:00,10.769682884216309,10.769682884216309,10.769682884216309,10.769682884216309,0.0,0.0,0.0,0.0,FABL.KA,
2022-08-10 00:00:00+05:00,10.993789317930453,10.993789317930453,10.718944746282107,10.731629371643066,419500.0,0.0,0.0,0.0,FABL.KA,
2022-08-11 00:00:00+05:00,10.90922304673646,10.947278541614587,10.596322938349413,10.634378433227539,241500.0,0.0,0.0,0.0,FABL.KA,
2022-08-12 00:00:00+05:00,10.617462407146384,10.972646390631532,10.570949969202061,10.672430992126465,510500.0,0.0,0.0,0.0,FABL.KA,
2022-08-15 00:00:00+05:00,10.820426083393452,10.972648043966268,10.655519497105967,10.702031135559082,335000.0,0.0,0.0,0.0,FABL.KA,
2022-08-16 00:00:00+05:00,10.756999030497688,10.824653046510294,10.638604099225883,10.67665958404541,171000.0,0.0,0.0,0.0,FABL.KA,
2022-08-17 00:00:00+05:00,10.676660652402328,10.740086197948369,10.575179618228749,10.680889129638672,87000.0,0.0,0.0,0.0,FABL.KA,
2022-08-18 00:00:00+05:00,10.685118016318006,10.718945029005416,10.359532515139435,10.406044960021973,314000.0,0.0,0.0,0.0,FABL.KA,
2022-08-19 00:00:00+05:00,10.482155387477848,10.528667023408266,10.359531968889572,10.507525444030762,29500.0,0.0,0.0,0.0,FABL.KA,
2022-08-22 00:00:00+05:00,10.34261860554593,10.528667578576485,10.34261860554593,10.406044960021973,136000.0,0.0,0.0,0.0,FABL.KA,
2022-08-23 00:00:00+05:00,10.43564244010125,10.528666513960511,10.186167944320097,10.44832706451416,1603000.0,0.0,0.0,0.0,FABL.KA,
2022-08-24 00:00:00+05:00,10.566724399333026,10.740087962000178,10.566724399333026,10.634378433227539,413500.0,0.0,0.0,0.0,FABL.KA,
2022-08-25 00:00:00+05:00,10.773911239311206,10.773911239311206,10.389128752657193,10.558263778686523,284500.0,0.0,0.0,0.0,FABL.KA,
2022-08-26 00:00:00+05:00,10.558263168715266,10.676658083345606,10.363758101643324,10.651288032531738,176000.0,0.0,0.0,0.0,FABL.KA,
2022-08-29 00:00:00+05:00,10.6512896581538,10.6512896581538,10.283420235960534,10.473697662353516,194000.0,0.0,0.0,0.0,FABL.KA,
2022-08-30 00:00:00+05:00,10.570950526173768,10.951504583816119,10.465241020912028,10.49061107635498,872500.0,0.0,0.0,0.0,FABL.KA,
2022-08-31 00:00:00+05:00,10.570949650072686,11.27708911895752,10.570949650072686,11.27708911895752,4579500.0,0.0,0.0,0.0,FABL.KA,
2022-09-01 00:00:00+05:00,11.332060089006275,11.983231111718386,11.277091494108317,11.340517044067383,3033000.0,0.0,0.0,0.0,FABL.KA,
2022-09-02 00:00:00+05:00,11.353200690669745,12.190419754024289,11.353200690669745,12.008599281311035,5779500.0,0.0,0.0,0.0,FABL.KA,
2022-09-05 00:00:00+05:00,12.093168064803312,12.262303118937014,11.71261399137759,11.750669479370117,1010000.0,0.0,0.0,0.0,FABL.KA,
2022-09-06 00:00:00+05:00,11.983185294205134,11.983185294205134,11.73344592749841,11.836786270141602,388000.0,0.5,0.0,0.0,FABL.KA,
2022-09-07 00:00:00+05:00,11.785116611830734,11.841092323270189,11.625799735574367,11.673164367675781,132500.0,0.0,0.0,0.0,FABL.KA,
2022-09-08 00:00:00+05:00,12.20708953463927,12.20708953463927,11.582740719812922,11.6171875,568000.0,0.0,0.0,0.0,FABL.KA,
2022-09-09 00:00:00+05:00,11.518152126661635,11.62579840821922,11.453564521982273,11.52245807647705,347000.0,0.0,0.0,0.0,FABL.KA,
2022-09-12 00:00:00+05:00,11.49662374264745,11.832479631376392,11.410506384817674,11.634410858154297,916000.0,0.0,0.0,0.0,FABL.KA,
2022-09-13 00:00:00+05:00,11.673162780682249,11.841090713446464,11.65163303207406,11.724832534790039,496500.0,0.0,0.0,0.0,FABL.KA,
2022-09-14 00:00:00+05:00,11.724832939587019,12.056383688116453,11.522458223338697,11.61288070678711,409500.0,0.0,0.0,0.0,FABL.KA,
2022-09-15 00:00:00+05:00,11.625798806366214,12.030549068841424,11.625798806366214,11.832479476928711,11227500.0,0.0,0.0,0.0,FABL.KA,
2022-09-16 00:00:00+05:00,11.643023125668051,11.90567951491441,11.565517665430235,11.785116195678711,1671000.0,0.0,0.0,0.0,FABL.KA,
2022-09-19 00:00:00+05:00,11.643022633700792,11.77650379776132,11.643022633700792,11.703304290771484,31500.0,0.0,0.0,0.0,FABL.KA,
2022-09-20 00:00:00+05:00,11.625800288188683,11.729140636641675,11.565518623576793,11.65163516998291,68500.0,0.0,0.0,0.0,FABL.KA,
2022-09-21 00:00:00+05:00,11.651633361813811,11.651633361813811,11.238272032149691,11.289941787719727,837000.0,0.0,0.0,0.0,FABL.KA,
2022-09-22 00:00:00+05:00,11.229659951607603,11.604269369199042,11.10909582175929,11.393281936645508,3001000.0,0.0,0.0,0.0,FABL.KA,
2022-09-23 00:00:00+05:00,11.410506564019645,11.410506564019645,11.199519937426741,11.238272666931152,44000.0,0.0,0.0,0.0,FABL.KA,
2022-09-26 00:00:00+05:00,11.45356567647985,11.45356567647985,11.199520360694589,11.285636901855469,339000.0,0.0,0.0,0.0,FABL.KA,
2022-09-27 00:00:00+05:00,11.324389554769176,11.565517839420105,11.324389554769176,11.45356559753418,128500.0,0.0,0.0,0.0,FABL.KA,
2022-09-28 00:00:00+05:00,11.539680660243096,11.73344428893776,11.41050545529727,11.43634033203125,441000.0,0.0,0.0,0.0,FABL.KA,
2022-09-29 00:00:00+05:00,11.406201251820917,11.582741108869055,11.277026027099467,11.410507202148438,277500.0,0.0,0.0,0.0,FABL.KA,
2022-09-30 00:00:00+05:00,11.513848759315923,11.539683642727047,11.195215792991606,11.337308883666992,228500.0,0.0,0.0,0.0,FABL.KA,
2022-10-03 00:00:00+05:00,11.30286011641858,11.733445263710717,11.195213829595545,11.212437629699707,360500.0,0.0,0.0,0.0,FABL.KA,
2022-10-04 00:00:00+05:00,11.216743057408287,11.401894807082892,11.122014618138587,11.328695297241211,246500.0,0.0,0.0,0.0,FABL.KA,
2022-10-05 00:00:00+05:00,11.621491666556802,11.660244390979136,11.281329867075739,11.483704566955566,219500.0,0.0,0.0,0.0,FABL.KA,
2022-10-06 00:00:00+05:00,11.604269591519428,11.815256206839205,11.427729753776841,11.518152236938477,192000.0,0.0,0.0,0.0,FABL.KA,
2022-10-07 00:00:00+05:00,11.729137821805597,11.729137821805597,11.367446278383213,11.552597999572754,513500.0,0.0,0.0,0.0,FABL.KA,
2022-10-10 00:00:00+05:00,11.354530405517865,11.729139014181863,11.34591850568569,11.543987274169922,132500.0,0.0,0.0,0.0,FABL.KA,
2022-10-11 00:00:00+05:00,11.4320353833887,11.543987620740078,11.367447775260288,11.466482162475586,174500.0,0.0,0.0,0.0,FABL.KA,
2022-10-12 00:00:00+05:00,11.302860907788547,11.500929695198243,11.186602712773613,11.410507202148438,347500.0,0.0,0.0,0.0,FABL.KA,
2022-10-13 00:00:00+05:00,11.199519267700312,11.388976953806168,11.160766540513297,11.195213317871094,308500.0,0.0,0.0,0.0,FABL.KA,
2022-10-14 00:00:00+05:00,11.160766760585167,11.25980114478213,11.109096182891637,11.186601638793945,52500.0,0.0,0.0,0.0,FABL.KA,
2022-10-17 00:00:00+05:00,11.031591405572657,11.186601494096262,10.915333223222982,10.96269702911377,591500.0,0.0,0.0,0.0,FABL.KA,
2022-10-18 00:00:00+05:00,11.022979613092158,11.122013996971571,10.962697135763673,11.091873168945312,126500.0,0.0,0.0,0.0,FABL.KA,
2022-10-19 00:00:00+05:00,11.104791012410981,11.754973842750548,11.104791012410981,11.513846397399902,1015500.0,0.0,0.0,0.0,FABL.KA,
2022-10-20 00:00:00+05:00,11.617188650129172,11.970268387321475,11.32439057891328,11.742058753967285,759000.0,0.0,0.0,0.0,FABL.KA,
2022-10-21 00:00:00+05:00,12.009019060819117,12.034854760040917,11.410505990538786,11.61288070678711,399500.0,0.0,0.0,0.0,FABL.KA,
2022-10-24 00:00:00+05:00,11.742057656232792,11.742057656232792,11.496624243386787,11.582740783691406,24000.0,0.0,0.0,0.0,FABL.KA,
2022-10-25 00:00:00+05:00,11.733447321500817,12.052080287825135,11.195215792991606,11.337308883666992,352500.0,0.0,0.0,0.0,FABL.KA,
2022-10-26 00:00:00+05:00,11.195213502725043,11.281330858179468,10.979920935364946,11.091873168945312,216500.0,0.0,0.0,0.0,FABL.KA,
2022-10-27 00:00:00+05:00,11.066038708993037,11.922903060913086,10.93255672086694,11.922903060913086,4531000.0,0.0,0.0,0.0,FABL.KA,
2022-10-28 00:00:00+05:00,12.814214706420898,12.814214706420898,12.538640461533147,12.814214706420898,6359500.0,0.0,0.0,0.0,FABL.KA,
2022-10-31 00:00:00+05:00,13.12854075480221,13.12854075480221,12.491274947875452,12.844354629516602,1189000.0,0.0,0.0,0.0,FABL.KA,
2022-11-01 00:00:00+05:00,12.913248598038214,12.921860498176526,12.637674363820244,12.732402801513672,2294500.0,0.0,0.0,0.0,FABL.KA,
2022-11-02 00:00:00+05:00,12.78837747800305,12.91755267625525,12.702260131650995,12.896023750305176,3210000.0,0.0,0.0,0.0,FABL.KA,
2022-11-03 00:00:00+05:00,12.917552713245028,13.455784076296904,12.844353215018938,13.317996978759766,7778000.0,0.0,0.0,0.0,FABL.KA,
2022-11-04 00:00:00+05:00,13.154375680006314,13.606490569136632,13.154375680006314,13.365363121032715,7204500.0,0.0,0.0,0.0,FABL.KA,
2022-11-07 00:00:00+05:00,13.559127253490686,13.752890913484746,13.417034176587062,13.580657005310059,8724803.0,0.0,0.0,0.0,FABL.KA,
2022-11-08 00:00:00+05:00,14.076109393698617,14.597639942534018,13.580655969149333,14.352520942687988,8138721.0,5.5,0.0,0.0,FABL.KA,
2022-11-09 00:00:00+05:00,17.93739128112793,17.93739128112793,17.93739128112793,17.93739128112793,0.0,5.5,0.0,0.0,FABL.KA,
2022-11-10 00:00:00+05:00,17.989531659385936,19.064992527692795,17.989531659385936,18.954187393188477,6482353.0,0.0,0.0,0.0,FABL.KA,
2022-11-11 00:00:00+05:00,19.032407106209142,19.482144586453256,17.924355539231282,18.419719696044922,3382330.0,0.0,0.0,0.0,FABL.KA,
2022-11-14 00:00:00+05:00,18.022126218481205,18.739100756952414,18.022126218481205,18.43927574157715,667339.0,0.0,0.0,0.0,FABL.KA,
2022-11-15 00:00:00+05:00,18.51096905517779,18.70650820923654,18.348020381728688,18.445789337158203,649068.0,0.0,0.0,0.0,FABL.KA,
2022-11-16 00:00:00+05:00,18.250254613374103,18.576152017184356,18.250254613374103,18.28936195373535,337518.0,0.0,0.0,0.0,FABL.KA,
2022-11-17 00:00:00+05:00,18.25025299096573,18.563114172442898,18.15248402715409,18.256771087646484,1189607.0,0.0,0.0,0.0,FABL.KA,
2022-11-18 00:00:00+05:00,18.256771201156955,18.967227582178474,18.191591477144005,18.856422424316406,3191729.0,0.0,0.0,0.0,FABL.KA,
2022-11-21 00:00:00+05:00,18.791240055301035,19.736342812459224,18.739096532070217,19.416963577270508,2823419.0,0.0,0.0,0.0,FABL.KA,
2022-11-22 00:00:00+05:00,19.553842214111953,19.879739584347153,19.469109444858717,19.671165466308594,1093719.0,0.0,0.0,0.0,FABL.KA,
2022-11-23 00:00:00+05:00,19.814561079713286,19.879740806407057,19.390894721003605,19.449556350708008,1292355.0,0.0,0.0,0.0,FABL.KA,
2022-11-24 00:00:00+05:00,19.547324015950025,19.684201557201455,19.2344628405179,19.29964256286621,274009.0,0.0,0.0,0.0,FABL.KA,
2022-11-25 00:00:00+05:00,19.847148000244754,19.847148000244754,18.25025057743898,18.941152572631836,2172133.0,0.0,0.0,0.0,FABL.KA,
2022-11-28 00:00:00+05:00,18.94115561627022,19.06499697032728,18.445791443241834,18.57615089416504,361368.0,0.0,0.0,0.0,FABL.KA,
2022-11-29 00:00:00+05:00,18.380613764110233,19.02589046365539,18.087305608317017,18.32847023010254,1432479.0,0.0,0.0,0.0,FABL.KA,
2022-11-30 00:00:00+05:00,18.543559405602377,18.543559405602377,17.969979382896522,18.07426643371582,715221.0,0.0,0.0,0.0,FABL.KA,
2022-12-01 00:00:00+05:00,18.178556442260742,18.40668486924528,18.041680131989967,18.178556442260742,1000630.0,0.0,0.0,0.0,FABL.KA,
2022-12-02 00:00:00+05:00,18.23721405690032,18.23721405690032,17.754886163807708,17.89176368713379,793769.0,0.0,0.0,0.0,FABL.KA,
2022-12-05 00:00:00+05:00,18.185074100238865,18.185074100238865,17.41595606148183,17.46809959411621,889465.0,0.0,0.0,0.0,FABL.KA,
2022-12-06 00:00:00+05:00,17.279077189493904,17.663636151785898,17.279077189493904,17.4746150970459,812322.0,0.0,0.0,0.0,FABL.KA,
2022-12-07 00:00:00+05:00,17.598460470592848,17.85917815485052,17.331224688828733,17.376850128173828,2441258.0,0.0,0.0,0.0,FABL.KA,
2022-12-08 00:00:00+05:00,17.565870938102474,17.911321397876982,17.305152014921763,17.409439086914062,724771.0,0.0,0.0,0.0,FABL.KA,
2022-12-09 00:00:00+05:00,17.468097430124978,17.591938770989817,17.27255951776974,17.42247200012207,264627.0,0.0,0.0,0.0,FABL.KA,
2022-12-12 00:00:00+05:00,17.66363379822927,17.761402738978234,17.43550544101533,17.526756286621094,1189068.0,0.0,0.0,0.0,FABL.KA,
2022-12-13 00:00:00+05:00,17.376848916804224,18.01560750950658,17.376848916804224,17.598459243774414,3057773.0,0.0,0.0,0.0,FABL.KA,
2022-12-14 00:00:00+05:00,17.846137694456257,17.846137694456257,17.56586702786636,17.572383880615234,591423.0,0.0,0.0,0.0,FABL.KA,
2022-12-15 00:00:00+05:00,17.59846097203919,17.59846097203919,16.946666121222925,17.01836395263672,944430.0,0.0,0.0,0.0,FABL.KA,
2022-12-16 00:00:00+05:00,17.533273098481377,17.533273098481377,16.946658253723157,17.050945281982422,492851.0,0.0,0.0,0.0,FABL.KA,
2022-12-19 00:00:00+05:00,17.396399866304968,17.396399866304968,16.718532821501036,16.764158248901367,205597.0,0.0,0.0,0.0,FABL.KA,
2022-12-20 00:00:00+05:00,17.077023111896192,17.077023111896192,15.512714702256972,15.669146537780762,3980858.0,0.0,0.0,0.0,FABL.KA,
2022-12-21 00:00:00+05:00,15.330214140565229,15.79950595348868,15.160747341765111,15.486644744873047,1067879.0,0.0,0.0,0.0,FABL.KA,
2022-12-22 00:00:00+05:00,15.630038609965165,15.871203226868165,15.310659315234087,15.740843772888184,1625151.0,0.0,0.0,0.0,FABL.KA,
2022-12-23 00:00:00+05:00,15.968971936050842,16.848895128105863,15.206372002029807,16.496925354003906,1975987.0,0.0,0.0,0.0,FABL.KA,
2022-12-26 00:00:00+05:00,16.783713199751922,16.94014377553652,16.29486718422517,16.451297760009766,1044768.0,0.0,0.0,0.0,FABL.KA,
2022-12-27 00:00:00+05:00,16.744608441339924,16.783715780499485,16.229689962406123,16.301387786865234,681182.0,0.0,0.0,0.0,FABL.KA,
2022-12-28 00:00:00+05:00,16.509961550958867,16.509961550958867,15.806023245821414,15.962453842163086,512558.0,0.0,0.0,0.0,FABL.KA,
2022-12-29 00:00:00+05:00,16.418708125619975,16.418708125619975,15.643072118323843,16.034149169921875,573772.0,0.0,0.0,0.0,FABL.KA,
2022-12-30 00:00:00+05:00,16.262280433146376,16.91407522015505,15.968972281712514,16.835859298706055,2613039.0,0.0,0.0,0.0,FABL.KA,
2023-01-02 00:00:00+05:00,16.97925123950282,17.53327697667502,16.68594437384675,17.135683059692383,963780.0,0.0,0.0,0.0,FABL.KA,
2023-01-03 00:00:00+05:00,17.39640015437408,17.39640015437408,16.685943862005285,16.731569290161133,457375.0,0.0,0.0,0.0,FABL.KA,
2023-01-04 00:00:00+05:00,16.86844703263047,16.86844703263047,16.464334997007214,16.555585861206055,703107.0,0.0,0.0,0.0,FABL.KA,
2023-01-05 00:00:00+05:00,16.705500562376695,16.705500562376695,16.314424667914775,16.522998809814453,498143.0,0.0,0.0,0.0,FABL.KA,
2023-01-06 00:00:00+05:00,16.751123699800818,16.751123699800818,16.347010452965602,16.405672073364258,737038.0,0.0,0.0,0.0,FABL.KA,
2023-01-09 00:00:00+05:00,16.353530175114408,16.40567370474284,15.636555710323618,15.825576782226562,712186.0,0.0,0.0,0.0,FABL.KA,
2023-01-10 00:00:00+05:00,16.22968910011004,16.22968910011004,15.55182320349363,15.8320951461792,703472.0,0.0,0.0,0.0,FABL.KA,
2023-01-11 00:00:00+05:00,16.125401883463848,16.13191998011454,15.31717654677542,15.6170015335083,553129.0,0.0,0.0,0.0,FABL.KA,
2023-01-12 00:00:00+05:00,15.64307366565431,16.29486840172324,15.486643078181743,15.571375846862793,1650255.0,0.0,0.0,0.0,FABL.KA,
2023-01-13 00:00:00+05:00,15.512714361256165,15.962453081301268,14.860919619300867,15.825576782226562,786387.0,0.0,0.0,0.0,FABL.KA,
2023-01-16 00:00:00+05:00,15.649592314067831,15.929864259372977,15.48012552752984,15.545305252075195,177258.0,0.0,0.0,0.0,FABL.KA,
2023-01-17 00:00:00+05:00,15.675662457543488,15.675662457543488,14.385109215348008,14.391627311706543,3226983.0,0.0,0.0,0.0,FABL.KA,
2023-01-18 00:00:00+05:00,14.437252312466219,14.665380705412582,13.883226570510688,14.443770408630371,3131604.0,0.0,0.0,0.0,FABL.KA,
2023-01-19 00:00:00+05:00,14.945652347253906,14.945652347253906,14.209123655962795,14.437252044677734,334271.0,0.0,0.0,0.0,FABL.KA,
2023-01-20 00:00:00+05:00,14.66538113030827,14.66538113030827,14.339483771856976,14.430734634399414,309766.0,0.0,0.0,0.0,FABL.KA,
2023-01-23 00:00:00+05:00,14.150463889049378,14.665382355143691,14.013587583803972,14.476361274719238,191453.0,0.0,0.0,0.0,FABL.KA,
2023-01-24 00:00:00+05:00,14.593683347147023,14.91958070634691,14.391627332539027,14.658863067626953,163372.0,0.0,0.0,0.0,FABL.KA,
2023-01-25 00:00:00+05:00,14.886991372598867,15.317175784538433,14.678417262955412,15.173781394958496,459035.0,0.0,0.0,0.0,FABL.KA,
2023-01-26 00:00:00+05:00,15.304140389554885,15.93638209096449,15.28458734275653,15.806022644042969,1448840.0,0.0,0.0,0.0,FABL.KA,
2023-01-27 00:00:00+05:00,16.03415408976839,16.229692053965543,15.34976872867824,15.60396957397461,492748.0,0.0,0.0,0.0,FABL.KA,
2023-01-30 00:00:00+05:00,15.603966578769272,15.603966578769272,14.926099445696673,15.04342269897461,335622.0,0.0,0.0,0.0,FABL.KA,
2023-01-31 00:00:00+05:00,15.251996764684092,15.577894136763666,15.023868355588426,15.434499740600586,444685.0,0.0,0.0,0.0,FABL.KA,
2023-02-01 00:00:00+05:00,15.447535998202545,15.55834115489918,15.25199682822034,15.31065845489502,295556.0,0.0,0.0,0.0,FABL.KA,
2023-02-02 00:00:00+05:00,15.558340960712908,15.558340960712908,15.108602242886905,15.141191482543945,358605.0,0.0,0.0,0.0,FABL.KA,
2023-02-03 00:00:00+05:00,15.304140688847387,15.434500138318256,14.860920052486245,14.92609977722168,296144.0,0.0,0.0,0.0,FABL.KA,
2023-02-06 00:00:00+05:00,15.610481069786779,15.610481069786779,14.665378408409467,14.802254676818848,756447.0,0.0,0.0,0.0,FABL.KA,
2023-02-07 00:00:00+05:00,14.743595959273575,15.480123388210028,14.600200336450786,15.069493293762207,7102193.0,0.0,0.0,0.0,FABL.KA,
2023-02-08 00:00:00+05:00,15.219408715857604,15.31717768649311,14.860920832594202,14.984762191772461,1095867.0,0.0,0.0,0.0,FABL.KA,
2023-02-09 00:00:00+05:00,15.147711562442499,15.41494734085943,14.893511978875164,15.24548053741455,2406181.0,0.0,0.0,0.0,FABL.KA,
2023-02-10 00:00:00+05:00,15.193334579467773,15.480124604446079,14.502432524165274,15.193334579467773,1688404.0,0.0,0.0,0.0,FABL.KA,
2023-02-13 00:00:00+05:00,15.317173887746982,15.643071204507557,15.036901996420953,15.128152847290039,1049597.0,0.0,0.0,0.0,FABL.KA,
2023-02-14 00:00:00+05:00,15.25199726113346,15.447536436665853,14.926099878445994,15.258515357971191,775660.0,0.0,0.0,0.0,FABL.KA,
2023-02-15 00:00:00+05:00,15.245477000340113,15.356282144454072,14.991277475749134,15.21288776397705,1097960.0,0.0,0.0,0.0,FABL.KA,
2023-02-16 00:00:00+05:00,15.395393284620472,16.125402743641324,15.186817910271772,15.558341979980469,4969580.0,0.0,0.0,0.0,FABL.KA,
2023-02-17 00:00:00+05:00,15.643074000690774,16.44478124485822,15.401909396172202,16.262279510498047,3643424.0,0.0,0.0,0.0,FABL.KA,
2023-02-20 00:00:00+05:00,16.32745749930473,16.444780749689162,15.773432973022368,15.858165740966797,912853.0,0.0,0.0,0.0,FABL.KA,
2023-02-21 00:00:00+05:00,16.197101183104337,16.197101183104337,15.382357675334502,15.486644744873047,982128.0,0.0,0.0,0.0,FABL.KA,
2023-02-22 00:00:00+05:00,15.512714936642661,15.94941747967856,15.317177004083241,15.75387954711914,1419024.0,0.0,0.0,0.0,FABL.KA,
2023-02-23 00:00:00+05:00,15.995042388061979,16.294867350576723,14.860918526446087,14.997796058654785,5177873.0,0.0,0.0,0.0,FABL.KA,
2023-02-24 00:00:00+05:00,15.043424455595355,15.1998550638324,14.795742970020026,14.834850311279297,618044.0,0.0,0.0,0.0,FABL.KA,
2023-02-27 00:00:00+05:00,14.860918377821571,15.121637247383115,14.79573990363089,15.017350196838379,487045.0,0.0,0.0,0.0,FABL.KA,
2023-02-28 00:00:00+05:00,15.089050644023262,15.095568741757011,14.860922196142127,14.97172737121582,604249.0,0.0,0.0,0.0,FABL.KA,
2023-03-01 00:00:00+05:00,14.802255750165877,14.99127679342752,14.548056237144682,14.828328132629395,767701.0,0.0,0.0,0.0,FABL.KA,
2023-03-02 00:00:00+05:00,14.82833151064435,15.310659507301102,14.73056254053283,14.880475044250488,709010.0,0.0,0.0,0.0,FABL.KA,
2023-03-03 00:00:00+05:00,14.841365668536236,15.571375038861227,14.67841699297444,15.20637035369873,2603400.0,0.0,0.0,0.0,FABL.KA,
2023-03-06 00:00:00+05:00,15.414943764467326,15.603964816332182,15.128153760313607,15.21288776397705,578640.0,0.0,0.0,0.0,FABL.KA,
2023-03-07 00:00:00+05:00,15.382356279863476,15.382356279863476,14.978242989662395,15.004315376281738,754007.0,0.0,0.0,0.0,FABL.KA,
2023-03-08 00:00:00+05:00,15.154228192195779,15.251997157699009,14.860920052486245,14.92609977722168,336567.0,0.0,0.0,0.0,FABL.KA,
2023-03-09 00:00:00+05:00,14.99128028890815,15.199854424450539,14.860920832594202,14.984762191772461,178752.0,0.0,0.0,0.0,FABL.KA,
2023-03-10 00:00:00+05:00,15.043421954831459,15.23895987182226,14.991278427420594,15.173781394958496,254860.0,0.0,0.0,0.0,FABL.KA,
2023-03-13 00:00:00+05:00,15.265032691696797,15.265032691696797,15.023868093556162,15.121638298034668,547043.0,0.0,0.0,0.0,FABL.KA,
2023-03-14 00:00:00+05:00,15.154229164123535,15.25199813589725,14.991280463434034,15.154229164123535,227613.0,0.0,0.0,0.0,FABL.KA,
2023-03-15 00:00:00+05:00,15.056461159632128,15.232446066050686,15.056461159632128,15.11512279510498,113086.0,0.0,0.0,0.0,FABL.KA,
2023-03-16 00:00:00+05:00,15.11512164808641,15.11512164808641,14.926100560751175,14.984762191772461,654592.0,0.0,0.0,0.0,FABL.KA,
2023-03-17 00:00:00+05:00,15.043421049931435,15.304138671302926,14.997795621591385,15.089046478271484,632788.0,0.0,0.0,0.0,FABL.KA,
2023-03-20 00:00:00+05:00,15.422845817769824,15.661273470821632,14.98686471458447,15.334287643432617,1118952.0,1.0,0.0,0.0,FABL.KA,
2023-03-21 00:00:00+05:00,15.259353206383004,15.599963774826044,15.116297391313504,15.157170295715332,258671.0,0.0,0.0,0.0,FABL.KA,
2023-03-22 00:00:00+05:00,15.327477056182236,15.327477056182236,14.7416264062504,14.830185890197754,555095.0,0.0,0.0,0.0,FABL.KA,
2023-03-23 00:00:00+05:00,14.830185890197754,14.830185890197754,14.830185890197754,14.830185890197754,0.0,0.0,0.0,0.0,FABL.KA,
2023-03-24 00:00:00+05:00,15.450096063436668,15.450096063436668,14.646254889515259,14.693940162658691,246913.0,0.0,0.0,0.0,FABL.KA,
2023-03-27 00:00:00+05:00,14.884681752825074,14.918742289142568,14.714376472585258,14.802934646606445,404188.0,0.0,0.0,0.0,FABL.KA,
2023-03-28 00:00:00+05:00,14.911930142839953,15.089047792831382,14.721189057715486,14.877869606018066,600866.0,0.0,0.0,0.0,FABL.KA,
2023-03-29 00:00:00+05:00,14.918745653510035,15.000492778163682,14.714379790865618,14.73481559753418,600420.0,0.0,0.0,0.0,FABL.KA,
2023-03-30 00:00:00+05:00,14.850619644945494,14.952803850677121,14.646253832134542,14.809746742248535,301112.0,0.0,0.0,0.0,FABL.KA,
2023-03-31 00:00:00+05:00,14.918744074818777,14.952805914539423,14.707565865856083,14.830185890197754,527540.0,0.0,0.0,0.0,FABL.KA,
2023-04-03 00:00:00+05:00,14.830183142663028,14.986863678371376,14.680313674310618,14.973238945007324,140383.0,0.0,0.0,0.0,FABL.KA,
2023-04-04 00:00:00+05:00,14.680313960093327,14.980051603307073,14.653065792160866,14.796121597290039,361317.0,0.0,0.0,0.0,FABL.KA,
2023-04-05 00:00:00+05:00,15.157168510893674,15.157168510893674,14.64625271839164,14.700750350952148,692561.0,0.0,0.0,0.0,FABL.KA,
2023-04-06 00:00:00+05:00,14.72119033156771,15.048176190926805,14.72119033156771,14.836997985839844,522134.0,0.0,0.0,0.0,FABL.KA,
2023-04-07 00:00:00+05:00,14.877869606018068,14.986864883039532,14.755249594537371,14.877869606018066,319825.0,0.0,0.0,0.0,FABL.KA,
2023-04-10 00:00:00+05:00,14.89149382206003,14.918741990703708,14.646253807636173,14.72118854522705,361612.0,0.0,0.0,0.0,FABL.KA,
2023-04-11 00:00:00+05:00,14.748437803297792,14.884682554558664,14.653067257010926,14.693940162658691,278246.0,0.0,0.0,0.0,FABL.KA,
2023-04-12 00:00:00+05:00,14.911931126413018,15.661274679856033,14.646255283565312,15.497781753540039,2094818.0,0.0,0.0,0.0,FABL.KA,
2023-04-13 00:00:00+05:00,15.668085969594562,16.281184725930853,15.668085969594562,15.920138359069824,2821364.0,0.0,0.0,0.0,FABL.KA,
2023-04-14 00:00:00+05:00,15.920138359069824,15.920138359069824,15.920138359069824,15.920138359069824,0.0,0.0,0.0,0.0,FABL.KA,
2023-04-17 00:00:00+05:00,16.00188584460788,16.138130604445067,15.327477011999079,15.620402336120605,2209467.0,0.0,0.0,0.0,FABL.KA,
2023-04-18 00:00:00+05:00,15.668084015392568,15.763454545788889,15.450093489157531,15.695333480834961,219775.0,0.0,0.0,0.0,FABL.KA,
2023-04-19 00:00:00+05:00,15.702148773484357,15.824768802321422,15.41603580597333,15.661275863647461,408906.0,0.0,0.0,0.0,FABL.KA,
2023-04-20 00:00:00+05:00,15.668087929904695,16.28118676294874,15.668087929904695,16.063196182250977,1838617.0,0.0,0.0,0.0,FABL.KA,
2023-04-21 00:00:00+05:00,16.063196182250977,16.063196182250977,16.063196182250977,16.063196182250977,0.0,0.0,0.0,0.0,FABL.KA,
2023-04-24 00:00:00+05:00,16.063196182250977,16.063196182250977,16.063196182250977,16.063196182250977,0.0,0.0,0.0,0.0,FABL.KA,
2023-04-25 00:00:00+05:00,16.063196182250977,16.063196182250977,16.063196182250977,16.063196182250977,0.0,0.0,0.0,0.0,FABL.KA,
2023-04-26 00:00:00+05:00,16.042757311627913,16.28118497026069,15.804330952321344,16.08363151550293,674418.0,0.0,0.0,0.0,FABL.KA,
2023-04-27 00:00:00+05:00,16.07681886797352,16.89428344133247,16.008696495362063,16.65585708618164,2823304.0,0.0,0.0,0.0,FABL.KA,
2023-04-28 00:00:00+05:00,16.79210299730381,16.98965777694717,15.409224737105827,15.661275863647461,5446169.0,0.0,0.0,0.0,FABL.KA,
2023-05-01 00:00:00+05:00,15.661275863647461,15.661275863647461,15.661275863647461,15.661275863647461,0.0,0.0,0.0,0.0,FABL.KA,
2023-05-02 00:00:00+05:00,15.804328917493317,15.899699448936863,15.470529458788821,15.586337089538574,1827441.0,0.0,0.0,0.0,FABL.KA,
2023-05-03 00:00:00+05:00,15.668084986898801,15.72939498861971,15.463719180713172,15.525029182434082,1879500.0,0.0,0.0,0.0,FABL.KA,
2023-05-04 00:00:00+05:00,15.6544601777944,16.13131545569468,15.552277275194655,15.729394912719727,2766505.0,0.0,0.0,0.0,FABL.KA,
2023-05-05 00:00:00+05:00,15.90651498708948,16.594548542344672,15.668087311612721,16.417430877685547,7167891.0,0.0,0.0,0.0,FABL.KA,
2023-05-08 00:00:00+05:00,16.471926299767514,16.519611568568106,16.076818116286145,16.287996292114258,1274926.0,0.0,0.0,0.0,FABL.KA,
2023-05-09 00:00:00+05:00,16.28118515561955,16.28799752300961,15.463720558705587,15.627213478088379,1546291.0,0.0,0.0,0.0,FABL.KA,
2023-05-10 00:00:00+05:00,15.334288152480887,15.661273990724762,15.334288152480887,15.490968704223633,866595.0,0.0,0.0,0.0,FABL.KA,
2023-05-11 00:00:00+05:00,15.668085780454975,15.838391060677312,15.599963408500805,15.674898147583008,826450.0,0.0,0.0,0.0,FABL.KA,
2023-05-12 00:00:00+05:00,15.913324878710293,15.913324878710293,15.531840137577415,15.59315013885498,421165.0,0.0,0.0,0.0,FABL.KA,
2023-05-15 00:00:00+05:00,15.770270657384211,15.770270657384211,15.463721894312096,15.504594802856445,682928.0,0.0,0.0,0.0,FABL.KA,
2023-05-16 00:00:00+05:00,15.668084515438157,15.668084515438157,15.531839782530007,15.545464515686035,1778474.0,0.0,0.0,0.0,FABL.KA,
2023-05-17 00:00:00+05:00,15.634028085627438,15.640839154667212,15.429660932621177,15.450098037719727,612080.0,0.0,0.0,0.0,FABL.KA,
2023-05-18 00:00:00+05:00,15.599961345676846,15.599961345676846,15.089045572569573,15.225290298461914,642750.0,0.0,0.0,0.0,FABL.KA,
2023-05-19 00:00:00+05:00,15.320665013623458,15.361537922829978,15.054989154791546,15.272979736328125,931362.0,0.0,0.0,0.0,FABL.KA,
2023-05-22 00:00:00+05:00,15.320662164223785,15.388784533115878,15.068611088446993,15.10267162322998,283391.0,0.0,0.0,0.0,FABL.KA,
2023-05-23 00:00:00+05:00,15.191231556413692,15.218481026863653,14.918743348545418,14.993678092956543,531903.0,0.0,0.0,0.0,FABL.KA,
2023-05-24 00:00:00+05:00,15.184420745487957,15.184420745487957,14.816560684136231,14.850621223449707,796435.0,0.0,0.0,0.0,FABL.KA,
2023-05-25 00:00:00+05:00,14.850622849410835,14.966430514812977,14.605384080985335,14.6326322555542,2812444.0,0.0,0.0,0.0,FABL.KA,
2023-05-26 00:00:00+05:00,14.305644811026463,14.81656069713455,14.305644811026463,14.503199577331543,269062.0,0.0,0.0,0.0,FABL.KA,
2023-05-29 00:00:00+05:00,14.503199398486663,14.911931062871865,14.380579379440594,14.653067588806152,1487326.0,0.0,0.0,0.0,FABL.KA,
2023-05-30 00:00:00+05:00,14.71437910368538,14.71437910368538,14.462326672157063,14.639444351196289,305700.0,0.0,0.0,0.0,FABL.KA,
2023-05-31 00:00:00+05:00,14.646254400694072,14.850620221438392,14.380578573861214,14.62581729888916,264867.0,0.0,0.0,0.0,FABL.KA,
2023-06-01 00:00:00+05:00,14.714374963909023,14.714374963909023,14.278392607654906,14.339702606201172,577407.0,0.0,0.0,0.0,FABL.KA,
2023-06-02 00:00:00+05:00,14.305645050717263,14.564508532312379,13.971846822119684,14.271584510803223,1699420.0,0.0,0.0,0.0,FABL.KA,
2023-06-05 00:00:00+05:00,14.550885946144048,14.646256502936867,14.230711135208633,14.475951194763184,1827233.0,0.0,0.0,0.0,FABL.KA,
2023-06-06 00:00:00+05:00,14.578132843983271,14.768875240202298,14.441889388963627,14.653067588806152,874962.0,0.0,0.0,0.0,FABL.KA,
2023-06-07 00:00:00+05:00,14.775685051261332,14.843807416647289,14.537257422073507,14.612192153930664,2847879.0,0.0,0.0,0.0,FABL.KA,
2023-06-08 00:00:00+05:00,14.74844129214161,14.76206603035597,14.441892478277813,14.646258354187012,1548903.0,0.0,0.0,0.0,FABL.KA,
2023-06-09 00:00:00+05:00,14.714376893827955,15.743020971843569,14.578132146005224,15.211668014526367,10591954.0,0.0,0.0,0.0,FABL.KA,
2023-06-12 00:00:00+05:00,15.157171042356051,15.307039232096049,14.162588757185926,14.292019844055176,5649254.0,0.0,0.0,0.0,FABL.KA,
2023-06-13 00:00:00+05:00,14.571320323477096,14.571320323477096,14.114902090330357,14.148963928222656,781435.0,0.0,0.0,0.0,FABL.KA,
2023-06-14 00:00:00+05:00,14.101277154607663,14.510008771230163,14.039967152249064,14.114900588989258,805182.0,0.0,0.0,0.0,FABL.KA,
2023-06-15 00:00:00+05:00,14.292019749391537,14.292019749391537,13.971846269161476,14.148963928222656,312612.0,0.0,0.0,0.0,FABL.KA,
2023-06-16 00:00:00+05:00,14.039966300694822,14.169397365089482,13.965031569173458,13.999092102050781,327461.0,0.0,0.0,0.0,FABL.KA,
2023-06-19 00:00:00+05:00,14.046779658264587,14.475948379700442,13.767477811793853,14.135337829589844,1095286.0,0.0,0.0,0.0,FABL.KA,
2023-06-20 00:00:00+05:00,14.101279931236784,14.135340472886682,13.794729859082183,13.971847534179688,593705.0,0.0,0.0,0.0,FABL.KA,
2023-06-21 00:00:00+05:00,14.162587766076932,14.162587766076932,13.692544827553903,13.80835247039795,959743.0,0.0,0.0,0.0,FABL.KA,
2023-06-22 00:00:00+05:00,13.869663706619773,13.958221888737844,13.590363125436088,13.801541328430176,1148889.0,0.0,0.0,0.0,FABL.KA,
2023-06-23 00:00:00+05:00,13.815165417174558,13.815165417174558,13.494990644470363,13.624423027038574,1249315.0,0.0,0.0,0.0,FABL.KA,
2023-06-26 00:00:00+05:00,13.828789935308606,14.101279456642365,13.7606688543015,14.039969444274902,768650.0,0.0,0.0,0.0,FABL.KA,
2023-06-27 00:00:00+05:00,14.09446656706856,14.373767146705612,13.624423589422136,13.74704360961914,2411676.0,0.0,0.0,0.0,FABL.KA,
2023-06-28 00:00:00+05:00,13.74704360961914,13.74704360961914,13.74704360961914,13.74704360961914,0.0,0.0,0.0,0.0,FABL.KA,
2023-06-29 00:00:00+05:00,13.74704360961914,13.74704360961914,13.74704360961914,13.74704360961914,0.0,0.0,0.0,0.0,FABL.KA,
2023-06-30 00:00:00+05:00,13.74704360961914,13.74704360961914,13.74704360961914,13.74704360961914,0.0,0.0,0.0,0.0,FABL.KA,
2023-07-03 00:00:00+05:00,14.775688171386719,14.775688171386719,14.441889939767293,14.775688171386719,2340862.0,0.0,0.0,0.0,FABL.KA,
2023-07-04 00:00:00+05:00,14.884681421728304,14.98686432773399,14.482760865356619,14.584943771362305,874756.0,0.0,0.0,0.0,FABL.KA,
2023-07-05 00:00:00+05:00,14.632630140151347,15.341100767090014,14.380579039690423,15.000490188598633,2268721.0,0.0,0.0,0.0,FABL.KA,
2023-07-06 00:00:00+05:00,14.986865077965293,15.545466204797261,14.782499255723524,15.470531463623047,2183821.0,0.0,0.0,0.0,FABL.KA,
2023-07-07 00:00:00+05:00,15.225292907277895,15.59996401869179,15.157170532659126,15.320663452148438,620145.0,0.0,0.0,0.0,FABL.KA,
2023-07-10 00:00:00+05:00,15.000487703966261,15.845201642790041,15.000487703966261,15.695333480834961,2280195.0,0.0,0.0,0.0,FABL.KA,
2023-07-11 00:00:00+05:00,15.66808574807119,16.281184495739176,15.66808574807119,16.104066848754883,4436276.0,0.0,0.0,0.0,FABL.KA,
2023-07-12 00:00:00+05:00,16.281183925239013,16.689916842470872,16.179001020762577,16.287996292114258,3350394.0,0.0,0.0,0.0,FABL.KA,
2023-07-13 00:00:00+05:00,16.349308435599035,16.58092374238279,15.872453086496877,15.967824935913086,994165.0,0.0,0.0,0.0,FABL.KA,
2023-07-14 00:00:00+05:00,16.008698301289215,16.008698301289215,15.59315295087558,15.763458251953125,1214387.0,0.0,0.0,0.0,FABL.KA,
2023-07-17 00:00:00+05:00,15.865642672512196,16.008698503548107,15.668087897089636,15.749835014343262,658625.0,0.0,0.0,0.0,FABL.KA,
2023-07-18 00:00:00+05:00,15.852016244385958,16.206251549130343,15.736208598578225,16.172189712524414,1754865.0,0.0,0.0,0.0,FABL.KA,
2023-07-19 00:00:00+05:00,16.199439595987855,16.689918361717616,16.179002493501773,16.580923080444336,1770719.0,0.0,0.0,0.0,FABL.KA,
2023-07-20 00:00:00+05:00,16.62179508830872,16.689917460256634,16.41742927179115,16.54686164855957,684547.0,0.0,0.0,0.0,FABL.KA,
2023-07-21 00:00:00+05:00,16.431056488605915,17.323455927909873,16.431056488605915,17.07140350341797,5315627.0,0.0,0.0,0.0,FABL.KA,
2023-07-24 00:00:00+05:00,16.935156578809256,17.13271001769215,16.758038940895492,17.030527114868164,821323.0,0.0,0.0,0.0,FABL.KA,
2023-07-25 00:00:00+05:00,17.166772563491747,17.337077841703668,16.689917264767917,17.125898361206055,1423532.0,0.0,0.0,0.0,FABL.KA,
2023-07-26 00:00:00+05:00,16.79891601643008,17.439264358877068,16.79891601643008,17.268959045410156,1252614.0,0.0,0.0,0.0,FABL.KA,
2023-07-27 00:00:00+05:00,17.268959045410156,17.268959045410156,17.268959045410156,17.268959045410156,0.0,0.0,0.0,0.0,FABL.KA,
2023-07-28 00:00:00+05:00,17.268959045410156,17.268959045410156,17.268959045410156,17.268959045410156,0.0,0.0,0.0,0.0,FABL.KA,
2023-07-31 00:00:00+05:00,17.446071324345667,18.045545270390516,17.309826596036096,17.745807647705078,2045923.0,0.0,0.0,0.0,FABL.KA,
2023-08-01 00:00:00+05:00,17.500570462561804,17.841181013335458,17.303015719436537,17.60956573486328,1715914.0,0.0,0.0,0.0,FABL.KA,
2023-08-02 00:00:00+05:00,17.54144355340232,17.691311729596304,17.43244827992921,17.548255920410156,980147.0,0.0,0.0,0.0,FABL.KA,
2023-08-03 00:00:00+05:00,17.575506303526705,17.67769052219274,17.105464614698725,17.234895706176758,1348390.0,0.0,0.0,0.0,FABL.KA,
2023-08-04 00:00:00+05:00,17.337078316612967,17.337078316612967,16.826162467981852,17.1054630279541,1131344.0,0.0,0.0,0.0,FABL.KA,
2023-08-07 00:00:00+05:00,17.030531953906777,17.636818475681387,16.962409566225855,17.534635543823242,2002833.0,0.0,0.0,0.0,FABL.KA,
2023-08-08 00:00:00+05:00,17.166774236465884,17.575505904546173,17.166774236465884,17.357515335083008,870143.0,0.0,0.0,0.0,FABL.KA,
2023-08-09 00:00:00+05:00,17.064587566309296,17.60956521092818,17.064587566309296,17.452884674072266,1463911.0,0.0,0.0,0.0,FABL.KA,
2023-08-10 00:00:00+05:00,17.296205794452607,18.025112268126115,17.166774702399813,17.337080001831055,2441001.0,0.0,0.0,0.0,FABL.KA,
2023-08-11 00:00:00+05:00,17.534630586643374,18.13410586956728,17.507382418870165,18.072795867919922,7390420.0,0.0,0.0,0.0,FABL.KA,
2023-08-14 00:00:00+05:00,18.072795867919922,18.072795867919922,18.072795867919922,18.072795867919922,0.0,0.0,0.0,0.0,FABL.KA,
2023-08-15 00:00:00+05:00,18.222664993591714,18.386157906773956,17.88205443296383,18.025110244750977,1381496.0,0.0,0.0,0.0,FABL.KA,
2023-08-16 00:00:00+05:00,18.052362147071296,18.12048452824627,17.77306155364762,17.83437156677246,837727.0,0.0,0.0,0.0,FABL.KA,
2023-08-17 00:00:00+05:00,17.977427810275433,17.977427810275433,17.371141332494382,17.800310134887695,994305.0,0.0,0.0,0.0,FABL.KA,
2023-08-18 00:00:00+05:00,17.548257301556813,17.956990258913624,17.548257301556813,17.650440216064453,626865.0,0.0,0.0,0.0,FABL.KA,
2023-08-21 00:00:00+05:00,17.50738576616492,17.67769107011856,17.09865277681091,17.132713317871094,867413.0,0.0,0.0,0.0,FABL.KA,
2023-08-22 00:00:00+05:00,17.23489396028552,17.439261077588927,17.04415287666042,17.343889236450195,848247.0,0.0,0.0,0.0,FABL.KA,
2023-08-23 00:00:00+05:00,17.371141918453247,17.57550777423389,17.1667760626726,17.527822494506836,1212567.0,0.0,0.0,0.0,FABL.KA,
2023-08-24 00:00:00+05:00,17.704938341649456,18.59733772511839,16.2130635911634,16.308435440063477,21922419.0,0.0,0.0,0.0,FABL.KA,
2023-08-25 00:00:00+05:00,16.110878812865458,16.34930645858505,16.042756442756126,16.13812828063965,2336803.0,0.0,0.0,0.0,FABL.KA,
2023-08-28 00:00:00+05:00,16.076822071702736,16.34931031712283,15.804333826282646,15.913329124450684,1027573.0,0.0,0.0,0.0,FABL.KA,
2023-08-29 00:00:00+05:00,15.838392667011034,16.226688537406837,15.824767931373142,15.852017402648926,1309388.0,0.0,0.0,0.0,FABL.KA,
2023-08-30 00:00:00+05:00,16.05638068214055,16.06319304887429,15.504591969968551,15.59315013885498,1459372.0,0.0,0.0,0.0,FABL.KA,
2023-08-31 00:00:00+05:00,15.668086710490211,15.804331462485843,14.98686554916455,15.143546104431152,1764095.0,0.0,0.0,0.0,FABL.KA,
2023-09-01 00:00:00+05:00,15.061799987788584,15.409222928950705,14.850620496537779,15.320663452148438,2105122.0,0.0,0.0,0.0,FABL.KA,
2023-09-04 00:00:00+05:00,15.320663069667363,15.586338894789106,15.320663069667363,15.443283081054688,693589.0,0.0,0.0,0.0,FABL.KA,
2023-09-05 00:00:00+05:00,15.856622471671418,15.856622471671418,15.33638304939122,15.407649040222168,695867.0,1.0,0.0,0.0,FABL.KA,
2023-09-06 00:00:00+05:00,15.40765190909774,15.678461093536638,15.372018227404485,15.571562767028809,425623.0,0.0,0.0,0.0,FABL.KA,
2023-09-07 00:00:00+05:00,15.906511154529682,15.906511154529682,15.607195025953652,15.728346824645996,774707.0,0.0,0.0,0.0,FABL.KA,
2023-09-08 00:00:00+05:00,15.621447593267478,15.856624440713363,15.607194121474178,15.678460121154785,686678.0,0.0,0.0,0.0,FABL.KA,
2023-09-11 00:00:00+05:00,15.849496563436979,15.892255616451756,15.46466236773242,15.50029468536377,922733.0,0.0,0.0,0.0,FABL.KA,
2023-09-12 00:00:00+05:00,15.464662295083256,15.64995197703877,15.386269565519612,15.493167877197266,469119.0,0.0,0.0,0.0,FABL.KA,
2023-09-13 00:00:00+05:00,15.635699198350395,15.635699198350395,15.457534900062445,15.521674156188965,185717.0,0.0,0.0,0.0,FABL.KA,
2023-09-14 00:00:00+05:00,15.6784596726243,15.6784596726243,15.315004308008254,15.364890098571777,757380.0,0.0,0.0,0.0,FABL.KA,
2023-09-15 00:00:00+05:00,15.429027218051452,15.642825181289016,15.165344830463143,15.23660945892334,1173461.0,0.0,0.0,0.0,FABL.KA,
2023-09-18 00:00:00+05:00,15.315007280868167,15.414778881362297,15.265121480621103,15.322134017944336,580285.0,0.0,0.0,0.0,FABL.KA,
2023-09-19 00:00:00+05:00,15.393393023931985,15.607189601774383,15.250861065846724,15.293620109558105,613994.0,0.0,0.0,0.0,FABL.KA,
2023-09-20 00:00:00+05:00,15.329258674189813,15.464663941684542,15.215233615021386,15.250865936279297,542292.0,0.0,0.0,0.0,FABL.KA,
2023-09-21 00:00:00+05:00,15.386266915287564,15.6784562178779,15.250861685533211,15.564431190490723,566529.0,0.0,0.0,0.0,FABL.KA,
2023-09-22 00:00:00+05:00,15.678462003590983,15.85662634454088,15.507424399393406,15.785360336303711,1026864.0,0.0,0.0,0.0,FABL.KA,
2023-09-25 00:00:00+05:00,15.849498684833474,16.106055755832916,15.74972709468301,16.006282806396484,633390.0,0.0,0.0,0.0,FABL.KA,
2023-09-26 00:00:00+05:00,16.070423009966337,16.11318343048027,15.714094328066542,15.785360336303711,1038064.0,0.0,0.0,0.0,FABL.KA,
2023-09-27 00:00:00+05:00,15.78535969501129,16.034790034065058,15.78535969501129,15.870879173278809,408434.0,0.0,0.0,0.0,FABL.KA,
2023-09-28 00:00:00+05:00,15.870879173278807,15.870879173278807,15.870879173278807,15.870879173278809,0.0,0.0,0.0,0.0,FABL.KA,
2023-09-29 00:00:00+05:00,15.870879173278807,15.870879173278807,15.870879173278807,15.870879173278809,0.0,0.0,0.0,0.0,FABL.KA,
2023-10-02 00:00:00+05:00,16.020535042569964,16.391117147792134,15.892256516971072,16.234333038330078,853373.0,0.0,0.0,0.0,FABL.KA,
2023-10-03 00:00:00+05:00,16.248584336621374,16.412496532945124,16.177319700890646,16.355484008789062,268823.0,0.0,0.0,0.0,FABL.KA,
2023-10-04 00:00:00+05:00,16.24858418386654,16.669052055296802,16.19157166024646,16.55502700805664,1861916.0,0.0,0.0,0.0,FABL.KA,
2023-10-05 00:00:00+05:00,16.676177869633985,16.81870985045503,16.569279563661055,16.718936920166016,1605168.0,0.0,0.0,0.0,FABL.KA,
2023-10-06 00:00:00+05:00,16.74744565703555,17.203545869745042,16.248585029920147,17.125154495239258,2027988.0,0.0,0.0,0.0,FABL.KA,
2023-10-09 00:00:00+05:00,16.968371366916614,17.267687512592424,16.932739042618607,17.07526969909668,479316.0,0.0,0.0,0.0,FABL.KA,
2023-10-10 00:00:00+05:00,17.317569256511437,17.816429835623175,17.039633386047147,17.738037109375,3477219.0,0.0,0.0,0.0,FABL.KA,
2023-10-11 00:00:00+05:00,17.745165544748975,17.994595858205024,17.5384956456814,17.609760284423828,1620488.0,0.0,0.0,0.0,FABL.KA,
2023-10-12 00:00:00+05:00,17.638265498724973,17.70953148976888,17.274810167758172,17.467227935791016,759108.0,0.0,0.0,0.0,FABL.KA,
2023-10-13 00:00:00+05:00,17.474358225643382,17.816433421099862,17.424472429550065,17.495737075805664,930294.0,0.0,0.0,0.0,FABL.KA,
2023-10-16 00:00:00+05:00,17.695278729259172,17.723785670534113,17.324696648399577,17.388835906982422,2113255.0,0.0,0.0,0.0,FABL.KA,
2023-10-17 00:00:00+05:00,17.338953900569326,17.63827005280658,17.28194136487109,17.33182716369629,803888.0,0.0,0.0,0.0,FABL.KA,
2023-10-18 00:00:00+05:00,17.460102656088,17.460102656088,17.06814171160444,17.15365982055664,635121.0,0.0,0.0,0.0,FABL.KA,
2023-10-19 00:00:00+05:00,17.103775024856947,17.42447135028738,16.96124302260211,17.374584197998047,701717.0,0.0,0.0,0.0,FABL.KA,
2023-10-20 00:00:00+05:00,17.388834988802472,17.531366969079535,17.2748099482951,17.33894920349121,1230196.0,0.0,0.0,0.0,FABL.KA,
2023-10-23 00:00:00+05:00,17.46010131105286,18.172758507422365,17.46010131105286,17.852062225341797,2764740.0,0.0,0.0,0.0,FABL.KA,
2023-10-24 00:00:00+05:00,17.95895950445097,18.286781118737515,17.709529247028073,18.21551513671875,2036270.0,0.0,0.0,0.0,FABL.KA,
2023-10-25 00:00:00+05:00,18.350925418523108,18.350925418523108,17.74516644353021,18.023103713989258,1825966.0,0.0,0.0,0.0,FABL.KA,
2023-10-26 00:00:00+05:00,18.343795607779903,18.35092234267775,17.10377228055402,17.3817081451416,5884340.0,0.0,0.0,0.0,FABL.KA,
2023-10-27 00:00:00+05:00,17.289066257966837,17.424471525542245,16.840091397848454,17.17504119873047,1456209.0,0.0,0.0,0.0,FABL.KA,
2023-10-30 00:00:00+05:00,17.11089919293697,17.374581590463936,16.968367212072977,17.239177703857422,938984.0,0.0,0.0,0.0,FABL.KA,
2023-10-31 00:00:00+05:00,17.28194183162045,17.638270529179636,17.2605616204239,17.48861312866211,1527076.0,0.0,0.0,0.0,FABL.KA,
2023-11-01 00:00:00+05:00,17.70240689528847,17.7451659513709,17.438723104327405,17.595508575439453,1680501.0,0.0,0.0,0.0,FABL.KA,
2023-11-02 00:00:00+05:00,17.602636763761062,17.745167415558264,17.417345693067304,17.495737075805664,717099.0,0.0,0.0,0.0,FABL.KA,
2023-11-03 00:00:00+05:00,17.68815402467796,18.31529321186938,17.467230641576542,18.25115394592285,4010147.0,0.0,0.0,0.0,FABL.KA,
2023-11-06 00:00:00+05:00,18.354979131818382,18.392059331933662,18.132495102088775,18.206655502319336,916797.0,1.0,0.0,0.0,FABL.KA,
2023-11-07 00:00:00+05:00,18.206653281527622,18.540380699933948,18.132492890342917,18.191822052001953,580813.0,0.0,0.0,0.0,FABL.KA,
2023-11-08 00:00:00+05:00,18.243737353829253,18.799948849894054,18.13249533752009,18.599712371826172,1712791.0,0.0,0.0,0.0,FABL.KA,
2023-11-09 00:00:00+05:00,18.599712371826172,18.599712371826172,18.599712371826172,18.599712371826172,0.0,0.0,0.0,0.0,FABL.KA,
2023-11-10 00:00:00+05:00,18.5477984636163,19.43032104959403,18.481052974747126,19.259748458862305,4253995.0,0.0,0.0,0.0,FABL.KA,
2023-11-13 00:00:00+05:00,19.25974761226942,19.726966013816316,19.2449163822429,19.296829223632812,1791078.0,0.0,0.0,0.0,FABL.KA,
2023-11-14 00:00:00+05:00,19.467402080192922,19.652805909528094,18.83702877754955,19.13367462158203,1723391.0,0.0,0.0,0.0,FABL.KA,
2023-11-15 00:00:00+05:00,18.84444508472855,18.903774253485505,18.547799240943796,18.673873901367188,1165997.0,0.0,0.0,0.0,FABL.KA,
2023-11-16 00:00:00+05:00,18.651625771767943,18.91119142720197,18.540383752158796,18.592296600341797,1441039.0,0.0,0.0,0.0,FABL.KA,
2023-11-17 00:00:00+05:00,18.547798693459,18.91119001818379,18.547798693459,18.681289672851562,826978.0,0.0,0.0,0.0,FABL.KA,
2023-11-20 00:00:00+05:00,18.866692940103466,18.963102303199634,18.607127311664573,18.688705444335938,541256.0,0.0,0.0,0.0,FABL.KA,
2023-11-21 00:00:00+05:00,18.88894105039929,19.289413988583057,18.73320251745155,19.05209732055664,1933729.0,0.0,0.0,0.0,FABL.KA,
2023-11-22 00:00:00+05:00,19.133673006535837,19.8233754197689,19.133673006535837,19.571226119995117,2372175.0,0.0,0.0,0.0,FABL.KA,
2023-11-23 00:00:00+05:00,19.467400260154275,21.03962520831502,19.281996448152803,20.98771095275879,5457436.0,0.0,0.0,0.0,FABL.KA,
2023-11-24 00:00:00+05:00,21.395605705897843,21.581009565715814,20.631741294220888,20.972885131835938,2881372.0,0.0,0.0,0.0,FABL.KA,
2023-11-27 00:00:00+05:00,20.83939116640738,21.04704255461633,20.02361401617782,20.66140365600586,6329707.0,0.0,0.0,0.0,FABL.KA,
2023-11-28 00:00:00+05:00,20.6614031363695,20.95063265668295,20.505663184610672,20.57240867614746,2729540.0,0.0,0.0,0.0,FABL.KA,
2023-11-29 00:00:00+05:00,20.839387570187597,20.913549373686664,20.209014362223662,20.260927200317383,1280990.0,0.0,0.0,0.0,FABL.KA,
2023-11-30 00:00:00+05:00,20.572410892712313,20.61690742035811,20.053280964793707,20.268348693847656,649847.0,0.0,0.0,0.0,FABL.KA,
2023-12-01 00:00:00+05:00,20.409250053004833,20.69106319846318,20.142268136083146,20.616901397705078,727290.0,0.0,0.0,0.0,FABL.KA,
2023-12-04 00:00:00+05:00,20.765228566769103,21.136036219747123,20.742979598363604,20.92096710205078,2388946.0,0.0,0.0,0.0,FABL.KA,
2023-12-05 00:00:00+05:00,20.92096468157398,21.744158028590878,20.87646816443,21.440095901489258,4473520.0,0.0,0.0,0.0,FABL.KA,
2023-12-06 00:00:00+05:00,21.254695495573557,23.049404671942835,21.225031617573215,22.95299530029297,6667954.0,0.0,0.0,0.0,FABL.KA,
2023-12-07 00:00:00+05:00,23.182894077960395,24.65870833167795,22.990073933293726,24.49555206298828,8430713.0,0.0,0.0,0.0,FABL.KA,
2023-12-08 00:00:00+05:00,24.829280836073547,25.1407607448595,24.324982186829974,24.55488395690918,6777973.0,0.0,0.0,0.0,FABL.KA,
2023-12-11 00:00:00+05:00,24.829278675654695,24.829278675654695,23.65752661622828,24.10991096496582,2652538.0,0.0,0.0,0.0,FABL.KA,
2023-12-12 00:00:00+05:00,24.109911221523358,24.836696676840155,24.109911221523358,24.643875122070312,2564973.0,0.0,0.0,0.0,FABL.KA,
2023-12-13 00:00:00+05:00,25.163008570628417,25.652474579106787,23.991254982097708,24.62162971496582,6530742.0,0.0,0.0,0.0,FABL.KA,
2023-12-14 00:00:00+05:00,24.54746674712211,25.33358002997041,24.109913581137178,24.68837547302246,3320162.0,0.0,0.0,0.0,FABL.KA,
2023-12-15 00:00:00+05:00,24.99243575049269,24.99243575049269,24.584547908241593,24.777366638183594,806360.0,0.0,0.0,0.0,FABL.KA,
2023-12-18 00:00:00+05:00,24.985019144863074,24.985019144863074,24.139578131608847,24.206323623657227,438603.0,0.0,0.0,0.0,FABL.KA,
2023-12-19 00:00:00+05:00,24.465892186710192,24.465892186710192,22.39678463511315,22.68601417541504,3908583.0,0.0,0.0,0.0,FABL.KA,
2023-12-20 00:00:00+05:00,22.619266524227744,23.427627309894447,21.95181304084284,23.219974517822266,1491305.0,0.0,0.0,0.0,FABL.KA,
2023-12-21 00:00:00+05:00,23.212559815421702,23.50920708609416,22.656348304689374,23.064237594604492,953261.0,0.0,0.0,0.0,FABL.KA,
2023-12-22 00:00:00+05:00,23.32380159173974,23.805849836029466,22.967825175133108,23.1309814453125,1325300.0,0.0,0.0,0.0,FABL.KA,
2023-12-25 00:00:00+05:00,23.1309814453125,23.1309814453125,23.1309814453125,23.1309814453125,0.0,0.0,0.0,0.0,FABL.KA,
2023-12-26 00:00:00+05:00,23.546285314838233,23.546285314838233,22.100134942292577,22.27812385559082,2376609.0,0.0,0.0,0.0,FABL.KA,
2023-12-27 00:00:00+05:00,22.508024783342037,23.73168975334511,22.13721713094602,23.516620635986328,1920984.0,0.0,0.0,0.0,FABL.KA,
2023-12-28 00:00:00+05:00,23.72427362517212,25.066596941791875,21.89990063938694,24.332399368286133,3361018.0,0.0,0.0,0.0,FABL.KA,
2023-12-29 00:00:00+05:00,24.33981509105554,24.79220089847313,23.954174777011662,24.161828994750977,928880.0,0.0,0.0,0.0,FABL.KA,
2024-01-01 00:00:00+05:00,24.399143025182727,25.029514860422747,24.399143025182727,24.69578742980957,918947.0,0.0,0.0,0.0,FABL.KA,
2024-01-02 00:00:00+05:00,24.77736911509717,24.84411461079516,23.998673551312702,24.080251693725586,955104.0,0.0,0.0,0.0,FABL.KA,
2024-01-03 00:00:00+05:00,24.3546491095831,25.504152378868447,24.102499768078598,25.03693389892578,2294783.0,0.0,0.0,0.0,FABL.KA,
2024-01-04 00:00:00+05:00,25.036928967080808,25.20008522327949,24.621626248084297,24.866357803344727,432821.0,0.0,0.0,0.0,FABL.KA,
2024-01-05 00:00:00+05:00,24.844113532945144,25.3261646286324,24.29531694445562,24.73287010192871,1097822.0,0.0,0.0,0.0,FABL.KA,
2024-01-08 00:00:00+05:00,25.06659589838252,25.06659589838252,24.324980618376898,24.42880630493164,915074.0,0.0,0.0,0.0,FABL.KA,
2024-01-09 00:00:00+05:00,24.428805203484522,24.74769998583162,24.273066680674354,24.44363784790039,242632.0,0.0,0.0,0.0,FABL.KA,
2024-01-10 00:00:00+05:00,24.36947905982379,24.658708572387695,24.324981123645557,24.473304748535156,663743.0,0.0,0.0,0.0,FABL.KA,
2024-01-11 00:00:00+05:00,24.540052344646217,25.06659857061374,24.362063413693686,25.00727081298828,861186.0,0.0,0.0,0.0,FABL.KA,
2024-01-12 00:00:00+05:00,25.170421569246653,25.437403522528292,24.88860979992739,25.08142852783203,1094052.0,0.0,0.0,0.0,FABL.KA,
2024-01-15 00:00:00+05:00,25.214920348521595,25.511567601884057,24.49555259799224,24.629043579101562,826459.0,0.0,0.0,0.0,FABL.KA,
2024-01-16 00:00:00+05:00,24.629043579101562,24.629043579101562,24.629043579101562,24.629043579101562,0.0,0.0,0.0,0.0,FABL.KA,
2024-01-17 00:00:00+05:00,24.117328371686543,24.577129036504495,23.842931520154277,24.050582885742188,460009.0,0.0,0.0,0.0,FABL.KA,
2024-01-18 00:00:00+05:00,23.9170946783835,24.25082214668017,23.509206807815566,23.642696380615234,1135627.0,0.0,0.0,0.0,FABL.KA,
2024-01-19 00:00:00+05:00,23.880014488307253,24.080250969377992,23.071653655408944,23.457292556762695,716013.0,0.0,0.0,0.0,FABL.KA,
2024-01-22 00:00:00+05:00,23.657526575461524,24.3991432519981,23.360880753558206,23.835514068603516,473472.0,0.0,0.0,0.0,FABL.KA,
2024-01-23 00:00:00+05:00,24.09508462536579,24.844114904577776,23.813269992526468,24.7847843170166,660031.0,0.0,0.0,0.0,FABL.KA,
2024-01-24 00:00:00+05:00,24.621629508458746,24.98501943570047,24.17665861327721,24.547466278076172,758778.0,0.0,0.0,0.0,FABL.KA,
2024-01-25 00:00:00+05:00,24.488136637215298,25.214919264774263,24.473303992280904,25.103675842285156,819714.0,0.0,0.0,0.0,FABL.KA,
2024-01-26 00:00:00+05:00,24.99243575049269,25.19267221756966,24.547464880642377,24.777366638183594,442094.0,0.0,0.0,0.0,FABL.KA,
2024-01-29 00:00:00+05:00,24.77736971458131,24.910860709207082,23.880015784404442,23.931928634643555,863125.0,0.0,0.0,0.0,FABL.KA,
2024-01-30 00:00:00+05:00,23.917093577176367,24.287901229535688,23.5833661242454,23.702024459838867,734721.0,0.0,0.0,0.0,FABL.KA,
2024-01-31 00:00:00+05:00,23.857761891980424,24.250819909057043,23.820681694266185,23.902259826660156,901977.0,0.0,0.0,0.0,FABL.KA,
2024-02-01 00:00:00+05:00,24.06541740372481,24.399144859426464,23.90226113004002,24.332399368286133,774600.0,0.0,0.0,0.0,FABL.KA,
2024-02-02 00:00:00+05:00,24.473304778066357,24.562297821492365,24.102497129913836,24.191490173339844,591535.0,0.0,0.0,0.0,FABL.KA,
2024-02-06 00:00:00+05:00,24.47330587673157,24.732870110475655,24.280487135812812,24.547466278076172,1415816.0,0.0,0.0,0.0,FABL.KA,
2024-02-07 00:00:00+05:00,24.762533146125666,24.836696369750065,23.59819741108086,23.835514068603516,3859727.0,0.0,0.0,0.0,FABL.KA,
2024-02-08 00:00:00+05:00,23.835514068603516,23.835514068603516,23.835514068603516,23.835514068603516,0.0,0.0,0.0,0.0,FABL.KA,
2024-02-09 00:00:00+05:00,22.901079403911464,23.346048858310706,22.255874897373626,23.019739151000977,1419629.0,0.0,0.0,0.0,FABL.KA,
2024-02-12 00:00:00+05:00,23.06423203858392,23.583361808167766,22.048218634675386,22.292951583862305,1256517.0,0.0,0.0,0.0,FABL.KA,
2024-02-13 00:00:00+05:00,22.40419739537174,22.952993958751904,21.736743912406382,22.804670333862305,1565141.0,0.0,0.0,0.0,FABL.KA,
2024-02-14 00:00:00+05:00,22.626684654981155,23.768771566342693,22.626684654981155,23.50179100036621,775005.0,0.0,0.0,0.0,FABL.KA,
2024-02-15 00:00:00+05:00,23.397963360973197,23.50920679334964,22.997491813782617,23.138399124145508,469428.0,0.0,0.0,0.0,FABL.KA,
2024-02-16 00:00:00+05:00,22.99007360220211,23.360881240947304,22.61926596345691,22.81208610534668,610091.0,0.0,0.0,0.0,FABL.KA,
2024-02-19 00:00:00+05:00,22.43386447876146,23.842934784249305,22.255876963382992,23.68719482421875,1018109.0,0.0,0.0,0.0,FABL.KA,
2024-02-20 00:00:00+05:00,23.694608983396186,24.23598780337455,23.34604889324441,23.47953987121582,2279716.0,0.0,0.0,0.0,FABL.KA,
2024-02-21 00:00:00+05:00,23.805850380996112,23.917093809399177,23.219975020129674,23.44987678527832,1930128.0,0.0,0.0,0.0,FABL.KA,
2024-02-22 00:00:00+05:00,23.368298671057534,23.88001363284507,23.368298671057534,23.724273681640625,2630397.0,0.0,0.0,0.0,FABL.KA,
2024-02-23 00:00:00+05:00,23.880011717003878,24.102495727139164,23.694607903718193,24.050582885742188,2197341.0,0.0,0.0,0.0,FABL.KA,
2024-02-26 00:00:00+05:00,24.265652527654606,25.207504259571913,24.050583420492238,24.83669662475586,2527079.0,0.0,0.0,0.0,FABL.KA,
2024-02-27 00:00:00+05:00,24.836697552229158,25.041764147820917,24.45022641204562,24.8209228515625,622265.0,2.0,0.0,0.0,FABL.KA,
2024-02-28 00:00:00+05:00,24.84458343994082,25.436121140891792,24.568532211958733,24.99444007873535,1144097.0,0.0,0.0,0.0,FABL.KA,
2024-02-29 00:00:00+05:00,24.891906130996706,25.396685994055918,24.891906130996706,25.199506759643555,1593982.0,0.0,0.0,0.0,FABL.KA,
2024-03-01 00:00:00+05:00,25.23894155554292,25.554429528473722,24.844583093737562,25.02598762512207,662503.0,0.0,0.0,0.0,FABL.KA,
2024-03-04 00:00:00+05:00,25.033876899261276,25.238943495686723,23.306586282554903,24.529098510742188,1792904.0,0.0,0.0,0.0,FABL.KA,
2024-03-05 00:00:00+05:00,24.103191341709937,24.60008389915864,24.095303991107446,24.284597396850586,391433.0,0.0,0.0,0.0,FABL.KA,
2024-03-06 00:00:00+05:00,24.44233530282504,25.160067524839956,24.253043437010362,24.49754524230957,2957940.0,0.0,0.0,0.0,FABL.KA,
2024-03-07 00:00:00+05:00,24.560645257907787,24.647404603506754,24.26093347984675,24.458112716674805,743270.0,0.0,0.0,0.0,FABL.KA,
2024-03-08 00:00:00+05:00,24.678953779031715,24.71050167437101,24.33980525407477,24.371353149414062,242251.0,0.0,0.0,0.0,FABL.KA,
2024-03-11 00:00:00+05:00,24.45022664477848,24.52909864450426,24.197837449142607,24.410791397094727,298692.0,0.0,0.0,0.0,FABL.KA,
2024-03-12 00:00:00+05:00,24.450222345453426,24.450222345453426,23.38545429727982,23.59052085876465,790108.0,0.0,0.0,0.0,FABL.KA,
2024-03-13 00:00:00+05:00,23.85868795006339,24.095302435428174,22.478433275266333,22.864904403686523,610361.0,0.0,0.0,0.0,FABL.KA,
2024-03-14 00:00:00+05:00,22.75448476573805,23.448555033771292,22.75448476573805,23.125181198120117,400651.0,0.0,0.0,0.0,FABL.KA,
2024-03-15 00:00:00+05:00,23.3065828829385,23.62207083410252,22.89645125426975,23.464326858520508,205601.0,0.0,0.0,0.0,FABL.KA,
2024-03-18 00:00:00+05:00,23.58263534947627,24.095301041003513,23.58263534947627,23.740379333496094,694965.0,0.0,0.0,0.0,FABL.KA,
2024-03-19 00:00:00+05:00,23.85868717760068,24.174173649325418,23.779815183579952,24.11107635498047,478309.0,0.0,0.0,0.0,FABL.KA,
2024-03-20 00:00:00+05:00,24.442340172726126,24.45022752341797,23.90601236054737,24.363468170166016,455756.0,0.0,0.0,0.0,FABL.KA,
2024-03-21 00:00:00+05:00,24.363465532360262,24.64740410909161,23.89812242243196,24.11107635498047,1708734.0,0.0,0.0,0.0,FABL.KA,
2024-03-22 00:00:00+05:00,24.05586815050786,24.45022664477848,24.05586815050786,24.410791397094727,792233.0,0.0,0.0,0.0,FABL.KA,
2024-03-26 00:00:00+05:00,24.600084177846345,24.600084177846345,24.22149886642948,24.363468170166016,883590.0,0.0,0.0,0.0,FABL.KA,
2024-03-27 00:00:00+05:00,24.17417103329002,26.193285738185725,24.17417103329002,26.12230110168457,6218561.0,0.0,0.0,0.0,FABL.KA,
2024-03-28 00:00:00+05:00,26.098644286774498,27.131864585929872,25.75160990804395,26.808490753173828,4784189.0,0.0,0.0,0.0,FABL.KA,
2024-03-29 00:00:00+05:00,26.974118905310927,27.131862888946383,26.067093255944233,26.855810165405273,1466819.0,0.0,0.0,0.0,FABL.KA,
2024-04-01 00:00:00+05:00,27.013556482215545,28.37803649238804,26.81637723781981,28.023113250732422,3214407.0,0.0,0.0,0.0,FABL.KA,
2024-04-02 00:00:00+05:00,27.99944971246565,30.089550683220686,27.683961751655627,29.308719635009766,2311525.0,0.0,0.0,0.0,FABL.KA,
2024-04-03 00:00:00+05:00,29.939694268917027,30.5943307721772,28.86703875096361,29.221961975097656,1421319.0,0.0,0.0,0.0,FABL.KA,
2024-04-04 00:00:00+05:00,28.94591238811857,29.97912965709464,28.551553916914546,28.961687088012695,2751007.0,0.0,0.0,0.0,FABL.KA,
2024-04-08 00:00:00+05:00,28.590988119795696,29.576884261857618,28.117759175092477,29.237735748291016,1454506.0,0.0,0.0,0.0,FABL.KA,
2024-04-09 00:00:00+05:00,29.576885199231707,29.9712436685548,28.93013755023915,29.221961975097656,3704869.0,0.0,0.0,0.0,FABL.KA,
2024-04-15 00:00:00+05:00,29.174637779198456,30.523342878644087,29.166748925770474,30.128984451293945,4615062.0,0.0,0.0,0.0,FABL.KA,
2024-04-16 00:00:00+05:00,30.144767246175537,30.846724954006735,29.655760498640927,29.90814971923828,5993771.0,0.0,0.0,0.0,FABL.KA,
2024-04-17 00:00:00+05:00,29.734632974751346,32.13233349562172,29.576888965193632,30.957143783569336,12245648.0,0.0,0.0,0.0,FABL.KA,
2024-04-18 00:00:00+05:00,31.15432402778405,31.943041091778582,30.838835998699505,30.972919464111328,4947819.0,0.0,0.0,0.0,FABL.KA,
2024-04-19 00:00:00+05:00,31.00446829132864,33.299634784458334,30.44447689969714,33.204986572265625,13247136.0,0.0,0.0,0.0,FABL.KA,
2024-04-22 00:00:00+05:00,33.512582176619425,35.484374413191816,31.627546271134634,34.24608612060547,14356199.0,0.0,0.0,0.0,FABL.KA,
2024-04-23 00:00:00+05:00,34.62466947675145,34.62466947675145,31.864160616696147,32.17964553833008,9391712.0,0.0,0.0,0.0,FABL.KA,
2024-04-24 00:00:00+05:00,32.33739673394592,33.32329297583452,32.26641208418128,32.715980529785156,4382849.0,0.0,0.0,0.0,FABL.KA,
2024-04-25 00:00:00+05:00,32.73174954459456,34.45115253245367,30.673198067744764,31.13065528869629,13692025.0,0.0,0.0,0.0,FABL.KA,
2024-04-26 00:00:00+05:00,31.17009717404343,31.62755148379058,30.36560544788464,31.469810485839844,7721627.0,0.0,0.0,0.0,FABL.KA,
2024-04-29 00:00:00+05:00,31.74585347613579,31.74585347613579,30.649537526925915,31.091217041015625,5802341.0,0.0,0.0,0.0,FABL.KA,
2024-04-30 00:00:00+05:00,31.39093337541238,31.982471075986922,31.067559552780285,31.16220474243164,6933513.0,0.0,0.0,0.0,FABL.KA,
2024-05-02 00:00:00+05:00,31.233185285149084,31.943031636104447,29.458572416476613,30.10531997680664,14058308.0,0.0,0.0,0.0,FABL.KA,
2024-05-03 00:00:00+05:00,30.47602247321788,30.957140294216895,29.97124410650298,30.07377815246582,4591548.0,0.0,0.0,0.0,FABL.KA,
2024-05-06 00:00:00+05:00,30.349823796663017,30.349823796663017,29.576881650573934,29.987014770507812,3376623.0,0.0,0.0,0.0,FABL.KA,
2024-05-07 00:00:00+05:00,29.970820520521176,30.375831608636325,29.687313994836323,29.816917419433594,1618264.0,1.0,0.0,0.0,FABL.KA,
2024-05-08 00:00:00+05:00,29.970817826381385,29.970817826381385,29.549605961806524,29.727811813354492,2149104.0,0.0,0.0,0.0,FABL.KA,
2024-05-09 00:00:00+05:00,29.768309734537933,30.124718316922817,29.3632987177415,29.938413619995117,1891336.0,0.0,0.0,0.0,FABL.KA,
2024-05-10 00:00:00+05:00,29.954617429051392,30.367730437918098,29.727812225745215,29.76021385192871,1510223.0,0.0,0.0,0.0,FABL.KA,
2024-05-13 00:00:00+05:00,29.865513142589432,31.79336655290519,29.565805839007375,31.38025665283203,4575841.0,0.0,0.0,0.0,FABL.KA,
2024-05-14 00:00:00+05:00,31.67186982878941,32.554794235269206,31.509867845206877,31.74477195739746,2387840.0,0.0,0.0,0.0,FABL.KA,
2024-05-15 00:00:00+05:00,31.995872338759145,32.88689539574164,31.566561622757096,31.7204647064209,3349299.0,0.0,0.0,0.0,FABL.KA,
2024-05-16 00:00:00+05:00,31.987771521666584,32.10927297292298,31.388353856172962,31.97966957092285,1616253.0,0.0,0.0,0.0,FABL.KA,
2024-05-17 00:00:00+05:00,31.914871418819338,32.352280996791244,31.582762487216925,31.696165084838867,983251.0,0.0,0.0,0.0,FABL.KA,
2024-05-20 00:00:00+05:00,31.582759783176567,32.23887563895387,31.22634811832097,31.37215232849121,1464418.0,0.0,0.0,0.0,FABL.KA,
2024-05-21 00:00:00+05:00,31.582759340854423,31.91486823937122,31.18584719873009,31.598957061767578,2406624.0,0.0,0.0,0.0,FABL.KA,
2024-05-22 00:00:00+05:00,31.752865121302072,31.80146446692851,31.185849065745284,31.250652313232422,1229080.0,0.0,0.0,0.0,FABL.KA,
2024-05-23 00:00:00+05:00,31.05624531812414,31.631360228277266,30.9752443496478,31.54225730895996,494319.0,0.0,0.0,0.0,FABL.KA,
2024-05-24 00:00:00+05:00,31.274954345393727,32.61148898075902,31.26685239385218,31.841970443725586,3795294.0,0.0,0.0,0.0,FABL.KA,
2024-05-27 00:00:00+05:00,32.00396663091689,34.385433197021484,31.3478508137155,34.385433197021484,10638579.0,0.0,0.0,0.0,FABL.KA,
2024-05-28 00:00:00+05:00,34.385433197021484,34.385433197021484,34.385433197021484,34.385433197021484,0.0,0.0,0.0,0.0,FABL.KA,
2024-05-29 00:00:00+05:00,36.77499737093179,37.13950477252518,34.91194443395524,35.27645492553711,14492357.0,0.0,0.0,0.0,FABL.KA,
2024-05-30 00:00:00+05:00,35.31695842865926,36.02167980272294,33.97232201456783,34.08572769165039,3491630.0,0.0,0.0,0.0,FABL.KA,
2024-05-31 00:00:00+05:00,35.55997313229671,36.81550682954412,34.26393585611452,35.38176727294922,16760025.0,0.0,0.0,0.0,FABL.KA,
2024-06-03 00:00:00+05:00,35.63287063357542,35.640969494319954,34.30443190228742,34.798545837402344,3080623.0,0.0,0.0,0.0,FABL.KA,
2024-06-04 00:00:00+05:00,34.336834782721056,35.11445522220497,34.18293170302808,34.40163803100586,3584561.0,0.0,0.0,0.0,FABL.KA,
2024-06-05 00:00:00+05:00,34.40164012650306,35.28456435323661,34.02092874461207,35.2359619140625,6858615.0,0.0,0.0,0.0,FABL.KA,
2024-06-06 00:00:00+05:00,35.23596298722482,36.61300123920616,35.073957941699504,35.40606689453125,5544566.0,0.0,0.0,0.0,FABL.KA,
2024-06-07 00:00:00+05:00,35.27646432819116,35.39796888776733,33.80222424928091,35.00105667114258,3009416.0,0.0,0.0,0.0,FABL.KA,
2024-06-10 00:00:00+05:00,34.98485626534553,34.98485626534553,33.89942643843097,34.474544525146484,1463073.0,0.0,0.0,0.0,FABL.KA,
2024-06-11 00:00:00+05:00,34.42593873209425,34.62844425404774,33.61591664428027,34.0128288269043,1499851.0,0.0,0.0,0.0,FABL.KA,
2024-06-12 00:00:00+05:00,33.89942533076875,34.83095202797781,33.89942533076875,34.328739166259766,721959.0,0.0,0.0,0.0,FABL.KA,
2024-06-13 00:00:00+05:00,34.579840444661606,36.045981477841735,34.34493639690545,35.8920783996582,3442523.0,0.0,0.0,0.0,FABL.KA,
2024-06-14 00:00:00+05:00,35.721971729560046,37.26101488470655,35.478965728744534,35.973079681396484,3961982.0,0.0,0.0,0.0,FABL.KA,
2024-06-20 00:00:00+05:00,36.450996313330904,39.026866966672095,36.045985243182784,39.002567291259766,10139069.0,0.0,0.0,0.0,FABL.KA,
2024-06-21 00:00:00+05:00,39.367070563620636,40.290498300189974,37.479720785783066,37.98193359375,7240013.0,0.0,0.0,0.0,FABL.KA,
2024-06-24 00:00:00+05:00,38.435544876141954,38.435544876141954,36.85600134342595,37.12331008911133,1339624.0,0.0,0.0,0.0,FABL.KA,
2024-06-25 00:00:00+05:00,36.81550153667638,37.34201399725166,36.62109489170214,37.26101303100586,521925.0,0.0,0.0,0.0,FABL.KA,
2024-06-26 00:00:00+05:00,37.24481045698575,38.07103325154124,36.61299429820335,37.56071853637695,3711251.0,0.0,0.0,0.0,FABL.KA,
2024-06-27 00:00:00+05:00,38.07103646536547,39.691080570274636,37.463519926024524,38.97016143798828,8965112.0,0.0,0.0,0.0,FABL.KA,
2024-06-28 00:00:00+05:00,41.20581997598463,42.47755432128906,39.772080605994084,42.47755432128906,13059191.0,0.0,0.0,0.0,FABL.KA,
2024-07-01 00:00:00+05:00,42.72866723220643,46.30086469143209,42.566662188683644,44.12190628051758,13622199.0,0.0,0.0,0.0,FABL.KA,
2024-07-02 00:00:00+05:00,44.227203134117296,46.57626833848883,44.1462021643068,44.705116271972656,8044497.0,0.0,0.0,0.0,FABL.KA,
2024-07-03 00:00:00+05:00,44.75371785808929,45.28023342182706,43.17417425686483,43.562984466552734,5359067.0,0.0,0.0,0.0,FABL.KA,
2024-07-04 00:00:00+05:00,43.82219619972872,46.08215869448087,43.25518317809704,45.790550231933594,11417832.0,0.0,0.0,0.0,FABL.KA,
2024-07-05 00:00:00+05:00,46.57626509845408,47.062277063485936,45.77434195716392,46.325157165527344,9181268.0,0.0,0.0,0.0,FABL.KA,
2024-07-08 00:00:00+05:00,46.62487181326988,46.95698074087529,44.956225224087866,45.280235290527344,3730273.0,0.0,0.0,0.0,FABL.KA,
2024-07-09 00:00:00+05:00,45.36123485851635,46.57626793508375,44.95622383299388,45.14252853393555,5658607.0,0.0,0.0,0.0,FABL.KA,
2024-07-10 00:00:00+05:00,45.685248896680534,45.685248896680534,44.34871115997334,44.62411880493164,2522929.0,0.0,0.0,0.0,FABL.KA,
2024-07-11 00:00:00+05:00,44.67272150428219,45.76625013886107,44.551216949333785,44.61602020263672,3730181.0,0.0,0.0,0.0,FABL.KA,
2024-07-12 00:00:00+05:00,44.55121306396379,45.76624614752644,42.20214786641377,44.170501708984375,6203168.0,0.0,0.0,0.0,FABL.KA,
2024-07-15 00:00:00+05:00,44.55121406446701,45.15873061989156,42.16164832846598,42.72866439819336,6928353.0,0.0,0.0,0.0,FABL.KA,
2024-07-16 00:00:00+05:00,42.72866439819336,42.72866439819336,42.72866439819336,42.72866439819336,0.0,0.0,0.0,0.0,FABL.KA,
2024-07-17 00:00:00+05:00,42.72866439819336,42.72866439819336,42.72866439819336,42.72866439819336,0.0,0.0,0.0,0.0,FABL.KA,
2024-07-18 00:00:00+05:00,43.13367575887344,44.14620335884699,42.28315319289345,43.27947998046875,7009797.0,0.0,0.0,0.0,FABL.KA,
2024-07-19 00:00:00+05:00,43.41718065152411,43.74119070757579,40.70360801954969,41.55413055419922,3989860.0,0.0,0.0,0.0,FABL.KA,
2024-07-22 00:00:00+05:00,40.71981259109109,41.311128371492174,39.08356752793132,39.47237777709961,3079065.0,0.0,0.0,0.0,FABL.KA,
2024-07-23 00:00:00+05:00,39.610081267711614,40.50110432690797,37.47972231491932,38.16014099121094,5806771.0,0.0,0.0,0.0,FABL.KA,
2024-07-24 00:00:00+05:00,38.47604771809884,41.918641461297156,38.395046748372096,41.61083221435547,7668429.0,0.0,0.0,0.0,FABL.KA,
2024-07-25 00:00:00+05:00,41.91054101767113,44.146200451587646,41.39212432503436,41.92673873901367,9209700.0,0.0,0.0,0.0,FABL.KA,
2024-07-26 00:00:00+05:00,42.769162491297735,42.769162491297735,40.914211304240446,41.87813949584961,3078466.0,0.0,0.0,0.0,FABL.KA,
2024-07-29 00:00:00+05:00,42.113051821082934,43.036476553191605,41.32732936762697,41.570335388183594,2913766.0,0.0,0.0,0.0,FABL.KA,
2024-07-30 00:00:00+05:00,41.756635577157745,41.756635577157745,40.20949360312884,40.46870040893555,2587604.0,0.0,0.0,0.0,FABL.KA,
2024-07-31 00:00:00+05:00,40.46870365729864,41.562235353936416,40.20139796922437,40.39580154418945,1455911.0,0.0,0.0,0.0,FABL.KA,
2024-08-01 00:00:00+05:00,40.50110698036535,41.18962456303587,39.4480788168737,39.58578109741211,1850813.0,0.0,0.0,0.0,FABL.KA,
2024-08-02 00:00:00+05:00,39.69108328647292,40.81701352203787,39.69108328647292,39.87738800048828,1713702.0,0.0,0.0,0.0,FABL.KA,
2024-08-05 00:00:00+05:00,39.87738956206902,40.24999900469096,38.5165521203296,39.58578109741211,2325807.0,0.0,0.0,0.0,FABL.KA,
2024-08-06 00:00:00+05:00,39.30227407747939,40.0960953932542,39.21317114887389,39.48857879638672,1275716.0,0.0,0.0,0.0,FABL.KA,
2024-08-07 00:00:00+05:00,40.420098068955554,40.420098068955554,39.09976137534741,40.03938674926758,1540062.0,0.0,0.0,0.0,FABL.KA,
2024-08-08 00:00:00+05:00,40.08799090768204,40.49300191544206,39.30226856383119,39.763980865478516,1959563.0,0.0,0.0,0.0,FABL.KA,
2024-08-09 00:00:00+05:00,39.80448568114169,40.37960063316729,39.62627982953243,39.86118698120117,1113717.0,0.0,0.0,0.0,FABL.KA,
2024-08-12 00:00:00+05:00,40.0960959105617,40.46060649138283,39.2941726327552,39.58578109741211,1006447.0,0.0,0.0,0.0,FABL.KA,
2024-08-13 00:00:00+05:00,39.253664819584614,39.48857193783775,38.88915430677607,39.083560943603516,515099.0,0.0,0.0,0.0,FABL.KA,
2024-08-15 00:00:00+05:00,39.52907245464673,39.52907245464673,38.47604448669287,38.565147399902344,1194126.0,0.0,0.0,0.0,FABL.KA,
2024-08-16 00:00:00+05:00,38.6380600287882,38.80006508876007,37.82803781891839,37.90093994140625,1301674.0,0.0,0.0,0.0,FABL.KA,
2024-08-19 00:00:00+05:00,38.08723482235059,39.03495907944345,37.674121871831616,38.662349700927734,853506.0,0.0,0.0,0.0,FABL.KA,
2024-08-20 00:00:00+05:00,38.97016652684721,39.52908070362981,38.47605251592857,39.156471252441406,2043066.0,0.0,0.0,0.0,FABL.KA,
2024-08-21 00:00:00+05:00,39.25366495619016,40.70360506219188,39.12406156118372,40.13658905029297,3563055.0,0.0,0.0,0.0,FABL.KA,
2024-08-22 00:00:00+05:00,40.21760046749849,40.33910193444604,39.49667816765702,39.58578109741211,773142.0,0.0,0.0,0.0,FABL.KA,
2024-08-23 00:00:00+05:00,39.6505800612587,40.298597084825964,39.294168380805026,39.46427536010742,938175.0,0.0,0.0,0.0,FABL.KA,
2024-08-26 00:00:00+05:00,39.97459068344168,39.97459068344168,38.51655147459074,39.44807815551758,1294382.0,0.0,0.0,0.0,FABL.KA,
2024-08-27 00:00:00+05:00,38.96206007770136,39.691081171957386,38.96206007770136,39.626277923583984,540662.0,0.0,0.0,0.0,FABL.KA,
2024-08-28 00:00:00+05:00,39.85308414193182,41.30302430442023,39.28606810794313,40.314796447753906,10899708.0,0.0,0.0,0.0,FABL.KA,
2024-08-29 00:00:00+05:00,40.501106002896606,40.97901917733036,40.25809998487706,40.50920486450195,4012390.0,0.0,0.0,0.0,FABL.KA,
2024-08-30 00:00:00+05:00,40.74411093325038,41.10862149554366,40.258098910185396,40.3390998840332,2821940.0,0.0,0.0,0.0,FABL.KA,
2024-09-02 00:00:00+05:00,40.322900736554374,40.82511668311675,39.561481044976404,39.99889373779297,1245931.0,0.0,0.0,0.0,FABL.KA,
2024-09-03 00:00:00+05:00,39.73158136779764,40.53350456563818,39.73158136779764,40.01509094238281,1034569.0,0.0,0.0,0.0,FABL.KA,
2024-09-04 00:00:00+05:00,40.16089914123304,40.395803213188756,39.974591330042735,40.05559539794922,742269.0,0.0,0.0,0.0,FABL.KA,
2024-09-05 00:00:00+05:00,40.37960067204027,42.72866601101092,40.1041930329195,41.3597297668457,7614513.0,0.0,0.0,0.0,FABL.KA,
2024-09-06 00:00:00+05:00,41.570493186208225,41.73067035913511,39.201538822217834,40.0277214050293,3475245.0,2.0,0.0,0.0,FABL.KA,
2024-09-09 00:00:00+05:00,40.46610337588667,40.67686433096941,40.04458146572118,40.09516525268555,377479.0,0.0,0.0,0.0,FABL.KA,
2024-09-10 00:00:00+05:00,40.17103317326564,40.25533625600558,39.62305348758664,40.0108528137207,626542.0,0.0,0.0,0.0,FABL.KA,
2024-09-11 00:00:00+05:00,40.04458236694336,40.803323108699836,39.79166985834354,40.04458236694336,1420249.0,0.0,0.0,0.0,FABL.KA,
2024-09-12 00:00:00+05:00,40.044579913160874,40.29749240626316,39.61462899648268,39.63991928100586,741357.0,0.0,0.0,0.0,FABL.KA,
2024-09-13 00:00:00+05:00,39.69050126242007,40.46609996815041,38.90647031826062,39.01606369018555,1871038.0,0.0,0.0,0.0,FABL.KA,
2024-09-16 00:00:00+05:00,39.04136181528535,39.62306091350502,38.69571396574199,39.15095520019531,538284.0,0.0,0.0,0.0,FABL.KA,
2024-09-17 00:00:00+05:00,39.15095520019531,39.15095520019531,39.15095520019531,39.15095520019531,0.0,0.0,0.0,0.0,FABL.KA,
2024-09-18 00:00:00+05:00,39.538758201985836,39.538758201985836,38.232037650133066,38.44279861450195,1323500.0,0.0,0.0,0.0,FABL.KA,
2024-09-19 00:00:00+05:00,38.61140574823724,39.56404615137579,38.44279634351124,38.898040771484375,2004345.0,0.0,0.0,0.0,FABL.KA,
2024-09-20 00:00:00+05:00,39.2436896203532,40.46610381632956,37.768362918716186,39.80009841918945,2298965.0,0.0,0.0,0.0,FABL.KA,
2024-09-23 00:00:00+05:00,40.42394881162429,40.42394881162429,39.344850615272286,39.538753509521484,804084.0,0.0,0.0,0.0,FABL.KA,
2024-09-24 00:00:00+05:00,39.53875282740091,39.968703721248204,38.23203245317336,39.03292465209961,781543.0,0.0,0.0,0.0,FABL.KA,
2024-09-25 00:00:00+05:00,39.61462578060823,39.833815732581435,39.03292355614246,39.60619354248047,2079659.0,0.0,0.0,0.0,FABL.KA,
2024-09-26 00:00:00+05:00,40.25534151226584,40.25534151226584,39.45444925783566,39.51346206665039,818515.0,0.0,0.0,0.0,FABL.KA,
2024-09-27 00:00:00+05:00,39.44602179637654,39.597769943895,38.69571329806694,38.77158737182617,1788691.0,0.0,0.0,0.0,FABL.KA,
2024-09-30 00:00:00+05:00,39.15938650604016,39.53875687233773,38.35849422518016,38.69571304321289,806468.0,0.0,0.0,0.0,FABL.KA,
2024-10-01 00:00:00+05:00,38.69571066350765,38.780013754852874,37.90324745465266,38.1055793762207,1394781.0,0.0,0.0,0.0,FABL.KA,
2024-10-02 00:00:00+05:00,37.928538378981116,38.20674113429221,37.09392368113469,37.945396423339844,1816794.0,0.0,0.0,0.0,FABL.KA,
2024-10-03 00:00:00+05:00,37.93697142868899,38.18145490528131,37.346840118829114,37.51544952392578,592482.0,0.0,0.0,0.0,FABL.KA,
2024-10-04 00:00:00+05:00,37.38898750169902,38.14772813214643,37.38898750169902,37.717777252197266,929524.0,0.0,0.0,0.0,FABL.KA,
2024-10-07 00:00:00+05:00,37.810511414707825,39.59776650447341,37.093925503856916,39.075077056884766,1060704.0,0.0,0.0,0.0,FABL.KA,
2024-10-08 00:00:00+05:00,39.4544491402722,40.592560198215466,39.20153664382599,40.390228271484375,1363821.0,0.0,0.0,0.0,FABL.KA,
2024-10-09 00:00:00+05:00,40.390228271484375,40.390228271484375,40.390228271484375,40.390228271484375,0.0,0.0,0.0,0.0,FABL.KA,
2024-10-10 00:00:00+05:00,42.236494258050804,43.1638443931914,41.90770768153947,42.152191162109375,3020661.0,0.0,0.0,0.0,FABL.KA,
2024-10-11 00:00:00+05:00,42.1521885062856,42.46411380076422,40.88762285109703,42.1774787902832,1085086.0,0.0,0.0,0.0,FABL.KA,
2024-10-14 00:00:00+05:00,42.3545254702728,43.41675933211505,42.15219352632529,42.64958953857422,2183779.0,0.0,0.0,0.0,FABL.KA,
2024-10-15 00:00:00+05:00,42.86877609102731,44.17549655828614,42.85191804501139,43.6781005859375,3767319.0,0.0,0.0,0.0,FABL.KA,
2024-10-16 00:00:00+05:00,44.09962010835373,44.63916759854908,43.63594346900768,43.686527252197266,2066806.0,0.0,0.0,0.0,FABL.KA,
2024-10-17 00:00:00+05:00,43.75397728926552,43.92258348722387,42.57371460781456,42.60743713378906,1093109.0,0.0,0.0,0.0,FABL.KA,
2024-10-18 00:00:00+05:00,42.60742973888341,43.33244784171636,42.152185365110654,42.776039123535156,580058.0,0.0,0.0,0.0,FABL.KA,
2024-10-21 00:00:00+05:00,42.66644222511464,44.55485831454964,42.66644222511464,43.63594055175781,3548081.0,0.0,0.0,0.0,FABL.KA,
2024-10-22 00:00:00+05:00,44.251371408414194,44.428409838310806,43.678101355071576,43.905723571777344,1405937.0,0.0,0.0,0.0,FABL.KA,
2024-10-23 00:00:00+05:00,44.24293916930086,44.24293916930086,43.753975427306834,43.905723571777344,914855.0,0.0,0.0,0.0,FABL.KA,
2024-10-24 00:00:00+05:00,44.04903415007039,45.10283879480892,42.2364888747375,43.17226791381836,6411720.0,0.0,0.0,0.0,FABL.KA,
2024-10-25 00:00:00+05:00,42.995232119825786,43.66966649027876,42.32079774937281,42.54841995239258,2808129.0,0.0,0.0,0.0,FABL.KA,
2024-10-28 00:00:00+05:00,42.48940997778904,42.86034810227109,41.983581754269544,42.152191162109375,1383035.0,0.0,0.0,0.0,FABL.KA,
2024-10-29 00:00:00+05:00,42.15218980694084,43.3746039545335,42.025731951137274,43.15541076660156,1685557.0,0.0,0.0,0.0,FABL.KA,
2024-10-30 00:00:00+05:00,43.38303606152774,44.25980244367015,42.152192803495375,43.467342376708984,1720112.0,0.0,0.0,0.0,FABL.KA,
2024-10-31 00:00:00+05:00,43.467335009330974,43.880424627853756,42.582136537726214,42.759178161621094,836984.0,0.0,0.0,0.0,FABL.KA,
2024-11-01 00:00:00+05:00,43.248147489132826,43.248147489132826,42.0763170893793,42.152191162109375,2857964.0,0.0,0.0,0.0,FABL.KA,
2024-11-04 00:00:00+05:00,43.003918508639806,43.2211978078844,41.71762545496209,42.24778747558594,2753202.0,1.5,0.0,0.0,FABL.KA,
2024-11-05 00:00:00+05:00,42.152193470989616,42.32601761230445,40.94412082775212,41.34391403198242,1973059.0,0.0,0.0,0.0,FABL.KA,
2024-11-06 00:00:00+05:00,41.71762811563537,41.93490742873764,41.23961428989422,41.53511428833008,2540142.0,0.0,0.0,0.0,FABL.KA,
2024-11-07 00:00:00+05:00,41.717626645759424,41.89145075320057,41.543802538318275,41.674171447753906,328405.0,0.0,0.0,0.0,FABL.KA,
2024-11-08 00:00:00+05:00,41.91752637644746,41.91752637644746,41.28307115445044,41.66548156738281,928873.0,0.0,0.0,0.0,FABL.KA,
2024-11-11 00:00:00+05:00,41.891456667906894,42.06528079989049,40.109766774769085,40.431339263916016,4495121.0,0.0,0.0,0.0,FABL.KA,
2024-11-12 00:00:00+05:00,40.77897920566338,40.77897920566338,40.153217048940256,40.49217224121094,847118.0,0.0,0.0,0.0,FABL.KA,
2024-11-13 00:00:00+05:00,40.54431978335864,40.761599089131366,40.28358196409609,40.38787841796875,893510.0,0.0,0.0,0.0,FABL.KA,
2024-11-14 00:00:00+05:00,40.41395244206458,42.30862832716265,40.38787998529417,41.80453872680664,2850121.0,0.0,0.0,0.0,FABL.KA,
2024-11-15 00:00:00+05:00,42.369467499872435,42.97785026039036,42.047895033831836,42.16957092285156,3199430.0,0.0,0.0,0.0,FABL.KA,
2024-11-18 00:00:00+05:00,42.508525168309596,42.934394085639425,42.17825968030396,42.404232025146484,1224249.0,0.0,0.0,0.0,FABL.KA,
2024-11-19 00:00:00+05:00,42.586745216555144,43.273348639216536,42.20433482040637,42.560672760009766,2998012.0,0.0,0.0,0.0,FABL.KA,
2024-11-20 00:00:00+05:00,42.847482154765835,42.847482154765835,41.717630329752254,41.92621994018555,1091298.0,0.0,0.0,0.0,FABL.KA,
2024-11-21 00:00:00+05:00,41.71763216819023,42.369470170818204,41.117942399323525,42.230411529541016,1033879.0,0.0,0.0,0.0,FABL.KA,
2024-11-22 00:00:00+05:00,42.33470041355035,46.445624604485864,42.33470041355035,45.30708312988281,13485329.0,0.0,0.0,0.0,FABL.KA,
2024-11-25 00:00:00+05:00,45.30708747184603,47.01924636239724,45.19410129030281,45.66342544555664,4998852.0,0.0,0.0,0.0,FABL.KA,
2024-11-26 00:00:00+05:00,45.66342096818074,49.10512447173824,41.100555419921875,41.100555419921875,24439189.0,0.0,0.0,0.0,FABL.KA,
2024-11-27 00:00:00+05:00,38.719170100132175,40.935418268612935,38.2411563093491,39.327552795410156,19323125.0,0.0,0.0,0.0,FABL.KA,
2024-11-28 00:00:00+05:00,39.79687981302812,41.10924540635471,39.45792461480426,40.761600494384766,8807225.0,0.0,0.0,0.0,FABL.KA,
2024-11-29 00:00:00+05:00,40.8485119710709,41.456894727340924,40.58777745136069,41.30914306640625,3371117.0,0.0,0.0,0.0,FABL.KA,
2024-12-02 00:00:00+05:00,41.36128778435817,42.43030154518916,40.84850850245527,41.90883255004883,5134943.0,0.0,0.0,0.0,FABL.KA,
2024-12-03 00:00:00+05:00,41.978360248916346,42.15218435262955,41.239611952409,41.396053314208984,3118686.0,0.0,0.0,0.0,FABL.KA,
2024-12-04 00:00:00+05:00,41.543801647342846,41.71762575105605,41.02233265162225,41.396053314208984,2037343.0,0.0,0.0,0.0,FABL.KA,
2024-12-05 00:00:00+05:00,41.54380066307222,43.195124636095365,41.45689027098423,42.75187301635742,6559017.0,0.0,0.0,0.0,FABL.KA,
2024-12-06 00:00:00+05:00,42.93439070908464,44.08162513991287,42.59543221847809,43.012611389160156,2901147.0,0.0,0.0,0.0,FABL.KA,
2024-12-09 00:00:00+05:00,43.021302999255994,43.021302999255994,39.110275453869086,42.54328918457031,6486927.0,0.0,0.0,0.0,FABL.KA,
2024-12-10 00:00:00+05:00,42.67365751214006,43.2820402767884,41.54380570088992,41.83061599731445,3439679.0,0.0,0.0,0.0,FABL.KA,
2024-12-11 00:00:00+05:00,42.15218866686801,42.412923191414244,41.76108522233897,42.100040435791016,1682051.0,0.0,0.0,0.0,FABL.KA,
2024-12-12 00:00:00+05:00,42.49114215539394,42.49114215539394,41.58725941260199,41.80453872680664,2816629.0,0.0,0.0,0.0,FABL.KA,
2024-12-13 00:00:00+05:00,41.50034904763467,42.06527659120472,40.70076276209718,41.03102493286133,3051425.0,0.0,0.0,0.0,FABL.KA,
2024-12-16 00:00:00+05:00,40.935420989990234,41.71762783812271,40.422641681863205,40.935420989990234,3284719.0,0.0,0.0,0.0,FABL.KA,
2024-12-17 00:00:00+05:00,41.256998749523326,43.61230580585716,40.90066079382492,43.290733337402344,7864132.0,0.0,0.0,0.0,FABL.KA,
2024-12-18 00:00:00+05:00,43.55146435963403,43.647067784158324,41.63071610200276,41.76108169555664,3296125.0,0.0,0.0,0.0,FABL.KA,
2024-12-19 00:00:00+05:00,41.7263146244341,42.1521835041886,38.67571476157511,39.41446304321289,4125594.0,0.0,0.0,0.0,FABL.KA,
2024-12-20 00:00:00+05:00,39.54483177771575,40.84850755060747,39.414462874259,40.69206619262695,940485.0,0.0,0.0,0.0,FABL.KA,
2024-12-23 00:00:00+05:00,41.54380228073558,42.84747810533242,40.85719888408066,42.013126373291016,1943698.0,0.0,0.0,0.0,FABL.KA,
2024-12-24 00:00:00+05:00,42.01313108581993,42.152189723424755,41.02233787845808,41.09186553955078,1404123.0,0.0,0.0,0.0,FABL.KA,
2024-12-26 00:00:00+05:00,41.28307453238472,41.45689866718394,39.979398494519934,40.274898529052734,1091270.0,0.0,0.0,0.0,FABL.KA,
2024-12-27 00:00:00+05:00,40.75291115660337,41.50035259239957,40.45741113118207,41.274383544921875,1337525.0,0.0,0.0,0.0,FABL.KA,
2024-12-30 00:00:00+05:00,41.28306900402678,42.74318623613958,40.87458283926333,42.473758697509766,3101613.0,0.0,0.0,0.0,FABL.KA,
2024-12-31 00:00:00+05:00,42.60412788144605,42.7605692512705,41.717627890913825,42.134803771972656,1331807.0,0.0,0.0,0.0,FABL.KA,
2025-01-01 00:00:00+05:00,42.134803771972656,42.134803771972656,42.134803771972656,42.134803771972656,0.0,0.0,0.0,0.0,FABL.KA,
2025-01-02 00:00:00+05:00,42.934399120784306,43.36895780291605,42.15219216677931,42.34339904785156,1160676.0,0.0,0.0,0.0,FABL.KA,
2025-01-03 00:00:00+05:00,42.36077911230959,42.58674815393367,41.456896314974415,42.11742401123047,1052800.0,0.0,0.0,0.0,FABL.KA,
2025-01-06 00:00:00+05:00,42.1521876670309,42.75187739080473,41.63071863030751,42.07396697998047,1639339.0,0.0,0.0,0.0,FABL.KA,
2025-01-07 00:00:00+05:00,42.073964256502045,42.4737573798057,40.42264022140392,41.75239181518555,1288829.0,0.0,0.0,0.0,FABL.KA,
2025-01-08 00:00:00+05:00,42.12611453399913,42.152186990791236,40.80505590468485,41.03102493286133,779842.0,0.0,0.0,0.0,FABL.KA,
2025-01-09 00:00:00+05:00,41.28306867651083,41.50034798533457,40.422641154784394,40.74421691894531,800815.0,0.0,0.0,0.0,FABL.KA,
2025-01-10 00:00:00+05:00,40.74422033095466,41.84799971006244,40.50086523020797,41.59595489501953,1236990.0,0.0,0.0,0.0,FABL.KA,
2025-01-13 00:00:00+05:00,41.5959535944812,43.10821580661748,41.54380536407607,42.943084716796875,2122227.0,0.0,0.0,0.0,FABL.KA,
2025-01-14 00:00:00+05:00,43.02130531311035,44.2380708299519,43.02130531311035,43.45586395263672,4539669.0,0.0,0.0,0.0,FABL.KA,
2025-01-15 00:00:00+05:00,43.58623541575144,44.31629410540212,43.508014723452455,44.029483795166016,2508961.0,0.0,0.0,0.0,FABL.KA,
2025-01-16 00:00:00+05:00,44.06424671105749,44.1163916259323,43.1082157148479,43.45586395263672,1822859.0,0.0,0.0,0.0,FABL.KA,
2025-01-17 00:00:00+05:00,43.45586488671129,43.490630374321306,42.58674758897706,42.96046829223633,1232645.0,0.0,0.0,0.0,FABL.KA,
2025-01-20 00:00:00+05:00,43.01261805125702,43.75136645440023,43.01261805125702,43.34288024902344,1655397.0,0.0,0.0,0.0,FABL.KA,
2025-01-21 00:00:00+05:00,43.45586165445568,43.89042027100024,43.24727205972987,43.577537536621094,1127965.0,0.0,0.0,0.0,FABL.KA,
2025-01-22 00:00:00+05:00,43.71659787229304,44.03817033280446,43.45586335524542,43.87303924560547,1686825.0,0.0,0.0,0.0,FABL.KA,
2025-01-23 00:00:00+05:00,44.30759999454914,44.30759999454914,43.28204130516825,43.31680679321289,1171223.0,0.0,0.0,0.0,FABL.KA,
2025-01-24 00:00:00+05:00,43.46455350021114,43.716598305871955,43.09083612183524,43.447174072265625,685115.0,0.0,0.0,0.0,FABL.KA,
2025-01-27 00:00:00+05:00,43.11691005423262,43.673144599258556,43.11691005423262,43.403717041015625,610826.0,0.0,0.0,0.0,FABL.KA,
2025-01-28 00:00:00+05:00,43.325492587631814,43.438478755844734,42.58674426832846,42.79533386230469,378862.0,0.0,0.0,0.0,FABL.KA,
2025-01-29 00:00:00+05:00,42.80402305744912,43.45586097202956,42.58674375258897,42.699729919433594,332398.0,0.0,0.0,0.0,FABL.KA,
2025-01-30 00:00:00+05:00,43.27334783120756,43.881730557453764,42.786640987126766,43.577537536621094,470096.0,0.0,0.0,0.0,FABL.KA,
2025-01-31 00:00:00+05:00,43.89041827674029,44.80299066693525,43.48193213481478,43.62099075317383,1898548.0,0.0,0.0,0.0,FABL.KA,
2025-02-03 00:00:00+05:00,43.638374735726465,44.41188852955677,43.499316113413364,43.98602294921875,1733798.0,0.0,0.0,0.0,FABL.KA,
2025-02-04 00:00:00+05:00,43.94256901848872,44.2380690138523,43.54277256681858,43.67314147949219,662967.0,0.0,0.0,0.0,FABL.KA,
2025-02-06 00:00:00+05:00,43.6731446486253,43.6731446486253,42.15218936235477,42.369468688964844,1011895.0,0.0,0.0,0.0,FABL.KA,
2025-02-07 00:00:00+05:00,42.54329232327944,43.012616459051706,41.93490955269532,42.43899917602539,509546.0,0.0,0.0,0.0,FABL.KA,
2025-02-10 00:00:00+05:00,42.57805590919397,43.34287670879065,41.969673165781764,43.00392150878906,545087.0,0.0,0.0,0.0,FABL.KA,
2025-02-11 00:00:00+05:00,43.02130376742909,43.455862391342514,42.93439336881408,43.07345199584961,352063.0,0.0,0.0,0.0,FABL.KA,
2025-02-12 00:00:00+05:00,43.42978874108192,43.42978874108192,42.81271299236791,42.969154357910156,348558.0,0.0,0.0,0.0,FABL.KA,
2025-02-13 00:00:00+05:00,43.23858686805035,43.44717648459034,42.43030749151454,42.647586822509766,968386.0,0.0,0.0,0.0,FABL.KA,
2025-02-14 00:00:00+05:00,43.02130469642856,43.36025989993333,42.37815646036414,42.67365646362305,739903.0,0.0,0.0,0.0,FABL.KA,
2025-02-17 00:00:00+05:00,42.93439878885106,43.23858853782369,42.160881555684256,42.4216194152832,1434149.0,0.0,0.0,0.0,FABL.KA,
2025-02-18 00:00:00+05:00,42.43030945811006,42.8648681402418,41.81323692518369,42.34339904785156,357321.0,0.0,0.0,0.0,FABL.KA,
2025-02-19 00:00:00+05:00,42.5867498338837,42.67366024207074,42.108735958015856,42.152191162109375,407950.0,0.0,0.0,0.0,FABL.KA,
2025-02-20 00:00:00+05:00,42.58674897509106,46.36740801712013,42.54329377187384,45.57651138305664,11469846.0,0.0,0.0,0.0,FABL.KA,
2025-02-21 00:00:00+05:00,45.967611553956324,45.976304583229485,44.690008115179424,44.898597717285156,2321894.0,0.0,0.0,0.0,FABL.KA,
2025-02-24 00:00:00+05:00,44.93336127359383,45.61996467823644,44.238068155470536,45.20278549194336,1943112.0,0.0,0.0,0.0,FABL.KA,
2025-02-25 00:00:00+05:00,45.454833785003416,45.515671730312235,44.33367168073618,45.18540954589844,1804111.0,0.0,0.0,0.0,FABL.KA,
2025-02-26 00:00:00+05:00,44.82037654707017,45.289700660177104,44.5857144905167,44.9681282043457,1226131.0,0.0,0.0,0.0,FABL.KA,
2025-02-27 00:00:00+05:00,45.237549244704915,45.28100444128278,44.59440437834697,44.907283782958984,349408.0,0.0,0.0,0.0,FABL.KA,
2025-02-28 00:00:00+05:00,44.97681820810041,45.09849409404172,44.33366997687161,44.72477340698242,348768.0,0.0,0.0,0.0,FABL.KA,
2025-03-03 00:00:00+05:00,45.01158531151414,45.020275025642505,43.89911292418014,44.33367156982422,386806.0,0.0,0.0,0.0,FABL.KA,
2025-03-04 00:00:00+05:00,44.33367156982422,44.33367156982422,44.33367156982422,44.33367156982422,0.0,0.0,0.0,0.0,FABL.KA,
2025-03-05 00:00:00+05:00,44.324981689453125,44.59440924229292,44.064247166128446,44.324981689453125,1071542.0,0.0,0.0,0.0,FABL.KA,
2025-03-06 00:00:00+05:00,44.32498182169965,45.18540939819951,43.890423176388865,44.07293701171875,1112355.0,0.0,0.0,0.0,FABL.KA,
2025-03-07 00:00:00+05:00,44.02947710471571,44.28152188775986,43.664449473067485,43.79481506347656,1401685.0,0.0,0.0,0.0,FABL.KA,
2025-03-10 00:00:00+05:00,43.820889828926546,45.28100706334197,43.820889828926546,44.61178970336914,1029050.0,0.0,0.0,0.0,FABL.KA,
2025-03-11 00:00:00+05:00,44.690008868396696,44.97681916169865,44.23807080115248,44.39451217651367,1686181.0,0.0,0.0,0.0,FABL.KA,
2025-03-12 00:00:00+05:00,44.64655415770625,44.716085132149814,44.168540312374446,44.324981689453125,567173.0,0.0,0.0,0.0,FABL.KA,
2025-03-13 00:00:00+05:00,44.307596765905316,44.59440704824492,43.97733128438616,44.194610595703125,1437367.0,0.0,0.0,0.0,FABL.KA,
2025-03-14 00:00:00+05:00,44.246759262398136,44.889907489053556,44.23806954864379,44.80299377441406,1265780.0,0.0,0.0,0.0,FABL.KA,
2025-03-17 00:00:00+05:00,45.20489934889215,45.57026317310921,44.309749791218266,45.1318244934082,939708.0,2.5,0.0,0.0,FABL.KA,
2025-03-18 00:00:00+05:00,45.39671751242636,45.39671751242636,44.7573264378624,44.91260528564453,342915.0,0.0,0.0,0.0,FABL.KA,
2025-03-19 00:00:00+05:00,44.89433906676073,45.20490023988692,44.37369290657872,44.62944793701172,810381.0,0.0,0.0,0.0,FABL.KA,
2025-03-20 00:00:00+05:00,44.75732714390307,44.766459759163304,43.862181019153134,44.017459869384766,1331934.0,0.0,0.0,0.0,FABL.KA,
2025-03-21 00:00:00+05:00,44.02658778793866,44.474159024944505,43.52421041635231,43.68862533569336,824501.0,0.0,0.0,0.0,FABL.KA,
2025-03-24 00:00:00+05:00,43.834774278650585,44.01745443651666,43.15884584758388,43.36893081665039,730952.0,0.0,0.0,0.0,FABL.KA,
2025-03-25 00:00:00+05:00,43.77083599368973,43.77083599368973,42.97616608514846,43.37807083129883,682476.0,0.0,0.0,0.0,FABL.KA,
2025-03-26 00:00:00+05:00,43.74343575456694,44.282350644916505,42.90309578149362,43.67036437988281,1767960.0,0.0,0.0,0.0,FABL.KA,
2025-03-27 00:00:00+05:00,43.79823991714464,44.11793370017453,43.29586247906872,43.88044738769531,1399625.0,0.0,0.0,0.0,FABL.KA,
2025-03-28 00:00:00+05:00,43.88044738769531,43.88044738769531,43.88044738769531,43.88044738769531,0.0,0.0,0.0,0.0,FABL.KA,
2025-03-31 00:00:00+05:00,43.88044738769531,43.88044738769531,43.88044738769531,43.88044738769531,0.0,0.0,0.0,0.0,FABL.KA,
2025-04-03 00:00:00+05:00,43.84390944242027,44.757324222470686,43.49681085036887,44.35542297363281,1593145.0,0.0,0.0,0.0,FABL.KA,
2025-04-04 00:00:00+05:00,44.757327738238374,46.10918130077539,44.3919604037576,45.19576644897461,6373055.0,0.0,0.0,0.0,FABL.KA,
2025-04-07 00:00:00+05:00,45.19576306872456,45.19576306872456,42.29110377848924,43.50594711303711,3147458.0,0.0,0.0,0.0,FABL.KA,
2025-04-08 00:00:00+05:00,43.61555532295531,44.117932750213896,43.4511403853942,43.54248046875,1123888.0,0.0,0.0,0.0,FABL.KA,
2025-04-09 00:00:00+05:00,43.56988638512258,43.75257004086332,43.16798164561277,43.4328727722168,536565.0,0.0,0.0,0.0,FABL.KA,
2025-04-10 00:00:00+05:00,44.236678766835496,44.254947480849665,43.25018911647606,43.4328727722168,2325081.0,0.0,0.0,0.0,FABL.KA,
2025-04-11 00:00:00+05:00,43.304990459225216,43.56988155647258,42.94875928643075,43.12230682373047,1167112.0,0.0,0.0,0.0,FABL.KA,
2025-04-14 00:00:00+05:00,43.1314438135415,44.20927345240091,43.11317510117432,43.8530387878418,1346036.0,0.0,0.0,0.0,FABL.KA,
2025-04-15 00:00:00+05:00,44.30061881285805,44.346288857022024,43.80737397332462,44.14533996582031,1103353.0,0.0,0.0,0.0,FABL.KA,
2025-04-16 00:00:00+05:00,44.30061249482077,44.30061249482077,43.478537879507186,43.569881439208984,1248956.0,0.0,0.0,0.0,FABL.KA,
2025-04-17 00:00:00+05:00,43.75257211399076,43.88958224898757,43.38720478519709,43.633827209472656,875766.0,0.0,0.0,0.0,FABL.KA,
2025-04-18 00:00:00+05:00,43.825641904612944,43.825641904612944,43.332397073894846,43.387203216552734,1353071.0,0.0,0.0,0.0,FABL.KA,
2025-04-21 00:00:00+05:00,43.38720135301713,44.75732350100714,43.38720135301713,44.41022491455078,3495754.0,0.0,0.0,0.0,FABL.KA,
2025-04-22 00:00:00+05:00,44.66598290321014,44.766455599340894,43.75256814841567,44.483299255371094,1554454.0,0.0,0.0,0.0,FABL.KA,
2025-04-23 00:00:00+05:00,44.75732248530639,44.77559119832644,43.88957778105806,44.12706756591797,2520359.0,0.0,0.0,0.0,FABL.KA,
2025-04-24 00:00:00+05:00,43.79823991714464,45.21403214604986,43.45114132099726,43.88044738769531,7629838.0,0.0,0.0,0.0,FABL.KA,
2025-04-25 00:00:00+05:00,43.62468409062954,44.27321116911049,43.368929092265546,43.569881439208984,3039191.0,0.0,0.0,0.0,FABL.KA,
2025-04-28 00:00:00+05:00,44.209277399656386,44.300617485247045,43.76170261769996,43.862178802490234,1487453.0,0.0,0.0,0.0,FABL.KA,
2025-04-29 00:00:00+05:00,44.09966413816453,44.1179328517579,43.38720173002709,43.95351791381836,871467.0,0.0,0.0,0.0,FABL.KA,
2025-04-30 00:00:00+05:00,44.017458456628404,44.017458456628404,42.24543497892384,42.94876480102539,2374738.0,0.0,0.0,0.0,FABL.KA,
2025-05-02 00:00:00+05:00,43.368935178697534,44.300618712005985,43.368935178697534,44.13620376586914,3197560.0,0.0,0.0,0.0,FABL.KA,
2025-05-05 00:00:00+05:00,44.3006167041331,44.66598400885536,44.13620176544816,44.37369155883789,1095388.0,0.0,0.0,0.0,FABL.KA,
2025-05-06 00:00:00+05:00,44.72242116800218,44.76954628711592,44.109783833275195,44.317138671875,746107.0,1.5,0.0,0.0,FABL.KA,
2025-05-07 00:00:00+05:00,43.35576843054245,44.28886155048711,41.47073502051886,42.33784866333008,2435500.0,0.0,0.0,0.0,FABL.KA,
2025-05-08 00:00:00+05:00,42.89393723120468,43.638526353001915,39.5951284892544,40.160640716552734,2679287.0,0.0,0.0,0.0,FABL.KA,
2025-05-09 00:00:00+05:00,41.39533303064342,41.470736094797275,40.07581176669492,41.3293571472168,1978625.0,0.0,0.0,0.0,FABL.KA,
2025-05-12 00:00:00+05:00,45.240806396921904,45.42931047599233,37.747797118348466,45.21253204345703,3361255.0,0.0,0.0,0.0,FABL.KA,
2025-05-13 00:00:00+05:00,46.18332391206669,46.18332391206669,44.77897227643088,45.14655685424805,1623503.0,0.0,0.0,0.0,FABL.KA,
2025-05-14 00:00:00+05:00,45.23138304132278,45.410459939872986,44.74127387140946,44.96747589111328,1405264.0,0.0,0.0,0.0,FABL.KA,
2025-05-15 00:00:00+05:00,44.958049966217665,45.80631288910263,44.958049966217665,45.68378829956055,1600747.0,0.0,0.0,0.0,FABL.KA,
2025-05-16 00:00:00+05:00,45.975962728299635,45.975962728299635,45.24080086478003,45.740333557128906,1447074.0,0.0,0.0,0.0,FABL.KA,
2025-05-19 00:00:00+05:00,45.71206180030923,46.37182423609792,45.24080343123387,45.448158264160156,1651013.0,0.0,0.0,0.0,FABL.KA,
2025-05-20 00:00:00+05:00,45.99481553195784,45.99481553195784,45.05229880550208,45.1182746887207,644387.0,0.0,0.0,0.0,FABL.KA,
2025-05-21 00:00:00+05:00,45.24080678015234,45.900569264779485,45.24080678015234,45.693214416503906,1024714.0,0.0,0.0,0.0,FABL.KA,
2025-05-22 00:00:00+05:00,45.71206190772145,45.900565974877736,45.25965430379598,45.32563018798828,574196.0,0.0,0.0,0.0,FABL.KA,
2025-05-23 00:00:00+05:00,45.32563387187306,45.61781537948344,44.778972392231,45.02402877807617,774314.0,0.0,0.0,0.0,FABL.KA,
2025-05-26 00:00:00+05:00,45.476433235924354,45.476433235924354,45.14655381123952,45.231380462646484,257955.0,0.0,0.0,0.0,FABL.KA,
2025-05-27 00:00:00+05:00,44.95804846669519,45.40102888221857,44.95804846669519,45.24080276489258,556408.0,0.0,0.0,0.0,FABL.KA,
2025-05-28 00:00:00+05:00,45.24080276489258,45.24080276489258,45.24080276489258,45.24080276489258,0.0,0.0,0.0,0.0,FABL.KA,
2025-05-29 00:00:00+05:00,45.34448307801731,45.75918916885165,45.33505589673914,45.55183792114258,591939.0,0.0,0.0,0.0,FABL.KA,
2025-05-30 00:00:00+05:00,45.61781259790992,45.853441787784625,45.48585723143056,45.71206283569336,315231.0,0.0,0.0,0.0,FABL.KA,
2025-06-02 00:00:00+05:00,45.80631380550551,46.65458034077702,45.71206356621586,46.070220947265625,3675936.0,0.0,0.0,0.0,FABL.KA,
2025-06-03 00:00:00+05:00,47.03158787617641,50.67912673950195,46.93733404269826,50.67912673950195,26656029.0,0.0,0.0,0.0,FABL.KA,
2025-06-04 00:00:00+05:00,51.36716221614364,55.7498664855957,50.91475461339634,55.7498664855957,33356370.0,0.0,0.0,0.0,FABL.KA,
2025-06-05 00:00:00+05:00,56.541582288738454,57.58777287726533,54.96757742228457,55.64619064331055,10293148.0,0.0,0.0,0.0,FABL.KA,
2025-06-06 00:00:00+05:00,55.64619064331055,55.64619064331055,55.64619064331055,55.64619064331055,0.0,0.0,0.0,0.0,FABL.KA,
2025-06-09 00:00:00+05:00,55.64619064331055,55.64619064331055,55.64619064331055,55.64619064331055,0.0,0.0,0.0,0.0,FABL.KA,
2025-06-10 00:00:00+05:00,56.45675432198349,58.89787282922394,55.042979208031475,56.626407623291016,7251796.0,0.0,0.0,0.0,FABL.KA,
2025-06-11 00:00:00+05:00,57.493522305281864,57.8705304470895,56.22112611865928,56.46617889404297,6438705.0,0.0,0.0,0.0,FABL.KA,
2025-06-12 00:00:00+05:00,56.53215659765924,57.3427216118227,55.32573625774128,55.665042877197266,4068948.0,0.0,0.0,0.0,FABL.KA,
2025-06-13 00:00:00+05:00,54.71309890645507,57.116516000379974,53.29932372233264,55.665042877197266,6236018.0,0.0,0.0,0.0,FABL.KA,
2025-06-16 00:00:00+05:00,55.665042877197266,55.665042877197266,55.665042877197266,55.665042877197266,0.0,0.0,0.0,0.0,FABL.KA,
2025-06-17 00:00:00+05:00,55.6084878274979,56.50387945227811,55.382282227233496,55.65561294555664,2662130.0,0.0,0.0,0.0,FABL.KA,
2025-06-18 00:00:00+05:00,55.42941101745339,57.4463962746548,55.32573360033099,55.80641555786133,4536772.0,0.0,0.0,0.0,FABL.KA,
2025-06-19 00:00:00+05:00,56.44732696625931,56.928012516946886,55.60848764317961,55.62733840942383,2886064.0,0.0,0.0,0.0,FABL.KA,
2025-06-20 00:00:00+05:00,55.37285864178816,56.17399643503485,55.37285864178816,55.65561294555664,952406.0,0.0,0.0,0.0,FABL.KA,
2025-06-23 00:00:00+05:00,55.51423846927817,56.07974708575803,55.31630721763573,55.61791229248047,8706976.0,0.0,0.0,0.0,FABL.KA,
2025-06-24 00:00:00+05:00,57.49352471023349,60.88658374676929,56.18342693554559,60.443599700927734,11073087.0,0.0,0.0,0.0,FABL.KA,
2025-06-25 00:00:00+05:00,60.44359369464764,62.11185228913428,59.66130669922137,60.03831481933594,6171373.0,0.0,0.0,0.0,FABL.KA,
2025-06-26 00:00:00+05:00,60.03831985984745,60.79233256796376,58.81304875973142,59.18062973022461,2532281.0,0.0,0.0,0.0,FABL.KA,
2025-06-27 00:00:00+05:00,59.81211288080171,60.69808093855065,59.00154788984677,59.73671340942383,2094415.0,0.0,0.0,0.0,FABL.KA,
2025-06-30 00:00:00+05:00,60.03831408890745,65.71226501464844,59.991188973320426,65.71226501464844,17920946.0,0.0,0.0,0.0,FABL.KA,
2025-07-01 00:00:00+05:00,66.25892739735917,72.28160858154297,65.97616950884569,72.28160858154297,18161440.0,0.0,0.0,0.0,FABL.KA,
2025-07-02 00:00:00+05:00,74.03470019638726,75.87260514658637,72.38529573667887,74.23262786865234,12759212.0,0.0,0.0,0.0,FABL.KA,
2025-07-03 00:00:00+05:00,74.88295132399564,77.71050151406469,72.77171586217705,75.5992660522461,7978314.0,0.0,0.0,0.0,FABL.KA,
2025-07-04 00:00:00+05:00,76.00455133549443,76.00455133549443,74.08181627247113,75.33536529541016,3682036.0,0.0,0.0,0.0,FABL.KA,
2025-07-07 00:00:00+05:00,75.02432752533456,78.88864453880582,74.22318977230773,75.86316680908203,6486632.0,0.0,0.0,0.0,FABL.KA,
2025-07-08 00:00:00+05:00,75.42018627993977,76.3344286671711,74.45882237026449,74.80755615234375,2244833.0,0.0,0.0,0.0,FABL.KA,
2025-07-09 00:00:00+05:00,74.80756211795054,75.39191794051384,73.94044118401375,74.3363037109375,3158797.0,0.0,0.0,0.0,FABL.KA,
2025-07-10 00:00:00+05:00,74.87353768459158,77.08845074984002,74.43998081490815,75.7594985961914,3225205.0,0.0,0.0,0.0,FABL.KA,
2025-07-11 00:00:00+05:00,75.87259779208131,76.32500899257164,74.93008104932254,75.4107666015625,1478882.0,0.0,0.0,0.0,FABL.KA,
2025-07-14 00:00:00+05:00,75.40133816704652,77.5220008029947,74.47766861053412,76.1176528930664,3805163.0,0.0,0.0,0.0,FABL.KA,
2025-07-15 00:00:00+05:00,75.87260180272405,77.09787650941159,75.16571420828873,75.89144897460938,5094105.0,0.0,0.0,0.0,FABL.KA,
2025-07-16 00:00:00+05:00,75.96684692376274,77.8895819139372,75.40133832449543,76.41925811767578,3982075.0,0.0,0.0,0.0,FABL.KA,
2025-07-17 00:00:00+05:00,76.53235875434561,77.9461339076217,75.91972860725848,77.06017303466797,2795632.0,0.0,0.0,0.0,FABL.KA,
2025-07-18 00:00:00+05:00,77.28636862396748,77.75762696923557,76.06109404993776,76.35327911376953,2783575.0,0.0,0.0,0.0,FABL.KA,
2025-07-21 00:00:00+05:00,76.48523415953295,77.28637194272406,75.49558871564088,76.72086334228516,2141367.0,0.0,0.0,0.0,FABL.KA,
2025-07-22 00:00:00+05:00,77.28637592422878,77.75763431401067,76.53235962424483,77.4748764038086,2593908.0,0.0,0.0,0.0,FABL.KA,
2025-07-23 00:00:00+05:00,77.75762738051287,77.75762738051287,75.68409352669855,75.86316680908203,1365440.0,0.0,0.0,0.0,FABL.KA,
2025-07-24 00:00:00+05:00,76.06110143098451,76.1553588618503,73.65768795138654,74.08181762695312,1126286.0,0.0,0.0,0.0,FABL.KA,
2025-07-25 00:00:00+05:00,74.08181888812632,74.60020600338378,73.32780976419028,73.64826202392578,841032.0,0.0,0.0,0.0,FABL.KA,
2025-07-28 00:00:00+05:00,73.9969947933965,74.22319680833166,71.64070283122723,71.81035614013672,1092059.0,0.0,0.0,0.0,FABL.KA,
2025-07-29 00:00:00+05:00,71.80092151648827,72.71516385357934,71.48988928392151,71.838623046875,1026940.0,0.0,0.0,0.0,FABL.KA,
2025-07-30 00:00:00+05:00,72.11196491097154,73.25240941607608,71.17886806884103,72.8094253540039,1485210.0,0.0,0.0,0.0,FABL.KA,
2025-07-31 00:00:00+05:00,73.52572969509825,73.83675474070513,72.36643099147777,72.52665710449219,803857.0,0.0,0.0,0.0,FABL.KA,
2025-08-01 00:00:00+05:00,72.65860711014535,73.01676804920146,72.47953383144889,72.60205841064453,446759.0,0.0,0.0,0.0,FABL.KA,
2025-08-04 00:00:00+05:00,73.09218265755136,73.09218265755136,65.3446932052565,72.14966583251953,699225.0,0.0,0.0,0.0,FABL.KA,
2025-08-05 00:00:00+05:00,72.14966661560159,72.57379631513616,71.82920715237962,71.98943328857422,550294.0,0.0,0.0,0.0,FABL.KA,
2025-08-06 00:00:00+05:00,72.14966237908128,74.22319641856866,71.7443798760831,72.65861511230469,2434606.0,0.0,0.0,0.0,FABL.KA,
2025-08-07 00:00:00+05:00,73.51631377436503,73.51631377436503,69.55774590900158,70.32118225097656,2637930.0,0.0,0.0,0.0,FABL.KA,
2025-08-08 00:00:00+05:00,70.21749238676705,71.0186301234833,68.69061278240912,68.96394348144531,2082165.0,0.0,0.0,0.0,FABL.KA,
2025-08-11 00:00:00+05:00,69.13359708711205,75.86316561164767,69.13359708711205,73.20526885986328,6554296.0,0.0,0.0,0.0,FABL.KA,
2025-08-12 00:00:00+05:00,73.51630259697917,76.48523164002353,72.57378589701791,74.19491577148438,3952319.0,0.0,0.0,0.0,FABL.KA,
2025-08-13 00:00:00+05:00,73.99699494652113,76.3438597322651,73.99699494652113,75.25996398925781,2979016.0,0.0,0.0,0.0,FABL.KA,
2025-08-15 00:00:00+05:00,75.40134280415603,76.4381098295467,74.5530762594428,74.95835876464844,1262464.0,0.0,0.0,0.0,FABL.KA,
2025-08-18 00:00:00+05:00,75.21283442770839,76.2307469836724,74.83582631509907,76.02339935302734,1090904.0,0.0,0.0,0.0,FABL.KA,
2025-08-19 00:00:00+05:00,76.34385507946837,76.81511344415645,75.58983881963465,76.14592742919922,2592514.0,0.0,0.0,0.0,FABL.KA,
2025-08-20 00:00:00+05:00,76.34385514453875,80.82080961289134,76.34385514453875,78.718994140625,5096483.0,0.0,0.0,0.0,FABL.KA,
2025-08-21 00:00:00+05:00,79.1714090404571,79.83116790612799,75.07146251045705,76.57006072998047,2357366.0,0.0,0.0,0.0,FABL.KA,
2025-08-22 00:00:00+05:00,77.04130772956721,77.80475109366364,76.36269460185095,76.69258117675781,1136432.0,0.0,0.0,0.0,FABL.KA,
2025-08-25 00:00:00+05:00,77.17326023850264,77.66337292035286,75.50500894223214,76.5323486328125,501840.0,0.0,0.0,0.0,FABL.KA,
2025-08-26 00:00:00+05:00,77.17326031052033,77.27693771674573,74.64731541407042,75.1091537475586,1062038.0,0.0,0.0,0.0,FABL.KA,
2025-08-27 00:00:00+05:00,75.40134042799802,75.40134042799802,73.70480739203519,73.82733917236328,1042242.0,0.0,0.0,0.0,FABL.KA,
2025-08-28 00:00:00+05:00,73.82734225849941,74.1760688704238,69.74624281143586,69.89704895019531,3641831.0,0.0,0.0,0.0,FABL.KA,
2025-08-29 00:00:00+05:00,69.98187010038339,70.83013663067571,69.27498252361184,70.57565307617188,1602350.0,0.0,0.0,0.0,FABL.KA,
2025-09-01 00:00:00+05:00,70.68875742592012,75.85375246580686,70.22692622417047,74.78870391845703,5817931.0,0.0,0.0,0.0,FABL.KA,
2025-09-02 00:00:00+05:00,75.40134672952684,75.49559697477218,73.7613694515928,74.23262786865234,1716261.0,0.0,0.0,0.0,FABL.KA,
2025-09-03 00:00:00+05:00,74.22319635832342,75.19398749031816,74.10067176573314,74.32687377929688,568065.0,0.0,0.0,0.0,FABL.KA,
2025-09-04 00:00:00+05:00,74.65674694103251,74.73215000282903,73.89331071513004,74.19491577148438,1053718.0,0.0,0.0,0.0,FABL.KA,
2025-09-05 00:00:00+05:00,74.60019510366583,74.83582426874953,73.61054973398171,73.85560607910156,2081354.0,0.0,0.0,0.0,FABL.KA,
2025-09-08 00:00:00+05:00,74.60020003126121,74.60020003126121,73.56343307457726,73.84618377685547,1276699.0,0.0,0.0,0.0,FABL.KA,
2025-09-09 00:00:00+05:00,74.32664120571907,75.33560308849175,73.84618456272,74.18250274658203,1960866.0,1.5,0.0,0.0,FABL.KA,
2025-09-10 00:00:00+05:00,74.47078126609217,74.47078126609217,73.44260432121423,73.8173599243164,1402103.0,0.0,0.0,0.0,FABL.KA,
2025-09-11 00:00:00+05:00,74.23055402290434,74.47078235307556,73.38495293992894,73.49065399169922,1621822.0,0.0,0.0,0.0,FABL.KA,
2025-09-12 00:00:00+05:00,73.92306446988769,73.94227951120727,72.54895808314488,72.79879760742188,838719.0,0.0,0.0,0.0,FABL.KA,
2025-09-15 00:00:00+05:00,74.71101118803375,74.71101118803375,73.12550273195386,74.24016571044922,931211.0,0.0,0.0,0.0,FABL.KA,
2025-09-16 00:00:00+05:00,74.46117535960887,74.70140370330594,74.01915608694875,74.38430786132812,415232.0,0.0,0.0,0.0,FABL.KA,
2025-09-17 00:00:00+05:00,74.71101039267317,74.71101039267317,74.00954044557925,74.02876281738281,479795.0,0.0,0.0,0.0,FABL.KA,
2025-09-18 00:00:00+05:00,74.08641630078154,74.6245327509631,73.894236567194,74.0768051147461,1115166.0,0.0,0.0,0.0,FABL.KA,
2025-09-19 00:00:00+05:00,74.47077994826451,74.51882854522191,73.02941001378197,73.51947784423828,843229.0,0.0,0.0,0.0,FABL.KA,
2025-09-22 00:00:00+05:00,73.51948658910574,74.07681079169546,72.5681770407382,72.77957916259766,1176938.0,0.0,0.0,0.0,FABL.KA,
2025-09-23 00:00:00+05:00,72.77957916259766,72.77957916259766,72.77957916259766,72.77957916259766,0.0,0.0,0.0,0.0,FABL.KA,
2025-09-24 00:00:00+05:00,73.0774580827086,73.65400458609838,72.54895284474249,72.76996612548828,428006.0,0.0,0.0,0.0,FABL.KA,
2025-09-25 00:00:00+05:00,73.50986559097902,74.46116768118888,72.7699655944128,72.93331909179688,1198701.0,0.0,0.0,0.0,FABL.KA,
2025-09-26 00:00:00+05:00,72.93332452525738,80.2170494571714,72.88527592541824,79.22730255126953,8493669.0,0.0,0.0,0.0,FABL.KA,
2025-09-29 00:00:00+05:00,80.04408610502686,87.15483912935547,79.51558082267321,86.86656951904297,13293305.0,0.0,0.0,0.0,FABL.KA,
2025-09-30 00:00:00+05:00,87.63529285761885,92.68008784553543,87.16444737814564,87.7217788696289,8298344.0,0.0,0.0,0.0,FABL.KA,
2025-10-01 00:00:00+05:00,88.40402874077508,88.45207734104382,82.30223039718726,85.07926940917969,4971211.0,0.0,0.0,0.0,FABL.KA,
2025-10-02 00:00:00+05:00,86.33806361841373,93.58335120642853,85.04083205332918,92.67048645019531,11364418.0,0.0,0.0,0.0,FABL.KA,
2025-10-03 00:00:00+05:00,93.68904966493808,94.84214272833948,89.46102954715477,90.21054077148438,3759671.0,0.0,0.0,0.0,FABL.KA,
2025-10-06 00:00:00+05:00,90.32585012212952,91.6615190214831,84.75255005445963,87.91395568847656,3630452.0,0.0,0.0,0.0,FABL.KA,
2025-10-07 00:00:00+05:00,87.91395568847656,87.91395568847656,87.91395568847656,87.91395568847656,0.0,0.0,0.0,0.0,FABL.KA,
2025-10-08 00:00:00+05:00,86.48220467356619,88.40403144408988,85.04083459567342,85.42520141601562,2087838.0,0.0,0.0,0.0,FABL.KA,
2025-10-09 00:00:00+05:00,85.52129064740899,86.48220402546977,82.22535746741303,83.63790130615234,2016891.0,0.0,0.0,0.0,FABL.KA,
2025-10-10 00:00:00+05:00,84.12797319261048,85.22341390933141,82.63855445313133,83.36885070800781,1860329.0,0.0,0.0,0.0,FABL.KA,
2025-10-13 00:00:00+05:00,81.67763097686517,83.49375653797347,80.18821242069471,80.90889739990234,2149492.0,0.0,0.0,0.0,FABL.KA,
2025-10-14 00:00:00+05:00,82.62893782367716,87.44311581292325,82.62893782367716,86.61672973632812,1939019.0,0.0,0.0,0.0,FABL.KA,
2025-10-15 00:00:00+05:00,87.44311609998746,93.48726203763015,85.5212893725152,90.26820373535156,6924396.0,0.0,0.0,0.0,FABL.KA,
2025-10-16 00:00:00+05:00,90.37390456915601,92.13237044875763,88.41364043222238,89.35533142089844,1732135.0,0.0,0.0,0.0,FABL.KA,
2025-10-17 00:00:00+05:00,89.38415614033832,89.84539777173367,87.63529414540874,88.01966094970703,2006950.0,0.0,0.0,0.0,FABL.KA,
2025-10-20 00:00:00+05:00,88.40402918039189,91.81527454319708,87.45272700607441,90.681396484375,4368730.0,0.0,0.0,0.0,FABL.KA,
2025-10-21 00:00:00+05:00,91.21950603218657,95.46674134597787,90.39311995179622,92.21885681152344,7580150.0,0.0,0.0,0.0,FABL.KA,
2025-10-22 00:00:00+05:00,92.63204968660416,92.7185283703297,90.32585614849037,90.51803588867188,1748657.0,0.0,0.0,0.0,FABL.KA,
2025-10-23 00:00:00+05:00,90.56608373858089,91.15224147181891,84.75255500644117,85.86721801757812,4724162.0,0.0,0.0,0.0,FABL.KA,
2025-10-24 00:00:00+05:00,85.53089665808204,86.93382922541086,83.599458832327,85.68463897705078,1527287.0,0.0,0.0,0.0,FABL.KA,
2025-10-27 00:00:00+05:00,86.00174216901729,86.38610896338434,84.56037218853096,84.77177429199219,1911103.0,0.0,0.0,0.0,FABL.KA,
2025-10-28 00:00:00+05:00,85.87682174021441,85.87682174021441,81.67762810321047,82.42713928222656,2492823.0,0.0,0.0,0.0,FABL.KA,
2025-10-29 00:00:00+05:00,83.12860891381699,83.35922604553353,81.67762782559481,82.17729949951172,1203365.0,0.0,0.0,0.0,FABL.KA,
2025-10-30 00:00:00+05:00,82.81150873452616,84.0799140010662,79.46752721481874,80.28430938720703,1073059.0,0.0,0.0,0.0,FABL.KA,
2025-10-31 00:00:00+05:00,81.62958950814874,84.8486552280261,80.90890446600079,84.22406005859375,1251219.0,0.0,0.0,0.0,FABL.KA,
2025-11-03 00:00:00+05:00,85.40597557856721,87.34702464352728,85.04083114620632,86.31884765625,2114158.0,0.0,0.0,0.0,FABL.KA,
2025-11-04 00:00:00+05:00,86.97358764647902,86.97358764647902,85.01912500273792,85.09730529785156,618121.0,1.5,0.0,0.0,FABL.KA,
2025-11-05 00:00:00+05:00,85.21456759991693,85.9474910854289,83.06466169135516,84.0418930053711,598545.0,0.0,0.0,0.0,FABL.KA,
2025-11-06 00:00:00+05:00,85.99635436376083,85.99635436376083,83.11352501224891,84.3643798828125,314236.0,0.0,0.0,0.0,FABL.KA,
2025-11-07 00:00:00+05:00,85.99635506804397,86.48497072183967,84.04189245286115,85.41979217529297,730636.0,0.0,0.0,0.0,FABL.KA,
2025-11-10 00:00:00+05:00,85.4100218475077,86.09408081316862,84.15916690705146,85.63478088378906,342789.0,0.0,0.0,0.0,FABL.KA,
2025-11-11 00:00:00+05:00,85.01912849624792,85.98658545706208,82.0874344101704,82.94739532470703,628228.0,0.0,0.0,0.0,FABL.KA,
2025-11-12 00:00:00+05:00,82.93762510622311,83.9930292692422,82.34151340245694,82.84967041015625,348595.0,0.0,0.0,0.0,FABL.KA,
2025-11-13 00:00:00+05:00,82.58582227040273,84.51096919470645,82.58582227040273,83.1526107788086,505726.0,0.0,0.0,0.0,FABL.KA,
2025-11-14 00:00:00+05:00,83.28943165128618,85.50774354621288,83.21125135353701,85.13639831542969,757267.0,0.0,0.0,0.0,FABL.KA,
2025-11-17 00:00:00+05:00,84.4718813193322,85.01912849624792,82.234020605611,82.94739532470703,837758.0,0.0,0.0,0.0,FABL.KA,
2025-11-18 00:00:00+05:00,82.85944402785888,83.69008915381387,81.01247744042742,82.10697174072266,973627.0,0.0,0.0,0.0,FABL.KA,
2025-11-19 00:00:00+05:00,82.67377220370167,83.26010953309572,80.62158782298071,80.88543701171875,1046715.0,0.0,0.0,0.0,FABL.KA,
2025-11-20 00:00:00+05:00,81.5010959845807,81.5010959845807,80.62158627948597,80.83657836914062,414004.0,0.0,0.0,0.0,FABL.KA,
2025-11-21 00:00:00+05:00,80.87566262796584,81.98970568806058,79.15573349166678,79.7616195678711,640700.0,0.0,0.0,0.0,FABL.KA,
2025-11-24 00:00:00+05:00,81.98970705700457,81.98970705700457,78.71598371327042,79.12641906738281,838210.0,0.0,0.0,0.0,FABL.KA,
2025-11-25 00:00:00+05:00,80.05478701987495,80.13296731393545,78.86256363034367,79.92774963378906,755956.0,0.0,0.0,0.0,FABL.KA,
2025-11-26 00:00:00+05:00,80.13297078313148,82.07765908405756,79.69321965744868,81.52063751220703,969068.0,0.0,0.0,0.0,FABL.KA,
2025-11-27 00:00:00+05:00,81.7942568765607,82.55650355378963,81.11019794842555,82.11674499511719,574396.0,0.0,0.0,0.0,FABL.KA,
2025-11-28 00:00:00+05:00,82.13629742689072,83.55327989309674,82.13629742689072,82.8985366821289,1314716.0,0.0,0.0,0.0,FABL.KA,
2025-12-01 00:00:00+05:00,83.0646648243027,85.50774320148807,82.33174131114708,85.26343536376953,1948424.0,0.0,0.0,0.0,FABL.KA,
2025-12-02 00:00:00+05:00,85.50774440407827,91.64475618097015,85.50774440407827,87.87264251708984,9427659.0,0.0,0.0,0.0,FABL.KA,
2025-12-03 00:00:00+05:00,88.2439897531344,91.27340530507274,88.04853901888096,90.10072326660156,5865009.0,0.0,0.0,0.0,FABL.KA,
2025-12-04 00:00:00+05:00,90.8727377816779,91.4981652260484,89.5143868519654,90.53070831298828,3768541.0,0.0,0.0,0.0,FABL.KA,
2025-12-05 00:00:00+05:00,90.90205572648442,91.37113004894765,87.75537708275998,88.70328521728516,1958419.0,0.0,0.0,0.0,FABL.KA,
2025-12-08 00:00:00+05:00,88.19512979601782,88.94759465892906,87.95082195724768,88.2537612915039,749064.0,0.0,0.0,0.0,FABL.KA,
2025-12-09 00:00:00+05:00,88.91827810109042,89.56325436829559,87.46220548287748,88.1364974975586,1423316.0,0.0,0.0,0.0,FABL.KA,
2025-12-10 00:00:00+05:00,89.40688961933125,89.41666401993018,87.46220141840165,87.7944564819336,859748.0,0.0,0.0,0.0,FABL.KA,
2025-12-11 00:00:00+05:00,87.9508178435516,88.41011775186612,86.93449638712191,87.22766876220703,800802.0,0.0,0.0,0.0,FABL.KA,
2025-12-12 00:00:00+05:00,87.95082103191304,88.73260909002565,86.973589687114,87.63810729980469,780062.0,0.0,0.0,0.0,FABL.KA,
2025-12-15 00:00:00+05:00,87.63810402494545,88.5371550392008,87.16902971646954,87.5403823852539,1001961.0,0.0,0.0,0.0,FABL.KA,
2025-12-16 00:00:00+05:00,87.46220079593049,88.86941624483444,86.4849695021212,87.05176544189453,1351871.0,0.0,0.0,0.0,FABL.KA,
2025-12-17 00:00:00+05:00,87.9508191356702,89.3189444800284,87.10062519997939,87.7162857055664,3695849.0,0.0,0.0,0.0,FABL.KA,
2025-12-18 00:00:00+05:00,88.00945379605085,89.17236149895182,87.47198102207007,88.12672424316406,1335602.0,0.0,0.0,0.0,FABL.KA,
2025-12-19 00:00:00+05:00,88.41989345156111,88.91827605857125,87.55992511504166,87.7162857055664,812406.0,0.0,0.0,0.0,FABL.KA,
2025-12-22 00:00:00+05:00,87.95081839119743,88.14626167201568,87.57947317536946,87.7846908569336,540963.0,0.0,0.0,0.0,FABL.KA,
2025-12-23 00:00:00+05:00,87.80423071974774,88.27330502374552,87.5599228950096,87.92150115966797,611910.0,0.0,0.0,0.0,FABL.KA,
2025-12-24 00:00:00+05:00,87.95082177969483,89.31894716518235,87.09086087300611,87.5697021484375,747916.0,0.0,0.0,0.0,FABL.KA,
2025-12-26 00:00:00+05:00,87.60879252865446,88.92805336769788,87.60879252865446,87.75537872314453,769957.0,0.0,0.0,0.0,FABL.KA,
2025-12-29 00:00:00+05:00,88.40034167033156,91.6642980585309,87.95081617124936,90.42321014404297,4893773.0,0.0,0.0,0.0,FABL.KA,
2025-12-30 00:00:00+05:00,90.78478901619532,93.3255888982035,90.78478901619532,91.79133605957031,3967544.0,0.0,0.0,0.0,FABL.KA,
2025-12-31 00:00:00+05:00,92.2994942605932,92.49494499603144,90.3645804416956,90.65774536132812,1443249.0,0.0,0.0,0.0,FABL.KA,
2026-01-01 00:00:00+05:00,90.65774536132812,90.65774536132812,90.65774536132812,90.65774536132812,0.0,0.0,0.0,0.0,FABL.KA,
2026-01-02 00:00:00+05:00,91.39066884623706,96.25728405136508,91.38090190122732,93.90215301513672,5390494.0,0.0,0.0,0.0,FABL.KA,
2026-01-05 00:00:00+05:00,94.79143746520899,100.10757819959191,94.79143746520899,99.1401138305664,8588040.0,0.0,0.0,0.0,FABL.KA,
2026-01-06 00:00:00+05:00,99.92190407537974,102.51156860612284,99.43328840752947,101.68092346191406,6404645.0,0.0,0.0,0.0,FABL.KA,
2026-01-07 00:00:00+05:00,102.61905991096602,103.08812675525992,98.21174470287747,99.47237396240234,5595021.0,0.0,0.0,0.0,FABL.KA,
2026-01-08 00:00:00+05:00,99.14011619074375,102.1597649000759,97.82085537647312,99.43328857421875,5012681.0,0.0,0.0,0.0,FABL.KA,
2026-01-09 00:00:00+05:00,99.67759251772911,100.00984758072697,97.23451426974556,97.96743774414062,2341570.0,0.0,0.0,0.0,FABL.KA,
2026-01-12 00:00:00+05:00,98.16288699771214,98.70036722726275,97.23452018923409,97.42019653320312,1594012.0,0.0,0.0,0.0,FABL.KA,
2026-01-13 00:00:00+05:00,97.23451865468388,98.44628343273882,94.49826791127367,98.05538940429688,4477278.0,0.0,0.0,0.0,FABL.KA,
2026-01-14 00:00:00+05:00,98.68082316938599,99.67759584735889,97.77199773255037,98.0651626586914,2060983.0,0.0,0.0,0.0,FABL.KA,
2026-01-15 00:00:00+05:00,98.69058695682048,98.69058695682048,96.25728310599622,96.5309066772461,754974.0,0.0,0.0,0.0,FABL.KA,
2026-01-16 00:00:00+05:00,96.6090924924455,98.70036699873631,96.6090924924455,98.04562377929688,1296271.0,0.0,0.0,0.0,FABL.KA,
2026-01-19 00:00:00+05:00,98.23128864294497,99.64827852511932,97.78176313208792,98.01630401611328,2606113.0,0.0,0.0,0.0,FABL.KA,
2026-01-20 00:00:00+05:00,98.67105176976465,99.07171275104935,97.23452047536,97.79154205322266,1990654.0,0.0,0.0,0.0,FABL.KA,
2026-01-21 00:00:00+05:00,97.8013107412556,98.70036175200894,96.94134242168008,97.21497344970703,1885769.0,0.0,0.0,0.0,FABL.KA,
2026-01-22 00:00:00+05:00,97.23451695483598,97.61563657559122,96.25728562865673,96.69703674316406,772155.0,0.0,0.0,0.0,FABL.KA,
2026-01-23 00:00:00+05:00,97.5179153830339,97.5179153830339,95.57322712257613,96.25728607177734,996874.0,0.0,0.0,0.0,FABL.KA,
2026-01-26 00:00:00+05:00,96.25728208541801,97.42995665139354,94.8012095506004,95.1041488647461,1206832.0,0.0,0.0,0.0,FABL.KA,
2026-01-27 00:00:00+05:00,97.7035906607256,98.19220632075873,95.49504578978453,95.954345703125,2411309.0,0.0,0.0,0.0,FABL.KA,
2026-01-28 00:00:00+05:00,97.71336128609316,97.71336128609316,95.77844737466835,95.92503356933594,604580.0,0.0,0.0,0.0,FABL.KA,
2026-01-29 00:00:00+05:00,96.45273105603941,96.58954284829156,93.8239838000373,94.68394470214844,1186227.0,0.0,0.0,0.0,FABL.KA,
2026-01-30 00:00:00+05:00,94.98688380019071,95.76867185886299,93.91193081127895,94.4982681274414,1189446.0,0.0,0.0,0.0,FABL.KA,
2026-02-02 00:00:00+05:00,94.30282131148856,95.71980372715993,94.05851348425672,94.84030151367188,422421.0,0.0,0.0,0.0,FABL.KA,
2026-02-03 00:00:00+05:00,94.98687928771044,96.50159078354824,94.54712818540042,96.03251647949219,1589061.0,0.0,0.0,0.0,FABL.KA,
2026-02-04 00:00:00+05:00,96.25728734334311,98.19220868414656,96.07161100224282,96.74590301513672,2723585.0,0.0,0.0,0.0,FABL.KA,
2026-02-06 00:00:00+05:00,97.22474253186442,97.22474253186442,94.17578556651611,94.57644653320312,1995533.0,0.0,0.0,0.0,FABL.KA,
2026-02-09 00:00:00+05:00,94.8109793501082,95.67094768302087,87.51106765523788,89.77824401855469,1667046.0,0.0,0.0,0.0,FABL.KA,
2026-02-10 00:00:00+05:00,88.8694173646657,91.35158577690069,87.85309591161555,88.16580963134766,2207600.0,0.0,0.0,0.0,FABL.KA,
2026-02-11 00:00:00+05:00,89.1723558895397,96.98043186833114,88.439432416475,96.15956115722656,4997190.0,0.0,0.0,0.0,FABL.KA,
2026-02-12 00:00:00+05:00,97.23451941519006,97.24429381629051,93.7164880430636,95.05529022216797,1971630.0,0.0,0.0,0.0,FABL.KA,
2026-02-13 00:00:00+05:00,95.28005539593431,95.76867106463142,93.96079458158883,95.19210815429688,751751.0,0.0,0.0,0.0,FABL.KA,
2026-02-16 00:00:00+05:00,95.19210492443548,95.25073641687108,90.39389564190483,92.03564453125,933031.0,0.0,0.0,0.0,FABL.KA,
2026-02-17 00:00:00+05:00,91.76201919340375,93.32558775896179,90.14958608130078,90.67729187011719,596114.0,0.0,0.0,0.0,FABL.KA,
2026-02-18 00:00:00+05:00,92.34835889577256,96.19865264719272,90.88251192917299,95.52436065673828,1419702.0,0.0,0.0,0.0,FABL.KA,
2026-02-19 00:00:00+05:00,95.76867000658338,96.19865417610507,89.37757623595184,90.02255249023438,1417968.0,0.0,0.0,0.0,FABL.KA,
2026-02-20 00:00:00+05:00,90.86297039960375,93.25718412459872,87.7749158841543,90.970458984375,599375.0,0.0,0.0,0.0,FABL.KA,
2026-02-23 00:00:00+05:00,90.97046068883503,92.8272017020296,88.00945095972573,88.89873504638672,609462.0,0.0,0.0,0.0,FABL.KA,
2026-02-24 00:00:00+05:00,88.89873225231055,89.86618914843706,84.29597373960789,86.61200714111328,1144977.0,0.0,0.0,0.0,FABL.KA,
2026-02-25 00:00:00+05:00,87.95081865638252,88.92804997478677,85.02889910194513,86.03544616699219,581061.0,0.0,0.0,0.0,FABL.KA,
2026-02-26 00:00:00+05:00,85.70318081872017,88.19512358083982,84.090755161013,87.9312744140625,1178938.0,0.0,0.0,0.0,FABL.KA,
2026-02-27 00:00:00+05:00,86.9735844284423,90.78478793385895,84.7748140355884,89.55347442626953,579485.0,0.0,0.0,0.0,FABL.KA,
2026-03-02 00:00:00+05:00,80.60204315185547,83.93439810081331,80.60204315185547,80.60204315185547,2410818.0,0.0,0.0,0.0,FABL.KA,
2026-03-03 00:00:00+05:00,78.17850421145008,87.95081723788132,78.17850421145008,85.85954284667969,1602711.0,0.0,0.0,0.0,FABL.KA,
2026-03-04 00:00:00+05:00,86.97359021728326,87.45243149156231,83.55328048963729,84.45233154296875,723394.0,0.0,0.0,0.0,FABL.KA,
2026-03-05 00:00:00+05:00,85.99635281514105,86.72927627663373,85.07775302425166,86.1233901977539,587205.0,0.0,0.0,0.0,FABL.KA,
2026-03-06 00:00:00+05:00,86.14294389391782,86.14294389391782,81.10042661356356,82.34151458740234,1161499.0,0.0,0.0,0.0,FABL.KA,
2026-03-09 00:00:00+05:00,74.10345671143857,77.20127837061696,74.10345671143857,74.21095275878906,3866542.0,0.0,0.0,0.0,FABL.KA,
2026-03-10 00:00:00+05:00,81.10042342783859,81.62812922405487,78.18827833159109,81.1199722290039,1169968.0,0.0,0.0,0.0,FABL.KA,
2026-03-11 00:00:00+05:00,81.63790876051223,82.86922236247935,79.74207753509916,80.14274597167969,727711.0,0.0,0.0,0.0,FABL.KA,
2026-03-12 00:00:00+05:00,79.25346076628104,80.9147585299206,79.15573912269835,79.52708435058594,371633.0,0.0,0.0,0.0,FABL.KA,
2026-03-13 00:00:00+05:00,80.22091508389475,87.4817440538639,80.13296784425707,83.72917938232422,3766130.0,0.0,0.0,0.0,FABL.KA,
2026-03-16 00:00:00+05:00,83.06466225747232,85.01912489882461,80.68021544920387,81.35450744628906,1133499.0,0.0,0.0,0.0,FABL.KA,
2026-03-17 00:00:00+05:00,82.08743069614323,83.06466201395446,79.63457800084574,81.16883087158203,661081.0,0.0,0.0,0.0,FABL.KA,
2026-03-18 00:00:00+05:00,82.0874316142528,86.24066476140248,81.3642825185757,85.83999633789062,1744418.0,0.0,0.0,0.0,FABL.KA,
2026-03-19 00:00:00+05:00,86.0,86.0,82.66000366210938,83.4800033569336,2133310.0,2.0,0.0,0.0,FABL.KA,
2026-03-20 00:00:00+05:00,83.4800033569336,83.4800033569336,83.4800033569336,83.4800033569336,0.0,0.0,0.0,0.0,FABL.KA,
2026-03-23 00:00:00+05:00,83.4800033569336,83.4800033569336,83.4800033569336,83.4800033569336,0.0,0.0,0.0,0.0,FABL.KA,
2026-03-24 00:00:00+05:00,86.5,86.98999786376953,84.05000305175781,84.88999938964844,898431.0,0.0,0.0,0.0,FABL.KA,
2026-03-25 00:00:00+05:00,85.0,86.56999969482422,84.12000274658203,86.20999908447266,837647.0,0.0,0.0,0.0,FABL.KA,
2026-03-26 00:00:00+05:00,85.02999877929688,85.93000030517578,84.0,84.25,944226.0,0.0,0.0,0.0,FABL.KA,
2026-03-27 00:00:00+05:00,84.05999755859375,85.0,82.94999694824219,83.12000274658203,664789.0,0.0,0.0,0.0,FABL.KA,
2021-03-29 00:00:00+05:00,3.989815489232773,3.989815489232773,3.8611114526778536,3.962235927581787,301500.0,0.0,0.0,0.0,SNBL.KA,
2021-03-30 00:00:00+05:00,3.930060686474809,4.219644151621619,3.9070777882830328,4.169081687927246,4292500.0,0.0,0.0,0.0,SNBL.KA,
2021-03-31 00:00:00+05:00,4.095536165671365,4.155291516889338,4.02199125289917,4.02199125289917,442500.0,0.0,0.0,0.0,SNBL.KA,
2021-04-01 00:00:00+05:00,4.090939360280313,4.090939360280313,3.999008222433094,4.003604888916016,37500.0,0.0,0.0,0.0,SNBL.KA,
2021-04-02 00:00:00+05:00,4.003605024706121,4.026587919537997,4.003605024706121,4.02199125289917,525000.0,0.0,0.0,0.0,SNBL.KA,
2021-04-05 00:00:00+05:00,3.953043006765802,4.02199125289917,3.9116738837408778,4.02199125289917,239000.0,0.0,0.0,0.0,SNBL.KA,
2021-04-06 00:00:00+05:00,4.021991686665821,4.044974583976373,3.9990087893552695,4.01739501953125,276500.0,0.0,0.0,0.0,SNBL.KA,
2021-04-07 00:00:00+05:00,4.0219913880713465,4.040377616882324,4.0219913880713465,4.040377616882324,333500.0,0.0,0.0,0.0,SNBL.KA,
2021-04-08 00:00:00+05:00,4.08634327075597,4.08634327075597,3.999008358067295,4.02199125289917,910000.0,0.0,0.0,0.0,SNBL.KA,
2021-04-09 00:00:00+05:00,4.021991613564094,4.021991613564094,3.9760258197784424,3.9760258197784424,117000.0,0.0,0.0,0.0,SNBL.KA,
2021-04-12 00:00:00+05:00,3.9622362401794766,3.976025802911756,3.9070775508880615,3.9070775508880615,1571000.0,0.0,0.0,0.0,SNBL.KA,
2021-04-13 00:00:00+05:00,3.9070775508880615,3.976025802911756,3.8886913211242566,3.9070775508880615,826000.0,0.0,0.0,0.0,SNBL.KA,
2021-04-14 00:00:00+05:00,3.9070775076636552,3.9622361963448434,3.8840946111225874,3.9024808406829834,350500.0,0.0,0.0,0.0,SNBL.KA,
2021-04-15 00:00:00+05:00,3.9070773724454932,3.916270706088669,3.884094476699829,3.884094476699829,215500.0,0.0,0.0,0.0,SNBL.KA,
2021-04-16 00:00:00+05:00,3.8840946111225874,3.9070775076636552,3.8840946111225874,3.9024808406829834,35000.0,0.0,0.0,0.0,SNBL.KA,
2021-04-19 00:00:00+05:00,3.9070775508880615,3.9070775508880615,3.9024808838565366,3.9070775508880615,119000.0,0.0,0.0,0.0,SNBL.KA,
2021-04-20 00:00:00+05:00,3.911674217919587,3.911674217919587,3.893287988155782,3.9070775508880615,109000.0,0.0,0.0,0.0,SNBL.KA,
2021-04-21 00:00:00+05:00,3.911674217919587,3.911674217919587,3.8886913211242566,3.9070775508880615,2005500.0,0.0,0.0,0.0,SNBL.KA,
2021-04-22 00:00:00+05:00,3.9070775508880615,3.9438500104156713,3.897884216825011,3.9070775508880615,1895500.0,0.0,0.0,0.0,SNBL.KA,
2021-04-23 00:00:00+05:00,3.9438499667844473,3.9438499667844473,3.8978841737023115,3.9024808406829834,33000.0,0.0,0.0,0.0,SNBL.KA,
2021-04-26 00:00:00+05:00,3.9070775076636552,3.9070775076636552,3.8611117145815195,3.9024808406829834,524500.0,0.0,0.0,0.0,SNBL.KA,
2021-04-27 00:00:00+05:00,3.865708247775753,4.012798079168361,3.865708247775753,3.884094476699829,26500.0,0.0,0.0,0.0,SNBL.KA,
2021-04-28 00:00:00+05:00,3.989815804006332,3.994412032675561,3.8886913211242566,3.9070775508880615,2814500.0,0.0,0.0,0.0,SNBL.KA,
2021-04-29 00:00:00+05:00,3.907077176488253,3.953042965674193,3.8611113873023135,3.888690948486328,2790000.0,0.0,0.0,0.0,SNBL.KA,
2021-04-30 00:00:00+05:00,3.930060447683392,3.9392533433841463,3.865708424328927,3.9070775508880615,2146000.0,0.0,0.0,0.0,SNBL.KA,
2021-05-03 00:00:00+05:00,3.9990086997070864,3.9990086997070864,3.8611117572974014,3.9070775508880615,114000.0,0.0,0.0,0.0,SNBL.KA,
2021-05-04 00:00:00+05:00,3.9162706082199534,4.0127979788873995,3.9070772748065217,3.9990084171295166,1176000.0,0.0,0.0,0.0,SNBL.KA,
2021-05-05 00:00:00+05:00,3.9300601119339262,4.026587919537997,3.9300601119339262,4.02199125289917,628000.0,0.0,0.0,0.0,SNBL.KA,
2021-05-06 00:00:00+05:00,4.026587941937035,4.090939521789551,4.026587941937035,4.090939521789551,1307500.0,0.0,0.0,0.0,SNBL.KA,
2021-05-07 00:00:00+05:00,4.090939521789551,4.090939521789551,4.090939521789551,4.090939521789551,0.0,0.0,0.0,0.0,SNBL.KA,
2021-05-10 00:00:00+05:00,4.090939521789551,4.090939521789551,4.090939521789551,4.090939521789551,0.0,0.0,0.0,0.0,SNBL.KA,
2021-05-11 00:00:00+05:00,4.090939521789551,4.090939521789551,4.090939521789551,4.090939521789551,0.0,0.0,0.0,0.0,SNBL.KA,
2021-05-12 00:00:00+05:00,4.090939521789551,4.090939521789551,4.090939521789551,4.090939521789551,0.0,0.0,0.0,0.0,SNBL.KA,
2021-05-13 00:00:00+05:00,4.090939521789551,4.090939521789551,4.090939521789551,4.090939521789551,0.0,0.0,0.0,0.0,SNBL.KA,
2021-05-14 00:00:00+05:00,4.090939521789551,4.090939521789551,4.090939521789551,4.090939521789551,0.0,0.0,0.0,0.0,SNBL.KA,
2021-05-17 00:00:00+05:00,4.035780697263274,4.127711835559041,4.035780697263274,4.067956924438477,1578000.0,0.0,0.0,0.0,SNBL.KA,
2021-05-18 00:00:00+05:00,4.044974147731046,4.063360375924094,4.017394586260344,4.02199125289917,2135000.0,0.0,0.0,0.0,SNBL.KA,
2021-05-19 00:00:00+05:00,4.044974207472146,4.044974207472146,3.9530430651491515,3.9990084171295166,1641500.0,0.0,0.0,0.0,SNBL.KA,
2021-05-20 00:00:00+05:00,4.1231161275602854,4.1231161275602854,3.980622516454135,4.012798309326172,3202500.0,0.0,0.0,0.0,SNBL.KA,
2021-05-21 00:00:00+05:00,4.02199109475225,4.274802051237697,3.953042851329965,4.192063808441162,1893000.0,0.0,0.0,0.0,SNBL.KA,
2021-05-24 00:00:00+05:00,4.265609159493512,4.270205826427007,4.113922657586468,4.187467575073242,422500.0,0.0,0.0,0.0,SNBL.KA,
2021-05-25 00:00:00+05:00,4.150695542268542,4.205854236043932,4.123116414562012,4.178275108337402,435000.0,0.0,0.0,0.0,SNBL.KA,
2021-05-26 00:00:00+05:00,4.136905415406724,4.205853663651927,4.136905415406724,4.164484977722168,1342500.0,0.0,0.0,0.0,SNBL.KA,
2021-05-27 00:00:00+05:00,4.201257575873727,4.228836700750124,4.159888450196845,4.187467575073242,2092000.0,0.0,0.0,0.0,SNBL.KA,
2021-05-28 00:00:00+05:00,4.22883659977229,4.362136869124644,4.164485017689118,4.30238151550293,54000.0,0.0,0.0,0.0,SNBL.KA,
2021-05-31 00:00:00+05:00,4.256416578521335,4.2702061419785275,4.228837013244629,4.228837013244629,70000.0,0.0,0.0,0.0,SNBL.KA,
2021-06-01 00:00:00+05:00,4.2288368360971695,4.2518197331379435,4.192064376176853,4.2058539390563965,68500.0,0.0,0.0,0.0,SNBL.KA,
2021-06-02 00:00:00+05:00,4.2058537996218694,4.233433362828927,4.14150221607588,4.182871341705322,154500.0,0.0,0.0,0.0,SNBL.KA,
2021-06-03 00:00:00+05:00,4.182871341705322,4.182871341705322,4.14150221607588,4.182871341705322,246500.0,0.0,0.0,0.0,SNBL.KA,
2021-06-04 00:00:00+05:00,4.146098797022331,4.19666081709738,4.146098797022331,4.173677921295166,365000.0,0.0,0.0,0.0,SNBL.KA,
2021-06-07 00:00:00+05:00,4.2058537996218694,4.2058537996218694,4.164485112354713,4.182871341705322,5432000.0,0.0,0.0,0.0,SNBL.KA,
2021-06-08 00:00:00+05:00,4.182871480377924,4.2288368360971695,4.182871480377924,4.2058539390563965,59000.0,0.0,0.0,0.0,SNBL.KA,
2021-06-09 00:00:00+05:00,4.159888791667929,4.182871689859705,4.159888791667929,4.169081687927246,113500.0,0.0,0.0,0.0,SNBL.KA,
2021-06-10 00:00:00+05:00,4.182871480377924,4.2058539390563965,4.141502353376992,4.2058539390563965,67500.0,0.0,0.0,0.0,SNBL.KA,
2021-06-11 00:00:00+05:00,4.228836492909969,4.228836492909969,4.187467369266309,4.224239826202393,3209500.0,0.0,0.0,0.0,SNBL.KA,
2021-06-14 00:00:00+05:00,4.224239826202393,4.238029826325122,4.13690535056976,4.224239826202393,3887000.0,0.0,0.0,0.0,SNBL.KA,
2021-06-15 00:00:00+05:00,4.274802809251699,4.274802809251699,4.173678321053536,4.228837013244629,55000.0,0.0,0.0,0.0,SNBL.KA,
2021-06-16 00:00:00+05:00,4.228836351449689,4.228836351449689,4.201257228851318,4.201257228851318,514500.0,0.0,0.0,0.0,SNBL.KA,
2021-06-17 00:00:00+05:00,4.215047138311926,4.2242400338166295,4.136905553891656,4.187467575073242,903500.0,0.0,0.0,0.0,SNBL.KA,
2021-06-18 00:00:00+05:00,4.192064242006737,4.192064242006737,4.164485117130339,4.187467575073242,6000.0,0.0,0.0,0.0,SNBL.KA,
2021-06-21 00:00:00+05:00,4.182871655599878,4.242626576701822,4.159888757596343,4.228837013244629,13899000.0,0.0,0.0,0.0,SNBL.KA,
2021-06-22 00:00:00+05:00,4.228836103491105,4.256415662834594,4.19206364994127,4.233432769775391,78000.0,0.0,0.0,0.0,SNBL.KA,
2021-06-23 00:00:00+05:00,4.233433159617546,4.233433159617546,4.20585359773435,4.224239826202393,40000.0,0.0,0.0,0.0,SNBL.KA,
2021-06-24 00:00:00+05:00,4.2058539390563965,4.215047273217626,4.187467709096238,4.2058539390563965,34500.0,0.0,0.0,0.0,SNBL.KA,
2021-06-25 00:00:00+05:00,4.159888583337151,4.2058539390563965,4.159888583337151,4.2058539390563965,30000.0,0.0,0.0,0.0,SNBL.KA,
2021-06-28 00:00:00+05:00,4.228837013244629,4.228837013244629,4.164485424869514,4.228837013244629,87000.0,0.0,0.0,0.0,SNBL.KA,
2021-06-29 00:00:00+05:00,4.228836440739021,4.366733371729238,4.228836440739021,4.343750476837158,283500.0,0.0,0.0,0.0,SNBL.KA,
2021-06-30 00:00:00+05:00,4.362136959685236,4.596561712215157,4.3207678341373335,4.5046305656433105,880500.0,0.0,0.0,0.0,SNBL.KA,
2021-07-01 00:00:00+05:00,4.371330695204099,4.504630979572778,4.320768231171697,4.366734027862549,298500.0,0.0,0.0,0.0,SNBL.KA,
2021-07-02 00:00:00+05:00,4.412699812010329,4.412699812010329,4.297785758972168,4.297785758972168,7000.0,0.0,0.0,0.0,SNBL.KA,
2021-07-05 00:00:00+05:00,4.477050295069129,4.477050295069129,4.297784697170469,4.348346710205078,43500.0,0.0,0.0,0.0,SNBL.KA,
2021-07-06 00:00:00+05:00,4.3667336724355845,4.3667336724355845,4.320767879486084,4.320767879486084,28500.0,0.0,0.0,0.0,SNBL.KA,
2021-07-07 00:00:00+05:00,4.297785447029833,4.302381675662389,4.256416320800781,4.256416320800781,49000.0,0.0,0.0,0.0,SNBL.KA,
2021-07-08 00:00:00+05:00,4.283995151519775,4.3161713799093,4.283995151519775,4.283995151519775,104000.0,0.0,0.0,0.0,SNBL.KA,
2021-07-09 00:00:00+05:00,4.288592087438807,4.334557880388307,4.274802524898872,4.320767879486084,44500.0,0.0,0.0,0.0,SNBL.KA,
2021-07-12 00:00:00+05:00,4.279399173922217,4.311574965834577,4.251819610595703,4.251819610595703,206500.0,0.0,0.0,0.0,SNBL.KA,
2021-07-13 00:00:00+05:00,4.403506296149072,4.403506296149072,4.265609350505273,4.2748026847839355,11000.0,0.0,0.0,0.0,SNBL.KA,
2021-07-14 00:00:00+05:00,4.274802943369773,4.274802943369773,4.242626709810396,4.247223377227783,520500.0,0.0,0.0,0.0,SNBL.KA,
2021-07-15 00:00:00+05:00,4.251819610595703,4.251819610595703,4.24722294364757,4.251819610595703,28500.0,0.0,0.0,0.0,SNBL.KA,
2021-07-16 00:00:00+05:00,4.261012852700908,4.261012852700908,4.2288366231194034,4.238029956817627,44000.0,0.0,0.0,0.0,SNBL.KA,
2021-07-19 00:00:00+05:00,4.238029956817627,4.238029956817627,4.238029956817627,4.238029956817627,0.0,0.0,0.0,0.0,SNBL.KA,
2021-07-20 00:00:00+05:00,4.238029956817627,4.238029956817627,4.238029956817627,4.238029956817627,0.0,0.0,0.0,0.0,SNBL.KA,
2021-07-21 00:00:00+05:00,4.238029956817627,4.238029956817627,4.238029956817627,4.238029956817627,0.0,0.0,0.0,0.0,SNBL.KA,
2021-07-22 00:00:00+05:00,4.238029956817627,4.238029956817627,4.238029956817627,4.238029956817627,0.0,0.0,0.0,0.0,SNBL.KA,
2021-07-23 00:00:00+05:00,4.238029956817627,4.238029956817627,4.238029956817627,4.238029956817627,0.0,0.0,0.0,0.0,SNBL.KA,
2021-07-26 00:00:00+05:00,4.297785707255233,4.297785707255233,4.228837013244629,4.228837013244629,13500.0,0.0,0.0,0.0,SNBL.KA,
2021-07-27 00:00:00+05:00,4.2058539390563965,4.2288368360971695,4.141502353376992,4.2058539390563965,25000.0,0.0,0.0,0.0,SNBL.KA,
2021-07-28 00:00:00+05:00,4.2748026301787165,4.2748026301787165,4.2058539390563965,4.2058539390563965,32500.0,0.0,0.0,0.0,SNBL.KA,
2021-07-29 00:00:00+05:00,4.224240345971458,4.228837013244629,4.2058541152410935,4.228837013244629,300000.0,0.0,0.0,0.0,SNBL.KA,
2021-07-30 00:00:00+05:00,4.293188717808978,4.293188717808978,4.159888445426489,4.182871341705322,124500.0,0.0,0.0,0.0,SNBL.KA,
2021-08-02 00:00:00+05:00,4.274802493360502,4.274802493360502,4.173678012635043,4.187467575073242,81500.0,0.0,0.0,0.0,SNBL.KA,
2021-08-03 00:00:00+05:00,4.274802493360502,4.274802493360502,4.150695116329855,4.187467575073242,33500.0,0.0,0.0,0.0,SNBL.KA,
2021-08-04 00:00:00+05:00,4.205853891177677,4.219643892262538,4.182871432760833,4.196660995483398,53000.0,0.0,0.0,0.0,SNBL.KA,
2021-08-05 00:00:00+05:00,4.196660904127707,4.196660904127707,4.182871341705322,4.182871341705322,33000.0,0.0,0.0,0.0,SNBL.KA,
2021-08-06 00:00:00+05:00,4.187467517260827,4.320767787955827,4.159888392765189,4.306978225708008,310500.0,0.0,0.0,0.0,SNBL.KA,
2021-08-09 00:00:00+05:00,4.196661339595866,4.251820033371256,4.146099313225674,4.178275108337402,42000.0,0.0,0.0,0.0,SNBL.KA,
2021-08-10 00:00:00+05:00,4.1828712064783735,4.233433225967371,4.15069497738331,4.164484977722168,29500.0,0.0,0.0,0.0,SNBL.KA,
2021-08-11 00:00:00+05:00,4.159888506161139,4.196660965399238,4.044974461451507,4.063360691070557,537500.0,0.0,0.0,0.0,SNBL.KA,
2021-08-12 00:00:00+05:00,4.136905670166016,4.136905670166016,4.021991623772515,4.136905670166016,772000.0,0.0,0.0,0.0,SNBL.KA,
2021-08-13 00:00:00+05:00,4.2288367312097,4.2288367312097,4.095536457714211,4.127712249755859,45500.0,0.0,0.0,0.0,SNBL.KA,
2021-08-16 00:00:00+05:00,4.090939521789551,4.127711978380206,4.06336039852769,4.090939521789551,116000.0,0.0,0.0,0.0,SNBL.KA,
2021-08-17 00:00:00+05:00,4.113922279683127,4.159888068071104,4.054166930123655,4.0725531578063965,44000.0,0.0,0.0,0.0,SNBL.KA,
2021-08-18 00:00:00+05:00,4.0725531578063965,4.0725531578063965,4.0725531578063965,4.0725531578063965,0.0,0.0,0.0,0.0,SNBL.KA,
2021-08-19 00:00:00+05:00,4.0725531578063965,4.0725531578063965,4.0725531578063965,4.0725531578063965,0.0,0.0,0.0,0.0,SNBL.KA,
2021-08-20 00:00:00+05:00,4.113922416749275,4.1369053117089996,4.072553293494224,4.090939521789551,127500.0,0.0,0.0,0.0,SNBL.KA,
2021-08-23 00:00:00+05:00,4.141502406279468,4.2748026847839355,4.141502406279468,4.2748026847839355,205000.0,0.0,0.0,0.0,SNBL.KA,
2021-08-24 00:00:00+05:00,4.141501792488969,4.297784945165873,4.141501792488969,4.192063808441162,660000.0,0.0,0.0,0.0,SNBL.KA,
2021-08-25 00:00:00+05:00,4.19206410167534,4.2288365591877515,4.146098748965962,4.164484977722168,200500.0,0.0,0.0,0.0,SNBL.KA,
2021-08-26 00:00:00+05:00,4.2702061769536686,4.2702061769536686,4.169081687927246,4.169081687927246,13000.0,0.0,0.0,0.0,SNBL.KA,
2021-08-27 00:00:00+05:00,4.159888445426489,4.251819592179536,4.136905549147656,4.182871341705322,61500.0,0.0,0.0,0.0,SNBL.KA,
2021-08-30 00:00:00+05:00,4.136905670166016,4.196661026894112,4.0955365433263875,4.136905670166016,84000.0,0.0,0.0,0.0,SNBL.KA,
2021-08-31 00:00:00+05:00,4.136905670166016,4.136905670166016,4.100133210389079,4.136905670166016,89500.0,0.0,0.0,0.0,SNBL.KA,
2021-09-01 00:00:00+05:00,4.136904760644688,4.228835889875462,4.136904760644688,4.141501426696777,449000.0,0.0,0.0,0.0,SNBL.KA,
2021-09-02 00:00:00+05:00,4.178273878389087,4.178273878389087,4.136904760644688,4.141501426696777,19500.0,0.0,0.0,0.0,SNBL.KA,
2021-09-03 00:00:00+05:00,4.141502130189433,4.1782745881280645,4.136905463356534,4.173677921295166,6000.0,0.0,0.0,0.0,SNBL.KA,
2021-09-06 00:00:00+05:00,4.146098883004104,4.192064237199484,4.136905549147656,4.182871341705322,18000.0,0.0,0.0,0.0,SNBL.KA,
2021-09-07 00:00:00+05:00,4.100132308952378,4.146098092748867,4.100132308952378,4.141501426696777,21000.0,0.0,0.0,0.0,SNBL.KA,
2021-09-08 00:00:00+05:00,4.1552917647625245,4.1598884316755536,4.090939743066972,4.118519306182861,148500.0,0.0,0.0,0.0,SNBL.KA,
2021-09-09 00:00:00+05:00,4.205853922657196,4.224240152545664,4.136905670166016,4.136905670166016,19500.0,0.0,0.0,0.0,SNBL.KA,
2021-09-10 00:00:00+05:00,4.15988826751709,4.2150469532099,4.136905372221185,4.15988826751709,3500.0,0.0,0.0,0.0,SNBL.KA,
2021-09-13 00:00:00+05:00,4.136905686296377,4.215047273217626,4.136905686296377,4.2058539390563965,32000.0,0.0,0.0,0.0,SNBL.KA,
2021-09-14 00:00:00+05:00,4.215046790150504,4.224239684895878,4.192063895743694,4.201257228851318,66000.0,0.0,0.0,0.0,SNBL.KA,
2021-09-15 00:00:00+05:00,4.2058541152410935,4.343751064899984,4.2058541152410935,4.228837013244629,6500.0,0.0,0.0,0.0,SNBL.KA,
2021-09-16 00:00:00+05:00,4.251819787449585,4.2748026847839355,4.2196439941988775,4.2748026847839355,50000.0,0.0,0.0,0.0,SNBL.KA,
2021-09-17 00:00:00+05:00,4.265609216428186,4.316171676646934,4.251819653805932,4.256416320800781,85000.0,0.0,0.0,0.0,SNBL.KA,
2021-09-20 00:00:00+05:00,4.19206416987398,4.242626190185547,4.182871274527458,4.242626190185547,8500.0,0.0,0.0,0.0,SNBL.KA,
2021-09-21 00:00:00+05:00,4.242626190185547,4.242626190185547,4.242626190185547,4.242626190185547,0.0,0.0,0.0,0.0,SNBL.KA,
2021-09-22 00:00:00+05:00,4.238029596297513,4.274802051237697,4.182870913887236,4.192063808441162,27000.0,0.0,0.0,0.0,SNBL.KA,
2021-09-23 00:00:00+05:00,4.343750866001857,4.343750866001857,4.136905670166016,4.136905670166016,92500.0,0.0,0.0,0.0,SNBL.KA,
2021-09-24 00:00:00+05:00,4.343750991111224,4.343750991111224,4.077150430868618,4.086343765258789,82000.0,0.0,0.0,0.0,SNBL.KA,
2021-09-27 00:00:00+05:00,4.081746466883422,4.150694710698659,4.081746466883422,4.132308483123779,29000.0,0.0,0.0,0.0,SNBL.KA,
2021-09-28 00:00:00+05:00,4.132308483123779,4.132308483123779,4.132308483123779,4.132308483123779,0.0,0.0,0.0,0.0,SNBL.KA,
2021-09-29 00:00:00+05:00,4.228836695900703,4.228836695900703,4.09093975658999,4.182871341705322,118500.0,0.0,0.0,0.0,SNBL.KA,
2021-09-30 00:00:00+05:00,4.164485261614283,4.2748026416718305,4.15988859452131,4.270205974578857,44000.0,0.0,0.0,0.0,SNBL.KA,
2021-10-01 00:00:00+05:00,4.293188528450333,4.366733442608942,4.136905366682156,4.2885918617248535,94500.0,0.0,0.0,0.0,SNBL.KA,
2021-10-04 00:00:00+05:00,4.274802809251699,4.311575270712427,4.224240345971458,4.228837013244629,21500.0,0.0,0.0,0.0,SNBL.KA,
2021-10-05 00:00:00+05:00,4.306978478034643,4.306978478034643,4.2748026847839355,4.2748026847839355,17000.0,0.0,0.0,0.0,SNBL.KA,
2021-10-06 00:00:00+05:00,4.29778552721949,4.29778552721949,4.164485250417765,4.2058539390563965,9000.0,0.0,0.0,0.0,SNBL.KA,
2021-10-07 00:00:00+05:00,4.215047060934346,4.274802414885965,4.205853727236122,4.238029956817627,184000.0,0.0,0.0,0.0,SNBL.KA,
2021-10-08 00:00:00+05:00,4.228837013244629,4.233433680517799,4.228837013244629,4.228837013244629,44500.0,0.0,0.0,0.0,SNBL.KA,
2021-10-11 00:00:00+05:00,4.2288368360971695,4.2288368360971695,4.136905686296377,4.2058539390563965,36000.0,0.0,0.0,0.0,SNBL.KA,
2021-10-12 00:00:00+05:00,4.1598880199590615,4.192063808441162,4.1598880199590615,4.192063808441162,3500.0,0.0,0.0,0.0,SNBL.KA,
2021-10-13 00:00:00+05:00,4.2058539390563965,4.2058539390563965,4.2058539390563965,4.2058539390563965,1500.0,0.0,0.0,0.0,SNBL.KA,
2021-10-14 00:00:00+05:00,4.316171544769114,4.3207677732612355,4.159888378617736,4.242626190185547,556500.0,0.0,0.0,0.0,SNBL.KA,
2021-10-15 00:00:00+05:00,4.182871402332375,4.311575009652086,4.164485172715273,4.256416320800781,67000.0,0.0,0.0,0.0,SNBL.KA,
2021-10-18 00:00:00+05:00,4.251819388085587,4.2564160547931635,4.141502017277337,4.224239826202393,228000.0,0.0,0.0,0.0,SNBL.KA,
2021-10-19 00:00:00+05:00,4.224239826202393,4.224239826202393,4.224239826202393,4.224239826202393,0.0,0.0,0.0,0.0,SNBL.KA,
2021-10-20 00:00:00+05:00,4.256416023147113,4.2793989181518555,4.164484881490404,4.2793989181518555,79500.0,0.0,0.0,0.0,SNBL.KA,
2021-10-21 00:00:00+05:00,4.302381615631031,4.412699430156662,4.233433365119511,4.375926971435547,408000.0,0.0,0.0,0.0,SNBL.KA,
2021-10-22 00:00:00+05:00,4.375927081678657,4.481647793574722,4.228836804726253,4.265609264373779,192500.0,0.0,0.0,0.0,SNBL.KA,
2021-10-25 00:00:00+05:00,4.366733747585626,4.366733747585626,4.279399265513325,4.265609264373779,7000.0,0.0,0.0,0.0,SNBL.KA,
2021-10-26 00:00:00+05:00,4.297785146483197,4.3023813747943365,4.274802251478455,4.2793989181518555,28500.0,0.0,0.0,0.0,SNBL.KA,
2021-10-27 00:00:00+05:00,4.274802251478455,4.297785146483197,4.274802251478455,4.2793989181518555,51000.0,0.0,0.0,0.0,SNBL.KA,
2021-10-28 00:00:00+05:00,4.288592087438807,4.320767879486084,4.283995420471399,4.320767879486084,54000.0,0.0,0.0,0.0,SNBL.KA,
2021-10-29 00:00:00+05:00,4.25641629539153,4.320767879486084,4.205853835474621,4.320767879486084,91000.0,0.0,0.0,0.0,SNBL.KA,
2021-11-01 00:00:00+05:00,4.477050909544338,4.477050909544338,4.274802391285077,4.30238151550293,1282500.0,0.0,0.0,0.0,SNBL.KA,
2021-11-02 00:00:00+05:00,4.320767151410245,4.362136270421387,4.320767151410245,4.348346710205078,35500.0,0.0,0.0,0.0,SNBL.KA,
2021-11-03 00:00:00+05:00,4.3483473945183855,4.366733623821036,4.302381602080619,4.311574935913086,77000.0,0.0,0.0,0.0,SNBL.KA,
2021-11-04 00:00:00+05:00,4.320767778587775,4.4448751536359055,4.320767778587775,4.4356818199157715,60000.0,0.0,0.0,0.0,SNBL.KA,
2021-11-05 00:00:00+05:00,4.454068270132511,4.481647834299923,4.398909580159988,4.463261604309082,82000.0,0.0,0.0,0.0,SNBL.KA,
2021-11-08 00:00:00+05:00,4.504630507729937,4.523016736807925,4.371330237323952,4.4356818199157715,23500.0,0.0,0.0,0.0,SNBL.KA,
2021-11-09 00:00:00+05:00,4.412699521983156,4.435681980390394,4.389716625213623,4.389716625213623,26500.0,0.0,0.0,0.0,SNBL.KA,
2021-11-10 00:00:00+05:00,4.4586648771599275,4.4586648771599275,4.389716625213623,4.389716625213623,51500.0,0.0,0.0,0.0,SNBL.KA,
2021-11-11 00:00:00+05:00,4.403505753364767,4.412699086510242,4.394312858581543,4.394312858581543,3500.0,0.0,0.0,0.0,SNBL.KA,
2021-11-12 00:00:00+05:00,4.481647407827375,4.481647407827375,4.329960915246814,4.343750476837158,34000.0,0.0,0.0,0.0,SNBL.KA,
2021-11-15 00:00:00+05:00,4.472454024344927,4.472454024344927,4.33455753326416,4.33455753326416,3000.0,0.0,0.0,0.0,SNBL.KA,
2021-11-16 00:00:00+05:00,4.504630779481369,4.513823675393804,4.412699628545485,4.47245454788208,198000.0,0.0,0.0,0.0,SNBL.KA,
2021-11-17 00:00:00+05:00,4.4954367351326665,4.573578310675939,4.440278053283691,4.440278053283691,86000.0,0.0,0.0,0.0,SNBL.KA,
2021-11-18 00:00:00+05:00,4.440278165073637,4.536805970330118,4.440278165073637,4.5184197425842285,7500.0,0.0,0.0,0.0,SNBL.KA,
2021-11-19 00:00:00+05:00,4.550596412647914,4.734459164069065,4.527613952287311,4.57357931137085,496500.0,0.0,0.0,0.0,SNBL.KA,
2021-11-22 00:00:00+05:00,4.596561458126499,4.619544353089583,4.536806106567383,4.536806106567383,57500.0,0.0,0.0,0.0,SNBL.KA,
2021-11-23 00:00:00+05:00,4.59196460378971,4.59196460378971,4.504630132534025,4.5092267990112305,57000.0,0.0,0.0,0.0,SNBL.KA,
2021-11-24 00:00:00+05:00,4.4586642578347,4.550595393780958,4.435681364257578,4.500033378601074,85000.0,0.0,0.0,0.0,SNBL.KA,
2021-11-25 00:00:00+05:00,4.481647834299923,4.490841168476494,4.458664937220797,4.463261604309082,40500.0,0.0,0.0,0.0,SNBL.KA,
2021-11-26 00:00:00+05:00,4.596561849073676,4.596561849073676,4.320767962784336,4.523016929626465,70500.0,0.0,0.0,0.0,SNBL.KA,
2021-11-29 00:00:00+05:00,4.5505960241339,4.596561817655371,4.504630668974723,4.582772254943848,361500.0,0.0,0.0,0.0,SNBL.KA,
2021-11-30 00:00:00+05:00,4.555192427103606,4.555192427103606,4.550595760345459,4.550595760345459,100000.0,0.0,0.0,0.0,SNBL.KA,
2021-12-01 00:00:00+05:00,4.463261440095409,4.5046305656433105,4.463261440095409,4.5046305656433105,3500.0,0.0,0.0,0.0,SNBL.KA,
2021-12-02 00:00:00+05:00,4.5735788463819995,4.5735788463819995,4.435681906426493,4.444875240325928,130500.0,0.0,0.0,0.0,SNBL.KA,
2021-12-03 00:00:00+05:00,4.375926904184019,4.4356818199157715,4.375926904184019,4.4356818199157715,4000.0,0.0,0.0,0.0,SNBL.KA,
2021-12-06 00:00:00+05:00,4.251819399284397,4.417295455932617,4.251819399284397,4.417295455932617,10500.0,0.0,0.0,0.0,SNBL.KA,
2021-12-07 00:00:00+05:00,4.412699832348654,4.5689825769765156,4.412699832348654,4.43108606338501,9500.0,0.0,0.0,0.0,SNBL.KA,
2021-12-08 00:00:00+05:00,4.440278951878051,4.440278951878051,4.366734027862549,4.366734027862549,36500.0,0.0,0.0,0.0,SNBL.KA,
2021-12-09 00:00:00+05:00,4.440278797359066,4.477051258087158,4.412699670994152,4.477051258087158,14500.0,0.0,0.0,0.0,SNBL.KA,
2021-12-10 00:00:00+05:00,4.366733570463885,4.4356818199157715,4.366733570463885,4.4356818199157715,2000.0,0.0,0.0,0.0,SNBL.KA,
2021-12-13 00:00:00+05:00,4.458664437150863,4.4816473316523,4.394312858581543,4.394312858581543,23000.0,0.0,0.0,0.0,SNBL.KA,
2021-12-14 00:00:00+05:00,4.389716438302042,4.495437145233154,4.389716438302042,4.495437145233154,5500.0,0.0,0.0,0.0,SNBL.KA,
2021-12-15 00:00:00+05:00,4.5046305656433105,4.5046305656433105,4.5046305656433105,4.5046305656433105,1000.0,0.0,0.0,0.0,SNBL.KA,
2021-12-16 00:00:00+05:00,4.435681591795701,4.435681591795701,4.403505802154541,4.403505802154541,10500.0,0.0,0.0,0.0,SNBL.KA,
2021-12-17 00:00:00+05:00,4.238029618859526,4.596561275616159,4.238029618859526,4.51382303237915,60000.0,0.0,0.0,0.0,SNBL.KA,
2021-12-20 00:00:00+05:00,4.435681450462676,4.527613026557808,4.435681450462676,4.5092267990112305,5000.0,0.0,0.0,0.0,SNBL.KA,
2021-12-21 00:00:00+05:00,4.52301679495768,4.527613461876844,4.435681876942713,4.5046305656433105,4000.0,0.0,0.0,0.0,SNBL.KA,
2021-12-22 00:00:00+05:00,4.541402860224419,4.55059575536839,4.541402860224419,4.545999526977539,11500.0,0.0,0.0,0.0,SNBL.KA,
2021-12-23 00:00:00+05:00,4.435681721565399,4.550595760345459,4.435681721565399,4.550595760345459,5000.0,0.0,0.0,0.0,SNBL.KA,
2021-12-24 00:00:00+05:00,4.550595760345459,4.550595760345459,4.550595760345459,4.550595760345459,0.0,0.0,0.0,0.0,SNBL.KA,
2021-12-27 00:00:00+05:00,4.394313189757096,4.5046305656433105,4.3667336266043995,4.5046305656433105,28500.0,0.0,0.0,0.0,SNBL.KA,
2021-12-28 00:00:00+05:00,4.5046305656433105,4.5046305656433105,4.5046305656433105,4.5046305656433105,0.0,0.0,0.0,0.0,SNBL.KA,
2021-12-29 00:00:00+05:00,4.50463057695945,4.50463057695945,4.366733637574125,4.375926971435547,25000.0,0.0,0.0,0.0,SNBL.KA,
2021-12-30 00:00:00+05:00,4.500034064290764,4.5046307313790495,4.463261604309082,4.463261604309082,5500.0,0.0,0.0,0.0,SNBL.KA,
2021-12-31 00:00:00+05:00,4.463261604309082,4.463261604309082,4.463261604309082,4.463261604309082,0.0,0.0,0.0,0.0,SNBL.KA,
2022-01-03 00:00:00+05:00,4.4218923439396285,4.449471907275645,4.4218923439396285,4.444875240325928,39500.0,0.0,0.0,0.0,SNBL.KA,
2022-01-04 00:00:00+05:00,4.481647373561671,4.527613162994385,4.481647373561671,4.527613162994385,2000.0,0.0,0.0,0.0,SNBL.KA,
2022-01-05 00:00:00+05:00,4.504630507729937,4.504630507729937,4.4356818199157715,4.4356818199157715,13500.0,0.0,0.0,0.0,SNBL.KA,
2022-01-06 00:00:00+05:00,4.481647373561671,4.527613162994385,4.481647373561671,4.527613162994385,11000.0,0.0,0.0,0.0,SNBL.KA,
2022-01-07 00:00:00+05:00,4.458664963787806,4.610351471706645,4.458664963787806,4.596561908721924,112500.0,0.0,0.0,0.0,SNBL.KA,
2022-01-10 00:00:00+05:00,4.587368011474609,4.587368011474609,4.587368011474609,4.587368011474609,3500.0,0.0,0.0,0.0,SNBL.KA,
2022-01-11 00:00:00+05:00,4.591965542676731,4.596562210093785,4.550596412647914,4.57357931137085,324000.0,0.0,0.0,0.0,SNBL.KA,
2022-01-12 00:00:00+05:00,4.596561551202391,4.596561551202391,4.550595760345459,4.550595760345459,43500.0,0.0,0.0,0.0,SNBL.KA,
2022-01-13 00:00:00+05:00,4.591965045295994,4.6103512746103625,4.5046305656433105,4.5046305656433105,108500.0,0.0,0.0,0.0,SNBL.KA,
2022-01-14 00:00:00+05:00,4.5965614087812,4.637930531598192,4.486244040177393,4.527613162994385,4500.0,0.0,0.0,0.0,SNBL.KA,
2022-01-17 00:00:00+05:00,4.527613655436016,4.596561908721924,4.486244528119551,4.596561908721924,4500.0,0.0,0.0,0.0,SNBL.KA,
2022-01-18 00:00:00+05:00,4.5046305656433105,4.5046305656433105,4.5046305656433105,4.5046305656433105,1000.0,0.0,0.0,0.0,SNBL.KA,
2022-01-19 00:00:00+05:00,4.5368060629832145,4.5368060629832145,4.532209396362305,4.532209396362305,3500.0,0.0,0.0,0.0,SNBL.KA,
2022-01-20 00:00:00+05:00,4.532209396362305,4.532209396362305,4.532209396362305,4.532209396362305,0.0,0.0,0.0,0.0,SNBL.KA,
2022-01-21 00:00:00+05:00,4.5046305656433105,4.5046305656433105,4.5046305656433105,4.5046305656433105,500.0,0.0,0.0,0.0,SNBL.KA,
2022-01-24 00:00:00+05:00,4.5092267990112305,4.5092267990112305,4.5092267990112305,4.5092267990112305,1500.0,0.0,0.0,0.0,SNBL.KA,
2022-01-25 00:00:00+05:00,4.587368640271435,4.587368640271435,4.251819826537017,4.477051258087158,136000.0,0.0,0.0,0.0,SNBL.KA,
2022-01-26 00:00:00+05:00,4.582772302734063,4.591965198516846,4.582772302734063,4.591965198516846,9000.0,0.0,0.0,0.0,SNBL.KA,
2022-01-27 00:00:00+05:00,4.449471950531006,4.449471950531006,4.449471950531006,4.449471950531006,500.0,0.0,0.0,0.0,SNBL.KA,
2022-01-28 00:00:00+05:00,4.591965198516846,4.591965198516846,4.591965198516846,4.591965198516846,500.0,0.0,0.0,0.0,SNBL.KA,
2022-01-31 00:00:00+05:00,4.477050644411686,4.596561344577644,4.477050644411686,4.587368011474609,121500.0,0.0,0.0,0.0,SNBL.KA,
2022-02-01 00:00:00+05:00,4.320768302143224,4.596562210093785,4.320768302143224,4.57357931137085,115500.0,0.0,0.0,0.0,SNBL.KA,
2022-02-02 00:00:00+05:00,4.688492828438781,4.688492828438781,4.550595890292464,4.564385890960693,36500.0,0.0,0.0,0.0,SNBL.KA,
2022-02-03 00:00:00+05:00,4.596561344577644,4.596561344577644,4.5597888888900036,4.587368011474609,202500.0,0.0,0.0,0.0,SNBL.KA,
2022-02-04 00:00:00+05:00,4.550595919748091,4.550595919748091,4.500033898724148,4.5046305656433105,77500.0,0.0,0.0,0.0,SNBL.KA,
2022-02-07 00:00:00+05:00,4.5092270265330185,4.541402816772461,4.5092270265330185,4.541402816772461,6500.0,0.0,0.0,0.0,SNBL.KA,
2022-02-08 00:00:00+05:00,4.6425270583144815,4.6425270583144815,4.5092267990112305,4.5092267990112305,112000.0,0.0,0.0,0.0,SNBL.KA,
2022-02-09 00:00:00+05:00,4.596561865589387,4.619544762589793,4.550596071588573,4.591965198516846,125000.0,0.0,0.0,0.0,SNBL.KA,
2022-02-10 00:00:00+05:00,4.702282758625013,4.702282758625013,4.596562042071286,4.614948272705078,449500.0,0.0,0.0,0.0,SNBL.KA,
2022-02-11 00:00:00+05:00,4.68389595056084,4.68389595056084,4.596561475407493,4.601158142089844,6500.0,0.0,0.0,0.0,SNBL.KA,
2022-02-14 00:00:00+05:00,4.6884927548833195,4.711475650607519,4.619544506072998,4.619544506072998,10000.0,0.0,0.0,0.0,SNBL.KA,
2022-02-15 00:00:00+05:00,4.683895744238069,4.7804235485041255,4.665509516680832,4.766633987426758,147500.0,0.0,0.0,0.0,SNBL.KA,
2022-02-16 00:00:00+05:00,4.734459214609158,4.80340747315165,4.642528057098389,4.642528057098389,204000.0,0.0,0.0,0.0,SNBL.KA,
2022-02-17 00:00:00+05:00,4.729861891237457,5.005655763886854,4.725265224408769,4.817196369171143,2760500.0,0.0,0.0,0.0,SNBL.KA,
2022-02-18 00:00:00+05:00,4.849372685775571,5.056217874799456,4.803406893387026,4.826389789581299,16356000.0,0.0,0.0,0.0,SNBL.KA,
2022-02-21 00:00:00+05:00,4.830986757051667,4.899935011561804,4.780424294606075,4.803407192230225,220500.0,0.0,0.0,0.0,SNBL.KA,
2022-02-22 00:00:00+05:00,4.8723557003453655,4.890741930075026,4.711475861439111,4.775827884674072,874500.0,0.0,0.0,0.0,SNBL.KA,
2022-02-23 00:00:00+05:00,4.780424161178077,4.82638995514341,4.734458805575043,4.78502082824707,188500.0,0.0,0.0,0.0,SNBL.KA,
2022-02-24 00:00:00+05:00,4.734458923339844,4.803407177640562,4.716072692968832,4.734458923339844,441500.0,0.0,0.0,0.0,SNBL.KA,
2022-02-25 00:00:00+05:00,4.780424280086219,4.780424280086219,4.674703565043478,4.734458923339844,308500.0,0.0,0.0,0.0,SNBL.KA,
2022-02-28 00:00:00+05:00,4.693089763131132,4.80340714459834,4.665510198583176,4.794214248657227,158500.0,0.0,0.0,0.0,SNBL.KA,
2022-03-01 00:00:00+05:00,4.775827682799782,4.82179303599983,4.68849276650382,4.817196369171143,98500.0,0.0,0.0,0.0,SNBL.KA,
2022-03-02 00:00:00+05:00,4.693089517689259,4.826389789581299,4.688492850777948,4.826389789581299,647500.0,0.0,0.0,0.0,SNBL.KA,
2022-03-03 00:00:00+05:00,4.872355625634348,4.872355625634348,4.826389832833872,4.830986499786377,200000.0,0.0,0.0,0.0,SNBL.KA,
2022-03-04 00:00:00+05:00,4.835582738339194,4.872355193976871,4.628737127424452,4.840178966522217,76500.0,0.0,0.0,0.0,SNBL.KA,
2022-03-07 00:00:00+05:00,4.872355870303589,4.872355870303589,4.69768646259782,4.734458923339844,424000.0,0.0,0.0,0.0,SNBL.KA,
2022-03-08 00:00:00+05:00,4.734458354254777,4.771230810576727,4.711475459462993,4.720668792724609,118500.0,0.0,0.0,0.0,SNBL.KA,
2022-03-09 00:00:00+05:00,4.771231174468994,4.7804240700694764,4.7252653813797085,4.771231174468994,41000.0,0.0,0.0,0.0,SNBL.KA,
2022-03-10 00:00:00+05:00,4.867758522212202,4.886144750011326,4.8263894000736105,4.835582733154297,286000.0,0.0,0.0,0.0,SNBL.KA,
2022-03-11 00:00:00+05:00,4.734458538214794,4.895337931283819,4.7298618714053795,4.748248100280762,19000.0,0.0,0.0,0.0,SNBL.KA,
2022-03-14 00:00:00+05:00,4.780423878623698,4.895337918382559,4.766634316594072,4.8723554611206055,217500.0,0.0,0.0,0.0,SNBL.KA,
2022-03-15 00:00:00+05:00,4.909127918774459,4.909127918774459,4.830986336669452,4.8723554611206055,1879000.0,0.0,0.0,0.0,SNBL.KA,
2022-03-16 00:00:00+05:00,5.273923514691012,5.273923514691012,4.738499828351613,4.947314739227295,95000.0,1.5,0.0,0.0,SNBL.KA,
2022-03-17 00:00:00+05:00,5.016919756652173,5.016919756652173,4.888418197631836,4.888418197631836,9500.0,0.0,0.0,0.0,SNBL.KA,
2022-03-18 00:00:00+05:00,4.65818573919831,4.920543210011389,4.65818573919831,4.7813334465026855,41000.0,0.0,0.0,0.0,SNBL.KA,
2022-03-21 00:00:00+05:00,4.765270233154297,4.931251787669098,4.71172817506097,4.765270233154297,26000.0,0.0,0.0,0.0,SNBL.KA,
2022-03-22 00:00:00+05:00,4.7384990801612155,4.888417545691161,4.658185233519656,4.824166774749756,115000.0,0.0,0.0,0.0,SNBL.KA,
2022-03-23 00:00:00+05:00,4.824166774749756,4.824166774749756,4.824166774749756,4.824166774749756,0.0,0.0,0.0,0.0,SNBL.KA,
2022-03-24 00:00:00+05:00,4.792041299721377,4.792041299721377,4.717082319673512,4.7438530921936035,8000.0,0.0,0.0,0.0,SNBL.KA,
2022-03-25 00:00:00+05:00,4.818813151315581,4.872355723911458,4.818813151315581,4.85093879699707,11500.0,0.0,0.0,0.0,SNBL.KA,
2022-03-28 00:00:00+05:00,4.738499576319019,5.05975346466383,4.711728291302004,5.0169196128845215,58500.0,0.0,0.0,0.0,SNBL.KA,
2022-03-29 00:00:00+05:00,4.824167326952985,4.931251957446212,4.824167326952985,4.925897598266602,15500.0,0.0,0.0,0.0,SNBL.KA,
2022-03-30 00:00:00+05:00,4.84558399715068,5.0865245306910385,4.824167072183087,4.995502471923828,76500.0,0.0,0.0,0.0,SNBL.KA,
2022-03-31 00:00:00+05:00,4.893772204580908,4.979439904426739,4.87235527961945,4.899126052856445,1166000.0,0.0,0.0,0.0,SNBL.KA,
2022-04-01 00:00:00+05:00,4.995502735742147,4.995502735742147,4.925897598266602,4.925897598266602,4500.0,0.0,0.0,0.0,SNBL.KA,
2022-04-04 00:00:00+05:00,4.952668620569974,4.974085545531432,4.845583995762685,4.899126052856445,60000.0,0.0,0.0,0.0,SNBL.KA,
2022-04-05 00:00:00+05:00,4.979440212249756,4.979440212249756,4.979440212249756,4.979440212249756,25000.0,0.0,0.0,0.0,SNBL.KA,
2022-04-06 00:00:00+05:00,5.000856999970687,5.0811703436607525,4.979440074278685,5.05975341796875,108500.0,0.0,0.0,0.0,SNBL.KA,
2022-04-07 00:00:00+05:00,4.925897757148242,5.086524963378906,4.925897757148242,5.086524963378906,25500.0,0.0,0.0,0.0,SNBL.KA,
2022-04-08 00:00:00+05:00,5.091878890991211,5.113295815964706,5.086524532092895,5.091878890991211,157000.0,0.0,0.0,0.0,SNBL.KA,
2022-04-11 00:00:00+05:00,5.140067054926974,5.161483979713346,5.006211147357207,5.1347126960754395,33500.0,0.0,0.0,0.0,SNBL.KA,
2022-04-12 00:00:00+05:00,5.193609157655926,5.300693782537743,5.134712741625869,5.140067100524902,104500.0,0.0,0.0,0.0,SNBL.KA,
2022-04-13 00:00:00+05:00,5.140067100524902,5.188254798756893,5.113295816649505,5.140067100524902,238500.0,0.0,0.0,0.0,SNBL.KA,
2022-04-14 00:00:00+05:00,5.1400668020154034,5.273922702998932,5.1400668020154034,5.252505779266357,162000.0,0.0,0.0,0.0,SNBL.KA,
2022-04-15 00:00:00+05:00,5.198963123651803,5.2471513288618175,5.198963123651803,5.241796970367432,107000.0,0.0,0.0,0.0,SNBL.KA,
2022-04-18 00:00:00+05:00,5.236443133598333,5.257860059089991,5.2203805671345345,5.247151851654053,69000.0,0.0,0.0,0.0,SNBL.KA,
2022-04-19 00:00:00+05:00,5.273922702998932,5.273922702998932,5.2203801383576245,5.252505779266357,123500.0,0.0,0.0,0.0,SNBL.KA,
2022-04-20 00:00:00+05:00,5.220380828234856,5.225735187530518,5.220380828234856,5.225735187530518,63000.0,0.0,0.0,0.0,SNBL.KA,
2022-04-21 00:00:00+05:00,5.113296151193096,5.2739233543349355,5.113296151193096,5.220380783081055,108500.0,0.0,0.0,0.0,SNBL.KA,
2022-04-22 00:00:00+05:00,5.177546977996826,5.177546977996826,5.177546977996826,5.177546977996826,5000.0,0.0,0.0,0.0,SNBL.KA,
2022-04-25 00:00:00+05:00,5.1668381690979,5.172192528302969,5.140067394312155,5.1668381690979,32500.0,0.0,0.0,0.0,SNBL.KA,
2022-04-26 00:00:00+05:00,5.172192231986876,5.172192231986876,5.086524532092895,5.091878890991211,726500.0,0.0,0.0,0.0,SNBL.KA,
2022-04-27 00:00:00+05:00,5.113295722709276,5.113295722709276,5.032981872558594,5.032981872558594,759500.0,0.0,0.0,0.0,SNBL.KA,
2022-04-28 00:00:00+05:00,5.011564780602119,5.081169910826838,4.979439650110551,5.065107345581055,117500.0,0.0,0.0,0.0,SNBL.KA,
2022-04-29 00:00:00+05:00,5.065107345581055,5.065107345581055,5.065107345581055,5.065107345581055,0.0,0.0,0.0,0.0,SNBL.KA,
2022-05-02 00:00:00+05:00,5.065107345581055,5.065107345581055,5.065107345581055,5.065107345581055,0.0,0.0,0.0,0.0,SNBL.KA,
2022-05-03 00:00:00+05:00,5.065107345581055,5.065107345581055,5.065107345581055,5.065107345581055,0.0,0.0,0.0,0.0,SNBL.KA,
2022-05-04 00:00:00+05:00,5.065107345581055,5.065107345581055,5.065107345581055,5.065107345581055,0.0,0.0,0.0,0.0,SNBL.KA,
2022-05-05 00:00:00+05:00,5.065107345581055,5.065107345581055,5.065107345581055,5.065107345581055,0.0,0.0,0.0,0.0,SNBL.KA,
2022-05-06 00:00:00+05:00,5.032982272653422,5.032982272653422,4.979440212249756,4.979440212249756,2000.0,0.0,0.0,0.0,SNBL.KA,
2022-05-09 00:00:00+05:00,4.818812967773375,4.979440168823112,4.818812967773375,4.925897598266602,177000.0,0.0,0.0,0.0,SNBL.KA,
2022-05-10 00:00:00+05:00,4.877708957636805,4.899125881850697,4.877708957636805,4.883063316345215,42500.0,0.0,0.0,0.0,SNBL.KA,
2022-05-11 00:00:00+05:00,4.8830637479145445,4.8830637479145445,4.87770938873291,4.87770938873291,4000.0,0.0,0.0,0.0,SNBL.KA,
2022-05-12 00:00:00+05:00,4.829521349909663,4.856292122704388,4.829521349909663,4.845583915710449,212000.0,0.0,0.0,0.0,SNBL.KA,
2022-05-13 00:00:00+05:00,5.059753558165155,5.059753558165155,4.979440212249756,4.979440212249756,12000.0,0.0,0.0,0.0,SNBL.KA,
2022-05-16 00:00:00+05:00,4.81881232431547,5.000856427155433,4.813457965850829,4.81345796585083,38500.0,0.0,0.0,0.0,SNBL.KA,
2022-05-17 00:00:00+05:00,4.936606193041017,4.952668759557936,4.818812847137451,4.818812847137451,36500.0,0.0,0.0,0.0,SNBL.KA,
2022-05-18 00:00:00+05:00,4.925897598266602,4.925897598266602,4.818812967773375,4.925897598266602,79500.0,0.0,0.0,0.0,SNBL.KA,
2022-05-19 00:00:00+05:00,4.95266853302767,5.032981872558594,4.95266853302767,5.032981872558594,7000.0,0.0,0.0,0.0,SNBL.KA,
2022-05-20 00:00:00+05:00,5.065107514742818,5.086524439325715,5.032981872558594,5.032981872558594,197000.0,0.0,0.0,0.0,SNBL.KA,
2022-05-23 00:00:00+05:00,4.925897669617903,5.086524872994317,4.925897669617903,5.0758161544799805,62000.0,0.0,0.0,0.0,SNBL.KA,
2022-05-24 00:00:00+05:00,5.086524963378906,5.086524963378906,5.086524963378906,5.086524963378906,500.0,0.0,0.0,0.0,SNBL.KA,
2022-05-25 00:00:00+05:00,4.979440212249756,4.979440212249756,4.952668926738022,4.979440212249756,118500.0,0.0,0.0,0.0,SNBL.KA,
2022-05-26 00:00:00+05:00,5.081170513737149,5.081170513737149,5.032982301662244,5.0758161544799805,107000.0,0.0,0.0,0.0,SNBL.KA,
2022-05-27 00:00:00+05:00,5.075816244674283,5.086524963378906,5.0329823910954135,5.086524963378906,487500.0,0.0,0.0,0.0,SNBL.KA,
2022-05-30 00:00:00+05:00,5.075816244674283,5.086524963378906,5.00621161557348,5.086524963378906,79500.0,0.0,0.0,0.0,SNBL.KA,
2022-05-31 00:00:00+05:00,4.9526686668396,4.979439950946471,4.872355325138758,4.9526686668396,51000.0,0.0,0.0,0.0,SNBL.KA,
2022-06-01 00:00:00+05:00,5.0329823910954135,5.086524963378906,4.979440329431734,5.086524963378906,8000.0,0.0,0.0,0.0,SNBL.KA,
2022-06-02 00:00:00+05:00,5.032981872558594,5.129358288491509,5.032981872558594,5.032981872558594,131500.0,0.0,0.0,0.0,SNBL.KA,
2022-06-03 00:00:00+05:00,5.027628160214885,5.03298200854044,4.925897382732728,4.9526686668396,312000.0,0.0,0.0,0.0,SNBL.KA,
2022-06-06 00:00:00+05:00,5.059753820843224,5.059753820843224,4.883064042160623,5.006211757659912,113500.0,0.0,0.0,0.0,SNBL.KA,
2022-06-07 00:00:00+05:00,5.032981872558594,5.032981872558594,5.006211099794792,5.032981872558594,26000.0,0.0,0.0,0.0,SNBL.KA,
2022-06-08 00:00:00+05:00,5.300693685154684,5.300693685154684,5.006211099794792,5.032981872558594,103000.0,0.0,0.0,0.0,SNBL.KA,
2022-06-09 00:00:00+05:00,5.006211757659912,5.006211757659912,5.006211757659912,5.006211757659912,301500.0,0.0,0.0,0.0,SNBL.KA,
2022-06-10 00:00:00+05:00,4.979440212249756,5.006211497761489,4.952668926738022,4.979440212249756,234500.0,0.0,0.0,0.0,SNBL.KA,
2022-06-13 00:00:00+05:00,4.979439904426739,4.979439904426739,4.899126052856445,4.899126052856445,201500.0,0.0,0.0,0.0,SNBL.KA,
2022-06-14 00:00:00+05:00,4.979440168823112,4.979440168823112,4.925897598266602,4.925897598266602,100000.0,0.0,0.0,0.0,SNBL.KA,
2022-06-15 00:00:00+05:00,4.925897812198512,4.9794403850803794,4.925897812198512,4.947314739227295,103500.0,0.0,0.0,0.0,SNBL.KA,
2022-06-16 00:00:00+05:00,4.9526686668396,4.9526686668396,4.9526686668396,4.9526686668396,100000.0,0.0,0.0,0.0,SNBL.KA,
2022-06-17 00:00:00+05:00,4.9526686668396,4.9526686668396,4.9526686668396,4.9526686668396,301000.0,0.0,0.0,0.0,SNBL.KA,
2022-06-20 00:00:00+05:00,4.9526686668396,4.9526686668396,4.9526686668396,4.9526686668396,100000.0,0.0,0.0,0.0,SNBL.KA,
2022-06-21 00:00:00+05:00,4.925897382732728,4.9526686668396,4.925897382732728,4.9526686668396,28500.0,0.0,0.0,0.0,SNBL.KA,
2022-06-22 00:00:00+05:00,4.877709173464314,4.9526686668396,4.877709173464314,4.9526686668396,151500.0,0.0,0.0,0.0,SNBL.KA,
2022-06-23 00:00:00+05:00,4.9526686668396,4.9526686668396,4.9526686668396,4.9526686668396,150500.0,0.0,0.0,0.0,SNBL.KA,
2022-06-24 00:00:00+05:00,4.824167160497213,4.925897428300671,4.824167160497213,4.86164665222168,6000.0,0.0,0.0,0.0,SNBL.KA,
2022-06-27 00:00:00+05:00,4.899126266535273,4.979440121608511,4.899126266535273,4.96873140335083,150000.0,0.0,0.0,0.0,SNBL.KA,
2022-06-28 00:00:00+05:00,4.845584516288226,4.952669152598831,4.818813229555619,4.856292724609375,174000.0,0.0,0.0,0.0,SNBL.KA,
2022-06-29 00:00:00+05:00,5.300693645514884,5.300693645514884,4.925897212807123,4.936605930328369,102000.0,0.0,0.0,0.0,SNBL.KA,
2022-06-30 00:00:00+05:00,4.845584161048719,5.247151900738616,4.8241672353567155,5.05975341796875,948500.0,0.0,0.0,0.0,SNBL.KA,
2022-07-01 00:00:00+05:00,5.05975341796875,5.05975341796875,5.05975341796875,5.05975341796875,0.0,0.0,0.0,0.0,SNBL.KA,
2022-07-04 00:00:00+05:00,5.05975341796875,5.05975341796875,5.05975341796875,5.05975341796875,0.0,0.0,0.0,0.0,SNBL.KA,
2022-07-05 00:00:00+05:00,4.856292671700012,4.947314739227295,4.818813177054595,4.947314739227295,11500.0,0.0,0.0,0.0,SNBL.KA,
2022-07-06 00:00:00+05:00,4.925897474949882,4.947314400512369,4.818812847137451,4.818812847137451,29500.0,0.0,0.0,0.0,SNBL.KA,
2022-07-07 00:00:00+05:00,4.936605930328369,4.936605930328369,4.936605930328369,4.936605930328369,500.0,0.0,0.0,0.0,SNBL.KA,
2022-07-08 00:00:00+05:00,4.936605930328369,4.936605930328369,4.936605930328369,4.936605930328369,0.0,0.0,0.0,0.0,SNBL.KA,
2022-07-11 00:00:00+05:00,4.936605930328369,4.936605930328369,4.936605930328369,4.936605930328369,0.0,0.0,0.0,0.0,SNBL.KA,
2022-07-12 00:00:00+05:00,4.936605930328369,4.936605930328369,4.936605930328369,4.936605930328369,0.0,0.0,0.0,0.0,SNBL.KA,
2022-07-13 00:00:00+05:00,4.947314620676019,4.947314620676019,4.81881306158257,4.8402299880981445,53500.0,0.0,0.0,0.0,SNBL.KA,
2022-07-14 00:00:00+05:00,4.8402299880981445,4.8402299880981445,4.8402299880981445,4.8402299880981445,0.0,0.0,0.0,0.0,SNBL.KA,
2022-07-15 00:00:00+05:00,4.899126008406393,4.941959857940674,4.872355235412289,4.941959857940674,201000.0,0.0,0.0,0.0,SNBL.KA,
2022-07-18 00:00:00+05:00,4.877709047312024,4.89912597191966,4.818812632295964,4.845583915710449,138000.0,0.0,0.0,0.0,SNBL.KA,
2022-07-19 00:00:00+05:00,4.8295215652285854,4.8295215652285854,4.818812847137451,4.818812847137451,20000.0,0.0,0.0,0.0,SNBL.KA,
2022-07-20 00:00:00+05:00,4.818812846506908,4.867001056671143,4.818812846506908,4.867001056671143,7500.0,0.0,0.0,0.0,SNBL.KA,
2022-07-21 00:00:00+05:00,4.829521133316474,4.829521133316474,4.818812416183038,4.824166774749756,12000.0,0.0,0.0,0.0,SNBL.KA,
2022-07-22 00:00:00+05:00,4.818813259968752,5.006211757659912,4.818813259968752,5.006211757659912,205000.0,0.0,0.0,0.0,SNBL.KA,
2022-07-25 00:00:00+05:00,4.845584176266578,4.8723554611206055,4.845584176266578,4.8723554611206055,100000.0,0.0,0.0,0.0,SNBL.KA,
2022-07-26 00:00:00+05:00,4.818812632295964,4.845583915710449,4.818812632295964,4.845583915710449,64500.0,0.0,0.0,0.0,SNBL.KA,
2022-07-27 00:00:00+05:00,4.818812847137451,4.824167206183018,4.818812847137451,4.818812847137451,22500.0,0.0,0.0,0.0,SNBL.KA,
2022-07-28 00:00:00+05:00,4.8723554611206055,5.054399074764458,4.81881289141255,4.8723554611206055,106500.0,0.0,0.0,0.0,SNBL.KA,
2022-07-29 00:00:00+05:00,4.925897901689496,4.979440475544095,4.818813264600125,4.958023548126221,127500.0,0.0,0.0,0.0,SNBL.KA,
2022-08-01 00:00:00+05:00,4.958023548126221,4.958023548126221,4.958023548126221,4.958023548126221,0.0,0.0,0.0,0.0,SNBL.KA,
2022-08-02 00:00:00+05:00,4.8723554611206055,4.8723554611206055,4.8723554611206055,4.8723554611206055,35000.0,0.0,0.0,0.0,SNBL.KA,
2022-08-03 00:00:00+05:00,4.551100737932681,4.9794397330385305,4.551100737932681,4.931251525878906,107000.0,0.0,0.0,0.0,SNBL.KA,
2022-08-04 00:00:00+05:00,4.979440168823112,4.979440168823112,4.925897598266602,4.925897598266602,62000.0,0.0,0.0,0.0,SNBL.KA,
2022-08-05 00:00:00+05:00,4.979440212249756,4.979440212249756,4.952668926738022,4.979440212249756,92000.0,0.0,0.0,0.0,SNBL.KA,
2022-08-08 00:00:00+05:00,4.979440212249756,4.979440212249756,4.979440212249756,4.979440212249756,0.0,0.0,0.0,0.0,SNBL.KA,
2022-08-09 00:00:00+05:00,4.979440212249756,4.979440212249756,4.979440212249756,4.979440212249756,0.0,0.0,0.0,0.0,SNBL.KA,
2022-08-10 00:00:00+05:00,4.979440212249756,4.979440212249756,4.979440212249756,4.979440212249756,0.0,0.0,0.0,0.0,SNBL.KA,
2022-08-11 00:00:00+05:00,4.979440212249756,4.979440212249756,4.979440212249756,4.979440212249756,0.0,0.0,0.0,0.0,SNBL.KA,
2022-08-12 00:00:00+05:00,4.872355324875219,4.904480457305908,4.872355324875219,4.904480457305908,5500.0,0.0,0.0,0.0,SNBL.KA,
2022-08-15 00:00:00+05:00,4.904480325061212,5.086524439325715,4.904480325061212,5.032981872558594,4069000.0,0.0,0.0,0.0,SNBL.KA,
2022-08-16 00:00:00+05:00,5.086524963378906,5.086524963378906,4.979440329431734,5.086524963378906,4009500.0,0.0,0.0,0.0,SNBL.KA,
2022-08-17 00:00:00+05:00,5.059753558165155,5.124004337021434,4.979440212249756,4.979440212249756,1833500.0,0.0,0.0,0.0,SNBL.KA,
2022-08-18 00:00:00+05:00,5.054399011609348,5.354236479112343,5.054399011609348,5.247151851654053,1091500.0,0.0,0.0,0.0,SNBL.KA,
2022-08-19 00:00:00+05:00,5.097233463867907,5.193609374984545,5.097233463867907,5.161484241485596,4000.0,0.0,0.0,0.0,SNBL.KA,
2022-08-22 00:00:00+05:00,5.097233682083529,5.097233682083529,5.086524963378906,5.086524963378906,45000.0,0.0,0.0,0.0,SNBL.KA,
2022-08-23 00:00:00+05:00,5.102586838388978,5.300693511962891,5.086524273131564,5.300693511962891,1588500.0,0.0,0.0,0.0,SNBL.KA,
2022-08-24 00:00:00+05:00,5.1079414577504725,5.220380441531322,5.097233250572176,5.140067100524902,9000.0,0.0,0.0,0.0,SNBL.KA,
2022-08-25 00:00:00+05:00,5.107941536505647,5.156129746100382,5.086524611199074,5.145421028137207,251000.0,0.0,0.0,0.0,SNBL.KA,
2022-08-26 00:00:00+05:00,5.156129791615522,5.156129791615522,5.140067225148746,5.15077543258667,9000.0,0.0,0.0,0.0,SNBL.KA,
2022-08-29 00:00:00+05:00,5.086524532774109,5.220380441531322,5.086524532774109,5.140067100524902,827500.0,0.0,0.0,0.0,SNBL.KA,
2022-08-30 00:00:00+05:00,5.086524963378906,5.113296249520652,5.086524963378906,5.086524963378906,307000.0,0.0,0.0,0.0,SNBL.KA,
2022-08-31 00:00:00+05:00,5.193609157655926,5.193609157655926,5.140067100524902,5.140067100524902,25500.0,0.0,0.0,0.0,SNBL.KA,
2022-09-01 00:00:00+05:00,5.1507749141537715,5.193608760833741,5.1507749141537715,5.19360876083374,9000.0,0.0,0.0,0.0,SNBL.KA,
2022-09-02 00:00:00+05:00,5.16683787378053,5.16683787378053,5.140067100524902,5.140067100524902,5500.0,0.0,0.0,0.0,SNBL.KA,
2022-09-05 00:00:00+05:00,5.086524532774109,5.140067100524902,5.086524532774109,5.140067100524902,29000.0,0.0,0.0,0.0,SNBL.KA,
2022-09-06 00:00:00+05:00,5.140067135024511,5.247151760625069,5.140067135024511,5.236443042755127,75500.0,0.0,0.0,0.0,SNBL.KA,
2022-09-07 00:00:00+05:00,5.236442611873045,5.2471513288618175,5.193608765157417,5.241796970367432,40500.0,0.0,0.0,0.0,SNBL.KA,
2022-09-08 00:00:00+05:00,5.193608760833741,5.193608760833741,5.193608760833741,5.19360876083374,15000.0,0.0,0.0,0.0,SNBL.KA,
2022-09-09 00:00:00+05:00,5.289985656738282,5.289985656738282,5.289985656738282,5.289985656738281,6000.0,0.0,0.0,0.0,SNBL.KA,
2022-09-12 00:00:00+05:00,5.150775307703199,5.150775307703199,5.140067100524902,5.140067100524902,11000.0,0.0,0.0,0.0,SNBL.KA,
2022-09-13 00:00:00+05:00,5.145421146749347,5.407779126077464,5.091879087558551,5.397070407867432,1820000.0,0.0,0.0,0.0,SNBL.KA,
2022-09-14 00:00:00+05:00,5.1400671797753965,5.150775387118794,4.990148192009605,5.145421028137207,18500.0,0.0,0.0,0.0,SNBL.KA,
2022-09-15 00:00:00+05:00,5.140067100524902,5.150775307703199,5.140067100524902,5.140067100524902,56500.0,0.0,0.0,0.0,SNBL.KA,
2022-09-16 00:00:00+05:00,5.145421028137207,5.145421028137207,5.145421028137207,5.145421028137207,2000.0,0.0,0.0,0.0,SNBL.KA,
2022-09-19 00:00:00+05:00,5.1400671797753965,5.156129746100382,5.1400671797753965,5.145421028137207,12500.0,0.0,0.0,0.0,SNBL.KA,
2022-09-20 00:00:00+05:00,5.327465461049045,5.413133167300397,5.225735187530518,5.225735187530518,9000.0,0.0,0.0,0.0,SNBL.KA,
2022-09-21 00:00:00+05:00,5.1454211188840935,5.3381739606625045,5.1454211188840935,5.156129837036133,3500.0,0.0,0.0,0.0,SNBL.KA,
2022-09-22 00:00:00+05:00,5.295339934258479,5.295339934258479,5.140067100524902,5.140067100524902,5500.0,0.0,0.0,0.0,SNBL.KA,
2022-09-23 00:00:00+05:00,5.1454209488041664,5.1454209488041664,5.140067100524902,5.140067100524902,9500.0,0.0,0.0,0.0,SNBL.KA,
2022-09-26 00:00:00+05:00,5.05975341796875,5.05975341796875,5.05975341796875,5.05975341796875,500.0,0.0,0.0,0.0,SNBL.KA,
2022-09-27 00:00:00+05:00,5.140067100524902,5.140067100524902,5.140067100524902,5.140067100524902,500.0,0.0,0.0,0.0,SNBL.KA,
2022-09-28 00:00:00+05:00,5.2150263333385665,5.220380692495004,5.102587344152344,5.209671974182129,1707000.0,0.0,0.0,0.0,SNBL.KA,
2022-09-29 00:00:00+05:00,5.086524532774109,5.140067100524902,5.086524532774109,5.140067100524902,20000.0,0.0,0.0,0.0,SNBL.KA,
2022-09-30 00:00:00+05:00,5.268568777145711,5.268568777145711,5.2203805671345345,5.247151851654053,2500.0,0.0,0.0,0.0,SNBL.KA,
2022-10-03 00:00:00+05:00,5.1240041485506485,5.1240041485506485,5.1025872230529785,5.1025872230529785,7000.0,0.0,0.0,0.0,SNBL.KA,
2022-10-04 00:00:00+05:00,5.086524963378906,5.102587530816029,5.086524963378906,5.086524963378906,1000.0,0.0,0.0,0.0,SNBL.KA,
2022-10-05 00:00:00+05:00,5.225734976014545,5.225734976014545,5.011565208435059,5.011565208435059,1000.0,0.0,0.0,0.0,SNBL.KA,
2022-10-06 00:00:00+05:00,5.000857398155633,5.006211757659912,5.000857398155633,5.006211757659912,2500.0,0.0,0.0,0.0,SNBL.KA,
2022-10-07 00:00:00+05:00,5.188254798756893,5.188254798756893,4.979439907892292,5.140067100524902,21500.0,0.0,0.0,0.0,SNBL.KA,
2022-10-10 00:00:00+05:00,5.140067100524902,5.140067100524902,5.140067100524902,5.140067100524902,0.0,0.0,0.0,0.0,SNBL.KA,
2022-10-11 00:00:00+05:00,5.011565074685721,5.557697431287379,5.011565074685721,5.381007671356201,26500.0,0.0,0.0,0.0,SNBL.KA,
2022-10-12 00:00:00+05:00,5.03298208611769,5.247151851654053,5.03298208611769,5.247151851654053,14500.0,0.0,0.0,0.0,SNBL.KA,
2022-10-13 00:00:00+05:00,5.247151851654053,5.247151851654053,5.247151851654053,5.247151851654053,0.0,0.0,0.0,0.0,SNBL.KA,
2022-10-14 00:00:00+05:00,5.193609951887116,5.461321810341295,5.193609951887116,5.364945888519287,1550000.0,0.0,0.0,0.0,SNBL.KA,
2022-10-17 00:00:00+05:00,5.2846309467054775,5.300693511962891,5.2846309467054775,5.300693511962891,6000.0,0.0,0.0,0.0,SNBL.KA,
2022-10-18 00:00:00+05:00,5.247151883889627,5.3542365120057855,5.247151883889627,5.343527793884277,1544500.0,0.0,0.0,0.0,SNBL.KA,
2022-10-19 00:00:00+05:00,5.35423664605786,5.4077792167663565,5.35423664605786,5.407779216766357,146000.0,0.0,0.0,0.0,SNBL.KA,
2022-10-20 00:00:00+05:00,5.3810075846579,5.621948116080243,5.354236301028803,5.563051700592041,48500.0,0.0,0.0,0.0,SNBL.KA,
2022-10-21 00:00:00+05:00,5.381008457052981,5.381008457052981,5.35959152880144,5.364945888519287,5000.0,0.0,0.0,0.0,SNBL.KA,
2022-10-24 00:00:00+05:00,5.354236602783203,5.354236602783203,5.354236602783203,5.354236602783203,2000.0,0.0,0.0,0.0,SNBL.KA,
2022-10-25 00:00:00+05:00,5.434549947577034,5.434549947577034,5.354236602783203,5.354236602783203,28000.0,0.0,0.0,0.0,SNBL.KA,
2022-10-26 00:00:00+05:00,5.354236935553976,5.4345502853393555,5.247152298966861,5.4345502853393555,19000.0,0.0,0.0,0.0,SNBL.KA,
2022-10-27 00:00:00+05:00,5.354236602783203,5.36494532108627,5.354236602783203,5.354236602783203,22000.0,0.0,0.0,0.0,SNBL.KA,
2022-10-28 00:00:00+05:00,5.2471514206782786,5.252505779266357,5.2471514206782786,5.252505779266357,12500.0,0.0,0.0,0.0,SNBL.KA,
2022-10-31 00:00:00+05:00,5.247151851654053,5.252506210681912,5.247151851654053,5.247151851654053,18000.0,0.0,0.0,0.0,SNBL.KA,
2022-11-01 00:00:00+05:00,5.247151851654053,5.247151851654053,5.247151851654053,5.247151851654053,1702000.0,0.0,0.0,0.0,SNBL.KA,
2022-11-02 00:00:00+05:00,5.295340015660784,5.354236432596223,5.295340015660784,5.338173866271973,24000.0,0.0,0.0,0.0,SNBL.KA,
2022-11-03 00:00:00+05:00,5.300694034096373,5.306048393249511,5.198963763285707,5.306048393249512,2000.0,0.0,0.0,0.0,SNBL.KA,
2022-11-04 00:00:00+05:00,5.140067299390248,5.35423655743993,5.081170370461744,5.34888219833374,76000.0,0.0,0.0,0.0,SNBL.KA,
2022-11-07 00:00:00+05:00,5.35959029968342,5.35959029968342,4.931251322263995,5.19360876083374,33000.0,0.0,0.0,0.0,SNBL.KA,
2022-11-08 00:00:00+05:00,5.193609282615016,5.300693910073307,5.193609282615016,5.247151851654053,8000.0,0.0,0.0,0.0,SNBL.KA,
2022-11-09 00:00:00+05:00,5.247151851654053,5.247151851654053,5.247151851654053,5.247151851654053,0.0,0.0,0.0,0.0,SNBL.KA,
2022-11-10 00:00:00+05:00,5.300694075349362,5.6219484783607525,5.300694075349362,5.407779216766357,42000.0,0.0,0.0,0.0,SNBL.KA,
2022-11-11 00:00:00+05:00,5.4077792167663565,5.4077792167663565,5.4077792167663565,5.407779216766357,0.0,0.0,0.0,0.0,SNBL.KA,
2022-11-14 00:00:00+05:00,5.4077792167663565,5.4077792167663565,5.4077792167663565,5.407779216766357,0.0,0.0,0.0,0.0,SNBL.KA,
2022-11-15 00:00:00+05:00,5.413132352723517,5.413132352723517,5.193608760833741,5.19360876083374,35500.0,0.0,0.0,0.0,SNBL.KA,
2022-11-16 00:00:00+05:00,5.3542362965411865,5.381007580147845,5.247151672734315,5.370298862457275,27500.0,0.0,0.0,0.0,SNBL.KA,
2022-11-17 00:00:00+05:00,5.354236259877307,5.354236259877307,5.273922920227051,5.273922920227051,3000.0,0.0,0.0,0.0,SNBL.KA,
2022-11-18 00:00:00+05:00,5.488091945648193,5.488091945648193,5.488091945648193,5.488091945648193,500.0,0.0,0.0,0.0,SNBL.KA,
2022-11-21 00:00:00+05:00,5.300693511962891,5.300693511962891,5.140066838149267,5.300693511962891,7000.0,0.0,0.0,0.0,SNBL.KA,
2022-11-22 00:00:00+05:00,5.252505779266357,5.252505779266357,5.252505779266357,5.252505779266357,500.0,0.0,0.0,0.0,SNBL.KA,
2022-11-23 00:00:00+05:00,5.300693511962891,5.300693511962891,5.300693511962891,5.300693511962891,9000.0,0.0,0.0,0.0,SNBL.KA,
2022-11-24 00:00:00+05:00,5.300693511962891,5.300693511962891,5.300693511962891,5.300693511962891,0.0,0.0,0.0,0.0,SNBL.KA,
2022-11-25 00:00:00+05:00,5.118649784453659,5.220380042663654,5.118649784453659,5.19360876083374,5500.0,0.0,0.0,0.0,SNBL.KA,
2022-11-28 00:00:00+05:00,5.322111129760742,5.322111129760742,5.322111129760742,5.322111129760742,500.0,0.0,0.0,0.0,SNBL.KA,
2022-11-29 00:00:00+05:00,5.322111129760742,5.322111129760742,5.322111129760742,5.322111129760742,0.0,0.0,0.0,0.0,SNBL.KA,
2022-11-30 00:00:00+05:00,5.1454209488041664,5.1454209488041664,5.140067100524902,5.140067100524902,1500.0,0.0,0.0,0.0,SNBL.KA,
2022-12-01 00:00:00+05:00,5.300693511962891,5.300693511962891,5.300693511962891,5.300693511962891,1000.0,0.0,0.0,0.0,SNBL.KA,
2022-12-02 00:00:00+05:00,5.300693511962891,5.300693511962891,5.300693511962891,5.300693511962891,0.0,0.0,0.0,0.0,SNBL.KA,
2022-12-05 00:00:00+05:00,5.188254402343812,5.193608760833741,5.188254402343812,5.19360876083374,7500.0,0.0,0.0,0.0,SNBL.KA,
2022-12-06 00:00:00+05:00,4.931252171610662,5.0490455255788795,4.824167536466746,4.947314739227295,8500.0,0.0,0.0,0.0,SNBL.KA,
2022-12-07 00:00:00+05:00,5.247151324493568,5.247151324493568,5.193608760833741,5.19360876083374,2500.0,0.0,0.0,0.0,SNBL.KA,
2022-12-08 00:00:00+05:00,5.102587530816029,5.102587530816029,4.936606475852865,5.086524963378906,26500.0,0.0,0.0,0.0,SNBL.KA,
2022-12-09 00:00:00+05:00,4.984794430689311,5.279277031141832,4.899126217347353,5.204318046569824,14500.0,0.0,0.0,0.0,SNBL.KA,
2022-12-12 00:00:00+05:00,5.049044948960586,5.049044948960586,5.032981872558594,5.032981872558594,2000.0,0.0,0.0,0.0,SNBL.KA,
2022-12-13 00:00:00+05:00,5.0865248214798005,5.215026378631592,5.0865248214798005,5.215026378631592,1500.0,0.0,0.0,0.0,SNBL.KA,
2022-12-14 00:00:00+05:00,5.091878890991211,5.091878890991211,5.091878890991211,5.091878890991211,1000.0,0.0,0.0,0.0,SNBL.KA,
2022-12-15 00:00:00+05:00,5.091878890991211,5.091878890991211,5.091878890991211,5.091878890991211,500.0,0.0,0.0,0.0,SNBL.KA,
2022-12-16 00:00:00+05:00,5.097233374643397,5.1025872230529785,5.097233374643397,5.1025872230529785,1500.0,0.0,0.0,0.0,SNBL.KA,
2022-12-19 00:00:00+05:00,4.7652701889640525,5.032982008807422,4.7652701889640525,5.000856876373291,23000.0,0.0,0.0,0.0,SNBL.KA,
2022-12-20 00:00:00+05:00,4.824167431512452,5.247152114093355,4.888418211200965,5.225735187530518,39500.0,0.0,0.0,0.0,SNBL.KA,
2022-12-21 00:00:00+05:00,5.054399128354635,5.381007887921078,5.049045279822894,5.354236602783203,72000.0,0.0,0.0,0.0,SNBL.KA,
2022-12-22 00:00:00+05:00,5.354236602783203,5.354236602783203,5.354236602783203,5.354236602783203,2000.0,0.0,0.0,0.0,SNBL.KA,
2022-12-23 00:00:00+05:00,5.354236602783203,5.354236602783203,5.354236602783203,5.354236602783203,1500.0,0.0,0.0,0.0,SNBL.KA,
2022-12-26 00:00:00+05:00,5.1561299097546,5.354236602783203,5.1561299097546,5.354236602783203,5500.0,0.0,0.0,0.0,SNBL.KA,
2022-12-27 00:00:00+05:00,5.354236602783203,5.354236602783203,5.354236602783203,5.354236602783203,0.0,0.0,0.0,0.0,SNBL.KA,
2022-12-28 00:00:00+05:00,5.354236602783203,5.354236602783203,5.354236602783203,5.354236602783203,0.0,0.0,0.0,0.0,SNBL.KA,
2022-12-29 00:00:00+05:00,5.086524532774109,5.156129666602232,5.054398889999679,5.140067100524902,5000.0,0.0,0.0,0.0,SNBL.KA,
2022-12-30 00:00:00+05:00,5.054399128354635,5.354236602783203,5.049045279822894,5.354236602783203,106000.0,0.0,0.0,0.0,SNBL.KA,
2023-01-02 00:00:00+05:00,5.354236602783203,5.354236602783203,5.34888224363167,5.354236602783203,15500.0,0.0,0.0,0.0,SNBL.KA,
2023-01-03 00:00:00+05:00,5.177546835740941,5.354236602783203,5.1561299097546,5.354236602783203,16000.0,0.0,0.0,0.0,SNBL.KA,
2023-01-04 00:00:00+05:00,5.4077792167663565,5.4077792167663565,5.4077792167663565,5.407779216766357,500.0,0.0,0.0,0.0,SNBL.KA,
2023-01-05 00:00:00+05:00,5.3114027508105215,5.354236602783203,5.3114027508105215,5.354236602783203,4500.0,0.0,0.0,0.0,SNBL.KA,
2023-01-06 00:00:00+05:00,5.0008570263480605,5.35423655743993,5.0008570263480605,5.34888219833374,8500.0,0.0,0.0,0.0,SNBL.KA,
2023-01-09 00:00:00+05:00,5.34888219833374,5.34888219833374,5.34888219833374,5.34888219833374,0.0,0.0,0.0,0.0,SNBL.KA,
2023-01-10 00:00:00+05:00,5.34888224363167,5.354236602783203,5.34888224363167,5.354236602783203,5500.0,0.0,0.0,0.0,SNBL.KA,
2023-01-11 00:00:00+05:00,5.193609402575748,5.354236602783203,5.193609402575748,5.354236602783203,3500.0,0.0,0.0,0.0,SNBL.KA,
2023-01-12 00:00:00+05:00,5.354236602783203,5.354236602783203,5.354236602783203,5.354236602783203,3500.0,0.0,0.0,0.0,SNBL.KA,
2023-01-13 00:00:00+05:00,5.354236602783203,5.354236602783203,5.354236602783203,5.354236602783203,3000.0,0.0,0.0,0.0,SNBL.KA,
2023-01-16 00:00:00+05:00,5.198963717698963,5.35423655743993,5.198963717698963,5.34888219833374,4500.0,0.0,0.0,0.0,SNBL.KA,
2023-01-17 00:00:00+05:00,5.220380476209269,5.300693817749195,5.1882548332214355,5.1882548332214355,4000.0,0.0,0.0,0.0,SNBL.KA,
2023-01-18 00:00:00+05:00,5.1882548332214355,5.1882548332214355,5.1882548332214355,5.1882548332214355,0.0,0.0,0.0,0.0,SNBL.KA,
2023-01-19 00:00:00+05:00,5.354236700595953,5.354236700595953,5.220380783081055,5.220380783081055,3000.0,0.0,0.0,0.0,SNBL.KA,
2023-01-20 00:00:00+05:00,5.247151851654053,5.247151851654053,5.247151851654053,5.247151851654053,1500.0,0.0,0.0,0.0,SNBL.KA,
2023-01-23 00:00:00+05:00,5.027628237709611,5.247151851654053,5.027628237709611,5.247151851654053,12000.0,0.0,0.0,0.0,SNBL.KA,
2023-01-24 00:00:00+05:00,5.193608760833741,5.193608760833741,5.193608760833741,5.19360876083374,1000.0,0.0,0.0,0.0,SNBL.KA,
2023-01-25 00:00:00+05:00,5.19360940733261,5.354236607687184,5.19360940733261,5.209671974182129,82500.0,0.0,0.0,0.0,SNBL.KA,
2023-01-26 00:00:00+05:00,5.2096721370591865,5.354236775083963,5.1936095697074816,5.322111129760742,61500.0,0.0,0.0,0.0,SNBL.KA,
2023-01-27 00:00:00+05:00,5.091878890991211,5.091878890991211,5.091878890991211,5.091878890991211,500.0,0.0,0.0,0.0,SNBL.KA,
2023-01-30 00:00:00+05:00,5.193609157655926,5.193609157655926,5.086524532774109,5.140067100524902,23000.0,0.0,0.0,0.0,SNBL.KA,
2023-01-31 00:00:00+05:00,5.140067100524902,5.140067100524902,5.140067100524902,5.140067100524902,0.0,0.0,0.0,0.0,SNBL.KA,
2023-02-01 00:00:00+05:00,5.102587410736008,5.1936094751040205,4.979440212249756,4.979440212249756,27000.0,0.0,0.0,0.0,SNBL.KA,
2023-02-02 00:00:00+05:00,5.097233076097659,5.354236167016993,5.086524358666144,5.263214111328125,95000.0,0.0,0.0,0.0,SNBL.KA,
2023-02-03 00:00:00+05:00,5.156129837036133,5.156129837036133,5.156129837036133,5.156129837036133,2000.0,0.0,0.0,0.0,SNBL.KA,
2023-02-06 00:00:00+05:00,5.166837827945115,5.32746501915279,5.086524487651161,5.1347126960754395,10000.0,0.0,0.0,0.0,SNBL.KA,
2023-02-07 00:00:00+05:00,5.086524703680847,5.140067273230665,4.9847944342799355,5.011565208435059,197500.0,0.0,0.0,0.0,SNBL.KA,
2023-02-08 00:00:00+05:00,5.0062114293508575,5.354236604388172,4.9794401442049585,5.306048393249512,44500.0,0.0,0.0,0.0,SNBL.KA,
2023-02-09 00:00:00+05:00,5.34888224363167,5.354236602783203,5.34888224363167,5.354236602783203,6000.0,0.0,0.0,0.0,SNBL.KA,
2023-02-10 00:00:00+05:00,5.220380783081055,5.220380783081055,5.220380783081055,5.220380783081055,500.0,0.0,0.0,0.0,SNBL.KA,
2023-02-13 00:00:00+05:00,5.381008457052981,5.381008457052981,5.364945888519287,5.364945888519287,2000.0,0.0,0.0,0.0,SNBL.KA,
2023-02-14 00:00:00+05:00,5.1668381690979,5.1668381690979,5.1668381690979,5.1668381690979,1000.0,0.0,0.0,0.0,SNBL.KA,
2023-02-15 00:00:00+05:00,5.354236076980595,5.354236076980595,5.113295555640416,5.300693511962891,8000.0,0.0,0.0,0.0,SNBL.KA,
2023-02-16 00:00:00+05:00,5.193608760833741,5.193608760833741,5.193608760833741,5.19360876083374,2500.0,0.0,0.0,0.0,SNBL.KA,
2023-02-17 00:00:00+05:00,5.097233294644841,5.097233294644841,4.925897382732728,4.9526686668396,115000.0,0.0,0.0,0.0,SNBL.KA,
2023-02-20 00:00:00+05:00,5.059753670603633,5.295340375598361,4.952669036796852,5.182901382446289,23500.0,0.0,0.0,0.0,SNBL.KA,
2023-02-21 00:00:00+05:00,5.086524403254457,5.134712610879187,4.979439781099368,4.9847941398620605,55000.0,0.0,0.0,0.0,SNBL.KA,
2023-02-22 00:00:00+05:00,5.08652467197842,5.091879031023988,4.775978996012479,4.818812847137451,296000.0,0.0,0.0,0.0,SNBL.KA,
2023-02-23 00:00:00+05:00,4.722436520256451,4.818812942504883,4.358348778488653,4.684957027435303,86000.0,0.0,0.0,0.0,SNBL.KA,
2023-02-24 00:00:00+05:00,4.486850245021918,4.87235541571601,4.486850245021918,4.867001056671143,246000.0,0.0,0.0,0.0,SNBL.KA,
2023-02-27 00:00:00+05:00,4.78668720348383,4.83487541365437,4.765270277921344,4.818812847137451,103500.0,0.0,0.0,0.0,SNBL.KA,
2023-02-28 00:00:00+05:00,4.599288733462478,4.81881232431547,4.599288733462478,4.81345796585083,207500.0,0.0,0.0,0.0,SNBL.KA,
2023-03-01 00:00:00+05:00,4.813458488091884,4.818812847137451,4.813458488091884,4.818812847137451,219500.0,0.0,0.0,0.0,SNBL.KA,
2023-03-02 00:00:00+05:00,4.818812847137451,4.818812847137451,4.7920415625293975,4.818812847137451,185000.0,0.0,0.0,0.0,SNBL.KA,
2023-03-03 00:00:00+05:00,4.797395921574965,4.818812847137451,4.770624636966911,4.818812847137451,514000.0,0.0,0.0,0.0,SNBL.KA,
2023-03-06 00:00:00+05:00,4.818812847137451,4.818812847137451,4.7920415625293975,4.818812847137451,11500.0,0.0,0.0,0.0,SNBL.KA,
2023-03-07 00:00:00+05:00,4.813458532317788,4.8723554611206055,4.813458532317788,4.8723554611206055,13000.0,0.0,0.0,0.0,SNBL.KA,
2023-03-08 00:00:00+05:00,4.8348754130217255,4.87235541571601,4.8348754130217255,4.867001056671143,2000.0,0.0,0.0,0.0,SNBL.KA,
2023-03-09 00:00:00+05:00,4.872355803020834,4.883064011341982,4.818813229555619,4.856292724609375,27000.0,0.0,0.0,0.0,SNBL.KA,
2023-03-10 00:00:00+05:00,4.818812592556855,5.032981836867035,4.818812592556855,4.9847941398620605,150500.0,0.0,0.0,0.0,SNBL.KA,
2023-03-13 00:00:00+05:00,5.022273713292044,5.140067054926974,4.9258972964434875,5.1347126960754395,51500.0,0.0,0.0,0.0,SNBL.KA,
2023-03-14 00:00:00+05:00,5.188254923119328,5.354236478629549,5.032982085663863,5.295340061187744,3268000.0,0.0,0.0,0.0,SNBL.KA,
2023-03-15 00:00:00+05:00,5.300693818475049,5.300693818475049,5.284631252288818,5.284631252288818,3500.0,0.0,0.0,0.0,SNBL.KA,
2023-03-16 00:00:00+05:00,5.220380783081055,5.220380783081055,5.140067436820036,5.220380783081055,238500.0,0.0,0.0,0.0,SNBL.KA,
2023-03-17 00:00:00+05:00,5.071227046421597,5.3098727974861895,5.011565324167273,5.220380783081055,520500.0,1.0,0.0,0.0,SNBL.KA,
2023-03-20 00:00:00+05:00,5.369534634200939,5.459026650513743,5.363568348053056,5.429196357727051,335500.0,0.0,0.0,0.0,SNBL.KA,
2023-03-21 00:00:00+05:00,5.166685320628959,5.369534492492676,5.166685320628959,5.369534492492676,14500.0,0.0,0.0,0.0,SNBL.KA,
2023-03-22 00:00:00+05:00,5.1905496013842045,5.399365047401491,5.1905496013842045,5.393398761749268,117500.0,0.0,0.0,0.0,SNBL.KA,
2023-03-23 00:00:00+05:00,5.393398761749268,5.393398761749268,5.393398761749268,5.393398761749268,0.0,0.0,0.0,0.0,SNBL.KA,
2023-03-24 00:00:00+05:00,5.399365159301891,5.548518889840748,5.399365159301891,5.494823455810547,50000.0,0.0,0.0,0.0,SNBL.KA,
2023-03-27 00:00:00+05:00,5.494823455810547,5.494823455810547,5.494823455810547,5.494823455810547,0.0,0.0,0.0,0.0,SNBL.KA,
2023-03-28 00:00:00+05:00,5.339703631516891,5.369534492492676,5.280042478541671,5.369534492492676,145500.0,0.0,0.0,0.0,SNBL.KA,
2023-03-29 00:00:00+05:00,5.363568206502249,5.482891081429039,5.363568206502249,5.369534492492676,724500.0,0.0,0.0,0.0,SNBL.KA,
2023-03-30 00:00:00+05:00,5.083159446716308,5.083159446716308,5.083159446716308,5.083159446716309,500.0,0.0,0.0,0.0,SNBL.KA,
2023-03-31 00:00:00+05:00,5.536586517390181,5.536586517390181,5.369534492492676,5.369534492492676,5500.0,0.0,0.0,0.0,SNBL.KA,
2023-04-03 00:00:00+05:00,5.482890974156619,5.966149319375633,5.36953438743807,5.858758449554443,157000.0,0.0,0.0,0.0,SNBL.KA,
2023-04-04 00:00:00+05:00,5.5604508977811635,5.828928068191209,5.500789746893854,5.608180046081543,89000.0,0.0,0.0,0.0,SNBL.KA,
2023-04-05 00:00:00+05:00,5.548518916814089,5.548518916814089,5.459026336669923,5.459026336669922,17500.0,0.0,0.0,0.0,SNBL.KA,
2023-04-06 00:00:00+05:00,5.48885726928711,5.626078999731865,5.48885726928711,5.488857269287109,12500.0,0.0,0.0,0.0,SNBL.KA,
2023-04-07 00:00:00+05:00,5.48885726928711,5.48885726928711,5.48885726928711,5.488857269287109,0.0,0.0,0.0,0.0,SNBL.KA,
2023-04-10 00:00:00+05:00,5.387432290130557,5.518687725067139,5.369534002768027,5.518687725067139,44500.0,0.0,0.0,0.0,SNBL.KA,
2023-04-11 00:00:00+05:00,5.2681091591856735,5.5186874454711115,5.2681091591856735,5.5067548751831055,32000.0,0.0,0.0,0.0,SNBL.KA,
2023-04-12 00:00:00+05:00,5.506755450148936,5.966149212630089,5.506755450148936,5.751368045806885,37000.0,0.0,0.0,0.0,SNBL.KA,
2023-04-13 00:00:00+05:00,5.679774284362793,5.679774284362793,5.679774284362793,5.679774284362793,22500.0,0.0,0.0,0.0,SNBL.KA,
2023-04-14 00:00:00+05:00,5.679774284362793,5.679774284362793,5.679774284362793,5.679774284362793,0.0,0.0,0.0,0.0,SNBL.KA,
2023-04-17 00:00:00+05:00,5.727503583850408,5.727503583850408,5.48885726928711,5.488857269287109,18000.0,0.0,0.0,0.0,SNBL.KA,
2023-04-18 00:00:00+05:00,5.5485189773838925,5.960183029816687,5.5485189773838925,5.745401859283447,16000.0,0.0,0.0,0.0,SNBL.KA,
2023-04-19 00:00:00+05:00,5.548518708022322,6.192862757317682,5.548518708022322,5.990013599395752,37500.0,0.0,0.0,0.0,SNBL.KA,
2023-04-20 00:00:00+05:00,5.614146032741445,5.954216338506783,5.608179747277699,5.888588905334473,57500.0,0.0,0.0,0.0,SNBL.KA,
2023-04-21 00:00:00+05:00,5.8885889053344735,5.8885889053344735,5.8885889053344735,5.888588905334473,0.0,0.0,0.0,0.0,SNBL.KA,
2023-04-24 00:00:00+05:00,5.8885889053344735,5.8885889053344735,5.8885889053344735,5.888588905334473,0.0,0.0,0.0,0.0,SNBL.KA,
2023-04-25 00:00:00+05:00,5.8885889053344735,5.8885889053344735,5.8885889053344735,5.888588905334473,0.0,0.0,0.0,0.0,SNBL.KA,
2023-04-26 00:00:00+05:00,5.620112761791365,5.667841911315918,5.620112761791365,5.667841911315918,5500.0,0.0,0.0,0.0,SNBL.KA,
2023-04-27 00:00:00+05:00,5.66784105362411,5.906486765133569,5.66784105362411,5.811028480529785,51500.0,0.0,0.0,0.0,SNBL.KA,
2023-04-28 00:00:00+05:00,5.6738081131711535,5.936318431666089,5.6738081131711535,5.894555568695068,12000.0,0.0,0.0,0.0,SNBL.KA,
2023-05-01 00:00:00+05:00,5.894555568695069,5.894555568695069,5.894555568695069,5.894555568695068,0.0,0.0,0.0,0.0,SNBL.KA,
2023-05-02 00:00:00+05:00,5.429195961295935,5.954216586493558,5.429195961295935,5.94228458404541,26000.0,0.0,0.0,0.0,SNBL.KA,
2023-05-03 00:00:00+05:00,5.9243865550972865,5.9243865550972865,5.727503669789795,5.73943567276001,26000.0,0.0,0.0,0.0,SNBL.KA,
2023-05-04 00:00:00+05:00,5.7573337157408,5.7573337157408,5.66784170587022,5.685739994049072,9000.0,0.0,0.0,0.0,SNBL.KA,
2023-05-05 00:00:00+05:00,5.727503805118818,5.733469522256709,5.655909509700518,5.691706657409668,93000.0,0.0,0.0,0.0,SNBL.KA,
2023-05-08 00:00:00+05:00,5.667841911315918,5.667841911315918,5.667841911315918,5.667841911315918,39500.0,0.0,0.0,0.0,SNBL.KA,
2023-05-09 00:00:00+05:00,5.7275028737010665,5.7275028737010665,5.506754875183106,5.5067548751831055,15500.0,0.0,0.0,0.0,SNBL.KA,
2023-05-10 00:00:00+05:00,5.506755701225001,5.548519134521484,5.506755701225001,5.548519134521484,4500.0,0.0,0.0,0.0,SNBL.KA,
2023-05-11 00:00:00+05:00,5.51272160302613,6.145133654669569,5.51272160302613,5.805062770843506,90000.0,0.0,0.0,0.0,SNBL.KA,
2023-05-12 00:00:00+05:00,5.667841911315918,5.667841911315918,5.667841911315918,5.667841911315918,10500.0,0.0,0.0,0.0,SNBL.KA,
2023-05-15 00:00:00+05:00,5.66784208821703,5.9064878432882555,5.66784208821703,5.799097537994385,20500.0,0.0,0.0,0.0,SNBL.KA,
2023-05-16 00:00:00+05:00,5.876657216491588,5.876657216491588,5.608180046081543,5.608180046081543,67500.0,0.0,0.0,0.0,SNBL.KA,
2023-05-17 00:00:00+05:00,5.554485420560461,5.554485420560461,5.548519134521484,5.548519134521484,44500.0,0.0,0.0,0.0,SNBL.KA,
2023-05-18 00:00:00+05:00,5.566417002701057,5.811029022036751,5.560450717113281,5.727503299713135,27500.0,0.0,0.0,0.0,SNBL.KA,
2023-05-19 00:00:00+05:00,5.560450553894043,5.566416839306687,5.554484837457693,5.560450553894043,5000.0,0.0,0.0,0.0,SNBL.KA,
2023-05-22 00:00:00+05:00,5.51868821090704,5.709604810184906,5.4351619142348,5.626079082489014,28000.0,0.0,0.0,0.0,SNBL.KA,
2023-05-23 00:00:00+05:00,5.53062029595969,5.53062029595969,5.518687725067139,5.518687725067139,35500.0,0.0,0.0,0.0,SNBL.KA,
2023-05-24 00:00:00+05:00,5.661875480163552,5.667841765945182,5.506755463699155,5.608180046081543,7500.0,0.0,0.0,0.0,SNBL.KA,
2023-05-25 00:00:00+05:00,5.524654514385677,5.524654514385677,5.369534492492676,5.369534492492676,84000.0,0.0,0.0,0.0,SNBL.KA,
2023-05-26 00:00:00+05:00,5.351636203497745,5.476925364414961,5.351636203497745,5.369534492492676,10500.0,0.0,0.0,0.0,SNBL.KA,
2023-05-29 00:00:00+05:00,5.399365624643136,5.399365624643136,5.369534762169143,5.387433052062988,6500.0,0.0,0.0,0.0,SNBL.KA,
2023-05-30 00:00:00+05:00,5.429196013745887,5.48289087874577,5.381466865539551,5.381466865539551,6500.0,0.0,0.0,0.0,SNBL.KA,
2023-05-31 00:00:00+05:00,5.459026650513743,5.614146676500542,5.375500920348823,5.429196357727051,7000.0,0.0,0.0,0.0,SNBL.KA,
2023-06-01 00:00:00+05:00,5.387432923668227,5.429196357727051,5.369534634200939,5.429196357727051,13000.0,0.0,0.0,0.0,SNBL.KA,
2023-06-02 00:00:00+05:00,5.369534634200939,5.679774686174537,5.369534634200939,5.429196357727051,15000.0,0.0,0.0,0.0,SNBL.KA,
2023-06-05 00:00:00+05:00,5.0771933066779535,5.369534492492676,5.0771933066779535,5.369534492492676,35500.0,0.0,0.0,0.0,SNBL.KA,
2023-06-06 00:00:00+05:00,5.369534002768027,5.518687725067139,5.369534002768027,5.518687725067139,8500.0,0.0,0.0,0.0,SNBL.KA,
2023-06-07 00:00:00+05:00,5.548519134521484,5.548519134521484,5.548519134521484,5.548519134521484,500.0,0.0,0.0,0.0,SNBL.KA,
2023-06-08 00:00:00+05:00,5.578349850614473,5.60818014208059,5.48885726928711,5.488857269287109,7500.0,0.0,0.0,0.0,SNBL.KA,
2023-06-09 00:00:00+05:00,5.488856842541518,5.578349416911046,5.488856842541518,5.554484844207764,5500.0,0.0,0.0,0.0,SNBL.KA,
2023-06-12 00:00:00+05:00,5.578349950346819,5.578349950346819,5.369534492492676,5.369534492492676,104000.0,0.0,0.0,0.0,SNBL.KA,
2023-06-13 00:00:00+05:00,5.369534492492676,5.369534492492676,5.369534492492676,5.369534492492676,0.0,0.0,0.0,0.0,SNBL.KA,
2023-06-14 00:00:00+05:00,5.488856912381337,5.488856912381337,5.274075755318938,5.327771186828613,13000.0,0.0,0.0,0.0,SNBL.KA,
2023-06-15 00:00:00+05:00,5.250211660288892,5.638011149200721,5.220380799070362,5.548519134521484,19000.0,0.0,0.0,0.0,SNBL.KA,
2023-06-16 00:00:00+05:00,5.369534173133658,5.572383332932696,5.286007881164551,5.286007881164551,6218500.0,0.0,0.0,0.0,SNBL.KA,
2023-06-19 00:00:00+05:00,5.339703974699689,5.3695348375927034,5.28600853528754,5.30390739440918,25500.0,0.0,0.0,0.0,SNBL.KA,
2023-06-20 00:00:00+05:00,5.142820446560397,5.727503353163673,5.142820446560397,5.2800421714782715,12500.0,0.0,0.0,0.0,SNBL.KA,
2023-06-21 00:00:00+05:00,5.63801110332204,5.63801110332204,5.309872770541107,5.369534492492676,112500.0,0.0,0.0,0.0,SNBL.KA,
2023-06-22 00:00:00+05:00,5.369534293999803,5.500789736055392,5.2860080001505505,5.381466865539551,3060000.0,0.0,0.0,0.0,SNBL.KA,
2023-06-23 00:00:00+05:00,5.214414805730137,5.309873111806675,5.089125636760586,5.30390739440918,67500.0,0.0,0.0,0.0,SNBL.KA,
2023-06-26 00:00:00+05:00,5.488856898224776,5.518687756650579,5.291974029181291,5.476924896240234,15500.0,0.0,0.0,0.0,SNBL.KA,
2023-06-27 00:00:00+05:00,5.369534634200939,5.476925508957394,5.3397037724378835,5.429196357727051,4030000.0,0.0,0.0,0.0,SNBL.KA,
2023-06-28 00:00:00+05:00,5.429196357727051,5.429196357727051,5.429196357727051,5.429196357727051,0.0,0.0,0.0,0.0,SNBL.KA,
2023-06-29 00:00:00+05:00,5.429196357727051,5.429196357727051,5.429196357727051,5.429196357727051,0.0,0.0,0.0,0.0,SNBL.KA,
2023-06-30 00:00:00+05:00,5.429196357727051,5.429196357727051,5.429196357727051,5.429196357727051,0.0,0.0,0.0,0.0,SNBL.KA,
2023-07-03 00:00:00+05:00,5.66784163971555,5.697672498983,5.47095876511722,5.6499433517456055,102500.0,0.0,0.0,0.0,SNBL.KA,
2023-07-04 00:00:00+05:00,5.476924979481988,6.103370171063474,5.476924979481988,5.876657009124756,116500.0,0.0,0.0,0.0,SNBL.KA,
2023-07-05 00:00:00+05:00,5.8468260450408485,6.013878055191645,5.626078603668937,5.888588905334473,67000.0,0.0,0.0,0.0,SNBL.KA,
2023-07-06 00:00:00+05:00,5.960183006074719,5.96614929192096,5.578349815536631,5.894555568695068,10084000.0,0.0,0.0,0.0,SNBL.KA,
2023-07-07 00:00:00+05:00,6.491170646062682,6.491170646062682,5.57834994287497,5.846826553344727,7499500.0,0.0,0.0,0.0,SNBL.KA,
2023-07-10 00:00:00+05:00,5.846826294587703,6.2525240508408295,5.620112558075735,5.685739994049072,143000.0,0.0,0.0,0.0,SNBL.KA,
2023-07-11 00:00:00+05:00,5.799097186833943,5.846826334957981,5.745401752950318,5.757333755493164,150000.0,0.0,0.0,0.0,SNBL.KA,
2023-07-12 00:00:00+05:00,5.846826347736331,5.966149218307209,5.763300053848552,5.864724636077881,255500.0,0.0,0.0,0.0,SNBL.KA,
2023-07-13 00:00:00+05:00,5.900521916523315,5.906487633455889,5.793131046068224,5.816995620727539,21000.0,0.0,0.0,0.0,SNBL.KA,
2023-07-14 00:00:00+05:00,5.733469352042594,5.781198501586914,5.727503635081812,5.781198501586914,7000.0,0.0,0.0,0.0,SNBL.KA,
2023-07-17 00:00:00+05:00,5.840860267362292,5.87069112829812,5.840860267362292,5.846826553344727,9500.0,0.0,0.0,0.0,SNBL.KA,
2023-07-18 00:00:00+05:00,5.727503464647885,5.816995475136376,5.7215371788882985,5.757333755493164,32000.0,0.0,0.0,0.0,SNBL.KA,
2023-07-19 00:00:00+05:00,5.787165031169187,5.846826755099574,5.673808438473094,5.7215375900268555,51000.0,0.0,0.0,0.0,SNBL.KA,
2023-07-20 00:00:00+05:00,5.81699562072754,5.840860195386855,5.81699562072754,5.816995620727539,48000.0,0.0,0.0,0.0,SNBL.KA,
2023-07-21 00:00:00+05:00,5.811029334818626,6.025811075728808,5.811029334818626,5.816995620727539,129000.0,0.0,0.0,0.0,SNBL.KA,
2023-07-24 00:00:00+05:00,5.822961768081286,5.822961768081286,5.71557090018152,5.751368045806885,29500.0,0.0,0.0,0.0,SNBL.KA,
2023-07-25 00:00:00+05:00,5.739435613631185,5.966149357493084,5.673808175530244,5.930352210998535,782500.0,0.0,0.0,0.0,SNBL.KA,
2023-07-26 00:00:00+05:00,5.846826314447193,5.906487464904785,5.799097166490589,5.906487464904785,33000.0,0.0,0.0,0.0,SNBL.KA,
2023-07-27 00:00:00+05:00,5.906487464904785,5.906487464904785,5.906487464904785,5.906487464904785,0.0,0.0,0.0,0.0,SNBL.KA,
2023-07-28 00:00:00+05:00,5.906487464904785,5.906487464904785,5.906487464904785,5.906487464904785,0.0,0.0,0.0,0.0,SNBL.KA,
2023-07-31 00:00:00+05:00,5.852792428943184,5.966149009779418,5.805062713406746,5.882622718811035,593000.0,0.0,0.0,0.0,SNBL.KA,
2023-08-01 00:00:00+05:00,5.793130602443267,5.88262260831852,5.727503169399836,5.775232315063477,246000.0,0.0,0.0,0.0,SNBL.KA,
2023-08-02 00:00:00+05:00,5.900521916523315,5.9542167827745205,5.775232757317823,5.816995620727539,226500.0,0.0,0.0,0.0,SNBL.KA,
2023-08-03 00:00:00+05:00,5.900521843063085,5.900521843063085,5.727503536693002,5.787164688110352,322000.0,0.0,0.0,0.0,SNBL.KA,
2023-08-04 00:00:00+05:00,5.751367742231657,5.966148897718039,5.667841452832137,5.775232315063477,25500.0,0.0,0.0,0.0,SNBL.KA,
2023-08-07 00:00:00+05:00,5.9064876589386826,5.9064876589386826,5.667841911315918,5.667841911315918,635500.0,0.0,0.0,0.0,SNBL.KA,
2023-08-08 00:00:00+05:00,5.614146133557533,5.667841565742886,5.608179847986647,5.620112419128418,17500.0,0.0,0.0,0.0,SNBL.KA,
2023-08-09 00:00:00+05:00,5.638010433293859,5.638010433293859,5.554484715259581,5.6022138595581055,42000.0,0.0,0.0,0.0,SNBL.KA,
2023-08-10 00:00:00+05:00,5.667841490980755,5.667841490980755,5.560450628026598,5.5902814865112305,39000.0,0.0,0.0,0.0,SNBL.KA,
2023-08-11 00:00:00+05:00,5.578350336475149,5.661876070217303,5.560451477264927,5.596248626708984,76500.0,0.0,0.0,0.0,SNBL.KA,
2023-08-14 00:00:00+05:00,5.596248626708984,5.596248626708984,5.596248626708984,5.596248626708984,0.0,0.0,0.0,0.0,SNBL.KA,
2023-08-15 00:00:00+05:00,5.6081801628911965,5.811029331881005,5.6081801628911965,5.703639030456543,21500.0,0.0,0.0,0.0,SNBL.KA,
2023-08-16 00:00:00+05:00,5.608179873403182,5.781198172908829,5.57834958336618,5.584315299987793,142000.0,0.0,0.0,0.0,SNBL.KA,
2023-08-17 00:00:00+05:00,5.584315813068022,5.614146674822159,5.488857510635872,5.542552947998047,70000.0,0.0,0.0,0.0,SNBL.KA,
2023-08-18 00:00:00+05:00,5.59624828528802,5.781198600698934,5.542552848886027,5.6618757247924805,71500.0,0.0,0.0,0.0,SNBL.KA,
2023-08-21 00:00:00+05:00,5.548519134521484,5.554485420560461,5.536586562443531,5.548519134521484,7500.0,0.0,0.0,0.0,SNBL.KA,
2023-08-22 00:00:00+05:00,5.948250868953241,5.948250868953241,5.447094248719688,5.572383403778076,253500.0,0.0,0.0,0.0,SNBL.KA,
2023-08-23 00:00:00+05:00,5.757333924430369,5.757333924430369,5.542552751569881,5.667841911315918,65000.0,0.0,0.0,0.0,SNBL.KA,
2023-08-24 00:00:00+05:00,5.584315306930545,5.602214163746573,5.548518731251113,5.578349590301514,77500.0,0.0,0.0,0.0,SNBL.KA,
2023-08-25 00:00:00+05:00,5.6081795235806435,5.6081795235806435,5.441127520093158,5.536585807800293,60000.0,0.0,0.0,0.0,SNBL.KA,
2023-08-28 00:00:00+05:00,5.578349590301514,5.608179880375603,5.578349590301514,5.578349590301514,41500.0,0.0,0.0,0.0,SNBL.KA,
2023-08-29 00:00:00+05:00,5.620112617644802,5.632044620231733,5.548518895194233,5.608180046081543,13000.0,0.0,0.0,0.0,SNBL.KA,
2023-08-30 00:00:00+05:00,5.643977435239697,5.643977435239697,5.548519134521484,5.548519134521484,3000.0,0.0,0.0,0.0,SNBL.KA,
2023-08-31 00:00:00+05:00,5.59624813928941,5.60818014208059,5.381466968261147,5.488857269287109,58000.0,0.0,0.0,0.0,SNBL.KA,
2023-09-01 00:00:00+05:00,5.518687865339552,5.638010732416496,5.518687865339552,5.584315299987793,17000.0,0.0,0.0,0.0,SNBL.KA,
2023-09-04 00:00:00+05:00,5.584315299987793,5.584315299987793,5.584315299987793,5.584315299987793,0.0,0.0,0.0,0.0,SNBL.KA,
2023-09-05 00:00:00+05:00,5.488857196717978,5.608180067933869,5.459026336669923,5.459026336669922,87000.0,0.0,0.0,0.0,SNBL.KA,
2023-09-06 00:00:00+05:00,5.542552804729763,5.542552804729763,5.41129735779017,5.482891082763672,6500.0,0.0,0.0,0.0,SNBL.KA,
2023-09-07 00:00:00+05:00,5.429195960561725,5.572383403778077,5.429195960561725,5.572383403778076,9500.0,0.0,0.0,0.0,SNBL.KA,
2023-09-08 00:00:00+05:00,5.54255270428826,5.54255270428826,5.48885726928711,5.488857269287109,3000.0,0.0,0.0,0.0,SNBL.KA,
2023-09-11 00:00:00+05:00,5.548519234144147,5.548519234144147,5.542552947998047,5.542552947998047,3000.0,0.0,0.0,0.0,SNBL.KA,
2023-09-12 00:00:00+05:00,5.488857368755551,5.524654515730475,5.459026507772505,5.482891082763672,7500.0,0.0,0.0,0.0,SNBL.KA,
2023-09-13 00:00:00+05:00,5.542552947998047,5.542552947998047,5.542552947998047,5.542552947998047,500.0,0.0,0.0,0.0,SNBL.KA,
2023-09-14 00:00:00+05:00,5.530620845380907,5.5664174236620605,5.488857412084425,5.548519134521484,3000.0,0.0,0.0,0.0,SNBL.KA,
2023-09-15 00:00:00+05:00,5.602214570919568,5.602214570919568,5.488857412084425,5.548519134521484,7500.0,0.0,0.0,0.0,SNBL.KA,
2023-09-18 00:00:00+05:00,5.542552168167162,5.572383025724131,5.542552168167162,5.5664167404174805,5000.0,0.0,0.0,0.0,SNBL.KA,
2023-09-19 00:00:00+05:00,5.518687915564376,5.518687915564376,5.36953418811669,5.393398761749268,31500.0,0.0,0.0,0.0,SNBL.KA,
2023-09-20 00:00:00+05:00,5.44112821744875,5.488857367419466,5.3337373455264645,5.369534492492676,341000.0,0.0,0.0,0.0,SNBL.KA,
2023-09-21 00:00:00+05:00,5.476925364414961,5.476925364414961,5.339703631516891,5.369534492492676,161500.0,0.0,0.0,0.0,SNBL.KA,
2023-09-22 00:00:00+05:00,5.369534492492676,5.405331639458887,5.369534492492676,5.369534492492676,120500.0,0.0,0.0,0.0,SNBL.KA,
2023-09-25 00:00:00+05:00,5.429196527459553,5.453061103820801,5.4112976684563305,5.453061103820801,9500.0,0.0,0.0,0.0,SNBL.KA,
2023-09-26 00:00:00+05:00,5.482891226128914,5.506755801744086,5.393399209816111,5.429196357727051,20000.0,0.0,0.0,0.0,SNBL.KA,
2023-09-27 00:00:00+05:00,5.429195707553411,5.488856854958435,5.399364849362751,5.405331134796143,21500.0,0.0,0.0,0.0,SNBL.KA,
2023-09-28 00:00:00+05:00,5.405331134796143,5.405331134796143,5.405331134796143,5.405331134796143,0.0,0.0,0.0,0.0,SNBL.KA,
2023-09-29 00:00:00+05:00,5.405331134796143,5.405331134796143,5.405331134796143,5.405331134796143,0.0,0.0,0.0,0.0,SNBL.KA,
2023-10-02 00:00:00+05:00,5.256177406242415,5.488856848090573,5.250211120816489,5.411296844482422,182500.0,0.0,0.0,0.0,SNBL.KA,
2023-10-03 00:00:00+05:00,5.369534492492676,5.369534492492676,5.357601920511823,5.369534492492676,116500.0,0.0,0.0,0.0,SNBL.KA,
2023-10-04 00:00:00+05:00,5.369534492492676,5.39936535346846,5.369534492492676,5.369534492492676,163000.0,0.0,0.0,0.0,SNBL.KA,
2023-10-05 00:00:00+05:00,5.375500579769676,5.441128016309308,5.369534293999803,5.381466865539551,90000.0,0.0,0.0,0.0,SNBL.KA,
2023-10-06 00:00:00+05:00,5.482890569525043,5.482890569525043,5.381466562038874,5.405331134796143,4500.0,0.0,0.0,0.0,SNBL.KA,
2023-10-09 00:00:00+05:00,5.381467064473529,5.381467064473529,5.369534492492676,5.369534492492676,54000.0,0.0,0.0,0.0,SNBL.KA,
2023-10-10 00:00:00+05:00,5.369534325502086,5.56641720525239,5.369534325502086,5.459026336669922,110500.0,0.0,0.0,0.0,SNBL.KA,
2023-10-11 00:00:00+05:00,5.411297628246907,5.429196487117129,5.381467334749291,5.387433052062988,10000.0,0.0,0.0,0.0,SNBL.KA,
2023-10-12 00:00:00+05:00,5.429195632383443,5.459025921184792,5.375500202178956,5.375500202178955,45500.0,0.0,0.0,0.0,SNBL.KA,
2023-10-13 00:00:00+05:00,5.387432782799004,5.488857368755551,5.387432782799004,5.482891082763672,30000.0,0.0,0.0,0.0,SNBL.KA,
2023-10-16 00:00:00+05:00,5.584315306930545,5.667841598476406,5.470958725310593,5.578349590301514,80000.0,0.0,0.0,0.0,SNBL.KA,
2023-10-17 00:00:00+05:00,5.494823796781972,5.649943822722397,5.470959221173935,5.542552947998047,135500.0,0.0,0.0,0.0,SNBL.KA,
2023-10-18 00:00:00+05:00,5.494823152258333,5.53062029595969,5.494823152258333,5.518687725067139,33000.0,0.0,0.0,0.0,SNBL.KA,
2023-10-19 00:00:00+05:00,5.554485115620113,5.655909127832787,5.5485188299086845,5.572383403778076,63000.0,0.0,0.0,0.0,SNBL.KA,
2023-10-20 00:00:00+05:00,5.649943477576621,5.649943477576621,5.590281757712983,5.608180046081543,434500.0,0.0,0.0,0.0,SNBL.KA,
2023-10-23 00:00:00+05:00,5.572383403778077,5.638010839674824,5.572383403778077,5.572383403778076,117500.0,0.0,0.0,0.0,SNBL.KA,
2023-10-24 00:00:00+05:00,5.608180287982191,5.608180287982191,5.494823698123401,5.548519134521484,33000.0,0.0,0.0,0.0,SNBL.KA,
2023-10-25 00:00:00+05:00,5.626078903426432,5.721537200027191,5.5604508977811635,5.608180046081543,597500.0,0.0,0.0,0.0,SNBL.KA,
2023-10-26 00:00:00+05:00,5.6678415085190075,5.727503225672886,5.608179791365128,5.697672367095947,117000.0,0.0,0.0,0.0,SNBL.KA,
2023-10-27 00:00:00+05:00,5.66784194633696,5.82892825370992,5.614146510545973,5.626079082489014,46500.0,0.0,0.0,0.0,SNBL.KA,
2023-10-30 00:00:00+05:00,5.62607902060889,5.7752327543982975,5.578349871314387,5.703639030456543,1262000.0,0.0,0.0,0.0,SNBL.KA,
2023-10-31 00:00:00+05:00,5.685740100523261,5.751368106701905,5.6738080978393555,5.6738080978393555,35500.0,0.0,0.0,0.0,SNBL.KA,
2023-11-01 00:00:00+05:00,5.727503669789795,5.74540195873329,5.727503669789795,5.73943567276001,144000.0,0.0,0.0,0.0,SNBL.KA,
2023-11-02 00:00:00+05:00,5.727503471715417,5.811029196547389,5.70363889762395,5.751368045806885,123000.0,0.0,0.0,0.0,SNBL.KA,
2023-11-03 00:00:00+05:00,5.727503536693002,5.799097259779622,5.715570965023731,5.787164688110352,160000.0,0.0,0.0,0.0,SNBL.KA,
2023-11-06 00:00:00+05:00,5.757333735296317,5.924386322120754,5.727503444555683,5.906487464904785,360000.0,0.0,0.0,0.0,SNBL.KA,
2023-11-07 00:00:00+05:00,5.906487842145665,5.936318703767887,5.888589552762875,5.912454128265381,292000.0,0.0,0.0,0.0,SNBL.KA,
2023-11-08 00:00:00+05:00,5.90648770771311,6.007912293534411,5.90648770771311,5.960183143615723,158500.0,0.0,0.0,0.0,SNBL.KA,
2023-11-09 00:00:00+05:00,5.960183143615722,5.960183143615722,5.960183143615722,5.960183143615723,0.0,0.0,0.0,0.0,SNBL.KA,
2023-11-10 00:00:00+05:00,5.966148841671828,6.145133420717241,5.966148841671828,6.115302562713623,38500.0,0.0,0.0,0.0,SNBL.KA,
2023-11-13 00:00:00+05:00,6.198828937739197,6.318151802440717,6.133200935421136,6.258490085601807,112500.0,0.0,0.0,0.0,SNBL.KA,
2023-11-14 00:00:00+05:00,6.258490588124553,6.264456874082764,6.085472278170845,6.109336853027344,63000.0,0.0,0.0,0.0,SNBL.KA,
2023-11-15 00:00:00+05:00,6.240592299226265,6.294287734897475,6.085472278170845,6.109336853027344,1021000.0,0.0,0.0,0.0,SNBL.KA,
2023-11-16 00:00:00+05:00,6.043709618965794,6.1749650696070635,6.025811329461737,6.0914387702941895,230000.0,0.0,0.0,0.0,SNBL.KA,
2023-11-17 00:00:00+05:00,6.198829854279893,6.258491010963826,5.602214873582262,5.966149806976318,5918500.0,0.0,0.0,0.0,SNBL.KA,
2023-11-20 00:00:00+05:00,5.924385981852538,6.115302562713623,5.906487125664593,6.115302562713623,127000.0,0.0,0.0,0.0,SNBL.KA,
2023-11-21 00:00:00+05:00,6.1451340710393145,6.174964932199847,6.019844909346158,6.025811195373535,586000.0,0.0,0.0,0.0,SNBL.KA,
2023-11-22 00:00:00+05:00,5.984047472578347,6.025810903772618,5.697672584838725,5.906487464904785,1468500.0,0.0,0.0,0.0,SNBL.KA,
2023-11-23 00:00:00+05:00,5.966149184338701,5.966149184338701,5.894555462403796,5.906487464904785,532500.0,0.0,0.0,0.0,SNBL.KA,
2023-11-24 00:00:00+05:00,6.025810903772618,6.025810903772618,5.8766571741641505,5.906487464904785,334500.0,0.0,0.0,0.0,SNBL.KA,
2023-11-27 00:00:00+05:00,5.91245361896728,6.097404489912325,5.846826184232619,5.954216480255127,576500.0,0.0,0.0,0.0,SNBL.KA,
2023-11-28 00:00:00+05:00,5.912454129409126,5.912454129409126,5.602214647816533,5.799097537994385,7856500.0,0.0,0.0,0.0,SNBL.KA,
2023-11-29 00:00:00+05:00,5.793131011872793,5.995980179767779,5.793131011872793,5.858758449554443,1188000.0,0.0,0.0,0.0,SNBL.KA,
2023-11-30 00:00:00+05:00,5.966149184338701,5.966149184338701,5.828928026207548,5.906487464904785,542000.0,0.0,0.0,0.0,SNBL.KA,
2023-12-01 00:00:00+05:00,5.906487742750189,5.966149464990636,5.816995728365869,5.918420314788818,802000.0,0.0,0.0,0.0,SNBL.KA,
2023-12-04 00:00:00+05:00,5.91245417019363,6.08547248605785,5.906487884031603,5.978082180023193,454500.0,0.0,0.0,0.0,SNBL.KA,
2023-12-05 00:00:00+05:00,6.07354030140487,6.07354030140487,5.942284854640301,5.960183143615723,54500.0,0.0,0.0,0.0,SNBL.KA,
2023-12-06 00:00:00+05:00,6.031776840541302,6.061607701346327,5.966149401951322,5.995980262756348,310500.0,0.0,0.0,0.0,SNBL.KA,
2023-12-07 00:00:00+05:00,6.049675391303627,6.1093365409086875,5.995979958375652,6.0198445320129395,676500.0,0.0,0.0,0.0,SNBL.KA,
2023-12-08 00:00:00+05:00,6.109337192847006,6.1749652040850656,6.085472616663087,6.157066345214844,331000.0,0.0,0.0,0.0,SNBL.KA,
2023-12-11 00:00:00+05:00,6.186896238720451,6.4732716770528125,6.163031666274112,6.306219100952148,1504000.0,0.0,0.0,0.0,SNBL.KA,
2023-12-12 00:00:00+05:00,6.2644570266394215,6.365881614493597,6.234626165098248,6.2763895988464355,292500.0,0.0,0.0,0.0,SNBL.KA,
2023-12-13 00:00:00+05:00,6.353948508566813,6.873003976445017,6.353948508566813,6.723850250244141,6155000.0,0.0,0.0,0.0,SNBL.KA,
2023-12-14 00:00:00+05:00,6.801409787480236,6.980394375356309,6.568730335320028,6.717884063720703,2127000.0,0.0,0.0,0.0,SNBL.KA,
2023-12-15 00:00:00+05:00,6.825274286622827,6.849138860146895,6.652255986329258,6.688053131103516,907000.0,0.0,0.0,0.0,SNBL.KA,
2023-12-18 00:00:00+05:00,6.77157891657448,6.831240061435272,6.56276348712103,6.580661773681641,944500.0,0.0,0.0,0.0,SNBL.KA,
2023-12-19 00:00:00+05:00,6.562763868628309,6.568730154154102,6.2644564200542945,6.324118137359619,708000.0,0.0,0.0,0.0,SNBL.KA,
2023-12-20 00:00:00+05:00,6.330084423459055,6.413610721406535,6.055641523318884,6.210761547088623,421500.0,0.0,0.0,0.0,SNBL.KA,
2023-12-21 00:00:00+05:00,6.234625618231735,6.34201648276969,6.133201039273956,6.24655818939209,341500.0,0.0,0.0,0.0,SNBL.KA,
2023-12-22 00:00:00+05:00,6.115302940309842,6.240592096480121,6.109336654545465,6.121269226074219,379000.0,0.0,0.0,0.0,SNBL.KA,
2023-12-25 00:00:00+05:00,6.121269226074219,6.121269226074219,6.121269226074219,6.121269226074219,0.0,0.0,0.0,0.0,SNBL.KA,
2023-12-26 00:00:00+05:00,6.109337163657574,6.145134312250608,5.966149707238188,5.972115993499756,339500.0,0.0,0.0,0.0,SNBL.KA,
2023-12-27 00:00:00+05:00,6.055640846706389,6.127235133505587,6.001945985071427,6.115302562713623,49000.0,0.0,0.0,0.0,SNBL.KA,
2023-12-28 00:00:00+05:00,6.133200741840796,6.300253316126595,6.133200741840796,6.270422458648682,188000.0,0.0,0.0,0.0,SNBL.KA,
2023-12-29 00:00:00+05:00,6.067574329935399,6.413610969270978,6.067574329935399,6.2644572257995605,248500.0,0.0,0.0,0.0,SNBL.KA,
2024-01-01 00:00:00+05:00,6.371848098757879,6.413610964828508,6.151100626850249,6.377813816070557,334500.0,0.0,0.0,0.0,SNBL.KA,
2024-01-02 00:00:00+05:00,6.443440952621388,6.503102100483998,6.21672722520035,6.258490085601807,384500.0,0.0,0.0,0.0,SNBL.KA,
2024-01-03 00:00:00+05:00,6.413610728880932,6.413610728880932,6.234626129628518,6.31815242767334,203000.0,0.0,0.0,0.0,SNBL.KA,
2024-01-04 00:00:00+05:00,6.365881470719253,6.407644334547861,6.294287746023206,6.330084323883057,174000.0,0.0,0.0,0.0,SNBL.KA,
2024-01-05 00:00:00+05:00,6.389745319584051,6.55083103960273,6.228659030589092,6.270422458648682,317000.0,0.0,0.0,0.0,SNBL.KA,
2024-01-08 00:00:00+05:00,6.3241185421416075,6.383779694289304,6.288321395671917,6.29428768157959,137000.0,0.0,0.0,0.0,SNBL.KA,
2024-01-09 00:00:00+05:00,6.306219231482415,6.306219231482415,6.234625512661503,6.258490085601807,78000.0,0.0,0.0,0.0,SNBL.KA,
2024-01-10 00:00:00+05:00,6.3539481768153,6.3539481768153,6.258489888067005,6.270422458648682,137000.0,0.0,0.0,0.0,SNBL.KA,
2024-01-11 00:00:00+05:00,6.371847691450301,6.371847691450301,6.276389392832915,6.29428768157959,107000.0,0.0,0.0,0.0,SNBL.KA,
2024-01-12 00:00:00+05:00,6.36588105611409,6.371847341694268,6.234625618231735,6.24655818939209,125500.0,0.0,0.0,0.0,SNBL.KA,
2024-01-15 00:00:00+05:00,6.276389520029864,6.324118670305833,6.252524375915527,6.252524375915527,125000.0,0.0,0.0,0.0,SNBL.KA,
2024-01-16 00:00:00+05:00,6.2644564200542945,6.342016424960695,6.1510998399457435,6.324118137359619,47000.0,0.0,0.0,0.0,SNBL.KA,
2024-01-17 00:00:00+05:00,6.324118442380919,6.389745879401038,6.2942875822894715,6.300253868103027,174500.0,0.0,0.0,0.0,SNBL.KA,
2024-01-18 00:00:00+05:00,6.282355515702745,6.29428808828912,6.234626363310001,6.2644572257995605,153500.0,0.0,0.0,0.0,SNBL.KA,
2024-01-19 00:00:00+05:00,6.28235473375297,6.622425613443925,6.264456446077543,6.544865608215332,494500.0,0.0,0.0,0.0,SNBL.KA,
2024-01-22 00:00:00+05:00,6.413610243015591,6.634357690079435,6.413610243015591,6.5746965408325195,695500.0,0.0,0.0,0.0,SNBL.KA,
2024-01-23 00:00:00+05:00,6.592595607054908,6.682087625979192,6.503103019154243,6.556798458099365,875500.0,0.0,0.0,0.0,SNBL.KA,
2024-01-24 00:00:00+05:00,6.598561140148597,6.65225600398805,6.503102276822611,6.5388994216918945,204000.0,0.0,0.0,0.0,SNBL.KA,
2024-01-25 00:00:00+05:00,6.562764028316683,6.586628602024237,6.473272019157437,6.49713659286499,432000.0,0.0,0.0,0.0,SNBL.KA,
2024-01-26 00:00:00+05:00,6.503102679901127,6.5627644020558105,6.479238104834524,6.509068965911865,449500.0,0.0,0.0,0.0,SNBL.KA,
2024-01-29 00:00:00+05:00,6.5329330561397105,7.087785096480578,6.5329330561397105,7.028123378753662,7870000.0,0.0,0.0,0.0,SNBL.KA,
2024-01-30 00:00:00+05:00,7.0042588725414925,7.0102251581665875,6.646290269680476,6.688053131103516,2968500.0,0.0,0.0,0.0,SNBL.KA,
2024-01-31 00:00:00+05:00,6.81930850497795,7.28466796875,6.79544393168134,7.28466796875,11609000.0,0.0,0.0,0.0,SNBL.KA,
2024-02-01 00:00:00+05:00,7.8812831111663275,7.8812831111663275,7.666501944928417,7.857418537139893,28110500.0,0.0,0.0,0.0,SNBL.KA,
2024-02-02 00:00:00+05:00,7.815655312469752,7.934978177069595,7.618772443635936,7.702298164367676,10118500.0,0.0,0.0,0.0,SNBL.KA,
2024-02-06 00:00:00+05:00,7.696331878893609,7.75599359568168,7.517347866481995,7.702298164367676,6679000.0,0.0,0.0,0.0,SNBL.KA,
2024-02-07 00:00:00+05:00,7.678433492880015,7.744060925323398,7.636670633050253,7.708264350891113,2045500.0,0.0,0.0,0.0,SNBL.KA,
2024-02-08 00:00:00+05:00,7.708264350891113,7.708264350891113,7.708264350891113,7.708264350891113,0.0,0.0,0.0,0.0,SNBL.KA,
2024-02-09 00:00:00+05:00,7.666501341499994,7.750027059530064,7.529279624916438,7.648602485656738,4034500.0,0.0,0.0,0.0,SNBL.KA,
2024-02-12 00:00:00+05:00,7.642636419549045,7.678432991644589,7.535245565309906,7.600872993469238,2237500.0,0.0,0.0,0.0,SNBL.KA,
2024-02-13 00:00:00+05:00,7.547178816880346,7.636671399900198,7.457686802836844,7.577009677886963,3187500.0,0.0,0.0,0.0,SNBL.KA,
2024-02-14 00:00:00+05:00,7.600874494642515,7.690367080508675,7.565077915477144,7.6307053565979,1908000.0,0.0,0.0,0.0,SNBL.KA,
2024-02-15 00:00:00+05:00,7.588942222104907,7.648603374923435,7.577009650155394,7.612806797027588,1169500.0,0.0,0.0,0.0,SNBL.KA,
2024-02-16 00:00:00+05:00,7.577009677886964,7.636671399900198,7.57104339189037,7.577009677886963,1397000.0,0.0,0.0,0.0,SNBL.KA,
2024-02-19 00:00:00+05:00,7.547178860081905,7.6724680218457975,7.547178860081905,7.642637729644775,2183500.0,0.0,0.0,0.0,SNBL.KA,
2024-02-20 00:00:00+05:00,7.606840512659972,7.785825109106065,7.606840512659972,7.726163387298584,3014000.0,0.0,0.0,0.0,SNBL.KA,
2024-02-21 00:00:00+05:00,7.77389268663695,8.119929314230982,7.755994397341081,8.006572723388672,5819500.0,0.0,0.0,0.0,SNBL.KA,
2024-02-22 00:00:00+05:00,8.054301532934575,8.11396325336166,7.96480952127028,8.072199821472168,11434000.0,0.0,0.0,0.0,SNBL.KA,
2024-02-23 00:00:00+05:00,8.054301701923748,8.054301701923748,7.95287711645549,7.982707977294922,4171500.0,0.0,0.0,0.0,SNBL.KA,
2024-02-26 00:00:00+05:00,7.976741010351977,8.08413187261536,7.940944435581714,8.000605583190918,5731000.0,0.0,0.0,0.0,SNBL.KA,
2024-02-27 00:00:00+05:00,7.988674052550181,8.054301489484875,7.845486038092883,7.88724946975708,10040000.0,0.0,0.0,0.0,SNBL.KA,
2024-02-28 00:00:00+05:00,7.956707575436061,7.979859766791821,7.6788783351873615,7.732901096343994,4237500.0,3.0,0.0,0.0,SNBL.KA,
2024-02-29 00:00:00+05:00,7.833226253216512,7.864096082092443,7.6634425623962805,7.7483344078063965,1179500.0,0.0,0.0,0.0,SNBL.KA,
2024-03-01 00:00:00+05:00,7.748335070470741,7.794640185742199,7.678877765560975,7.694313049316406,1549000.0,0.0,0.0,0.0,SNBL.KA,
2024-03-04 00:00:00+05:00,7.7869227070612395,7.82551018126369,7.563116239880856,7.717465400695801,1464000.0,0.0,0.0,0.0,SNBL.KA,
2024-03-05 00:00:00+05:00,7.717464628576039,7.786921927992387,7.57855002974334,7.663442611694336,555000.0,0.0,0.0,0.0,SNBL.KA,
2024-03-06 00:00:00+05:00,7.709747250203186,7.84866185377273,7.640289948418414,7.72518253326416,2395500.0,0.0,0.0,0.0,SNBL.KA,
2024-03-07 00:00:00+05:00,7.717465174046047,7.756052647115244,7.624855680276874,7.648007869720459,542500.0,0.0,0.0,0.0,SNBL.KA,
2024-03-08 00:00:00+05:00,7.717464725126969,7.717464725126969,7.609419954017067,7.640289783477783,334500.0,0.0,0.0,0.0,SNBL.KA,
2024-03-11 00:00:00+05:00,7.640289454921441,7.702029111187875,7.578549798655007,7.593985080718994,586500.0,0.0,0.0,0.0,SNBL.KA,
2024-03-12 00:00:00+05:00,7.586267735826793,7.6248552064983155,7.416483306468964,7.43963623046875,586500.0,0.0,0.0,0.0,SNBL.KA,
2024-03-13 00:00:00+05:00,7.5245281944629125,7.563115665736041,7.316156291184898,7.339309215545654,1052000.0,0.0,0.0,0.0,SNBL.KA,
2024-03-14 00:00:00+05:00,7.47822341185118,7.4859410536454485,7.370179370710735,7.385613918304443,254500.0,0.0,0.0,0.0,SNBL.KA,
2024-03-15 00:00:00+05:00,7.4087666139995525,7.41648351955975,7.308439481768904,7.316156387329102,463000.0,0.0,0.0,0.0,SNBL.KA,
2024-03-18 00:00:00+05:00,7.323874148912271,7.439636566150117,7.254416845768527,7.277569770812988,474500.0,0.0,0.0,0.0,SNBL.KA,
2024-03-19 00:00:00+05:00,7.331591442711819,7.370178913293469,7.262134142863805,7.308439254760742,879500.0,0.0,0.0,0.0,SNBL.KA,
2024-03-20 00:00:00+05:00,7.377897328010815,7.3933318762645595,7.3315922112598555,7.362462043762207,150500.0,0.0,0.0,0.0,SNBL.KA,
2024-03-21 00:00:00+05:00,7.401048907536422,7.401048907536422,7.277569587718493,7.331591606140137,601000.0,0.0,0.0,0.0,SNBL.KA,
2024-03-22 00:00:00+05:00,7.370179142219333,7.4087666139995525,7.300721840213898,7.316156387329102,301000.0,0.0,0.0,0.0,SNBL.KA,
2024-03-26 00:00:00+05:00,7.331592246804625,7.524528884878431,7.300722414152611,7.485941410064697,767500.0,0.0,0.0,0.0,SNBL.KA,
2024-03-27 00:00:00+05:00,7.478222978376895,7.563115561203405,7.447353148984016,7.509092807769775,339500.0,0.0,0.0,0.0,SNBL.KA,
2024-03-28 00:00:00+05:00,7.509092744018021,7.609419872691806,7.485940556168619,7.5245280265808105,359000.0,0.0,0.0,0.0,SNBL.KA,
2024-03-29 00:00:00+05:00,7.617137864844115,7.617137864844115,7.416483598253738,7.493658542633057,263500.0,0.0,0.0,0.0,SNBL.KA,
2024-04-01 00:00:00+05:00,7.524528373185821,7.563115845375481,7.447353428806502,7.493658542633057,136000.0,0.0,0.0,0.0,SNBL.KA,
2024-04-02 00:00:00+05:00,7.539963656459611,7.563115845375481,7.462788712080292,7.493658542633057,192000.0,0.0,0.0,0.0,SNBL.KA,
2024-04-03 00:00:00+05:00,7.501375902417646,7.524528090463609,7.46278843167785,7.509092807769775,97000.0,0.0,0.0,0.0,SNBL.KA,
2024-04-04 00:00:00+05:00,7.501375838731408,7.563115496993002,7.485940556168619,7.5245280265808105,703000.0,0.0,0.0,0.0,SNBL.KA,
2024-04-08 00:00:00+05:00,7.516810497025999,7.948988847275644,7.331591519488205,7.902683734893799,2395500.0,0.0,0.0,0.0,SNBL.KA,
2024-04-09 00:00:00+05:00,7.918119585522767,7.94127177537662,7.794640258309093,7.810074806213379,275000.0,0.0,0.0,0.0,SNBL.KA,
2024-04-15 00:00:00+05:00,7.609420246478888,7.833226702669596,7.609420246478888,7.756052494049072,518000.0,0.0,0.0,0.0,SNBL.KA,
2024-04-16 00:00:00+05:00,7.74061676658872,7.825509347993611,7.64028963874325,7.7483344078063965,1220000.0,0.0,0.0,0.0,SNBL.KA,
2024-04-17 00:00:00+05:00,7.756052212420056,7.864096247764579,7.709747100133266,7.771486759185791,612500.0,0.0,0.0,0.0,SNBL.KA,
2024-04-18 00:00:00+05:00,7.763770004921789,7.794639835048932,7.717464891733673,7.72518253326416,276000.0,0.0,0.0,0.0,SNBL.KA,
2024-04-19 00:00:00+05:00,7.717464578930465,7.786921877900004,7.702029296495112,7.7483344078063965,449000.0,0.0,0.0,0.0,SNBL.KA,
2024-04-22 00:00:00+05:00,7.779204813044507,7.794640096623462,7.717465150718347,7.786922454833984,1298000.0,0.0,0.0,0.0,SNBL.KA,
2024-04-23 00:00:00+05:00,7.78692289884712,7.8718147553874465,7.732900875230082,7.79464054107666,916500.0,0.0,0.0,0.0,SNBL.KA,
2024-04-24 00:00:00+05:00,7.8640963154724055,7.871813956919115,7.794639750436405,7.817791938781738,660000.0,0.0,0.0,0.0,SNBL.KA,
2024-04-25 00:00:00+05:00,7.871813956919115,7.910401428157869,7.8023566558883175,7.817791938781738,1233500.0,0.0,0.0,0.0,SNBL.KA,
2024-04-26 00:00:00+05:00,7.794639600998979,7.902683635202331,7.709747018702306,7.864096164703369,573500.0,0.0,0.0,0.0,SNBL.KA,
2024-04-29 00:00:00+05:00,7.748334359042604,7.918118784789081,7.717464530360951,7.833226203918457,435000.0,0.0,0.0,0.0,SNBL.KA,
2024-04-30 00:00:00+05:00,7.840943976801906,7.910401276501081,7.763769771798765,7.864096164703369,1174000.0,0.0,0.0,0.0,SNBL.KA,
2024-05-02 00:00:00+05:00,7.856379864847592,8.003011380849996,7.848662222954086,7.8949666023254395,3167000.0,0.0,0.0,0.0,SNBL.KA,
2024-05-03 00:00:00+05:00,7.910401376289905,7.941271205879538,7.8023566047287956,7.902683734893799,759500.0,0.0,0.0,0.0,SNBL.KA,
2024-05-06 00:00:00+05:00,7.933553464402545,7.933553464402545,7.794639600998979,7.864096164703369,1331000.0,0.0,0.0,0.0,SNBL.KA,
2024-05-07 00:00:00+05:00,7.933553912836224,7.933553912836224,7.848662061735935,7.871814250946045,464500.0,0.0,0.0,0.0,SNBL.KA,
2024-05-08 00:00:00+05:00,7.864097023451608,8.057033661020041,7.856380117304967,8.018446922302246,3302500.0,0.0,0.0,0.0,SNBL.KA,
2024-05-09 00:00:00+05:00,7.987577249599604,8.095621297763678,7.987577249599604,8.04159927368164,668500.0,0.0,0.0,0.0,SNBL.KA,
2024-05-10 00:00:00+05:00,8.09562033483581,8.296274594695092,8.064750505318596,8.249969482421875,1069000.0,0.0,0.0,0.0,SNBL.KA,
2024-05-13 00:00:00+05:00,8.404319924884172,8.550951440843132,8.257687672930372,8.427472114562988,2320500.0,0.0,0.0,0.0,SNBL.KA,
2024-05-14 00:00:00+05:00,8.520081259113427,8.55095108941477,8.427471768209399,8.458341598510742,766500.0,0.0,0.0,0.0,SNBL.KA,
2024-05-15 00:00:00+05:00,8.496928787599021,8.620408104694864,8.33486199991203,8.473775863647461,1196500.0,0.0,0.0,0.0,SNBL.KA,
2024-05-16 00:00:00+05:00,8.489211179893983,8.759322739106707,8.435189162449355,8.736169815063477,1150000.0,0.0,0.0,0.0,SNBL.KA,
2024-05-17 00:00:00+05:00,8.790192890821345,9.507916634598846,8.790192890821345,9.45389461517334,9957500.0,0.0,0.0,0.0,SNBL.KA,
2024-05-20 00:00:00+05:00,9.631395210315413,9.677700320516534,9.106608132006338,9.253239631652832,2563500.0,0.0,0.0,0.0,SNBL.KA,
2024-05-21 00:00:00+05:00,9.145195926055923,9.168348113981581,8.759322692652631,8.88280200958252,2562500.0,0.0,0.0,0.0,SNBL.KA,
2024-05-22 00:00:00+05:00,8.913671478274573,9.160630102145358,8.836496540317574,8.990845680236816,689500.0,0.0,0.0,0.0,SNBL.KA,
2024-05-23 00:00:00+05:00,8.990846208910563,9.052585868508633,8.875084531162878,8.905954360961914,664000.0,0.0,0.0,0.0,SNBL.KA,
2024-05-24 00:00:00+05:00,8.990845452472863,9.145195324476733,8.813344130061042,8.983128547668457,840000.0,0.0,0.0,0.0,SNBL.KA,
2024-05-27 00:00:00+05:00,9.083456887568966,9.098891435241272,8.836497500858556,8.91367244720459,493217.0,0.0,0.0,0.0,SNBL.KA,
2024-05-28 00:00:00+05:00,8.91367244720459,8.91367244720459,8.91367244720459,8.91367244720459,0.0,0.0,0.0,0.0,SNBL.KA,
2024-05-29 00:00:00+05:00,8.97541190104716,8.97541190104716,8.666712858840544,8.705300331115723,844796.0,0.0,0.0,0.0,SNBL.KA,
2024-05-30 00:00:00+05:00,8.936824362676864,9.02943385385548,8.612690775554299,8.720735549926758,1145048.0,0.0,0.0,0.0,SNBL.KA,
2024-05-31 00:00:00+05:00,8.736169651298523,8.859648966568573,8.643560164845987,8.713017463684082,514930.0,0.0,0.0,0.0,SNBL.KA,
2024-06-03 00:00:00+05:00,8.828780294780682,8.828780294780682,8.651278939816766,8.65899658203125,457582.0,0.0,0.0,0.0,SNBL.KA,
2024-06-04 00:00:00+05:00,8.790193622429099,8.797910528707297,8.604973887849726,8.643561363220215,497834.0,0.0,0.0,0.0,SNBL.KA,
2024-06-05 00:00:00+05:00,8.628125846965816,8.682147864828638,8.489211245610223,8.51236343383789,731692.0,0.0,0.0,0.0,SNBL.KA,
2024-06-06 00:00:00+05:00,8.51236387827014,8.63584320325764,8.489211688833691,8.520081520080566,401635.0,0.0,0.0,0.0,SNBL.KA,
2024-06-07 00:00:00+05:00,8.450623956936704,8.489211428812084,8.25768733355461,8.458341598510742,551190.0,0.0,0.0,0.0,SNBL.KA,
2024-06-10 00:00:00+05:00,8.373449899319382,8.412036635891825,8.29627495418485,8.350296974182129,616221.0,0.0,0.0,0.0,SNBL.KA,
2024-06-11 00:00:00+05:00,8.350296798114487,8.41975410007208,8.180513099990154,8.195947647094727,504551.0,0.0,0.0,0.0,SNBL.KA,
2024-06-12 00:00:00+05:00,8.458342294157168,8.458342294157168,8.141926323546445,8.265405654907227,143718.0,0.0,0.0,0.0,SNBL.KA,
2024-06-13 00:00:00+05:00,8.219099924310811,8.550951154575138,8.219099924310811,8.442906379699707,862901.0,0.0,0.0,0.0,SNBL.KA,
2024-06-14 00:00:00+05:00,8.489211527037835,8.604973208008605,8.41203658239411,8.496929168701172,499346.0,0.0,0.0,0.0,SNBL.KA,
2024-06-20 00:00:00+05:00,8.527799279881535,9.145196649356164,8.527799279881535,8.95226001739502,1665933.0,0.0,0.0,0.0,SNBL.KA,
2024-06-21 00:00:00+05:00,8.913672101011832,9.222370402416953,8.890519912405148,8.944541931152344,1797524.0,0.0,0.0,0.0,SNBL.KA,
2024-06-24 00:00:00+05:00,8.990846730614985,9.129761340768727,8.875085046150094,9.029434204101562,668979.0,0.0,0.0,0.0,SNBL.KA,
2024-06-25 00:00:00+05:00,8.990847172684608,9.068022123452366,8.990847172684608,9.037152290344238,500281.0,0.0,0.0,0.0,SNBL.KA,
2024-06-26 00:00:00+05:00,8.952258947253071,9.106608087172313,8.952258947253071,8.990845680236816,932127.0,0.0,0.0,0.0,SNBL.KA,
2024-06-27 00:00:00+05:00,8.990845680236816,9.145195556150812,8.952258947253071,8.990845680236816,1119561.0,0.0,0.0,0.0,SNBL.KA,
2024-06-28 00:00:00+05:00,8.998564039460168,9.214652852594435,8.998564039460168,9.191500663757324,686218.0,0.0,0.0,0.0,SNBL.KA,
2024-07-01 00:00:00+05:00,9.18378337678086,9.453894955625232,9.152913545141063,9.291828155517578,786631.0,0.0,0.0,0.0,SNBL.KA,
2024-07-02 00:00:00+05:00,9.260958831989708,9.477047665324234,9.260958831989708,9.415307998657227,737079.0,0.0,0.0,0.0,SNBL.KA,
2024-07-03 00:00:00+05:00,9.376719646736854,10.264228560128391,9.376719646736854,10.202488899230957,9903961.0,0.0,0.0,0.0,SNBL.KA,
2024-07-04 00:00:00+05:00,10.109878948848284,10.341402298703995,9.963246708878568,10.063573837280273,1374058.0,0.0,0.0,0.0,SNBL.KA,
2024-07-05 00:00:00+05:00,10.26422899582595,10.966518220341253,10.001835057876312,10.549775123596191,6790500.0,0.0,0.0,0.0,SNBL.KA,
2024-07-08 00:00:00+05:00,10.572926276792753,10.79673271910169,10.42629477431232,10.642383575439453,2034648.0,0.0,0.0,0.0,SNBL.KA,
2024-07-09 00:00:00+05:00,10.642385132688377,10.642385132688377,10.356838991131951,10.410861015319824,1571356.0,0.0,0.0,0.0,SNBL.KA,
2024-07-10 00:00:00+05:00,10.59607915498589,10.611514438355558,10.133031693818177,10.241076469421387,531805.0,0.0,0.0,0.0,SNBL.KA,
2024-07-11 00:00:00+05:00,10.148465781813941,10.518904469974705,10.148465781813941,10.310532569885254,572226.0,0.0,0.0,0.0,SNBL.KA,
2024-07-12 00:00:00+05:00,10.341402682038172,10.387707795322616,10.109879323600374,10.295098304748535,522858.0,0.0,0.0,0.0,SNBL.KA,
2024-07-15 00:00:00+05:00,10.449446474006175,10.572925783171046,10.310531883198326,10.372271537780762,228542.0,0.0,0.0,0.0,SNBL.KA,
2024-07-16 00:00:00+05:00,10.372271537780762,10.372271537780762,10.372271537780762,10.372271537780762,0.0,0.0,0.0,0.0,SNBL.KA,
2024-07-17 00:00:00+05:00,10.372271537780762,10.372271537780762,10.372271537780762,10.372271537780762,0.0,0.0,0.0,0.0,SNBL.KA,
2024-07-18 00:00:00+05:00,10.372272838670233,10.418577953412012,10.187053851692779,10.341403007507324,804593.0,0.0,0.0,0.0,SNBL.KA,
2024-07-19 00:00:00+05:00,10.410859766908398,10.410859766908398,10.009551982787698,10.086726188659668,977024.0,0.0,0.0,0.0,SNBL.KA,
2024-07-22 00:00:00+05:00,10.032704190159565,10.171618791387802,9.808897741511183,10.009552001953125,1113630.0,0.0,0.0,0.0,SNBL.KA,
2024-07-23 00:00:00+05:00,10.287380847540748,10.302816130910415,10.0327045598998,10.241076469421387,505343.0,0.0,0.0,0.0,SNBL.KA,
2024-07-24 00:00:00+05:00,10.32596774387647,10.804450461718936,10.071291470444105,10.680971145629883,5397428.0,0.0,0.0,0.0,SNBL.KA,
2024-07-25 00:00:00+05:00,10.68868946124048,10.68868946124048,10.310533111866157,10.35683822631836,723762.0,0.0,0.0,0.0,SNBL.KA,
2024-07-26 00:00:00+05:00,10.40314337260495,10.57292782346795,10.225642015426041,10.279664039611816,177298.0,0.0,0.0,0.0,SNBL.KA,
2024-07-29 00:00:00+05:00,10.287380381873577,10.418577340597723,10.233358364514736,10.310532569885254,258483.0,0.0,0.0,0.0,SNBL.KA,
2024-07-30 00:00:00+05:00,10.418577173462763,10.418577173462763,10.024986303604313,10.079009056091309,228903.0,0.0,0.0,0.0,SNBL.KA,
2024-07-31 00:00:00+05:00,10.063574796705957,10.518905370556084,10.04814024870833,10.194771766662598,279678.0,0.0,0.0,0.0,SNBL.KA,
2024-08-01 00:00:00+05:00,10.08672654682854,10.418577778246588,10.032704527200417,10.187053680419922,403107.0,0.0,0.0,0.0,SNBL.KA,
2024-08-02 00:00:00+05:00,10.225640723179248,10.372272228579583,10.187053252496595,10.310532569885254,312229.0,0.0,0.0,0.0,SNBL.KA,
2024-08-05 00:00:00+05:00,10.133031253618748,10.403142076900382,10.109879065564847,10.233358383178711,493047.0,0.0,0.0,0.0,SNBL.KA,
2024-08-06 00:00:00+05:00,10.39542561178688,10.418577800821266,10.071292021326189,10.109879493713379,352153.0,0.0,0.0,0.0,SNBL.KA,
2024-08-07 00:00:00+05:00,10.302816293840356,10.302816293840356,10.117596570449363,10.264228820800781,697870.0,0.0,0.0,0.0,SNBL.KA,
2024-08-08 00:00:00+05:00,10.187052827861855,10.418576906312188,10.117595530727279,10.225640296936035,186597.0,0.0,0.0,0.0,SNBL.KA,
2024-08-09 00:00:00+05:00,10.22564158528762,10.881626434213446,10.148466637415812,10.534339904785156,1124109.0,0.0,0.0,0.0,SNBL.KA,
2024-08-12 00:00:00+05:00,10.356837496475233,11.03597446594842,10.349119855277921,10.981951713562012,8155027.0,0.0,0.0,0.0,SNBL.KA,
2024-08-13 00:00:00+05:00,11.012822996397047,11.105432488818687,10.711841594030599,10.843038558959961,451762.0,0.0,0.0,0.0,SNBL.KA,
2024-08-15 00:00:00+05:00,10.765863562900693,11.931200958338767,10.727276090575925,11.668807029724121,6991099.0,0.0,0.0,0.0,SNBL.KA,
2024-08-16 00:00:00+05:00,11.668806256802116,11.954352355499605,11.537609301185057,11.614784240722656,1253797.0,0.0,0.0,0.0,SNBL.KA,
2024-08-19 00:00:00+05:00,11.614784953416502,12.780121607175957,11.576197481279939,12.702946662902832,7974798.0,0.0,0.0,0.0,SNBL.KA,
2024-08-20 00:00:00+05:00,12.81099209105605,12.81099209105605,11.8848957097307,12.2476167678833,3543347.0,0.0,0.0,0.0,SNBL.KA,
2024-08-21 00:00:00+05:00,12.162724575428308,12.749252070790412,11.969787957427204,12.278486251831055,5244605.0,0.0,0.0,0.0,SNBL.KA,
2024-08-22 00:00:00+05:00,12.579467549758272,12.656642495312976,11.92348345652259,12.232182502746582,2260271.0,0.0,0.0,0.0,SNBL.KA,
2024-08-23 00:00:00+05:00,12.332507765652684,12.919035237059068,11.460434935581446,11.591631889343262,11396311.0,0.0,0.0,0.0,SNBL.KA,
2024-08-26 00:00:00+05:00,11.661089476905943,11.830873914831622,11.059127406435588,11.236629486083984,9520545.0,0.0,0.0,0.0,SNBL.KA,
2024-08-27 00:00:00+05:00,11.198041830238303,11.568479794929626,11.190324188641863,11.290651321411133,5346015.0,0.0,0.0,0.0,SNBL.KA,
2024-08-28 00:00:00+05:00,11.375543235942239,11.57619750262652,11.198041894179477,11.275216102600098,5229390.0,0.0,0.0,0.0,SNBL.KA,
2024-08-29 00:00:00+05:00,11.414130103445071,11.884895178653265,11.306085334186488,11.784568786621094,2212149.0,0.0,0.0,0.0,SNBL.KA,
2024-08-30 00:00:00+05:00,11.807721379316641,12.077832207735524,11.730546436342788,11.946635246276855,3417817.0,0.0,0.0,0.0,SNBL.KA,
2024-09-02 00:00:00+05:00,12.240473963363367,12.240473963363367,11.501679824478844,11.55205249786377,1013738.0,1.25,0.0,0.0,SNBL.KA,
2024-09-03 00:00:00+05:00,11.442911950933127,11.753541156858235,11.442911950933127,11.711564064025879,469431.0,0.0,0.0,0.0,SNBL.KA,
2024-09-04 00:00:00+05:00,11.602424290821808,11.803914182329548,11.023142954434059,11.686378479003906,644126.0,0.0,0.0,0.0,SNBL.KA,
2024-09-05 00:00:00+05:00,11.55205236551894,11.753541455457341,11.55205236551894,11.610819816589355,147221.0,0.0,0.0,0.0,SNBL.KA,
2024-09-06 00:00:00+05:00,11.619215395498408,11.753541455457341,11.585633880508674,11.610819816589355,497394.0,0.0,0.0,0.0,SNBL.KA,
2024-09-09 00:00:00+05:00,11.594030146323531,11.753542151813676,11.493284794739047,11.501680374145508,1451441.0,0.0,0.0,0.0,SNBL.KA,
2024-09-10 00:00:00+05:00,11.42612075805664,11.53526087882324,11.174259803137591,11.42612075805664,292704.0,0.0,0.0,0.0,SNBL.KA,
2024-09-11 00:00:00+05:00,11.333771705627441,11.426120668329464,11.073514373436005,11.333771705627441,540390.0,0.0,0.0,0.0,SNBL.KA,
2024-09-12 00:00:00+05:00,11.333771648976162,11.333771648976162,11.207841173135003,11.25821304321289,221001.0,0.0,0.0,0.0,SNBL.KA,
2024-09-13 00:00:00+05:00,11.24981833462897,11.258213913840017,11.081910753640544,11.165864944458008,332890.0,0.0,0.0,0.0,SNBL.KA,
2024-09-16 00:00:00+05:00,11.24981833462897,11.24981833462897,11.081910753640544,11.165864944458008,230849.0,0.0,0.0,0.0,SNBL.KA,
2024-09-17 00:00:00+05:00,11.165864944458008,11.165864944458008,11.165864944458008,11.165864944458008,0.0,0.0,0.0,0.0,SNBL.KA,
2024-09-18 00:00:00+05:00,11.249818251351254,11.535261537241809,11.249818251351254,11.300190925598145,256175.0,0.0,0.0,0.0,SNBL.KA,
2024-09-19 00:00:00+05:00,11.434516688098903,11.526865654363926,11.333772142906202,11.400935173034668,299261.0,0.0,0.0,0.0,SNBL.KA,
2024-09-20 00:00:00+05:00,11.400934920473649,11.568842492075218,11.333771891833022,11.350563049316406,235788.0,0.0,0.0,0.0,SNBL.KA,
2024-09-23 00:00:00+05:00,11.409330349683868,11.636005368213553,11.258213136899782,11.61921501159668,1073682.0,0.0,0.0,0.0,SNBL.KA,
2024-09-24 00:00:00+05:00,11.375749402423407,11.54365698018775,11.3337723078207,11.35895824432373,171985.0,0.0,0.0,0.0,SNBL.KA,
2024-09-25 00:00:00+05:00,11.258214175883799,11.56884340810415,11.258214175883799,11.501680374145508,99654.0,0.0,0.0,0.0,SNBL.KA,
2024-09-26 00:00:00+05:00,11.501680123534992,11.829100507434088,11.501680123534992,11.677983283996582,1481631.0,0.0,0.0,0.0,SNBL.KA,
2024-09-27 00:00:00+05:00,11.736749979815322,12.038984407185076,11.585633566776897,11.921448707580566,2715808.0,0.0,0.0,0.0,SNBL.KA,
2024-09-30 00:00:00+05:00,12.0557752335505,12.072566391568031,11.711564500655948,11.778727531433105,391753.0,0.0,0.0,0.0,SNBL.KA,
2024-10-01 00:00:00+05:00,11.837496053956485,11.921449444020343,11.62761137782709,11.661192893981934,719310.0,0.0,0.0,0.0,SNBL.KA,
2024-10-02 00:00:00+05:00,11.753541676221174,11.753541676221174,11.594029677185484,11.644401550292969,195263.0,0.0,0.0,0.0,SNBL.KA,
2024-10-03 00:00:00+05:00,11.644401497845815,11.745146044253515,11.560448109495972,11.568842887878418,165351.0,0.0,0.0,0.0,SNBL.KA,
2024-10-04 00:00:00+05:00,11.58563357274958,11.669586957670552,11.426120780300765,11.484889030456543,364495.0,0.0,0.0,0.0,SNBL.KA,
2024-10-07 00:00:00+05:00,11.585633826748902,11.585633826748902,11.426121030802987,11.535261154174805,176510.0,0.0,0.0,0.0,SNBL.KA,
2024-10-08 00:00:00+05:00,11.627610331847283,11.946634306296744,11.510074635555188,11.736749649047852,427743.0,0.0,0.0,0.0,SNBL.KA,
2024-10-09 00:00:00+05:00,11.736749649047852,11.736749649047852,11.736749649047852,11.736749649047852,0.0,0.0,0.0,0.0,SNBL.KA,
2024-10-10 00:00:00+05:00,12.08935663404621,12.156519664185074,11.845890449631208,11.896263122558594,202136.0,0.0,0.0,0.0,SNBL.KA,
2024-10-11 00:00:00+05:00,11.795518229940802,11.963425800342637,11.75354113717873,11.921448707580566,241945.0,0.0,0.0,0.0,SNBL.KA,
2024-10-14 00:00:00+05:00,12.08096133428428,12.17331029657732,11.854285516865307,11.963425636291504,322169.0,0.0,0.0,0.0,SNBL.KA,
2024-10-15 00:00:00+05:00,12.08096152240888,12.089356300459743,11.879471636905606,11.980216979980469,738330.0,0.0,0.0,0.0,SNBL.KA,
2024-10-16 00:00:00+05:00,12.15651972504891,12.15651972504891,11.66958735378099,11.703168869018555,1763516.0,0.0,0.0,0.0,SNBL.KA,
2024-10-17 00:00:00+05:00,11.619216172596225,11.703169565362158,11.333772875769691,11.367354393005371,602236.0,0.0,0.0,0.0,SNBL.KA,
2024-10-18 00:00:00+05:00,11.661192602690303,11.661192602690303,11.434516773822502,11.493284225463867,148351.0,0.0,0.0,0.0,SNBL.KA,
2024-10-21 00:00:00+05:00,11.384144894183835,11.963426233190726,11.384144894183835,11.761937141418457,1414449.0,0.0,0.0,0.0,SNBL.KA,
2024-10-22 00:00:00+05:00,11.711564473512501,12.131333815220092,11.711564473512501,11.988612174987793,15033113.0,0.0,0.0,0.0,SNBL.KA,
2024-10-23 00:00:00+05:00,12.173310486139979,12.173310486139979,11.921448729745723,11.980216979980469,230013.0,0.0,0.0,0.0,SNBL.KA,
2024-10-24 00:00:00+05:00,12.139729633883741,12.156519991547366,11.837495990120019,12.080962181091309,400421.0,0.0,0.0,0.0,SNBL.KA,
2024-10-25 00:00:00+05:00,12.164915908196468,12.17331148758445,11.913054131082658,11.997008323669434,420526.0,0.0,0.0,0.0,SNBL.KA,
2024-10-28 00:00:00+05:00,11.99700805521325,12.005403634413364,11.871077569797542,11.88786792755127,214151.0,0.0,0.0,0.0,SNBL.KA,
2024-10-29 00:00:00+05:00,11.921449224922993,11.938240383015069,11.78712316277232,11.854286193847656,1310185.0,0.0,0.0,0.0,SNBL.KA,
2024-10-30 00:00:00+05:00,11.854285623808334,11.963425744219135,11.75354108203985,11.845890045166016,748809.0,0.0,0.0,0.0,SNBL.KA,
2024-10-31 00:00:00+05:00,11.7703324570861,11.96342596555315,11.728355363744342,11.879471778869629,379360.0,0.0,0.0,0.0,SNBL.KA,
2024-11-01 00:00:00+05:00,11.988612001340032,11.988612001340032,11.543656729755906,11.803914070129395,362856.0,0.0,0.0,0.0,SNBL.KA,
2024-11-04 00:00:00+05:00,11.770333290100098,11.837496323941615,11.719960614395703,11.770333290100098,826620.0,0.0,0.0,0.0,SNBL.KA,
2024-11-05 00:00:00+05:00,11.711564282965115,11.820704406110956,11.619215317524699,11.745145797729492,233460.0,0.0,0.0,0.0,SNBL.KA,
2024-11-06 00:00:00+05:00,11.946634662982037,11.946634662982037,11.62761067900762,11.711564064025879,974900.0,0.0,0.0,0.0,SNBL.KA,
2024-11-07 00:00:00+05:00,11.75354108203985,11.955030165576815,11.669586896909559,11.845890045166016,608163.0,0.0,0.0,0.0,SNBL.KA,
2024-11-08 00:00:00+05:00,11.862681990597428,12.005403634413364,11.795518958289518,11.88786792755127,268121.0,0.0,0.0,0.0,SNBL.KA,
2024-11-11 00:00:00+05:00,11.803914555270552,12.21528832893781,11.795518976057792,12.173311233520508,1134886.0,0.0,0.0,0.0,SNBL.KA,
2024-11-12 00:00:00+05:00,12.257264651710575,12.324427679885993,12.02219325245016,12.190101623535156,987129.0,0.0,0.0,0.0,SNBL.KA,
2024-11-13 00:00:00+05:00,12.064171105694122,12.24886984514235,12.047380747915103,12.173311233520508,1194868.0,0.0,0.0,0.0,SNBL.KA,
2024-11-14 00:00:00+05:00,12.131334222423115,12.248869930279202,11.997008156671304,12.038985252380371,514062.0,0.0,0.0,0.0,SNBL.KA,
2024-11-15 00:00:00+05:00,11.93824006123104,12.257264850563118,11.93824006123104,12.164915084838867,1001291.0,0.0,0.0,0.0,SNBL.KA,
2024-11-18 00:00:00+05:00,12.106148283059998,12.34121889808302,12.089357124520815,12.265660285949707,1767664.0,0.0,0.0,0.0,SNBL.KA,
2024-11-19 00:00:00+05:00,12.34121847884685,12.34121847884685,12.131333808115961,12.257265090942383,759865.0,0.0,0.0,0.0,SNBL.KA,
2024-11-20 00:00:00+05:00,12.366404094821418,12.366404094821418,12.198496522715384,12.299241065979004,487134.0,0.0,0.0,0.0,SNBL.KA,
2024-11-21 00:00:00+05:00,12.215287840587548,12.677034270424887,12.164915167971316,12.525917053222656,2526984.0,0.0,0.0,0.0,SNBL.KA,
2024-11-22 00:00:00+05:00,12.551103292336334,13.138780216937867,12.551103292336334,12.651847839355469,2822487.0,0.0,0.0,0.0,SNBL.KA,
2024-11-25 00:00:00+05:00,12.341218244823843,12.954081888072643,12.341218244823843,12.660243034362793,1323384.0,0.0,0.0,0.0,SNBL.KA,
2024-11-26 00:00:00+05:00,12.752592823587054,13.096804371844897,12.441963592800091,12.719011306762695,3899805.0,0.0,0.0,0.0,SNBL.KA,
2024-11-27 00:00:00+05:00,12.383196252828409,13.642504346336384,12.383196252828409,13.441015243530273,4709287.0,0.0,0.0,0.0,SNBL.KA,
2024-11-28 00:00:00+05:00,13.441014427850817,13.60052722504371,12.97087241585434,13.113594055175781,1579355.0,0.0,0.0,0.0,SNBL.KA,
2024-11-29 00:00:00+05:00,13.264710679981018,13.365455220763078,13.02124450626276,13.315082550048828,687009.0,0.0,0.0,0.0,SNBL.KA,
2024-12-02 00:00:00+05:00,13.415827273013115,13.852387756310154,13.415827273013115,13.768433570861816,2777823.0,0.0,0.0,0.0,SNBL.KA,
2024-12-03 00:00:00+05:00,13.7684344600792,13.852388650949617,13.634108395203736,13.734853744506836,1929062.0,0.0,0.0,0.0,SNBL.KA,
2024-12-04 00:00:00+05:00,13.701271057128906,13.843992697361205,13.684479899150292,13.701271057128906,911049.0,0.0,0.0,0.0,SNBL.KA,
2024-12-05 00:00:00+05:00,13.718062235180534,15.069720029870545,13.701271077177351,14.977370262145996,8214781.0,0.0,0.0,0.0,SNBL.KA,
2024-12-06 00:00:00+05:00,14.910207363523774,16.03518933901651,14.910207363523774,15.867280960083008,4109553.0,0.0,0.0,0.0,SNBL.KA,
2024-12-09 00:00:00+05:00,15.867280030205608,16.035188399299102,15.111695571870651,15.48948860168457,3011631.0,0.0,0.0,0.0,SNBL.KA,
2024-12-10 00:00:00+05:00,15.489490116535292,15.489490116535292,14.482043006033159,14.885021209716797,828702.0,0.0,0.0,0.0,SNBL.KA,
2024-12-11 00:00:00+05:00,14.700322482038407,15.329976492170472,14.27215756299345,14.616368293762207,1098911.0,0.0,0.0,0.0,SNBL.KA,
2024-12-12 00:00:00+05:00,14.280552447954104,15.321580168626161,14.280552447954104,14.708717346191406,1200774.0,0.0,0.0,0.0,SNBL.KA,
2024-12-13 00:00:00+05:00,14.69192618909358,14.817856664741521,14.154621972306163,14.708717346191406,1494889.0,0.0,0.0,0.0,SNBL.KA,
2024-12-16 00:00:00+05:00,14.440065725296305,14.901811352024978,14.20499432186933,14.314133644104004,3182355.0,0.0,0.0,0.0,SNBL.KA,
2024-12-17 00:00:00+05:00,14.230181347702349,14.666740246810333,14.188203452687087,14.48204231262207,3756441.0,0.0,0.0,0.0,SNBL.KA,
2024-12-18 00:00:00+05:00,14.330925232684859,14.700322705950956,13.642503760661434,13.927947044372559,1177204.0,0.0,0.0,0.0,SNBL.KA,
2024-12-19 00:00:00+05:00,14.104249240857882,14.188203429457994,13.608921289539488,13.701271057128906,433254.0,0.0,0.0,0.0,SNBL.KA,
2024-12-20 00:00:00+05:00,13.852388766236897,13.927947378519812,13.47459570482232,13.843993186950684,321113.0,0.0,0.0,0.0,SNBL.KA,
2024-12-23 00:00:00+05:00,14.087459981298895,14.440066299822012,13.692875766943864,14.322529792785645,532472.0,0.0,0.0,0.0,SNBL.KA,
2024-12-24 00:00:00+05:00,14.12943546402734,14.482041762291368,14.020296143720978,14.263761520385742,152294.0,0.0,0.0,0.0,SNBL.KA,
2024-12-26 00:00:00+05:00,14.263761340365887,14.272156918943942,14.020295966773848,14.079063415527344,255121.0,0.0,0.0,0.0,SNBL.KA,
2024-12-27 00:00:00+05:00,14.230182067859703,14.263762784278393,13.642504318248696,13.9363431930542,300782.0,0.0,0.0,0.0,SNBL.KA,
2024-12-30 00:00:00+05:00,13.986713603913657,14.901810848937773,13.953132891010883,14.708717346191406,1121525.0,0.0,0.0,0.0,SNBL.KA,
2024-12-31 00:00:00+05:00,14.700322704154932,14.935394114621543,14.540809904149269,14.876625061035156,294147.0,0.0,0.0,0.0,SNBL.KA,
2025-01-01 00:00:00+05:00,14.876625061035156,14.876625061035156,14.876625061035156,14.876625061035156,0.0,0.0,0.0,0.0,SNBL.KA,
2025-01-02 00:00:00+05:00,14.792671906080116,15.103300313814604,14.775880748555842,14.868228912353516,219428.0,0.0,0.0,0.0,SNBL.KA,
2025-01-03 00:00:00+05:00,14.859835333335962,15.061324425151232,14.507229022336002,14.691926956176758,453963.0,0.0,0.0,0.0,SNBL.KA,
2025-01-06 00:00:00+05:00,14.532414492899346,14.943788264997107,14.532414492899346,14.935394287109375,361190.0,0.0,0.0,0.0,SNBL.KA,
2025-01-07 00:00:00+05:00,14.901811292999197,14.994161058496307,14.607972440202598,14.775880813598633,286132.0,0.0,0.0,0.0,SNBL.KA,
2025-01-08 00:00:00+05:00,14.935393235671395,15.581836774148563,14.700321839038772,15.447510719299316,3219877.0,0.0,0.0,0.0,SNBL.KA,
2025-01-09 00:00:00+05:00,15.523069801189756,15.523069801189756,15.069719752498845,15.136882781982422,285166.0,0.0,0.0,0.0,SNBL.KA,
2025-01-10 00:00:00+05:00,15.447511787800602,15.447511787800602,15.036138016208533,15.103301048278809,296511.0,0.0,0.0,0.0,SNBL.KA,
2025-01-13 00:00:00+05:00,15.313184567523695,15.455906200059259,14.750693615917989,15.086508750915527,793187.0,0.0,0.0,0.0,SNBL.KA,
2025-01-14 00:00:00+05:00,15.111696877213195,15.53146623491356,14.775881711311506,15.481094360351562,425628.0,0.0,0.0,0.0,SNBL.KA,
2025-01-15 00:00:00+05:00,15.37195194240441,15.59862775792753,15.111695414188718,15.220834732055664,608574.0,0.0,0.0,0.0,SNBL.KA,
2025-01-16 00:00:00+05:00,15.15367253677808,15.439115816143588,15.094905085372172,15.111696243286133,229658.0,0.0,0.0,0.0,SNBL.KA,
2025-01-17 00:00:00+05:00,15.128487570999239,15.397139695466086,15.086509675743187,15.296394348144531,55936.0,0.0,0.0,0.0,SNBL.KA,
2025-01-20 00:00:00+05:00,15.153672694144085,15.439115976473829,15.120091979260394,15.338372230529785,164262.0,0.0,0.0,0.0,SNBL.KA,
2025-01-21 00:00:00+05:00,15.120092358039338,15.607024745748463,15.120092358039338,15.329977035522461,654659.0,0.0,0.0,0.0,SNBL.KA,
2025-01-22 00:00:00+05:00,15.170462862370371,15.615418914920248,14.784275859295013,15.220834732055664,547145.0,0.0,0.0,0.0,SNBL.KA,
2025-01-23 00:00:00+05:00,15.489488285949896,15.615418759556633,15.304788763453356,15.531464576721191,360618.0,0.0,0.0,0.0,SNBL.KA,
2025-01-24 00:00:00+05:00,15.32158124000357,15.699374294657838,15.20404633468579,15.523070335388184,344554.0,0.0,0.0,0.0,SNBL.KA,
2025-01-27 00:00:00+05:00,15.64899979090122,15.657395369485181,15.36355652421801,15.48948860168457,72714.0,0.0,0.0,0.0,SNBL.KA,
2025-01-28 00:00:00+05:00,15.28799905586601,15.598629081415712,15.195650887156368,15.464303016662598,247117.0,0.0,0.0,0.0,SNBL.KA,
2025-01-29 00:00:00+05:00,15.329977371190715,15.531466473831196,15.187255723325409,15.246023178100586,301867.0,0.0,0.0,0.0,SNBL.KA,
2025-01-30 00:00:00+05:00,15.363556861877441,16.33742158092033,15.027741717602808,15.363556861877441,3134049.0,0.0,0.0,0.0,SNBL.KA,
2025-01-31 00:00:00+05:00,15.287998756264791,16.37100443356758,15.204046168409077,15.338372230529785,3720476.0,0.0,0.0,0.0,SNBL.KA,
2025-02-03 00:00:00+05:00,15.44751143217362,16.790773643948057,15.44751143217362,16.34581756591797,9345184.0,0.0,0.0,0.0,SNBL.KA,
2025-02-04 00:00:00+05:00,16.45495893321378,17.621917220392252,16.45495893321378,17.19375228881836,8984130.0,0.0,0.0,0.0,SNBL.KA,
2025-02-06 00:00:00+05:00,17.25251943049516,17.294497325750292,16.496934930125477,16.614471435546875,2022352.0,0.0,0.0,0.0,SNBL.KA,
2025-02-07 00:00:00+05:00,16.681633550004484,16.874727053688666,15.296393507270693,15.447510719299316,7613118.0,0.0,0.0,0.0,SNBL.KA,
2025-02-10 00:00:00+05:00,15.447511735197299,15.682583147289277,14.901811901322944,15.027742385864258,2357302.0,0.0,0.0,0.0,SNBL.KA,
2025-02-11 00:00:00+05:00,15.279605175168106,15.447511956531319,15.11169679251188,15.287999153137207,661148.0,0.0,0.0,0.0,SNBL.KA,
2025-02-12 00:00:00+05:00,15.338372398275533,15.615420104591003,15.145278882026902,15.523070335388184,2618394.0,0.0,0.0,0.0,SNBL.KA,
2025-02-13 00:00:00+05:00,15.61542000935874,15.825304682599334,15.556652557058252,15.699374198913574,670107.0,0.0,0.0,0.0,SNBL.KA,
2025-02-14 00:00:00+05:00,15.598628997802734,15.909259021687374,15.36355758509833,15.598628997802734,1110243.0,0.0,0.0,0.0,SNBL.KA,
2025-02-17 00:00:00+05:00,15.59862818644868,16.11914285847236,15.237626307652192,15.497882843017578,1216219.0,0.0,0.0,0.0,SNBL.KA,
2025-02-18 00:00:00+05:00,15.774932369380803,15.774932369380803,15.36355701216572,15.632210731506348,979966.0,0.0,0.0,0.0,SNBL.KA,
2025-02-19 00:00:00+05:00,15.716164389354818,15.867281616386899,15.556653184192546,15.741351127624512,454151.0,0.0,0.0,0.0,SNBL.KA,
2025-02-20 00:00:00+05:00,15.858885649883915,15.942839840774054,15.615420257724814,15.749746322631836,426898.0,0.0,0.0,0.0,SNBL.KA,
2025-02-21 00:00:00+05:00,15.86728045577025,15.909258349815921,15.716163239791678,15.766536712646484,207212.0,0.0,0.0,0.0,SNBL.KA,
2025-02-24 00:00:00+05:00,15.623814449131967,15.94283842462506,15.623814449131967,15.850488662719727,354823.0,0.0,0.0,0.0,SNBL.KA,
2025-02-25 00:00:00+05:00,15.90925868395327,16.03518916614932,15.455907026495948,15.68258285522461,1314866.0,0.0,0.0,0.0,SNBL.KA,
2025-02-26 00:00:00+05:00,15.783327102661131,15.816909419671518,15.615420321488232,15.783327102661133,715990.0,0.0,0.0,0.0,SNBL.KA,
2025-02-27 00:00:00+05:00,15.74135042467154,15.867280907810317,15.72455926657491,15.791722297668457,278404.0,0.0,0.0,0.0,SNBL.KA,
2025-02-28 00:00:00+05:00,15.934444060585278,15.934444060585278,15.573442165215855,15.774932861328125,433936.0,0.0,0.0,0.0,SNBL.KA,
2025-03-03 00:00:00+05:00,15.682583200693069,16.362609100566246,15.027742437038123,15.103301048278809,1136354.0,0.0,0.0,0.0,SNBL.KA,
2025-03-04 00:00:00+05:00,15.19565052225803,15.573441969819255,15.178859364243852,15.430720329284668,5743523.0,0.0,0.0,0.0,SNBL.KA,
2025-03-05 00:00:00+05:00,16.006010168270418,16.006010168270418,15.495674320100441,15.662692070007324,792475.0,1.75,0.0,0.0,SNBL.KA,
2025-03-06 00:00:00+05:00,15.560625588444346,15.746201451593793,15.421443248632395,15.690528869628906,303875.0,0.0,0.0,0.0,SNBL.KA,
2025-03-07 00:00:00+05:00,15.746201258325339,15.755480316838842,15.644135154275714,15.681249618530273,201597.0,0.0,0.0,0.0,SNBL.KA,
2025-03-10 00:00:00+05:00,15.681249998671158,15.699808116148043,15.319375556869355,15.495674133300781,274914.0,0.0,0.0,0.0,SNBL.KA,
2025-03-11 00:00:00+05:00,15.439999902458268,15.60701942146651,15.310096618696083,15.402885437011719,150034.0,0.0,0.0,0.0,SNBL.KA,
2025-03-12 00:00:00+05:00,15.3286548584936,15.542067903460879,15.170914397039628,15.310096740722656,184578.0,0.0,0.0,0.0,SNBL.KA,
2025-03-13 00:00:00+05:00,15.217307402891624,15.57918360789014,15.031731540907257,15.133797645568848,619797.0,0.0,0.0,0.0,SNBL.KA,
2025-03-14 00:00:00+05:00,15.133798151227444,15.263703205736364,14.762644645058069,14.855433464050293,384740.0,0.0,0.0,0.0,SNBL.KA,
2025-03-17 00:00:00+05:00,14.864712330469729,14.938943030742507,14.753365395160813,14.84615421295166,208560.0,0.0,0.0,0.0,SNBL.KA,
2025-03-18 00:00:00+05:00,15.078125436086301,15.078125436086301,14.846154275531127,14.901826858520508,119795.0,0.0,0.0,0.0,SNBL.KA,
2025-03-19 00:00:00+05:00,15.198749596797484,15.198749596797484,14.818317921574305,14.84615421295166,1241804.0,0.0,0.0,0.0,SNBL.KA,
2025-03-20 00:00:00+05:00,15.059567259139996,15.115241611709468,14.948222093600048,15.050288200378418,246169.0,0.0,0.0,0.0,SNBL.KA,
2025-03-21 00:00:00+05:00,15.124519031251156,15.170914325459607,14.86471246288187,15.003894805908203,190743.0,0.0,0.0,0.0,SNBL.KA,
2025-03-24 00:00:00+05:00,15.217308044433594,15.588461553849138,14.94822241378215,15.217308044433594,127522.0,0.0,0.0,0.0,SNBL.KA,
2025-03-25 00:00:00+05:00,15.31009623597745,15.495673867969689,15.133797662564769,15.384326934814453,101698.0,0.0,0.0,0.0,SNBL.KA,
2025-03-26 00:00:00+05:00,15.755480552338414,15.755480552338414,15.217307539107285,15.29153823852539,333019.0,0.0,0.0,0.0,SNBL.KA,
2025-03-27 00:00:00+05:00,15.560626146767682,15.560626146767682,15.133798283590155,15.217308044433594,404083.0,0.0,0.0,0.0,SNBL.KA,
2025-03-28 00:00:00+05:00,15.217308044433594,15.217308044433594,15.217308044433594,15.217308044433594,0.0,0.0,0.0,0.0,SNBL.KA,
2025-03-31 00:00:00+05:00,15.217308044433594,15.217308044433594,15.217308044433594,15.217308044433594,0.0,0.0,0.0,0.0,SNBL.KA,
2025-04-03 00:00:00+05:00,15.143077342550486,15.495674503844903,14.985336879823937,15.217308044433594,412614.0,0.0,0.0,0.0,SNBL.KA,
2025-04-04 00:00:00+05:00,15.133797526694842,15.495673728850868,15.078124945516779,15.22658634185791,870324.0,0.0,0.0,0.0,SNBL.KA,
2025-04-07 00:00:00+05:00,15.310096928311554,15.310096928311554,14.391491324988806,14.864712715148926,718097.0,0.0,0.0,0.0,SNBL.KA,
2025-04-08 00:00:00+05:00,14.994615749342227,15.310096670809536,14.938943166083147,15.208028793334961,400459.0,0.0,0.0,0.0,SNBL.KA,
2025-04-09 00:00:00+05:00,14.846154541843285,15.310096871275888,14.846154541843285,15.263703346252441,454973.0,0.0,0.0,0.0,SNBL.KA,
2025-04-10 00:00:00+05:00,15.319375294557009,15.53278833248846,15.245144595720005,15.384326934814453,312794.0,0.0,0.0,0.0,SNBL.KA,
2025-04-11 00:00:00+05:00,15.18019326522725,15.44927889032751,15.170914206458347,15.300817489624023,530875.0,0.0,0.0,0.0,SNBL.KA,
2025-04-14 00:00:00+05:00,15.300817690427758,15.746201898383319,15.300817690427758,15.560626029968262,453677.0,0.0,0.0,0.0,SNBL.KA,
2025-04-15 00:00:00+05:00,15.569905276726779,15.866828085613182,14.846154602716513,15.115242004394531,1402735.0,0.0,0.0,0.0,SNBL.KA,
2025-04-16 00:00:00+05:00,15.115241732047195,15.115241732047195,14.706971992284847,14.753365516662598,1418829.0,0.0,0.0,0.0,SNBL.KA,
2025-04-17 00:00:00+05:00,15.059567124032876,15.124518764981714,14.836875025151368,14.892547607421875,344723.0,0.0,0.0,0.0,SNBL.KA,
2025-04-18 00:00:00+05:00,14.994615483084038,15.078125241389538,14.836875025151368,14.892547607421875,274509.0,0.0,0.0,0.0,SNBL.KA,
2025-04-21 00:00:00+05:00,14.846154528356884,15.022453108924992,14.799760118475815,14.966778755187988,352294.0,0.0,0.0,0.0,SNBL.KA,
2025-04-22 00:00:00+05:00,14.976057301835244,15.059567059784468,14.799759612197787,14.836874961853027,510842.0,0.0,0.0,0.0,SNBL.KA,
2025-04-23 00:00:00+05:00,14.84615433521761,14.84615433521761,14.614183173729835,14.753365516662598,231266.0,0.0,0.0,0.0,SNBL.KA,
2025-04-24 00:00:00+05:00,14.679135069617477,14.706972246605208,14.243029915606932,14.512116432189941,1266788.0,0.0,0.0,0.0,SNBL.KA,
2025-04-25 00:00:00+05:00,14.512116493348248,14.827596536440792,14.326538852247044,14.567789077758789,166082.0,0.0,0.0,0.0,SNBL.KA,
2025-04-28 00:00:00+05:00,14.744087265204497,14.744087265204497,14.011058434153284,14.243029594421387,308871.0,0.0,0.0,0.0,SNBL.KA,
2025-04-29 00:00:00+05:00,14.604903587188195,14.604903587188195,14.150240339476047,14.372932434082031,96982.0,0.0,0.0,0.0,SNBL.KA,
2025-04-30 00:00:00+05:00,14.4286058701613,14.4286058701613,13.686298004786174,13.918269157409668,816066.0,0.0,0.0,0.0,SNBL.KA,
2025-05-02 00:00:00+05:00,14.363654137158855,14.363654137158855,14.011058744454239,14.261587142944336,235233.0,0.0,0.0,0.0,SNBL.KA,
2025-05-05 00:00:00+05:00,14.419327156026887,14.419327156026887,13.083173674362893,14.289422988891602,75058.0,0.0,0.0,0.0,SNBL.KA,
2025-05-06 00:00:00+05:00,14.335817055152013,14.345096113632886,13.881153808385898,13.918269157409668,387404.0,0.0,0.0,0.0,SNBL.KA,
2025-05-07 00:00:00+05:00,13.454326967695787,13.918269276926676,12.990384658464897,13.825480461120605,198286.0,0.0,0.0,0.0,SNBL.KA,
2025-05-08 00:00:00+05:00,14.140962014361651,14.140962014361651,12.99038524765921,12.999664306640625,452150.0,0.0,0.0,0.0,SNBL.KA,
2025-05-09 00:00:00+05:00,13.426491418415878,13.426491418415878,12.953270024489939,13.157404899597168,1079769.0,0.0,0.0,0.0,SNBL.KA,
2025-05-12 00:00:00+05:00,14.475000381469727,14.475000381469727,13.918269257220995,14.475000381469727,857565.0,0.0,0.0,0.0,SNBL.KA,
2025-05-13 00:00:00+05:00,14.475001019314089,14.976057814357514,14.196635444923478,14.76264476776123,1434175.0,0.0,0.0,0.0,SNBL.KA,
2025-05-14 00:00:00+05:00,14.753365156657328,15.096683245993518,14.753365156657328,15.031731605529785,518419.0,0.0,0.0,0.0,SNBL.KA,
2025-05-15 00:00:00+05:00,14.846154406633577,15.2265869717196,14.846154406633577,15.05956745147705,1350780.0,0.0,0.0,0.0,SNBL.KA,
2025-05-16 00:00:00+05:00,15.07812582276354,15.319376048303702,15.031732297382549,15.124519348144531,360227.0,0.0,0.0,0.0,SNBL.KA,
2025-05-19 00:00:00+05:00,15.254423572466925,15.282258978256813,15.05028782441066,15.078125,178718.0,0.0,0.0,0.0,SNBL.KA,
2025-05-20 00:00:00+05:00,15.07812582276354,15.198750050633848,14.938943476821018,15.124519348144531,73260.0,0.0,0.0,0.0,SNBL.KA,
2025-05-21 00:00:00+05:00,15.031732044636305,15.217307912839512,14.985336750235863,15.05956745147705,74026.0,0.0,0.0,0.0,SNBL.KA,
2025-05-22 00:00:00+05:00,14.948222481946043,15.310096934051405,14.948222481946043,15.115242004394531,154098.0,0.0,0.0,0.0,SNBL.KA,
2025-05-23 00:00:00+05:00,14.892547607421875,15.291538281592715,14.846154083829699,14.892547607421875,795708.0,0.0,0.0,0.0,SNBL.KA,
2025-05-26 00:00:00+05:00,15.282259812159271,15.291538871195378,14.938943476821018,15.124519348144531,710482.0,0.0,0.0,0.0,SNBL.KA,
2025-05-27 00:00:00+05:00,15.254424349835089,15.254424349835089,15.003895066162357,15.115242004394531,61598.0,0.0,0.0,0.0,SNBL.KA,
2025-05-28 00:00:00+05:00,15.115242004394531,15.115242004394531,15.115242004394531,15.115242004394531,0.0,0.0,0.0,0.0,SNBL.KA,
2025-05-29 00:00:00+05:00,14.994616000387609,15.310096927136815,14.938943416196437,15.068846702575684,227394.0,0.0,0.0,0.0,SNBL.KA,
2025-05-30 00:00:00+05:00,15.161634756968573,15.263702630996704,14.94822172018198,15.078125,919405.0,0.0,0.0,0.0,SNBL.KA,
2025-06-02 00:00:00+05:00,15.07812582276354,15.282259812159271,15.041009586619108,15.124519348144531,84971.0,0.0,0.0,0.0,SNBL.KA,
2025-06-03 00:00:00+05:00,15.291538174838385,15.291538174838385,15.050287960284447,15.235865592956543,250237.0,0.0,0.0,0.0,SNBL.KA,
2025-06-04 00:00:00+05:00,15.23586574632227,16.006009921004722,15.21730762890836,15.84826946258545,3344224.0,0.0,0.0,0.0,SNBL.KA,
2025-06-05 00:00:00+05:00,15.876106533374664,16.71120234366579,15.876106533374664,16.191587448120117,2243434.0,0.0,0.0,0.0,SNBL.KA,
2025-06-06 00:00:00+05:00,16.191587448120117,16.191587448120117,16.191587448120117,16.191587448120117,0.0,0.0,0.0,0.0,SNBL.KA,
2025-06-09 00:00:00+05:00,16.191587448120117,16.191587448120117,16.191587448120117,16.191587448120117,0.0,0.0,0.0,0.0,SNBL.KA,
2025-06-10 00:00:00+05:00,16.516346045679114,17.258654826821697,15.959616672071572,16.41427993774414,2208616.0,0.0,0.0,0.0,SNBL.KA,
2025-06-11 00:00:00+05:00,16.70192270263958,17.073076186516133,16.237980405344036,16.367883682250977,890247.0,0.0,0.0,0.0,SNBL.KA,
2025-06-12 00:00:00+05:00,16.36788476610995,16.692644749681875,16.05240384147431,16.11735725402832,836299.0,0.0,0.0,0.0,SNBL.KA,
2025-06-13 00:00:00+05:00,15.968893501101455,16.237980891086053,15.774038579912165,15.885385513305664,1455244.0,0.0,0.0,0.0,SNBL.KA,
2025-06-16 00:00:00+05:00,15.885385513305664,15.885385513305664,15.885385513305664,15.885385513305664,0.0,0.0,0.0,0.0,SNBL.KA,
2025-06-17 00:00:00+05:00,16.126635107977112,16.126635107977112,15.913222054366617,16.052404403686523,175507.0,0.0,0.0,0.0,SNBL.KA,
2025-06-18 00:00:00+05:00,16.11735660340926,16.163750126418368,15.866827331641366,15.987451553344727,246838.0,0.0,0.0,0.0,SNBL.KA,
2025-06-19 00:00:00+05:00,16.00600966188125,16.14519200063337,15.588460875825435,15.783317565917969,1198956.0,0.0,0.0,0.0,SNBL.KA,
2025-06-20 00:00:00+05:00,16.043126670224677,16.14519277967477,15.736923032475769,15.774039268493652,328712.0,0.0,0.0,0.0,SNBL.KA,
2025-06-23 00:00:00+05:00,15.217307803278203,16.00601010441203,15.217307803278203,15.607019424438477,189418.0,0.0,0.0,0.0,SNBL.KA,
2025-06-24 00:00:00+05:00,15.959616661071777,16.098799004377735,15.801876200045154,15.959616661071777,305291.0,0.0,0.0,0.0,SNBL.KA,
2025-06-25 00:00:00+05:00,15.959617225603202,16.414280507044975,15.811155818185462,16.145193099975586,1075722.0,0.0,0.0,0.0,SNBL.KA,
2025-06-26 00:00:00+05:00,16.302932989906502,16.302932989906502,15.913221366770113,15.959616661071777,281857.0,0.0,0.0,0.0,SNBL.KA,
2025-06-27 00:00:00+05:00,15.968893950132593,16.191587823181543,15.866827842267966,15.959616661071777,1047816.0,0.0,0.0,0.0,SNBL.KA,
2025-06-30 00:00:00+05:00,15.783317908255679,16.553462087174466,15.783317908255679,16.405000686645508,1489443.0,0.0,0.0,0.0,SNBL.KA,
2025-07-01 00:00:00+05:00,16.525625175988736,16.95245303670588,16.191587904340018,16.92461585998535,3956030.0,0.0,0.0,0.0,SNBL.KA,
2025-07-02 00:00:00+05:00,16.980288012946193,18.613365173339844,16.980288012946193,18.613365173339844,7559977.0,0.0,0.0,0.0,SNBL.KA,
2025-07-03 00:00:00+05:00,19.54124919225446,20.478412851196218,19.485576611764685,20.088701248168945,14643859.0,0.0,0.0,0.0,SNBL.KA,
2025-07-04 00:00:00+05:00,20.088701713501987,21.43413512339959,19.717548218640413,20.413461685180664,5801733.0,0.0,0.0,0.0,SNBL.KA,
2025-07-07 00:00:00+05:00,20.599040534604317,21.71250108497779,20.413462891308953,20.47841453552246,6943984.0,0.0,0.0,0.0,SNBL.KA,
2025-07-08 00:00:00+05:00,20.413461268396212,21.137211895948962,20.13509659538331,20.793893814086914,5339815.0,0.0,0.0,0.0,SNBL.KA,
2025-07-09 00:00:00+05:00,20.92379727585814,21.5269236890128,20.5062502626735,20.59903907775879,4421008.0,0.0,0.0,0.0,SNBL.KA,
2025-07-10 00:00:00+05:00,20.60831618554536,20.97019238422145,20.27427893188976,20.793893814086914,2376162.0,0.0,0.0,0.0,SNBL.KA,
2025-07-11 00:00:00+05:00,20.487693210237037,21.053703418847693,20.413462508271667,20.459856033325195,1765279.0,0.0,0.0,0.0,SNBL.KA,
2025-07-14 00:00:00+05:00,20.459856045892728,21.322789062894927,20.459856045892728,20.960914611816406,2550207.0,0.0,0.0,0.0,SNBL.KA,
2025-07-15 00:00:00+05:00,20.654712176093703,22.08365359291052,20.654712176093703,20.933076858520508,9864156.0,0.0,0.0,0.0,SNBL.KA,
2025-07-16 00:00:00+05:00,21.1093746772074,21.619710499945388,20.877403526908413,20.988750457763672,3565197.0,0.0,0.0,0.0,SNBL.KA,
2025-07-17 00:00:00+05:00,20.998027671032418,21.304229517536754,20.784614638274725,20.886682510375977,1404534.0,0.0,0.0,0.0,SNBL.KA,
2025-07-18 00:00:00+05:00,20.87740471171639,20.923798236489283,20.227884746098738,20.3485107421875,2086144.0,0.0,0.0,0.0,SNBL.KA,
2025-07-21 00:00:00+05:00,20.34850992585075,20.97019268978443,20.320672750224066,20.506250381469727,1920350.0,0.0,0.0,0.0,SNBL.KA,
2025-07-22 00:00:00+05:00,20.775336047160916,20.775336047160916,20.18149045750577,20.31139373779297,1039183.0,0.0,0.0,0.0,SNBL.KA,
2025-07-23 00:00:00+05:00,20.49697177492153,22.343461990356445,20.49697177492153,22.343461990356445,13101696.0,0.0,0.0,0.0,SNBL.KA,
2025-07-24 00:00:00+05:00,22.779566345499838,24.10644161385675,22.733172823168246,23.002260208129883,9585918.0,0.0,0.0,0.0,SNBL.KA,
2025-07-25 00:00:00+05:00,23.187836003977463,23.568268549416512,22.64038394692138,23.104326248168945,2606073.0,0.0,0.0,0.0,SNBL.KA,
2025-07-28 00:00:00+05:00,23.104327308422448,23.19711612688991,22.306347717121103,22.352741241455078,717921.0,0.0,0.0,0.0,SNBL.KA,
2025-07-29 00:00:00+05:00,22.362019324952495,22.872355149565745,22.03725935938068,22.102210998535156,1624980.0,0.0,0.0,0.0,SNBL.KA,
2025-07-30 00:00:00+05:00,21.805288479377346,22.547595464372538,21.805288479377346,22.417692184448242,807403.0,0.0,0.0,0.0,SNBL.KA,
2025-07-31 00:00:00+05:00,22.723894354271593,22.733173412938527,22.26923109838876,22.334182739257812,786058.0,0.0,0.0,0.0,SNBL.KA,
2025-08-01 00:00:00+05:00,22.102211455937383,22.4919230687287,21.601154679376815,22.222837448120117,260561.0,0.0,0.0,0.0,SNBL.KA,
2025-08-04 00:00:00+05:00,21.85168160168781,22.426970831862686,21.823846196385418,21.99086570739746,735204.0,0.0,0.0,0.0,SNBL.KA,
2025-08-05 00:00:00+05:00,22.139327665337557,22.17644212995215,21.89807745104459,21.925912857055664,301439.0,0.0,0.0,0.0,SNBL.KA,
2025-08-06 00:00:00+05:00,22.083652966530163,22.761010075541957,22.083652966530163,22.40841293334961,2718534.0,0.0,0.0,0.0,SNBL.KA,
2025-08-07 00:00:00+05:00,22.714616396537167,23.98581917872798,22.59399216761958,23.19711685180664,10512356.0,0.0,0.0,0.0,SNBL.KA,
2025-08-08 00:00:00+05:00,23.197115569344344,23.429086725037784,22.779566781176356,23.03009605407715,1784189.0,0.0,0.0,0.0,SNBL.KA,
2025-08-11 00:00:00+05:00,23.382693644216907,23.475480692410233,22.76101086440433,22.853797912597656,2800985.0,0.0,0.0,0.0,SNBL.KA,
2025-08-12 00:00:00+05:00,23.197115094190053,23.197115094190053,22.649663036383213,22.70533561706543,2262595.0,0.0,0.0,0.0,SNBL.KA,
2025-08-13 00:00:00+05:00,22.918751778203532,23.521876452408986,22.89091460131422,22.974424362182617,2138451.0,0.0,0.0,0.0,SNBL.KA,
2025-08-15 00:00:00+05:00,23.104327384587183,23.364135723192646,22.82596269806666,22.86307716369629,1327908.0,0.0,0.0,0.0,SNBL.KA,
2025-08-18 00:00:00+05:00,22.96514452720175,23.187836625392617,22.46408597892269,22.733173370361328,1889140.0,0.0,0.0,0.0,SNBL.KA,
2025-08-19 00:00:00+05:00,22.68678068095925,23.540434640307314,22.68678068095925,23.076492309570312,1945313.0,0.0,0.0,0.0,SNBL.KA,
2025-08-20 00:00:00+05:00,23.03937488410308,23.893028799377678,23.03937488410308,23.41980743408203,2126262.0,0.0,0.0,0.0,SNBL.KA,
2025-08-21 00:00:00+05:00,23.661058271667947,23.661058271667947,22.68678010957789,22.844520568847656,1514539.0,0.0,0.0,0.0,SNBL.KA,
2025-08-22 00:00:00+05:00,23.178557008829472,23.178557008829472,22.835240696057063,23.002260208129883,357155.0,0.0,0.0,0.0,SNBL.KA,
2025-08-25 00:00:00+05:00,23.280626032616276,23.280626032616276,22.640385127952747,22.761011123657227,598523.0,0.0,0.0,0.0,SNBL.KA,
2025-08-26 00:00:00+05:00,22.761010539707705,23.08576874335051,22.37129892553686,22.52903938293457,455394.0,0.0,0.0,0.0,SNBL.KA,
2025-08-27 00:00:00+05:00,22.733174509205128,22.955866618552008,20.274280477475507,20.376346588134766,7712458.0,0.0,0.0,0.0,SNBL.KA,
2025-08-28 00:00:00+05:00,20.320673939221013,20.376346523932426,19.866010662845422,20.070144653320312,1404825.0,0.0,0.0,0.0,SNBL.KA,
2025-08-29 00:00:00+05:00,20.042307918243967,20.877403712795914,19.99591262589142,20.097980499267578,1525654.0,0.0,0.0,0.0,SNBL.KA,
2025-09-01 00:00:00+05:00,20.135098009772587,20.41346270233921,20.023751070866204,20.26500129699707,1098392.0,0.0,0.0,0.0,SNBL.KA,
2025-09-02 00:00:00+05:00,20.265000863524353,21.52692455173927,20.265000863524353,20.849567413330078,2987464.0,0.0,0.0,0.0,SNBL.KA,
2025-09-03 00:00:00+05:00,21.285673401056606,21.285673401056606,20.42274043253007,20.496971130371094,1658748.0,0.0,0.0,0.0,SNBL.KA,
2025-09-04 00:00:00+05:00,20.506251151531874,20.970193477268797,20.506251151531874,20.747501373291016,627505.0,0.0,0.0,0.0,SNBL.KA,
2025-09-05 00:00:00+05:00,21.053702226475323,21.257836202869118,20.886682714062477,21.100095748901367,1062572.0,0.0,0.0,0.0,SNBL.KA,
2025-09-08 00:00:00+05:00,21.15576883655384,21.332067411634974,20.97019297260481,21.02586555480957,472118.0,0.0,0.0,0.0,SNBL.KA,
2025-09-09 00:00:00+05:00,21.257836115641375,21.257836115641375,20.691825941409117,20.793893814086914,299436.0,0.0,0.0,0.0,SNBL.KA,
2025-09-10 00:00:00+05:00,20.784615067466742,21.053702455908596,20.608316494687582,20.710384368896484,420678.0,0.0,0.0,0.0,SNBL.KA,
2025-09-11 00:00:00+05:00,20.71038392819609,20.97947131091198,19.541249123243162,20.68254852294922,482883.0,0.0,0.0,0.0,SNBL.KA,
2025-09-12 00:00:00+05:00,20.69182758645243,20.86812617060307,20.413462891308953,20.47841453552246,665748.0,0.0,0.0,0.0,SNBL.KA,
2025-09-15 00:00:00+05:00,20.41346226190069,20.63615436510912,20.144374864399143,20.441299438476562,350923.0,0.0,0.0,0.0,SNBL.KA,
2025-09-16 00:00:00+05:00,20.432021075713294,20.645434127333836,20.422742016538542,20.580482482910156,793441.0,0.0,0.0,0.0,SNBL.KA,
2025-09-17 00:00:00+05:00,20.858845322177473,20.970192252563216,20.599038767609766,20.68254852294922,1283740.0,0.0,0.0,0.0,SNBL.KA,
2025-09-18 00:00:00+05:00,20.515529274448824,22.269230619389962,20.515529274448824,21.805288314819336,5941920.0,0.0,0.0,0.0,SNBL.KA,
2025-09-19 00:00:00+05:00,21.814568316450696,22.130049238782657,21.30423069747864,21.35062599182129,3807383.0,0.0,0.0,0.0,SNBL.KA,
2025-09-22 00:00:00+05:00,21.34134649930012,21.75889529090187,21.294952975699694,21.52692413330078,1072337.0,0.0,0.0,0.0,SNBL.KA,
2025-09-23 00:00:00+05:00,21.52692413330078,21.52692413330078,21.52692413330078,21.52692413330078,0.0,0.0,0.0,0.0,SNBL.KA,
2025-09-24 00:00:00+05:00,21.777451087198422,22.102211053579023,21.016585992694942,21.100095748901367,2095241.0,0.0,0.0,0.0,SNBL.KA,
2025-09-25 00:00:00+05:00,21.294953095627125,21.731058237245385,20.645433142766365,21.43413543701172,1164467.0,0.0,0.0,0.0,SNBL.KA,
2025-09-26 00:00:00+05:00,21.43413551570266,22.315624860907622,21.43413551570266,21.94447135925293,2742341.0,0.0,0.0,0.0,SNBL.KA,
2025-09-29 00:00:00+05:00,21.99086735779921,23.150723193763312,21.50836690528625,21.675386428833008,6405360.0,0.0,0.0,0.0,SNBL.KA,
2025-09-30 00:00:00+05:00,21.73105746817317,22.640383954157155,21.72177840976932,22.297067642211914,2951579.0,0.0,0.0,0.0,SNBL.KA,
2025-10-01 00:00:00+05:00,22.733173058650312,23.429086519629404,21.898077259435293,22.816682815551758,7122710.0,0.0,0.0,0.0,SNBL.KA,
2025-10-02 00:00:00+05:00,22.825961775726295,23.558989697836907,22.26923065538186,23.317739486694336,6634978.0,0.0,0.0,0.0,SNBL.KA,
2025-10-03 00:00:00+05:00,23.661057920839365,24.125000233012685,23.48475934666965,23.735288619995117,3364004.0,0.0,0.0,0.0,SNBL.KA,
2025-10-06 00:00:00+05:00,23.299184734897832,23.744568953750466,21.99086748589349,22.287790298461914,9591328.0,0.0,0.0,0.0,SNBL.KA,
2025-10-07 00:00:00+05:00,22.287790298461914,22.287790298461914,22.287790298461914,22.287790298461914,0.0,0.0,0.0,0.0,SNBL.KA,
2025-10-08 00:00:00+05:00,22.872356733987353,23.104327901207913,22.43625157674054,22.584712982177734,1087303.0,0.0,0.0,0.0,SNBL.KA,
2025-10-09 00:00:00+05:00,22.733172855579575,22.900192367890515,22.38985477251825,22.603269577026367,411852.0,0.0,0.0,0.0,SNBL.KA,
2025-10-10 00:00:00+05:00,22.918751369088934,22.918751369088934,22.130049069299325,22.250673294067383,747127.0,0.0,0.0,0.0,SNBL.KA,
2025-10-13 00:00:00+05:00,21.990865858042596,22.72389377608432,21.35062498471037,21.499086380004883,744602.0,0.0,0.0,0.0,SNBL.KA,
2025-10-14 00:00:00+05:00,21.81456883648276,22.269232113082243,21.80528977739303,22.18572235107422,648079.0,0.0,0.0,0.0,SNBL.KA,
2025-10-15 00:00:00+05:00,22.269232057904496,24.403366088867188,22.269232057904496,24.403366088867188,9274668.0,0.0,0.0,0.0,SNBL.KA,
2025-10-16 00:00:00+05:00,25.405480094662707,26.84370231628418,25.238462349840365,26.84370231628418,6476432.0,0.0,0.0,0.0,SNBL.KA,
2025-10-17 00:00:00+05:00,27.7344719588729,28.84793426031063,26.917934235671556,27.817981719970703,13126260.0,0.0,0.0,0.0,SNBL.KA,
2025-10-20 00:00:00+05:00,28.486059590855273,29.915002807776656,27.37259729793473,29.618078231811523,6123914.0,0.0,0.0,0.0,SNBL.KA,
2025-10-21 00:00:00+05:00,29.961395717553277,30.60163484153097,28.653076753817466,28.885047912597656,4088465.0,0.0,0.0,0.0,SNBL.KA,
2025-10-22 00:00:00+05:00,29.20980769597049,29.20980769597049,25.999327729155965,26.25913429260254,7542028.0,0.0,0.0,0.0,SNBL.KA,
2025-10-23 00:00:00+05:00,26.166346804932427,26.296250084468298,24.820913407627245,25.331249237060547,6849589.0,0.0,0.0,0.0,SNBL.KA,
2025-10-24 00:00:00+05:00,25.052885615459072,25.331250303266586,24.356972126140764,24.57966423034668,1736537.0,0.0,0.0,0.0,SNBL.KA,
2025-10-27 00:00:00+05:00,24.588943269799657,25.006492070980215,23.48476003874403,23.670337677001953,1460381.0,0.0,0.0,0.0,SNBL.KA,
2025-10-28 00:00:00+05:00,23.753847222591563,24.11572166714503,23.057933740112123,23.15999984741211,1317842.0,0.0,0.0,0.0,SNBL.KA,
2025-10-29 00:00:00+05:00,23.707451527925727,23.707451527925727,22.742452435490364,22.937307357788086,652992.0,0.0,0.0,0.0,SNBL.KA,
2025-10-30 00:00:00+05:00,23.01153920907236,23.64250107060943,22.918752157504787,23.19711685180664,771460.0,0.0,0.0,0.0,SNBL.KA,
2025-10-31 00:00:00+05:00,23.429086308687914,24.551825832788634,23.197115157116745,24.310577392578125,1310378.0,0.0,0.0,0.0,SNBL.KA,
2025-11-03 00:00:00+05:00,24.496153774749803,25.05288490436219,24.31985520024933,24.644615173339844,1135368.0,0.0,0.0,0.0,SNBL.KA,
2025-11-04 00:00:00+05:00,24.64461489836039,24.858029705026876,24.17139353195994,24.329133987426758,584225.0,0.0,0.0,0.0,SNBL.KA,
2025-11-05 00:00:00+05:00,24.67245277931542,24.67245277931542,23.939423062425128,24.060049057006836,713127.0,0.0,0.0,0.0,SNBL.KA,
2025-11-06 00:00:00+05:00,24.54254961826593,24.54254961826593,23.707452020221726,23.763126373291016,368236.0,0.0,0.0,0.0,SNBL.KA,
2025-11-07 00:00:00+05:00,24.11572124761217,24.17139382969815,23.66105799267783,23.837356567382812,324728.0,0.0,0.0,0.0,SNBL.KA,
2025-11-10 00:00:00+05:00,23.939423376712018,24.310578654328875,23.939423376712018,24.180673599243164,1374384.0,0.0,0.0,0.0,SNBL.KA,
2025-11-11 00:00:00+05:00,24.180672901467528,25.145673763745332,24.12500031935134,24.245624542236328,1607081.0,0.0,0.0,0.0,SNBL.KA,
2025-11-12 00:00:00+05:00,24.412644495029518,24.54254954869008,23.763126305924754,23.865192413330078,984398.0,0.0,0.0,0.0,SNBL.KA,
2025-11-13 00:00:00+05:00,24.31057743687188,24.691009984557788,23.98581747012065,24.115720748901367,1234085.0,0.0,0.0,0.0,SNBL.KA,
2025-11-14 00:00:00+05:00,24.54255033459193,24.54255033459193,23.90230941400443,24.106443405151367,2801616.0,0.0,0.0,0.0,SNBL.KA,
2025-11-17 00:00:00+05:00,24.12500018489226,24.616779671942872,23.2063946209973,23.930145263671875,2375823.0,0.0,0.0,0.0,SNBL.KA,
2025-11-18 00:00:00+05:00,24.217790151796375,24.4868757848099,23.957981808025078,24.097164154052734,1480433.0,0.0,0.0,0.0,SNBL.KA,
2025-11-19 00:00:00+05:00,23.80952002197508,24.34769304919028,23.80952002197508,23.87447166442871,1483670.0,0.0,0.0,0.0,SNBL.KA,
2025-11-20 00:00:00+05:00,24.292019513937145,24.496153492193958,23.95798048606286,24.125,348292.0,0.0,0.0,0.0,SNBL.KA,
2025-11-21 00:00:00+05:00,24.125000312861125,24.394087704316018,23.874471038706464,24.04149055480957,145827.0,0.0,0.0,0.0,SNBL.KA,
2025-11-24 00:00:00+05:00,24.310578723474663,24.310578723474663,23.939423444802138,24.0786075592041,141523.0,0.0,0.0,0.0,SNBL.KA,
2025-11-25 00:00:00+05:00,23.95798142466896,24.125000945149456,23.72601026173483,23.87447166442871,603201.0,0.0,0.0,0.0,SNBL.KA,
2025-11-26 00:00:00+05:00,23.707452280531577,24.1250010841384,23.52187641099485,24.0786075592041,1338028.0,0.0,0.0,0.0,SNBL.KA,
2025-11-27 00:00:00+05:00,24.078607614734025,24.18995278275294,23.52187646524084,23.679616928100586,756644.0,0.0,0.0,0.0,SNBL.KA,
2025-11-28 00:00:00+05:00,23.62394257429159,24.022933260925033,23.61466528512296,23.679616928100586,714590.0,0.0,0.0,0.0,SNBL.KA,
2025-12-01 00:00:00+05:00,24.032211932465433,24.032211932465433,23.688895605175652,23.865192413330078,556400.0,0.0,0.0,0.0,SNBL.KA,
2025-12-02 00:00:00+05:00,23.93942279982374,24.10644231676661,23.86519210004907,23.948701858520508,541710.0,0.0,0.0,0.0,SNBL.KA,
2025-12-03 00:00:00+05:00,24.125001459326217,24.125001459326217,23.670338182661016,23.800241470336914,347638.0,0.0,0.0,0.0,SNBL.KA,
2025-12-04 00:00:00+05:00,23.809519117031524,23.85591263993523,23.475480088766563,23.521875381469727,868174.0,0.0,0.0,0.0,SNBL.KA,
2025-12-05 00:00:00+05:00,23.930146141158122,23.939423430299737,23.289905232615357,23.373414993286133,1372851.0,0.0,0.0,0.0,SNBL.KA,
2025-12-08 00:00:00+05:00,23.63322175865638,23.661058935708578,23.197116603635862,23.382694244384766,575718.0,0.0,0.0,0.0,SNBL.KA,
2025-12-09 00:00:00+05:00,23.4290865020843,23.753846470924564,23.401249326538178,23.62394142150879,530587.0,0.0,0.0,0.0,SNBL.KA,
2025-12-10 00:00:00+05:00,23.84663599160167,24.217789494197127,23.373414612117646,23.558990478515625,5503834.0,0.0,0.0,0.0,SNBL.KA,
2025-12-11 00:00:00+05:00,24.022932624809734,24.022932624809734,23.494038666225894,23.846635818481445,1147667.0,0.0,0.0,0.0,SNBL.KA,
2025-12-12 00:00:00+05:00,23.84663555362848,24.199230932168437,23.494038405289054,23.735288619995117,1722163.0,0.0,0.0,0.0,SNBL.KA,
2025-12-15 00:00:00+05:00,23.670336561825103,24.21778862211447,23.661057503369417,24.115720748901367,2219222.0,0.0,0.0,0.0,SNBL.KA,
2025-12-16 00:00:00+05:00,24.1157206744115,24.12499973283852,23.9208657568423,24.013652801513672,617939.0,0.0,0.0,0.0,SNBL.KA,
2025-12-17 00:00:00+05:00,24.01365357101075,24.199231205899036,23.893029347193007,24.050769805908203,1616154.0,0.0,0.0,0.0,SNBL.KA,
2025-12-18 00:00:00+05:00,24.35697238408682,25.739520318464756,24.21779003870909,24.691011428833008,6206280.0,0.0,0.0,0.0,SNBL.KA,
2025-12-19 00:00:00+05:00,24.858030221943718,25.052885145796157,24.134279569492904,24.25490379333496,1580390.0,0.0,0.0,0.0,SNBL.KA,
2025-12-22 00:00:00+05:00,24.366249973411364,24.4961532519554,24.143557880278973,24.310577392578125,630691.0,0.0,0.0,0.0,SNBL.KA,
2025-12-23 00:00:00+05:00,24.310577630996704,24.486874433664177,24.07860647715055,24.125,822110.0,0.0,0.0,0.0,SNBL.KA,
2025-12-24 00:00:00+05:00,24.00437585139701,24.40336475058899,24.00437585139701,24.227067947387695,350576.0,0.0,0.0,0.0,SNBL.KA,
2025-12-26 00:00:00+05:00,24.394088361741513,24.913703271555317,24.356972126140764,24.57966423034668,1178378.0,0.0,0.0,0.0,SNBL.KA,
2025-12-29 00:00:00+05:00,24.96009608779355,25.05288490436219,24.542549067933862,24.644615173339844,781628.0,0.0,0.0,0.0,SNBL.KA,
2025-12-30 00:00:00+05:00,24.997211692179715,25.052884272797648,24.68173078567905,24.811634063720703,504731.0,0.0,0.0,0.0,SNBL.KA,
2025-12-31 00:00:00+05:00,24.960095966431183,25.006491259389655,24.626058706127502,24.737403869628906,389294.0,0.0,0.0,0.0,SNBL.KA,
2026-01-01 00:00:00+05:00,24.737403869628906,24.737403869628906,24.737403869628906,24.737403869628906,0.0,0.0,0.0,0.0,SNBL.KA,
2026-01-02 00:00:00+05:00,25.052884735170647,25.53538516222951,24.820913580215365,24.932260513305664,4014268.0,0.0,0.0,0.0,SNBL.KA,
2026-01-05 00:00:00+05:00,24.774520944993796,25.470434434799245,24.774520944993796,25.28485679626465,2736447.0,0.0,0.0,0.0,SNBL.KA,
2026-01-06 00:00:00+05:00,25.51682731957612,26.723076630399927,25.442596619983878,26.556058883666992,5768675.0,0.0,0.0,0.0,SNBL.KA,
2026-01-07 00:00:00+05:00,26.769472630262417,27.650961989959388,26.676683810873385,26.899375915527344,3424235.0,0.0,0.0,0.0,SNBL.KA,
2026-01-08 00:00:00+05:00,26.917932737199816,27.122066714186506,26.398317851361334,26.528221130371094,1544752.0,0.0,0.0,0.0,SNBL.KA,
2026-01-09 00:00:00+05:00,26.630290657746567,26.852982765508546,26.333366077597713,26.4168758392334,978289.0,0.0,0.0,0.0,SNBL.KA,
2026-01-12 00:00:00+05:00,26.528221033635372,26.86226005821318,25.88798015979438,26.017885208129883,2792061.0,0.0,0.0,0.0,SNBL.KA,
2026-01-13 00:00:00+05:00,26.01788543696019,26.259133879277712,25.34980738192875,25.628173828125,3281541.0,0.0,0.0,0.0,SNBL.KA,
2026-01-14 00:00:00+05:00,25.656009074854467,25.81374952911474,25.145673248023865,25.21990394592285,1486645.0,0.0,0.0,0.0,SNBL.KA,
2026-01-15 00:00:00+05:00,25.247740224068796,25.470434095261467,24.793076962499477,24.867307662963867,617075.0,0.0,0.0,0.0,SNBL.KA,
2026-01-16 00:00:00+05:00,25.238461944660536,25.609615432417428,25.052884315882377,25.312692642211914,399293.0,0.0,0.0,0.0,SNBL.KA,
2026-01-19 00:00:00+05:00,25.312693734125908,26.03644262402235,25.0900016318655,25.87870216369629,1112339.0,0.0,0.0,0.0,SNBL.KA,
2026-01-20 00:00:00+05:00,26.073558980890255,26.073558980890255,25.526106896605622,25.58177947998047,756061.0,0.0,0.0,0.0,SNBL.KA,
2026-01-21 00:00:00+05:00,25.841586949215273,25.841586949215273,23.020816862742905,25.034326553344727,2125592.0,0.0,0.0,0.0,SNBL.KA,
2026-01-22 00:00:00+05:00,25.071443681901844,25.507548830520147,24.913703220520837,25.182788848876953,373010.0,0.0,0.0,0.0,SNBL.KA,
2026-01-23 00:00:00+05:00,25.238463079621024,25.47043424112563,24.997212859280292,25.275577545166016,734820.0,0.0,0.0,0.0,SNBL.KA,
2026-01-26 00:00:00+05:00,25.052884670445074,25.34052840630263,24.941537737642445,25.034326553344727,402472.0,0.0,0.0,0.0,SNBL.KA,
2026-01-27 00:00:00+05:00,25.238461988389794,25.42403784769006,24.941537427870387,25.117835998535156,880195.0,0.0,0.0,0.0,SNBL.KA,
2026-01-28 00:00:00+05:00,25.284855863347914,25.284855863347914,24.459039118917513,24.63533592224121,1234047.0,0.0,0.0,0.0,SNBL.KA,
2026-01-29 00:00:00+05:00,24.774520462836893,24.774520462836893,22.269231240374918,22.538318634033203,4340273.0,0.0,0.0,0.0,SNBL.KA,
2026-01-30 00:00:00+05:00,22.53831772848734,22.72389358615469,21.350624806258725,21.693941116333008,2955612.0,0.0,0.0,0.0,SNBL.KA,
2026-02-02 00:00:00+05:00,22.269230345640462,22.269230345640462,20.719662996631005,21.693941116333008,1285385.0,0.0,0.0,0.0,SNBL.KA,
2026-02-03 00:00:00+05:00,21.805288092172145,22.259951333632994,21.434134606265268,22.19499969482422,955082.0,0.0,0.0,0.0,SNBL.KA,
2026-02-04 00:00:00+05:00,22.26923109838876,22.83524128847531,22.176442281518913,22.334182739257812,1099246.0,0.0,0.0,0.0,SNBL.KA,
2026-02-06 00:00:00+05:00,22.33418286034165,22.50120237765297,21.944471243215062,22.24139404296875,686440.0,0.0,0.0,0.0,SNBL.KA,
2026-02-09 00:00:00+05:00,22.45480956227023,22.491924028510585,21.38774078351725,21.972309112548828,596548.0,0.0,0.0,0.0,SNBL.KA,
2026-02-10 00:00:00+05:00,22.222837107498393,22.380577561919946,21.80528832526503,22.009422302246094,550493.0,0.0,0.0,0.0,SNBL.KA,
2026-02-11 00:00:00+05:00,22.176443426063788,22.222838721792954,21.573318739981218,21.68466567993164,906817.0,0.0,0.0,0.0,SNBL.KA,
2026-02-12 00:00:00+05:00,21.72177854781031,22.083652978862947,21.369183175220492,21.601154327392578,581145.0,0.0,0.0,0.0,SNBL.KA,
2026-02-13 00:00:00+05:00,21.712500317454616,21.898077954189926,21.3413468137835,21.64754867553711,232896.0,0.0,0.0,0.0,SNBL.KA,
2026-02-16 00:00:00+05:00,21.805289649888486,21.990867290998846,21.155769675801775,21.369184494018555,2305017.0,0.0,0.0,0.0,SNBL.KA,
2026-02-17 00:00:00+05:00,21.777451693946503,22.074376263063957,21.294953029954545,21.53620147705078,1827591.0,0.0,0.0,0.0,SNBL.KA,
2026-02-18 00:00:00+05:00,21.758894993059485,22.074375904662524,21.591875478705,22.018701553344727,784484.0,0.0,0.0,0.0,SNBL.KA,
2026-02-19 00:00:00+05:00,22.01870262677521,22.02798168578054,21.341347247582103,21.471250534057617,604474.0,0.0,0.0,0.0,SNBL.KA,
2026-02-20 00:00:00+05:00,21.601154687654123,21.656827269560083,21.06298167643127,21.32278823852539,1681019.0,0.0,0.0,0.0,SNBL.KA,
2026-02-23 00:00:00+05:00,21.341347632090493,21.573318802004522,19.94952061260633,20.784616470336914,1148390.0,0.0,0.0,0.0,SNBL.KA,
2026-02-24 00:00:00+05:00,20.784615646416277,21.100096566577378,19.949519821789636,20.738222122192383,1309338.0,0.0,0.0,0.0,SNBL.KA,
2026-02-25 00:00:00+05:00,20.877403712795914,21.341346017524714,19.968077220279337,20.097980499267578,838168.0,0.0,0.0,0.0,SNBL.KA,
2026-02-26 00:00:00+05:00,20.738222122192383,20.877404464663574,19.949519821789636,20.738222122192383,539558.0,0.0,0.0,0.0,SNBL.KA,
2026-02-27 00:00:00+05:00,20.784615698645016,20.92379804146595,20.320673376042226,20.543365478515625,1689666.0,0.0,0.0,0.0,SNBL.KA,
2026-03-02 00:00:00+05:00,19.021634863093976,20.367068280842364,18.492740908605132,19.01235580444336,2215053.0,0.0,0.0,0.0,SNBL.KA,
2026-03-03 00:00:00+05:00,18.650481070022607,19.578365682762048,18.650481070022607,19.299999237060547,1753496.0,0.0,0.0,0.0,SNBL.KA,
2026-03-04 00:00:00+05:00,20.0,20.0,18.100000381469727,19.559999465942383,1180806.0,1.5,0.0,0.0,SNBL.KA,
2026-03-05 00:00:00+05:00,19.75,20.049999237060547,19.100000381469727,19.520000457763672,1395281.0,0.0,0.0,0.0,SNBL.KA,
2026-03-06 00:00:00+05:00,19.690000534057617,19.770000457763672,18.1299991607666,18.90999984741211,1094693.0,0.0,0.0,0.0,SNBL.KA,
2026-03-09 00:00:00+05:00,18.75,19.200000762939453,17.1200008392334,17.549999237060547,1744371.0,0.0,0.0,0.0,SNBL.KA,
2026-03-10 00:00:00+05:00,18.25,19.309999465942383,17.799999237060547,18.969999313354492,1284277.0,0.0,0.0,0.0,SNBL.KA,
2026-03-11 00:00:00+05:00,18.969999313354492,19.639999389648438,18.6200008392334,18.979999542236328,1838170.0,0.0,0.0,0.0,SNBL.KA,
2026-03-12 00:00:00+05:00,19.0,19.950000762939453,18.75,19.3700008392334,387007.0,0.0,0.0,0.0,SNBL.KA,
2026-03-13 00:00:00+05:00,19.489999771118164,19.489999771118164,18.850000381469727,19.010000228881836,505298.0,0.0,0.0,0.0,SNBL.KA,
2026-03-16 00:00:00+05:00,19.399999618530273,19.399999618530273,18.5,18.81999969482422,235207.0,0.0,0.0,0.0,SNBL.KA,
2026-03-17 00:00:00+05:00,19.149999618530273,19.170000076293945,18.5,18.770000457763672,64228.0,0.0,0.0,0.0,SNBL.KA,
2026-03-18 00:00:00+05:00,18.969999313354492,19.440000534057617,18.770000457763672,19.079999923706055,675498.0,0.0,0.0,0.0,SNBL.KA,
2026-03-19 00:00:00+05:00,19.0,20.989999771118164,18.510000228881836,19.469999313354492,503022.0,0.0,0.0,0.0,SNBL.KA,
2026-03-20 00:00:00+05:00,19.469999313354492,19.469999313354492,19.469999313354492,19.469999313354492,0.0,0.0,0.0,0.0,SNBL.KA,
2026-03-23 00:00:00+05:00,19.469999313354492,19.469999313354492,19.469999313354492,19.469999313354492,0.0,0.0,0.0,0.0,SNBL.KA,
2026-03-24 00:00:00+05:00,19.899999618530273,19.899999618530273,19.260000228881836,19.3799991607666,213990.0,0.0,0.0,0.0,SNBL.KA,
2026-03-25 00:00:00+05:00,19.989999771118164,19.989999771118164,19.329999923706055,19.729999542236328,232070.0,0.0,0.0,0.0,SNBL.KA,
2026-03-26 00:00:00+05:00,19.799999237060547,19.850000381469727,18.920000076293945,19.049999237060547,215243.0,0.0,0.0,0.0,SNBL.KA,
2026-03-27 00:00:00+05:00,19.5,19.5,18.950000762939453,19.25,506716.0,0.0,0.0,0.0,SNBL.KA,
2021-03-29 00:00:00+05:00,5.400000095367432,5.590000152587891,5.300000190734863,5.309999942779541,911500.0,0.0,0.0,0.0,JSBL.KA,
2021-03-30 00:00:00+05:00,5.25,5.380000114440918,5.25,5.329999923706055,36000.0,0.0,0.0,0.0,JSBL.KA,
2021-03-31 00:00:00+05:00,5.380000114440918,5.480000019073486,5.360000133514404,5.389999866485596,307000.0,0.0,0.0,0.0,JSBL.KA,
2021-04-01 00:00:00+05:00,5.46999979019165,5.46999979019165,5.300000190734863,5.300000190734863,741000.0,0.0,0.0,0.0,JSBL.KA,
2021-04-02 00:00:00+05:00,5.309999942779541,5.389999866485596,5.300000190734863,5.309999942779541,85000.0,0.0,0.0,0.0,JSBL.KA,
2021-04-05 00:00:00+05:00,5.309999942779541,5.309999942779541,5.010000228881836,5.050000190734863,2895000.0,0.0,0.0,0.0,JSBL.KA,
2021-04-06 00:00:00+05:00,5.019999980926514,5.179999828338623,5.010000228881836,5.139999866485596,81000.0,0.0,0.0,0.0,JSBL.KA,
2021-04-07 00:00:00+05:00,5.199999809265137,5.199999809265137,5.039999961853027,5.059999942779541,491000.0,0.0,0.0,0.0,JSBL.KA,
2021-04-08 00:00:00+05:00,5.170000076293945,5.170000076293945,5.059999942779541,5.099999904632568,61000.0,0.0,0.0,0.0,JSBL.KA,
2021-04-09 00:00:00+05:00,5.099999904632568,5.190000057220459,5.099999904632568,5.179999828338623,296500.0,0.0,0.0,0.0,JSBL.KA,
2021-04-12 00:00:00+05:00,5.179999828338623,5.179999828338623,5.050000190734863,5.059999942779541,30500.0,0.0,0.0,0.0,JSBL.KA,
2021-04-13 00:00:00+05:00,5.110000133514404,5.25,5.059999942779541,5.190000057220459,555000.0,0.0,0.0,0.0,JSBL.KA,
2021-04-14 00:00:00+05:00,5.25,5.25,5.199999809265137,5.25,30500.0,0.0,0.0,0.0,JSBL.KA,
2021-04-15 00:00:00+05:00,5.210000038146973,5.400000095367432,5.199999809265137,5.260000228881836,297500.0,0.0,0.0,0.0,JSBL.KA,
2021-04-16 00:00:00+05:00,5.25,5.380000114440918,5.25,5.380000114440918,5000.0,0.0,0.0,0.0,JSBL.KA,
2021-04-19 00:00:00+05:00,5.300000190734863,5.349999904632568,5.239999771118164,5.260000228881836,67000.0,0.0,0.0,0.0,JSBL.KA,
2021-04-20 00:00:00+05:00,5.489999771118164,5.590000152587891,5.25,5.309999942779541,102500.0,0.0,0.0,0.0,JSBL.KA,
2021-04-21 00:00:00+05:00,5.230000019073486,5.300000190734863,5.199999809265137,5.289999961853027,268500.0,0.0,0.0,0.0,JSBL.KA,
2021-04-22 00:00:00+05:00,5.210000038146973,5.25,5.150000095367432,5.170000076293945,312500.0,0.0,0.0,0.0,JSBL.KA,
2021-04-23 00:00:00+05:00,5.110000133514404,5.190000057220459,5.110000133514404,5.159999847412109,39000.0,0.0,0.0,0.0,JSBL.KA,
2021-04-26 00:00:00+05:00,5.25,5.25,5.099999904632568,5.179999828338623,209000.0,0.0,0.0,0.0,JSBL.KA,
2021-04-27 00:00:00+05:00,5.159999847412109,5.159999847412109,5.099999904632568,5.150000095367432,178500.0,0.0,0.0,0.0,JSBL.KA,
2021-04-28 00:00:00+05:00,5.099999904632568,5.159999847412109,5.099999904632568,5.119999885559082,40500.0,0.0,0.0,0.0,JSBL.KA,
2021-04-29 00:00:00+05:00,5.039999961853027,5.179999828338623,5.010000228881836,5.139999866485596,3966500.0,0.0,0.0,0.0,JSBL.KA,
2021-04-30 00:00:00+05:00,5.139999866485596,5.139999866485596,5.050000190734863,5.079999923706055,159000.0,0.0,0.0,0.0,JSBL.KA,
2021-05-03 00:00:00+05:00,5.010000228881836,5.099999904632568,4.929999828338623,5.070000171661377,438500.0,0.0,0.0,0.0,JSBL.KA,
2021-05-04 00:00:00+05:00,5.050000190734863,5.090000152587891,5.0,5.0,114500.0,0.0,0.0,0.0,JSBL.KA,
2021-05-05 00:00:00+05:00,4.909999847412109,5.099999904632568,4.909999847412109,5.099999904632568,276000.0,0.0,0.0,0.0,JSBL.KA,
2021-05-06 00:00:00+05:00,5.099999904632568,5.150000095367432,5.050000190734863,5.150000095367432,13000.0,0.0,0.0,0.0,JSBL.KA,
2021-05-07 00:00:00+05:00,5.150000095367432,5.150000095367432,5.150000095367432,5.150000095367432,0.0,0.0,0.0,0.0,JSBL.KA,
2021-05-10 00:00:00+05:00,5.150000095367432,5.150000095367432,5.150000095367432,5.150000095367432,0.0,0.0,0.0,0.0,JSBL.KA,
2021-05-11 00:00:00+05:00,5.150000095367432,5.150000095367432,5.150000095367432,5.150000095367432,0.0,0.0,0.0,0.0,JSBL.KA,
2021-05-12 00:00:00+05:00,5.150000095367432,5.150000095367432,5.150000095367432,5.150000095367432,0.0,0.0,0.0,0.0,JSBL.KA,
2021-05-13 00:00:00+05:00,5.150000095367432,5.150000095367432,5.150000095367432,5.150000095367432,0.0,0.0,0.0,0.0,JSBL.KA,
2021-05-14 00:00:00+05:00,5.150000095367432,5.150000095367432,5.150000095367432,5.150000095367432,0.0,0.0,0.0,0.0,JSBL.KA,
2021-05-17 00:00:00+05:00,5.070000171661377,5.150000095367432,5.050000190734863,5.139999866485596,113000.0,0.0,0.0,0.0,JSBL.KA,
2021-05-18 00:00:00+05:00,5.099999904632568,5.150000095367432,5.099999904632568,5.150000095367432,10500.0,0.0,0.0,0.0,JSBL.KA,
2021-05-19 00:00:00+05:00,5.050000190734863,5.119999885559082,5.050000190734863,5.099999904632568,752500.0,0.0,0.0,0.0,JSBL.KA,
2021-05-20 00:00:00+05:00,5.389999866485596,5.389999866485596,5.110000133514404,5.289999961853027,813500.0,0.0,0.0,0.0,JSBL.KA,
2021-05-21 00:00:00+05:00,5.289999961853027,5.400000095367432,5.159999847412109,5.329999923706055,1285000.0,0.0,0.0,0.0,JSBL.KA,
2021-05-24 00:00:00+05:00,5.389999866485596,5.440000057220459,5.320000171661377,5.340000152587891,201000.0,0.0,0.0,0.0,JSBL.KA,
2021-05-25 00:00:00+05:00,5.300000190734863,5.5,5.300000190734863,5.429999828338623,800000.0,0.0,0.0,0.0,JSBL.KA,
2021-05-26 00:00:00+05:00,5.429999828338623,5.480000019073486,5.300000190734863,5.429999828338623,191000.0,0.0,0.0,0.0,JSBL.KA,
2021-05-27 00:00:00+05:00,5.449999809265137,5.800000190734863,5.360000133514404,5.690000057220459,2533500.0,0.0,0.0,0.0,JSBL.KA,
2021-05-28 00:00:00+05:00,5.650000095367432,5.920000076293945,5.650000095367432,5.769999980926514,8307500.0,0.0,0.0,0.0,JSBL.KA,
2021-05-31 00:00:00+05:00,5.71999979019165,5.849999904632568,5.670000076293945,5.75,613500.0,0.0,0.0,0.0,JSBL.KA,
2021-06-01 00:00:00+05:00,5.889999866485596,6.639999866485596,5.809999942779541,5.980000019073486,5142500.0,0.0,0.0,0.0,JSBL.KA,
2021-06-02 00:00:00+05:00,6.090000152587891,6.090000152587891,5.809999942779541,5.820000171661377,497500.0,0.0,0.0,0.0,JSBL.KA,
2021-06-03 00:00:00+05:00,5.96999979019165,6.0,5.809999942779541,5.849999904632568,2922000.0,0.0,0.0,0.0,JSBL.KA,
2021-06-04 00:00:00+05:00,5.820000171661377,5.949999809265137,5.809999942779541,5.880000114440918,160500.0,0.0,0.0,0.0,JSBL.KA,
2021-06-07 00:00:00+05:00,5.849999904632568,6.0,5.800000190734863,6.0,802500.0,0.0,0.0,0.0,JSBL.KA,
2021-06-08 00:00:00+05:00,5.989999771118164,6.179999828338623,5.880000114440918,5.920000076293945,8406000.0,0.0,0.0,0.0,JSBL.KA,
2021-06-09 00:00:00+05:00,6.090000152587891,6.25,5.900000095367432,5.909999847412109,7905000.0,0.0,0.0,0.0,JSBL.KA,
2021-06-10 00:00:00+05:00,6.090000152587891,6.03000020980835,5.800000190734863,5.820000171661377,5197500.0,0.0,0.0,0.0,JSBL.KA,
2021-06-11 00:00:00+05:00,5.940000057220459,6.050000190734863,5.800000190734863,5.800000190734863,6719500.0,0.0,0.0,0.0,JSBL.KA,
2021-06-14 00:00:00+05:00,5.860000133514404,5.960000038146973,5.760000228881836,5.789999961853027,1717000.0,0.0,0.0,0.0,JSBL.KA,
2021-06-15 00:00:00+05:00,5.889999866485596,6.079999923706055,5.5,5.789999961853027,2242500.0,0.0,0.0,0.0,JSBL.KA,
2021-06-16 00:00:00+05:00,5.789999961853027,5.849999904632568,5.769999980926514,5.789999961853027,144500.0,0.0,0.0,0.0,JSBL.KA,
2021-06-17 00:00:00+05:00,5.71999979019165,5.960000038146973,5.710000038146973,5.75,217500.0,0.0,0.0,0.0,JSBL.KA,
2021-06-18 00:00:00+05:00,5.849999904632568,5.869999885559082,5.699999809265137,5.710000038146973,254000.0,0.0,0.0,0.0,JSBL.KA,
2021-06-21 00:00:00+05:00,5.900000095367432,5.900000095367432,5.679999828338623,5.710000038146973,60000.0,0.0,0.0,0.0,JSBL.KA,
2021-06-22 00:00:00+05:00,5.650000095367432,5.75,5.650000095367432,5.710000038146973,298000.0,0.0,0.0,0.0,JSBL.KA,
2021-06-23 00:00:00+05:00,5.840000152587891,5.840000152587891,5.599999904632568,5.650000095367432,344500.0,0.0,0.0,0.0,JSBL.KA,
2021-06-24 00:00:00+05:00,5.650000095367432,5.78000020980835,5.650000095367432,5.670000076293945,27000.0,0.0,0.0,0.0,JSBL.KA,
2021-06-25 00:00:00+05:00,5.639999866485596,5.699999809265137,5.46999979019165,5.519999980926514,577500.0,0.0,0.0,0.0,JSBL.KA,
2021-06-28 00:00:00+05:00,5.510000228881836,5.690000057220459,5.25,5.309999942779541,1185000.0,0.0,0.0,0.0,JSBL.KA,
2021-06-29 00:00:00+05:00,5.449999809265137,5.480000019073486,5.400000095367432,5.409999847412109,16500.0,0.0,0.0,0.0,JSBL.KA,
2021-06-30 00:00:00+05:00,5.480000019073486,5.889999866485596,5.400000095367432,5.710000038146973,998000.0,0.0,0.0,0.0,JSBL.KA,
2021-07-01 00:00:00+05:00,5.610000133514404,5.699999809265137,5.400000095367432,5.489999771118164,413000.0,0.0,0.0,0.0,JSBL.KA,
2021-07-02 00:00:00+05:00,5.5,5.679999828338623,5.46999979019165,5.489999771118164,191000.0,0.0,0.0,0.0,JSBL.KA,
2021-07-05 00:00:00+05:00,5.5,5.590000152587891,5.400000095367432,5.400000095367432,307500.0,0.0,0.0,0.0,JSBL.KA,
2021-07-06 00:00:00+05:00,5.420000076293945,5.420000076293945,5.400000095367432,5.400000095367432,54000.0,0.0,0.0,0.0,JSBL.KA,
2021-07-07 00:00:00+05:00,5.400000095367432,5.570000171661377,5.300000190734863,5.550000190734863,665000.0,0.0,0.0,0.0,JSBL.KA,
2021-07-08 00:00:00+05:00,5.550000190734863,5.800000190734863,5.5,5.650000095367432,5487500.0,0.0,0.0,0.0,JSBL.KA,
2021-07-09 00:00:00+05:00,5.75,5.75,5.5,5.510000228881836,301000.0,0.0,0.0,0.0,JSBL.KA,
2021-07-12 00:00:00+05:00,5.5,5.699999809265137,5.5,5.539999961853027,106000.0,0.0,0.0,0.0,JSBL.KA,
2021-07-13 00:00:00+05:00,5.510000228881836,5.679999828338623,5.510000228881836,5.599999904632568,77000.0,0.0,0.0,0.0,JSBL.KA,
2021-07-14 00:00:00+05:00,5.550000190734863,5.550000190734863,5.5,5.5,261000.0,0.0,0.0,0.0,JSBL.KA,
2021-07-15 00:00:00+05:00,5.429999828338623,5.590000152587891,5.429999828338623,5.570000171661377,14000.0,0.0,0.0,0.0,JSBL.KA,
2021-07-16 00:00:00+05:00,5.550000190734863,5.579999923706055,5.5,5.579999923706055,209500.0,0.0,0.0,0.0,JSBL.KA,
2021-07-19 00:00:00+05:00,5.630000114440918,5.650000095367432,5.5,5.610000133514404,56500.0,0.0,0.0,0.0,JSBL.KA,
2021-07-20 00:00:00+05:00,5.610000133514404,5.610000133514404,5.610000133514404,5.610000133514404,0.0,0.0,0.0,0.0,JSBL.KA,
2021-07-21 00:00:00+05:00,5.610000133514404,5.610000133514404,5.610000133514404,5.610000133514404,0.0,0.0,0.0,0.0,JSBL.KA,
2021-07-22 00:00:00+05:00,5.610000133514404,5.610000133514404,5.610000133514404,5.610000133514404,0.0,0.0,0.0,0.0,JSBL.KA,
2021-07-23 00:00:00+05:00,5.610000133514404,5.610000133514404,5.610000133514404,5.610000133514404,0.0,0.0,0.0,0.0,JSBL.KA,
2021-07-26 00:00:00+05:00,5.519999980926514,5.650000095367432,5.510000228881836,5.550000190734863,28000.0,0.0,0.0,0.0,JSBL.KA,
2021-07-27 00:00:00+05:00,5.550000190734863,5.630000114440918,5.460000038146973,5.480000019073486,162500.0,0.0,0.0,0.0,JSBL.KA,
2021-07-28 00:00:00+05:00,5.440000057220459,5.550000190734863,5.440000057220459,5.449999809265137,128500.0,0.0,0.0,0.0,JSBL.KA,
2021-07-29 00:00:00+05:00,5.449999809265137,5.449999809265137,5.320000171661377,5.329999923706055,94500.0,0.0,0.0,0.0,JSBL.KA,
2021-07-30 00:00:00+05:00,5.349999904632568,5.349999904632568,5.25,5.25,671500.0,0.0,0.0,0.0,JSBL.KA,
2021-08-02 00:00:00+05:00,5.239999771118164,5.380000114440918,5.239999771118164,5.340000152587891,22000.0,0.0,0.0,0.0,JSBL.KA,
2021-08-03 00:00:00+05:00,5.420000076293945,5.420000076293945,5.329999923706055,5.349999904632568,133000.0,0.0,0.0,0.0,JSBL.KA,
2021-08-04 00:00:00+05:00,5.409999847412109,5.409999847412109,5.300000190734863,5.320000171661377,106000.0,0.0,0.0,0.0,JSBL.KA,
2021-08-05 00:00:00+05:00,5.309999942779541,5.440000057220459,5.300000190734863,5.440000057220459,109000.0,0.0,0.0,0.0,JSBL.KA,
2021-08-06 00:00:00+05:00,5.329999923706055,5.440000057220459,5.329999923706055,5.360000133514404,77000.0,0.0,0.0,0.0,JSBL.KA,
2021-08-09 00:00:00+05:00,5.480000019073486,5.480000019073486,5.25,5.300000190734863,437000.0,0.0,0.0,0.0,JSBL.KA,
2021-08-10 00:00:00+05:00,5.269999980926514,5.300000190734863,5.210000038146973,5.21999979019165,285500.0,0.0,0.0,0.0,JSBL.KA,
2021-08-11 00:00:00+05:00,5.230000019073486,5.389999866485596,5.21999979019165,5.320000171661377,5000500.0,0.0,0.0,0.0,JSBL.KA,
2021-08-12 00:00:00+05:00,5.400000095367432,5.400000095367432,5.25,5.260000228881836,21000.0,0.0,0.0,0.0,JSBL.KA,
2021-08-13 00:00:00+05:00,5.300000190734863,5.300000190734863,5.25,5.289999961853027,45500.0,0.0,0.0,0.0,JSBL.KA,
2021-08-16 00:00:00+05:00,5.25,5.300000190734863,5.25,5.25,26000.0,0.0,0.0,0.0,JSBL.KA,
2021-08-17 00:00:00+05:00,5.300000190734863,5.300000190734863,5.300000190734863,5.300000190734863,500.0,0.0,0.0,0.0,JSBL.KA,
2021-08-18 00:00:00+05:00,5.300000190734863,5.300000190734863,5.300000190734863,5.300000190734863,0.0,0.0,0.0,0.0,JSBL.KA,
2021-08-19 00:00:00+05:00,5.300000190734863,5.300000190734863,5.300000190734863,5.300000190734863,0.0,0.0,0.0,0.0,JSBL.KA,
2021-08-20 00:00:00+05:00,5.369999885559082,5.369999885559082,5.349999904632568,5.349999904632568,6000.0,0.0,0.0,0.0,JSBL.KA,
2021-08-23 00:00:00+05:00,5.449999809265137,5.449999809265137,5.389999866485596,5.400000095367432,150000.0,0.0,0.0,0.0,JSBL.KA,
2021-08-24 00:00:00+05:00,5.369999885559082,5.480000019073486,5.360000133514404,5.480000019073486,79000.0,0.0,0.0,0.0,JSBL.KA,
2021-08-25 00:00:00+05:00,5.489999771118164,5.5,5.260000228881836,5.309999942779541,261500.0,0.0,0.0,0.0,JSBL.KA,
2021-08-26 00:00:00+05:00,5.230000019073486,5.28000020980835,5.050000190734863,5.159999847412109,187500.0,0.0,0.0,0.0,JSBL.KA,
2021-08-27 00:00:00+05:00,5.300000190734863,5.300000190734863,5.099999904632568,5.110000133514404,103500.0,0.0,0.0,0.0,JSBL.KA,
2021-08-30 00:00:00+05:00,5.179999828338623,5.199999809265137,5.179999828338623,5.199999809265137,10000.0,0.0,0.0,0.0,JSBL.KA,
2021-08-31 00:00:00+05:00,5.340000152587891,5.349999904632568,5.170000076293945,5.25,31000.0,0.0,0.0,0.0,JSBL.KA,
2021-09-01 00:00:00+05:00,5.150000095367432,5.25,5.119999885559082,5.159999847412109,574500.0,0.0,0.0,0.0,JSBL.KA,
2021-09-02 00:00:00+05:00,5.150000095367432,5.199999809265137,5.150000095367432,5.159999847412109,27000.0,0.0,0.0,0.0,JSBL.KA,
2021-09-03 00:00:00+05:00,5.269999980926514,5.400000095367432,5.170000076293945,5.239999771118164,1188500.0,0.0,0.0,0.0,JSBL.KA,
2021-09-06 00:00:00+05:00,5.179999828338623,5.179999828338623,5.150000095367432,5.159999847412109,14500.0,0.0,0.0,0.0,JSBL.KA,
2021-09-07 00:00:00+05:00,5.150000095367432,5.289999961853027,5.110000133514404,5.289999961853027,75500.0,0.0,0.0,0.0,JSBL.KA,
2021-09-08 00:00:00+05:00,5.289999961853027,5.289999961853027,5.110000133514404,5.170000076293945,174000.0,0.0,0.0,0.0,JSBL.KA,
2021-09-09 00:00:00+05:00,5.25,5.25,5.119999885559082,5.119999885559082,49000.0,0.0,0.0,0.0,JSBL.KA,
2021-09-10 00:00:00+05:00,5.130000114440918,5.150000095367432,5.119999885559082,5.119999885559082,61000.0,0.0,0.0,0.0,JSBL.KA,
2021-09-13 00:00:00+05:00,5.110000133514404,5.170000076293945,5.099999904632568,5.170000076293945,219500.0,0.0,0.0,0.0,JSBL.KA,
2021-09-14 00:00:00+05:00,5.150000095367432,5.199999809265137,5.019999980926514,5.070000171661377,237500.0,0.0,0.0,0.0,JSBL.KA,
2021-09-15 00:00:00+05:00,5.050000190734863,5.150000095367432,5.019999980926514,5.050000190734863,76500.0,0.0,0.0,0.0,JSBL.KA,
2021-09-16 00:00:00+05:00,5.019999980926514,5.699999809265137,5.019999980926514,5.53000020980835,2985000.0,0.0,0.0,0.0,JSBL.KA,
2021-09-17 00:00:00+05:00,5.5,5.800000190734863,5.5,5.630000114440918,2001000.0,0.0,0.0,0.0,JSBL.KA,
2021-09-20 00:00:00+05:00,5.650000095367432,5.659999847412109,5.349999904632568,5.440000057220459,892000.0,0.0,0.0,0.0,JSBL.KA,
2021-09-21 00:00:00+05:00,5.409999847412109,5.489999771118164,5.150000095367432,5.179999828338623,181000.0,0.0,0.0,0.0,JSBL.KA,
2021-09-22 00:00:00+05:00,5.25,5.25,4.960000038146973,5.079999923706055,556500.0,0.0,0.0,0.0,JSBL.KA,
2021-09-23 00:00:00+05:00,5.150000095367432,5.150000095367432,5.0,5.099999904632568,292000.0,0.0,0.0,0.0,JSBL.KA,
2021-09-24 00:00:00+05:00,4.980000019073486,5.150000095367432,4.980000019073486,5.0,896500.0,0.0,0.0,0.0,JSBL.KA,
2021-09-27 00:00:00+05:00,5.070000171661377,5.25,4.860000133514404,5.0,218500.0,0.0,0.0,0.0,JSBL.KA,
2021-09-28 00:00:00+05:00,5.019999980926514,5.079999923706055,5.019999980926514,5.079999923706055,6500.0,0.0,0.0,0.0,JSBL.KA,
2021-09-29 00:00:00+05:00,5.079999923706055,5.079999923706055,4.849999904632568,4.980000019073486,146500.0,0.0,0.0,0.0,JSBL.KA,
2021-09-30 00:00:00+05:00,5.0,5.150000095367432,4.949999809265137,5.110000133514404,13000.0,0.0,0.0,0.0,JSBL.KA,
2021-10-01 00:00:00+05:00,5.289999961853027,5.289999961853027,5.0,5.019999980926514,166000.0,0.0,0.0,0.0,JSBL.KA,
2021-10-04 00:00:00+05:00,5.239999771118164,5.239999771118164,5.03000020980835,5.099999904632568,38000.0,0.0,0.0,0.0,JSBL.KA,
2021-10-05 00:00:00+05:00,5.099999904632568,5.179999828338623,5.039999961853027,5.059999942779541,73500.0,0.0,0.0,0.0,JSBL.KA,
2021-10-06 00:00:00+05:00,5.25,5.25,4.949999809265137,4.980000019073486,102500.0,0.0,0.0,0.0,JSBL.KA,
2021-10-07 00:00:00+05:00,5.099999904632568,5.300000190734863,5.050000190734863,5.059999942779541,321500.0,0.0,0.0,0.0,JSBL.KA,
2021-10-08 00:00:00+05:00,5.190000057220459,5.190000057220459,5.0,5.0,41000.0,0.0,0.0,0.0,JSBL.KA,
2021-10-11 00:00:00+05:00,5.0,5.099999904632568,4.800000190734863,4.880000114440918,410000.0,0.0,0.0,0.0,JSBL.KA,
2021-10-12 00:00:00+05:00,4.820000171661377,5.0,4.75,5.0,2781500.0,0.0,0.0,0.0,JSBL.KA,
2021-10-13 00:00:00+05:00,4.900000095367432,5.039999961853027,4.900000095367432,4.989999771118164,55500.0,0.0,0.0,0.0,JSBL.KA,
2021-10-14 00:00:00+05:00,4.809999942779541,5.099999904632568,4.809999942779541,5.0,109500.0,0.0,0.0,0.0,JSBL.KA,
2021-10-15 00:00:00+05:00,4.96999979019165,5.0,4.860000133514404,4.900000095367432,318000.0,0.0,0.0,0.0,JSBL.KA,
2021-10-18 00:00:00+05:00,5.090000152587891,5.090000152587891,5.090000152587891,5.090000152587891,500.0,0.0,0.0,0.0,JSBL.KA,
2021-10-19 00:00:00+05:00,5.090000152587891,5.090000152587891,5.090000152587891,5.090000152587891,0.0,0.0,0.0,0.0,JSBL.KA,
2021-10-20 00:00:00+05:00,5.0,5.070000171661377,5.0,5.070000171661377,43000.0,0.0,0.0,0.0,JSBL.KA,
2021-10-21 00:00:00+05:00,5.0,5.300000190734863,5.0,5.130000114440918,904000.0,0.0,0.0,0.0,JSBL.KA,
2021-10-22 00:00:00+05:00,5.079999923706055,5.079999923706055,4.96999979019165,5.019999980926514,3034500.0,0.0,0.0,0.0,JSBL.KA,
2021-10-25 00:00:00+05:00,4.960000038146973,4.960000038146973,4.960000038146973,5.019999980926514,3000.0,0.0,0.0,0.0,JSBL.KA,
2021-10-26 00:00:00+05:00,5.139999866485596,5.139999866485596,4.960000038146973,4.96999979019165,13000.0,0.0,0.0,0.0,JSBL.KA,
2021-10-27 00:00:00+05:00,5.010000228881836,5.070000171661377,5.0,5.0,87000.0,0.0,0.0,0.0,JSBL.KA,
2021-10-28 00:00:00+05:00,5.010000228881836,5.010000228881836,4.940000057220459,4.949999809265137,82000.0,0.0,0.0,0.0,JSBL.KA,
2021-10-29 00:00:00+05:00,4.949999809265137,5.099999904632568,4.929999828338623,5.010000228881836,97500.0,0.0,0.0,0.0,JSBL.KA,
2021-11-01 00:00:00+05:00,5.010000228881836,5.119999885559082,4.900000095367432,4.949999809265137,2049500.0,0.0,0.0,0.0,JSBL.KA,
2021-11-02 00:00:00+05:00,5.0,5.050000190734863,4.960000038146973,5.0,293000.0,0.0,0.0,0.0,JSBL.KA,
2021-11-03 00:00:00+05:00,5.0,5.070000171661377,5.0,5.070000171661377,44000.0,0.0,0.0,0.0,JSBL.KA,
2021-11-04 00:00:00+05:00,5.190000057220459,5.190000057220459,5.0,5.099999904632568,66000.0,0.0,0.0,0.0,JSBL.KA,
2021-11-05 00:00:00+05:00,5.159999847412109,5.159999847412109,4.96999979019165,5.0,894500.0,0.0,0.0,0.0,JSBL.KA,
2021-11-08 00:00:00+05:00,5.050000190734863,5.050000190734863,5.010000228881836,5.010000228881836,30500.0,0.0,0.0,0.0,JSBL.KA,
2021-11-09 00:00:00+05:00,5.010000228881836,5.010000228881836,4.929999828338623,4.989999771118164,30500.0,0.0,0.0,0.0,JSBL.KA,
2021-11-10 00:00:00+05:00,4.940000057220459,4.989999771118164,4.940000057220459,4.989999771118164,164000.0,0.0,0.0,0.0,JSBL.KA,
2021-11-11 00:00:00+05:00,4.989999771118164,4.989999771118164,4.929999828338623,4.929999828338623,15500.0,0.0,0.0,0.0,JSBL.KA,
2021-11-12 00:00:00+05:00,4.920000076293945,4.920000076293945,4.820000171661377,4.829999923706055,80000.0,0.0,0.0,0.0,JSBL.KA,
2021-11-15 00:00:00+05:00,4.820000171661377,4.989999771118164,4.809999942779541,4.980000019073486,44000.0,0.0,0.0,0.0,JSBL.KA,
2021-11-16 00:00:00+05:00,4.960000038146973,4.960000038146973,4.960000038146973,4.960000038146973,8000.0,0.0,0.0,0.0,JSBL.KA,
2021-11-17 00:00:00+05:00,4.949999809265137,5.010000228881836,4.739999771118164,4.769999980926514,1857500.0,0.0,0.0,0.0,JSBL.KA,
2021-11-18 00:00:00+05:00,4.980000019073486,4.980000019073486,4.75,4.849999904632568,169500.0,0.0,0.0,0.0,JSBL.KA,
2021-11-19 00:00:00+05:00,4.789999961853027,4.96999979019165,4.789999961853027,4.929999828338623,84500.0,0.0,0.0,0.0,JSBL.KA,
2021-11-22 00:00:00+05:00,4.909999847412109,4.949999809265137,4.800000190734863,4.809999942779541,45000.0,0.0,0.0,0.0,JSBL.KA,
2021-11-23 00:00:00+05:00,4.849999904632568,4.849999904632568,4.75,4.760000228881836,74500.0,0.0,0.0,0.0,JSBL.KA,
2021-11-24 00:00:00+05:00,4.730000019073486,4.75,4.710000038146973,4.75,46000.0,0.0,0.0,0.0,JSBL.KA,
2021-11-25 00:00:00+05:00,4.760000228881836,4.760000228881836,4.599999904632568,4.619999885559082,93000.0,0.0,0.0,0.0,JSBL.KA,
2021-11-26 00:00:00+05:00,4.739999771118164,4.789999961853027,4.599999904632568,4.610000133514404,134500.0,0.0,0.0,0.0,JSBL.KA,
2021-11-29 00:00:00+05:00,4.71999979019165,4.949999809265137,4.650000095367432,4.760000228881836,31000.0,0.0,0.0,0.0,JSBL.KA,
2021-11-30 00:00:00+05:00,4.739999771118164,4.739999771118164,4.699999809265137,4.699999809265137,508500.0,0.0,0.0,0.0,JSBL.KA,
2021-12-01 00:00:00+05:00,4.849999904632568,4.849999904632568,4.800000190734863,4.800000190734863,34500.0,0.0,0.0,0.0,JSBL.KA,
2021-12-02 00:00:00+05:00,4.690000057220459,4.690000057220459,4.510000228881836,4.539999961853027,85000.0,0.0,0.0,0.0,JSBL.KA,
2021-12-03 00:00:00+05:00,4.510000228881836,4.599999904632568,4.510000228881836,4.550000190734863,60000.0,0.0,0.0,0.0,JSBL.KA,
2021-12-06 00:00:00+05:00,4.599999904632568,4.599999904632568,4.400000095367432,4.429999828338623,126000.0,0.0,0.0,0.0,JSBL.KA,
2021-12-07 00:00:00+05:00,4.449999809265137,4.599999904632568,4.449999809265137,4.5,135500.0,0.0,0.0,0.0,JSBL.KA,
2021-12-08 00:00:00+05:00,4.590000152587891,4.599999904632568,4.400000095367432,4.409999847412109,300500.0,0.0,0.0,0.0,JSBL.KA,
2021-12-09 00:00:00+05:00,4.909999847412109,4.909999847412109,4.320000171661377,4.400000095367432,79000.0,0.0,0.0,0.0,JSBL.KA,
2021-12-10 00:00:00+05:00,4.5,4.5,4.309999942779541,4.480000019073486,8000.0,0.0,0.0,0.0,JSBL.KA,
2021-12-13 00:00:00+05:00,4.309999942779541,4.349999904632568,4.309999942779541,4.349999904632568,20500.0,0.0,0.0,0.0,JSBL.KA,
2021-12-14 00:00:00+05:00,4.489999771118164,4.489999771118164,4.449999809265137,4.449999809265137,10500.0,0.0,0.0,0.0,JSBL.KA,
2021-12-15 00:00:00+05:00,4.590000152587891,4.610000133514404,4.400000095367432,4.599999904632568,97000.0,0.0,0.0,0.0,JSBL.KA,
2021-12-16 00:00:00+05:00,4.449999809265137,4.599999904632568,4.449999809265137,4.5,2000.0,0.0,0.0,0.0,JSBL.KA,
2021-12-17 00:00:00+05:00,4.5,4.880000114440918,4.400000095367432,4.690000057220459,22500.0,0.0,0.0,0.0,JSBL.KA,
2021-12-20 00:00:00+05:00,4.539999961853027,4.599999904632568,4.510000228881836,4.599999904632568,131500.0,0.0,0.0,0.0,JSBL.KA,
2021-12-21 00:00:00+05:00,4.619999885559082,4.670000076293945,4.510000228881836,4.670000076293945,13500.0,0.0,0.0,0.0,JSBL.KA,
2021-12-22 00:00:00+05:00,4.590000152587891,4.590000152587891,4.420000076293945,4.559999942779541,110000.0,0.0,0.0,0.0,JSBL.KA,
2021-12-23 00:00:00+05:00,4.599999904632568,4.699999809265137,4.53000020980835,4.679999828338623,38500.0,0.0,0.0,0.0,JSBL.KA,
2021-12-24 00:00:00+05:00,4.599999904632568,4.789999961853027,4.599999904632568,4.789999961853027,7000.0,0.0,0.0,0.0,JSBL.KA,
2021-12-27 00:00:00+05:00,4.699999809265137,4.699999809265137,4.599999904632568,4.679999828338623,11000.0,0.0,0.0,0.0,JSBL.KA,
2021-12-28 00:00:00+05:00,4.510000228881836,4.590000152587891,4.5,4.53000020980835,60000.0,0.0,0.0,0.0,JSBL.KA,
2021-12-29 00:00:00+05:00,4.599999904632568,4.739999771118164,4.510000228881836,4.539999961853027,866000.0,0.0,0.0,0.0,JSBL.KA,
2021-12-30 00:00:00+05:00,4.53000020980835,4.889999866485596,4.53000020980835,4.739999771118164,462000.0,0.0,0.0,0.0,JSBL.KA,
2021-12-31 00:00:00+05:00,4.599999904632568,4.849999904632568,4.599999904632568,4.820000171661377,5225500.0,0.0,0.0,0.0,JSBL.KA,
2022-01-03 00:00:00+05:00,4.650000095367432,4.699999809265137,4.5,4.559999942779541,645500.0,0.0,0.0,0.0,JSBL.KA,
2022-01-04 00:00:00+05:00,4.599999904632568,4.679999828338623,4.570000171661377,4.670000076293945,17000.0,0.0,0.0,0.0,JSBL.KA,
2022-01-05 00:00:00+05:00,4.699999809265137,4.699999809265137,4.550000190734863,4.599999904632568,46500.0,0.0,0.0,0.0,JSBL.KA,
2022-01-06 00:00:00+05:00,4.559999942779541,4.670000076293945,4.519999980926514,4.550000190734863,78000.0,0.0,0.0,0.0,JSBL.KA,
2022-01-07 00:00:00+05:00,4.610000133514404,4.690000057220459,4.579999923706055,4.690000057220459,13500.0,0.0,0.0,0.0,JSBL.KA,
2022-01-10 00:00:00+05:00,4.650000095367432,4.800000190734863,4.650000095367432,4.769999980926514,399500.0,0.0,0.0,0.0,JSBL.KA,
2022-01-11 00:00:00+05:00,4.829999923706055,4.949999809265137,4.789999961853027,4.909999847412109,8616000.0,0.0,0.0,0.0,JSBL.KA,
2022-01-12 00:00:00+05:00,4.900000095367432,5.0,4.869999885559082,4.920000076293945,489000.0,0.0,0.0,0.0,JSBL.KA,
2022-01-13 00:00:00+05:00,4.909999847412109,4.96999979019165,4.909999847412109,4.929999828338623,54500.0,0.0,0.0,0.0,JSBL.KA,
2022-01-14 00:00:00+05:00,4.920000076293945,4.989999771118164,4.920000076293945,4.940000057220459,53000.0,0.0,0.0,0.0,JSBL.KA,
2022-01-17 00:00:00+05:00,4.929999828338623,4.929999828338623,4.900000095367432,4.900000095367432,61000.0,0.0,0.0,0.0,JSBL.KA,
2022-01-18 00:00:00+05:00,4.940000057220459,4.940000057220459,4.849999904632568,4.900000095367432,14000.0,0.0,0.0,0.0,JSBL.KA,
2022-01-19 00:00:00+05:00,4.860000133514404,4.880000114440918,4.730000019073486,4.739999771118164,485500.0,0.0,0.0,0.0,JSBL.KA,
2022-01-20 00:00:00+05:00,4.989999771118164,4.989999771118164,4.610000133514404,4.75,290500.0,0.0,0.0,0.0,JSBL.KA,
2022-01-21 00:00:00+05:00,4.670000076293945,4.75,4.659999847412109,4.75,23000.0,0.0,0.0,0.0,JSBL.KA,
2022-01-24 00:00:00+05:00,4.659999847412109,4.659999847412109,4.659999847412109,4.659999847412109,1000.0,0.0,0.0,0.0,JSBL.KA,
2022-01-25 00:00:00+05:00,4.710000038146973,4.789999961853027,4.659999847412109,4.659999847412109,150500.0,0.0,0.0,0.0,JSBL.KA,
2022-01-26 00:00:00+05:00,4.650000095367432,4.659999847412109,4.610000133514404,4.630000114440918,38500.0,0.0,0.0,0.0,JSBL.KA,
2022-01-27 00:00:00+05:00,4.610000133514404,4.610000133514404,4.579999923706055,4.599999904632568,22500.0,0.0,0.0,0.0,JSBL.KA,
2022-01-28 00:00:00+05:00,4.880000114440918,4.889999866485596,4.599999904632568,4.599999904632568,116500.0,0.0,0.0,0.0,JSBL.KA,
2022-01-31 00:00:00+05:00,4.570000171661377,4.650000095367432,4.5,4.650000095367432,59000.0,0.0,0.0,0.0,JSBL.KA,
2022-02-01 00:00:00+05:00,4.699999809265137,4.78000020980835,4.659999847412109,4.670000076293945,17000.0,0.0,0.0,0.0,JSBL.KA,
2022-02-02 00:00:00+05:00,4.739999771118164,4.739999771118164,4.619999885559082,4.690000057220459,156000.0,0.0,0.0,0.0,JSBL.KA,
2022-02-03 00:00:00+05:00,4.599999904632568,4.789999961853027,4.599999904632568,4.730000019073486,39000.0,0.0,0.0,0.0,JSBL.KA,
2022-02-04 00:00:00+05:00,4.739999771118164,4.75,4.659999847412109,4.659999847412109,4000.0,0.0,0.0,0.0,JSBL.KA,
2022-02-07 00:00:00+05:00,4.619999885559082,4.659999847412109,4.519999980926514,4.579999923706055,81000.0,0.0,0.0,0.0,JSBL.KA,
2022-02-08 00:00:00+05:00,4.550000190734863,4.559999942779541,4.550000190734863,4.550000190734863,17000.0,0.0,0.0,0.0,JSBL.KA,
2022-02-09 00:00:00+05:00,4.699999809265137,4.699999809265137,4.550000190734863,4.610000133514404,48500.0,0.0,0.0,0.0,JSBL.KA,
2022-02-10 00:00:00+05:00,4.550000190734863,4.699999809265137,4.550000190734863,4.610000133514404,31500.0,0.0,0.0,0.0,JSBL.KA,
2022-02-11 00:00:00+05:00,4.730000019073486,4.730000019073486,4.519999980926514,4.559999942779541,13000.0,0.0,0.0,0.0,JSBL.KA,
2022-02-14 00:00:00+05:00,4.550000190734863,4.880000114440918,4.550000190734863,4.730000019073486,70500.0,0.0,0.0,0.0,JSBL.KA,
2022-02-15 00:00:00+05:00,4.619999885559082,4.619999885559082,4.599999904632568,4.599999904632568,6500.0,0.0,0.0,0.0,JSBL.KA,
2022-02-16 00:00:00+05:00,4.619999885559082,4.619999885559082,4.570000171661377,4.599999904632568,6500.0,0.0,0.0,0.0,JSBL.KA,
2022-02-17 00:00:00+05:00,4.679999828338623,4.690000057220459,4.570000171661377,4.570000171661377,13000.0,0.0,0.0,0.0,JSBL.KA,
2022-02-18 00:00:00+05:00,4.550000190734863,4.579999923706055,4.550000190734863,4.579999923706055,1000.0,0.0,0.0,0.0,JSBL.KA,
2022-02-21 00:00:00+05:00,4.559999942779541,4.559999942779541,4.5,4.510000228881836,115000.0,0.0,0.0,0.0,JSBL.KA,
2022-02-22 00:00:00+05:00,4.460000038146973,4.460000038146973,4.429999828338623,4.429999828338623,3500.0,0.0,0.0,0.0,JSBL.KA,
2022-02-23 00:00:00+05:00,4.449999809265137,4.53000020980835,4.420000076293945,4.5,85500.0,0.0,0.0,0.0,JSBL.KA,
2022-02-24 00:00:00+05:00,4.489999771118164,4.5,4.449999809265137,4.449999809265137,115500.0,0.0,0.0,0.0,JSBL.KA,
2022-02-25 00:00:00+05:00,4.5,4.5,4.230000019073486,4.429999828338623,10500.0,0.0,0.0,0.0,JSBL.KA,
2022-02-28 00:00:00+05:00,4.570000171661377,4.570000171661377,4.349999904632568,4.349999904632568,21000.0,0.0,0.0,0.0,JSBL.KA,
2022-03-01 00:00:00+05:00,4.5,4.539999961853027,4.349999904632568,4.5,29000.0,0.0,0.0,0.0,JSBL.KA,
2022-03-02 00:00:00+05:00,4.5,4.5,4.5,4.5,2709500.0,0.0,0.0,0.0,JSBL.KA,
2022-03-03 00:00:00+05:00,4.550000190734863,4.579999923706055,4.46999979019165,4.5,2025500.0,0.0,0.0,0.0,JSBL.KA,
2022-03-04 00:00:00+05:00,4.510000228881836,4.510000228881836,4.050000190734863,4.170000076293945,40000.0,0.0,0.0,0.0,JSBL.KA,
2022-03-07 00:00:00+05:00,4.389999866485596,4.5,4.389999866485596,4.400000095367432,192500.0,0.0,0.0,0.0,JSBL.KA,
2022-03-08 00:00:00+05:00,4.400000095367432,4.400000095367432,4.300000190734863,4.300000190734863,16500.0,0.0,0.0,0.0,JSBL.KA,
2022-03-09 00:00:00+05:00,4.5,4.5,4.360000133514404,4.360000133514404,98500.0,0.0,0.0,0.0,JSBL.KA,
2022-03-10 00:00:00+05:00,4.5,4.5,4.329999923706055,4.349999904632568,15000.0,0.0,0.0,0.0,JSBL.KA,
2022-03-11 00:00:00+05:00,4.230000019073486,4.489999771118164,4.230000019073486,4.289999961853027,18500.0,0.0,0.0,0.0,JSBL.KA,
2022-03-14 00:00:00+05:00,4.300000190734863,4.300000190734863,4.21999979019165,4.230000019073486,24500.0,0.0,0.0,0.0,JSBL.KA,
2022-03-15 00:00:00+05:00,4.21999979019165,4.429999828338623,4.199999809265137,4.429999828338623,11500.0,0.0,0.0,0.0,JSBL.KA,
2022-03-16 00:00:00+05:00,4.210000038146973,5.389999866485596,4.210000038146973,4.96999979019165,689500.0,0.0,0.0,0.0,JSBL.KA,
2022-03-17 00:00:00+05:00,4.710000038146973,4.78000020980835,4.599999904632568,4.599999904632568,11500.0,0.0,0.0,0.0,JSBL.KA,
2022-03-18 00:00:00+05:00,4.510000228881836,4.510000228881836,4.269999980926514,4.309999942779541,99000.0,0.0,0.0,0.0,JSBL.KA,
2022-03-21 00:00:00+05:00,4.369999885559082,4.369999885559082,4.25,4.25,6000.0,0.0,0.0,0.0,JSBL.KA,
2022-03-22 00:00:00+05:00,4.300000190734863,4.300000190734863,4.300000190734863,4.300000190734863,25000.0,0.0,0.0,0.0,JSBL.KA,
2022-03-23 00:00:00+05:00,4.300000190734863,4.300000190734863,4.300000190734863,4.300000190734863,0.0,0.0,0.0,0.0,JSBL.KA,
2022-03-24 00:00:00+05:00,4.210000038146973,4.300000190734863,4.199999809265137,4.300000190734863,30000.0,0.0,0.0,0.0,JSBL.KA,
2022-03-25 00:00:00+05:00,4.300000190734863,4.400000095367432,4.300000190734863,4.400000095367432,36000.0,0.0,0.0,0.0,JSBL.KA,
2022-03-28 00:00:00+05:00,4.21999979019165,4.340000152587891,4.21999979019165,4.340000152587891,20500.0,0.0,0.0,0.0,JSBL.KA,
2022-03-29 00:00:00+05:00,4.400000095367432,4.400000095367432,4.320000171661377,4.340000152587891,22500.0,0.0,0.0,0.0,JSBL.KA,
2022-03-30 00:00:00+05:00,4.360000133514404,4.380000114440918,4.320000171661377,4.380000114440918,20000.0,0.0,0.0,0.0,JSBL.KA,
2022-03-31 00:00:00+05:00,4.300000190734863,4.380000114440918,4.300000190734863,4.360000133514404,351000.0,0.0,0.0,0.0,JSBL.KA,
2022-04-01 00:00:00+05:00,4.369999885559082,4.590000152587891,4.369999885559082,4.480000019073486,21000.0,0.0,0.0,0.0,JSBL.KA,
2022-04-04 00:00:00+05:00,4.349999904632568,4.480000019073486,4.309999942779541,4.320000171661377,8000.0,0.0,0.0,0.0,JSBL.KA,
2022-04-05 00:00:00+05:00,4.320000171661377,4.320000171661377,4.320000171661377,4.320000171661377,0.0,0.0,0.0,0.0,JSBL.KA,
2022-04-06 00:00:00+05:00,4.320000171661377,4.320000171661377,4.320000171661377,4.320000171661377,0.0,0.0,0.0,0.0,JSBL.KA,
2022-04-07 00:00:00+05:00,4.579999923706055,4.579999923706055,4.400000095367432,4.400000095367432,72000.0,0.0,0.0,0.0,JSBL.KA,
2022-04-08 00:00:00+05:00,4.579999923706055,4.579999923706055,4.25,4.559999942779541,163000.0,0.0,0.0,0.0,JSBL.KA,
2022-04-11 00:00:00+05:00,4.559999942779541,4.880000114440918,4.559999942779541,4.789999961853027,387500.0,0.0,0.0,0.0,JSBL.KA,
2022-04-12 00:00:00+05:00,4.75,4.989999771118164,4.610000133514404,4.940000057220459,137000.0,0.0,0.0,0.0,JSBL.KA,
2022-04-13 00:00:00+05:00,4.900000095367432,5.0,4.849999904632568,4.900000095367432,403000.0,0.0,0.0,0.0,JSBL.KA,
2022-04-14 00:00:00+05:00,4.949999809265137,4.949999809265137,4.710000038146973,4.889999866485596,15500.0,0.0,0.0,0.0,JSBL.KA,
2022-04-15 00:00:00+05:00,4.71999979019165,4.949999809265137,4.710000038146973,4.75,4000.0,0.0,0.0,0.0,JSBL.KA,
2022-04-18 00:00:00+05:00,5.090000152587891,5.090000152587891,4.809999942779541,4.940000057220459,22000.0,0.0,0.0,0.0,JSBL.KA,
2022-04-19 00:00:00+05:00,4.710000038146973,4.800000190734863,4.710000038146973,4.75,18000.0,0.0,0.0,0.0,JSBL.KA,
2022-04-20 00:00:00+05:00,4.940000057220459,5.0,4.800000190734863,4.829999923706055,7703000.0,0.0,0.0,0.0,JSBL.KA,
2022-04-21 00:00:00+05:00,4.820000171661377,4.820000171661377,4.800000190734863,4.800000190734863,1000.0,0.0,0.0,0.0,JSBL.KA,
2022-04-22 00:00:00+05:00,4.710000038146973,5.0,4.710000038146973,4.820000171661377,77000.0,0.0,0.0,0.0,JSBL.KA,
2022-04-25 00:00:00+05:00,4.710000038146973,4.900000095367432,4.699999809265137,4.880000114440918,32000.0,0.0,0.0,0.0,JSBL.KA,
2022-04-26 00:00:00+05:00,4.659999847412109,4.849999904632568,4.650000095367432,4.75,10000.0,0.0,0.0,0.0,JSBL.KA,
2022-04-27 00:00:00+05:00,4.650000095367432,4.829999923706055,4.5,4.510000228881836,865500.0,0.0,0.0,0.0,JSBL.KA,
2022-04-28 00:00:00+05:00,4.5,4.690000057220459,4.449999809265137,4.510000228881836,32000.0,0.0,0.0,0.0,JSBL.KA,
2022-04-29 00:00:00+05:00,4.510000228881836,4.510000228881836,4.510000228881836,4.510000228881836,0.0,0.0,0.0,0.0,JSBL.KA,
2022-05-02 00:00:00+05:00,4.510000228881836,4.510000228881836,4.510000228881836,4.510000228881836,0.0,0.0,0.0,0.0,JSBL.KA,
2022-05-03 00:00:00+05:00,4.510000228881836,4.510000228881836,4.510000228881836,4.510000228881836,0.0,0.0,0.0,0.0,JSBL.KA,
2022-05-04 00:00:00+05:00,4.510000228881836,4.510000228881836,4.510000228881836,4.510000228881836,0.0,0.0,0.0,0.0,JSBL.KA,
2022-05-05 00:00:00+05:00,4.510000228881836,4.510000228881836,4.510000228881836,4.510000228881836,0.0,0.0,0.0,0.0,JSBL.KA,
2022-05-06 00:00:00+05:00,4.25,4.5,4.25,4.5,4000.0,0.0,0.0,0.0,JSBL.KA,
2022-05-09 00:00:00+05:00,4.420000076293945,4.5,4.300000190734863,4.5,64500.0,0.0,0.0,0.0,JSBL.KA,
2022-05-10 00:00:00+05:00,4.480000019073486,4.800000190734863,4.21999979019165,4.269999980926514,138500.0,0.0,0.0,0.0,JSBL.KA,
2022-05-11 00:00:00+05:00,4.230000019073486,4.269999980926514,4.0,4.199999809265137,2305000.0,0.0,0.0,0.0,JSBL.KA,
2022-05-12 00:00:00+05:00,4.28000020980835,4.28000020980835,4.28000020980835,4.28000020980835,500.0,0.0,0.0,0.0,JSBL.KA,
2022-05-13 00:00:00+05:00,4.03000020980835,4.289999961853027,4.03000020980835,4.289999961853027,1000.0,0.0,0.0,0.0,JSBL.KA,
2022-05-16 00:00:00+05:00,4.289999961853027,4.289999961853027,4.289999961853027,4.289999961853027,0.0,0.0,0.0,0.0,JSBL.KA,
2022-05-17 00:00:00+05:00,4.230000019073486,4.25,4.230000019073486,4.25,2000.0,0.0,0.0,0.0,JSBL.KA,
2022-05-18 00:00:00+05:00,4.039999961853027,4.349999904632568,4.0,4.349999904632568,24000.0,0.0,0.0,0.0,JSBL.KA,
2022-05-19 00:00:00+05:00,4.289999961853027,4.340000152587891,4.150000095367432,4.170000076293945,9500.0,0.0,0.0,0.0,JSBL.KA,
2022-05-20 00:00:00+05:00,4.170000076293945,4.170000076293945,4.170000076293945,4.170000076293945,0.0,0.0,0.0,0.0,JSBL.KA,
2022-05-23 00:00:00+05:00,4.019999980926514,4.210000038146973,4.019999980926514,4.199999809265137,3000.0,0.0,0.0,0.0,JSBL.KA,
2022-05-24 00:00:00+05:00,4.199999809265137,4.199999809265137,4.199999809265137,4.199999809265137,0.0,0.0,0.0,0.0,JSBL.KA,
2022-05-25 00:00:00+05:00,4.019999980926514,4.130000114440918,4.0,4.130000114440918,23000.0,0.0,0.0,0.0,JSBL.KA,
2022-05-26 00:00:00+05:00,4.099999904632568,4.150000095367432,3.9600000381469727,4.139999866485596,187000.0,0.0,0.0,0.0,JSBL.KA,
2022-05-27 00:00:00+05:00,4.150000095367432,4.289999961853027,4.070000171661377,4.150000095367432,91000.0,0.0,0.0,0.0,JSBL.KA,
2022-05-30 00:00:00+05:00,4.099999904632568,4.239999771118164,4.099999904632568,4.150000095367432,107500.0,0.0,0.0,0.0,JSBL.KA,
2022-05-31 00:00:00+05:00,4.050000190734863,4.230000019073486,4.050000190734863,4.199999809265137,153500.0,0.0,0.0,0.0,JSBL.KA,
2022-06-01 00:00:00+05:00,4.199999809265137,4.199999809265137,4.199999809265137,4.199999809265137,0.0,0.0,0.0,0.0,JSBL.KA,
2022-06-02 00:00:00+05:00,4.059999942779541,4.190000057220459,4.0,4.099999904632568,117000.0,0.0,0.0,0.0,JSBL.KA,
2022-06-03 00:00:00+05:00,4.150000095367432,4.159999847412109,3.9200000762939453,4.130000114440918,12500.0,0.0,0.0,0.0,JSBL.KA,
2022-06-06 00:00:00+05:00,4.099999904632568,4.150000095367432,4.0,4.139999866485596,56000.0,0.0,0.0,0.0,JSBL.KA,
2022-06-07 00:00:00+05:00,4.099999904632568,4.159999847412109,4.099999904632568,4.159999847412109,5000.0,0.0,0.0,0.0,JSBL.KA,
2022-06-08 00:00:00+05:00,4.170000076293945,4.170000076293945,4.170000076293945,4.170000076293945,1000.0,0.0,0.0,0.0,JSBL.KA,
2022-06-09 00:00:00+05:00,4.050000190734863,4.050000190734863,3.990000009536743,4.010000228881836,368000.0,0.0,0.0,0.0,JSBL.KA,
2022-06-10 00:00:00+05:00,4.0,4.0,3.9700000286102295,3.990000009536743,285500.0,0.0,0.0,0.0,JSBL.KA,
2022-06-13 00:00:00+05:00,3.950000047683716,3.950000047683716,3.5299999713897705,3.5799999237060547,363000.0,0.0,0.0,0.0,JSBL.KA,
2022-06-14 00:00:00+05:00,3.5999999046325684,3.75,3.450000047683716,3.6500000953674316,184500.0,0.0,0.0,0.0,JSBL.KA,
2022-06-15 00:00:00+05:00,3.75,3.75,3.700000047683716,3.7300000190734863,64500.0,0.0,0.0,0.0,JSBL.KA,
2022-06-16 00:00:00+05:00,3.700000047683716,3.700000047683716,3.559999942779541,3.619999885559082,66500.0,0.0,0.0,0.0,JSBL.KA,
2022-06-17 00:00:00+05:00,3.6700000762939453,3.880000114440918,3.5999999046325684,3.75,202500.0,0.0,0.0,0.0,JSBL.KA,
2022-06-20 00:00:00+05:00,3.799999952316284,3.799999952316284,3.6500000953674316,3.759999990463257,53000.0,0.0,0.0,0.0,JSBL.KA,
2022-06-21 00:00:00+05:00,3.8299999237060547,3.9000000953674316,3.700000047683716,3.869999885559082,55000.0,0.0,0.0,0.0,JSBL.KA,
2022-06-22 00:00:00+05:00,3.950000047683716,4.010000228881836,3.950000047683716,4.010000228881836,527000.0,0.0,0.0,0.0,JSBL.KA,
2022-06-23 00:00:00+05:00,3.8499999046325684,4.050000190734863,3.8499999046325684,4.0,19000.0,0.0,0.0,0.0,JSBL.KA,
2022-06-24 00:00:00+05:00,3.9000000953674316,3.9000000953674316,3.5999999046325684,3.7200000286102295,124000.0,0.0,0.0,0.0,JSBL.KA,
2022-06-27 00:00:00+05:00,3.9700000286102295,4.0,3.940000057220459,3.9800000190734863,125500.0,0.0,0.0,0.0,JSBL.KA,
2022-06-28 00:00:00+05:00,3.9800000190734863,4.0,3.75,3.9200000762939453,34000.0,0.0,0.0,0.0,JSBL.KA,
2022-06-29 00:00:00+05:00,4.0,4.0,3.950000047683716,3.990000009536743,25500.0,0.0,0.0,0.0,JSBL.KA,
2022-06-30 00:00:00+05:00,3.759999990463257,4.0,3.759999990463257,4.0,67500.0,0.0,0.0,0.0,JSBL.KA,
2022-07-01 00:00:00+05:00,4.0,4.0,4.0,4.0,10000.0,0.0,0.0,0.0,JSBL.KA,
2022-07-04 00:00:00+05:00,3.809999942779541,3.990000009536743,3.809999942779541,3.990000009536743,2500.0,0.0,0.0,0.0,JSBL.KA,
2022-07-05 00:00:00+05:00,3.990000009536743,3.990000009536743,3.990000009536743,3.990000009536743,0.0,0.0,0.0,0.0,JSBL.KA,
2022-07-06 00:00:00+05:00,3.799999952316284,3.9800000190734863,3.799999952316284,3.9800000190734863,5000.0,0.0,0.0,0.0,JSBL.KA,
2022-07-07 00:00:00+05:00,3.8499999046325684,3.890000104904175,3.7100000381469727,3.890000104904175,51000.0,0.0,0.0,0.0,JSBL.KA,
2022-07-08 00:00:00+05:00,3.890000104904175,3.890000104904175,3.890000104904175,3.890000104904175,0.0,0.0,0.0,0.0,JSBL.KA,
2022-07-11 00:00:00+05:00,3.890000104904175,3.890000104904175,3.890000104904175,3.890000104904175,0.0,0.0,0.0,0.0,JSBL.KA,
2022-07-12 00:00:00+05:00,3.890000104904175,3.890000104904175,3.890000104904175,3.890000104904175,0.0,0.0,0.0,0.0,JSBL.KA,
2022-07-13 00:00:00+05:00,3.700000047683716,3.9000000953674316,3.700000047683716,3.9000000953674316,2000.0,0.0,0.0,0.0,JSBL.KA,
2022-07-14 00:00:00+05:00,3.9000000953674316,3.9000000953674316,3.9000000953674316,3.9000000953674316,0.0,0.0,0.0,0.0,JSBL.KA,
2022-07-15 00:00:00+05:00,3.9000000953674316,3.9000000953674316,3.9000000953674316,3.9000000953674316,0.0,0.0,0.0,0.0,JSBL.KA,
2022-07-18 00:00:00+05:00,3.640000104904175,3.6500000953674316,3.5299999713897705,3.619999885559082,105000.0,0.0,0.0,0.0,JSBL.KA,
2022-07-19 00:00:00+05:00,3.5999999046325684,3.5999999046325684,3.5999999046325684,3.5999999046325684,4000.0,0.0,0.0,0.0,JSBL.KA,
2022-07-20 00:00:00+05:00,3.5999999046325684,3.75,3.5999999046325684,3.5999999046325684,2000.0,0.0,0.0,0.0,JSBL.KA,
2022-07-21 00:00:00+05:00,3.690000057220459,3.700000047683716,3.5,3.5,55000.0,0.0,0.0,0.0,JSBL.KA,
2022-07-22 00:00:00+05:00,3.5999999046325684,3.740000009536743,3.5999999046325684,3.740000009536743,1000.0,0.0,0.0,0.0,JSBL.KA,
2022-07-25 00:00:00+05:00,3.509999990463257,3.509999990463257,3.450000047683716,3.5,148500.0,0.0,0.0,0.0,JSBL.KA,
2022-07-26 00:00:00+05:00,3.5,3.5,3.5,3.5,36500.0,0.0,0.0,0.0,JSBL.KA,
2022-07-27 00:00:00+05:00,3.4200000762939453,3.6700000762939453,3.4100000858306885,3.6700000762939453,8500.0,0.0,0.0,0.0,JSBL.KA,
2022-07-28 00:00:00+05:00,3.6700000762939453,3.6700000762939453,3.5,3.6500000953674316,6500.0,0.0,0.0,0.0,JSBL.KA,
2022-07-29 00:00:00+05:00,3.5999999046325684,3.5999999046325684,3.5999999046325684,3.5999999046325684,1000.0,0.0,0.0,0.0,JSBL.KA,
2022-08-01 00:00:00+05:00,3.5999999046325684,3.5999999046325684,3.5999999046325684,3.5999999046325684,0.0,0.0,0.0,0.0,JSBL.KA,
2022-08-02 00:00:00+05:00,3.5999999046325684,3.690000057220459,3.5999999046325684,3.690000057220459,115000.0,0.0,0.0,0.0,JSBL.KA,
2022-08-03 00:00:00+05:00,3.6700000762939453,3.700000047683716,3.509999990463257,3.700000047683716,31500.0,0.0,0.0,0.0,JSBL.KA,
2022-08-04 00:00:00+05:00,3.7899999618530273,3.7899999618530273,3.5999999046325684,3.5999999046325684,47000.0,0.0,0.0,0.0,JSBL.KA,
2022-08-05 00:00:00+05:00,3.700000047683716,3.8299999237060547,3.5999999046325684,3.799999952316284,246500.0,0.0,0.0,0.0,JSBL.KA,
2022-08-08 00:00:00+05:00,3.799999952316284,3.799999952316284,3.799999952316284,3.799999952316284,0.0,0.0,0.0,0.0,JSBL.KA,
2022-08-09 00:00:00+05:00,3.799999952316284,3.799999952316284,3.799999952316284,3.799999952316284,0.0,0.0,0.0,0.0,JSBL.KA,
2022-08-10 00:00:00+05:00,3.8499999046325684,3.890000104904175,3.759999990463257,3.869999885559082,7500.0,0.0,0.0,0.0,JSBL.KA,
2022-08-11 00:00:00+05:00,3.869999885559082,3.869999885559082,3.869999885559082,3.869999885559082,0.0,0.0,0.0,0.0,JSBL.KA,
2022-08-12 00:00:00+05:00,3.890000104904175,3.950000047683716,3.799999952316284,3.8299999237060547,26500.0,0.0,0.0,0.0,JSBL.KA,
2022-08-15 00:00:00+05:00,3.890000104904175,3.990000009536743,3.75,3.75,223000.0,0.0,0.0,0.0,JSBL.KA,
2022-08-16 00:00:00+05:00,3.869999885559082,3.9800000190734863,3.8299999237060547,3.8299999237060547,116000.0,0.0,0.0,0.0,JSBL.KA,
2022-08-17 00:00:00+05:00,3.940000057220459,3.950000047683716,3.8299999237060547,3.8299999237060547,12500.0,0.0,0.0,0.0,JSBL.KA,
2022-08-18 00:00:00+05:00,3.8299999237060547,3.8399999141693115,3.8299999237060547,3.8399999141693115,5000.0,0.0,0.0,0.0,JSBL.KA,
2022-08-19 00:00:00+05:00,3.950000047683716,3.950000047683716,3.9200000762939453,3.930000066757202,199000.0,0.0,0.0,0.0,JSBL.KA,
2022-08-22 00:00:00+05:00,3.930000066757202,3.930000066757202,3.930000066757202,3.930000066757202,0.0,0.0,0.0,0.0,JSBL.KA,
2022-08-23 00:00:00+05:00,3.7799999713897705,3.950000047683716,3.7799999713897705,3.8499999046325684,74500.0,0.0,0.0,0.0,JSBL.KA,
2022-08-24 00:00:00+05:00,3.940000057220459,3.950000047683716,3.799999952316284,3.799999952316284,136000.0,0.0,0.0,0.0,JSBL.KA,
2022-08-25 00:00:00+05:00,3.9000000953674316,3.9000000953674316,3.809999942779541,3.809999942779541,7500.0,0.0,0.0,0.0,JSBL.KA,
2022-08-26 00:00:00+05:00,3.809999942779541,3.809999942779541,3.809999942779541,3.809999942779541,0.0,0.0,0.0,0.0,JSBL.KA,
2022-08-29 00:00:00+05:00,3.809999942779541,3.809999942779541,3.809999942779541,3.809999942779541,0.0,0.0,0.0,0.0,JSBL.KA,
2022-08-30 00:00:00+05:00,3.940000057220459,3.940000057220459,3.5999999046325684,3.8499999046325684,179500.0,0.0,0.0,0.0,JSBL.KA,
2022-08-31 00:00:00+05:00,3.8499999046325684,4.0,3.8499999046325684,4.0,1505500.0,0.0,0.0,0.0,JSBL.KA,
2022-09-01 00:00:00+05:00,4.0,4.019999980926514,3.9600000381469727,3.9700000286102295,594500.0,0.0,0.0,0.0,JSBL.KA,
2022-09-02 00:00:00+05:00,4.039999961853027,4.050000190734863,3.9000000953674316,3.9000000953674316,7500.0,0.0,0.0,0.0,JSBL.KA,
2022-09-05 00:00:00+05:00,3.9000000953674316,3.9000000953674316,3.9000000953674316,3.9000000953674316,1000.0,0.0,0.0,0.0,JSBL.KA,
2022-09-06 00:00:00+05:00,3.9800000190734863,4.0,3.9000000953674316,4.0,120000.0,0.0,0.0,0.0,JSBL.KA,
2022-09-07 00:00:00+05:00,4.050000190734863,4.050000190734863,4.019999980926514,4.03000020980835,2000.0,0.0,0.0,0.0,JSBL.KA,
2022-09-08 00:00:00+05:00,3.859999895095825,3.9200000762939453,3.859999895095825,3.9100000858306885,6500.0,0.0,0.0,0.0,JSBL.KA,
2022-09-09 00:00:00+05:00,3.9100000858306885,3.9100000858306885,3.9100000858306885,3.9100000858306885,0.0,0.0,0.0,0.0,JSBL.KA,
2022-09-12 00:00:00+05:00,3.9000000953674316,4.0,3.799999952316284,3.950000047683716,169500.0,0.0,0.0,0.0,JSBL.KA,
2022-09-13 00:00:00+05:00,3.990000009536743,4.0,3.950000047683716,4.0,5032500.0,0.0,0.0,0.0,JSBL.KA,
2022-09-14 00:00:00+05:00,4.0,4.050000190734863,3.799999952316284,3.8299999237060547,3254500.0,0.0,0.0,0.0,JSBL.KA,
2022-09-15 00:00:00+05:00,3.9800000190734863,3.9800000190734863,3.859999895095825,3.880000114440918,19500.0,0.0,0.0,0.0,JSBL.KA,
2022-09-16 00:00:00+05:00,4.050000190734863,3.990000009536743,3.75,3.7699999809265137,81500.0,0.0,0.0,0.0,JSBL.KA,
2022-09-19 00:00:00+05:00,3.940000057220459,3.940000057220459,3.75,3.8499999046325684,66500.0,0.0,0.0,0.0,JSBL.KA,
2022-09-20 00:00:00+05:00,4.0,4.0,3.799999952316284,3.8299999237060547,19000.0,0.0,0.0,0.0,JSBL.KA,
2022-09-21 00:00:00+05:00,3.9800000190734863,4.0,3.759999990463257,3.9000000953674316,417000.0,0.0,0.0,0.0,JSBL.KA,
2022-09-22 00:00:00+05:00,3.9000000953674316,3.9000000953674316,3.809999942779541,3.9000000953674316,162000.0,0.0,0.0,0.0,JSBL.KA,
2022-09-23 00:00:00+05:00,3.759999990463257,3.869999885559082,3.700000047683716,3.869999885559082,21500.0,0.0,0.0,0.0,JSBL.KA,
2022-09-26 00:00:00+05:00,3.9000000953674316,3.9000000953674316,3.700000047683716,3.7200000286102295,53500.0,0.0,0.0,0.0,JSBL.KA,
2022-09-27 00:00:00+05:00,3.950000047683716,3.950000047683716,3.740000009536743,3.8399999141693115,53500.0,0.0,0.0,0.0,JSBL.KA,
2022-09-28 00:00:00+05:00,3.9000000953674316,3.9000000953674316,3.799999952316284,3.9000000953674316,85500.0,0.0,0.0,0.0,JSBL.KA,
2022-09-29 00:00:00+05:00,3.75,3.75,3.700000047683716,3.75,115000.0,0.0,0.0,0.0,JSBL.KA,
2022-09-30 00:00:00+05:00,3.950000047683716,3.950000047683716,3.950000047683716,3.950000047683716,500.0,0.0,0.0,0.0,JSBL.KA,
2022-10-03 00:00:00+05:00,3.700000047683716,3.799999952316284,3.619999885559082,3.7100000381469727,50000.0,0.0,0.0,0.0,JSBL.KA,
2022-10-04 00:00:00+05:00,3.880000114440918,3.890000104904175,3.5999999046325684,3.619999885559082,148000.0,0.0,0.0,0.0,JSBL.KA,
2022-10-05 00:00:00+05:00,3.609999895095825,3.7200000286102295,3.609999895095825,3.700000047683716,4500.0,0.0,0.0,0.0,JSBL.KA,
2022-10-06 00:00:00+05:00,3.880000114440918,4.0,3.8499999046325684,3.859999895095825,357500.0,0.0,0.0,0.0,JSBL.KA,
2022-10-07 00:00:00+05:00,3.809999942779541,3.9000000953674316,3.700000047683716,3.8499999046325684,138000.0,0.0,0.0,0.0,JSBL.KA,
2022-10-10 00:00:00+05:00,3.75,3.75,3.630000114440918,3.6500000953674316,403500.0,0.0,0.0,0.0,JSBL.KA,
2022-10-11 00:00:00+05:00,3.8399999141693115,4.0,3.759999990463257,3.859999895095825,367500.0,0.0,0.0,0.0,JSBL.KA,
2022-10-12 00:00:00+05:00,3.859999895095825,3.9200000762939453,3.8499999046325684,3.9000000953674316,52500.0,0.0,0.0,0.0,JSBL.KA,
2022-10-13 00:00:00+05:00,3.9000000953674316,3.9000000953674316,3.9000000953674316,3.9000000953674316,0.0,0.0,0.0,0.0,JSBL.KA,
2022-10-14 00:00:00+05:00,3.9000000953674316,3.9000000953674316,3.9000000953674316,3.9000000953674316,0.0,0.0,0.0,0.0,JSBL.KA,
2022-10-17 00:00:00+05:00,3.799999952316284,3.950000047683716,3.799999952316284,3.9000000953674316,21500.0,0.0,0.0,0.0,JSBL.KA,
2022-10-18 00:00:00+05:00,3.9000000953674316,3.9000000953674316,3.9000000953674316,3.9000000953674316,0.0,0.0,0.0,0.0,JSBL.KA,
2022-10-19 00:00:00+05:00,3.9000000953674316,3.9000000953674316,3.8499999046325684,3.890000104904175,58500.0,0.0,0.0,0.0,JSBL.KA,
2022-10-20 00:00:00+05:00,3.950000047683716,4.0,3.8499999046325684,3.8499999046325684,162000.0,0.0,0.0,0.0,JSBL.KA,
2022-10-21 00:00:00+05:00,3.9000000953674316,3.9000000953674316,3.9000000953674316,3.9000000953674316,1000.0,0.0,0.0,0.0,JSBL.KA,
2022-10-24 00:00:00+05:00,3.8499999046325684,4.090000152587891,3.8499999046325684,3.9100000858306885,10500.0,0.0,0.0,0.0,JSBL.KA,
2022-10-25 00:00:00+05:00,3.9800000190734863,4.050000190734863,3.9100000858306885,3.9100000858306885,76500.0,0.0,0.0,0.0,JSBL.KA,
2022-10-26 00:00:00+05:00,3.9100000858306885,3.9100000858306885,3.9100000858306885,3.9100000858306885,0.0,0.0,0.0,0.0,JSBL.KA,
2022-10-27 00:00:00+05:00,3.7100000381469727,3.7100000381469727,3.5999999046325684,3.609999895095825,87500.0,0.0,0.0,0.0,JSBL.KA,
2022-10-28 00:00:00+05:00,3.799999952316284,3.819999933242798,3.75,3.819999933242798,14000.0,0.0,0.0,0.0,JSBL.KA,
2022-10-31 00:00:00+05:00,3.890000104904175,3.9000000953674316,3.799999952316284,3.799999952316284,39500.0,0.0,0.0,0.0,JSBL.KA,
2022-11-01 00:00:00+05:00,3.990000009536743,4.0,3.9000000953674316,3.9200000762939453,71500.0,0.0,0.0,0.0,JSBL.KA,
2022-11-02 00:00:00+05:00,3.8499999046325684,3.8499999046325684,3.799999952316284,3.799999952316284,155500.0,0.0,0.0,0.0,JSBL.KA,
2022-11-03 00:00:00+05:00,3.799999952316284,3.9600000381469727,3.7699999809265137,3.7699999809265137,72000.0,0.0,0.0,0.0,JSBL.KA,
2022-11-04 00:00:00+05:00,3.9000000953674316,3.9000000953674316,3.9000000953674316,3.9000000953674316,33000.0,0.0,0.0,0.0,JSBL.KA,
2022-11-07 00:00:00+05:00,3.7200000286102295,3.9000000953674316,3.7200000286102295,3.9000000953674316,42000.0,0.0,0.0,0.0,JSBL.KA,
2022-11-08 00:00:00+05:00,3.9800000190734863,4.010000228881836,3.9000000953674316,3.9800000190734863,200500.0,0.0,0.0,0.0,JSBL.KA,
2022-11-09 00:00:00+05:00,3.9800000190734863,3.9800000190734863,3.9800000190734863,3.9800000190734863,0.0,0.0,0.0,0.0,JSBL.KA,
2022-11-10 00:00:00+05:00,3.859999895095825,4.050000190734863,3.8499999046325684,4.039999961853027,39000.0,0.0,0.0,0.0,JSBL.KA,
2022-11-11 00:00:00+05:00,4.039999961853027,4.900000095367432,3.9700000286102295,4.710000038146973,1199500.0,0.0,0.0,0.0,JSBL.KA,
2022-11-14 00:00:00+05:00,4.599999904632568,4.940000057220459,4.409999847412109,4.889999866485596,1104500.0,0.0,0.0,0.0,JSBL.KA,
2022-11-15 00:00:00+05:00,4.880000114440918,4.940000057220459,4.610000133514404,4.78000020980835,477500.0,0.0,0.0,0.0,JSBL.KA,
2022-11-16 00:00:00+05:00,4.849999904632568,5.449999809265137,4.809999942779541,5.099999904632568,8809500.0,0.0,0.0,0.0,JSBL.KA,
2022-11-17 00:00:00+05:00,5.099999904632568,5.230000019073486,4.800000190734863,4.849999904632568,5835500.0,0.0,0.0,0.0,JSBL.KA,
2022-11-18 00:00:00+05:00,4.75,4.800000190734863,4.570000171661377,4.619999885559082,485500.0,0.0,0.0,0.0,JSBL.KA,
2022-11-21 00:00:00+05:00,4.559999942779541,4.730000019073486,4.5,4.599999904632568,130000.0,0.0,0.0,0.0,JSBL.KA,
2022-11-22 00:00:00+05:00,4.699999809265137,4.940000057220459,4.639999866485596,4.690000057220459,1400000.0,0.0,0.0,0.0,JSBL.KA,
2022-11-23 00:00:00+05:00,4.840000152587891,4.889999866485596,4.650000095367432,4.699999809265137,254500.0,0.0,0.0,0.0,JSBL.KA,
2022-11-24 00:00:00+05:00,4.789999961853027,5.0,4.789999961853027,4.880000114440918,8401500.0,0.0,0.0,0.0,JSBL.KA,
2022-11-25 00:00:00+05:00,4.949999809265137,5.0,4.900000095367432,4.909999847412109,2127500.0,0.0,0.0,0.0,JSBL.KA,
2022-11-28 00:00:00+05:00,4.800000190734863,4.900000095367432,4.699999809265137,4.78000020980835,123500.0,0.0,0.0,0.0,JSBL.KA,
2022-11-29 00:00:00+05:00,4.75,4.75,4.5,4.599999904632568,317500.0,0.0,0.0,0.0,JSBL.KA,
2022-11-30 00:00:00+05:00,4.550000190734863,4.650000095367432,4.550000190734863,4.550000190734863,65000.0,0.0,0.0,0.0,JSBL.KA,
2022-12-01 00:00:00+05:00,4.519999980926514,4.789999961853027,4.519999980926514,4.710000038146973,510000.0,0.0,0.0,0.0,JSBL.KA,
2022-12-02 00:00:00+05:00,4.659999847412109,4.659999847412109,4.5,4.579999923706055,117500.0,0.0,0.0,0.0,JSBL.KA,
2022-12-05 00:00:00+05:00,4.510000228881836,4.599999904632568,4.449999809265137,4.449999809265137,31500.0,0.0,0.0,0.0,JSBL.KA,
2022-12-06 00:00:00+05:00,4.590000152587891,4.590000152587891,4.409999847412109,4.590000152587891,36000.0,0.0,0.0,0.0,JSBL.KA,
2022-12-07 00:00:00+05:00,4.579999923706055,4.579999923706055,4.420000076293945,4.5,19500.0,0.0,0.0,0.0,JSBL.KA,
2022-12-08 00:00:00+05:00,4.590000152587891,4.599999904632568,4.429999828338623,4.510000228881836,22500.0,0.0,0.0,0.0,JSBL.KA,
2022-12-09 00:00:00+05:00,4.460000038146973,4.599999904632568,4.460000038146973,4.599999904632568,1500.0,0.0,0.0,0.0,JSBL.KA,
2022-12-12 00:00:00+05:00,4.460000038146973,4.460000038146973,4.300000190734863,4.309999942779541,141000.0,0.0,0.0,0.0,JSBL.KA,
2022-12-13 00:00:00+05:00,4.449999809265137,4.449999809265137,4.170000076293945,4.320000171661377,305000.0,0.0,0.0,0.0,JSBL.KA,
2022-12-14 00:00:00+05:00,4.300000190734863,4.760000228881836,4.300000190734863,4.570000171661377,1261500.0,0.0,0.0,0.0,JSBL.KA,
2022-12-15 00:00:00+05:00,4.409999847412109,4.599999904632568,4.25,4.519999980926514,212500.0,0.0,0.0,0.0,JSBL.KA,
2022-12-16 00:00:00+05:00,4.579999923706055,4.619999885559082,4.420000076293945,4.559999942779541,222000.0,0.0,0.0,0.0,JSBL.KA,
2022-12-19 00:00:00+05:00,4.599999904632568,4.599999904632568,4.320000171661377,4.400000095367432,34000.0,0.0,0.0,0.0,JSBL.KA,
2022-12-20 00:00:00+05:00,4.329999923706055,4.400000095367432,4.210000038146973,4.269999980926514,37000.0,0.0,0.0,0.0,JSBL.KA,
2022-12-21 00:00:00+05:00,4.21999979019165,4.300000190734863,4.179999828338623,4.179999828338623,46000.0,0.0,0.0,0.0,JSBL.KA,
2022-12-22 00:00:00+05:00,4.150000095367432,4.46999979019165,4.139999866485596,4.309999942779541,195500.0,0.0,0.0,0.0,JSBL.KA,
2022-12-23 00:00:00+05:00,4.400000095367432,4.46999979019165,4.199999809265137,4.429999828338623,9000.0,0.0,0.0,0.0,JSBL.KA,
2022-12-26 00:00:00+05:00,4.449999809265137,4.449999809265137,4.260000228881836,4.349999904632568,9500.0,0.0,0.0,0.0,JSBL.KA,
2022-12-27 00:00:00+05:00,4.300000190734863,4.300000190734863,4.199999809265137,4.269999980926514,6500.0,0.0,0.0,0.0,JSBL.KA,
2022-12-28 00:00:00+05:00,4.300000190734863,4.480000019073486,4.0,4.050000190734863,275500.0,0.0,0.0,0.0,JSBL.KA,
2022-12-29 00:00:00+05:00,4.25,4.25,4.099999904632568,4.199999809265137,7500.0,0.0,0.0,0.0,JSBL.KA,
2022-12-30 00:00:00+05:00,4.349999904632568,4.75,4.150000095367432,4.690000057220459,811500.0,0.0,0.0,0.0,JSBL.KA,
2023-01-02 00:00:00+05:00,4.349999904632568,4.5,4.349999904632568,4.420000076293945,67500.0,0.0,0.0,0.0,JSBL.KA,
2023-01-03 00:00:00+05:00,4.369999885559082,4.369999885559082,4.309999942779541,4.309999942779541,17000.0,0.0,0.0,0.0,JSBL.KA,
2023-01-04 00:00:00+05:00,4.690000057220459,4.690000057220459,4.449999809265137,4.449999809265137,7000.0,0.0,0.0,0.0,JSBL.KA,
2023-01-05 00:00:00+05:00,4.309999942779541,4.75,4.309999942779541,4.690000057220459,103000.0,0.0,0.0,0.0,JSBL.KA,
2023-01-06 00:00:00+05:00,4.409999847412109,5.25,4.369999885559082,4.880000114440918,411500.0,0.0,0.0,0.0,JSBL.KA,
2023-01-09 00:00:00+05:00,4.75,4.75,4.610000133514404,4.730000019073486,123000.0,0.0,0.0,0.0,JSBL.KA,
2023-01-10 00:00:00+05:00,4.659999847412109,4.659999847412109,4.570000171661377,4.650000095367432,2000.0,0.0,0.0,0.0,JSBL.KA,
2023-01-11 00:00:00+05:00,4.840000152587891,4.840000152587891,4.550000190734863,4.710000038146973,110000.0,0.0,0.0,0.0,JSBL.KA,
2023-01-12 00:00:00+05:00,4.519999980926514,4.71999979019165,4.519999980926514,4.699999809265137,139500.0,0.0,0.0,0.0,JSBL.KA,
2023-01-13 00:00:00+05:00,4.650000095367432,4.699999809265137,4.5,4.590000152587891,240500.0,0.0,0.0,0.0,JSBL.KA,
2023-01-16 00:00:00+05:00,4.519999980926514,4.590000152587891,4.46999979019165,4.480000019073486,85500.0,0.0,0.0,0.0,JSBL.KA,
2023-01-17 00:00:00+05:00,4.409999847412109,4.599999904632568,4.130000114440918,4.289999961853027,100500.0,0.0,0.0,0.0,JSBL.KA,
2023-01-18 00:00:00+05:00,4.349999904632568,4.980000019073486,4.349999904632568,4.809999942779541,652500.0,0.0,0.0,0.0,JSBL.KA,
2023-01-19 00:00:00+05:00,4.800000190734863,4.800000190734863,4.480000019073486,4.579999923706055,222000.0,0.0,0.0,0.0,JSBL.KA,
2023-01-20 00:00:00+05:00,4.460000038146973,4.539999961853027,4.449999809265137,4.449999809265137,41500.0,0.0,0.0,0.0,JSBL.KA,
2023-01-23 00:00:00+05:00,4.409999847412109,4.5,4.409999847412109,4.5,14500.0,0.0,0.0,0.0,JSBL.KA,
2023-01-24 00:00:00+05:00,4.320000171661377,4.480000019073486,4.320000171661377,4.480000019073486,10000.0,0.0,0.0,0.0,JSBL.KA,
2023-01-25 00:00:00+05:00,4.440000057220459,4.630000114440918,4.400000095367432,4.440000057220459,240500.0,0.0,0.0,0.0,JSBL.KA,
2023-01-26 00:00:00+05:00,4.309999942779541,4.760000228881836,4.300000190734863,4.699999809265137,1171000.0,0.0,0.0,0.0,JSBL.KA,
2023-01-27 00:00:00+05:00,4.699999809265137,4.699999809265137,4.400000095367432,4.440000057220459,126500.0,0.0,0.0,0.0,JSBL.KA,
2023-01-30 00:00:00+05:00,4.630000114440918,4.630000114440918,4.630000114440918,4.630000114440918,500.0,0.0,0.0,0.0,JSBL.KA,
2023-01-31 00:00:00+05:00,4.449999809265137,4.599999904632568,4.449999809265137,4.559999942779541,11500.0,0.0,0.0,0.0,JSBL.KA,
2023-02-01 00:00:00+05:00,4.559999942779541,4.559999942779541,4.559999942779541,4.559999942779541,0.0,0.0,0.0,0.0,JSBL.KA,
2023-02-02 00:00:00+05:00,4.320000171661377,4.449999809265137,4.320000171661377,4.389999866485596,64000.0,0.0,0.0,0.0,JSBL.KA,
2023-02-03 00:00:00+05:00,4.329999923706055,4.400000095367432,4.300000190734863,4.349999904632568,51500.0,0.0,0.0,0.0,JSBL.KA,
2023-02-06 00:00:00+05:00,4.400000095367432,4.550000190734863,4.400000095367432,4.5,38500.0,0.0,0.0,0.0,JSBL.KA,
2023-02-07 00:00:00+05:00,4.550000190734863,4.550000190734863,4.400000095367432,4.449999809265137,20000.0,0.0,0.0,0.0,JSBL.KA,
2023-02-08 00:00:00+05:00,4.539999961853027,4.539999961853027,4.349999904632568,4.449999809265137,30500.0,0.0,0.0,0.0,JSBL.KA,
2023-02-09 00:00:00+05:00,4.489999771118164,4.489999771118164,4.420000076293945,4.420000076293945,3500.0,0.0,0.0,0.0,JSBL.KA,
2023-02-10 00:00:00+05:00,4.5,4.5,4.349999904632568,4.349999904632568,537500.0,0.0,0.0,0.0,JSBL.KA,
2023-02-13 00:00:00+05:00,4.309999942779541,4.400000095367432,4.300000190734863,4.300000190734863,191000.0,0.0,0.0,0.0,JSBL.KA,
2023-02-14 00:00:00+05:00,4.25,4.260000228881836,4.210000038146973,4.25,93500.0,0.0,0.0,0.0,JSBL.KA,
2023-02-15 00:00:00+05:00,4.21999979019165,4.400000095367432,4.21999979019165,4.349999904632568,102000.0,0.0,0.0,0.0,JSBL.KA,
2023-02-16 00:00:00+05:00,4.440000057220459,4.590000152587891,4.400000095367432,4.489999771118164,242500.0,0.0,0.0,0.0,JSBL.KA,
2023-02-17 00:00:00+05:00,4.489999771118164,4.489999771118164,4.489999771118164,4.489999771118164,0.0,0.0,0.0,0.0,JSBL.KA,
2023-02-20 00:00:00+05:00,4.489999771118164,4.489999771118164,4.489999771118164,4.489999771118164,0.0,0.0,0.0,0.0,JSBL.KA,
2023-02-21 00:00:00+05:00,4.489999771118164,4.489999771118164,4.489999771118164,4.489999771118164,0.0,0.0,0.0,0.0,JSBL.KA,
2023-02-22 00:00:00+05:00,4.300000190734863,4.539999961853027,4.300000190734863,4.539999961853027,6000.0,0.0,0.0,0.0,JSBL.KA,
2023-02-23 00:00:00+05:00,4.400000095367432,4.400000095367432,4.25,4.309999942779541,132000.0,0.0,0.0,0.0,JSBL.KA,
2023-02-24 00:00:00+05:00,4.21999979019165,4.21999979019165,4.210000038146973,4.210000038146973,5000.0,0.0,0.0,0.0,JSBL.KA,
2023-02-27 00:00:00+05:00,4.210000038146973,4.21999979019165,4.210000038146973,4.21999979019165,18500.0,0.0,0.0,0.0,JSBL.KA,
2023-02-28 00:00:00+05:00,4.21999979019165,4.21999979019165,4.21999979019165,4.21999979019165,0.0,0.0,0.0,0.0,JSBL.KA,
2023-03-01 00:00:00+05:00,4.130000114440918,4.300000190734863,4.0,4.230000019073486,309500.0,0.0,0.0,0.0,JSBL.KA,
2023-03-02 00:00:00+05:00,4.159999847412109,4.300000190734863,4.150000095367432,4.269999980926514,30500.0,0.0,0.0,0.0,JSBL.KA,
2023-03-03 00:00:00+05:00,4.320000171661377,4.400000095367432,4.25,4.300000190734863,271000.0,0.0,0.0,0.0,JSBL.KA,
2023-03-06 00:00:00+05:00,4.130000114440918,4.300000190734863,4.130000114440918,4.21999979019165,75000.0,0.0,0.0,0.0,JSBL.KA,
2023-03-07 00:00:00+05:00,4.090000152587891,4.25,4.090000152587891,4.099999904632568,27000.0,0.0,0.0,0.0,JSBL.KA,
2023-03-08 00:00:00+05:00,4.110000133514404,4.110000133514404,4.0,4.0,24500.0,0.0,0.0,0.0,JSBL.KA,
2023-03-09 00:00:00+05:00,4.099999904632568,4.099999904632568,4.059999942779541,4.099999904632568,67000.0,0.0,0.0,0.0,JSBL.KA,
2023-03-10 00:00:00+05:00,4.150000095367432,4.25,4.150000095367432,4.239999771118164,21000.0,0.0,0.0,0.0,JSBL.KA,
2023-03-13 00:00:00+05:00,4.110000133514404,4.110000133514404,4.110000133514404,4.110000133514404,9000.0,0.0,0.0,0.0,JSBL.KA,
2023-03-14 00:00:00+05:00,4.340000152587891,4.340000152587891,4.03000020980835,4.099999904632568,39500.0,0.0,0.0,0.0,JSBL.KA,
2023-03-15 00:00:00+05:00,4.019999980926514,4.070000171661377,4.0,4.0,52000.0,0.0,0.0,0.0,JSBL.KA,
2023-03-16 00:00:00+05:00,4.059999942779541,4.389999866485596,4.059999942779541,4.25,75500.0,0.0,0.0,0.0,JSBL.KA,
2023-03-17 00:00:00+05:00,4.199999809265137,4.199999809265137,4.099999904632568,4.099999904632568,82500.0,0.0,0.0,0.0,JSBL.KA,
2023-03-20 00:00:00+05:00,4.010000228881836,4.139999866485596,4.0,4.139999866485596,112000.0,0.0,0.0,0.0,JSBL.KA,
2023-03-21 00:00:00+05:00,4.130000114440918,4.130000114440918,4.019999980926514,4.119999885559082,10000.0,0.0,0.0,0.0,JSBL.KA,
2023-03-22 00:00:00+05:00,4.050000190734863,4.050000190734863,3.9000000953674316,3.9100000858306885,158000.0,0.0,0.0,0.0,JSBL.KA,
2023-03-23 00:00:00+05:00,3.9100000858306885,3.9100000858306885,3.9100000858306885,3.9100000858306885,0.0,0.0,0.0,0.0,JSBL.KA,
2023-03-24 00:00:00+05:00,3.7200000286102295,4.099999904632568,3.7200000286102295,4.03000020980835,250500.0,0.0,0.0,0.0,JSBL.KA,
2023-03-27 00:00:00+05:00,4.099999904632568,4.099999904632568,4.099999904632568,4.099999904632568,5000.0,0.0,0.0,0.0,JSBL.KA,
2023-03-28 00:00:00+05:00,4.050000190734863,4.050000190734863,4.050000190734863,4.050000190734863,1000.0,0.0,0.0,0.0,JSBL.KA,
2023-03-29 00:00:00+05:00,3.9200000762939453,3.9200000762939453,3.9000000953674316,3.9000000953674316,7000.0,0.0,0.0,0.0,JSBL.KA,
2023-03-30 00:00:00+05:00,3.9000000953674316,3.9000000953674316,3.9000000953674316,3.9000000953674316,0.0,0.0,0.0,0.0,JSBL.KA,
2023-03-31 00:00:00+05:00,4.119999885559082,4.119999885559082,4.119999885559082,4.119999885559082,500.0,0.0,0.0,0.0,JSBL.KA,
2023-04-03 00:00:00+05:00,4.0,4.0,4.0,4.0,4500.0,0.0,0.0,0.0,JSBL.KA,
2023-04-04 00:00:00+05:00,4.0,4.0,4.0,4.0,45500.0,0.0,0.0,0.0,JSBL.KA,
2023-04-05 00:00:00+05:00,3.9200000762939453,4.0,3.9100000858306885,4.0,54500.0,0.0,0.0,0.0,JSBL.KA,
2023-04-06 00:00:00+05:00,4.110000133514404,4.110000133514404,4.110000133514404,4.110000133514404,500.0,0.0,0.0,0.0,JSBL.KA,
2023-04-07 00:00:00+05:00,4.0,5.0,4.0,4.090000152587891,26211000.0,0.0,0.0,0.0,JSBL.KA,
2023-04-10 00:00:00+05:00,4.28000020980835,5.0,4.28000020980835,4.460000038146973,10396500.0,0.0,0.0,0.0,JSBL.KA,
2023-04-11 00:00:00+05:00,4.449999809265137,4.599999904632568,4.349999904632568,4.409999847412109,393000.0,0.0,0.0,0.0,JSBL.KA,
2023-04-12 00:00:00+05:00,4.409999847412109,4.489999771118164,4.25,4.269999980926514,80000.0,0.0,0.0,0.0,JSBL.KA,
2023-04-13 00:00:00+05:00,4.199999809265137,4.349999904632568,4.199999809265137,4.349999904632568,26000.0,0.0,0.0,0.0,JSBL.KA,
2023-04-14 00:00:00+05:00,4.349999904632568,4.349999904632568,4.349999904632568,4.349999904632568,0.0,0.0,0.0,0.0,JSBL.KA,
2023-04-17 00:00:00+05:00,4.130000114440918,4.329999923706055,4.130000114440918,4.150000095367432,39500.0,0.0,0.0,0.0,JSBL.KA,
2023-04-18 00:00:00+05:00,4.179999828338623,4.25,4.159999847412109,4.199999809265137,12000.0,0.0,0.0,0.0,JSBL.KA,
2023-04-19 00:00:00+05:00,4.159999847412109,4.25,4.159999847412109,4.25,105000.0,0.0,0.0,0.0,JSBL.KA,
2023-04-20 00:00:00+05:00,4.170000076293945,4.170000076293945,4.099999904632568,4.099999904632568,404000.0,0.0,0.0,0.0,JSBL.KA,
2023-04-21 00:00:00+05:00,4.099999904632568,4.099999904632568,4.099999904632568,4.099999904632568,0.0,0.0,0.0,0.0,JSBL.KA,
2023-04-24 00:00:00+05:00,4.099999904632568,4.099999904632568,4.099999904632568,4.099999904632568,0.0,0.0,0.0,0.0,JSBL.KA,
2023-04-25 00:00:00+05:00,4.099999904632568,4.099999904632568,4.099999904632568,4.099999904632568,0.0,0.0,0.0,0.0,JSBL.KA,
2023-04-26 00:00:00+05:00,4.110000133514404,4.400000095367432,4.110000133514404,4.380000114440918,1056500.0,0.0,0.0,0.0,JSBL.KA,
2023-04-27 00:00:00+05:00,4.610000133514404,4.75,4.46999979019165,4.510000228881836,1481000.0,0.0,0.0,0.0,JSBL.KA,
2023-04-28 00:00:00+05:00,4.639999866485596,4.650000095367432,4.630000114440918,4.630000114440918,4500.0,0.0,0.0,0.0,JSBL.KA,
2023-05-01 00:00:00+05:00,4.630000114440918,4.630000114440918,4.630000114440918,4.630000114440918,0.0,0.0,0.0,0.0,JSBL.KA,
2023-05-02 00:00:00+05:00,4.739999771118164,4.789999961853027,4.440000057220459,4.480000019073486,231500.0,0.0,0.0,0.0,JSBL.KA,
2023-05-03 00:00:00+05:00,4.5,5.0,4.46999979019165,4.71999979019165,3851500.0,0.0,0.0,0.0,JSBL.KA,
2023-05-04 00:00:00+05:00,4.849999904632568,4.849999904632568,4.650000095367432,4.699999809265137,281000.0,0.0,0.0,0.0,JSBL.KA,
2023-05-05 00:00:00+05:00,4.590000152587891,4.699999809265137,4.590000152587891,4.670000076293945,83000.0,0.0,0.0,0.0,JSBL.KA,
2023-05-08 00:00:00+05:00,4.699999809265137,4.739999771118164,4.5,4.670000076293945,315000.0,0.0,0.0,0.0,JSBL.KA,
2023-05-09 00:00:00+05:00,4.460000038146973,4.599999904632568,4.349999904632568,4.400000095367432,264000.0,0.0,0.0,0.0,JSBL.KA,
2023-05-10 00:00:00+05:00,4.489999771118164,4.489999771118164,4.380000114440918,4.380000114440918,20500.0,0.0,0.0,0.0,JSBL.KA,
2023-05-11 00:00:00+05:00,4.5,4.75,4.5,4.690000057220459,92500.0,0.0,0.0,0.0,JSBL.KA,
2023-05-12 00:00:00+05:00,4.650000095367432,4.699999809265137,4.599999904632568,4.699999809265137,69000.0,0.0,0.0,0.0,JSBL.KA,
2023-05-15 00:00:00+05:00,4.599999904632568,4.699999809265137,4.599999904632568,4.699999809265137,43500.0,0.0,0.0,0.0,JSBL.KA,
2023-05-16 00:00:00+05:00,4.699999809265137,4.699999809265137,4.53000020980835,4.550000190734863,134500.0,0.0,0.0,0.0,JSBL.KA,
2023-05-17 00:00:00+05:00,4.610000133514404,4.610000133514404,4.449999809265137,4.46999979019165,57000.0,0.0,0.0,0.0,JSBL.KA,
2023-05-18 00:00:00+05:00,4.5,4.519999980926514,4.28000020980835,4.309999942779541,235000.0,0.0,0.0,0.0,JSBL.KA,
2023-05-19 00:00:00+05:00,4.320000171661377,4.5,4.320000171661377,4.489999771118164,148500.0,0.0,0.0,0.0,JSBL.KA,
2023-05-22 00:00:00+05:00,4.489999771118164,4.550000190734863,4.429999828338623,4.429999828338623,54500.0,0.0,0.0,0.0,JSBL.KA,
2023-05-23 00:00:00+05:00,4.679999828338623,4.679999828338623,4.420000076293945,4.510000228881836,64500.0,0.0,0.0,0.0,JSBL.KA,
2023-05-24 00:00:00+05:00,4.5,4.599999904632568,4.409999847412109,4.46999979019165,179500.0,0.0,0.0,0.0,JSBL.KA,
2023-05-25 00:00:00+05:00,4.400000095367432,4.539999961853027,4.400000095367432,4.5,102000.0,0.0,0.0,0.0,JSBL.KA,
2023-05-26 00:00:00+05:00,4.489999771118164,4.519999980926514,4.46999979019165,4.5,55000.0,0.0,0.0,0.0,JSBL.KA,
2023-05-29 00:00:00+05:00,4.590000152587891,4.590000152587891,4.309999942779541,4.329999923706055,75500.0,0.0,0.0,0.0,JSBL.KA,
2023-05-30 00:00:00+05:00,4.449999809265137,4.449999809265137,4.449999809265137,4.449999809265137,5000.0,0.0,0.0,0.0,JSBL.KA,
2023-05-31 00:00:00+05:00,4.329999923706055,4.329999923706055,4.25,4.25,8000.0,0.0,0.0,0.0,JSBL.KA,
2023-06-01 00:00:00+05:00,4.25,4.360000133514404,4.0,4.079999923706055,218500.0,0.0,0.0,0.0,JSBL.KA,
2023-06-02 00:00:00+05:00,4.199999809265137,4.639999866485596,4.199999809265137,4.559999942779541,146000.0,0.0,0.0,0.0,JSBL.KA,
2023-06-05 00:00:00+05:00,4.25,4.5,4.25,4.5,42000.0,0.0,0.0,0.0,JSBL.KA,
2023-06-06 00:00:00+05:00,4.550000190734863,4.630000114440918,4.5,4.510000228881836,59500.0,0.0,0.0,0.0,JSBL.KA,
2023-06-07 00:00:00+05:00,4.5,4.739999771118164,4.5,4.570000171661377,360000.0,0.0,0.0,0.0,JSBL.KA,
2023-06-08 00:00:00+05:00,4.510000228881836,4.599999904632568,4.510000228881836,4.599999904632568,18500.0,0.0,0.0,0.0,JSBL.KA,
2023-06-09 00:00:00+05:00,4.550000190734863,4.670000076293945,4.460000038146973,4.5,111500.0,0.0,0.0,0.0,JSBL.KA,
2023-06-12 00:00:00+05:00,4.449999809265137,4.650000095367432,4.449999809265137,4.5,143500.0,0.0,0.0,0.0,JSBL.KA,
2023-06-13 00:00:00+05:00,4.5,4.579999923706055,4.409999847412109,4.449999809265137,36500.0,0.0,0.0,0.0,JSBL.KA,
2023-06-14 00:00:00+05:00,4.699999809265137,4.699999809265137,4.449999809265137,4.579999923706055,59500.0,0.0,0.0,0.0,JSBL.KA,
2023-06-15 00:00:00+05:00,4.5,4.679999828338623,4.5,4.550000190734863,156500.0,0.0,0.0,0.0,JSBL.KA,
2023-06-16 00:00:00+05:00,4.5,4.5,4.480000019073486,4.480000019073486,6000.0,0.0,0.0,0.0,JSBL.KA,
2023-06-19 00:00:00+05:00,4.5,4.5,4.480000019073486,4.5,9000.0,0.0,0.0,0.0,JSBL.KA,
2023-06-20 00:00:00+05:00,4.730000019073486,4.75,4.489999771118164,4.5,169500.0,0.0,0.0,0.0,JSBL.KA,
2023-06-21 00:00:00+05:00,4.53000020980835,4.539999961853027,4.320000171661377,4.429999828338623,231000.0,0.0,0.0,0.0,JSBL.KA,
2023-06-22 00:00:00+05:00,4.400000095367432,4.510000228881836,4.400000095367432,4.5,85500.0,0.0,0.0,0.0,JSBL.KA,
2023-06-23 00:00:00+05:00,4.579999923706055,4.579999923706055,4.309999942779541,4.489999771118164,263000.0,0.0,0.0,0.0,JSBL.KA,
2023-06-26 00:00:00+05:00,4.5,4.75,4.449999809265137,4.670000076293945,210500.0,0.0,0.0,0.0,JSBL.KA,
2023-06-27 00:00:00+05:00,4.579999923706055,4.900000095367432,4.550000190734863,4.889999866485596,1497000.0,0.0,0.0,0.0,JSBL.KA,
2023-06-28 00:00:00+05:00,4.889999866485596,4.889999866485596,4.889999866485596,4.889999866485596,0.0,0.0,0.0,0.0,JSBL.KA,
2023-06-29 00:00:00+05:00,4.889999866485596,4.889999866485596,4.889999866485596,4.889999866485596,0.0,0.0,0.0,0.0,JSBL.KA,
2023-06-30 00:00:00+05:00,4.889999866485596,4.889999866485596,4.889999866485596,4.889999866485596,0.0,0.0,0.0,0.0,JSBL.KA,
2023-07-03 00:00:00+05:00,4.96999979019165,5.099999904632568,4.809999942779541,4.980000019073486,1728000.0,0.0,0.0,0.0,JSBL.KA,
2023-07-04 00:00:00+05:00,4.920000076293945,5.5,4.849999904632568,5.380000114440918,1450000.0,0.0,0.0,0.0,JSBL.KA,
2023-07-05 00:00:00+05:00,5.519999980926514,5.630000114440918,5.300000190734863,5.369999885559082,3092500.0,0.0,0.0,0.0,JSBL.KA,
2023-07-06 00:00:00+05:00,5.400000095367432,5.5,5.300000190734863,5.389999866485596,300500.0,0.0,0.0,0.0,JSBL.KA,
2023-07-07 00:00:00+05:00,5.25,5.5,5.099999904632568,5.239999771118164,1248000.0,0.0,0.0,0.0,JSBL.KA,
2023-07-10 00:00:00+05:00,5.300000190734863,5.400000095367432,5.170000076293945,5.300000190734863,1170500.0,0.0,0.0,0.0,JSBL.KA,
2023-07-11 00:00:00+05:00,5.25,5.289999961853027,5.179999828338623,5.210000038146973,754500.0,0.0,0.0,0.0,JSBL.KA,
2023-07-12 00:00:00+05:00,5.349999904632568,5.599999904632568,5.210000038146973,5.230000019073486,349000.0,0.0,0.0,0.0,JSBL.KA,
2023-07-13 00:00:00+05:00,5.210000038146973,5.25,5.199999809265137,5.199999809265137,455000.0,0.0,0.0,0.0,JSBL.KA,
2023-07-14 00:00:00+05:00,5.440000057220459,5.440000057220459,5.050000190734863,5.199999809265137,207500.0,0.0,0.0,0.0,JSBL.KA,
2023-07-17 00:00:00+05:00,5.090000152587891,5.599999904632568,5.050000190734863,5.480000019073486,3119500.0,0.0,0.0,0.0,JSBL.KA,
2023-07-18 00:00:00+05:00,5.349999904632568,5.400000095367432,5.110000133514404,5.199999809265137,1075000.0,0.0,0.0,0.0,JSBL.KA,
2023-07-19 00:00:00+05:00,5.199999809265137,5.389999866485596,5.150000095367432,5.150000095367432,597000.0,0.0,0.0,0.0,JSBL.KA,
2023-07-20 00:00:00+05:00,5.199999809265137,5.349999904632568,5.199999809265137,5.260000228881836,962000.0,0.0,0.0,0.0,JSBL.KA,
2023-07-21 00:00:00+05:00,5.349999904632568,5.349999904632568,5.170000076293945,5.199999809265137,638000.0,0.0,0.0,0.0,JSBL.KA,
2023-07-24 00:00:00+05:00,5.190000057220459,5.239999771118164,5.059999942779541,5.21999979019165,765500.0,0.0,0.0,0.0,JSBL.KA,
2023-07-25 00:00:00+05:00,5.190000057220459,5.349999904632568,5.170000076293945,5.25,1271000.0,0.0,0.0,0.0,JSBL.KA,
2023-07-26 00:00:00+05:00,5.300000190734863,5.380000114440918,5.199999809265137,5.340000152587891,928000.0,0.0,0.0,0.0,JSBL.KA,
2023-07-27 00:00:00+05:00,5.340000152587891,5.340000152587891,5.340000152587891,5.340000152587891,0.0,0.0,0.0,0.0,JSBL.KA,
2023-07-28 00:00:00+05:00,5.340000152587891,5.340000152587891,5.340000152587891,5.340000152587891,0.0,0.0,0.0,0.0,JSBL.KA,
2023-07-31 00:00:00+05:00,5.5,5.579999923706055,5.360000133514404,5.5,342000.0,0.0,0.0,0.0,JSBL.KA,
2023-08-01 00:00:00+05:00,5.599999904632568,5.599999904632568,5.360000133514404,5.420000076293945,671500.0,0.0,0.0,0.0,JSBL.KA,
2023-08-02 00:00:00+05:00,5.400000095367432,5.489999771118164,5.269999980926514,5.489999771118164,56000.0,0.0,0.0,0.0,JSBL.KA,
2023-08-03 00:00:00+05:00,5.400000095367432,5.630000114440918,5.300000190734863,5.409999847412109,868000.0,0.0,0.0,0.0,JSBL.KA,
2023-08-04 00:00:00+05:00,5.320000171661377,5.400000095367432,5.309999942779541,5.349999904632568,551000.0,0.0,0.0,0.0,JSBL.KA,
2023-08-07 00:00:00+05:00,5.340000152587891,6.090000152587891,5.340000152587891,5.690000057220459,11089500.0,0.0,0.0,0.0,JSBL.KA,
2023-08-08 00:00:00+05:00,5.610000133514404,5.690000057220459,5.449999809265137,5.489999771118164,1513000.0,0.0,0.0,0.0,JSBL.KA,
2023-08-09 00:00:00+05:00,5.5,5.599999904632568,5.130000114440918,5.349999904632568,21564500.0,0.0,0.0,0.0,JSBL.KA,
2023-08-10 00:00:00+05:00,5.449999809265137,5.75,5.329999923706055,5.570000171661377,851000.0,0.0,0.0,0.0,JSBL.KA,
2023-08-11 00:00:00+05:00,5.619999885559082,5.75,5.360000133514404,5.519999980926514,1110000.0,0.0,0.0,0.0,JSBL.KA,
2023-08-14 00:00:00+05:00,5.519999980926514,5.519999980926514,5.519999980926514,5.519999980926514,0.0,0.0,0.0,0.0,JSBL.KA,
2023-08-15 00:00:00+05:00,5.5,5.800000190734863,5.5,5.53000020980835,1570000.0,0.0,0.0,0.0,JSBL.KA,
2023-08-16 00:00:00+05:00,5.579999923706055,5.659999847412109,5.5,5.570000171661377,619000.0,0.0,0.0,0.0,JSBL.KA,
2023-08-17 00:00:00+05:00,5.460000038146973,5.840000152587891,5.449999809265137,5.590000152587891,14384000.0,0.0,0.0,0.0,JSBL.KA,
2023-08-18 00:00:00+05:00,5.679999828338623,5.949999809265137,5.579999923706055,5.619999885559082,5213500.0,0.0,0.0,0.0,JSBL.KA,
2023-08-21 00:00:00+05:00,5.699999809265137,6.0,5.699999809265137,5.789999961853027,3303000.0,0.0,0.0,0.0,JSBL.KA,
2023-08-22 00:00:00+05:00,5.75,6.199999809265137,5.75,5.989999771118164,9896500.0,0.0,0.0,0.0,JSBL.KA,
2023-08-23 00:00:00+05:00,6.139999866485596,6.440000057220459,5.809999942779541,5.920000076293945,12258500.0,0.0,0.0,0.0,JSBL.KA,
2023-08-24 00:00:00+05:00,5.96999979019165,6.199999809265137,5.900000095367432,5.989999771118164,4845500.0,0.0,0.0,0.0,JSBL.KA,
2023-08-25 00:00:00+05:00,6.0,6.28000020980835,6.0,6.199999809265137,16138500.0,0.0,0.0,0.0,JSBL.KA,
2023-08-28 00:00:00+05:00,6.199999809265137,6.289999961853027,6.0,6.079999923706055,4408000.0,0.0,0.0,0.0,JSBL.KA,
2023-08-29 00:00:00+05:00,6.010000228881836,6.099999904632568,5.949999809265137,6.0,3325500.0,0.0,0.0,0.0,JSBL.KA,
2023-08-30 00:00:00+05:00,5.929999828338623,6.0,5.860000133514404,5.900000095367432,422000.0,0.0,0.0,0.0,JSBL.KA,
2023-08-31 00:00:00+05:00,5.860000133514404,5.889999866485596,5.519999980926514,5.630000114440918,2294500.0,0.0,0.0,0.0,JSBL.KA,
2023-09-01 00:00:00+05:00,5.760000228881836,5.760000228881836,5.5,5.659999847412109,7310500.0,0.0,0.0,0.0,JSBL.KA,
2023-09-04 00:00:00+05:00,5.619999885559082,5.75,5.599999904632568,5.699999809265137,647000.0,0.0,0.0,0.0,JSBL.KA,
2023-09-05 00:00:00+05:00,5.789999961853027,5.789999961853027,5.650000095367432,5.71999979019165,321000.0,0.0,0.0,0.0,JSBL.KA,
2023-09-06 00:00:00+05:00,5.670000076293945,5.849999904632568,5.650000095367432,5.75,2474000.0,0.0,0.0,0.0,JSBL.KA,
2023-09-07 00:00:00+05:00,5.800000190734863,5.820000171661377,5.610000133514404,5.630000114440918,393000.0,0.0,0.0,0.0,JSBL.KA,
2023-09-08 00:00:00+05:00,5.699999809265137,5.800000190734863,5.519999980926514,5.769999980926514,104500.0,0.0,0.0,0.0,JSBL.KA,
2023-09-11 00:00:00+05:00,5.849999904632568,6.0,5.789999961853027,5.960000038146973,3260000.0,0.0,0.0,0.0,JSBL.KA,
2023-09-12 00:00:00+05:00,5.989999771118164,6.099999904632568,5.909999847412109,5.96999979019165,1472000.0,0.0,0.0,0.0,JSBL.KA,
2023-09-13 00:00:00+05:00,6.079999923706055,6.079999923706055,5.849999904632568,5.849999904632568,550500.0,0.0,0.0,0.0,JSBL.KA,
2023-09-14 00:00:00+05:00,5.800000190734863,5.949999809265137,5.800000190734863,5.949999809265137,2500.0,0.0,0.0,0.0,JSBL.KA,
2023-09-15 00:00:00+05:00,5.860000133514404,5.96999979019165,5.800000190734863,5.800000190734863,27500.0,0.0,0.0,0.0,JSBL.KA,
2023-09-18 00:00:00+05:00,5.769999980926514,5.849999904632568,5.699999809265137,5.820000171661377,307500.0,0.0,0.0,0.0,JSBL.KA,
2023-09-19 00:00:00+05:00,5.820000171661377,5.989999771118164,5.550000190734863,5.639999866485596,2996000.0,0.0,0.0,0.0,JSBL.KA,
2023-09-20 00:00:00+05:00,5.610000133514404,5.650000095367432,5.510000228881836,5.519999980926514,143500.0,0.0,0.0,0.0,JSBL.KA,
2023-09-21 00:00:00+05:00,5.550000190734863,5.730000019073486,5.5,5.699999809265137,1040500.0,0.0,0.0,0.0,JSBL.KA,
2023-09-22 00:00:00+05:00,5.710000038146973,5.800000190734863,5.659999847412109,5.760000228881836,834500.0,0.0,0.0,0.0,JSBL.KA,
2023-09-25 00:00:00+05:00,5.630000114440918,5.800000190734863,5.619999885559082,5.800000190734863,208500.0,0.0,0.0,0.0,JSBL.KA,
2023-09-26 00:00:00+05:00,5.760000228881836,5.800000190734863,5.760000228881836,5.78000020980835,13500.0,0.0,0.0,0.0,JSBL.KA,
2023-09-27 00:00:00+05:00,5.75,5.800000190734863,5.659999847412109,5.739999771118164,1406500.0,0.0,0.0,0.0,JSBL.KA,
2023-09-28 00:00:00+05:00,5.739999771118164,5.739999771118164,5.739999771118164,5.739999771118164,0.0,0.0,0.0,0.0,JSBL.KA,
2023-09-29 00:00:00+05:00,5.739999771118164,5.739999771118164,5.739999771118164,5.739999771118164,0.0,0.0,0.0,0.0,JSBL.KA,
2023-10-02 00:00:00+05:00,5.679999828338623,5.679999828338623,5.659999847412109,5.659999847412109,3000.0,0.0,0.0,0.0,JSBL.KA,
2023-10-03 00:00:00+05:00,5.690000057220459,5.699999809265137,5.650000095367432,5.650000095367432,41000.0,0.0,0.0,0.0,JSBL.KA,
2023-10-04 00:00:00+05:00,5.639999866485596,5.699999809265137,5.53000020980835,5.690000057220459,768000.0,0.0,0.0,0.0,JSBL.KA,
2023-10-05 00:00:00+05:00,5.570000171661377,5.789999961853027,5.570000171661377,5.78000020980835,856500.0,0.0,0.0,0.0,JSBL.KA,
2023-10-06 00:00:00+05:00,5.630000114440918,5.849999904632568,5.630000114440918,5.840000152587891,334000.0,0.0,0.0,0.0,JSBL.KA,
2023-10-09 00:00:00+05:00,5.809999942779541,6.0,5.75,5.989999771118164,953000.0,0.0,0.0,0.0,JSBL.KA,
2023-10-10 00:00:00+05:00,6.0,6.139999866485596,5.980000019073486,6.050000190734863,1386500.0,0.0,0.0,0.0,JSBL.KA,
2023-10-11 00:00:00+05:00,6.130000114440918,6.269999980926514,6.130000114440918,6.239999771118164,1335000.0,0.0,0.0,0.0,JSBL.KA,
2023-10-12 00:00:00+05:00,6.099999904632568,6.260000228881836,6.099999904632568,6.25,354000.0,0.0,0.0,0.0,JSBL.KA,
2023-10-13 00:00:00+05:00,6.300000190734863,6.389999866485596,6.150000095367432,6.199999809265137,293000.0,0.0,0.0,0.0,JSBL.KA,
2023-10-16 00:00:00+05:00,6.199999809265137,6.25,6.099999904632568,6.179999828338623,373000.0,0.0,0.0,0.0,JSBL.KA,
2023-10-17 00:00:00+05:00,6.099999904632568,6.25,6.050000190734863,6.230000019073486,473500.0,0.0,0.0,0.0,JSBL.KA,
2023-10-18 00:00:00+05:00,6.159999847412109,6.25,6.099999904632568,6.239999771118164,55500.0,0.0,0.0,0.0,JSBL.KA,
2023-10-19 00:00:00+05:00,6.199999809265137,6.25,6.119999885559082,6.159999847412109,282500.0,0.0,0.0,0.0,JSBL.KA,
2023-10-20 00:00:00+05:00,6.150000095367432,6.380000114440918,6.119999885559082,6.260000228881836,1328500.0,0.0,0.0,0.0,JSBL.KA,
2023-10-23 00:00:00+05:00,6.300000190734863,6.349999904632568,6.25,6.300000190734863,326500.0,0.0,0.0,0.0,JSBL.KA,
2023-10-24 00:00:00+05:00,6.289999961853027,6.400000095367432,6.099999904632568,6.239999771118164,11035000.0,0.0,0.0,0.0,JSBL.KA,
2023-10-25 00:00:00+05:00,6.400000095367432,6.650000095367432,6.260000228881836,6.349999904632568,9547500.0,0.0,0.0,0.0,JSBL.KA,
2023-10-26 00:00:00+05:00,6.449999809265137,6.639999866485596,6.360000133514404,6.460000038146973,2566500.0,0.0,0.0,0.0,JSBL.KA,
2023-10-27 00:00:00+05:00,6.360000133514404,6.5,6.320000171661377,6.400000095367432,892000.0,0.0,0.0,0.0,JSBL.KA,
2023-10-30 00:00:00+05:00,6.420000076293945,6.699999809265137,6.349999904632568,6.539999961853027,1954500.0,0.0,0.0,0.0,JSBL.KA,
2023-10-31 00:00:00+05:00,6.579999923706055,6.599999904632568,6.420000076293945,6.489999771118164,267500.0,0.0,0.0,0.0,JSBL.KA,
2023-11-01 00:00:00+05:00,6.510000228881836,6.889999866485596,6.510000228881836,6.880000114440918,3330500.0,0.0,0.0,0.0,JSBL.KA,
2023-11-02 00:00:00+05:00,6.800000190734863,7.010000228881836,6.619999885559082,6.869999885559082,2814000.0,0.0,0.0,0.0,JSBL.KA,
2023-11-03 00:00:00+05:00,6.75,7.130000114440918,6.710000038146973,6.880000114440918,3379000.0,0.0,0.0,0.0,JSBL.KA,
2023-11-06 00:00:00+05:00,6.860000133514404,7.119999885559082,6.849999904632568,7.099999904632568,2369500.0,0.0,0.0,0.0,JSBL.KA,
2023-11-07 00:00:00+05:00,7.099999904632568,7.449999809265137,6.909999847412109,7.019999980926514,3815500.0,0.0,0.0,0.0,JSBL.KA,
2023-11-08 00:00:00+05:00,7.139999866485596,7.300000190734863,6.900000095367432,7.25,5010000.0,0.0,0.0,0.0,JSBL.KA,
2023-11-09 00:00:00+05:00,7.25,7.25,7.25,7.25,0.0,0.0,0.0,0.0,JSBL.KA,
2023-11-10 00:00:00+05:00,7.25,7.5,7.25,7.5,4645500.0,0.0,0.0,0.0,JSBL.KA,
2023-11-13 00:00:00+05:00,7.550000190734863,7.699999809265137,7.400000095367432,7.53000020980835,2859000.0,0.0,0.0,0.0,JSBL.KA,
2023-11-14 00:00:00+05:00,7.519999980926514,7.699999809265137,7.300000190734863,7.510000228881836,850000.0,0.0,0.0,0.0,JSBL.KA,
2023-11-15 00:00:00+05:00,7.579999923706055,7.699999809265137,7.460000038146973,7.480000019073486,1444000.0,0.0,0.0,0.0,JSBL.KA,
2023-11-16 00:00:00+05:00,7.5,7.75,7.449999809265137,7.619999885559082,2504000.0,0.0,0.0,0.0,JSBL.KA,
2023-11-17 00:00:00+05:00,7.71999979019165,8.619999885559082,7.71999979019165,8.59000015258789,6796000.0,0.0,0.0,0.0,JSBL.KA,
2023-11-20 00:00:00+05:00,8.550000190734863,9.489999771118164,8.100000381469727,8.979999542236328,2324500.0,0.0,0.0,0.0,JSBL.KA,
2023-11-21 00:00:00+05:00,8.989999771118164,9.699999809265137,8.899999618530273,9.029999732971191,3129500.0,0.0,0.0,0.0,JSBL.KA,
2023-11-22 00:00:00+05:00,9.0,9.5,9.0,9.109999656677246,2263000.0,0.0,0.0,0.0,JSBL.KA,
2023-11-23 00:00:00+05:00,9.109999656677246,9.5,9.0,9.149999618530273,2428000.0,0.0,0.0,0.0,JSBL.KA,
2023-11-24 00:00:00+05:00,9.199999809265137,9.199999809265137,8.920000076293945,9.0,1112500.0,0.0,0.0,0.0,JSBL.KA,
2023-11-27 00:00:00+05:00,9.350000381469727,9.350000381469727,8.850000381469727,8.979999542236328,3137000.0,0.0,0.0,0.0,JSBL.KA,
2023-11-28 00:00:00+05:00,9.0,9.100000381469727,8.619999885559082,8.920000076293945,3638000.0,0.0,0.0,0.0,JSBL.KA,
2023-11-29 00:00:00+05:00,9.0,9.25,8.729999542236328,8.8100004196167,869500.0,0.0,0.0,0.0,JSBL.KA,
2023-11-30 00:00:00+05:00,8.75,8.869999885559082,8.600000381469727,8.800000190734863,2734000.0,0.0,0.0,0.0,JSBL.KA,
2023-12-01 00:00:00+05:00,9.100000381469727,9.199999809265137,8.529999732971191,8.90999984741211,1234500.0,0.0,0.0,0.0,JSBL.KA,
2023-12-04 00:00:00+05:00,8.989999771118164,9.0,8.75,8.859999656677246,1789500.0,0.0,0.0,0.0,JSBL.KA,
2023-12-05 00:00:00+05:00,8.779999732971191,8.850000381469727,8.75,8.800000190734863,1981500.0,0.0,0.0,0.0,JSBL.KA,
2023-12-06 00:00:00+05:00,8.75,9.010000228881836,8.75,9.0,2182500.0,0.0,0.0,0.0,JSBL.KA,
2023-12-07 00:00:00+05:00,8.979999542236328,9.550000190734863,8.979999542236328,9.420000076293945,3364000.0,0.0,0.0,0.0,JSBL.KA,
2023-12-08 00:00:00+05:00,9.449999809265137,9.600000381469727,9.25,9.579999923706055,2315500.0,0.0,0.0,0.0,JSBL.KA,
2023-12-11 00:00:00+05:00,9.210000038146973,10.079999923706055,9.0,10.039999961853027,25839500.0,0.0,0.0,0.0,JSBL.KA,
2023-12-12 00:00:00+05:00,10.199999809265137,11.039999961853027,9.699999809265137,10.020000457763672,4222500.0,0.0,0.0,0.0,JSBL.KA,
2023-12-13 00:00:00+05:00,10.0,10.0,9.699999809265137,9.800000190734863,1733500.0,0.0,0.0,0.0,JSBL.KA,
2023-12-14 00:00:00+05:00,9.619999885559082,10.0,9.619999885559082,9.979999542236328,2087500.0,0.0,0.0,0.0,JSBL.KA,
2023-12-15 00:00:00+05:00,10.0,10.5,9.770000457763672,10.09000015258789,4483000.0,0.0,0.0,0.0,JSBL.KA,
2023-12-18 00:00:00+05:00,9.75,10.0,9.75,9.899999618530273,846500.0,0.0,0.0,0.0,JSBL.KA,
2023-12-19 00:00:00+05:00,9.600000381469727,9.819999694824219,9.100000381469727,9.34000015258789,5469500.0,0.0,0.0,0.0,JSBL.KA,
2023-12-20 00:00:00+05:00,9.039999961853027,9.800000190734863,8.8100004196167,9.59000015258789,2248000.0,0.0,0.0,0.0,JSBL.KA,
2023-12-21 00:00:00+05:00,9.390000343322754,9.75,9.25,9.670000076293945,188000.0,0.0,0.0,0.0,JSBL.KA,
2023-12-22 00:00:00+05:00,9.5,9.600000381469727,9.199999809265137,9.40999984741211,294500.0,0.0,0.0,0.0,JSBL.KA,
2023-12-25 00:00:00+05:00,9.40999984741211,9.40999984741211,9.40999984741211,9.40999984741211,0.0,0.0,0.0,0.0,JSBL.KA,
2023-12-26 00:00:00+05:00,9.149999618530273,9.399999618530273,8.90999984741211,9.220000267028809,1400000.0,0.0,0.0,0.0,JSBL.KA,
2023-12-27 00:00:00+05:00,8.899999618530273,9.289999961853027,8.699999809265137,8.920000076293945,2022500.0,0.0,0.0,0.0,JSBL.KA,
2023-12-28 00:00:00+05:00,9.0,9.100000381469727,8.75,8.960000038146973,753500.0,0.0,0.0,0.0,JSBL.KA,
2023-12-29 00:00:00+05:00,8.899999618530273,9.199999809265137,8.75,9.039999961853027,730500.0,0.0,0.0,0.0,JSBL.KA,
2024-01-01 00:00:00+05:00,9.149999618530273,9.6899995803833,8.760000228881836,9.5,349500.0,0.0,0.0,0.0,JSBL.KA,
2024-01-02 00:00:00+05:00,9.109999656677246,9.5,9.020000457763672,9.460000038146973,566500.0,0.0,0.0,0.0,JSBL.KA,
2024-01-03 00:00:00+05:00,9.180000305175781,9.789999961853027,9.180000305175781,9.5,203000.0,0.0,0.0,0.0,JSBL.KA,
2024-01-04 00:00:00+05:00,9.449999809265137,10.5,9.449999809265137,10.079999923706055,1862000.0,0.0,0.0,0.0,JSBL.KA,
2024-01-05 00:00:00+05:00,10.0,10.199999809265137,9.800000190734863,10.0,1468500.0,0.0,0.0,0.0,JSBL.KA,
2024-01-08 00:00:00+05:00,9.75,9.850000381469727,9.75,9.800000190734863,260500.0,0.0,0.0,0.0,JSBL.KA,
2024-01-09 00:00:00+05:00,9.770000457763672,9.9399995803833,9.699999809265137,9.899999618530273,131000.0,0.0,0.0,0.0,JSBL.KA,
2024-01-10 00:00:00+05:00,9.760000228881836,9.899999618530273,9.739999771118164,9.800000190734863,124000.0,0.0,0.0,0.0,JSBL.KA,
2024-01-11 00:00:00+05:00,9.800000190734863,10.0,9.75,9.979999542236328,5286500.0,0.0,0.0,0.0,JSBL.KA,
2024-01-12 00:00:00+05:00,10.289999961853027,10.399999618530273,9.819999694824219,9.949999809265137,19919000.0,0.0,0.0,0.0,JSBL.KA,
2024-01-15 00:00:00+05:00,10.0,10.029999732971191,9.920000076293945,9.979999542236328,491500.0,0.0,0.0,0.0,JSBL.KA,
2024-01-16 00:00:00+05:00,9.989999771118164,9.989999771118164,9.8100004196167,9.979999542236328,122000.0,0.0,0.0,0.0,JSBL.KA,
2024-01-17 00:00:00+05:00,9.979999542236328,10.100000381469727,9.850000381469727,9.899999618530273,2565000.0,0.0,0.0,0.0,JSBL.KA,
2024-01-18 00:00:00+05:00,9.9399995803833,9.949999809265137,9.75,9.850000381469727,59500.0,0.0,0.0,0.0,JSBL.KA,
2024-01-19 00:00:00+05:00,9.989999771118164,10.010000228881836,9.5,9.880000114440918,828000.0,0.0,0.0,0.0,JSBL.KA,
2024-01-22 00:00:00+05:00,9.890000343322754,10.0,9.710000038146973,9.9399995803833,1020000.0,0.0,0.0,0.0,JSBL.KA,
2024-01-23 00:00:00+05:00,9.84000015258789,9.869999885559082,9.770000457763672,9.819999694824219,309500.0,0.0,0.0,0.0,JSBL.KA,
2024-01-24 00:00:00+05:00,9.800000190734863,10.0,9.800000190734863,9.989999771118164,572500.0,0.0,0.0,0.0,JSBL.KA,
2024-01-25 00:00:00+05:00,9.859999656677246,10.0600004196167,9.8100004196167,9.989999771118164,131000.0,0.0,0.0,0.0,JSBL.KA,
2024-01-26 00:00:00+05:00,9.819999694824219,9.979999542236328,9.8100004196167,9.930000305175781,124000.0,0.0,0.0,0.0,JSBL.KA,
2024-01-29 00:00:00+05:00,9.899999618530273,9.920000076293945,9.800000190734863,9.899999618530273,56500.0,0.0,0.0,0.0,JSBL.KA,
2024-01-30 00:00:00+05:00,9.899999618530273,9.899999618530273,9.5,9.569999694824219,77500.0,0.0,0.0,0.0,JSBL.KA,
2024-01-31 00:00:00+05:00,9.119999885559082,10.1899995803833,9.109999656677246,10.050000190734863,729000.0,0.0,0.0,0.0,JSBL.KA,
2024-02-01 00:00:00+05:00,9.720000267028809,9.960000038146973,9.720000267028809,9.9399995803833,37500.0,0.0,0.0,0.0,JSBL.KA,
2024-02-02 00:00:00+05:00,9.979999542236328,9.979999542236328,9.949999809265137,9.949999809265137,5500.0,0.0,0.0,0.0,JSBL.KA,
2024-02-06 00:00:00+05:00,9.529999732971191,9.899999618530273,9.529999732971191,9.850000381469727,58000.0,0.0,0.0,0.0,JSBL.KA,
2024-02-07 00:00:00+05:00,9.800000190734863,9.930000305175781,9.5,9.619999885559082,242500.0,0.0,0.0,0.0,JSBL.KA,
2024-02-08 00:00:00+05:00,9.619999885559082,9.619999885559082,9.619999885559082,9.619999885559082,0.0,0.0,0.0,0.0,JSBL.KA,
2024-02-09 00:00:00+05:00,9.880000114440918,9.890000343322754,9.399999618530273,9.779999732971191,67500.0,0.0,0.0,0.0,JSBL.KA,
2024-02-12 00:00:00+05:00,9.300000190734863,9.300000190734863,8.84000015258789,9.0,932000.0,0.0,0.0,0.0,JSBL.KA,
2024-02-13 00:00:00+05:00,9.010000228881836,9.010000228881836,8.300000190734863,8.470000267028809,1379500.0,0.0,0.0,0.0,JSBL.KA,
2024-02-14 00:00:00+05:00,8.75,9.470000267028809,8.75,9.34000015258789,460500.0,0.0,0.0,0.0,JSBL.KA,
2024-02-15 00:00:00+05:00,9.449999809265137,9.449999809265137,8.880000114440918,8.989999771118164,255000.0,0.0,0.0,0.0,JSBL.KA,
2024-02-16 00:00:00+05:00,8.850000381469727,8.979999542236328,8.5,8.619999885559082,238500.0,0.0,0.0,0.0,JSBL.KA,
2024-02-19 00:00:00+05:00,8.260000228881836,8.9399995803833,8.260000228881836,8.9399995803833,530000.0,0.0,0.0,0.0,JSBL.KA,
2024-02-20 00:00:00+05:00,9.199999809265137,9.270000457763672,8.619999885559082,9.180000305175781,532000.0,0.0,0.0,0.0,JSBL.KA,
2024-02-21 00:00:00+05:00,9.100000381469727,9.220000267028809,8.510000228881836,8.880000114440918,936500.0,0.0,0.0,0.0,JSBL.KA,
2024-02-22 00:00:00+05:00,8.850000381469727,8.899999618530273,8.65999984741211,8.800000190734863,526000.0,0.0,0.0,0.0,JSBL.KA,
2024-02-23 00:00:00+05:00,8.699999809265137,8.970000267028809,8.670000076293945,8.949999809265137,473000.0,0.0,0.0,0.0,JSBL.KA,
2024-02-26 00:00:00+05:00,8.970000267028809,9.239999771118164,8.699999809265137,9.069999694824219,519000.0,0.0,0.0,0.0,JSBL.KA,
2024-02-27 00:00:00+05:00,8.75,9.25,8.75,9.149999618530273,1632000.0,0.0,0.0,0.0,JSBL.KA,
2024-02-28 00:00:00+05:00,9.0,9.050000190734863,8.149999618530273,8.260000228881836,3027000.0,0.0,0.0,0.0,JSBL.KA,
2024-02-29 00:00:00+05:00,8.25,8.800000190734863,8.149999618530273,8.470000267028809,3526500.0,0.0,0.0,0.0,JSBL.KA,
2024-03-01 00:00:00+05:00,8.600000381469727,9.199999809265137,8.520000457763672,8.989999771118164,1851500.0,0.0,0.0,0.0,JSBL.KA,
2024-03-04 00:00:00+05:00,8.899999618530273,9.0,8.569999694824219,8.729999542236328,1201500.0,0.0,0.0,0.0,JSBL.KA,
2024-03-05 00:00:00+05:00,9.0,9.0,8.5,8.59000015258789,818000.0,0.0,0.0,0.0,JSBL.KA,
2024-03-06 00:00:00+05:00,8.59000015258789,8.930000305175781,8.520000457763672,8.75,400500.0,0.0,0.0,0.0,JSBL.KA,
2024-03-07 00:00:00+05:00,8.890000343322754,9.199999809265137,8.75,8.880000114440918,79000.0,0.0,0.0,0.0,JSBL.KA,
2024-03-08 00:00:00+05:00,8.609999656677246,8.930000305175781,8.569999694824219,8.880000114440918,465000.0,0.0,0.0,0.0,JSBL.KA,
2024-03-11 00:00:00+05:00,8.710000038146973,8.9399995803833,8.699999809265137,8.84000015258789,124500.0,0.0,0.0,0.0,JSBL.KA,
2024-03-12 00:00:00+05:00,8.760000228881836,8.850000381469727,8.699999809265137,8.789999961853027,112500.0,0.0,0.0,0.0,JSBL.KA,
2024-03-13 00:00:00+05:00,8.890000343322754,8.890000343322754,8.649999618530273,8.829999923706055,21000.0,0.0,0.0,0.0,JSBL.KA,
2024-03-14 00:00:00+05:00,8.619999885559082,8.850000381469727,8.619999885559082,8.75,150000.0,0.0,0.0,0.0,JSBL.KA,
2024-03-15 00:00:00+05:00,8.600000381469727,9.0,8.600000381469727,8.930000305175781,196500.0,0.0,0.0,0.0,JSBL.KA,
2024-03-18 00:00:00+05:00,8.899999618530273,9.100000381469727,8.850000381469727,9.020000457763672,398000.0,0.0,0.0,0.0,JSBL.KA,
2024-03-19 00:00:00+05:00,9.220000267028809,9.550000190734863,9.09000015258789,9.1899995803833,1168000.0,0.0,0.0,0.0,JSBL.KA,
2024-03-20 00:00:00+05:00,9.25,9.300000190734863,9.0,9.220000267028809,2756500.0,0.0,0.0,0.0,JSBL.KA,
2024-03-21 00:00:00+05:00,9.229999542236328,9.300000190734863,9.0600004196167,9.130000114440918,3033000.0,0.0,0.0,0.0,JSBL.KA,
2024-03-22 00:00:00+05:00,9.109999656677246,9.25,8.899999618530273,8.930000305175781,921000.0,0.0,0.0,0.0,JSBL.KA,
2024-03-26 00:00:00+05:00,9.0,9.220000267028809,9.0,9.170000076293945,232000.0,0.0,0.0,0.0,JSBL.KA,
2024-03-27 00:00:00+05:00,9.300000190734863,9.399999618530273,9.210000038146973,9.300000190734863,357500.0,0.0,0.0,0.0,JSBL.KA,
2024-03-28 00:00:00+05:00,9.3100004196167,9.449999809265137,9.029999732971191,9.300000190734863,230000.0,0.0,0.0,0.0,JSBL.KA,
2024-03-29 00:00:00+05:00,9.390000343322754,9.390000343322754,9.15999984741211,9.260000228881836,1298500.0,0.0,0.0,0.0,JSBL.KA,
2024-04-01 00:00:00+05:00,9.010000228881836,9.050000190734863,8.850000381469727,8.9399995803833,548500.0,0.0,0.0,0.0,JSBL.KA,
2024-04-02 00:00:00+05:00,8.800000190734863,9.170000076293945,8.800000190734863,9.069999694824219,261000.0,0.0,0.0,0.0,JSBL.KA,
2024-04-03 00:00:00+05:00,9.010000228881836,9.199999809265137,9.010000228881836,9.180000305175781,120000.0,0.0,0.0,0.0,JSBL.KA,
2024-04-04 00:00:00+05:00,9.180000305175781,9.180000305175781,8.880000114440918,9.15999984741211,48500.0,0.0,0.0,0.0,JSBL.KA,
2024-04-08 00:00:00+05:00,9.199999809265137,10.15999984741211,9.109999656677246,9.239999771118164,1396000.0,0.0,0.0,0.0,JSBL.KA,
2024-04-09 00:00:00+05:00,9.109999656677246,9.199999809265137,9.029999732971191,9.119999885559082,60000.0,0.0,0.0,0.0,JSBL.KA,
2024-04-15 00:00:00+05:00,9.050000190734863,9.239999771118164,9.050000190734863,9.229999542236328,58500.0,0.0,0.0,0.0,JSBL.KA,
2024-04-16 00:00:00+05:00,9.399999618530273,9.399999618530273,9.029999732971191,9.220000267028809,33500.0,0.0,0.0,0.0,JSBL.KA,
2024-04-17 00:00:00+05:00,9.050000190734863,9.3100004196167,9.050000190734863,9.260000228881836,240000.0,0.0,0.0,0.0,JSBL.KA,
2024-04-18 00:00:00+05:00,9.199999809265137,9.199999809265137,9.09000015258789,9.170000076293945,32500.0,0.0,0.0,0.0,JSBL.KA,
2024-04-19 00:00:00+05:00,9.100000381469727,9.199999809265137,9.020000457763672,9.09000015258789,112500.0,0.0,0.0,0.0,JSBL.KA,
2024-04-22 00:00:00+05:00,9.25,9.869999885559082,9.239999771118164,9.239999771118164,59500.0,0.0,0.0,0.0,JSBL.KA,
2024-04-23 00:00:00+05:00,9.220000267028809,9.4399995803833,9.010000228881836,9.15999984741211,205500.0,0.0,0.0,0.0,JSBL.KA,
2024-04-24 00:00:00+05:00,9.1899995803833,9.279999732971191,9.010000228881836,9.15999984741211,453000.0,0.0,0.0,0.0,JSBL.KA,
2024-04-25 00:00:00+05:00,9.050000190734863,9.109999656677246,9.050000190734863,9.050000190734863,27500.0,0.0,0.0,0.0,JSBL.KA,
2024-04-26 00:00:00+05:00,9.149999618530273,9.800000190734863,9.100000381469727,9.579999923706055,511500.0,0.0,0.0,0.0,JSBL.KA,
2024-04-29 00:00:00+05:00,9.59000015258789,10.579999923706055,9.130000114440918,9.960000038146973,698500.0,0.0,0.0,0.0,JSBL.KA,
2024-04-30 00:00:00+05:00,9.739999771118164,10.199999809265137,9.40999984741211,9.949999809265137,238500.0,0.0,0.0,0.0,JSBL.KA,
2024-05-02 00:00:00+05:00,9.600000381469727,9.600000381469727,9.0,9.329999923706055,2817500.0,0.0,0.0,0.0,JSBL.KA,
2024-05-03 00:00:00+05:00,9.119999885559082,9.25,8.899999618530273,9.170000076293945,1151000.0,0.0,0.0,0.0,JSBL.KA,
2024-05-06 00:00:00+05:00,8.899999618530273,9.289999961853027,8.619999885559082,9.100000381469727,208500.0,0.0,0.0,0.0,JSBL.KA,
2024-05-07 00:00:00+05:00,8.9399995803833,9.430000305175781,8.930000305175781,9.289999961853027,594500.0,0.0,0.0,0.0,JSBL.KA,
2024-05-08 00:00:00+05:00,9.149999618530273,9.220000267028809,8.829999923706055,9.170000076293945,676000.0,0.0,0.0,0.0,JSBL.KA,
2024-05-09 00:00:00+05:00,9.140000343322754,9.75,8.960000038146973,9.239999771118164,4782000.0,0.0,0.0,0.0,JSBL.KA,
2024-05-10 00:00:00+05:00,9.300000190734863,9.300000190734863,8.899999618530273,9.25,4484000.0,0.0,0.0,0.0,JSBL.KA,
2024-05-13 00:00:00+05:00,9.25,9.270000457763672,9.0600004196167,9.140000343322754,2025500.0,0.0,0.0,0.0,JSBL.KA,
2024-05-14 00:00:00+05:00,9.140000343322754,9.279999732971191,9.029999732971191,9.220000267028809,3296000.0,0.0,0.0,0.0,JSBL.KA,
2024-05-15 00:00:00+05:00,9.449999809265137,9.449999809265137,9.020000457763672,9.039999961853027,1681500.0,0.0,0.0,0.0,JSBL.KA,
2024-05-16 00:00:00+05:00,9.050000190734863,9.09000015258789,8.989999771118164,9.079999923706055,322500.0,0.0,0.0,0.0,JSBL.KA,
2024-05-17 00:00:00+05:00,9.199999809265137,9.199999809265137,8.970000267028809,9.039999961853027,311500.0,0.0,0.0,0.0,JSBL.KA,
2024-05-20 00:00:00+05:00,9.149999618530273,9.149999618530273,8.920000076293945,9.0,316182.0,0.0,0.0,0.0,JSBL.KA,
2024-05-21 00:00:00+05:00,9.09000015258789,9.149999618530273,9.0,9.0,455798.0,0.0,0.0,0.0,JSBL.KA,
2024-05-22 00:00:00+05:00,9.0,9.34000015258789,8.949999809265137,9.170000076293945,516242.0,0.0,0.0,0.0,JSBL.KA,
2024-05-23 00:00:00+05:00,9.0,9.380000114440918,9.0,9.279999732971191,220215.0,0.0,0.0,0.0,JSBL.KA,
2024-05-24 00:00:00+05:00,9.199999809265137,9.300000190734863,9.029999732971191,9.270000457763672,241111.0,0.0,0.0,0.0,JSBL.KA,
2024-05-27 00:00:00+05:00,9.270000457763672,9.270000457763672,9.020000457763672,9.020000457763672,33250.0,0.0,0.0,0.0,JSBL.KA,
2024-05-28 00:00:00+05:00,9.020000457763672,9.020000457763672,9.020000457763672,9.020000457763672,0.0,0.0,0.0,0.0,JSBL.KA,
2024-05-29 00:00:00+05:00,9.25,9.399999618530273,9.0,9.319999694824219,513170.0,0.0,0.0,0.0,JSBL.KA,
2024-05-30 00:00:00+05:00,9.199999809265137,9.34000015258789,9.050000190734863,9.3100004196167,54702.0,0.0,0.0,0.0,JSBL.KA,
2024-05-31 00:00:00+05:00,9.25,9.350000381469727,9.050000190734863,9.199999809265137,910613.0,0.0,0.0,0.0,JSBL.KA,
2024-06-03 00:00:00+05:00,9.229999542236328,9.239999771118164,8.869999885559082,9.0,1731997.0,0.0,0.0,0.0,JSBL.KA,
2024-06-04 00:00:00+05:00,8.869999885559082,9.119999885559082,8.869999885559082,9.0,1532694.0,0.0,0.0,0.0,JSBL.KA,
2024-06-05 00:00:00+05:00,8.949999809265137,9.140000343322754,8.9399995803833,9.09000015258789,1654.0,0.0,0.0,0.0,JSBL.KA,
2024-06-06 00:00:00+05:00,9.210000038146973,9.210000038146973,8.970000267028809,9.119999885559082,129812.0,0.0,0.0,0.0,JSBL.KA,
2024-06-07 00:00:00+05:00,9.0,9.1899995803833,8.989999771118164,9.079999923706055,898551.0,0.0,0.0,0.0,JSBL.KA,
2024-06-10 00:00:00+05:00,9.0,9.100000381469727,8.520000457763672,8.569999694824219,628528.0,0.0,0.0,0.0,JSBL.KA,
2024-06-11 00:00:00+05:00,8.619999885559082,9.5,8.100000381469727,9.180000305175781,3883223.0,0.0,0.0,0.0,JSBL.KA,
2024-06-12 00:00:00+05:00,9.0,9.319999694824219,9.0,9.180000305175781,371101.0,0.0,0.0,0.0,JSBL.KA,
2024-06-13 00:00:00+05:00,9.100000381469727,9.329999923706055,9.0,9.270000457763672,1067139.0,0.0,0.0,0.0,JSBL.KA,
2024-06-14 00:00:00+05:00,9.239999771118164,9.279999732971191,9.0,9.170000076293945,498733.0,0.0,0.0,0.0,JSBL.KA,
2024-06-20 00:00:00+05:00,9.220000267028809,9.59000015258789,9.149999618530273,9.399999618530273,2609568.0,0.0,0.0,0.0,JSBL.KA,
2024-06-21 00:00:00+05:00,9.25,9.5,9.140000343322754,9.289999961853027,1832134.0,0.0,0.0,0.0,JSBL.KA,
2024-06-24 00:00:00+05:00,9.1899995803833,9.550000190734863,9.079999923706055,9.109999656677246,16864576.0,0.0,0.0,0.0,JSBL.KA,
2024-06-25 00:00:00+05:00,9.239999771118164,9.289999961853027,9.100000381469727,9.25,346951.0,0.0,0.0,0.0,JSBL.KA,
2024-06-26 00:00:00+05:00,9.380000114440918,9.550000190734863,9.1899995803833,9.489999771118164,1978153.0,0.0,0.0,0.0,JSBL.KA,
2024-06-27 00:00:00+05:00,9.479999542236328,10.489999771118164,9.40999984741211,10.149999618530273,13366157.0,0.0,0.0,0.0,JSBL.KA,
2024-06-28 00:00:00+05:00,10.5,10.5,9.699999809265137,9.770000457763672,1120118.0,0.0,0.0,0.0,JSBL.KA,
2024-07-01 00:00:00+05:00,9.890000343322754,9.989999771118164,9.609999656677246,9.680000305175781,434964.0,0.0,0.0,0.0,JSBL.KA,
2024-07-02 00:00:00+05:00,9.699999809265137,10.680000305175781,9.699999809265137,10.479999542236328,1575780.0,0.0,0.0,0.0,JSBL.KA,
2024-07-03 00:00:00+05:00,10.460000038146973,11.479999542236328,10.460000038146973,11.010000228881836,2069471.0,0.0,0.0,0.0,JSBL.KA,
2024-07-04 00:00:00+05:00,11.399999618530273,11.40999984741211,10.180000305175781,10.369999885559082,1204944.0,0.0,0.0,0.0,JSBL.KA,
2024-07-05 00:00:00+05:00,10.729999542236328,11.369999885559082,10.109999656677246,11.109999656677246,1179492.0,0.0,0.0,0.0,JSBL.KA,
2024-07-08 00:00:00+05:00,11.350000381469727,12.109999656677246,11.350000381469727,11.920000076293945,995330.0,0.0,0.0,0.0,JSBL.KA,
2024-07-09 00:00:00+05:00,12.149999618530273,13.050000190734863,11.699999809265137,11.90999984741211,1123183.0,0.0,0.0,0.0,JSBL.KA,
2024-07-10 00:00:00+05:00,11.609999656677246,11.850000381469727,11.220000267028809,11.25,835312.0,0.0,0.0,0.0,JSBL.KA,
2024-07-11 00:00:00+05:00,11.0,11.739999771118164,11.0,11.390000343322754,162035.0,0.0,0.0,0.0,JSBL.KA,
2024-07-12 00:00:00+05:00,11.260000228881836,11.949999809265137,11.0,11.529999732971191,660674.0,0.0,0.0,0.0,JSBL.KA,
2024-07-15 00:00:00+05:00,11.449999809265137,11.75,10.899999618530273,11.039999961853027,638638.0,0.0,0.0,0.0,JSBL.KA,
2024-07-16 00:00:00+05:00,11.039999961853027,11.039999961853027,11.039999961853027,11.039999961853027,0.0,0.0,0.0,0.0,JSBL.KA,
2024-07-17 00:00:00+05:00,11.039999961853027,11.039999961853027,11.039999961853027,11.039999961853027,0.0,0.0,0.0,0.0,JSBL.KA,
2024-07-18 00:00:00+05:00,11.109999656677246,11.350000381469727,10.800000190734863,11.220000267028809,249831.0,0.0,0.0,0.0,JSBL.KA,
2024-07-19 00:00:00+05:00,10.800000190734863,11.199999809265137,10.149999618530273,10.420000076293945,874255.0,0.0,0.0,0.0,JSBL.KA,
2024-07-22 00:00:00+05:00,10.5,10.5,9.600000381469727,9.890000343322754,4250922.0,0.0,0.0,0.0,JSBL.KA,
2024-07-23 00:00:00+05:00,9.899999618530273,10.0,9.729999542236328,9.8100004196167,429933.0,0.0,0.0,0.0,JSBL.KA,
2024-07-24 00:00:00+05:00,9.850000381469727,10.170000076293945,9.770000457763672,9.989999771118164,381739.0,0.0,0.0,0.0,JSBL.KA,
2024-07-25 00:00:00+05:00,10.199999809265137,10.199999809265137,9.800000190734863,9.819999694824219,75124.0,0.0,0.0,0.0,JSBL.KA,
2024-07-26 00:00:00+05:00,10.0,10.0,9.4399995803833,9.720000267028809,748842.0,0.0,0.0,0.0,JSBL.KA,
2024-07-29 00:00:00+05:00,9.520000457763672,10.34000015258789,9.399999618530273,10.09000015258789,846369.0,0.0,0.0,0.0,JSBL.KA,
2024-07-30 00:00:00+05:00,10.229999542236328,10.449999809265137,9.899999618530273,10.149999618530273,405265.0,0.0,0.0,0.0,JSBL.KA,
2024-07-31 00:00:00+05:00,10.119999885559082,10.600000381469727,10.010000228881836,10.149999618530273,621802.0,0.0,0.0,0.0,JSBL.KA,
2024-08-01 00:00:00+05:00,10.09000015258789,10.34000015258789,9.8100004196167,10.180000305175781,216558.0,0.0,0.0,0.0,JSBL.KA,
2024-08-02 00:00:00+05:00,10.1899995803833,10.579999923706055,10.0,10.390000343322754,410320.0,0.0,0.0,0.0,JSBL.KA,
2024-08-05 00:00:00+05:00,10.029999732971191,10.829999923706055,9.510000228881836,9.550000190734863,1449491.0,0.0,0.0,0.0,JSBL.KA,
2024-08-06 00:00:00+05:00,9.75,9.979999542236328,9.449999809265137,9.859999656677246,1066829.0,0.0,0.0,0.0,JSBL.KA,
2024-08-07 00:00:00+05:00,9.890000343322754,10.25,9.75,10.149999618530273,424980.0,0.0,0.0,0.0,JSBL.KA,
2024-08-08 00:00:00+05:00,10.369999885559082,10.369999885559082,9.859999656677246,10.149999618530273,92859.0,0.0,0.0,0.0,JSBL.KA,
2024-08-09 00:00:00+05:00,9.989999771118164,10.380000114440918,9.8100004196167,10.210000038146973,10788959.0,0.0,0.0,0.0,JSBL.KA,
2024-08-12 00:00:00+05:00,9.899999618530273,10.34000015258789,9.899999618530273,9.989999771118164,221645.0,0.0,0.0,0.0,JSBL.KA,
2024-08-13 00:00:00+05:00,10.270000457763672,10.270000457763672,9.800000190734863,9.859999656677246,122223.0,0.0,0.0,0.0,JSBL.KA,
2024-08-15 00:00:00+05:00,9.899999618530273,10.199999809265137,9.899999618530273,10.0600004196167,386848.0,0.0,0.0,0.0,JSBL.KA,
2024-08-16 00:00:00+05:00,10.100000381469727,10.170000076293945,9.800000190734863,9.930000305175781,191658.0,0.0,0.0,0.0,JSBL.KA,
2024-08-19 00:00:00+05:00,10.0,10.0,9.3100004196167,9.40999984741211,872066.0,0.0,0.0,0.0,JSBL.KA,
2024-08-20 00:00:00+05:00,9.5,9.600000381469727,9.300000190734863,9.5,726117.0,0.0,0.0,0.0,JSBL.KA,
2024-08-21 00:00:00+05:00,9.5,9.9399995803833,9.5,9.899999618530273,187677.0,0.0,0.0,0.0,JSBL.KA,
2024-08-22 00:00:00+05:00,9.619999885559082,10.199999809265137,9.619999885559082,9.75,479226.0,0.0,0.0,0.0,JSBL.KA,
2024-08-23 00:00:00+05:00,9.550000190734863,10.050000190734863,9.430000305175781,9.90999984741211,549657.0,0.0,0.0,0.0,JSBL.KA,
2024-08-26 00:00:00+05:00,9.75,10.210000038146973,9.649999618530273,9.979999542236328,852653.0,0.0,0.0,0.0,JSBL.KA,
2024-08-27 00:00:00+05:00,10.0,10.0,9.449999809265137,9.739999771118164,930761.0,0.0,0.0,0.0,JSBL.KA,
2024-08-28 00:00:00+05:00,9.899999618530273,9.899999618530273,9.550000190734863,9.630000114440918,60073.0,0.0,0.0,0.0,JSBL.KA,
2024-08-29 00:00:00+05:00,9.520000457763672,9.739999771118164,9.399999618530273,9.510000228881836,39524.0,0.0,0.0,0.0,JSBL.KA,
2024-08-30 00:00:00+05:00,9.600000381469727,9.800000190734863,9.5,9.5,272812.0,0.0,0.0,0.0,JSBL.KA,
2024-09-02 00:00:00+05:00,9.5,9.5,9.220000267028809,9.260000228881836,1605164.0,0.0,0.0,0.0,JSBL.KA,
2024-09-03 00:00:00+05:00,9.489999771118164,9.489999771118164,9.0,9.069999694824219,58534.0,0.0,0.0,0.0,JSBL.KA,
2024-09-04 00:00:00+05:00,9.350000381469727,9.399999618530273,9.210000038146973,9.300000190734863,16486.0,0.0,0.0,0.0,JSBL.KA,
2024-09-05 00:00:00+05:00,9.260000228881836,9.390000343322754,9.210000038146973,9.239999771118164,10807.0,0.0,0.0,0.0,JSBL.KA,
2024-09-06 00:00:00+05:00,9.430000305175781,9.449999809265137,9.229999542236328,9.239999771118164,2462.0,0.0,0.0,0.0,JSBL.KA,
2024-09-09 00:00:00+05:00,9.479999542236328,9.479999542236328,9.0,9.350000381469727,29645.0,0.0,0.0,0.0,JSBL.KA,
2024-09-10 00:00:00+05:00,9.350000381469727,9.350000381469727,9.149999618530273,9.199999809265137,273402.0,0.0,0.0,0.0,JSBL.KA,
2024-09-11 00:00:00+05:00,9.4399995803833,9.449999809265137,9.149999618530273,9.199999809265137,15747.0,0.0,0.0,0.0,JSBL.KA,
2024-09-12 00:00:00+05:00,9.039999961853027,9.470000267028809,9.010000228881836,9.010000228881836,148323.0,0.0,0.0,0.0,JSBL.KA,
2024-09-13 00:00:00+05:00,9.050000190734863,9.470000267028809,9.0,9.300000190734863,19122.0,0.0,0.0,0.0,JSBL.KA,
2024-09-16 00:00:00+05:00,9.430000305175781,9.5,9.25,9.25,101391.0,0.0,0.0,0.0,JSBL.KA,
2024-09-17 00:00:00+05:00,9.25,9.25,9.25,9.25,0.0,0.0,0.0,0.0,JSBL.KA,
2024-09-18 00:00:00+05:00,9.350000381469727,9.350000381469727,9.0,9.029999732971191,148884.0,0.0,0.0,0.0,JSBL.KA,
2024-09-19 00:00:00+05:00,9.350000381469727,9.350000381469727,9.010000228881836,9.239999771118164,50211.0,0.0,0.0,0.0,JSBL.KA,
2024-09-20 00:00:00+05:00,9.020000457763672,9.1899995803833,8.84000015258789,9.0,751072.0,0.0,0.0,0.0,JSBL.KA,
2024-09-23 00:00:00+05:00,9.109999656677246,9.109999656677246,8.800000190734863,8.899999618530273,44270.0,0.0,0.0,0.0,JSBL.KA,
2024-09-24 00:00:00+05:00,9.350000381469727,9.350000381469727,8.550000190734863,8.800000190734863,39467.0,0.0,0.0,0.0,JSBL.KA,
2024-09-25 00:00:00+05:00,9.170000076293945,9.170000076293945,8.65999984741211,8.859999656677246,25522.0,0.0,0.0,0.0,JSBL.KA,
2024-09-26 00:00:00+05:00,8.899999618530273,9.0,8.600000381469727,8.670000076293945,106480.0,0.0,0.0,0.0,JSBL.KA,
2024-09-27 00:00:00+05:00,9.0,9.0,8.510000228881836,8.699999809265137,57538.0,0.0,0.0,0.0,JSBL.KA,
2024-09-30 00:00:00+05:00,8.899999618530273,9.149999618530273,8.520000457763672,8.619999885559082,21396.0,0.0,0.0,0.0,JSBL.KA,
2024-10-01 00:00:00+05:00,8.949999809265137,9.399999618530273,8.550000190734863,8.800000190734863,759177.0,0.0,0.0,0.0,JSBL.KA,
2024-10-02 00:00:00+05:00,9.0,9.0,8.8100004196167,8.899999618530273,159105.0,0.0,0.0,0.0,JSBL.KA,
2024-10-03 00:00:00+05:00,8.9399995803833,8.949999809265137,8.760000228881836,8.880000114440918,554.0,0.0,0.0,0.0,JSBL.KA,
2024-10-04 00:00:00+05:00,8.3100004196167,8.9399995803833,8.199999809265137,8.5600004196167,88507.0,0.0,0.0,0.0,JSBL.KA,
2024-10-07 00:00:00+05:00,8.9399995803833,9.0,8.510000228881836,8.739999771118164,253566.0,0.0,0.0,0.0,JSBL.KA,
2024-10-08 00:00:00+05:00,8.829999923706055,8.850000381469727,8.649999618530273,8.710000038146973,47546.0,0.0,0.0,0.0,JSBL.KA,
2024-10-09 00:00:00+05:00,8.710000038146973,8.710000038146973,8.710000038146973,8.710000038146973,0.0,0.0,0.0,0.0,JSBL.KA,
2024-10-10 00:00:00+05:00,8.90999984741211,8.90999984741211,8.5,8.600000381469727,31063.0,0.0,0.0,0.0,JSBL.KA,
2024-10-11 00:00:00+05:00,8.699999809265137,8.880000114440918,8.100000381469727,8.40999984741211,139397.0,0.0,0.0,0.0,JSBL.KA,
2024-10-14 00:00:00+05:00,8.84000015258789,8.850000381469727,8.699999809265137,8.75,44780.0,0.0,0.0,0.0,JSBL.KA,
2024-10-15 00:00:00+05:00,8.84000015258789,8.84000015258789,8.600000381469727,8.75,35178.0,0.0,0.0,0.0,JSBL.KA,
2024-10-16 00:00:00+05:00,8.800000190734863,8.800000190734863,8.699999809265137,8.789999961853027,6084.0,0.0,0.0,0.0,JSBL.KA,
2024-10-17 00:00:00+05:00,8.699999809265137,8.699999809265137,8.529999732971191,8.5600004196167,29359.0,0.0,0.0,0.0,JSBL.KA,
2024-10-18 00:00:00+05:00,8.699999809265137,8.699999809265137,8.130000114440918,8.470000267028809,68891.0,0.0,0.0,0.0,JSBL.KA,
2024-10-21 00:00:00+05:00,8.680000305175781,8.699999809265137,8.40999984741211,8.460000038146973,165340.0,0.0,0.0,0.0,JSBL.KA,
2024-10-22 00:00:00+05:00,8.680000305175781,8.680000305175781,8.520000457763672,8.600000381469727,60532.0,0.0,0.0,0.0,JSBL.KA,
2024-10-23 00:00:00+05:00,8.720000267028809,8.720000267028809,8.5,8.680000305175781,301160.0,0.0,0.0,0.0,JSBL.KA,
2024-10-24 00:00:00+05:00,8.550000190734863,8.720000267028809,8.479999542236328,8.510000228881836,743503.0,0.0,0.0,0.0,JSBL.KA,
2024-10-25 00:00:00+05:00,8.40999984741211,8.699999809265137,8.300000190734863,8.670000076293945,171217.0,0.0,0.0,0.0,JSBL.KA,
2024-10-28 00:00:00+05:00,8.729999542236328,8.739999771118164,8.5,8.670000076293945,27594.0,0.0,0.0,0.0,JSBL.KA,
2024-10-29 00:00:00+05:00,8.5600004196167,8.680000305175781,8.350000381469727,8.510000228881836,83233.0,0.0,0.0,0.0,JSBL.KA,
2024-10-30 00:00:00+05:00,8.359999656677246,8.649999618530273,8.359999656677246,8.619999885559082,44793.0,0.0,0.0,0.0,JSBL.KA,
2024-10-31 00:00:00+05:00,8.630000114440918,8.9399995803833,8.0,8.229999542236328,172576.0,0.0,0.0,0.0,JSBL.KA,
2024-11-01 00:00:00+05:00,8.640000343322754,8.75,8.069999694824219,8.199999809265137,52832.0,0.0,0.0,0.0,JSBL.KA,
2024-11-04 00:00:00+05:00,8.600000381469727,8.640000343322754,8.170000076293945,8.399999618530273,167464.0,0.0,0.0,0.0,JSBL.KA,
2024-11-05 00:00:00+05:00,8.319999694824219,9.09000015258789,8.3100004196167,8.869999885559082,590344.0,0.0,0.0,0.0,JSBL.KA,
2024-11-06 00:00:00+05:00,9.0,9.539999961853027,8.75,9.390000343322754,743507.0,0.0,0.0,0.0,JSBL.KA,
2024-11-07 00:00:00+05:00,9.529999732971191,9.529999732971191,9.109999656677246,9.239999771118164,37708.0,0.0,0.0,0.0,JSBL.KA,
2024-11-08 00:00:00+05:00,9.399999618530273,9.399999618530273,9.020000457763672,9.109999656677246,155837.0,0.0,0.0,0.0,JSBL.KA,
2024-11-11 00:00:00+05:00,9.25,9.300000190734863,9.0,9.079999923706055,157998.0,0.0,0.0,0.0,JSBL.KA,
2024-11-12 00:00:00+05:00,9.289999961853027,9.289999961853027,9.0,9.0,288015.0,0.0,0.0,0.0,JSBL.KA,
2024-11-13 00:00:00+05:00,9.239999771118164,9.25,8.970000267028809,9.0,720345.0,0.0,0.0,0.0,JSBL.KA,
2024-11-14 00:00:00+05:00,9.1899995803833,9.1899995803833,8.920000076293945,9.029999732971191,376527.0,0.0,0.0,0.0,JSBL.KA,
2024-11-15 00:00:00+05:00,9.15999984741211,9.15999984741211,8.609999656677246,8.949999809265137,94112.0,0.0,0.0,0.0,JSBL.KA,
2024-11-18 00:00:00+05:00,9.029999732971191,9.130000114440918,8.960000038146973,9.0,546737.0,0.0,0.0,0.0,JSBL.KA,
2024-11-19 00:00:00+05:00,9.130000114440918,9.130000114440918,9.0,9.09000015258789,277427.0,0.0,0.0,0.0,JSBL.KA,
2024-11-20 00:00:00+05:00,9.119999885559082,9.119999885559082,8.819999694824219,9.010000228881836,59567.0,0.0,0.0,0.0,JSBL.KA,
2024-11-21 00:00:00+05:00,9.09000015258789,9.09000015258789,8.800000190734863,9.0,372227.0,0.0,0.0,0.0,JSBL.KA,
2024-11-22 00:00:00+05:00,9.0,9.289999961853027,8.859999656677246,8.960000038146973,4359239.0,0.0,0.0,0.0,JSBL.KA,
2024-11-25 00:00:00+05:00,9.09000015258789,9.149999618530273,8.960000038146973,8.989999771118164,560148.0,0.0,0.0,0.0,JSBL.KA,
2024-11-26 00:00:00+05:00,9.079999923706055,9.100000381469727,8.5,8.529999732971191,1915456.0,0.0,0.0,0.0,JSBL.KA,
2024-11-27 00:00:00+05:00,8.75,8.970000267028809,8.649999618530273,8.949999809265137,388958.0,0.0,0.0,0.0,JSBL.KA,
2024-11-28 00:00:00+05:00,8.520000457763672,9.100000381469727,8.520000457763672,8.869999885559082,343564.0,0.0,0.0,0.0,JSBL.KA,
2024-11-29 00:00:00+05:00,8.930000305175781,9.100000381469727,8.8100004196167,9.050000190734863,530201.0,0.0,0.0,0.0,JSBL.KA,
2024-12-02 00:00:00+05:00,9.289999961853027,9.289999961853027,8.75,8.930000305175781,181236.0,0.0,0.0,0.0,JSBL.KA,
2024-12-03 00:00:00+05:00,9.149999618530273,9.199999809265137,8.920000076293945,9.15999984741211,364986.0,0.0,0.0,0.0,JSBL.KA,
2024-12-04 00:00:00+05:00,9.010000228881836,9.300000190734863,9.0,9.270000457763672,299714.0,0.0,0.0,0.0,JSBL.KA,
2024-12-05 00:00:00+05:00,9.140000343322754,9.270000457763672,9.069999694824219,9.149999618530273,7620745.0,0.0,0.0,0.0,JSBL.KA,
2024-12-06 00:00:00+05:00,9.199999809265137,9.680000305175781,9.199999809265137,9.5,8575053.0,0.0,0.0,0.0,JSBL.KA,
2024-12-09 00:00:00+05:00,9.5600004196167,9.729999542236328,9.300000190734863,9.5,2624982.0,0.0,0.0,0.0,JSBL.KA,
2024-12-10 00:00:00+05:00,9.529999732971191,9.6899995803833,9.100000381469727,9.34000015258789,1305996.0,0.0,0.0,0.0,JSBL.KA,
2024-12-11 00:00:00+05:00,9.970000267028809,9.970000267028809,9.229999542236328,9.4399995803833,3662887.0,0.0,0.0,0.0,JSBL.KA,
2024-12-12 00:00:00+05:00,9.520000457763672,9.729999542236328,9.050000190734863,9.289999961853027,1412501.0,0.0,0.0,0.0,JSBL.KA,
2024-12-13 00:00:00+05:00,9.180000305175781,9.470000267028809,9.0,9.109999656677246,1533459.0,0.0,0.0,0.0,JSBL.KA,
2024-12-16 00:00:00+05:00,9.239999771118164,9.399999618530273,8.90999984741211,9.0600004196167,533997.0,0.0,0.0,0.0,JSBL.KA,
2024-12-17 00:00:00+05:00,9.069999694824219,9.270000457763672,8.800000190734863,9.069999694824219,1296041.0,0.0,0.0,0.0,JSBL.KA,
2024-12-18 00:00:00+05:00,9.25,9.25,8.970000267028809,9.0,326857.0,0.0,0.0,0.0,JSBL.KA,
2024-12-19 00:00:00+05:00,9.100000381469727,9.100000381469727,8.199999809265137,8.359999656677246,1998817.0,0.0,0.0,0.0,JSBL.KA,
2024-12-20 00:00:00+05:00,8.920000076293945,8.920000076293945,8.319999694824219,8.649999618530273,121105.0,0.0,0.0,0.0,JSBL.KA,
2024-12-23 00:00:00+05:00,8.649999618530273,8.9399995803833,8.569999694824219,8.899999618530273,319350.0,0.0,0.0,0.0,JSBL.KA,
2024-12-24 00:00:00+05:00,9.0,9.0,8.699999809265137,8.899999618530273,20368.0,0.0,0.0,0.0,JSBL.KA,
2024-12-26 00:00:00+05:00,8.699999809265137,8.970000267028809,8.0600004196167,8.800000190734863,154034.0,0.0,0.0,0.0,JSBL.KA,
2024-12-27 00:00:00+05:00,8.920000076293945,8.979999542236328,8.5600004196167,8.6899995803833,122733.0,0.0,0.0,0.0,JSBL.KA,
2024-12-30 00:00:00+05:00,8.949999809265137,9.40999984741211,7.690000057220459,9.180000305175781,1137827.0,0.0,0.0,0.0,JSBL.KA,
2024-12-31 00:00:00+05:00,9.260000228881836,9.260000228881836,9.0,9.0600004196167,72940.0,0.0,0.0,0.0,JSBL.KA,
2025-01-01 00:00:00+05:00,9.0600004196167,9.0600004196167,9.0600004196167,9.0600004196167,0.0,0.0,0.0,0.0,JSBL.KA,
2025-01-02 00:00:00+05:00,9.25,10.119999885559082,9.199999809265137,9.600000381469727,16335926.0,0.0,0.0,0.0,JSBL.KA,
2025-01-03 00:00:00+05:00,9.800000190734863,10.100000381469727,9.300000190734863,9.350000381469727,9069399.0,0.0,0.0,0.0,JSBL.KA,
2025-01-06 00:00:00+05:00,9.359999656677246,9.489999771118164,8.8100004196167,9.020000457763672,3733045.0,0.0,0.0,0.0,JSBL.KA,
2025-01-07 00:00:00+05:00,8.899999618530273,9.680000305175781,8.899999618530273,9.40999984741211,11560002.0,0.0,0.0,0.0,JSBL.KA,
2025-01-08 00:00:00+05:00,9.550000190734863,10.40999984741211,9.550000190734863,10.40999984741211,13625008.0,0.0,0.0,0.0,JSBL.KA,
2025-01-09 00:00:00+05:00,11.010000228881836,11.399999618530273,10.520000457763672,10.960000038146973,9534118.0,0.0,0.0,0.0,JSBL.KA,
2025-01-10 00:00:00+05:00,11.100000381469727,11.100000381469727,10.5,10.729999542236328,1838578.0,0.0,0.0,0.0,JSBL.KA,
2025-01-13 00:00:00+05:00,10.979999542236328,11.75,10.720000267028809,11.65999984741211,6314847.0,0.0,0.0,0.0,JSBL.KA,
2025-01-14 00:00:00+05:00,11.899999618530273,11.899999618530273,11.25,11.34000015258789,1463404.0,0.0,0.0,0.0,JSBL.KA,
2025-01-15 00:00:00+05:00,11.020000457763672,11.550000190734863,11.020000457763672,11.1899995803833,1728974.0,0.0,0.0,0.0,JSBL.KA,
2025-01-16 00:00:00+05:00,11.199999809265137,11.40999984741211,10.75,11.130000114440918,1965316.0,0.0,0.0,0.0,JSBL.KA,
2025-01-17 00:00:00+05:00,11.199999809265137,11.470000267028809,11.0,11.25,766817.0,0.0,0.0,0.0,JSBL.KA,
2025-01-20 00:00:00+05:00,11.640000343322754,11.670000076293945,11.069999694824219,11.15999984741211,1348305.0,0.0,0.0,0.0,JSBL.KA,
2025-01-21 00:00:00+05:00,11.15999984741211,11.489999771118164,10.75,10.899999618530273,2041660.0,0.0,0.0,0.0,JSBL.KA,
2025-01-22 00:00:00+05:00,10.989999771118164,11.65999984741211,10.5,11.300000190734863,5478328.0,0.0,0.0,0.0,JSBL.KA,
2025-01-23 00:00:00+05:00,10.899999618530273,11.630000114440918,10.699999809265137,11.300000190734863,1810885.0,0.0,0.0,0.0,JSBL.KA,
2025-01-24 00:00:00+05:00,11.100000381469727,11.630000114440918,11.0,11.529999732971191,4258418.0,0.0,0.0,0.0,JSBL.KA,
2025-01-27 00:00:00+05:00,10.40999984741211,11.5,10.40999984741211,11.140000343322754,1237840.0,0.0,0.0,0.0,JSBL.KA,
2025-01-28 00:00:00+05:00,11.390000343322754,11.390000343322754,10.75,10.850000381469727,1029944.0,0.0,0.0,0.0,JSBL.KA,
2025-01-29 00:00:00+05:00,10.710000038146973,11.100000381469727,10.399999618530273,10.619999885559082,474950.0,0.0,0.0,0.0,JSBL.KA,
2025-01-30 00:00:00+05:00,10.989999771118164,10.989999771118164,10.609999656677246,10.729999542236328,84151.0,0.0,0.0,0.0,JSBL.KA,
2025-01-31 00:00:00+05:00,10.989999771118164,11.100000381469727,10.550000190734863,10.65999984741211,729351.0,0.0,0.0,0.0,JSBL.KA,
2025-02-03 00:00:00+05:00,10.579999923706055,10.899999618530273,10.579999923706055,10.649999618530273,62647.0,0.0,0.0,0.0,JSBL.KA,
2025-02-04 00:00:00+05:00,10.789999961853027,10.789999961853027,10.0,10.15999984741211,1261141.0,0.0,0.0,0.0,JSBL.KA,
2025-02-06 00:00:00+05:00,10.010000228881836,10.25,9.8100004196167,9.899999618530273,243857.0,0.0,0.0,0.0,JSBL.KA,
2025-02-07 00:00:00+05:00,10.0,10.0,9.399999618530273,9.789999961853027,544733.0,0.0,0.0,0.0,JSBL.KA,
2025-02-10 00:00:00+05:00,10.0,10.199999809265137,9.5,9.899999618530273,516061.0,0.0,0.0,0.0,JSBL.KA,
2025-02-11 00:00:00+05:00,10.180000305175781,10.180000305175781,9.800000190734863,10.050000190734863,194730.0,0.0,0.0,0.0,JSBL.KA,
2025-02-12 00:00:00+05:00,10.0,10.380000114440918,9.600000381469727,9.729999542236328,3951864.0,0.0,0.0,0.0,JSBL.KA,
2025-02-13 00:00:00+05:00,9.949999809265137,9.949999809265137,9.550000190734863,9.699999809265137,2591922.0,0.0,0.0,0.0,JSBL.KA,
2025-02-14 00:00:00+05:00,9.699999809265137,9.800000190734863,9.600000381469727,9.649999618530273,193737.0,0.0,0.0,0.0,JSBL.KA,
2025-02-17 00:00:00+05:00,9.399999618530273,9.800000190734863,9.399999618530273,9.479999542236328,525509.0,0.0,0.0,0.0,JSBL.KA,
2025-02-18 00:00:00+05:00,9.479999542236328,9.800000190734863,9.479999542236328,9.649999618530273,434137.0,0.0,0.0,0.0,JSBL.KA,
2025-02-19 00:00:00+05:00,9.800000190734863,9.800000190734863,9.579999923706055,9.649999618530273,236044.0,0.0,0.0,0.0,JSBL.KA,
2025-02-20 00:00:00+05:00,9.789999961853027,9.800000190734863,9.460000038146973,9.600000381469727,1807290.0,0.0,0.0,0.0,JSBL.KA,
2025-02-21 00:00:00+05:00,9.770000457763672,10.300000190734863,9.75,9.989999771118164,2695070.0,0.0,0.0,0.0,JSBL.KA,
2025-02-24 00:00:00+05:00,10.0,10.300000190734863,9.600000381469727,9.960000038146973,744117.0,0.0,0.0,0.0,JSBL.KA,
2025-02-25 00:00:00+05:00,10.0,10.279999732971191,9.949999809265137,9.970000267028809,813768.0,0.0,0.0,0.0,JSBL.KA,
2025-02-26 00:00:00+05:00,9.970000267028809,10.199999809265137,9.800000190734863,9.84000015258789,559391.0,0.0,0.0,0.0,JSBL.KA,
2025-02-27 00:00:00+05:00,10.0,10.0,9.550000190734863,9.619999885559082,1361274.0,0.0,0.0,0.0,JSBL.KA,
2025-02-28 00:00:00+05:00,9.5600004196167,9.890000343322754,9.15999984741211,9.239999771118164,1119246.0,0.0,0.0,0.0,JSBL.KA,
2025-03-03 00:00:00+05:00,9.289999961853027,9.289999961853027,8.510000228881836,8.5600004196167,1321510.0,0.0,0.0,0.0,JSBL.KA,
2025-03-04 00:00:00+05:00,8.699999809265137,8.899999618530273,8.270000457763672,8.40999984741211,427415.0,0.0,0.0,0.0,JSBL.KA,
2025-03-05 00:00:00+05:00,8.6899995803833,8.760000228881836,8.210000038146973,8.3100004196167,210689.0,0.0,0.0,0.0,JSBL.KA,
2025-03-06 00:00:00+05:00,8.489999771118164,8.489999771118164,7.800000190734863,7.869999885559082,2024795.0,0.0,0.0,0.0,JSBL.KA,
2025-03-07 00:00:00+05:00,8.239999771118164,8.239999771118164,7.800000190734863,8.029999732971191,1058152.0,0.0,0.0,0.0,JSBL.KA,
2025-03-10 00:00:00+05:00,8.029999732971191,8.279999732971191,8.0,8.149999618530273,301466.0,0.0,0.0,0.0,JSBL.KA,
2025-03-11 00:00:00+05:00,8.300000190734863,8.329999923706055,8.0,8.149999618530273,199523.0,0.0,0.0,0.0,JSBL.KA,
2025-03-12 00:00:00+05:00,8.050000190734863,8.199999809265137,8.050000190734863,8.069999694824219,254947.0,0.0,0.0,0.0,JSBL.KA,
2025-03-13 00:00:00+05:00,8.289999961853027,8.399999618530273,8.069999694824219,8.25,258259.0,0.0,0.0,0.0,JSBL.KA,
2025-03-14 00:00:00+05:00,8.289999961853027,8.390000343322754,7.989999771118164,8.0,755868.0,0.0,0.0,0.0,JSBL.KA,
2025-03-17 00:00:00+05:00,8.199999809265137,8.199999809265137,7.889999866485596,8.109999656677246,800985.0,0.0,0.0,0.0,JSBL.KA,
2025-03-18 00:00:00+05:00,8.199999809265137,8.239999771118164,8.0,8.0600004196167,269960.0,0.0,0.0,0.0,JSBL.KA,
2025-03-19 00:00:00+05:00,8.100000381469727,8.180000305175781,8.020000457763672,8.100000381469727,318522.0,0.0,0.0,0.0,JSBL.KA,
2025-03-20 00:00:00+05:00,8.1899995803833,8.199999809265137,8.029999732971191,8.039999961853027,205998.0,0.0,0.0,0.0,JSBL.KA,
2025-03-21 00:00:00+05:00,8.1899995803833,8.199999809265137,8.010000228881836,8.039999961853027,288749.0,0.0,0.0,0.0,JSBL.KA,
2025-03-24 00:00:00+05:00,8.289999961853027,8.4399995803833,8.020000457763672,8.119999885559082,193176.0,0.0,0.0,0.0,JSBL.KA,
2025-03-25 00:00:00+05:00,8.199999809265137,8.390000343322754,8.050000190734863,8.100000381469727,501197.0,0.0,0.0,0.0,JSBL.KA,
2025-03-26 00:00:00+05:00,8.050000190734863,8.300000190734863,8.050000190734863,8.15999984741211,240549.0,0.0,0.0,0.0,JSBL.KA,
2025-03-27 00:00:00+05:00,8.289999961853027,8.350000381469727,8.039999961853027,8.100000381469727,904852.0,0.0,0.0,0.0,JSBL.KA,
2025-03-28 00:00:00+05:00,8.100000381469727,8.100000381469727,8.100000381469727,8.100000381469727,0.0,0.0,0.0,0.0,JSBL.KA,
2025-03-31 00:00:00+05:00,8.100000381469727,8.100000381469727,8.100000381469727,8.100000381469727,0.0,0.0,0.0,0.0,JSBL.KA,
2025-04-03 00:00:00+05:00,8.289999961853027,8.399999618530273,8.020000457763672,8.319999694824219,363883.0,0.0,0.0,0.0,JSBL.KA,
2025-04-04 00:00:00+05:00,8.319999694824219,8.699999809265137,8.199999809265137,8.369999885559082,2474103.0,0.0,0.0,0.0,JSBL.KA,
2025-04-07 00:00:00+05:00,8.279999732971191,8.300000190734863,7.420000076293945,7.710000038146973,4184934.0,0.0,0.0,0.0,JSBL.KA,
2025-04-08 00:00:00+05:00,7.940000057220459,8.0,7.599999904632568,7.809999942779541,1452558.0,0.0,0.0,0.0,JSBL.KA,
2025-04-09 00:00:00+05:00,7.710000038146973,7.929999828338623,7.710000038146973,7.800000190734863,488192.0,0.0,0.0,0.0,JSBL.KA,
2025-04-10 00:00:00+05:00,7.980000019073486,8.100000381469727,7.900000095367432,8.0,984223.0,0.0,0.0,0.0,JSBL.KA,
2025-04-11 00:00:00+05:00,8.0,8.149999618530273,7.909999847412109,8.09000015258789,392371.0,0.0,0.0,0.0,JSBL.KA,
2025-04-14 00:00:00+05:00,8.09000015258789,8.449999809265137,8.010000228881836,8.279999732971191,728759.0,0.0,0.0,0.0,JSBL.KA,
2025-04-15 00:00:00+05:00,8.100000381469727,8.5,8.100000381469727,8.260000228881836,1330085.0,0.0,0.0,0.0,JSBL.KA,
2025-04-16 00:00:00+05:00,8.359999656677246,8.5,8.149999618530273,8.289999961853027,562619.0,0.0,0.0,0.0,JSBL.KA,
2025-04-17 00:00:00+05:00,8.260000228881836,8.470000267028809,8.130000114440918,8.369999885559082,1300684.0,0.0,0.0,0.0,JSBL.KA,
2025-04-18 00:00:00+05:00,8.390000343322754,8.779999732971191,8.359999656677246,8.420000076293945,1599117.0,0.0,0.0,0.0,JSBL.KA,
2025-04-21 00:00:00+05:00,8.640000343322754,8.699999809265137,8.149999618530273,8.520000457763672,525794.0,0.0,0.0,0.0,JSBL.KA,
2025-04-22 00:00:00+05:00,8.569999694824219,8.640000343322754,8.399999618530273,8.5600004196167,956962.0,0.0,0.0,0.0,JSBL.KA,
2025-04-23 00:00:00+05:00,8.699999809265137,8.699999809265137,8.270000457763672,8.449999809265137,1059596.0,0.0,0.0,0.0,JSBL.KA,
2025-04-24 00:00:00+05:00,8.25,8.789999961853027,8.199999809265137,8.369999885559082,2841818.0,0.0,0.0,0.0,JSBL.KA,
2025-04-25 00:00:00+05:00,8.380000114440918,8.699999809265137,8.119999885559082,8.5,333628.0,0.0,0.0,0.0,JSBL.KA,
2025-04-28 00:00:00+05:00,8.6899995803833,8.800000190734863,8.109999656677246,8.210000038146973,431149.0,0.0,0.0,0.0,JSBL.KA,
2025-04-29 00:00:00+05:00,8.100000381469727,8.6899995803833,8.100000381469727,8.34000015258789,834158.0,0.0,0.0,0.0,JSBL.KA,
2025-04-30 00:00:00+05:00,8.390000343322754,8.399999618530273,7.929999828338623,8.109999656677246,565489.0,0.0,0.0,0.0,JSBL.KA,
2025-05-02 00:00:00+05:00,8.4399995803833,8.470000267028809,8.100000381469727,8.460000038146973,276393.0,0.0,0.0,0.0,JSBL.KA,
2025-05-05 00:00:00+05:00,8.479999542236328,8.479999542236328,8.130000114440918,8.390000343322754,28863.0,0.0,0.0,0.0,JSBL.KA,
2025-05-06 00:00:00+05:00,8.390000343322754,8.399999618530273,8.15999984741211,8.170000076293945,860850.0,0.0,0.0,0.0,JSBL.KA,
2025-05-07 00:00:00+05:00,7.699999809265137,8.170000076293945,7.699999809265137,7.78000020980835,1123479.0,0.0,0.0,0.0,JSBL.KA,
2025-05-08 00:00:00+05:00,8.390000343322754,8.399999618530273,7.0,7.320000171661377,1040922.0,0.0,0.0,0.0,JSBL.KA,
2025-05-09 00:00:00+05:00,7.0,7.949999809265137,7.0,7.699999809265137,250975.0,0.0,0.0,0.0,JSBL.KA,
2025-05-12 00:00:00+05:00,8.489999771118164,8.5,7.860000133514404,8.369999885559082,1173005.0,0.0,0.0,0.0,JSBL.KA,
2025-05-13 00:00:00+05:00,8.300000190734863,8.380000114440918,8.149999618530273,8.1899995803833,417227.0,0.0,0.0,0.0,JSBL.KA,
2025-05-14 00:00:00+05:00,8.40999984741211,8.40999984741211,8.199999809265137,8.300000190734863,22139.0,0.0,0.0,0.0,JSBL.KA,
2025-05-15 00:00:00+05:00,8.390000343322754,8.399999618530273,8.210000038146973,8.279999732971191,27651.0,0.0,0.0,0.0,JSBL.KA,
2025-05-16 00:00:00+05:00,8.5,8.5,8.050000190734863,8.199999809265137,424359.0,0.0,0.0,0.0,JSBL.KA,
2025-05-19 00:00:00+05:00,8.050000190734863,8.289999961853027,8.050000190734863,8.15999984741211,63281.0,0.0,0.0,0.0,JSBL.KA,
2025-05-20 00:00:00+05:00,8.350000381469727,8.350000381469727,8.140000343322754,8.289999961853027,199586.0,0.0,0.0,0.0,JSBL.KA,
2025-05-21 00:00:00+05:00,8.199999809265137,8.59000015258789,8.170000076293945,8.5,1148146.0,0.0,0.0,0.0,JSBL.KA,
2025-05-22 00:00:00+05:00,8.59000015258789,8.699999809265137,8.550000190734863,8.600000381469727,1037650.0,0.0,0.0,0.0,JSBL.KA,
2025-05-23 00:00:00+05:00,8.5,8.800000190734863,8.40999984741211,8.6899995803833,175411.0,0.0,0.0,0.0,JSBL.KA,
2025-05-26 00:00:00+05:00,8.6899995803833,8.779999732971191,8.449999809265137,8.75,75024.0,0.0,0.0,0.0,JSBL.KA,
2025-05-27 00:00:00+05:00,8.40999984741211,8.75,8.40999984741211,8.6899995803833,116409.0,0.0,0.0,0.0,JSBL.KA,
2025-05-28 00:00:00+05:00,8.6899995803833,8.6899995803833,8.6899995803833,8.6899995803833,0.0,0.0,0.0,0.0,JSBL.KA,
2025-05-29 00:00:00+05:00,8.680000305175781,8.949999809265137,8.489999771118164,8.59000015258789,1572876.0,0.0,0.0,0.0,JSBL.KA,
2025-05-30 00:00:00+05:00,8.880000114440918,8.9399995803833,8.430000305175781,8.859999656677246,1610979.0,0.0,0.0,0.0,JSBL.KA,
2025-06-02 00:00:00+05:00,8.859999656677246,8.880000114440918,8.550000190734863,8.800000190734863,173100.0,0.0,0.0,0.0,JSBL.KA,
2025-06-03 00:00:00+05:00,8.5,9.199999809265137,8.5,9.100000381469727,1041188.0,0.0,0.0,0.0,JSBL.KA,
2025-06-04 00:00:00+05:00,9.199999809265137,9.789999961853027,9.0,9.6899995803833,2671364.0,0.0,0.0,0.0,JSBL.KA,
2025-06-05 00:00:00+05:00,9.75,10.0,9.15999984741211,9.880000114440918,2485939.0,0.0,0.0,0.0,JSBL.KA,
2025-06-06 00:00:00+05:00,9.880000114440918,9.880000114440918,9.880000114440918,9.880000114440918,0.0,0.0,0.0,0.0,JSBL.KA,
2025-06-09 00:00:00+05:00,9.880000114440918,9.880000114440918,9.880000114440918,9.880000114440918,0.0,0.0,0.0,0.0,JSBL.KA,
2025-06-10 00:00:00+05:00,9.800000190734863,9.979999542236328,9.199999809265137,9.8100004196167,168337.0,0.0,0.0,0.0,JSBL.KA,
2025-06-11 00:00:00+05:00,9.25,10.010000228881836,9.220000267028809,9.979999542236328,578093.0,0.0,0.0,0.0,JSBL.KA,
2025-06-12 00:00:00+05:00,9.460000038146973,10.270000457763672,9.460000038146973,10.0,688941.0,0.0,0.0,0.0,JSBL.KA,
2025-06-13 00:00:00+05:00,9.600000381469727,10.010000228881836,9.229999542236328,9.960000038146973,995244.0,0.0,0.0,0.0,JSBL.KA,
2025-06-16 00:00:00+05:00,9.960000038146973,9.960000038146973,9.960000038146973,9.960000038146973,0.0,0.0,0.0,0.0,JSBL.KA,
2025-06-17 00:00:00+05:00,9.800000190734863,10.760000228881836,9.800000190734863,10.3100004196167,2960804.0,0.0,0.0,0.0,JSBL.KA,
2025-06-18 00:00:00+05:00,10.449999809265137,10.5,10.15999984741211,10.239999771118164,244921.0,0.0,0.0,0.0,JSBL.KA,
2025-06-19 00:00:00+05:00,10.369999885559082,10.539999961853027,10.149999618530273,10.210000038146973,496519.0,0.0,0.0,0.0,JSBL.KA,
2025-06-20 00:00:00+05:00,10.489999771118164,10.489999771118164,9.819999694824219,10.010000228881836,241113.0,0.0,0.0,0.0,JSBL.KA,
2025-06-23 00:00:00+05:00,9.899999618530273,10.25,9.600000381469727,9.829999923706055,139504.0,0.0,0.0,0.0,JSBL.KA,
2025-06-24 00:00:00+05:00,10.399999618530273,10.670000076293945,10.010000228881836,10.399999618530273,1505916.0,0.0,0.0,0.0,JSBL.KA,
2025-06-25 00:00:00+05:00,10.399999618530273,10.640000343322754,10.180000305175781,10.319999694824219,359755.0,0.0,0.0,0.0,JSBL.KA,
2025-06-26 00:00:00+05:00,10.350000381469727,10.989999771118164,10.350000381469727,10.9399995803833,631758.0,0.0,0.0,0.0,JSBL.KA,
2025-06-27 00:00:00+05:00,10.9399995803833,11.949999809265137,10.9399995803833,11.630000114440918,1389951.0,0.0,0.0,0.0,JSBL.KA,
2025-06-30 00:00:00+05:00,11.15999984741211,12.789999961853027,11.15999984741211,12.329999923706055,5903847.0,0.0,0.0,0.0,JSBL.KA,
2025-07-01 00:00:00+05:00,12.449999809265137,13.5600004196167,12.350000381469727,13.5600004196167,5183531.0,0.0,0.0,0.0,JSBL.KA,
2025-07-02 00:00:00+05:00,14.90999984741211,14.920000076293945,14.029999732971191,14.920000076293945,4470625.0,0.0,0.0,0.0,JSBL.KA,
2025-07-03 00:00:00+05:00,15.25,16.40999984741211,15.25,16.010000228881836,4687938.0,0.0,0.0,0.0,JSBL.KA,
2025-07-04 00:00:00+05:00,16.25,16.75,14.4399995803833,15.75,2396932.0,0.0,0.0,0.0,JSBL.KA,
2025-07-07 00:00:00+05:00,15.9399995803833,15.9399995803833,14.619999885559082,14.880000114440918,1880222.0,0.0,0.0,0.0,JSBL.KA,
2025-07-08 00:00:00+05:00,14.880000114440918,15.199999809265137,13.510000228881836,13.819999694824219,2324207.0,0.0,0.0,0.0,JSBL.KA,
2025-07-09 00:00:00+05:00,13.800000190734863,14.279999732971191,13.800000190734863,14.109999656677246,1395772.0,0.0,0.0,0.0,JSBL.KA,
2025-07-10 00:00:00+05:00,14.100000381469727,14.979999542236328,13.6899995803833,14.770000457763672,1424214.0,0.0,0.0,0.0,JSBL.KA,
2025-07-11 00:00:00+05:00,14.899999618530273,15.350000381469727,14.75,14.899999618530273,1667580.0,0.0,0.0,0.0,JSBL.KA,
2025-07-14 00:00:00+05:00,15.100000381469727,15.100000381469727,14.300000190734863,14.789999961853027,529097.0,0.0,0.0,0.0,JSBL.KA,
2025-07-15 00:00:00+05:00,14.649999618530273,15.0,14.520000457763672,14.84000015258789,726603.0,0.0,0.0,0.0,JSBL.KA,
2025-07-16 00:00:00+05:00,14.699999809265137,14.890000343322754,14.600000381469727,14.619999885559082,650152.0,0.0,0.0,0.0,JSBL.KA,
2025-07-17 00:00:00+05:00,14.949999809265137,14.989999771118164,14.399999618530273,14.680000305175781,419220.0,0.0,0.0,0.0,JSBL.KA,
2025-07-18 00:00:00+05:00,14.649999618530273,14.800000190734863,13.600000381469727,14.460000038146973,249447.0,0.0,0.0,0.0,JSBL.KA,
2025-07-21 00:00:00+05:00,14.630000114440918,14.630000114440918,13.8100004196167,13.960000038146973,893995.0,0.0,0.0,0.0,JSBL.KA,
2025-07-22 00:00:00+05:00,13.899999618530273,14.399999618530273,13.829999923706055,14.050000190734863,437045.0,0.0,0.0,0.0,JSBL.KA,
2025-07-23 00:00:00+05:00,13.760000228881836,14.979999542236328,13.760000228881836,14.510000228881836,770153.0,0.0,0.0,0.0,JSBL.KA,
2025-07-24 00:00:00+05:00,14.350000381469727,15.399999618530273,14.350000381469727,15.100000381469727,811641.0,0.0,0.0,0.0,JSBL.KA,
2025-07-25 00:00:00+05:00,15.5,16.5,15.350000381469727,15.5600004196167,761754.0,0.0,0.0,0.0,JSBL.KA,
2025-07-28 00:00:00+05:00,15.75,16.0,14.029999732971191,15.0,2064640.0,0.0,0.0,0.0,JSBL.KA,
2025-07-29 00:00:00+05:00,15.149999618530273,15.489999771118164,13.989999771118164,14.09000015258789,2074866.0,0.0,0.0,0.0,JSBL.KA,
2025-07-30 00:00:00+05:00,14.09000015258789,14.729999542236328,13.800000190734863,14.359999656677246,801222.0,0.0,0.0,0.0,JSBL.KA,
2025-07-31 00:00:00+05:00,14.699999809265137,15.149999618530273,14.699999809265137,14.920000076293945,3062250.0,0.0,0.0,0.0,JSBL.KA,
2025-08-01 00:00:00+05:00,14.699999809265137,14.989999771118164,14.699999809265137,14.819999694824219,647733.0,0.0,0.0,0.0,JSBL.KA,
2025-08-04 00:00:00+05:00,14.699999809265137,16.149999618530273,14.600000381469727,14.779999732971191,2424579.0,0.0,0.0,0.0,JSBL.KA,
2025-08-05 00:00:00+05:00,14.609999656677246,15.100000381469727,14.609999656677246,14.800000190734863,547320.0,0.0,0.0,0.0,JSBL.KA,
2025-08-06 00:00:00+05:00,14.789999961853027,15.0,14.609999656677246,14.970000267028809,1277313.0,0.0,0.0,0.0,JSBL.KA,
2025-08-07 00:00:00+05:00,14.710000038146973,14.90999984741211,14.109999656677246,14.800000190734863,594658.0,0.0,0.0,0.0,JSBL.KA,
2025-08-08 00:00:00+05:00,14.59000015258789,15.399999618530273,14.119999885559082,15.0600004196167,2559548.0,0.0,0.0,0.0,JSBL.KA,
2025-08-11 00:00:00+05:00,15.390000343322754,16.0,14.819999694824219,15.260000228881836,1237838.0,0.0,0.0,0.0,JSBL.KA,
2025-08-12 00:00:00+05:00,15.5,15.5,15.109999656677246,15.329999923706055,748486.0,0.0,0.0,0.0,JSBL.KA,
2025-08-13 00:00:00+05:00,15.489999771118164,15.800000190734863,15.300000190734863,15.680000305175781,493440.0,0.0,0.0,0.0,JSBL.KA,
2025-08-15 00:00:00+05:00,15.680000305175781,15.800000190734863,15.399999618530273,15.600000381469727,259178.0,0.0,0.0,0.0,JSBL.KA,
2025-08-18 00:00:00+05:00,15.880000114440918,16.200000762939453,15.300000190734863,16.06999969482422,4574644.0,0.0,0.0,0.0,JSBL.KA,
2025-08-19 00:00:00+05:00,16.06999969482422,16.200000762939453,15.890000343322754,15.960000038146973,378648.0,0.0,0.0,0.0,JSBL.KA,
2025-08-20 00:00:00+05:00,16.0,16.25,15.819999694824219,15.819999694824219,530146.0,0.0,0.0,0.0,JSBL.KA,
2025-08-21 00:00:00+05:00,15.8100004196167,16.0,15.119999885559082,15.420000076293945,321599.0,0.0,0.0,0.0,JSBL.KA,
2025-08-22 00:00:00+05:00,15.75,15.75,13.90999984741211,14.119999885559082,2540607.0,0.0,0.0,0.0,JSBL.KA,
2025-08-25 00:00:00+05:00,14.300000190734863,14.399999618530273,13.800000190734863,14.050000190734863,516571.0,0.0,0.0,0.0,JSBL.KA,
2025-08-26 00:00:00+05:00,14.399999618530273,14.399999618530273,13.859999656677246,14.010000228881836,472667.0,0.0,0.0,0.0,JSBL.KA,
2025-08-27 00:00:00+05:00,14.0,14.140000343322754,13.600000381469727,13.720000267028809,2535261.0,0.0,0.0,0.0,JSBL.KA,
2025-08-28 00:00:00+05:00,13.989999771118164,13.989999771118164,13.25,13.739999771118164,858058.0,0.0,0.0,0.0,JSBL.KA,
2025-08-29 00:00:00+05:00,13.600000381469727,13.979999542236328,13.319999694824219,13.789999961853027,428396.0,0.0,0.0,0.0,JSBL.KA,
2025-09-01 00:00:00+05:00,13.979999542236328,14.279999732971191,13.800000190734863,14.220000267028809,2660722.0,0.0,0.0,0.0,JSBL.KA,
2025-09-02 00:00:00+05:00,14.300000190734863,14.390000343322754,13.899999618530273,14.210000038146973,555308.0,0.0,0.0,0.0,JSBL.KA,
2025-09-03 00:00:00+05:00,14.09000015258789,14.3100004196167,14.079999923706055,14.210000038146973,758406.0,0.0,0.0,0.0,JSBL.KA,
2025-09-04 00:00:00+05:00,14.289999961853027,14.5,14.100000381469727,14.420000076293945,599449.0,0.0,0.0,0.0,JSBL.KA,
2025-09-05 00:00:00+05:00,14.199999809265137,15.130000114440918,14.199999809265137,14.960000038146973,1056867.0,0.0,0.0,0.0,JSBL.KA,
2025-09-08 00:00:00+05:00,14.960000038146973,15.25,14.699999809265137,15.029999732971191,416128.0,0.0,0.0,0.0,JSBL.KA,
2025-09-09 00:00:00+05:00,15.0,15.199999809265137,14.699999809265137,15.0,688475.0,0.0,0.0,0.0,JSBL.KA,
2025-09-10 00:00:00+05:00,15.199999809265137,15.199999809265137,14.75,15.119999885559082,203106.0,0.0,0.0,0.0,JSBL.KA,
2025-09-11 00:00:00+05:00,15.119999885559082,15.199999809265137,14.819999694824219,15.050000190734863,208694.0,0.0,0.0,0.0,JSBL.KA,
2025-09-12 00:00:00+05:00,15.0600004196167,15.149999618530273,14.3100004196167,14.890000343322754,281979.0,0.0,0.0,0.0,JSBL.KA,
2025-09-15 00:00:00+05:00,14.609999656677246,15.100000381469727,14.260000228881836,14.90999984741211,224803.0,0.0,0.0,0.0,JSBL.KA,
2025-09-16 00:00:00+05:00,14.800000190734863,16.0,14.800000190734863,15.609999656677246,1700833.0,0.0,0.0,0.0,JSBL.KA,
2025-09-17 00:00:00+05:00,15.479999542236328,16.229999542236328,15.479999542236328,15.949999809265137,813062.0,0.0,0.0,0.0,JSBL.KA,
2025-09-18 00:00:00+05:00,16.010000228881836,17.549999237060547,16.010000228881836,17.549999237060547,1119372.0,0.0,0.0,0.0,JSBL.KA,
2025-09-19 00:00:00+05:00,18.5,19.309999465942383,15.819999694824219,18.399999618530273,1859583.0,0.0,0.0,0.0,JSBL.KA,
2025-09-22 00:00:00+05:00,18.84000015258789,19.5,18.299999237060547,19.049999237060547,1876782.0,0.0,0.0,0.0,JSBL.KA,
2025-09-23 00:00:00+05:00,19.049999237060547,19.049999237060547,19.049999237060547,19.049999237060547,0.0,0.0,0.0,0.0,JSBL.KA,
2025-09-24 00:00:00+05:00,19.75,21.399999618530273,19.209999084472656,20.15999984741211,1702011.0,0.0,0.0,0.0,JSBL.KA,
2025-09-25 00:00:00+05:00,20.15999984741211,22.18000030517578,19.729999542236328,22.139999389648438,3165670.0,0.0,0.0,0.0,JSBL.KA,
2025-09-26 00:00:00+05:00,22.1299991607666,22.1299991607666,21.40999984741211,21.610000610351562,276829.0,0.0,0.0,0.0,JSBL.KA,
2025-09-29 00:00:00+05:00,21.610000610351562,22.790000915527344,21.0,21.489999771118164,194116.0,0.0,0.0,0.0,JSBL.KA,
2025-09-30 00:00:00+05:00,21.5,22.399999618530273,21.489999771118164,22.040000915527344,1070698.0,0.0,0.0,0.0,JSBL.KA,
2025-10-01 00:00:00+05:00,22.049999237060547,22.200000762939453,20.020000457763672,22.020000457763672,262331.0,0.0,0.0,0.0,JSBL.KA,
2025-10-02 00:00:00+05:00,22.0,22.799999237060547,21.5,22.459999084472656,363429.0,0.0,0.0,0.0,JSBL.KA,
2025-10-03 00:00:00+05:00,22.790000915527344,24.5,22.25,22.510000228881836,939795.0,0.0,0.0,0.0,JSBL.KA,
2025-10-06 00:00:00+05:00,22.84000015258789,23.889999389648438,21.5,21.709999084472656,578728.0,0.0,0.0,0.0,JSBL.KA,
2025-10-07 00:00:00+05:00,21.709999084472656,21.709999084472656,21.709999084472656,21.709999084472656,0.0,0.0,0.0,0.0,JSBL.KA,
2025-10-08 00:00:00+05:00,22.43000030517578,23.450000762939453,21.440000534057617,21.989999771118164,602508.0,0.0,0.0,0.0,JSBL.KA,
2025-10-09 00:00:00+05:00,22.0,22.31999969482422,21.6299991607666,21.799999237060547,255377.0,0.0,0.0,0.0,JSBL.KA,
2025-10-10 00:00:00+05:00,21.989999771118164,22.3799991607666,20.860000610351562,21.989999771118164,219431.0,0.0,0.0,0.0,JSBL.KA,
2025-10-13 00:00:00+05:00,20.959999084472656,22.479999542236328,20.700000762939453,21.100000381469727,683377.0,0.0,0.0,0.0,JSBL.KA,
2025-10-14 00:00:00+05:00,21.110000610351562,22.200000762939453,21.010000228881836,21.610000610351562,283468.0,0.0,0.0,0.0,JSBL.KA,
2025-10-15 00:00:00+05:00,21.6299991607666,22.979999542236328,21.59000015258789,21.84000015258789,491019.0,0.0,0.0,0.0,JSBL.KA,
2025-10-16 00:00:00+05:00,21.799999237060547,23.049999237060547,21.299999237060547,22.610000610351562,443191.0,0.0,0.0,0.0,JSBL.KA,
2025-10-17 00:00:00+05:00,22.5,23.0,21.5,22.100000381469727,600005.0,0.0,0.0,0.0,JSBL.KA,
2025-10-20 00:00:00+05:00,22.020000457763672,23.399999618530273,21.5,23.34000015258789,683202.0,0.0,0.0,0.0,JSBL.KA,
2025-10-21 00:00:00+05:00,23.360000610351562,23.799999237060547,22.899999618530273,23.0,526734.0,0.0,0.0,0.0,JSBL.KA,
2025-10-22 00:00:00+05:00,23.100000381469727,23.190000534057617,22.100000381469727,22.920000076293945,125585.0,0.0,0.0,0.0,JSBL.KA,
2025-10-23 00:00:00+05:00,23.0,23.0,21.610000610351562,22.31999969482422,130832.0,0.0,0.0,0.0,JSBL.KA,
2025-10-24 00:00:00+05:00,22.0,22.0,20.100000381469727,20.290000915527344,227214.0,0.0,0.0,0.0,JSBL.KA,
2025-10-27 00:00:00+05:00,20.290000915527344,20.969999313354492,19.020000457763672,20.510000228881836,160321.0,0.0,0.0,0.0,JSBL.KA,
2025-10-28 00:00:00+05:00,20.100000381469727,21.5,20.100000381469727,20.290000915527344,165029.0,0.0,0.0,0.0,JSBL.KA,
2025-10-29 00:00:00+05:00,20.299999237060547,22.31999969482422,20.0,20.700000762939453,363400.0,0.0,0.0,0.0,JSBL.KA,
2025-10-30 00:00:00+05:00,20.049999237060547,21.700000762939453,19.5,19.989999771118164,88012.0,0.0,0.0,0.0,JSBL.KA,
2025-10-31 00:00:00+05:00,19.030000686645508,21.989999771118164,19.030000686645508,20.25,1216018.0,0.0,0.0,0.0,JSBL.KA,
2025-11-03 00:00:00+05:00,19.709999084472656,21.149999618530273,19.5,20.559999465942383,86675.0,0.0,0.0,0.0,JSBL.KA,
2025-11-04 00:00:00+05:00,20.8700008392334,21.0,19.610000610351562,20.100000381469727,32154.0,0.0,0.0,0.0,JSBL.KA,
2025-11-05 00:00:00+05:00,20.110000610351562,20.799999237060547,19.81999969482422,19.920000076293945,42349.0,0.0,0.0,0.0,JSBL.KA,
2025-11-06 00:00:00+05:00,19.920000076293945,19.989999771118164,19.0,19.8700008392334,18360.0,0.0,0.0,0.0,JSBL.KA,
2025-11-07 00:00:00+05:00,19.100000381469727,20.68000030517578,19.100000381469727,19.56999969482422,21920.0,0.0,0.0,0.0,JSBL.KA,
2025-11-10 00:00:00+05:00,20.0,20.5,17.610000610351562,19.989999771118164,470458.0,0.0,0.0,0.0,JSBL.KA,
2025-11-11 00:00:00+05:00,19.360000610351562,20.09000015258789,19.0,19.530000686645508,63716.0,0.0,0.0,0.0,JSBL.KA,
2025-11-12 00:00:00+05:00,18.600000381469727,19.770000457763672,18.600000381469727,19.0,230234.0,0.0,0.0,0.0,JSBL.KA,
2025-11-13 00:00:00+05:00,19.75,20.0,17.75,18.989999771118164,65071.0,0.0,0.0,0.0,JSBL.KA,
2025-11-14 00:00:00+05:00,18.510000228881836,19.989999771118164,18.5,19.399999618530273,781637.0,0.0,0.0,0.0,JSBL.KA,
2025-11-17 00:00:00+05:00,19.899999618530273,20.350000381469727,18.90999984741211,19.100000381469727,46522.0,0.0,0.0,0.0,JSBL.KA,
2025-11-18 00:00:00+05:00,19.010000228881836,19.600000381469727,18.90999984741211,19.40999984741211,106234.0,0.0,0.0,0.0,JSBL.KA,
2025-11-19 00:00:00+05:00,19.40999984741211,19.809999465942383,19.020000457763672,19.290000915527344,1064192.0,0.0,0.0,0.0,JSBL.KA,
2025-11-20 00:00:00+05:00,19.389999389648438,20.040000915527344,18.979999542236328,19.649999618530273,179051.0,0.0,0.0,0.0,JSBL.KA,
2025-11-21 00:00:00+05:00,19.5,19.989999771118164,19.020000457763672,19.450000762939453,265719.0,0.0,0.0,0.0,JSBL.KA,
2025-11-24 00:00:00+05:00,19.200000762939453,19.899999618530273,18.950000762939453,19.200000762939453,42925.0,0.0,0.0,0.0,JSBL.KA,
2025-11-25 00:00:00+05:00,19.549999237060547,19.549999237060547,17.280000686645508,17.280000686645508,2300462.0,0.0,0.0,0.0,JSBL.KA,
2025-11-26 00:00:00+05:00,17.0,17.399999618530273,16.5,16.940000534057617,280038.0,0.0,0.0,0.0,JSBL.KA,
2025-11-27 00:00:00+05:00,17.399999618530273,17.399999618530273,16.389999389648438,17.040000915527344,1017760.0,0.0,0.0,0.0,JSBL.KA,
2025-11-28 00:00:00+05:00,17.350000381469727,17.350000381469727,16.899999618530273,16.969999313354492,454691.0,0.0,0.0,0.0,JSBL.KA,
2025-12-01 00:00:00+05:00,17.0,17.469999313354492,16.389999389648438,17.15999984741211,554162.0,0.0,0.0,0.0,JSBL.KA,
2025-12-02 00:00:00+05:00,17.0,17.479999542236328,16.700000762939453,16.8700008392334,916030.0,0.0,0.0,0.0,JSBL.KA,
2025-12-03 00:00:00+05:00,16.989999771118164,16.989999771118164,16.75,16.959999084472656,74454.0,0.0,0.0,0.0,JSBL.KA,
2025-12-04 00:00:00+05:00,17.0,17.75,16.5,17.020000457763672,895135.0,0.0,0.0,0.0,JSBL.KA,
2025-12-05 00:00:00+05:00,17.0,17.200000762939453,16.559999465942383,17.040000915527344,290169.0,0.0,0.0,0.0,JSBL.KA,
2025-12-08 00:00:00+05:00,16.729999542236328,17.0,16.719999313354492,16.969999313354492,86484.0,0.0,0.0,0.0,JSBL.KA,
2025-12-09 00:00:00+05:00,17.09000015258789,17.149999618530273,16.760000228881836,17.09000015258789,248892.0,0.0,0.0,0.0,JSBL.KA,
2025-12-10 00:00:00+05:00,17.09000015258789,17.100000381469727,16.940000534057617,16.950000762939453,817439.0,0.0,0.0,0.0,JSBL.KA,
2025-12-11 00:00:00+05:00,17.0,17.0,16.59000015258789,16.729999542236328,83925.0,0.0,0.0,0.0,JSBL.KA,
2025-12-12 00:00:00+05:00,16.739999771118164,16.889999389648438,16.200000762939453,16.6299991607666,218972.0,0.0,0.0,0.0,JSBL.KA,
2025-12-15 00:00:00+05:00,16.700000762939453,16.889999389648438,16.489999771118164,16.540000915527344,161332.0,0.0,0.0,0.0,JSBL.KA,
2025-12-16 00:00:00+05:00,16.520000457763672,17.399999618530273,16.399999618530273,17.1299991607666,219538.0,0.0,0.0,0.0,JSBL.KA,
2025-12-17 00:00:00+05:00,17.0,18.75,16.700000762939453,17.0,821262.0,0.0,0.0,0.0,JSBL.KA,
2025-12-18 00:00:00+05:00,17.0,17.299999237060547,16.969999313354492,17.010000228881836,796144.0,0.0,0.0,0.0,JSBL.KA,
2025-12-19 00:00:00+05:00,17.18000030517578,17.190000534057617,16.389999389648438,16.90999984741211,120693.0,0.0,0.0,0.0,JSBL.KA,
2025-12-22 00:00:00+05:00,16.90999984741211,17.479999542236328,16.75,16.979999542236328,209270.0,0.0,0.0,0.0,JSBL.KA,
2025-12-23 00:00:00+05:00,16.760000228881836,17.25,16.700000762939453,16.989999771118164,34140.0,0.0,0.0,0.0,JSBL.KA,
2025-12-24 00:00:00+05:00,16.600000381469727,17.18000030517578,16.399999618530273,16.90999984741211,344151.0,0.0,0.0,0.0,JSBL.KA,
2025-12-26 00:00:00+05:00,17.100000381469727,17.100000381469727,16.5,16.56999969482422,116986.0,0.0,0.0,0.0,JSBL.KA,
2025-12-29 00:00:00+05:00,16.65999984741211,16.989999771118164,16.5,16.639999389648438,121249.0,0.0,0.0,0.0,JSBL.KA,
2025-12-30 00:00:00+05:00,17.09000015258789,17.700000762939453,16.5,17.139999389648438,790481.0,0.0,0.0,0.0,JSBL.KA,
2025-12-31 00:00:00+05:00,16.809999465942383,17.0,16.809999465942383,16.8700008392334,344978.0,0.0,0.0,0.0,JSBL.KA,
2026-01-01 00:00:00+05:00,16.8700008392334,16.8700008392334,16.8700008392334,16.8700008392334,0.0,0.0,0.0,0.0,JSBL.KA,
2026-01-02 00:00:00+05:00,17.290000915527344,17.969999313354492,17.010000228881836,17.40999984741211,1859145.0,0.0,0.0,0.0,JSBL.KA,
2026-01-05 00:00:00+05:00,17.5,18.18000030517578,17.5,18.010000228881836,938938.0,0.0,0.0,0.0,JSBL.KA,
2026-01-06 00:00:00+05:00,18.049999237060547,18.600000381469727,17.899999618530273,17.979999542236328,496528.0,0.0,0.0,0.0,JSBL.KA,
2026-01-07 00:00:00+05:00,18.200000762939453,18.5,18.0,18.030000686645508,159206.0,0.0,0.0,0.0,JSBL.KA,
2026-01-08 00:00:00+05:00,17.90999984741211,18.0,17.899999618530273,17.940000534057617,262964.0,0.0,0.0,0.0,JSBL.KA,
2026-01-09 00:00:00+05:00,18.18000030517578,18.18000030517578,17.5,17.6200008392334,596605.0,0.0,0.0,0.0,JSBL.KA,
2026-01-12 00:00:00+05:00,17.520000457763672,17.899999618530273,17.450000762939453,17.6299991607666,639062.0,0.0,0.0,0.0,JSBL.KA,
2026-01-13 00:00:00+05:00,17.5,17.889999389648438,17.5,17.81999969482422,236767.0,0.0,0.0,0.0,JSBL.KA,
2026-01-14 00:00:00+05:00,17.850000381469727,17.850000381469727,17.520000457763672,17.75,560846.0,0.0,0.0,0.0,JSBL.KA,
2026-01-15 00:00:00+05:00,17.709999084472656,17.829999923706055,17.309999465942383,17.75,86404.0,0.0,0.0,0.0,JSBL.KA,
2026-01-16 00:00:00+05:00,18.389999389648438,18.399999618530273,16.010000228881836,17.770000457763672,134104.0,0.0,0.0,0.0,JSBL.KA,
2026-01-19 00:00:00+05:00,18.0,18.0,17.43000030517578,17.649999618530273,363902.0,0.0,0.0,0.0,JSBL.KA,
2026-01-20 00:00:00+05:00,18.09000015258789,18.09000015258789,17.5,17.920000076293945,354661.0,0.0,0.0,0.0,JSBL.KA,
2026-01-21 00:00:00+05:00,17.989999771118164,18.100000381469727,17.5,18.0,501048.0,0.0,0.0,0.0,JSBL.KA,
2026-01-22 00:00:00+05:00,18.18000030517578,18.18000030517578,17.6200008392334,17.989999771118164,447809.0,0.0,0.0,0.0,JSBL.KA,
2026-01-23 00:00:00+05:00,17.979999542236328,18.0,17.719999313354492,17.739999771118164,274475.0,0.0,0.0,0.0,JSBL.KA,
2026-01-26 00:00:00+05:00,17.739999771118164,18.0,17.700000762939453,17.90999984741211,125695.0,0.0,0.0,0.0,JSBL.KA,
2026-01-27 00:00:00+05:00,18.149999618530273,18.149999618530273,17.5,17.940000534057617,34544.0,0.0,0.0,0.0,JSBL.KA,
2026-01-28 00:00:00+05:00,17.56999969482422,18.0,17.049999237060547,17.899999618530273,177538.0,0.0,0.0,0.0,JSBL.KA,
2026-01-29 00:00:00+05:00,17.579999923706055,17.889999389648438,16.209999084472656,17.0,112546.0,0.0,0.0,0.0,JSBL.KA,
2026-01-30 00:00:00+05:00,17.690000534057617,17.799999237060547,17.0,17.270000457763672,163708.0,0.0,0.0,0.0,JSBL.KA,
2026-02-02 00:00:00+05:00,17.790000915527344,17.950000762939453,17.010000228881836,17.530000686645508,76234.0,0.0,0.0,0.0,JSBL.KA,
2026-02-03 00:00:00+05:00,17.93000030517578,17.93000030517578,17.5,17.729999542236328,156108.0,0.0,0.0,0.0,JSBL.KA,
2026-02-04 00:00:00+05:00,17.899999618530273,17.93000030517578,17.600000381469727,17.8799991607666,16365.0,0.0,0.0,0.0,JSBL.KA,
2026-02-06 00:00:00+05:00,17.8799991607666,17.989999771118164,17.510000228881836,17.780000686645508,69646.0,0.0,0.0,0.0,JSBL.KA,
2026-02-09 00:00:00+05:00,17.780000686645508,17.969999313354492,16.520000457763672,17.829999923706055,275608.0,0.0,0.0,0.0,JSBL.KA,
2026-02-10 00:00:00+05:00,17.81999969482422,17.959999084472656,17.5,17.610000610351562,75618.0,0.0,0.0,0.0,JSBL.KA,
2026-02-11 00:00:00+05:00,17.5,17.8799991607666,17.5,17.75,73593.0,0.0,0.0,0.0,JSBL.KA,
2026-02-12 00:00:00+05:00,17.510000228881836,17.799999237060547,17.309999465942383,17.360000610351562,13437.0,0.0,0.0,0.0,JSBL.KA,
2026-02-13 00:00:00+05:00,17.360000610351562,17.700000762939453,17.0,17.489999771118164,48771.0,0.0,0.0,0.0,JSBL.KA,
2026-02-16 00:00:00+05:00,17.489999771118164,17.489999771118164,16.5,16.690000534057617,112707.0,0.0,0.0,0.0,JSBL.KA,
2026-02-17 00:00:00+05:00,16.989999771118164,17.170000076293945,15.5,16.170000076293945,397880.0,0.0,0.0,0.0,JSBL.KA,
2026-02-18 00:00:00+05:00,17.690000534057617,17.690000534057617,16.549999237060547,16.90999984741211,67403.0,0.0,0.0,0.0,JSBL.KA,
2026-02-19 00:00:00+05:00,16.510000228881836,17.299999237060547,16.510000228881836,16.8700008392334,53064.0,0.0,0.0,0.0,JSBL.KA,
2026-02-20 00:00:00+05:00,17.229999542236328,17.229999542236328,15.25,16.739999771118164,32186.0,0.0,0.0,0.0,JSBL.KA,
2026-02-23 00:00:00+05:00,17.489999771118164,17.5,15.069999694824219,15.069999694824219,710087.0,0.0,0.0,0.0,JSBL.KA,
2026-02-24 00:00:00+05:00,15.979999542236328,15.979999542236328,14.210000038146973,15.0,55426.0,0.0,0.0,0.0,JSBL.KA,
2026-02-25 00:00:00+05:00,14.989999771118164,15.390000343322754,13.5,13.550000190734863,280071.0,0.0,0.0,0.0,JSBL.KA,
2026-02-26 00:00:00+05:00,14.0,14.399999618530273,13.579999923706055,13.850000381469727,134530.0,0.0,0.0,0.0,JSBL.KA,
2026-02-27 00:00:00+05:00,13.850000381469727,13.850000381469727,13.0,13.6899995803833,162670.0,0.0,0.0,0.0,JSBL.KA,
2026-03-02 00:00:00+05:00,12.319999694824219,13.100000381469727,12.319999694824219,12.319999694824219,310134.0,0.0,0.0,0.0,JSBL.KA,
2026-03-03 00:00:00+05:00,11.260000228881836,12.800000190734863,11.09000015258789,11.15999984741211,570722.0,0.0,0.0,0.0,JSBL.KA,
2026-03-04 00:00:00+05:00,11.109999656677246,11.989999771118164,10.199999809265137,11.0,719851.0,0.0,0.0,0.0,JSBL.KA,
2026-03-05 00:00:00+05:00,11.489999771118164,12.100000381469727,11.489999771118164,12.100000381469727,415614.0,0.0,0.0,0.0,JSBL.KA,
2026-03-06 00:00:00+05:00,12.430000305175781,13.289999961853027,12.300000190734863,12.970000267028809,41789.0,0.0,0.0,0.0,JSBL.KA,
2026-03-09 00:00:00+05:00,12.899999618530273,14.270000457763672,11.670000076293945,11.949999809265137,311293.0,0.0,0.0,0.0,JSBL.KA,
2026-03-10 00:00:00+05:00,13.0,13.0,12.0,12.489999771118164,188108.0,0.0,0.0,0.0,JSBL.KA,
2026-03-11 00:00:00+05:00,12.489999771118164,12.9399995803833,12.300000190734863,12.520000457763672,483165.0,0.0,0.0,0.0,JSBL.KA,
2026-03-12 00:00:00+05:00,12.520000457763672,13.0,12.199999809265137,12.680000305175781,42029.0,0.0,0.0,0.0,JSBL.KA,
2026-03-13 00:00:00+05:00,13.850000381469727,13.850000381469727,12.449999809265137,12.75,4965.0,0.0,0.0,0.0,JSBL.KA,
2026-03-16 00:00:00+05:00,12.800000190734863,12.800000190734863,12.020000457763672,12.529999732971191,40200.0,0.0,0.0,0.0,JSBL.KA,
2026-03-17 00:00:00+05:00,12.789999961853027,13.5,11.979999542236328,12.0,1549117.0,0.0,0.0,0.0,JSBL.KA,
2026-03-18 00:00:00+05:00,12.020000457763672,12.869999885559082,12.010000228881836,12.770000457763672,1537143.0,0.0,0.0,0.0,JSBL.KA,
2026-03-19 00:00:00+05:00,13.289999961853027,13.289999961853027,11.949999809265137,12.0,107914.0,0.0,0.0,0.0,JSBL.KA,
2026-03-20 00:00:00+05:00,12.0,12.0,12.0,12.0,0.0,0.0,0.0,0.0,JSBL.KA,
2026-03-23 00:00:00+05:00,12.0,12.0,12.0,12.0,0.0,0.0,0.0,0.0,JSBL.KA,
2026-03-24 00:00:00+05:00,12.0,12.6899995803833,11.600000381469727,12.0,416252.0,0.0,0.0,0.0,JSBL.KA,
2026-03-25 00:00:00+05:00,12.479999542236328,12.479999542236328,11.470000267028809,11.989999771118164,432856.0,0.0,0.0,0.0,JSBL.KA,
2026-03-26 00:00:00+05:00,12.0,12.0,11.100000381469727,11.8100004196167,78137.0,0.0,0.0,0.0,JSBL.KA,
2026-03-27 00:00:00+05:00,11.510000228881836,12.09000015258789,11.319999694824219,11.550000190734863,180172.0,0.0,0.0,0.0,JSBL.KA,
2021-03-29 00:00:00+05:00,6.386776487563987,6.633884136437351,6.177685783526186,6.272727012634277,50000.0,0.0,0.0,0.0,SBL.KA,
2021-03-30 00:00:00+05:00,6.28223140744079,6.367768287658691,6.272727057865283,6.367768287658691,16500.0,0.0,0.0,0.0,SBL.KA,
2021-03-31 00:00:00+05:00,6.633884589897756,6.833471411263705,6.386776924133301,6.386776924133301,138500.0,0.0,0.0,0.0,SBL.KA,
2021-04-01 00:00:00+05:00,6.633884412384824,6.6433883090948,6.177686040497328,6.215702533721924,87000.0,0.0,0.0,0.0,SBL.KA,
2021-04-02 00:00:00+05:00,6.624379924765769,6.633884274470502,6.339256231508845,6.34876012802124,10500.0,0.0,0.0,0.0,SBL.KA,
2021-04-05 00:00:00+05:00,6.329751863199125,6.462810039520264,6.196694140070322,6.462810039520264,77000.0,0.0,0.0,0.0,SBL.KA,
2021-04-06 00:00:00+05:00,6.187190133033159,6.291735258455895,6.177685783526186,6.272727012634277,67000.0,0.0,0.0,0.0,SBL.KA,
2021-04-07 00:00:00+05:00,6.272727315268954,6.348760302223722,6.23471082179157,6.310743808746338,208000.0,0.0,0.0,0.0,SBL.KA,
2021-04-08 00:00:00+05:00,6.149173327148632,6.320247996601247,6.149173327148632,6.24421501159668,1500.0,0.0,0.0,0.0,SBL.KA,
2021-04-09 00:00:00+05:00,6.092148521606845,6.2727270856091755,6.092148521606845,6.149173259735107,36000.0,0.0,0.0,0.0,SBL.KA,
2021-04-12 00:00:00+05:00,6.453305764915387,6.64338822873921,6.272727197686585,6.339256286621094,44000.0,0.0,0.0,0.0,SBL.KA,
2021-04-13 00:00:00+05:00,6.1966939832902,6.225206578406869,6.092148405452183,6.177685737609863,24000.0,0.0,0.0,0.0,SBL.KA,
2021-04-14 00:00:00+05:00,6.1016530122155315,6.12066125869751,6.1016530122155315,6.12066125869751,4000.0,0.0,0.0,0.0,SBL.KA,
2021-04-15 00:00:00+05:00,6.12066125869751,6.12066125869751,6.12066125869751,6.12066125869751,1500.0,0.0,0.0,0.0,SBL.KA,
2021-04-16 00:00:00+05:00,6.101652912655722,7.071074373803394,6.101652912655722,6.880991458892822,476000.0,0.0,0.0,0.0,SBL.KA,
2021-04-19 00:00:00+05:00,6.662397016296076,6.662397016296076,6.282231630435709,6.529338836669922,30000.0,0.0,0.0,0.0,SBL.KA,
2021-04-20 00:00:00+05:00,6.557851488859145,6.557851488859145,6.519834995269775,6.519834995269775,1000.0,0.0,0.0,0.0,SBL.KA,
2021-04-21 00:00:00+05:00,6.472314174381603,6.472314174381603,6.386776836909416,6.405785083770752,8000.0,0.0,0.0,0.0,SBL.KA,
2021-04-22 00:00:00+05:00,6.272727154377223,6.6338842863412575,6.177685923121514,6.24421501159668,48500.0,0.0,0.0,0.0,SBL.KA,
2021-04-23 00:00:00+05:00,6.24421501159668,6.24421501159668,6.24421501159668,6.24421501159668,0.0,0.0,0.0,0.0,SBL.KA,
2021-04-26 00:00:00+05:00,6.092148836338807,6.1776861745463885,5.997107601215026,6.082644939422607,9500.0,0.0,0.0,0.0,SBL.KA,
2021-04-27 00:00:00+05:00,5.997107345140466,6.320247983955676,5.902066114074916,6.139669418334961,58000.0,0.0,0.0,0.0,SBL.KA,
2021-04-28 00:00:00+05:00,5.94958720135011,5.94958720135011,5.607438302223918,5.664463043212891,92500.0,0.0,0.0,0.0,SBL.KA,
2021-04-29 00:00:00+05:00,5.607438163581663,5.607438163581663,5.483884334564209,5.483884334564209,5500.0,0.0,0.0,0.0,SBL.KA,
2021-04-30 00:00:00+05:00,5.87355375289917,6.073140572709602,5.711983880226666,5.87355375289917,73500.0,0.0,0.0,0.0,SBL.KA,
2021-05-03 00:00:00+05:00,5.616942108920084,5.940082755860445,5.616942108920084,5.892561912536621,12500.0,0.0,0.0,0.0,SBL.KA,
2021-05-04 00:00:00+05:00,5.892561912536621,5.892561912536621,5.892561912536621,5.892561912536621,0.0,0.0,0.0,0.0,SBL.KA,
2021-05-05 00:00:00+05:00,5.607438234615882,6.842975180864987,5.607438234615882,6.415289402008057,161000.0,0.0,0.0,0.0,SBL.KA,
2021-05-06 00:00:00+05:00,6.377272543849568,6.377272543849568,6.092148405452183,6.177685737609863,33000.0,0.0,0.0,0.0,SBL.KA,
2021-05-07 00:00:00+05:00,6.177685737609863,6.177685737609863,6.177685737609863,6.177685737609863,0.0,0.0,0.0,0.0,SBL.KA,
2021-05-10 00:00:00+05:00,6.177685737609863,6.177685737609863,6.177685737609863,6.177685737609863,0.0,0.0,0.0,0.0,SBL.KA,
2021-05-11 00:00:00+05:00,6.177685737609863,6.177685737609863,6.177685737609863,6.177685737609863,0.0,0.0,0.0,0.0,SBL.KA,
2021-05-12 00:00:00+05:00,6.177685737609863,6.177685737609863,6.177685737609863,6.177685737609863,0.0,0.0,0.0,0.0,SBL.KA,
2021-05-13 00:00:00+05:00,6.177685737609863,6.177685737609863,6.177685737609863,6.177685737609863,0.0,0.0,0.0,0.0,SBL.KA,
2021-05-14 00:00:00+05:00,6.177685737609863,6.177685737609863,6.177685737609863,6.177685737609863,0.0,0.0,0.0,0.0,SBL.KA,
2021-05-17 00:00:00+05:00,6.225207050201572,6.386776924133301,6.177686205803066,6.386776924133301,53000.0,0.0,0.0,0.0,SBL.KA,
2021-05-18 00:00:00+05:00,5.9495867894458145,6.320247806808555,5.940082440009483,6.177685737609863,8000.0,0.0,0.0,0.0,SBL.KA,
2021-05-19 00:00:00+05:00,6.092148836338807,6.092148836338807,5.940082860140758,6.082644939422607,64000.0,0.0,0.0,0.0,SBL.KA,
2021-05-20 00:00:00+05:00,6.082644667103812,6.225206740003186,6.02561992858253,6.035123825073242,6000.0,0.0,0.0,0.0,SBL.KA,
2021-05-21 00:00:00+05:00,6.358264463219511,6.358264463219511,6.035123825073242,6.035123825073242,130000.0,0.0,0.0,0.0,SBL.KA,
2021-05-24 00:00:00+05:00,6.177686118250858,6.177686118250858,5.94008280601044,6.092148780822754,54000.0,0.0,0.0,0.0,SBL.KA,
2021-05-25 00:00:00+05:00,6.092148836338807,6.1776861745463885,6.082644939422607,6.082644939422607,77000.0,0.0,0.0,0.0,SBL.KA,
2021-05-26 00:00:00+05:00,5.959091138438245,6.215702701215304,5.959091138438245,6.073140621185303,6500.0,0.0,0.0,0.0,SBL.KA,
2021-05-27 00:00:00+05:00,6.168181388173532,6.1966939832902,6.063636263527839,6.177685737609863,203000.0,0.0,0.0,0.0,SBL.KA,
2021-05-28 00:00:00+05:00,6.215702523247847,6.225206873134153,6.082644797185977,6.111156940460205,26000.0,0.0,0.0,0.0,SBL.KA,
2021-05-31 00:00:00+05:00,6.0066117904335306,6.2252068519592285,5.997107440579553,6.2252068519592285,22500.0,0.0,0.0,0.0,SBL.KA,
2021-06-01 00:00:00+05:00,6.187190087046194,6.187190087046194,5.997107177050496,6.177685737609863,26000.0,0.0,0.0,0.0,SBL.KA,
2021-06-02 00:00:00+05:00,6.225207018704457,6.263223512753969,6.035124095264539,6.082644939422607,22500.0,0.0,0.0,0.0,SBL.KA,
2021-06-03 00:00:00+05:00,6.082644524141866,6.605371508230669,6.082644524141866,6.282231330871582,118500.0,0.0,0.0,0.0,SBL.KA,
2021-06-04 00:00:00+05:00,6.225206669564744,6.415289129151562,6.120661090195829,6.367768287658691,9500.0,0.0,0.0,0.0,SBL.KA,
2021-06-07 00:00:00+05:00,6.139669291882949,6.415289082892578,6.139669291882949,6.272727012634277,3500.0,0.0,0.0,0.0,SBL.KA,
2021-06-08 00:00:00+05:00,6.225206697098457,6.225206697098457,6.130165013692353,6.149173259735107,13000.0,0.0,0.0,0.0,SBL.KA,
2021-06-09 00:00:00+05:00,6.272727174023905,6.320248016396768,6.082644710917132,6.130165100097656,148000.0,0.0,0.0,0.0,SBL.KA,
2021-06-10 00:00:00+05:00,6.092148504147295,6.415289139140356,6.082644607749322,6.263223171234131,41000.0,0.0,0.0,0.0,SBL.KA,
2021-06-11 00:00:00+05:00,6.263223423052669,6.263223423052669,6.082644852307537,6.101653099060059,66000.0,0.0,0.0,0.0,SBL.KA,
2021-06-14 00:00:00+05:00,6.044628048421588,6.263223101447297,6.035123698937183,6.168181419372559,145500.0,0.0,0.0,0.0,SBL.KA,
2021-06-15 00:00:00+05:00,6.1016529797606855,6.633884331617472,6.082644733379813,6.548346996307373,218000.0,0.0,0.0,0.0,SBL.KA,
2021-06-16 00:00:00+05:00,6.367768287658691,6.377272637234198,6.272727057865283,6.367768287658691,29500.0,0.0,0.0,0.0,SBL.KA,
2021-06-17 00:00:00+05:00,6.177686009074029,6.329751981198916,6.139669516042807,6.2252068519592285,9000.0,0.0,0.0,0.0,SBL.KA,
2021-06-18 00:00:00+05:00,6.2347106198625175,6.358264446258545,6.2347106198625175,6.358264446258545,1000.0,0.0,0.0,0.0,SBL.KA,
2021-06-21 00:00:00+05:00,6.377272559506608,6.538842874782314,6.272726981411917,6.282231330871582,68500.0,0.0,0.0,0.0,SBL.KA,
2021-06-22 00:00:00+05:00,6.2917356172971495,6.510330683309219,6.2917356172971495,6.301239967346191,16000.0,0.0,0.0,0.0,SBL.KA,
2021-06-23 00:00:00+05:00,6.2252068519592285,6.2252068519592285,6.2252068519592285,6.2252068519592285,5000.0,0.0,0.0,0.0,SBL.KA,
2021-06-24 00:00:00+05:00,6.320248106035489,6.320248106035489,6.082644797185977,6.111156940460205,30500.0,0.0,0.0,0.0,SBL.KA,
2021-06-25 00:00:00+05:00,6.0446280627748585,6.367768241742368,6.0446280627748585,6.272727012634277,13500.0,0.0,0.0,0.0,SBL.KA,
2021-06-28 00:00:00+05:00,5.797520493798669,6.253718852996826,5.740495755547942,6.253718852996826,42000.0,0.0,0.0,0.0,SBL.KA,
2021-06-29 00:00:00+05:00,6.3487600966008495,6.367768342723905,6.082644650878075,6.358264446258545,5500.0,0.0,0.0,0.0,SBL.KA,
2021-06-30 00:00:00+05:00,6.177685912067085,6.358264477725973,6.177685912067085,6.34876012802124,154500.0,0.0,0.0,0.0,SBL.KA,
2021-07-01 00:00:00+05:00,6.272727012634277,6.272727012634277,6.272727012634277,6.272727012634277,500.0,0.0,0.0,0.0,SBL.KA,
2021-07-02 00:00:00+05:00,6.092148504147295,6.633884194601721,6.082644607749322,6.263223171234131,122000.0,0.0,0.0,0.0,SBL.KA,
2021-07-05 00:00:00+05:00,6.548346754972604,6.586363246333279,6.177685737609863,6.177685737609863,1032000.0,0.0,0.0,0.0,SBL.KA,
2021-07-06 00:00:00+05:00,6.177685768856963,6.177685768856963,6.130164927819594,6.168181419372559,14500.0,0.0,0.0,0.0,SBL.KA,
2021-07-07 00:00:00+05:00,6.177685737609863,6.177685737609863,6.168181388173532,6.177685737609863,505000.0,0.0,0.0,0.0,SBL.KA,
2021-07-08 00:00:00+05:00,6.1681818244378315,6.1681818244378315,6.082644939422607,6.082644939422607,12000.0,0.0,0.0,0.0,SBL.KA,
2021-07-09 00:00:00+05:00,5.702479222078443,6.158677577972412,5.702479222078443,6.158677577972412,40500.0,0.0,0.0,0.0,SBL.KA,
2021-07-12 00:00:00+05:00,6.082644509208176,6.177685737609863,6.082644509208176,6.177685737609863,85500.0,0.0,0.0,0.0,SBL.KA,
2021-07-13 00:00:00+05:00,5.797520811283734,6.538843355524326,5.797520811283734,6.073140621185303,13000.0,0.0,0.0,0.0,SBL.KA,
2021-07-14 00:00:00+05:00,5.997107593984225,6.41528948121701,5.997107593984225,6.291735649108887,7602500.0,0.0,0.0,0.0,SBL.KA,
2021-07-15 00:00:00+05:00,5.9971076016307014,6.605371959657416,5.94008286055248,6.3962812423706055,2994000.0,0.0,0.0,0.0,SBL.KA,
2021-07-16 00:00:00+05:00,6.196694421571144,6.196694421571144,6.044628445373095,6.082644939422607,259500.0,0.0,0.0,0.0,SBL.KA,
2021-07-19 00:00:00+05:00,6.035123713267885,6.367768241742368,6.035123713267885,6.272727012634277,144000.0,0.0,0.0,0.0,SBL.KA,
2021-07-20 00:00:00+05:00,6.272727012634277,6.272727012634277,6.272727012634277,6.272727012634277,0.0,0.0,0.0,0.0,SBL.KA,
2021-07-21 00:00:00+05:00,6.272727012634277,6.272727012634277,6.272727012634277,6.272727012634277,0.0,0.0,0.0,0.0,SBL.KA,
2021-07-22 00:00:00+05:00,6.272727012634277,6.272727012634277,6.272727012634277,6.272727012634277,0.0,0.0,0.0,0.0,SBL.KA,
2021-07-23 00:00:00+05:00,6.272727012634277,6.272727012634277,6.272727012634277,6.272727012634277,0.0,0.0,0.0,0.0,SBL.KA,
2021-07-26 00:00:00+05:00,6.244215000423203,6.367768374238368,6.177685912067085,6.34876012802124,96500.0,0.0,0.0,0.0,SBL.KA,
2021-07-27 00:00:00+05:00,6.177686182563435,6.225207026783174,6.082644947316315,6.187190532684326,80500.0,0.0,0.0,0.0,SBL.KA,
2021-07-28 00:00:00+05:00,6.253719162645413,6.253719162645413,6.082644939422607,6.082644939422607,80000.0,0.0,0.0,0.0,SBL.KA,
2021-07-29 00:00:00+05:00,6.2252068519592285,6.2252068519592285,6.082644776495974,6.2252068519592285,5500.0,0.0,0.0,0.0,SBL.KA,
2021-07-30 00:00:00+05:00,6.092148836338807,6.092148836338807,6.082644939422607,6.082644939422607,31000.0,0.0,0.0,0.0,SBL.KA,
2021-08-02 00:00:00+05:00,6.082644509208176,6.177685737609863,6.082644509208176,6.177685737609863,39500.0,0.0,0.0,0.0,SBL.KA,
2021-08-03 00:00:00+05:00,6.177685737609863,6.177685737609863,6.177685737609863,6.177685737609863,35000.0,0.0,0.0,0.0,SBL.KA,
2021-08-04 00:00:00+05:00,6.272727012634277,6.272727012634277,6.263223116319632,6.272727012634277,576000.0,0.0,0.0,0.0,SBL.KA,
2021-08-05 00:00:00+05:00,6.348760358014339,6.348760358014339,6.301239967346191,6.301239967346191,1500.0,0.0,0.0,0.0,SBL.KA,
2021-08-06 00:00:00+05:00,6.301239967346191,6.301239967346191,6.301239967346191,6.301239967346191,0.0,0.0,0.0,0.0,SBL.KA,
2021-08-09 00:00:00+05:00,6.177686095553052,6.282231679448577,6.054132264875826,6.206198692321777,8500.0,0.0,0.0,0.0,SBL.KA,
2021-08-10 00:00:00+05:00,6.177685737609863,6.177685737609863,6.177685737609863,6.177685737609863,500.0,0.0,0.0,0.0,SBL.KA,
2021-08-11 00:00:00+05:00,6.177685737609863,6.177685737609863,6.177685737609863,6.177685737609863,0.0,0.0,0.0,0.0,SBL.KA,
2021-08-12 00:00:00+05:00,5.997107357139496,6.24421501159668,5.997107357139496,6.24421501159668,1500.0,0.0,0.0,0.0,SBL.KA,
2021-08-13 00:00:00+05:00,6.24421501159668,6.24421501159668,6.24421501159668,6.24421501159668,0.0,0.0,0.0,0.0,SBL.KA,
2021-08-16 00:00:00+05:00,6.082644539974552,6.168181419372559,5.997107207384219,6.168181419372559,20500.0,0.0,0.0,0.0,SBL.KA,
2021-08-17 00:00:00+05:00,6.2252068519592285,6.2252068519592285,6.2252068519592285,6.2252068519592285,500.0,0.0,0.0,0.0,SBL.KA,
2021-08-18 00:00:00+05:00,6.2252068519592285,6.2252068519592285,6.2252068519592285,6.2252068519592285,0.0,0.0,0.0,0.0,SBL.KA,
2021-08-19 00:00:00+05:00,6.2252068519592285,6.2252068519592285,6.2252068519592285,6.2252068519592285,0.0,0.0,0.0,0.0,SBL.KA,
2021-08-20 00:00:00+05:00,6.0351237388086325,6.177685809670258,6.0351237388086325,6.054131984710693,11000.0,0.0,0.0,0.0,SBL.KA,
2021-08-23 00:00:00+05:00,6.044628146077491,6.253718852996826,6.044628146077491,6.253718852996826,1000.0,0.0,0.0,0.0,SBL.KA,
2021-08-24 00:00:00+05:00,6.168181419372559,6.168181419372559,6.168181419372559,6.168181419372559,10000.0,0.0,0.0,0.0,SBL.KA,
2021-08-25 00:00:00+05:00,6.130165024051316,6.130165024051316,6.044628143310547,6.044628143310547,5500.0,0.0,0.0,0.0,SBL.KA,
2021-08-26 00:00:00+05:00,5.997107260836083,6.158677577972412,5.930578173429263,6.158677577972412,27000.0,0.0,0.0,0.0,SBL.KA,
2021-08-27 00:00:00+05:00,6.158677577972412,6.158677577972412,6.158677577972412,6.158677577972412,0.0,0.0,0.0,0.0,SBL.KA,
2021-08-30 00:00:00+05:00,5.949586868286133,5.949586868286133,5.921074272791633,5.949586868286133,592000.0,0.0,0.0,0.0,SBL.KA,
2021-08-31 00:00:00+05:00,5.902065957291151,5.902065957291151,5.807024728750296,5.8545451164245605,39500.0,0.0,0.0,0.0,SBL.KA,
2021-09-01 00:00:00+05:00,5.845041437188456,5.845041437188456,5.702479362487793,5.702479362487793,128500.0,0.0,0.0,0.0,SBL.KA,
2021-09-02 00:00:00+05:00,5.7690086369179525,6.1776861745463885,5.7690086369179525,6.082644939422607,1506500.0,0.0,0.0,0.0,SBL.KA,
2021-09-03 00:00:00+05:00,5.987603664398193,5.987603664398193,5.892561976715402,5.987603664398193,18500.0,0.0,0.0,0.0,SBL.KA,
2021-09-06 00:00:00+05:00,6.082644733379813,6.652892577998346,6.03512389083146,6.548346996307373,1335500.0,0.0,0.0,0.0,SBL.KA,
2021-09-07 00:00:00+05:00,6.367768429598496,6.510330504062534,6.272727197686585,6.339256286621094,525500.0,0.0,0.0,0.0,SBL.KA,
2021-09-08 00:00:00+05:00,6.415289216377358,6.510330447463,6.320247985291717,6.34876012802124,385000.0,0.0,0.0,0.0,SBL.KA,
2021-09-09 00:00:00+05:00,6.44380172468575,6.4533056210689255,6.272727057865283,6.367768287658691,241000.0,0.0,0.0,0.0,SBL.KA,
2021-09-10 00:00:00+05:00,6.272727208098104,6.652892589569092,6.272727208098104,6.652892589569092,3563000.0,0.0,0.0,0.0,SBL.KA,
2021-09-13 00:00:00+05:00,6.652892589569092,7.603305816650391,6.652892589569092,7.603305816650391,1520500.0,0.0,0.0,0.0,SBL.KA,
2021-09-14 00:00:00+05:00,8.553718566894531,8.553718566894531,7.93595036628378,8.553718566894531,1881000.0,0.0,0.0,0.0,SBL.KA,
2021-09-15 00:00:00+05:00,9.504132270812988,9.504132270812988,9.504132270812988,9.504132270812988,1014000.0,0.0,0.0,0.0,SBL.KA,
2021-09-16 00:00:00+05:00,10.454545974731445,10.454545974731445,10.454545974731445,10.454545974731445,709500.0,0.0,0.0,0.0,SBL.KA,
2021-09-17 00:00:00+05:00,11.40495867768595,11.40495867768595,10.359503769677533,10.568594932556152,1772000.0,0.0,0.0,0.0,SBL.KA,
2021-09-20 00:00:00+05:00,10.464049902085504,10.54958723798896,10.074380621978372,10.12190055847168,464500.0,0.0,0.0,0.0,SBL.KA,
2021-09-21 00:00:00+05:00,10.435536999481359,11.072313946413432,10.074380763846028,10.093388557434082,1120500.0,0.0,0.0,0.0,SBL.KA,
2021-09-22 00:00:00+05:00,10.834710198253266,10.834710198253266,9.142974943423718,9.333057403564453,183000.0,0.0,0.0,0.0,SBL.KA,
2021-09-23 00:00:00+05:00,8.9338836045974,10.283470404060807,8.648760373306672,10.017354965209961,457000.0,0.0,0.0,0.0,SBL.KA,
2021-09-24 00:00:00+05:00,10.549586864980656,10.549586864980656,9.380578159607936,9.998347282409668,70000.0,0.0,0.0,0.0,SBL.KA,
2021-09-27 00:00:00+05:00,9.941322154015454,9.979338645935059,9.931817804439389,9.979338645935059,55000.0,0.0,0.0,0.0,SBL.KA,
2021-09-28 00:00:00+05:00,9.9793387087322,9.9793387087322,9.504132103554475,9.96033000946045,7500.0,0.0,0.0,0.0,SBL.KA,
2021-09-29 00:00:00+05:00,9.513636168746286,9.979338410364306,9.504131819394578,9.817768096923828,75500.0,0.0,0.0,0.0,SBL.KA,
2021-09-30 00:00:00+05:00,9.504131925620067,9.97933852190107,9.171486945669503,9.798760414123535,39000.0,0.0,0.0,0.0,SBL.KA,
2021-10-01 00:00:00+05:00,9.599173575416263,10.749173570836353,9.551652734669718,10.654131889343262,530000.0,0.0,0.0,0.0,SBL.KA,
2021-10-04 00:00:00+05:00,10.549587664328348,10.644628447540526,10.216942657123912,10.454545974731445,147000.0,0.0,0.0,0.0,SBL.KA,
2021-10-05 00:00:00+05:00,10.026860046237761,10.454545830764834,9.789256731902197,9.855785369873047,177000.0,0.0,0.0,0.0,SBL.KA,
2021-10-06 00:00:00+05:00,10.026859660513677,10.27396731544899,9.133470725404367,9.523140907287598,21000.0,0.0,0.0,0.0,SBL.KA,
2021-10-07 00:00:00+05:00,9.17148687225629,10.21694173826001,9.076446097591635,9.808263778686523,74500.0,0.0,0.0,0.0,SBL.KA,
2021-10-08 00:00:00+05:00,9.608677335794734,9.88429713356576,9.504132207807338,9.523140907287598,62000.0,0.0,0.0,0.0,SBL.KA,
2021-10-11 00:00:00+05:00,9.266529208735415,9.266529208735415,8.895867714087503,9.028925895690918,3000.0,0.0,0.0,0.0,SBL.KA,
2021-10-12 00:00:00+05:00,8.838843395418035,9.219008332397104,8.791322551699476,9.038430213928223,27000.0,0.0,0.0,0.0,SBL.KA,
2021-10-13 00:00:00+05:00,9.789256115890312,9.789256115890312,9.361570358276367,9.361570358276367,2000.0,0.0,0.0,0.0,SBL.KA,
2021-10-14 00:00:00+05:00,10.159917195519334,10.159917195519334,9.038430182178262,9.047934532165527,4500.0,0.0,0.0,0.0,SBL.KA,
2021-10-15 00:00:00+05:00,9.2190078433663,9.998347282409668,9.133470510487243,9.998347282409668,891500.0,0.0,0.0,0.0,SBL.KA,
2021-10-18 00:00:00+05:00,10.445040833068624,10.445040833068624,9.979338583376695,9.998347282409668,10000.0,0.0,0.0,0.0,SBL.KA,
2021-10-19 00:00:00+05:00,9.998347282409668,9.998347282409668,9.998347282409668,9.998347282409668,0.0,0.0,0.0,0.0,SBL.KA,
2021-10-20 00:00:00+05:00,10.350000208507055,10.454545335564216,9.979338729402206,10.388016700744629,11000.0,0.0,0.0,0.0,SBL.KA,
2021-10-21 00:00:00+05:00,9.504132558565948,10.454545814422541,9.504132558565948,10.074380874633789,29000.0,0.0,0.0,0.0,SBL.KA,
2021-10-22 00:00:00+05:00,9.551652941590003,11.024793598338107,9.551652941590003,10.815702438354492,57000.0,0.0,0.0,0.0,SBL.KA,
2021-10-25 00:00:00+05:00,9.9793387048047,11.119834375505446,9.9793387048047,10.815702438354492,133000.0,0.0,0.0,0.0,SBL.KA,
2021-10-26 00:00:00+05:00,11.119834322956569,11.404958465880513,10.739669403314418,11.034296989440918,655500.0,0.0,0.0,0.0,SBL.KA,
2021-10-27 00:00:00+05:00,11.195867699157237,11.214876398997689,10.454545626688834,10.53057861328125,352500.0,0.0,0.0,0.0,SBL.KA,
2021-10-28 00:00:00+05:00,10.692148728464247,10.92975203354123,9.903305828119437,10.578099250793457,404500.0,0.0,0.0,0.0,SBL.KA,
2021-10-29 00:00:00+05:00,9.69421440738389,10.635123252868652,9.656197915840606,10.635123252868652,7500.0,0.0,0.0,0.0,SBL.KA,
2021-11-01 00:00:00+05:00,10.007850583782337,10.407024193973966,9.808263778686523,9.808263778686523,21500.0,0.0,0.0,0.0,SBL.KA,
2021-11-02 00:00:00+05:00,10.454545974731445,10.454545974731445,10.083884472965192,10.454545974731445,294500.0,0.0,0.0,0.0,SBL.KA,
2021-11-03 00:00:00+05:00,10.454545227741443,11.404958430263392,10.454545227741443,11.262396812438965,368000.0,0.0,0.0,0.0,SBL.KA,
2021-11-04 00:00:00+05:00,12.212809895954837,12.212809895954837,11.043801196924065,11.281404495239258,58000.0,0.0,0.0,0.0,SBL.KA,
2021-11-05 00:00:00+05:00,10.958264650519752,11.737604141235352,10.94876120675782,11.737604141235352,28500.0,0.0,0.0,0.0,SBL.KA,
2021-11-08 00:00:00+05:00,12.355372175198672,12.355372175198672,11.357438087463379,11.357438087463379,13000.0,0.0,0.0,0.0,SBL.KA,
2021-11-09 00:00:00+05:00,10.92975203354123,11.357437801402865,10.502066265679597,10.578099250793457,12000.0,0.0,0.0,0.0,SBL.KA,
2021-11-10 00:00:00+05:00,10.50206601456095,10.920247422687899,10.454545173404908,10.84421443939209,9000.0,0.0,0.0,0.0,SBL.KA,
2021-11-11 00:00:00+05:00,10.483057869593525,10.929752349853516,10.483057869593525,10.929752349853516,4000.0,0.0,0.0,0.0,SBL.KA,
2021-11-12 00:00:00+05:00,11.300413304284456,11.300413304284456,10.216941927110955,11.262396812438965,12000.0,0.0,0.0,0.0,SBL.KA,
2021-11-15 00:00:00+05:00,10.92975257095721,11.214876732346081,10.92975257095721,11.091322898864746,7500.0,0.0,0.0,0.0,SBL.KA,
2021-11-16 00:00:00+05:00,11.043801830824954,11.205372155464,10.929752349853516,10.929752349853516,174000.0,0.0,0.0,0.0,SBL.KA,
2021-11-17 00:00:00+05:00,11.785123910331649,11.785123910331649,10.929752349853516,10.929752349853516,7000.0,0.0,0.0,0.0,SBL.KA,
2021-11-18 00:00:00+05:00,11.785123727653746,11.785123727653746,9.998347647079504,10.54958724975586,19500.0,0.0,0.0,0.0,SBL.KA,
2021-11-19 00:00:00+05:00,9.74173578076736,11.500000650093886,9.74173578076736,11.347933769226074,62500.0,0.0,0.0,0.0,SBL.KA,
2021-11-22 00:00:00+05:00,11.975207090177156,11.975207090177156,11.167355480124884,11.385950088500977,66000.0,0.0,0.0,0.0,SBL.KA,
2021-11-23 00:00:00+05:00,12.260330010649277,12.260330010649277,10.644627739643624,10.825206756591797,3500.0,0.0,0.0,0.0,SBL.KA,
2021-11-24 00:00:00+05:00,11.252893031872617,11.252893031872617,10.454545756365007,10.920248031616211,174500.0,0.0,0.0,0.0,SBL.KA,
2021-11-25 00:00:00+05:00,11.59504144204592,11.59504144204592,10.739669881567787,10.929752349853516,103500.0,0.0,0.0,0.0,SBL.KA,
2021-11-26 00:00:00+05:00,10.929752413510542,11.832644822914904,10.692149100173356,10.910743713378906,63500.0,0.0,0.0,0.0,SBL.KA,
2021-11-29 00:00:00+05:00,11.785124096273307,11.861157084787223,10.929752522299415,11.51900863647461,316500.0,0.0,0.0,0.0,SBL.KA,
2021-11-30 00:00:00+05:00,12.355372119863949,12.46942159989653,11.404958879874414,12.003719329833984,206500.0,0.0,0.0,0.0,SBL.KA,
2021-12-01 00:00:00+05:00,12.821073837410093,12.821073837410093,11.081817755692207,12.117768287658691,123500.0,0.0,0.0,0.0,SBL.KA,
2021-12-02 00:00:00+05:00,11.338430293898503,11.832644709586404,11.167355619891108,11.357438087463379,6000.0,0.0,0.0,0.0,SBL.KA,
2021-12-03 00:00:00+05:00,12.060743547426862,12.060743547426862,10.749174081388507,11.176859855651855,20000.0,0.0,0.0,0.0,SBL.KA,
2021-12-06 00:00:00+05:00,11.176859855651855,11.176859855651855,11.176859855651855,11.176859855651855,0.0,0.0,0.0,0.0,SBL.KA,
2021-12-07 00:00:00+05:00,12.070247592324902,12.070247592324902,10.92975192097804,11.870660781860352,8000.0,0.0,0.0,0.0,SBL.KA,
2021-12-08 00:00:00+05:00,11.12933924998269,11.12933924998269,11.119834899902344,11.119834899902344,6000.0,0.0,0.0,0.0,SBL.KA,
2021-12-09 00:00:00+05:00,10.929752130550632,12.070247823765936,10.929752130550632,12.032231330871582,166500.0,0.0,0.0,0.0,SBL.KA,
2021-12-10 00:00:00+05:00,12.830578495900308,12.830578495900308,11.880165273981767,12.260330200195312,108500.0,0.0,0.0,0.0,SBL.KA,
2021-12-13 00:00:00+05:00,12.355371704101563,12.545454164426191,11.880165100097656,11.880165100097656,66000.0,0.0,0.0,0.0,SBL.KA,
2021-12-14 00:00:00+05:00,12.535949757726527,12.535949757726527,12.108263997347576,12.317355155944824,25500.0,0.0,0.0,0.0,SBL.KA,
2021-12-15 00:00:00+05:00,12.640496423421807,13.26776902425105,11.927686484954991,11.975207328796387,37000.0,0.0,0.0,0.0,SBL.KA,
2021-12-16 00:00:00+05:00,11.880165426538271,11.880165426538271,11.452479652459832,11.595041275024414,3500.0,0.0,0.0,0.0,SBL.KA,
2021-12-17 00:00:00+05:00,11.690082639773026,11.880165100097656,11.690082639773026,11.880165100097656,31500.0,0.0,0.0,0.0,SBL.KA,
2021-12-20 00:00:00+05:00,11.861156369573008,11.889669418334961,11.861156369573008,11.889669418334961,59000.0,0.0,0.0,0.0,SBL.KA,
2021-12-21 00:00:00+05:00,11.88966930852084,12.298346366769609,11.690082500953897,11.908677101135254,39000.0,0.0,0.0,0.0,SBL.KA,
2021-12-22 00:00:00+05:00,12.25082729948464,12.260330743272428,11.623553783869896,11.728099822998047,11500.0,0.0,0.0,0.0,SBL.KA,
2021-12-23 00:00:00+05:00,11.671073800217467,12.450413237754818,11.671073800217467,12.127272605895996,32500.0,0.0,0.0,0.0,SBL.KA,
2021-12-24 00:00:00+05:00,12.070248098032033,12.821074529544683,11.880165629241118,12.393388748168945,63000.0,0.0,0.0,0.0,SBL.KA,
2021-12-27 00:00:00+05:00,12.070248030432412,12.070248030432412,11.946694199814104,11.984710693359375,1500.0,0.0,0.0,0.0,SBL.KA,
2021-12-28 00:00:00+05:00,11.984710693359375,11.984710693359375,11.984710693359375,11.984710693359375,0.0,0.0,0.0,0.0,SBL.KA,
2021-12-29 00:00:00+05:00,11.804132115967805,11.880165100097656,11.794627766355406,11.880165100097656,26500.0,0.0,0.0,0.0,SBL.KA,
2021-12-30 00:00:00+05:00,11.832644289694946,11.88016513149787,11.832644289694946,11.870660781860352,14500.0,0.0,0.0,0.0,SBL.KA,
2021-12-31 00:00:00+05:00,11.851653162138229,11.851653162138229,11.83264446258545,11.83264446258545,38000.0,0.0,0.0,0.0,SBL.KA,
2022-01-03 00:00:00+05:00,11.595040987064987,11.88016513149787,11.595040987064987,11.870660781860352,26000.0,0.0,0.0,0.0,SBL.KA,
2022-01-04 00:00:00+05:00,12.060743840420521,12.34586799898422,12.060743840420521,12.165289878845215,144500.0,0.0,0.0,0.0,SBL.KA,
2022-01-05 00:00:00+05:00,12.165289878845215,12.165289878845215,12.165289878845215,12.165289878845215,0.0,0.0,0.0,0.0,SBL.KA,
2022-01-06 00:00:00+05:00,11.785123498568732,13.106198193170474,11.69008272093887,12.288843154907227,279500.0,0.0,0.0,0.0,SBL.KA,
2022-01-07 00:00:00+05:00,12.117768194680869,12.117768194680869,11.785123215018121,11.927685737609863,11000.0,0.0,0.0,0.0,SBL.KA,
2022-01-10 00:00:00+05:00,11.794628303476024,11.975207328796387,11.737604015974116,11.975207328796387,70500.0,0.0,0.0,0.0,SBL.KA,
2022-01-11 00:00:00+05:00,12.16528939058858,12.336363153752943,12.16528939058858,12.269834518432617,10000.0,0.0,0.0,0.0,SBL.KA,
2022-01-12 00:00:00+05:00,12.345867237894067,13.21074310399169,12.117768287658691,12.117768287658691,166000.0,0.0,0.0,0.0,SBL.KA,
2022-01-13 00:00:00+05:00,12.117768287658691,12.117768287658691,12.117768287658691,12.117768287658691,0.0,0.0,0.0,0.0,SBL.KA,
2022-01-14 00:00:00+05:00,12.117768287658691,12.260329904959637,12.117768287658691,12.117768287658691,2500.0,0.0,0.0,0.0,SBL.KA,
2022-01-17 00:00:00+05:00,11.880165100097656,11.880165100097656,11.880165100097656,11.880165100097656,4000.0,0.0,0.0,0.0,SBL.KA,
2022-01-18 00:00:00+05:00,11.880165100097656,11.880165100097656,11.880165100097656,11.880165100097656,0.0,0.0,0.0,0.0,SBL.KA,
2022-01-19 00:00:00+05:00,11.404958967759574,12.155785396881692,11.404958967759574,11.775620460510254,51500.0,0.0,0.0,0.0,SBL.KA,
2022-01-20 00:00:00+05:00,12.58347102488723,12.58347102488723,11.423967529768811,11.804132461547852,37500.0,0.0,0.0,0.0,SBL.KA,
2022-01-21 00:00:00+05:00,11.804132461547852,11.804132461547852,11.804132461547852,11.804132461547852,0.0,0.0,0.0,0.0,SBL.KA,
2022-01-24 00:00:00+05:00,11.804132461547852,11.804132461547852,11.804132461547852,11.804132461547852,0.0,0.0,0.0,0.0,SBL.KA,
2022-01-25 00:00:00+05:00,11.804132461547852,11.804132461547852,11.804132461547852,11.804132461547852,0.0,0.0,0.0,0.0,SBL.KA,
2022-01-26 00:00:00+05:00,11.69008272667127,12.108264142494006,11.69008272667127,12.070247650146484,30000.0,0.0,0.0,0.0,SBL.KA,
2022-01-27 00:00:00+05:00,11.652066199356703,12.070247613924506,11.642561849702176,11.66157054901123,40500.0,0.0,0.0,0.0,SBL.KA,
2022-01-28 00:00:00+05:00,11.414463074778723,11.414463074778723,11.404958724975586,11.404958724975586,9000.0,0.0,0.0,0.0,SBL.KA,
2022-01-31 00:00:00+05:00,11.642561912536621,11.642561912536621,11.642561912536621,11.642561912536621,2000.0,0.0,0.0,0.0,SBL.KA,
2022-02-01 00:00:00+05:00,11.500000261430166,11.861156485429257,11.40495857739798,11.652066230773926,63000.0,0.0,0.0,0.0,SBL.KA,
2022-02-02 00:00:00+05:00,11.832644668397066,11.88016551172089,11.785123825073242,11.785123825073242,2500.0,0.0,0.0,0.0,SBL.KA,
2022-02-03 00:00:00+05:00,12.345867916712917,12.345867916712917,11.38595031537861,11.975207328796387,199000.0,0.0,0.0,0.0,SBL.KA,
2022-02-04 00:00:00+05:00,12.155785429701943,12.165289779733067,11.404958998552617,11.76611614227295,314500.0,0.0,0.0,0.0,SBL.KA,
2022-02-07 00:00:00+05:00,12.355371704101563,12.355371704101563,11.880165100097656,11.880165100097656,74500.0,0.0,0.0,0.0,SBL.KA,
2022-02-08 00:00:00+05:00,11.880165100097656,11.880165100097656,11.880165100097656,11.880165100097656,165500.0,0.0,0.0,0.0,SBL.KA,
2022-02-09 00:00:00+05:00,11.385950191368645,12.16528966527913,11.385950191368645,11.785123825073242,238500.0,0.0,0.0,0.0,SBL.KA,
2022-02-10 00:00:00+05:00,11.785123825073242,11.785123825073242,11.785123825073242,11.785123825073242,0.0,0.0,0.0,0.0,SBL.KA,
2022-02-11 00:00:00+05:00,11.785123825073242,11.785123825073242,11.785123825073242,11.785123825073242,0.0,0.0,0.0,0.0,SBL.KA,
2022-02-14 00:00:00+05:00,11.452479368040882,11.870660781860352,11.452479368040882,11.870660781860352,3000.0,0.0,0.0,0.0,SBL.KA,
2022-02-15 00:00:00+05:00,12.022727012634277,12.022727012634277,12.022727012634277,12.022727012634277,500.0,0.0,0.0,0.0,SBL.KA,
2022-02-16 00:00:00+05:00,12.022727012634277,12.022727012634277,12.022727012634277,12.022727012634277,0.0,0.0,0.0,0.0,SBL.KA,
2022-02-17 00:00:00+05:00,11.870660565252996,11.975206596588682,11.5,11.5,29000.0,0.0,0.0,0.0,SBL.KA,
2022-02-18 00:00:00+05:00,12.0,12.449999809265137,11.5,12.350000381469727,67500.0,0.6,0.0,0.0,SBL.KA,
2022-02-21 00:00:00+05:00,12.100000381469727,12.100000381469727,12.0,12.0,1000.0,0.0,0.0,0.0,SBL.KA,
2022-02-22 00:00:00+05:00,11.5,12.199999809265137,11.5,12.010000228881836,16500.0,0.0,0.0,0.0,SBL.KA,
2022-02-23 00:00:00+05:00,12.010000228881836,12.010000228881836,12.010000228881836,12.010000228881836,0.0,0.0,0.0,0.0,SBL.KA,
2022-02-24 00:00:00+05:00,12.0,12.100000381469727,12.0,12.0,18500.0,0.0,0.0,0.0,SBL.KA,
2022-02-25 00:00:00+05:00,11.800000190734863,12.100000381469727,11.800000190734863,12.079999923706055,2500.0,0.0,0.0,0.0,SBL.KA,
2022-02-28 00:00:00+05:00,12.010000228881836,12.010000228881836,12.010000228881836,12.010000228881836,500.0,0.0,0.0,0.0,SBL.KA,
2022-03-01 00:00:00+05:00,12.050000190734863,12.550000190734863,12.010000228881836,12.010000228881836,139500.0,0.0,0.0,0.0,SBL.KA,
2022-03-02 00:00:00+05:00,12.079999923706055,12.09000015258789,12.010000228881836,12.079999923706055,12500.0,0.0,0.0,0.0,SBL.KA,
2022-03-03 00:00:00+05:00,12.199999809265137,12.529999732971191,12.199999809265137,12.529999732971191,134500.0,0.0,0.0,0.0,SBL.KA,
2022-03-04 00:00:00+05:00,12.050000190734863,12.050000190734863,12.050000190734863,12.050000190734863,3000.0,0.0,0.0,0.0,SBL.KA,
2022-03-07 00:00:00+05:00,12.0,12.479999542236328,12.0,12.479999542236328,164500.0,0.0,0.0,0.0,SBL.KA,
2022-03-08 00:00:00+05:00,13.0,13.0,12.109999656677246,12.109999656677246,1000.0,0.0,0.0,0.0,SBL.KA,
2022-03-09 00:00:00+05:00,12.029999732971191,12.600000381469727,12.0,12.149999618530273,113000.0,0.0,0.0,0.0,SBL.KA,
2022-03-10 00:00:00+05:00,12.850000381469727,13.149999618530273,12.300000190734863,12.609999656677246,195500.0,0.0,0.0,0.0,SBL.KA,
2022-03-11 00:00:00+05:00,12.300000190734863,12.609999656677246,12.300000190734863,12.300000190734863,149000.0,0.0,0.0,0.0,SBL.KA,
2022-03-14 00:00:00+05:00,12.180000305175781,12.180000305175781,12.130000114440918,12.15999984741211,11000.0,0.0,0.0,0.0,SBL.KA,
2022-03-15 00:00:00+05:00,12.5,12.5,12.5,12.5,500.0,0.0,0.0,0.0,SBL.KA,
2022-03-16 00:00:00+05:00,12.199999809265137,12.199999809265137,12.199999809265137,12.199999809265137,3000.0,0.0,0.0,0.0,SBL.KA,
2022-03-17 00:00:00+05:00,12.199999809265137,12.199999809265137,12.199999809265137,12.199999809265137,0.0,0.0,0.0,0.0,SBL.KA,
2022-03-18 00:00:00+05:00,12.600000381469727,13.199999809265137,12.600000381469727,13.199999809265137,12000.0,0.0,0.0,0.0,SBL.KA,
2022-03-21 00:00:00+05:00,12.220000267028809,12.359999656677246,12.220000267028809,12.3100004196167,15000.0,0.0,0.0,0.0,SBL.KA,
2022-03-22 00:00:00+05:00,12.149999618530273,12.149999618530273,12.149999618530273,12.149999618530273,500.0,0.0,0.0,0.0,SBL.KA,
2022-03-23 00:00:00+05:00,12.149999618530273,12.149999618530273,12.149999618530273,12.149999618530273,0.0,0.0,0.0,0.0,SBL.KA,
2022-03-24 00:00:00+05:00,12.15999984741211,12.15999984741211,12.15999984741211,12.15999984741211,1000.0,0.0,0.0,0.0,SBL.KA,
2022-03-25 00:00:00+05:00,12.15999984741211,12.15999984741211,12.15999984741211,12.15999984741211,0.0,0.0,0.0,0.0,SBL.KA,
2022-03-28 00:00:00+05:00,12.15999984741211,12.15999984741211,12.15999984741211,12.15999984741211,0.0,0.0,0.0,0.0,SBL.KA,
2022-03-29 00:00:00+05:00,12.15999984741211,12.15999984741211,12.15999984741211,12.15999984741211,0.0,0.0,0.0,0.0,SBL.KA,
2022-03-30 00:00:00+05:00,12.5,12.5,12.5,12.5,2500.0,0.0,0.0,0.0,SBL.KA,
2022-03-31 00:00:00+05:00,12.789999961853027,12.800000190734863,12.789999961853027,12.789999961853027,3000.0,0.0,0.0,0.0,SBL.KA,
2022-04-01 00:00:00+05:00,12.789999961853027,12.789999961853027,12.789999961853027,12.789999961853027,0.0,0.0,0.0,0.0,SBL.KA,
2022-04-04 00:00:00+05:00,12.109999656677246,12.109999656677246,12.109999656677246,12.109999656677246,500.0,0.0,0.0,0.0,SBL.KA,
2022-04-05 00:00:00+05:00,12.109999656677246,12.109999656677246,12.109999656677246,12.109999656677246,0.0,0.0,0.0,0.0,SBL.KA,
2022-04-06 00:00:00+05:00,12.109999656677246,12.109999656677246,12.109999656677246,12.109999656677246,0.0,0.0,0.0,0.0,SBL.KA,
2022-04-07 00:00:00+05:00,12.020000457763672,12.020000457763672,12.010000228881836,12.010000228881836,1000.0,0.0,0.0,0.0,SBL.KA,
2022-04-08 00:00:00+05:00,12.300000190734863,12.300000190734863,12.149999618530273,12.149999618530273,4500.0,0.0,0.0,0.0,SBL.KA,
2022-04-11 00:00:00+05:00,12.149999618530273,12.15999984741211,12.149999618530273,12.15999984741211,1500.0,0.0,0.0,0.0,SBL.KA,
2022-04-12 00:00:00+05:00,11.800000190734863,11.800000190734863,11.800000190734863,11.800000190734863,1500.0,0.0,0.0,0.0,SBL.KA,
2022-04-13 00:00:00+05:00,12.0,12.0,11.5,11.5,25000.0,0.0,0.0,0.0,SBL.KA,
2022-04-14 00:00:00+05:00,11.949999809265137,12.5,11.949999809265137,12.050000190734863,32500.0,0.0,0.0,0.0,SBL.KA,
2022-04-15 00:00:00+05:00,12.0,12.0,12.0,12.0,46500.0,0.0,0.0,0.0,SBL.KA,
2022-04-18 00:00:00+05:00,12.0,12.0,12.0,12.0,0.0,0.0,0.0,0.0,SBL.KA,
2022-04-19 00:00:00+05:00,12.100000381469727,12.239999771118164,12.100000381469727,12.149999618530273,5500.0,0.0,0.0,0.0,SBL.KA,
2022-04-20 00:00:00+05:00,11.149999618530273,11.199999809265137,11.149999618530273,11.15999984741211,37500.0,0.0,0.0,0.0,SBL.KA,
2022-04-21 00:00:00+05:00,11.899999618530273,11.899999618530273,11.100000381469727,11.100000381469727,2000.0,0.0,0.0,0.0,SBL.KA,
2022-04-22 00:00:00+05:00,11.899999618530273,11.899999618530273,10.420000076293945,10.420000076293945,2000.0,0.0,0.0,0.0,SBL.KA,
2022-04-25 00:00:00+05:00,11.390000343322754,11.390000343322754,10.75,10.75,117500.0,0.0,0.0,0.0,SBL.KA,
2022-04-26 00:00:00+05:00,10.75,10.75,10.75,10.75,0.0,0.0,0.0,0.0,SBL.KA,
2022-04-27 00:00:00+05:00,11.739999771118164,11.75,11.350000381469727,11.6899995803833,17500.0,0.0,0.0,0.0,SBL.KA,
2022-04-28 00:00:00+05:00,11.760000228881836,12.6899995803833,11.760000228881836,12.59000015258789,26000.0,0.0,0.0,0.0,SBL.KA,
2022-04-29 00:00:00+05:00,12.59000015258789,12.59000015258789,12.59000015258789,12.59000015258789,0.0,0.0,0.0,0.0,SBL.KA,
2022-05-02 00:00:00+05:00,12.59000015258789,12.59000015258789,12.59000015258789,12.59000015258789,0.0,0.0,0.0,0.0,SBL.KA,
2022-05-03 00:00:00+05:00,12.59000015258789,12.59000015258789,12.59000015258789,12.59000015258789,0.0,0.0,0.0,0.0,SBL.KA,
2022-05-04 00:00:00+05:00,12.59000015258789,12.59000015258789,12.59000015258789,12.59000015258789,0.0,0.0,0.0,0.0,SBL.KA,
2022-05-05 00:00:00+05:00,12.59000015258789,12.59000015258789,12.59000015258789,12.59000015258789,0.0,0.0,0.0,0.0,SBL.KA,
2022-05-06 00:00:00+05:00,12.449999809265137,12.449999809265137,12.100000381469727,12.100000381469727,207000.0,0.0,0.0,0.0,SBL.KA,
2022-05-09 00:00:00+05:00,12.210000038146973,12.989999771118164,12.050000190734863,12.699999809265137,383000.0,0.0,0.0,0.0,SBL.KA,
2022-05-10 00:00:00+05:00,12.699999809265137,12.699999809265137,12.020000457763672,12.100000381469727,245000.0,0.0,0.0,0.0,SBL.KA,
2022-05-11 00:00:00+05:00,12.100000381469727,12.100000381469727,12.100000381469727,12.100000381469727,0.0,0.0,0.0,0.0,SBL.KA,
2022-05-12 00:00:00+05:00,11.260000228881836,12.100000381469727,11.25,11.350000381469727,57000.0,0.0,0.0,0.0,SBL.KA,
2022-05-13 00:00:00+05:00,11.010000228881836,12.0,11.010000228881836,11.75,26500.0,0.0,0.0,0.0,SBL.KA,
2022-05-16 00:00:00+05:00,11.039999961853027,12.210000038146973,11.039999961853027,12.210000038146973,1000.0,0.0,0.0,0.0,SBL.KA,
2022-05-17 00:00:00+05:00,11.4399995803833,11.4399995803833,11.4399995803833,11.4399995803833,500.0,0.0,0.0,0.0,SBL.KA,
2022-05-18 00:00:00+05:00,12.270000457763672,12.270000457763672,10.4399995803833,11.039999961853027,702000.0,0.0,0.0,0.0,SBL.KA,
2022-05-19 00:00:00+05:00,10.039999961853027,10.489999771118164,10.039999961853027,10.050000190734863,807000.0,0.0,0.0,0.0,SBL.KA,
2022-05-20 00:00:00+05:00,10.050000190734863,10.050000190734863,10.050000190734863,10.050000190734863,0.0,0.0,0.0,0.0,SBL.KA,
2022-05-23 00:00:00+05:00,10.0,10.0,9.5,9.619999885559082,34500.0,0.0,0.0,0.0,SBL.KA,
2022-05-24 00:00:00+05:00,9.300000190734863,9.300000190734863,8.699999809265137,8.949999809265137,99500.0,0.0,0.0,0.0,SBL.KA,
2022-05-25 00:00:00+05:00,8.949999809265137,8.949999809265137,8.949999809265137,8.949999809265137,0.0,0.0,0.0,0.0,SBL.KA,
2022-05-26 00:00:00+05:00,9.0,9.390000343322754,9.0,9.390000343322754,4500.0,0.0,0.0,0.0,SBL.KA,
2022-05-27 00:00:00+05:00,9.5,10.25,9.5,10.25,3500.0,0.0,0.0,0.0,SBL.KA,
2022-05-30 00:00:00+05:00,9.5,10.199999809265137,9.5,10.199999809265137,50000.0,0.0,0.0,0.0,SBL.KA,
2022-05-31 00:00:00+05:00,10.15999984741211,10.699999809265137,10.15999984741211,10.699999809265137,6000.0,0.0,0.0,0.0,SBL.KA,
2022-06-01 00:00:00+05:00,10.300000190734863,10.300000190734863,9.75,9.75,2500.0,0.0,0.0,0.0,SBL.KA,
2022-06-02 00:00:00+05:00,10.149999618530273,10.149999618530273,10.149999618530273,10.149999618530273,500.0,0.0,0.0,0.0,SBL.KA,
2022-06-03 00:00:00+05:00,10.149999618530273,10.149999618530273,10.149999618530273,10.149999618530273,0.0,0.0,0.0,0.0,SBL.KA,
2022-06-06 00:00:00+05:00,10.149999618530273,10.149999618530273,10.149999618530273,10.149999618530273,0.0,0.0,0.0,0.0,SBL.KA,
2022-06-07 00:00:00+05:00,10.149999618530273,10.149999618530273,10.149999618530273,10.149999618530273,0.0,0.0,0.0,0.0,SBL.KA,
2022-06-08 00:00:00+05:00,10.149999618530273,10.149999618530273,10.149999618530273,10.149999618530273,0.0,0.0,0.0,0.0,SBL.KA,
2022-06-09 00:00:00+05:00,9.300000190734863,9.300000190734863,9.300000190734863,9.300000190734863,4000.0,0.0,0.0,0.0,SBL.KA,
2022-06-10 00:00:00+05:00,9.800000190734863,9.800000190734863,9.40999984741211,9.609999656677246,1000.0,0.0,0.0,0.0,SBL.KA,
2022-06-13 00:00:00+05:00,9.609999656677246,9.609999656677246,9.609999656677246,9.609999656677246,0.0,0.0,0.0,0.0,SBL.KA,
2022-06-14 00:00:00+05:00,9.890000343322754,9.890000343322754,9.609999656677246,9.890000343322754,1000.0,0.0,0.0,0.0,SBL.KA,
2022-06-15 00:00:00+05:00,9.890000343322754,9.890000343322754,9.890000343322754,9.890000343322754,0.0,0.0,0.0,0.0,SBL.KA,
2022-06-16 00:00:00+05:00,9.010000228881836,9.6899995803833,9.010000228881836,9.65999984741211,2000.0,0.0,0.0,0.0,SBL.KA,
2022-06-17 00:00:00+05:00,10.0,10.0,10.0,10.0,500.0,0.0,0.0,0.0,SBL.KA,
2022-06-20 00:00:00+05:00,9.0600004196167,9.84000015258789,9.0600004196167,9.84000015258789,1000.0,0.0,0.0,0.0,SBL.KA,
2022-06-21 00:00:00+05:00,9.25,9.989999771118164,9.25,9.989999771118164,1500.0,0.0,0.0,0.0,SBL.KA,
2022-06-22 00:00:00+05:00,9.149999618530273,9.880000114440918,9.0,9.300000190734863,345500.0,0.0,0.0,0.0,SBL.KA,
2022-06-23 00:00:00+05:00,9.350000381469727,9.600000381469727,9.350000381469727,9.600000381469727,115500.0,0.0,0.0,0.0,SBL.KA,
2022-06-24 00:00:00+05:00,9.260000228881836,9.600000381469727,9.25,9.25,62500.0,0.0,0.0,0.0,SBL.KA,
2022-06-27 00:00:00+05:00,9.0,9.149999618530273,9.0,9.0600004196167,336000.0,0.0,0.0,0.0,SBL.KA,
2022-06-28 00:00:00+05:00,8.300000190734863,9.600000381469727,8.300000190734863,9.3100004196167,334000.0,0.0,0.0,0.0,SBL.KA,
2022-06-29 00:00:00+05:00,9.25,9.25,9.25,9.25,500.0,0.0,0.0,0.0,SBL.KA,
2022-06-30 00:00:00+05:00,9.300000190734863,10.25,9.300000190734863,9.84000015258789,134500.0,0.0,0.0,0.0,SBL.KA,
2022-07-01 00:00:00+05:00,9.5,9.5,9.5,9.5,1000.0,0.0,0.0,0.0,SBL.KA,
2022-07-04 00:00:00+05:00,9.5,9.5,9.5,9.5,500.0,0.0,0.0,0.0,SBL.KA,
2022-07-05 00:00:00+05:00,9.5,9.5,9.5,9.5,0.0,0.0,0.0,0.0,SBL.KA,
2022-07-06 00:00:00+05:00,9.5,9.5,9.5,9.5,500.0,0.0,0.0,0.0,SBL.KA,
2022-07-07 00:00:00+05:00,9.5,9.5,9.5,9.5,500.0,0.0,0.0,0.0,SBL.KA,
2022-07-08 00:00:00+05:00,9.5,9.5,9.5,9.5,0.0,0.0,0.0,0.0,SBL.KA,
2022-07-11 00:00:00+05:00,9.5,9.5,9.5,9.5,0.0,0.0,0.0,0.0,SBL.KA,
2022-07-12 00:00:00+05:00,9.5,9.5,9.5,9.5,0.0,0.0,0.0,0.0,SBL.KA,
2022-07-13 00:00:00+05:00,9.5,9.5,9.5,9.5,0.0,0.0,0.0,0.0,SBL.KA,
2022-07-14 00:00:00+05:00,9.520000457763672,9.520000457763672,9.5,9.5,2000.0,0.0,0.0,0.0,SBL.KA,
2022-07-15 00:00:00+05:00,9.0,9.0,9.0,9.0,1000.0,0.0,0.0,0.0,SBL.KA,
2022-07-18 00:00:00+05:00,9.0,9.0,9.0,9.0,82000.0,0.0,0.0,0.0,SBL.KA,
2022-07-19 00:00:00+05:00,9.0,9.0,9.0,9.0,0.0,0.0,0.0,0.0,SBL.KA,
2022-07-20 00:00:00+05:00,9.0,9.0,9.0,9.0,0.0,0.0,0.0,0.0,SBL.KA,
2022-07-21 00:00:00+05:00,8.020000457763672,9.550000190734863,8.020000457763672,9.0,2000.0,0.0,0.0,0.0,SBL.KA,
2022-07-22 00:00:00+05:00,9.899999618530273,9.899999618530273,9.899999618530273,9.899999618530273,82500.0,0.0,0.0,0.0,SBL.KA,
2022-07-25 00:00:00+05:00,9.899999618530273,9.899999618530273,9.899999618530273,9.899999618530273,0.0,0.0,0.0,0.0,SBL.KA,
2022-07-26 00:00:00+05:00,9.899999618530273,9.899999618530273,9.899999618530273,9.899999618530273,0.0,0.0,0.0,0.0,SBL.KA,
2022-07-27 00:00:00+05:00,9.0,9.0,9.0,9.0,500.0,0.0,0.0,0.0,SBL.KA,
2022-07-28 00:00:00+05:00,8.199999809265137,8.989999771118164,8.0,8.260000228881836,18500.0,0.0,0.0,0.0,SBL.KA,
2022-07-29 00:00:00+05:00,8.850000381469727,8.850000381469727,8.5,8.5,1500.0,0.0,0.0,0.0,SBL.KA,
2022-08-01 00:00:00+05:00,8.010000228881836,8.010000228881836,8.0,8.0,2500.0,0.0,0.0,0.0,SBL.KA,
2022-08-02 00:00:00+05:00,8.0,8.0,8.0,8.0,0.0,0.0,0.0,0.0,SBL.KA,
2022-08-03 00:00:00+05:00,8.899999618530273,8.899999618530273,8.899999618530273,8.899999618530273,500.0,0.0,0.0,0.0,SBL.KA,
2022-08-04 00:00:00+05:00,8.899999618530273,8.899999618530273,8.899999618530273,8.899999618530273,0.0,0.0,0.0,0.0,SBL.KA,
2022-08-05 00:00:00+05:00,8.899999618530273,8.899999618530273,8.899999618530273,8.899999618530273,0.0,0.0,0.0,0.0,SBL.KA,
2022-08-08 00:00:00+05:00,8.899999618530273,8.899999618530273,8.899999618530273,8.899999618530273,0.0,0.0,0.0,0.0,SBL.KA,
2022-08-09 00:00:00+05:00,8.899999618530273,8.899999618530273,8.899999618530273,8.899999618530273,0.0,0.0,0.0,0.0,SBL.KA,
2022-08-10 00:00:00+05:00,8.899999618530273,8.899999618530273,8.899999618530273,8.899999618530273,0.0,0.0,0.0,0.0,SBL.KA,
2022-08-11 00:00:00+05:00,8.899999618530273,8.899999618530273,8.899999618530273,8.899999618530273,0.0,0.0,0.0,0.0,SBL.KA,
2022-08-12 00:00:00+05:00,8.300000190734863,8.300000190734863,8.300000190734863,8.300000190734863,1000.0,0.0,0.0,0.0,SBL.KA,
2022-08-15 00:00:00+05:00,8.300000190734863,8.300000190734863,8.300000190734863,8.300000190734863,0.0,0.0,0.0,0.0,SBL.KA,
2022-08-16 00:00:00+05:00,8.300000190734863,8.300000190734863,8.300000190734863,8.300000190734863,0.0,0.0,0.0,0.0,SBL.KA,
2022-08-17 00:00:00+05:00,9.0,9.300000190734863,8.5,8.569999694824219,9500.0,0.0,0.0,0.0,SBL.KA,
2022-08-18 00:00:00+05:00,8.25,8.5,8.25,8.5,2500.0,0.0,0.0,0.0,SBL.KA,
2022-08-19 00:00:00+05:00,8.5,8.5,8.449999809265137,8.449999809265137,1500.0,0.0,0.0,0.0,SBL.KA,
2022-08-22 00:00:00+05:00,8.449999809265137,8.449999809265137,8.449999809265137,8.449999809265137,0.0,0.0,0.0,0.0,SBL.KA,
2022-08-23 00:00:00+05:00,8.449999809265137,8.449999809265137,8.449999809265137,8.449999809265137,0.0,0.0,0.0,0.0,SBL.KA,
2022-08-24 00:00:00+05:00,8.449999809265137,8.449999809265137,8.449999809265137,8.449999809265137,0.0,0.0,0.0,0.0,SBL.KA,
2022-08-25 00:00:00+05:00,8.449999809265137,8.449999809265137,8.449999809265137,8.449999809265137,0.0,0.0,0.0,0.0,SBL.KA,
2022-08-26 00:00:00+05:00,7.449999809265137,8.0,7.449999809265137,7.75,256000.0,0.0,0.0,0.0,SBL.KA,
2022-08-29 00:00:00+05:00,7.5,7.519999980926514,7.449999809265137,7.5,146500.0,0.0,0.0,0.0,SBL.KA,
2022-08-30 00:00:00+05:00,7.5,7.5,7.5,7.5,1000.0,0.0,0.0,0.0,SBL.KA,
2022-08-31 00:00:00+05:00,7.440000057220459,7.440000057220459,7.440000057220459,7.440000057220459,500.0,0.0,0.0,0.0,SBL.KA,
2022-09-01 00:00:00+05:00,7.440000057220459,7.440000057220459,7.440000057220459,7.440000057220459,0.0,0.0,0.0,0.0,SBL.KA,
2022-09-02 00:00:00+05:00,7.0,7.0,7.0,7.0,1500.0,0.0,0.0,0.0,SBL.KA,
2022-09-05 00:00:00+05:00,7.480000019073486,7.480000019073486,7.480000019073486,7.480000019073486,500.0,0.0,0.0,0.0,SBL.KA,
2022-09-06 00:00:00+05:00,7.480000019073486,7.480000019073486,7.480000019073486,7.480000019073486,0.0,0.0,0.0,0.0,SBL.KA,
2022-09-07 00:00:00+05:00,6.550000190734863,7.480000019073486,6.489999771118164,6.570000171661377,54000.0,0.0,0.0,0.0,SBL.KA,
2022-09-08 00:00:00+05:00,7.039999961853027,7.039999961853027,7.039999961853027,7.039999961853027,500.0,0.0,0.0,0.0,SBL.KA,
2022-09-09 00:00:00+05:00,7.039999961853027,7.039999961853027,7.039999961853027,7.039999961853027,0.0,0.0,0.0,0.0,SBL.KA,
2022-09-12 00:00:00+05:00,6.989999771118164,6.989999771118164,6.989999771118164,6.989999771118164,500.0,0.0,0.0,0.0,SBL.KA,
2022-09-13 00:00:00+05:00,6.989999771118164,6.989999771118164,6.989999771118164,6.989999771118164,0.0,0.0,0.0,0.0,SBL.KA,
2022-09-14 00:00:00+05:00,6.989999771118164,6.989999771118164,6.989999771118164,6.989999771118164,0.0,0.0,0.0,0.0,SBL.KA,
2022-09-15 00:00:00+05:00,6.989999771118164,6.989999771118164,6.989999771118164,6.989999771118164,0.0,0.0,0.0,0.0,SBL.KA,
2022-09-16 00:00:00+05:00,6.989999771118164,6.989999771118164,6.989999771118164,6.989999771118164,0.0,0.0,0.0,0.0,SBL.KA,
2022-09-19 00:00:00+05:00,6.989999771118164,6.989999771118164,6.989999771118164,6.989999771118164,500.0,0.0,0.0,0.0,SBL.KA,
2022-09-20 00:00:00+05:00,6.989999771118164,6.989999771118164,6.989999771118164,6.989999771118164,0.0,0.0,0.0,0.0,SBL.KA,
2022-09-21 00:00:00+05:00,6.989999771118164,6.989999771118164,6.989999771118164,6.989999771118164,0.0,0.0,0.0,0.0,SBL.KA,
2022-09-22 00:00:00+05:00,6.989999771118164,6.989999771118164,6.989999771118164,6.989999771118164,0.0,0.0,0.0,0.0,SBL.KA,
2022-09-23 00:00:00+05:00,6.989999771118164,6.989999771118164,6.989999771118164,6.989999771118164,0.0,0.0,0.0,0.0,SBL.KA,
2022-09-26 00:00:00+05:00,6.300000190734863,6.300000190734863,6.119999885559082,6.170000076293945,60500.0,0.0,0.0,0.0,SBL.KA,
2022-09-27 00:00:00+05:00,6.5,6.5,6.5,6.5,25000.0,0.0,0.0,0.0,SBL.KA,
2022-09-28 00:00:00+05:00,6.5,6.519999980926514,6.5,6.5,15500.0,0.0,0.0,0.0,SBL.KA,
2022-09-29 00:00:00+05:00,6.519999980926514,6.519999980926514,6.519999980926514,6.519999980926514,1500.0,0.0,0.0,0.0,SBL.KA,
2022-09-30 00:00:00+05:00,6.53000020980835,6.53000020980835,6.53000020980835,6.53000020980835,500.0,0.0,0.0,0.0,SBL.KA,
2022-10-03 00:00:00+05:00,6.099999904632568,6.699999809265137,6.099999904632568,6.699999809265137,22000.0,0.0,0.0,0.0,SBL.KA,
2022-10-04 00:00:00+05:00,6.5,6.5,6.5,6.5,1000.0,0.0,0.0,0.0,SBL.KA,
2022-10-05 00:00:00+05:00,6.5,6.5,6.5,6.5,500.0,0.0,0.0,0.0,SBL.KA,
2022-10-06 00:00:00+05:00,6.599999904632568,6.599999904632568,6.5,6.5,13000.0,0.0,0.0,0.0,SBL.KA,
2022-10-07 00:00:00+05:00,6.199999809265137,6.349999904632568,6.099999904632568,6.199999809265137,32500.0,0.0,0.0,0.0,SBL.KA,
2022-10-10 00:00:00+05:00,6.150000095367432,6.150000095367432,6.099999904632568,6.099999904632568,2500.0,0.0,0.0,0.0,SBL.KA,
2022-10-11 00:00:00+05:00,6.099999904632568,6.099999904632568,6.099999904632568,6.099999904632568,0.0,0.0,0.0,0.0,SBL.KA,
2022-10-12 00:00:00+05:00,6.099999904632568,6.099999904632568,6.099999904632568,6.099999904632568,0.0,0.0,0.0,0.0,SBL.KA,
2022-10-13 00:00:00+05:00,6.099999904632568,6.099999904632568,6.099999904632568,6.099999904632568,0.0,0.0,0.0,0.0,SBL.KA,
2022-10-14 00:00:00+05:00,6.96999979019165,6.96999979019165,6.96999979019165,6.96999979019165,500.0,0.0,0.0,0.0,SBL.KA,
2022-10-17 00:00:00+05:00,6.099999904632568,6.099999904632568,6.099999904632568,6.099999904632568,500.0,0.0,0.0,0.0,SBL.KA,
2022-10-18 00:00:00+05:00,6.150000095367432,6.150000095367432,6.0,6.0,16000.0,0.0,0.0,0.0,SBL.KA,
2022-10-19 00:00:00+05:00,6.0,6.0,5.989999771118164,6.0,43500.0,0.0,0.0,0.0,SBL.KA,
2022-10-20 00:00:00+05:00,5.920000076293945,5.920000076293945,5.920000076293945,5.920000076293945,500.0,0.0,0.0,0.0,SBL.KA,
2022-10-21 00:00:00+05:00,5.920000076293945,5.920000076293945,5.920000076293945,5.920000076293945,0.0,0.0,0.0,0.0,SBL.KA,
2022-10-24 00:00:00+05:00,5.920000076293945,5.920000076293945,5.920000076293945,5.920000076293945,0.0,0.0,0.0,0.0,SBL.KA,
2022-10-25 00:00:00+05:00,5.860000133514404,5.920000076293945,5.860000133514404,5.860000133514404,1500.0,0.0,0.0,0.0,SBL.KA,
2022-10-26 00:00:00+05:00,5.860000133514404,5.860000133514404,5.860000133514404,5.860000133514404,20000.0,0.0,0.0,0.0,SBL.KA,
2022-10-27 00:00:00+05:00,5.860000133514404,5.860000133514404,5.860000133514404,5.860000133514404,0.0,0.0,0.0,0.0,SBL.KA,
2022-10-28 00:00:00+05:00,6.5,6.5,6.5,6.5,500.0,0.0,0.0,0.0,SBL.KA,
2022-10-31 00:00:00+05:00,6.5,6.5,6.5,6.5,0.0,0.0,0.0,0.0,SBL.KA,
2022-11-01 00:00:00+05:00,6.5,6.5,6.5,6.5,500.0,0.0,0.0,0.0,SBL.KA,
2022-11-02 00:00:00+05:00,6.5,6.5,6.5,6.5,0.0,0.0,0.0,0.0,SBL.KA,
2022-11-03 00:00:00+05:00,6.5,6.5,6.400000095367432,6.400000095367432,1500.0,0.0,0.0,0.0,SBL.KA,
2022-11-04 00:00:00+05:00,6.400000095367432,6.400000095367432,6.400000095367432,6.400000095367432,0.0,0.0,0.0,0.0,SBL.KA,
2022-11-07 00:00:00+05:00,6.400000095367432,6.400000095367432,6.400000095367432,6.400000095367432,0.0,0.0,0.0,0.0,SBL.KA,
2022-11-08 00:00:00+05:00,6.25,6.25,6.25,6.25,500.0,0.0,0.0,0.0,SBL.KA,
2022-11-09 00:00:00+05:00,6.25,6.25,6.25,6.25,0.0,0.0,0.0,0.0,SBL.KA,
2022-11-10 00:00:00+05:00,6.25,6.25,6.25,6.25,0.0,0.0,0.0,0.0,SBL.KA,
2022-11-11 00:00:00+05:00,6.25,6.25,6.25,6.25,0.0,0.0,0.0,0.0,SBL.KA,
2022-11-14 00:00:00+05:00,6.25,6.25,6.25,6.25,0.0,0.0,0.0,0.0,SBL.KA,
2022-11-15 00:00:00+05:00,6.25,6.25,6.25,6.25,0.0,0.0,0.0,0.0,SBL.KA,
2022-11-16 00:00:00+05:00,6.099999904632568,6.099999904632568,6.099999904632568,6.099999904632568,1000.0,0.0,0.0,0.0,SBL.KA,
2022-11-17 00:00:00+05:00,6.480000019073486,7.099999904632568,6.480000019073486,6.900000095367432,11000.0,0.0,0.0,0.0,SBL.KA,
2022-11-18 00:00:00+05:00,7.0,7.0,6.800000190734863,6.800000190734863,2000.0,0.0,0.0,0.0,SBL.KA,
2022-11-21 00:00:00+05:00,7.190000057220459,7.800000190734863,6.900000095367432,7.800000190734863,182000.0,0.0,0.0,0.0,SBL.KA,
2022-11-22 00:00:00+05:00,7.800000190734863,8.789999961853027,7.800000190734863,8.369999885559082,15000.0,0.0,0.0,0.0,SBL.KA,
2022-11-23 00:00:00+05:00,8.369999885559082,8.369999885559082,8.369999885559082,8.369999885559082,0.0,0.0,0.0,0.0,SBL.KA,
2022-11-24 00:00:00+05:00,8.100000381469727,8.100000381469727,7.909999847412109,7.949999809265137,21500.0,0.0,0.0,0.0,SBL.KA,
2022-11-25 00:00:00+05:00,7.949999809265137,7.949999809265137,7.949999809265137,7.949999809265137,0.0,0.0,0.0,0.0,SBL.KA,
2022-11-28 00:00:00+05:00,7.949999809265137,7.949999809265137,7.949999809265137,7.949999809265137,0.0,0.0,0.0,0.0,SBL.KA,
2022-11-29 00:00:00+05:00,8.399999618530273,8.399999618530273,6.949999809265137,7.25,4500.0,0.0,0.0,0.0,SBL.KA,
2022-11-30 00:00:00+05:00,7.25,7.25,7.25,7.25,0.0,0.0,0.0,0.0,SBL.KA,
2022-12-01 00:00:00+05:00,7.25,7.25,7.25,7.25,0.0,0.0,0.0,0.0,SBL.KA,
2022-12-02 00:00:00+05:00,6.5,6.800000190734863,6.5,6.800000190734863,2000.0,0.0,0.0,0.0,SBL.KA,
2022-12-05 00:00:00+05:00,6.800000190734863,6.800000190734863,6.800000190734863,6.800000190734863,0.0,0.0,0.0,0.0,SBL.KA,
2022-12-06 00:00:00+05:00,7.0,7.0,6.800000190734863,7.0,1000.0,0.0,0.0,0.0,SBL.KA,
2022-12-07 00:00:00+05:00,6.989999771118164,7.0,6.800000190734863,6.800000190734863,3000.0,0.0,0.0,0.0,SBL.KA,
2022-12-08 00:00:00+05:00,6.800000190734863,6.800000190734863,6.800000190734863,6.800000190734863,0.0,0.0,0.0,0.0,SBL.KA,
2022-12-09 00:00:00+05:00,6.800000190734863,6.800000190734863,6.800000190734863,6.800000190734863,1000.0,0.0,0.0,0.0,SBL.KA,
2022-12-12 00:00:00+05:00,6.800000190734863,6.800000190734863,6.800000190734863,6.800000190734863,0.0,0.0,0.0,0.0,SBL.KA,
2022-12-13 00:00:00+05:00,6.800000190734863,6.800000190734863,6.800000190734863,6.800000190734863,0.0,0.0,0.0,0.0,SBL.KA,
2022-12-14 00:00:00+05:00,7.789999961853027,7.789999961853027,6.610000133514404,6.610000133514404,1500.0,0.0,0.0,0.0,SBL.KA,
2022-12-15 00:00:00+05:00,6.610000133514404,6.610000133514404,6.610000133514404,6.610000133514404,0.0,0.0,0.0,0.0,SBL.KA,
2022-12-16 00:00:00+05:00,6.610000133514404,6.610000133514404,6.610000133514404,6.610000133514404,0.0,0.0,0.0,0.0,SBL.KA,
2022-12-19 00:00:00+05:00,6.610000133514404,6.610000133514404,6.610000133514404,6.610000133514404,0.0,0.0,0.0,0.0,SBL.KA,
2022-12-20 00:00:00+05:00,6.610000133514404,6.610000133514404,6.610000133514404,6.610000133514404,0.0,0.0,0.0,0.0,SBL.KA,
2022-12-21 00:00:00+05:00,5.800000190734863,5.800000190734863,5.610000133514404,5.610000133514404,5000.0,0.0,0.0,0.0,SBL.KA,
2022-12-22 00:00:00+05:00,5.610000133514404,5.610000133514404,5.610000133514404,5.610000133514404,0.0,0.0,0.0,0.0,SBL.KA,
2022-12-23 00:00:00+05:00,6.0,6.0,5.5,5.5,51000.0,0.0,0.0,0.0,SBL.KA,
2022-12-26 00:00:00+05:00,5.5,5.5,5.5,5.5,0.0,0.0,0.0,0.0,SBL.KA,
2022-12-27 00:00:00+05:00,5.5,5.5,5.5,5.5,0.0,0.0,0.0,0.0,SBL.KA,
2022-12-28 00:00:00+05:00,5.5,5.5,5.5,5.5,0.0,0.0,0.0,0.0,SBL.KA,
2022-12-29 00:00:00+05:00,6.489999771118164,6.5,5.5,6.5,102500.0,0.0,0.0,0.0,SBL.KA,
2022-12-30 00:00:00+05:00,6.5,6.5,6.5,6.5,0.0,0.0,0.0,0.0,SBL.KA,
2023-01-02 00:00:00+05:00,6.5,6.5,6.5,6.5,0.0,0.0,0.0,0.0,SBL.KA,
2023-01-03 00:00:00+05:00,5.599999904632568,7.25,5.599999904632568,6.5,7000.0,0.0,0.0,0.0,SBL.KA,
2023-01-04 00:00:00+05:00,7.480000019073486,7.480000019073486,7.480000019073486,7.480000019073486,500.0,0.0,0.0,0.0,SBL.KA,
2023-01-05 00:00:00+05:00,7.480000019073486,7.480000019073486,7.480000019073486,7.480000019073486,0.0,0.0,0.0,0.0,SBL.KA,
2023-01-06 00:00:00+05:00,7.480000019073486,7.480000019073486,7.480000019073486,7.480000019073486,0.0,0.0,0.0,0.0,SBL.KA,
2023-01-09 00:00:00+05:00,7.480000019073486,7.480000019073486,7.480000019073486,7.480000019073486,0.0,0.0,0.0,0.0,SBL.KA,
2023-01-10 00:00:00+05:00,7.480000019073486,7.480000019073486,7.480000019073486,7.480000019073486,0.0,0.0,0.0,0.0,SBL.KA,
2023-01-11 00:00:00+05:00,7.480000019073486,7.480000019073486,7.480000019073486,7.480000019073486,0.0,0.0,0.0,0.0,SBL.KA,
2023-01-12 00:00:00+05:00,7.480000019073486,7.480000019073486,7.480000019073486,7.480000019073486,0.0,0.0,0.0,0.0,SBL.KA,
2023-01-13 00:00:00+05:00,8.460000038146973,8.460000038146973,7.989999771118164,7.989999771118164,1000.0,0.0,0.0,0.0,SBL.KA,
2023-01-16 00:00:00+05:00,8.25,8.25,8.25,8.25,500.0,0.0,0.0,0.0,SBL.KA,
2023-01-17 00:00:00+05:00,8.25,8.25,8.25,8.25,0.0,0.0,0.0,0.0,SBL.KA,
2023-01-18 00:00:00+05:00,7.989999771118164,7.989999771118164,7.989999771118164,7.989999771118164,500.0,0.0,0.0,0.0,SBL.KA,
2023-01-19 00:00:00+05:00,7.989999771118164,7.989999771118164,7.989999771118164,7.989999771118164,0.0,0.0,0.0,0.0,SBL.KA,
2023-01-20 00:00:00+05:00,8.4399995803833,8.4399995803833,8.4399995803833,8.4399995803833,500.0,0.0,0.0,0.0,SBL.KA,
2023-01-23 00:00:00+05:00,8.4399995803833,8.4399995803833,8.4399995803833,8.4399995803833,0.0,0.0,0.0,0.0,SBL.KA,
2023-01-24 00:00:00+05:00,7.900000095367432,7.900000095367432,7.900000095367432,7.900000095367432,1000.0,0.0,0.0,0.0,SBL.KA,
2023-01-25 00:00:00+05:00,8.850000381469727,8.850000381469727,8.850000381469727,8.850000381469727,500.0,0.0,0.0,0.0,SBL.KA,
2023-01-26 00:00:00+05:00,8.800000190734863,9.800000190734863,8.399999618530273,8.399999618530273,4000.0,0.0,0.0,0.0,SBL.KA,
2023-01-27 00:00:00+05:00,7.400000095367432,7.510000228881836,7.400000095367432,7.400000095367432,71000.0,0.0,0.0,0.0,SBL.KA,
2023-01-30 00:00:00+05:00,7.0,7.0,6.5,6.5,52000.0,0.0,0.0,0.0,SBL.KA,
2023-01-31 00:00:00+05:00,6.5,6.5,6.5,6.5,0.0,0.0,0.0,0.0,SBL.KA,
2023-02-01 00:00:00+05:00,6.010000228881836,6.150000095367432,6.010000228881836,6.150000095367432,4500.0,0.0,0.0,0.0,SBL.KA,
2023-02-02 00:00:00+05:00,6.150000095367432,6.150000095367432,6.150000095367432,6.150000095367432,0.0,0.0,0.0,0.0,SBL.KA,
2023-02-03 00:00:00+05:00,6.900000095367432,7.150000095367432,6.150000095367432,7.139999866485596,52500.0,0.0,0.0,0.0,SBL.KA,
2023-02-06 00:00:00+05:00,6.5,7.699999809265137,6.5,6.800000190734863,4500.0,0.0,0.0,0.0,SBL.KA,
2023-02-07 00:00:00+05:00,7.599999904632568,7.800000190734863,7.489999771118164,7.5,2870500.0,0.0,0.0,0.0,SBL.KA,
2023-02-08 00:00:00+05:00,7.5,7.5,7.5,7.5,0.0,0.0,0.0,0.0,SBL.KA,
2023-02-09 00:00:00+05:00,7.5,7.5,7.5,7.5,0.0,0.0,0.0,0.0,SBL.KA,
2023-02-10 00:00:00+05:00,7.5,7.5,7.5,7.5,0.0,0.0,0.0,0.0,SBL.KA,
2023-02-13 00:00:00+05:00,7.199999809265137,7.199999809265137,7.0,7.0,5000.0,0.0,0.0,0.0,SBL.KA,
2023-02-14 00:00:00+05:00,7.0,7.0,7.0,7.0,0.0,0.0,0.0,0.0,SBL.KA,
2023-02-15 00:00:00+05:00,6.400000095367432,6.460000038146973,6.400000095367432,6.460000038146973,1500.0,0.0,0.0,0.0,SBL.KA,
2023-02-16 00:00:00+05:00,6.460000038146973,6.460000038146973,6.460000038146973,6.460000038146973,0.0,0.0,0.0,0.0,SBL.KA,
2023-02-17 00:00:00+05:00,6.460000038146973,6.460000038146973,6.460000038146973,6.460000038146973,0.0,0.0,0.0,0.0,SBL.KA,
2023-02-20 00:00:00+05:00,6.460000038146973,6.460000038146973,6.460000038146973,6.460000038146973,0.0,0.0,0.0,0.0,SBL.KA,
2023-02-21 00:00:00+05:00,6.460000038146973,6.460000038146973,6.460000038146973,6.460000038146973,500.0,0.0,0.0,0.0,SBL.KA,
2023-02-22 00:00:00+05:00,6.0,6.5,6.0,6.5,3000.0,0.0,0.0,0.0,SBL.KA,
2023-02-23 00:00:00+05:00,6.5,6.989999771118164,6.300000190734863,6.989999771118164,6000.0,0.0,0.0,0.0,SBL.KA,
2023-02-24 00:00:00+05:00,6.989999771118164,6.989999771118164,6.989999771118164,6.989999771118164,0.0,0.0,0.0,0.0,SBL.KA,
2023-02-27 00:00:00+05:00,6.989999771118164,6.989999771118164,6.989999771118164,6.989999771118164,0.0,0.0,0.0,0.0,SBL.KA,
2023-02-28 00:00:00+05:00,6.989999771118164,6.989999771118164,6.989999771118164,6.989999771118164,0.0,0.0,0.0,0.0,SBL.KA,
2023-03-01 00:00:00+05:00,6.989999771118164,6.989999771118164,6.989999771118164,6.989999771118164,0.0,0.0,0.0,0.0,SBL.KA,
2023-03-02 00:00:00+05:00,6.5,6.5,6.5,6.5,2500.0,0.0,0.0,0.0,SBL.KA,
2023-03-03 00:00:00+05:00,6.5,6.5,6.5,6.5,0.0,0.0,0.0,0.0,SBL.KA,
2023-03-06 00:00:00+05:00,6.5,6.5,6.5,6.5,0.0,0.0,0.0,0.0,SBL.KA,
2023-03-07 00:00:00+05:00,6.5,6.5,6.5,6.5,0.0,0.0,0.0,0.0,SBL.KA,
2023-03-08 00:00:00+05:00,6.5,6.5,6.5,6.5,0.0,0.0,0.0,0.0,SBL.KA,
2023-03-09 00:00:00+05:00,6.5,6.5,6.5,6.5,0.0,0.0,0.0,0.0,SBL.KA,
2023-03-10 00:00:00+05:00,6.5,6.5,6.5,6.5,0.0,0.0,0.0,0.0,SBL.KA,
2023-03-13 00:00:00+05:00,6.5,6.5,6.5,6.5,0.0,0.0,0.0,0.0,SBL.KA,
2023-03-14 00:00:00+05:00,6.5,6.5,6.5,6.5,0.0,0.0,0.0,0.0,SBL.KA,
2023-03-15 00:00:00+05:00,6.900000095367432,7.5,6.900000095367432,7.320000171661377,18000.0,0.0,0.0,0.0,SBL.KA,
2023-03-16 00:00:00+05:00,7.320000171661377,7.320000171661377,7.320000171661377,7.320000171661377,0.0,0.0,0.0,0.0,SBL.KA,
2023-03-17 00:00:00+05:00,7.320000171661377,7.320000171661377,7.320000171661377,7.320000171661377,0.0,0.0,0.0,0.0,SBL.KA,
2023-03-20 00:00:00+05:00,8.239999771118164,8.239999771118164,7.889999866485596,7.900000095367432,2000.0,0.0,0.0,0.0,SBL.KA,
2023-03-21 00:00:00+05:00,7.599999904632568,7.599999904632568,7.599999904632568,7.599999904632568,500.0,0.0,0.0,0.0,SBL.KA,
2023-03-22 00:00:00+05:00,7.0,7.0,7.0,7.0,1500.0,0.0,0.0,0.0,SBL.KA,
2023-03-23 00:00:00+05:00,7.0,7.0,7.0,7.0,0.0,0.0,0.0,0.0,SBL.KA,
2023-03-24 00:00:00+05:00,7.5,7.5,7.5,7.5,3000.0,0.0,0.0,0.0,SBL.KA,
2023-03-27 00:00:00+05:00,7.5,7.5,7.5,7.5,0.0,0.0,0.0,0.0,SBL.KA,
2023-03-28 00:00:00+05:00,7.5,7.5,7.5,7.5,0.0,0.0,0.0,0.0,SBL.KA,
2023-03-29 00:00:00+05:00,7.599999904632568,7.599999904632568,7.599999904632568,7.599999904632568,500.0,0.0,0.0,0.0,SBL.KA,
2023-03-30 00:00:00+05:00,7.599999904632568,7.599999904632568,7.599999904632568,7.599999904632568,0.0,0.0,0.0,0.0,SBL.KA,
2023-03-31 00:00:00+05:00,6.75,6.75,6.75,6.75,1000.0,0.0,0.0,0.0,SBL.KA,
2023-04-03 00:00:00+05:00,6.699999809265137,6.699999809265137,6.699999809265137,6.699999809265137,1500.0,0.0,0.0,0.0,SBL.KA,
2023-04-04 00:00:00+05:00,7.440000057220459,7.599999904632568,7.440000057220459,7.53000020980835,5500.0,0.0,0.0,0.0,SBL.KA,
2023-04-05 00:00:00+05:00,7.53000020980835,7.53000020980835,7.53000020980835,7.53000020980835,0.0,0.0,0.0,0.0,SBL.KA,
2023-04-06 00:00:00+05:00,6.53000020980835,6.659999847412109,6.53000020980835,6.659999847412109,1000.0,0.0,0.0,0.0,SBL.KA,
2023-04-07 00:00:00+05:00,7.489999771118164,7.659999847412109,7.489999771118164,7.579999923706055,7000.0,0.0,0.0,0.0,SBL.KA,
2023-04-10 00:00:00+05:00,7.579999923706055,7.579999923706055,7.579999923706055,7.579999923706055,0.0,0.0,0.0,0.0,SBL.KA,
2023-04-11 00:00:00+05:00,7.579999923706055,7.579999923706055,7.579999923706055,7.579999923706055,0.0,0.0,0.0,0.0,SBL.KA,
2023-04-12 00:00:00+05:00,7.579999923706055,7.579999923706055,7.579999923706055,7.579999923706055,0.0,0.0,0.0,0.0,SBL.KA,
2023-04-13 00:00:00+05:00,7.579999923706055,7.579999923706055,7.579999923706055,7.579999923706055,0.0,0.0,0.0,0.0,SBL.KA,
2023-04-14 00:00:00+05:00,7.579999923706055,7.579999923706055,7.579999923706055,7.579999923706055,0.0,0.0,0.0,0.0,SBL.KA,
2023-04-17 00:00:00+05:00,6.599999904632568,6.599999904632568,6.599999904632568,6.599999904632568,500.0,0.0,0.0,0.0,SBL.KA,
2023-04-18 00:00:00+05:00,7.599999904632568,7.599999904632568,7.599999904632568,7.599999904632568,1500.0,0.0,0.0,0.0,SBL.KA,
2023-04-19 00:00:00+05:00,7.610000133514404,7.610000133514404,7.599999904632568,7.599999904632568,10000.0,0.0,0.0,0.0,SBL.KA,
2023-04-20 00:00:00+05:00,7.599999904632568,7.599999904632568,7.599999904632568,7.599999904632568,5000.0,0.0,0.0,0.0,SBL.KA,
2023-04-21 00:00:00+05:00,7.599999904632568,7.599999904632568,7.599999904632568,7.599999904632568,0.0,0.0,0.0,0.0,SBL.KA,
2023-04-24 00:00:00+05:00,7.599999904632568,7.599999904632568,7.599999904632568,7.599999904632568,0.0,0.0,0.0,0.0,SBL.KA,
2023-04-25 00:00:00+05:00,7.599999904632568,7.599999904632568,7.599999904632568,7.599999904632568,0.0,0.0,0.0,0.0,SBL.KA,
2023-04-26 00:00:00+05:00,7.599999904632568,7.599999904632568,7.599999904632568,7.599999904632568,0.0,0.0,0.0,0.0,SBL.KA,
2023-04-27 00:00:00+05:00,7.5,8.600000381469727,7.5,8.369999885559082,4500.0,0.0,0.0,0.0,SBL.KA,
2023-04-28 00:00:00+05:00,7.510000228881836,7.510000228881836,7.510000228881836,7.510000228881836,1000.0,0.0,0.0,0.0,SBL.KA,
2023-05-01 00:00:00+05:00,7.510000228881836,7.510000228881836,7.510000228881836,7.510000228881836,0.0,0.0,0.0,0.0,SBL.KA,
2023-05-02 00:00:00+05:00,7.510000228881836,7.510000228881836,7.510000228881836,7.510000228881836,0.0,0.0,0.0,0.0,SBL.KA,
2023-05-03 00:00:00+05:00,7.5,7.599999904632568,7.5,7.570000171661377,14500.0,0.0,0.0,0.0,SBL.KA,
2023-05-04 00:00:00+05:00,7.570000171661377,7.570000171661377,7.570000171661377,7.570000171661377,0.0,0.0,0.0,0.0,SBL.KA,
2023-05-05 00:00:00+05:00,7.570000171661377,7.570000171661377,7.570000171661377,7.570000171661377,0.0,0.0,0.0,0.0,SBL.KA,
2023-05-08 00:00:00+05:00,7.570000171661377,7.570000171661377,7.570000171661377,7.570000171661377,0.0,0.0,0.0,0.0,SBL.KA,
2023-05-09 00:00:00+05:00,7.570000171661377,7.570000171661377,7.570000171661377,7.570000171661377,0.0,0.0,0.0,0.0,SBL.KA,
2023-05-10 00:00:00+05:00,7.570000171661377,7.570000171661377,7.570000171661377,7.570000171661377,0.0,0.0,0.0,0.0,SBL.KA,
2023-05-11 00:00:00+05:00,7.0,7.0,7.0,7.0,500.0,0.0,0.0,0.0,SBL.KA,
2023-05-12 00:00:00+05:00,7.400000095367432,7.400000095367432,7.400000095367432,7.400000095367432,500.0,0.0,0.0,0.0,SBL.KA,
2023-05-15 00:00:00+05:00,7.400000095367432,7.449999809265137,7.400000095367432,7.449999809265137,5000.0,0.0,0.0,0.0,SBL.KA,
2023-05-16 00:00:00+05:00,7.449999809265137,7.449999809265137,7.449999809265137,7.449999809265137,0.0,0.0,0.0,0.0,SBL.KA,
2023-05-17 00:00:00+05:00,7.489999771118164,7.489999771118164,6.5,6.5,1500.0,0.0,0.0,0.0,SBL.KA,
2023-05-18 00:00:00+05:00,6.5,6.5,6.5,6.5,0.0,0.0,0.0,0.0,SBL.KA,
2023-05-19 00:00:00+05:00,6.0,6.050000190734863,5.96999979019165,6.010000228881836,11000.0,0.0,0.0,0.0,SBL.KA,
2023-05-22 00:00:00+05:00,6.050000190734863,6.050000190734863,6.050000190734863,6.050000190734863,1000.0,0.0,0.0,0.0,SBL.KA,
2023-05-23 00:00:00+05:00,6.050000190734863,6.050000190734863,6.050000190734863,6.050000190734863,0.0,0.0,0.0,0.0,SBL.KA,
2023-05-24 00:00:00+05:00,6.389999866485596,7.050000190734863,6.389999866485596,6.929999828338623,60000.0,0.0,0.0,0.0,SBL.KA,
2023-05-25 00:00:00+05:00,6.929999828338623,6.929999828338623,6.929999828338623,6.929999828338623,0.0,0.0,0.0,0.0,SBL.KA,
2023-05-26 00:00:00+05:00,6.929999828338623,6.929999828338623,6.929999828338623,6.929999828338623,0.0,0.0,0.0,0.0,SBL.KA,
2023-05-29 00:00:00+05:00,6.099999904632568,6.099999904632568,6.099999904632568,6.099999904632568,500.0,0.0,0.0,0.0,SBL.KA,
2023-05-30 00:00:00+05:00,6.019999980926514,7.099999904632568,6.019999980926514,7.099999904632568,9000.0,0.0,0.0,0.0,SBL.KA,
2023-05-31 00:00:00+05:00,6.5,7.360000133514404,6.5,7.329999923706055,1500.0,0.0,0.0,0.0,SBL.KA,
2023-06-01 00:00:00+05:00,7.329999923706055,7.329999923706055,7.329999923706055,7.329999923706055,0.0,0.0,0.0,0.0,SBL.KA,
2023-06-02 00:00:00+05:00,7.400000095367432,7.400000095367432,7.400000095367432,7.400000095367432,500.0,0.0,0.0,0.0,SBL.KA,
2023-06-05 00:00:00+05:00,7.400000095367432,7.400000095367432,7.400000095367432,7.400000095367432,0.0,0.0,0.0,0.0,SBL.KA,
2023-06-06 00:00:00+05:00,7.400000095367432,7.400000095367432,7.400000095367432,7.400000095367432,0.0,0.0,0.0,0.0,SBL.KA,
2023-06-07 00:00:00+05:00,6.400000095367432,6.400000095367432,6.400000095367432,6.400000095367432,1000.0,0.0,0.0,0.0,SBL.KA,
2023-06-08 00:00:00+05:00,6.400000095367432,6.400000095367432,6.400000095367432,6.400000095367432,0.0,0.0,0.0,0.0,SBL.KA,
2023-06-09 00:00:00+05:00,6.0,6.0,6.0,6.0,500.0,0.0,0.0,0.0,SBL.KA,
2023-06-12 00:00:00+05:00,6.0,6.0,6.0,6.0,0.0,0.0,0.0,0.0,SBL.KA,
2023-06-13 00:00:00+05:00,6.0,6.0,6.0,6.0,0.0,0.0,0.0,0.0,SBL.KA,
2023-06-14 00:00:00+05:00,6.0,6.0,6.0,6.0,500.0,0.0,0.0,0.0,SBL.KA,
2023-06-15 00:00:00+05:00,6.0,6.0,6.0,6.0,2000.0,0.0,0.0,0.0,SBL.KA,
2023-06-16 00:00:00+05:00,6.0,7.0,6.0,6.670000076293945,4500.0,0.0,0.0,0.0,SBL.KA,
2023-06-19 00:00:00+05:00,6.670000076293945,6.670000076293945,6.670000076293945,6.670000076293945,0.0,0.0,0.0,0.0,SBL.KA,
2023-06-20 00:00:00+05:00,7.449999809265137,7.449999809265137,7.449999809265137,7.449999809265137,2000.0,0.0,0.0,0.0,SBL.KA,
2023-06-21 00:00:00+05:00,7.800000190734863,7.800000190734863,7.800000190734863,7.800000190734863,500.0,0.0,0.0,0.0,SBL.KA,
2023-06-22 00:00:00+05:00,7.800000190734863,7.800000190734863,7.800000190734863,7.800000190734863,0.0,0.0,0.0,0.0,SBL.KA,
2023-06-23 00:00:00+05:00,7.5,8.0,7.5,7.75,1000.0,0.0,0.0,0.0,SBL.KA,
2023-06-26 00:00:00+05:00,8.0,8.0,8.0,8.0,800000.0,0.0,0.0,0.0,SBL.KA,
2023-06-27 00:00:00+05:00,7.5,8.0,7.5,7.820000171661377,5000.0,0.0,0.0,0.0,SBL.KA,
2023-06-28 00:00:00+05:00,7.820000171661377,7.820000171661377,7.820000171661377,7.820000171661377,0.0,0.0,0.0,0.0,SBL.KA,
2023-06-29 00:00:00+05:00,7.820000171661377,7.820000171661377,7.820000171661377,7.820000171661377,0.0,0.0,0.0,0.0,SBL.KA,
2023-06-30 00:00:00+05:00,7.820000171661377,7.820000171661377,7.820000171661377,7.820000171661377,0.0,0.0,0.0,0.0,SBL.KA,
2023-07-03 00:00:00+05:00,7.820000171661377,7.820000171661377,7.820000171661377,7.820000171661377,0.0,0.0,0.0,0.0,SBL.KA,
2023-07-04 00:00:00+05:00,6.849999904632568,7.800000190734863,6.849999904632568,7.349999904632568,7000.0,0.0,0.0,0.0,SBL.KA,
2023-07-05 00:00:00+05:00,7.5,8.0,7.5,7.690000057220459,340500.0,0.0,0.0,0.0,SBL.KA,
2023-07-06 00:00:00+05:00,7.75,7.800000190734863,7.699999809265137,7.75,56000.0,0.0,0.0,0.0,SBL.KA,
2023-07-07 00:00:00+05:00,7.800000190734863,7.800000190734863,7.800000190734863,7.800000190734863,2500.0,0.0,0.0,0.0,SBL.KA,
2023-07-10 00:00:00+05:00,7.800000190734863,8.25,7.800000190734863,8.130000114440918,83000.0,0.0,0.0,0.0,SBL.KA,
2023-07-11 00:00:00+05:00,7.800000190734863,7.800000190734863,7.75,7.75,33500.0,0.0,0.0,0.0,SBL.KA,
2023-07-12 00:00:00+05:00,7.800000190734863,7.800000190734863,7.800000190734863,7.800000190734863,500.0,0.0,0.0,0.0,SBL.KA,
2023-07-13 00:00:00+05:00,7.800000190734863,7.800000190734863,7.800000190734863,7.800000190734863,5000.0,0.0,0.0,0.0,SBL.KA,
2023-07-14 00:00:00+05:00,7.800000190734863,7.800000190734863,7.800000190734863,7.800000190734863,24000.0,0.0,0.0,0.0,SBL.KA,
2023-07-17 00:00:00+05:00,7.800000190734863,8.0,7.800000190734863,8.0,3000.0,0.0,0.0,0.0,SBL.KA,
2023-07-18 00:00:00+05:00,7.75,7.75,7.75,7.75,25000.0,0.0,0.0,0.0,SBL.KA,
2023-07-19 00:00:00+05:00,8.0,8.25,8.0,8.25,10000.0,0.0,0.0,0.0,SBL.KA,
2023-07-20 00:00:00+05:00,8.229999542236328,8.239999771118164,7.900000095367432,7.929999828338623,167500.0,0.0,0.0,0.0,SBL.KA,
2023-07-21 00:00:00+05:00,7.929999828338623,7.929999828338623,7.929999828338623,7.929999828338623,0.0,0.0,0.0,0.0,SBL.KA,
2023-07-24 00:00:00+05:00,8.0,8.0,8.0,8.0,1500.0,0.0,0.0,0.0,SBL.KA,
2023-07-25 00:00:00+05:00,7.900000095367432,7.900000095367432,7.900000095367432,7.900000095367432,24000.0,0.0,0.0,0.0,SBL.KA,
2023-07-26 00:00:00+05:00,7.989999771118164,8.0,7.989999771118164,8.0,26000.0,0.0,0.0,0.0,SBL.KA,
2023-07-27 00:00:00+05:00,8.0,8.0,8.0,8.0,0.0,0.0,0.0,0.0,SBL.KA,
2023-07-28 00:00:00+05:00,8.0,8.0,8.0,8.0,0.0,0.0,0.0,0.0,SBL.KA,
2023-07-31 00:00:00+05:00,8.0,8.0,8.0,8.0,0.0,0.0,0.0,0.0,SBL.KA,
2023-08-01 00:00:00+05:00,8.0,8.0,8.0,8.0,0.0,0.0,0.0,0.0,SBL.KA,
2023-08-02 00:00:00+05:00,8.0,8.0,8.0,8.0,0.0,0.0,0.0,0.0,SBL.KA,
2023-08-03 00:00:00+05:00,8.0,8.0,8.0,8.0,0.0,0.0,0.0,0.0,SBL.KA,
2023-08-04 00:00:00+05:00,7.5,7.5,7.5,7.5,500.0,0.0,0.0,0.0,SBL.KA,
2023-08-07 00:00:00+05:00,7.5,7.5,7.5,7.5,0.0,0.0,0.0,0.0,SBL.KA,
2023-08-08 00:00:00+05:00,7.5,7.5,7.5,7.5,0.0,0.0,0.0,0.0,SBL.KA,
2023-08-09 00:00:00+05:00,7.5,7.5,7.5,7.5,0.0,0.0,0.0,0.0,SBL.KA,
2023-08-10 00:00:00+05:00,7.5,7.5,7.5,7.5,0.0,0.0,0.0,0.0,SBL.KA,
2023-08-11 00:00:00+05:00,7.5,7.5,7.5,7.5,0.0,0.0,0.0,0.0,SBL.KA,
2023-08-14 00:00:00+05:00,7.5,7.5,7.5,7.5,0.0,0.0,0.0,0.0,SBL.KA,
2023-08-15 00:00:00+05:00,7.5,7.5,7.5,7.5,0.0,0.0,0.0,0.0,SBL.KA,
2023-08-16 00:00:00+05:00,7.5,7.5,7.5,7.5,500.0,0.0,0.0,0.0,SBL.KA,
2023-08-17 00:00:00+05:00,7.5,7.5,7.5,7.5,0.0,0.0,0.0,0.0,SBL.KA,
2023-08-18 00:00:00+05:00,7.5,7.5,7.5,7.5,0.0,0.0,0.0,0.0,SBL.KA,
2023-08-21 00:00:00+05:00,7.5,7.5,7.5,7.5,0.0,0.0,0.0,0.0,SBL.KA,
2023-08-22 00:00:00+05:00,7.5,7.5,7.5,7.5,0.0,0.0,0.0,0.0,SBL.KA,
2023-08-23 00:00:00+05:00,7.5,7.5,7.5,7.5,0.0,0.0,0.0,0.0,SBL.KA,
2023-08-24 00:00:00+05:00,7.5,7.5,7.5,7.5,0.0,0.0,0.0,0.0,SBL.KA,
2023-08-25 00:00:00+05:00,7.5,7.5,7.5,7.5,0.0,0.0,0.0,0.0,SBL.KA,
2023-08-28 00:00:00+05:00,7.5,7.5,7.5,7.5,0.0,0.0,0.0,0.0,SBL.KA,
2023-08-29 00:00:00+05:00,7.5,7.5,7.5,7.5,0.0,0.0,0.0,0.0,SBL.KA,
2023-08-30 00:00:00+05:00,7.5,7.5,7.5,7.5,0.0,0.0,0.0,0.0,SBL.KA,
2023-08-31 00:00:00+05:00,7.5,7.5,7.5,7.5,0.0,0.0,0.0,0.0,SBL.KA,
2023-09-01 00:00:00+05:00,7.5,7.5,7.5,7.5,0.0,0.0,0.0,0.0,SBL.KA,
2023-09-04 00:00:00+05:00,7.5,7.5,7.5,7.5,0.0,0.0,0.0,0.0,SBL.KA,
2023-09-05 00:00:00+05:00,7.5,7.5,7.5,7.5,0.0,0.0,0.0,0.0,SBL.KA,
2023-09-06 00:00:00+05:00,7.5,7.5,7.5,7.5,0.0,0.0,0.0,0.0,SBL.KA,
2023-09-07 00:00:00+05:00,8.5,8.5,8.5,8.5,500.0,0.0,0.0,0.0,SBL.KA,
2023-09-08 00:00:00+05:00,8.4399995803833,8.4399995803833,8.4399995803833,8.4399995803833,500.0,0.0,0.0,0.0,SBL.KA,
2023-09-11 00:00:00+05:00,8.4399995803833,8.4399995803833,8.4399995803833,8.4399995803833,0.0,0.0,0.0,0.0,SBL.KA,
2023-09-12 00:00:00+05:00,8.4399995803833,8.4399995803833,8.4399995803833,8.4399995803833,0.0,0.0,0.0,0.0,SBL.KA,
2023-09-13 00:00:00+05:00,8.4399995803833,8.4399995803833,8.4399995803833,8.4399995803833,0.0,0.0,0.0,0.0,SBL.KA,
2023-09-14 00:00:00+05:00,9.399999618530273,9.399999618530273,8.899999618530273,8.989999771118164,9000.0,0.0,0.0,0.0,SBL.KA,
2023-09-15 00:00:00+05:00,8.5,9.0,8.489999771118164,8.989999771118164,193000.0,0.0,0.0,0.0,SBL.KA,
2023-09-18 00:00:00+05:00,8.75,8.949999809265137,8.75,8.949999809265137,10500.0,0.0,0.0,0.0,SBL.KA,
2023-09-19 00:00:00+05:00,8.949999809265137,8.949999809265137,8.949999809265137,8.949999809265137,0.0,0.0,0.0,0.0,SBL.KA,
2023-09-20 00:00:00+05:00,9.0,9.25,9.0,9.0,51000.0,0.0,0.0,0.0,SBL.KA,
2023-09-21 00:00:00+05:00,9.0,9.0,9.0,9.0,0.0,0.0,0.0,0.0,SBL.KA,
2023-09-22 00:00:00+05:00,9.0,9.0,9.0,9.0,0.0,0.0,0.0,0.0,SBL.KA,
2023-09-25 00:00:00+05:00,9.0,9.0,9.0,9.0,0.0,0.0,0.0,0.0,SBL.KA,
2023-09-26 00:00:00+05:00,9.0,9.0,9.0,9.0,0.0,0.0,0.0,0.0,SBL.KA,
2023-09-27 00:00:00+05:00,9.0,9.0,9.0,9.0,0.0,0.0,0.0,0.0,SBL.KA,
2023-09-28 00:00:00+05:00,9.0,9.0,9.0,9.0,0.0,0.0,0.0,0.0,SBL.KA,
2023-09-29 00:00:00+05:00,9.0,9.0,9.0,9.0,0.0,0.0,0.0,0.0,SBL.KA,
2023-10-02 00:00:00+05:00,9.0,9.0,9.0,9.0,0.0,0.0,0.0,0.0,SBL.KA,
2023-10-03 00:00:00+05:00,9.0,9.0,9.0,9.0,0.0,0.0,0.0,0.0,SBL.KA,
2023-10-04 00:00:00+05:00,8.100000381469727,8.600000381469727,8.029999732971191,8.460000038146973,155500.0,0.0,0.0,0.0,SBL.KA,
2023-10-05 00:00:00+05:00,7.5,9.399999618530273,7.5,8.539999961853027,79500.0,0.0,0.0,0.0,SBL.KA,
2023-10-06 00:00:00+05:00,8.899999618530273,9.449999809265137,8.899999618530273,8.930000305175781,10500.0,0.0,0.0,0.0,SBL.KA,
2023-10-09 00:00:00+05:00,9.0,9.0,9.0,9.0,500.0,0.0,0.0,0.0,SBL.KA,
2023-10-10 00:00:00+05:00,8.0,8.300000190734863,8.0,8.300000190734863,1000.0,0.0,0.0,0.0,SBL.KA,
2023-10-11 00:00:00+05:00,8.989999771118164,9.300000190734863,8.989999771118164,9.010000228881836,26000.0,0.0,0.0,0.0,SBL.KA,
2023-10-12 00:00:00+05:00,8.5,8.5,8.5,8.5,1000.0,0.0,0.0,0.0,SBL.KA,
2023-10-13 00:00:00+05:00,8.5,8.5,8.5,8.5,500.0,0.0,0.0,0.0,SBL.KA,
2023-10-16 00:00:00+05:00,8.989999771118164,8.989999771118164,8.989999771118164,8.989999771118164,1000.0,0.0,0.0,0.0,SBL.KA,
2023-10-17 00:00:00+05:00,8.989999771118164,8.989999771118164,8.989999771118164,8.989999771118164,0.0,0.0,0.0,0.0,SBL.KA,
2023-10-18 00:00:00+05:00,8.449999809265137,9.0,8.449999809265137,9.0,26500.0,0.0,0.0,0.0,SBL.KA,
2023-10-19 00:00:00+05:00,9.0,9.0,9.0,9.0,0.0,0.0,0.0,0.0,SBL.KA,
2023-10-20 00:00:00+05:00,9.0,9.0,9.0,9.0,0.0,0.0,0.0,0.0,SBL.KA,
2023-10-23 00:00:00+05:00,9.0,9.0,9.0,9.0,0.0,0.0,0.0,0.0,SBL.KA,
2023-10-24 00:00:00+05:00,8.75,10.0,8.75,9.130000114440918,506000.0,0.0,0.0,0.0,SBL.KA,
2023-10-25 00:00:00+05:00,9.130000114440918,9.130000114440918,9.130000114440918,9.130000114440918,0.0,0.0,0.0,0.0,SBL.KA,
2023-10-26 00:00:00+05:00,8.149999618530273,8.210000038146973,8.149999618530273,8.149999618530273,3000.0,0.0,0.0,0.0,SBL.KA,
2023-10-27 00:00:00+05:00,8.149999618530273,8.149999618530273,8.149999618530273,8.149999618530273,0.0,0.0,0.0,0.0,SBL.KA,
2023-10-30 00:00:00+05:00,8.149999618530273,8.149999618530273,8.149999618530273,8.149999618530273,0.0,0.0,0.0,0.0,SBL.KA,
2023-10-31 00:00:00+05:00,8.890000343322754,8.890000343322754,8.890000343322754,8.890000343322754,500.0,0.0,0.0,0.0,SBL.KA,
2023-11-01 00:00:00+05:00,8.890000343322754,9.0,8.890000343322754,8.899999618530273,4000.0,0.0,0.0,0.0,SBL.KA,
2023-11-02 00:00:00+05:00,8.899999618530273,8.899999618530273,8.899999618530273,8.899999618530273,0.0,0.0,0.0,0.0,SBL.KA,
2023-11-03 00:00:00+05:00,9.489999771118164,9.489999771118164,9.0,9.0,1000.0,0.0,0.0,0.0,SBL.KA,
2023-11-06 00:00:00+05:00,8.300000190734863,8.300000190734863,8.0,8.0,2500.0,0.0,0.0,0.0,SBL.KA,
2023-11-07 00:00:00+05:00,7.550000190734863,7.550000190734863,7.25,7.25,2000.0,0.0,0.0,0.0,SBL.KA,
2023-11-08 00:00:00+05:00,7.25,7.25,7.25,7.25,0.0,0.0,0.0,0.0,SBL.KA,
2023-11-09 00:00:00+05:00,7.25,7.25,7.25,7.25,0.0,0.0,0.0,0.0,SBL.KA,
2023-11-10 00:00:00+05:00,8.0,8.0,8.0,8.0,500.0,0.0,0.0,0.0,SBL.KA,
2023-11-13 00:00:00+05:00,8.0,8.0,8.0,8.0,0.0,0.0,0.0,0.0,SBL.KA,
2023-11-14 00:00:00+05:00,7.739999771118164,7.75,7.739999771118164,7.75,1500.0,0.0,0.0,0.0,SBL.KA,
2023-11-15 00:00:00+05:00,7.25,7.260000228881836,7.25,7.260000228881836,8500.0,0.0,0.0,0.0,SBL.KA,
2023-11-16 00:00:00+05:00,7.260000228881836,7.260000228881836,7.260000228881836,7.260000228881836,0.0,0.0,0.0,0.0,SBL.KA,
2023-11-17 00:00:00+05:00,6.619999885559082,8.0,6.619999885559082,7.989999771118164,3500.0,0.0,0.0,0.0,SBL.KA,
2023-11-20 00:00:00+05:00,7.980000019073486,8.800000190734863,7.980000019073486,8.170000076293945,13000.0,0.0,0.0,0.0,SBL.KA,
2023-11-21 00:00:00+05:00,8.199999809265137,9.100000381469727,7.800000190734863,8.9399995803833,8500.0,0.0,0.0,0.0,SBL.KA,
2023-11-22 00:00:00+05:00,8.5,8.510000228881836,8.5,8.510000228881836,21500.0,0.0,0.0,0.0,SBL.KA,
2023-11-23 00:00:00+05:00,8.510000228881836,8.510000228881836,8.510000228881836,8.510000228881836,0.0,0.0,0.0,0.0,SBL.KA,
2023-11-24 00:00:00+05:00,8.510000228881836,8.510000228881836,8.510000228881836,8.510000228881836,0.0,0.0,0.0,0.0,SBL.KA,
2023-11-27 00:00:00+05:00,8.510000228881836,8.510000228881836,8.510000228881836,8.510000228881836,0.0,0.0,0.0,0.0,SBL.KA,
2023-11-28 00:00:00+05:00,7.849999904632568,7.849999904632568,7.849999904632568,7.849999904632568,500.0,0.0,0.0,0.0,SBL.KA,
2023-11-29 00:00:00+05:00,7.400000095367432,8.569999694824219,7.349999904632568,8.550000190734863,7500.0,0.0,0.0,0.0,SBL.KA,
2023-11-30 00:00:00+05:00,8.5,9.550000190734863,8.0,8.359999656677246,62500.0,0.0,0.0,0.0,SBL.KA,
2023-12-01 00:00:00+05:00,8.010000228881836,8.489999771118164,8.0,8.050000190734863,250500.0,0.0,0.0,0.0,SBL.KA,
2023-12-04 00:00:00+05:00,8.0600004196167,8.5,8.0600004196167,8.470000267028809,35000.0,0.0,0.0,0.0,SBL.KA,
2023-12-05 00:00:00+05:00,8.670000076293945,8.670000076293945,8.670000076293945,8.670000076293945,2500.0,0.0,0.0,0.0,SBL.KA,
2023-12-06 00:00:00+05:00,7.949999809265137,8.430000305175781,7.940000057220459,8.40999984741211,37000.0,0.0,0.0,0.0,SBL.KA,
2023-12-07 00:00:00+05:00,8.029999732971191,8.350000381469727,8.029999732971191,8.350000381469727,30500.0,0.0,0.0,0.0,SBL.KA,
2023-12-08 00:00:00+05:00,8.029999732971191,9.350000381469727,7.909999847412109,8.930000305175781,293500.0,0.0,0.0,0.0,SBL.KA,
2023-12-11 00:00:00+05:00,8.949999809265137,9.930000305175781,8.949999809265137,9.529999732971191,511000.0,0.0,0.0,0.0,SBL.KA,
2023-12-12 00:00:00+05:00,9.0,10.529999732971191,8.84000015258789,10.010000228881836,353500.0,0.0,0.0,0.0,SBL.KA,
2023-12-13 00:00:00+05:00,9.09000015258789,11.010000228881836,9.09000015258789,11.0,161500.0,0.0,0.0,0.0,SBL.KA,
2023-12-14 00:00:00+05:00,10.0,11.5,10.0,11.180000305175781,5500.0,0.0,0.0,0.0,SBL.KA,
2023-12-15 00:00:00+05:00,10.260000228881836,12.180000305175781,10.25,12.140000343322754,128500.0,0.0,0.0,0.0,SBL.KA,
2023-12-18 00:00:00+05:00,11.699999809265137,11.699999809265137,11.229999542236328,11.229999542236328,5000.0,0.0,0.0,0.0,SBL.KA,
2023-12-19 00:00:00+05:00,11.100000381469727,11.920000076293945,11.0,11.40999984741211,2500.0,0.0,0.0,0.0,SBL.KA,
2023-12-20 00:00:00+05:00,10.600000381469727,10.979999542236328,10.40999984741211,10.40999984741211,11500.0,0.0,0.0,0.0,SBL.KA,
2023-12-21 00:00:00+05:00,9.510000228881836,11.399999618530273,9.5,10.789999961853027,9000.0,0.0,0.0,0.0,SBL.KA,
2023-12-22 00:00:00+05:00,9.890000343322754,11.470000267028809,9.890000343322754,11.470000267028809,1500.0,0.0,0.0,0.0,SBL.KA,
2023-12-25 00:00:00+05:00,11.470000267028809,11.470000267028809,11.470000267028809,11.470000267028809,0.0,0.0,0.0,0.0,SBL.KA,
2023-12-26 00:00:00+05:00,10.479999542236328,11.0,10.479999542236328,11.0,451500.0,0.0,0.0,0.0,SBL.KA,
2023-12-27 00:00:00+05:00,10.149999618530273,10.739999771118164,10.149999618530273,10.739999771118164,1500.0,0.0,0.0,0.0,SBL.KA,
2023-12-28 00:00:00+05:00,10.100000381469727,10.59000015258789,10.100000381469727,10.59000015258789,1500.0,0.0,0.0,0.0,SBL.KA,
2023-12-29 00:00:00+05:00,10.59000015258789,10.59000015258789,10.59000015258789,10.59000015258789,0.0,0.0,0.0,0.0,SBL.KA,
2024-01-01 00:00:00+05:00,9.710000038146973,10.9399995803833,9.699999809265137,10.899999618530273,3000.0,0.0,0.0,0.0,SBL.KA,
2024-01-02 00:00:00+05:00,10.949999809265137,11.0,10.720000267028809,10.989999771118164,55000.0,0.0,0.0,0.0,SBL.KA,
2024-01-03 00:00:00+05:00,10.170000076293945,10.170000076293945,10.170000076293945,10.170000076293945,500.0,0.0,0.0,0.0,SBL.KA,
2024-01-04 00:00:00+05:00,10.949999809265137,10.979999542236328,10.949999809265137,10.970000267028809,4500.0,0.0,0.0,0.0,SBL.KA,
2024-01-05 00:00:00+05:00,10.970000267028809,10.970000267028809,10.970000267028809,10.970000267028809,0.0,0.0,0.0,0.0,SBL.KA,
2024-01-08 00:00:00+05:00,11.0,11.0,11.0,11.0,5000.0,0.0,0.0,0.0,SBL.KA,
2024-01-09 00:00:00+05:00,11.0,11.0,11.0,11.0,0.0,0.0,0.0,0.0,SBL.KA,
2024-01-10 00:00:00+05:00,11.0,11.0,11.0,11.0,0.0,0.0,0.0,0.0,SBL.KA,
2024-01-11 00:00:00+05:00,11.0,11.0,11.0,11.0,0.0,0.0,0.0,0.0,SBL.KA,
2024-01-12 00:00:00+05:00,10.109999656677246,10.25,10.0,10.0,29500.0,0.0,0.0,0.0,SBL.KA,
2024-01-15 00:00:00+05:00,10.0,10.0,10.0,10.0,0.0,0.0,0.0,0.0,SBL.KA,
2024-01-16 00:00:00+05:00,10.079999923706055,10.569999694824219,10.079999923706055,10.270000457763672,11000.0,0.0,0.0,0.0,SBL.KA,
2024-01-17 00:00:00+05:00,10.260000228881836,10.600000381469727,10.260000228881836,10.550000190734863,13000.0,0.0,0.0,0.0,SBL.KA,
2024-01-18 00:00:00+05:00,10.550000190734863,10.550000190734863,10.550000190734863,10.550000190734863,0.0,0.0,0.0,0.0,SBL.KA,
2024-01-19 00:00:00+05:00,10.880000114440918,10.880000114440918,10.880000114440918,10.880000114440918,1500.0,0.0,0.0,0.0,SBL.KA,
2024-01-22 00:00:00+05:00,9.949999809265137,9.949999809265137,9.880000114440918,9.880000114440918,5000.0,0.0,0.0,0.0,SBL.KA,
2024-01-23 00:00:00+05:00,9.100000381469727,10.40999984741211,9.0,10.100000381469727,25500.0,0.0,0.0,0.0,SBL.KA,
2024-01-24 00:00:00+05:00,9.529999732971191,9.529999732971191,9.529999732971191,9.529999732971191,500.0,0.0,0.0,0.0,SBL.KA,
2024-01-25 00:00:00+05:00,9.5,10.40999984741211,9.5,10.350000381469727,12000.0,0.0,0.0,0.0,SBL.KA,
2024-01-26 00:00:00+05:00,9.510000228881836,10.34000015258789,9.5,9.779999732971191,1500.0,0.0,0.0,0.0,SBL.KA,
2024-01-29 00:00:00+05:00,10.399999618530273,10.399999618530273,10.399999618530273,10.399999618530273,5000.0,0.0,0.0,0.0,SBL.KA,
2024-01-30 00:00:00+05:00,10.399999618530273,10.399999618530273,10.399999618530273,10.399999618530273,4000.0,0.0,0.0,0.0,SBL.KA,
2024-01-31 00:00:00+05:00,10.869999885559082,10.869999885559082,10.850000381469727,10.850000381469727,3000.0,0.0,0.0,0.0,SBL.KA,
2024-02-01 00:00:00+05:00,10.850000381469727,10.850000381469727,10.850000381469727,10.850000381469727,0.0,0.0,0.0,0.0,SBL.KA,
2024-02-02 00:00:00+05:00,11.0,11.0,10.800000190734863,10.800000190734863,2500.0,0.0,0.0,0.0,SBL.KA,
2024-02-06 00:00:00+05:00,10.800000190734863,10.800000190734863,10.800000190734863,10.800000190734863,0.0,0.0,0.0,0.0,SBL.KA,
2024-02-07 00:00:00+05:00,10.109999656677246,10.5,10.109999656677246,10.5,13500.0,0.0,0.0,0.0,SBL.KA,
2024-02-08 00:00:00+05:00,10.5,10.5,10.5,10.5,0.0,0.0,0.0,0.0,SBL.KA,
2024-02-09 00:00:00+05:00,10.5,10.5,10.5,10.5,0.0,0.0,0.0,0.0,SBL.KA,
2024-02-12 00:00:00+05:00,11.0,11.0,10.600000381469727,10.600000381469727,20000.0,0.0,0.0,0.0,SBL.KA,
2024-02-13 00:00:00+05:00,10.600000381469727,10.899999618530273,10.600000381469727,10.899999618530273,11000.0,0.0,0.0,0.0,SBL.KA,
2024-02-14 00:00:00+05:00,10.989999771118164,11.0,10.989999771118164,11.0,5000.0,0.0,0.0,0.0,SBL.KA,
2024-02-15 00:00:00+05:00,11.0,11.0,11.0,11.0,37000.0,0.0,0.0,0.0,SBL.KA,
2024-02-16 00:00:00+05:00,11.0,11.0,11.0,11.0,0.0,0.0,0.0,0.0,SBL.KA,
2024-02-19 00:00:00+05:00,11.0,11.0,11.0,11.0,0.0,0.0,0.0,0.0,SBL.KA,
2024-02-20 00:00:00+05:00,10.600000381469727,10.600000381469727,10.600000381469727,10.600000381469727,10000.0,0.0,0.0,0.0,SBL.KA,
2024-02-21 00:00:00+05:00,10.100000381469727,10.100000381469727,10.100000381469727,10.100000381469727,10000.0,0.0,0.0,0.0,SBL.KA,
2024-02-22 00:00:00+05:00,10.109999656677246,10.109999656677246,10.0,10.0600004196167,10000.0,0.0,0.0,0.0,SBL.KA,
2024-02-23 00:00:00+05:00,10.0600004196167,10.0600004196167,10.0600004196167,10.0600004196167,0.0,0.0,0.0,0.0,SBL.KA,
2024-02-26 00:00:00+05:00,10.0600004196167,10.0600004196167,10.0600004196167,10.0600004196167,0.0,0.0,0.0,0.0,SBL.KA,
2024-02-27 00:00:00+05:00,10.0600004196167,10.0600004196167,10.0600004196167,10.0600004196167,0.0,0.0,0.0,0.0,SBL.KA,
2024-02-28 00:00:00+05:00,10.0600004196167,10.0600004196167,10.0600004196167,10.0600004196167,0.0,0.0,0.0,0.0,SBL.KA,
2024-02-29 00:00:00+05:00,10.0600004196167,11.0,9.069999694824219,10.65999984741211,21500.0,0.0,0.0,0.0,SBL.KA,
2024-03-01 00:00:00+05:00,9.699999809265137,9.699999809265137,9.699999809265137,9.699999809265137,1000.0,0.0,0.0,0.0,SBL.KA,
2024-03-04 00:00:00+05:00,9.699999809265137,9.699999809265137,9.699999809265137,9.699999809265137,1000.0,0.0,0.0,0.0,SBL.KA,
2024-03-05 00:00:00+05:00,10.0,10.0,10.0,10.0,5000.0,0.0,0.0,0.0,SBL.KA,
2024-03-06 00:00:00+05:00,9.5,9.5,9.5,9.5,2000.0,0.0,0.0,0.0,SBL.KA,
2024-03-07 00:00:00+05:00,10.0,10.0,9.600000381469727,10.0,12500.0,0.0,0.0,0.0,SBL.KA,
2024-03-08 00:00:00+05:00,10.0,10.0,10.0,10.0,500.0,0.0,0.0,0.0,SBL.KA,
2024-03-11 00:00:00+05:00,10.0,10.0,10.0,10.0,0.0,0.0,0.0,0.0,SBL.KA,
2024-03-12 00:00:00+05:00,10.0,10.0,10.0,10.0,0.0,0.0,0.0,0.0,SBL.KA,
2024-03-13 00:00:00+05:00,10.0,10.0,10.0,10.0,500.0,0.0,0.0,0.0,SBL.KA,
2024-03-14 00:00:00+05:00,9.600000381469727,9.600000381469727,9.600000381469727,9.600000381469727,500.0,0.0,0.0,0.0,SBL.KA,
2024-03-15 00:00:00+05:00,9.600000381469727,9.600000381469727,9.600000381469727,9.600000381469727,0.0,0.0,0.0,0.0,SBL.KA,
2024-03-18 00:00:00+05:00,9.600000381469727,9.600000381469727,9.550000190734863,9.550000190734863,2000.0,0.0,0.0,0.0,SBL.KA,
2024-03-19 00:00:00+05:00,9.550000190734863,9.550000190734863,9.550000190734863,9.550000190734863,0.0,0.0,0.0,0.0,SBL.KA,
2024-03-20 00:00:00+05:00,10.539999961853027,10.550000190734863,10.539999961853027,10.550000190734863,2000.0,0.0,0.0,0.0,SBL.KA,
2024-03-21 00:00:00+05:00,9.710000038146973,10.0,9.710000038146973,10.0,25500.0,0.0,0.0,0.0,SBL.KA,
2024-03-22 00:00:00+05:00,9.5,10.0,9.5,10.0,21500.0,0.0,0.0,0.0,SBL.KA,
2024-03-26 00:00:00+05:00,10.0,10.0,10.0,10.0,0.0,0.0,0.0,0.0,SBL.KA,
2024-03-27 00:00:00+05:00,10.0,10.0,10.0,10.0,0.0,0.0,0.0,0.0,SBL.KA,
2024-03-28 00:00:00+05:00,10.0,10.0,10.0,10.0,40000.0,0.0,0.0,0.0,SBL.KA,
2024-03-29 00:00:00+05:00,11.0,11.0,11.0,11.0,55000.0,0.0,0.0,0.0,SBL.KA,
2024-04-01 00:00:00+05:00,12.0,12.0,12.0,12.0,1000.0,0.0,0.0,0.0,SBL.KA,
2024-04-02 00:00:00+05:00,13.0,13.0,11.550000190734863,11.899999618530273,925000.0,0.0,0.0,0.0,SBL.KA,
2024-04-03 00:00:00+05:00,12.380000114440918,12.380000114440918,11.5,11.5600004196167,167000.0,0.0,0.0,0.0,SBL.KA,
2024-04-04 00:00:00+05:00,11.850000381469727,12.0,10.5600004196167,11.5,238500.0,0.0,0.0,0.0,SBL.KA,
2024-04-08 00:00:00+05:00,11.0,11.0,10.699999809265137,11.0,15500.0,0.0,0.0,0.0,SBL.KA,
2024-04-09 00:00:00+05:00,10.899999618530273,11.649999618530273,10.40999984741211,11.449999809265137,60500.0,0.0,0.0,0.0,SBL.KA,
2024-04-15 00:00:00+05:00,11.670000076293945,12.350000381469727,11.479999542236328,12.020000457763672,1145000.0,0.0,0.0,0.0,SBL.KA,
2024-04-16 00:00:00+05:00,11.699999809265137,12.100000381469727,11.5,11.550000190734863,485500.0,0.0,0.0,0.0,SBL.KA,
2024-04-17 00:00:00+05:00,11.550000190734863,12.0,11.0,11.260000228881836,143000.0,0.0,0.0,0.0,SBL.KA,
2024-04-18 00:00:00+05:00,11.300000190734863,11.390000343322754,11.149999618530273,11.350000381469727,13000.0,0.0,0.0,0.0,SBL.KA,
2024-04-19 00:00:00+05:00,10.699999809265137,11.25,10.699999809265137,11.25,12000.0,0.0,0.0,0.0,SBL.KA,
2024-04-22 00:00:00+05:00,10.699999809265137,11.239999771118164,10.699999809265137,11.239999771118164,8500.0,0.0,0.0,0.0,SBL.KA,
2024-04-23 00:00:00+05:00,10.739999771118164,10.989999771118164,10.720000267028809,10.90999984741211,8500.0,0.0,0.0,0.0,SBL.KA,
2024-04-24 00:00:00+05:00,10.949999809265137,11.0,10.75,10.949999809265137,59000.0,0.0,0.0,0.0,SBL.KA,
2024-04-25 00:00:00+05:00,10.720000267028809,11.0,10.720000267028809,10.960000038146973,7500.0,0.0,0.0,0.0,SBL.KA,
2024-04-26 00:00:00+05:00,10.960000038146973,10.960000038146973,10.960000038146973,10.960000038146973,0.0,0.0,0.0,0.0,SBL.KA,
2024-04-29 00:00:00+05:00,10.5,10.5,10.5,10.5,500.0,0.0,0.0,0.0,SBL.KA,
2024-04-30 00:00:00+05:00,11.0,11.0,10.75,10.75,11500.0,0.0,0.0,0.0,SBL.KA,
2024-05-02 00:00:00+05:00,11.0,11.0,10.5,10.739999771118164,14000.0,0.0,0.0,0.0,SBL.KA,
2024-05-03 00:00:00+05:00,10.989999771118164,10.989999771118164,10.300000190734863,10.350000381469727,16000.0,0.0,0.0,0.0,SBL.KA,
2024-05-06 00:00:00+05:00,10.350000381469727,10.670000076293945,10.25,10.630000114440918,17500.0,0.0,0.0,0.0,SBL.KA,
2024-05-07 00:00:00+05:00,10.600000381469727,10.600000381469727,9.630000114440918,10.050000190734863,112500.0,0.0,0.0,0.0,SBL.KA,
2024-05-08 00:00:00+05:00,10.109999656677246,10.109999656677246,10.109999656677246,10.109999656677246,1000.0,0.0,0.0,0.0,SBL.KA,
2024-05-09 00:00:00+05:00,10.020000457763672,10.100000381469727,10.0,10.100000381469727,83000.0,0.0,0.0,0.0,SBL.KA,
2024-05-10 00:00:00+05:00,10.100000381469727,10.109999656677246,10.100000381469727,10.100000381469727,68000.0,0.0,0.0,0.0,SBL.KA,
2024-05-13 00:00:00+05:00,10.100000381469727,10.100000381469727,10.100000381469727,10.100000381469727,0.0,0.0,0.0,0.0,SBL.KA,
2024-05-14 00:00:00+05:00,10.09000015258789,10.09000015258789,10.09000015258789,10.09000015258789,500.0,0.0,0.0,0.0,SBL.KA,
2024-05-15 00:00:00+05:00,10.0,10.100000381469727,10.0,10.100000381469727,58500.0,0.0,0.0,0.0,SBL.KA,
2024-05-16 00:00:00+05:00,10.100000381469727,10.100000381469727,10.100000381469727,10.100000381469727,0.0,0.0,0.0,0.0,SBL.KA,
2024-05-17 00:00:00+05:00,10.0,10.399999618530273,10.0,10.399999618530273,120500.0,0.0,0.0,0.0,SBL.KA,
2024-05-20 00:00:00+05:00,11.09000015258789,11.399999618530273,10.510000228881836,11.399999618530273,305000.0,0.0,0.0,0.0,SBL.KA,
2024-05-21 00:00:00+05:00,11.899999618530273,12.300000190734863,11.649999618530273,12.029999732971191,398500.0,0.0,0.0,0.0,SBL.KA,
2024-05-22 00:00:00+05:00,11.510000228881836,11.850000381469727,11.5,11.5,1500.0,0.0,0.0,0.0,SBL.KA,
2024-05-23 00:00:00+05:00,11.699999809265137,11.699999809265137,10.699999809265137,11.399999618530273,44000.0,0.0,0.0,0.0,SBL.KA,
2024-05-24 00:00:00+05:00,11.399999618530273,12.0,11.399999618530273,11.979999542236328,112500.0,0.0,0.0,0.0,SBL.KA,
2024-05-27 00:00:00+05:00,11.520000457763672,11.979999542236328,11.510000228881836,11.979999542236328,866.0,0.0,0.0,0.0,SBL.KA,
2024-05-28 00:00:00+05:00,11.979999542236328,11.979999542236328,11.979999542236328,11.979999542236328,0.0,0.0,0.0,0.0,SBL.KA,
2024-05-29 00:00:00+05:00,11.350000381469727,11.789999961853027,11.0,11.1899995803833,103773.0,0.0,0.0,0.0,SBL.KA,
2024-05-30 00:00:00+05:00,11.760000228881836,11.760000228881836,10.199999809265137,10.890000343322754,51102.0,0.0,0.0,0.0,SBL.KA,
2024-05-31 00:00:00+05:00,10.5,10.75,10.010000228881836,10.6899995803833,14858.0,0.0,0.0,0.0,SBL.KA,
2024-06-03 00:00:00+05:00,10.699999809265137,11.010000228881836,10.699999809265137,10.800000190734863,70190.0,0.0,0.0,0.0,SBL.KA,
2024-06-04 00:00:00+05:00,10.479999542236328,10.479999542236328,10.300000190734863,10.300000190734863,12561.0,0.0,0.0,0.0,SBL.KA,
2024-06-05 00:00:00+05:00,10.699999809265137,10.699999809265137,10.40999984741211,10.40999984741211,3021.0,0.0,0.0,0.0,SBL.KA,
2024-06-06 00:00:00+05:00,10.979999542236328,10.979999542236328,10.149999618530273,10.380000114440918,3769.0,0.0,0.0,0.0,SBL.KA,
2024-06-07 00:00:00+05:00,10.0600004196167,11.380000114440918,10.020000457763672,10.949999809265137,184767.0,0.0,0.0,0.0,SBL.KA,
2024-06-10 00:00:00+05:00,11.0,11.0,10.630000114440918,10.710000038146973,2264.0,0.0,0.0,0.0,SBL.KA,
2024-06-11 00:00:00+05:00,10.319999694824219,10.319999694824219,10.1899995803833,10.199999809265137,656427.0,0.0,0.0,0.0,SBL.KA,
2024-06-12 00:00:00+05:00,10.619999885559082,10.619999885559082,9.869999885559082,10.0,742.0,0.0,0.0,0.0,SBL.KA,
2024-06-13 00:00:00+05:00,10.890000343322754,11.0,10.890000343322754,11.0,96991.0,0.0,0.0,0.0,SBL.KA,
2024-06-14 00:00:00+05:00,11.600000381469727,11.600000381469727,10.859999656677246,11.300000190734863,97901.0,0.0,0.0,0.0,SBL.KA,
2024-06-20 00:00:00+05:00,11.0,12.0,10.859999656677246,11.989999771118164,232226.0,0.0,0.0,0.0,SBL.KA,
2024-06-21 00:00:00+05:00,11.989999771118164,12.0,11.100000381469727,11.529999732971191,153603.0,0.0,0.0,0.0,SBL.KA,
2024-06-24 00:00:00+05:00,11.529999732971191,12.199999809265137,11.100000381469727,11.90999984741211,73855.0,0.0,0.0,0.0,SBL.KA,
2024-06-25 00:00:00+05:00,12.449999809265137,12.449999809265137,11.199999809265137,11.90999984741211,1441.0,0.0,0.0,0.0,SBL.KA,
2024-06-26 00:00:00+05:00,11.020000457763672,11.239999771118164,11.0,11.0600004196167,127743.0,0.0,0.0,0.0,SBL.KA,
2024-06-27 00:00:00+05:00,10.670000076293945,11.640000343322754,10.649999618530273,10.6899995803833,1600.0,0.0,0.0,0.0,SBL.KA,
2024-06-28 00:00:00+05:00,11.5,11.6899995803833,11.149999618530273,11.65999984741211,229638.0,0.0,0.0,0.0,SBL.KA,
2024-07-01 00:00:00+05:00,11.5,11.699999809265137,11.109999656677246,11.289999961853027,55010.0,0.0,0.0,0.0,SBL.KA,
2024-07-02 00:00:00+05:00,10.5,11.369999885559082,10.5,11.0,25187.0,0.0,0.0,0.0,SBL.KA,
2024-07-03 00:00:00+05:00,11.989999771118164,12.0,11.5,12.0,362727.0,0.0,0.0,0.0,SBL.KA,
2024-07-04 00:00:00+05:00,12.489999771118164,13.079999923706055,12.100000381469727,12.760000228881836,691622.0,0.0,0.0,0.0,SBL.KA,
2024-07-05 00:00:00+05:00,12.300000190734863,13.100000381469727,12.220000267028809,12.260000228881836,63866.0,0.0,0.0,0.0,SBL.KA,
2024-07-08 00:00:00+05:00,12.5,13.0,12.489999771118164,12.6899995803833,108516.0,0.0,0.0,0.0,SBL.KA,
2024-07-09 00:00:00+05:00,13.399999618530273,13.399999618530273,12.109999656677246,12.5,14676.0,0.0,0.0,0.0,SBL.KA,
2024-07-10 00:00:00+05:00,12.020000457763672,12.6899995803833,12.020000457763672,12.449999809265137,121568.0,0.0,0.0,0.0,SBL.KA,
2024-07-11 00:00:00+05:00,12.84000015258789,12.84000015258789,12.300000190734863,12.350000381469727,22070.0,0.0,0.0,0.0,SBL.KA,
2024-07-12 00:00:00+05:00,11.5,12.399999618530273,11.5,12.0,8594.0,0.0,0.0,0.0,SBL.KA,
2024-07-15 00:00:00+05:00,12.5600004196167,12.5600004196167,11.5,11.699999809265137,30750.0,0.0,0.0,0.0,SBL.KA,
2024-07-16 00:00:00+05:00,11.699999809265137,11.699999809265137,11.699999809265137,11.699999809265137,0.0,0.0,0.0,0.0,SBL.KA,
2024-07-17 00:00:00+05:00,11.699999809265137,11.699999809265137,11.699999809265137,11.699999809265137,0.0,0.0,0.0,0.0,SBL.KA,
2024-07-18 00:00:00+05:00,11.989999771118164,11.989999771118164,11.550000190734863,11.640000343322754,26107.0,0.0,0.0,0.0,SBL.KA,
2024-07-19 00:00:00+05:00,11.869999885559082,11.869999885559082,10.8100004196167,11.699999809265137,2052.0,0.0,0.0,0.0,SBL.KA,
2024-07-22 00:00:00+05:00,10.859999656677246,11.600000381469727,10.800000190734863,10.829999923706055,30054.0,0.0,0.0,0.0,SBL.KA,
2024-07-23 00:00:00+05:00,11.6899995803833,11.6899995803833,10.050000190734863,10.5,48873.0,0.0,0.0,0.0,SBL.KA,
2024-07-24 00:00:00+05:00,11.399999618530273,11.550000190734863,10.800000190734863,11.300000190734863,239811.0,0.0,0.0,0.0,SBL.KA,
2024-07-25 00:00:00+05:00,10.890000343322754,11.789999961853027,10.890000343322754,11.170000076293945,1606.0,0.0,0.0,0.0,SBL.KA,
2024-07-26 00:00:00+05:00,11.5,11.5,11.199999809265137,11.199999809265137,11004.0,0.0,0.0,0.0,SBL.KA,
2024-07-29 00:00:00+05:00,11.399999618530273,12.319999694824219,11.199999809265137,11.859999656677246,76299.0,0.0,0.0,0.0,SBL.KA,
2024-07-30 00:00:00+05:00,12.489999771118164,12.510000228881836,12.25,12.369999885559082,57637.0,0.0,0.0,0.0,SBL.KA,
2024-07-31 00:00:00+05:00,12.489999771118164,12.489999771118164,12.239999771118164,12.460000038146973,1136.0,0.0,0.0,0.0,SBL.KA,
2024-08-01 00:00:00+05:00,11.569999694824219,12.25,11.5600004196167,12.25,6200.0,0.0,0.0,0.0,SBL.KA,
2024-08-02 00:00:00+05:00,12.25,12.25,12.25,12.25,0.0,0.0,0.0,0.0,SBL.KA,
2024-08-05 00:00:00+05:00,11.029999732971191,12.239999771118164,11.029999732971191,12.25,11.0,0.0,0.0,0.0,SBL.KA,
2024-08-06 00:00:00+05:00,12.25,12.25,12.25,12.25,9.0,0.0,0.0,0.0,SBL.KA,
2024-08-07 00:00:00+05:00,12.579999923706055,13.239999771118164,12.449999809265137,12.5,14491.0,0.0,0.0,0.0,SBL.KA,
2024-08-08 00:00:00+05:00,13.479999542236328,13.479999542236328,12.0,12.260000228881836,8808.0,0.0,0.0,0.0,SBL.KA,
2024-08-09 00:00:00+05:00,13.199999809265137,13.199999809265137,13.0,12.260000228881836,2.0,0.0,0.0,0.0,SBL.KA,
2024-08-12 00:00:00+05:00,11.100000381469727,12.489999771118164,11.029999732971191,11.09000015258789,1126.0,0.0,0.0,0.0,SBL.KA,
2024-08-13 00:00:00+05:00,11.899999618530273,12.1899995803833,11.899999618530273,11.920000076293945,604.0,0.0,0.0,0.0,SBL.KA,
2024-08-15 00:00:00+05:00,12.890000343322754,12.899999618530273,12.699999809265137,12.699999809265137,1701.0,0.0,0.0,0.0,SBL.KA,
2024-08-16 00:00:00+05:00,11.449999809265137,13.489999771118164,11.449999809265137,11.829999923706055,860.0,0.0,0.0,0.0,SBL.KA,
2024-08-19 00:00:00+05:00,12.489999771118164,12.829999923706055,11.460000038146973,11.520000457763672,3868.0,0.0,0.0,0.0,SBL.KA,
2024-08-20 00:00:00+05:00,12.25,12.5,11.779999732971191,12.5,8425.0,0.0,0.0,0.0,SBL.KA,
2024-08-21 00:00:00+05:00,12.390000343322754,12.399999618530273,12.300000190734863,12.300000190734863,1652.0,0.0,0.0,0.0,SBL.KA,
2024-08-22 00:00:00+05:00,13.199999809265137,13.199999809265137,12.399999618530273,13.020000457763672,1300.0,0.0,0.0,0.0,SBL.KA,
2024-08-23 00:00:00+05:00,13.199999809265137,13.199999809265137,11.760000228881836,12.789999961853027,2161.0,0.0,0.0,0.0,SBL.KA,
2024-08-26 00:00:00+05:00,11.630000114440918,12.899999618530273,11.630000114440918,12.699999809265137,1210.0,0.0,0.0,0.0,SBL.KA,
2024-08-27 00:00:00+05:00,11.739999771118164,13.199999809265137,11.710000038146973,11.800000190734863,1731.0,0.0,0.0,0.0,SBL.KA,
2024-08-28 00:00:00+05:00,11.800000190734863,11.800000190734863,11.800000190734863,11.800000190734863,0.0,0.0,0.0,0.0,SBL.KA,
2024-08-29 00:00:00+05:00,11.210000038146973,11.789999961853027,10.619999885559082,11.130000114440918,5061.0,0.0,0.0,0.0,SBL.KA,
2024-08-30 00:00:00+05:00,11.579999923706055,11.75,10.210000038146973,10.319999694824219,13481.0,0.0,0.0,0.0,SBL.KA,
2024-09-02 00:00:00+05:00,10.329999923706055,10.779999732971191,10.329999923706055,10.390000343322754,2050.0,0.0,0.0,0.0,SBL.KA,
2024-09-03 00:00:00+05:00,9.699999809265137,10.149999618530273,9.699999809265137,10.0,34020.0,0.0,0.0,0.0,SBL.KA,
2024-09-04 00:00:00+05:00,11.0,11.0,10.829999923706055,11.0,29921.0,0.0,0.0,0.0,SBL.KA,
2024-09-05 00:00:00+05:00,11.039999961853027,11.039999961853027,11.0,11.0,2916.0,0.0,0.0,0.0,SBL.KA,
2024-09-06 00:00:00+05:00,11.0,11.0,11.0,11.0,566.0,0.0,0.0,0.0,SBL.KA,
2024-09-09 00:00:00+05:00,11.0,11.449999809265137,10.619999885559082,11.0,4276.0,0.0,0.0,0.0,SBL.KA,
2024-09-10 00:00:00+05:00,10.710000038146973,11.0,10.710000038146973,10.880000114440918,2500.0,0.0,0.0,0.0,SBL.KA,
2024-09-11 00:00:00+05:00,11.970000267028809,11.970000267028809,10.680000305175781,10.680000305175781,1413.0,0.0,0.0,0.0,SBL.KA,
2024-09-12 00:00:00+05:00,11.0,11.0,10.989999771118164,11.0,57356.0,0.0,0.0,0.0,SBL.KA,
2024-09-13 00:00:00+05:00,11.0,11.0,11.0,11.0,366.0,0.0,0.0,0.0,SBL.KA,
2024-09-16 00:00:00+05:00,10.510000228881836,10.510000228881836,10.5,10.510000228881836,12162.0,0.0,0.0,0.0,SBL.KA,
2024-09-17 00:00:00+05:00,10.510000228881836,10.510000228881836,10.510000228881836,10.510000228881836,0.0,0.0,0.0,0.0,SBL.KA,
2024-09-18 00:00:00+05:00,10.800000190734863,10.800000190734863,9.460000038146973,10.020000457763672,52938.0,0.0,0.0,0.0,SBL.KA,
2024-09-19 00:00:00+05:00,10.100000381469727,10.109999656677246,9.850000381469727,9.979999542236328,52366.0,0.0,0.0,0.0,SBL.KA,
2024-09-20 00:00:00+05:00,10.319999694824219,10.5,10.319999694824219,10.5,13661.0,0.0,0.0,0.0,SBL.KA,
2024-09-23 00:00:00+05:00,10.449999809265137,11.550000190734863,10.449999809265137,11.550000190734863,77531.0,0.0,0.0,0.0,SBL.KA,
2024-09-24 00:00:00+05:00,11.899999618530273,11.899999618530273,10.510000228881836,10.550000190734863,2871.0,0.0,0.0,0.0,SBL.KA,
2024-09-25 00:00:00+05:00,11.0,11.0,11.0,10.550000190734863,378.0,0.0,0.0,0.0,SBL.KA,
2024-09-26 00:00:00+05:00,9.609999656677246,11.609999656677246,9.609999656677246,11.609999656677246,76465.0,0.0,0.0,0.0,SBL.KA,
2024-09-27 00:00:00+05:00,12.25,12.25,11.5,11.510000228881836,2432.0,0.0,0.0,0.0,SBL.KA,
2024-09-30 00:00:00+05:00,11.510000228881836,12.010000228881836,11.5,12.0,29906.0,0.0,0.0,0.0,SBL.KA,
2024-10-01 00:00:00+05:00,12.199999809265137,13.199999809265137,12.199999809265137,12.760000228881836,214312.0,0.0,0.0,0.0,SBL.KA,
2024-10-02 00:00:00+05:00,11.859999656677246,13.449999809265137,11.859999656677246,13.329999923706055,111831.0,0.0,0.0,0.0,SBL.KA,
2024-10-03 00:00:00+05:00,12.989999771118164,13.0,12.09000015258789,12.09000015258789,11000.0,0.0,0.0,0.0,SBL.KA,
2024-10-04 00:00:00+05:00,11.329999923706055,12.489999771118164,11.329999923706055,11.359999656677246,612.0,0.0,0.0,0.0,SBL.KA,
2024-10-07 00:00:00+05:00,11.010000228881836,12.25,11.010000228881836,11.460000038146973,706.0,0.0,0.0,0.0,SBL.KA,
2024-10-08 00:00:00+05:00,11.520000457763672,11.600000381469727,11.239999771118164,11.600000381469727,2573.0,0.0,0.0,0.0,SBL.KA,
2024-10-09 00:00:00+05:00,11.600000381469727,11.600000381469727,11.600000381469727,11.600000381469727,0.0,0.0,0.0,0.0,SBL.KA,
2024-10-10 00:00:00+05:00,12.489999771118164,12.489999771118164,11.5,12.0,638.0,0.0,0.0,0.0,SBL.KA,
2024-10-11 00:00:00+05:00,11.449999809265137,11.449999809265137,11.399999618530273,11.430000305175781,1640.0,0.0,0.0,0.0,SBL.KA,
2024-10-14 00:00:00+05:00,11.899999618530273,11.899999618530273,11.899999618530273,11.899999618530273,1330.0,0.0,0.0,0.0,SBL.KA,
2024-10-15 00:00:00+05:00,11.3100004196167,11.5,11.300000190734863,11.300000190734863,4484.0,0.0,0.0,0.0,SBL.KA,
2024-10-16 00:00:00+05:00,11.279999732971191,11.279999732971191,11.239999771118164,11.239999771118164,13277.0,0.0,0.0,0.0,SBL.KA,
2024-10-17 00:00:00+05:00,10.8100004196167,11.8100004196167,10.75,10.989999771118164,39319.0,0.0,0.0,0.0,SBL.KA,
2024-10-18 00:00:00+05:00,11.75,11.75,10.359999656677246,11.0,5800.0,0.0,0.0,0.0,SBL.KA,
2024-10-21 00:00:00+05:00,11.010000228881836,11.1899995803833,11.0,11.0,4271.0,0.0,0.0,0.0,SBL.KA,
2024-10-22 00:00:00+05:00,11.800000190734863,11.800000190734863,10.65999984741211,11.199999809265137,3041.0,0.0,0.0,0.0,SBL.KA,
2024-10-23 00:00:00+05:00,11.489999771118164,12.0,11.489999771118164,12.0,21304.0,0.0,0.0,0.0,SBL.KA,
2024-10-24 00:00:00+05:00,12.0,12.0,11.5,11.539999961853027,4164.0,0.0,0.0,0.0,SBL.KA,
2024-10-25 00:00:00+05:00,12.6899995803833,12.6899995803833,11.140000343322754,11.539999961853027,249.0,0.0,0.0,0.0,SBL.KA,
2024-10-28 00:00:00+05:00,12.0,12.0,11.9399995803833,12.0,3973.0,0.0,0.0,0.0,SBL.KA,
2024-10-29 00:00:00+05:00,12.25,12.25,11.399999618530273,12.0,833.0,0.0,0.0,0.0,SBL.KA,
2024-10-30 00:00:00+05:00,11.890000343322754,11.890000343322754,11.869999885559082,11.869999885559082,922.0,0.0,0.0,0.0,SBL.KA,
2024-10-31 00:00:00+05:00,11.899999618530273,11.899999618530273,11.260000228881836,11.5,2492.0,0.0,0.0,0.0,SBL.KA,
2024-11-01 00:00:00+05:00,12.289999961853027,12.289999961853027,11.15999984741211,11.800000190734863,6817.0,0.0,0.0,0.0,SBL.KA,
2024-11-04 00:00:00+05:00,12.489999771118164,12.489999771118164,11.350000381469727,11.350000381469727,7366.0,0.0,0.0,0.0,SBL.KA,
2024-11-05 00:00:00+05:00,11.399999618530273,11.399999618530273,11.399999618530273,11.399999618530273,3103.0,0.0,0.0,0.0,SBL.KA,
2024-11-06 00:00:00+05:00,11.970000267028809,11.970000267028809,10.800000190734863,11.199999809265137,2217.0,0.0,0.0,0.0,SBL.KA,
2024-11-07 00:00:00+05:00,11.850000381469727,11.850000381469727,11.020000457763672,11.5,1914.0,0.0,0.0,0.0,SBL.KA,
2024-11-08 00:00:00+05:00,11.609999656677246,11.720000267028809,10.699999809265137,11.600000381469727,2422.0,0.0,0.0,0.0,SBL.KA,
2024-11-11 00:00:00+05:00,11.0,11.0,10.699999809265137,10.720000267028809,18125.0,0.0,0.0,0.0,SBL.KA,
2024-11-12 00:00:00+05:00,10.5,11.100000381469727,10.5,10.84000015258789,121858.0,0.0,0.0,0.0,SBL.KA,
2024-11-13 00:00:00+05:00,11.6899995803833,11.6899995803833,9.760000228881836,9.850000381469727,175964.0,0.0,0.0,0.0,SBL.KA,
2024-11-14 00:00:00+05:00,10.170000076293945,10.170000076293945,9.109999656677246,9.9399995803833,12086.0,0.0,0.0,0.0,SBL.KA,
2024-11-15 00:00:00+05:00,9.5,10.0,9.5,9.890000343322754,4606.0,0.0,0.0,0.0,SBL.KA,
2024-11-18 00:00:00+05:00,10.5,10.5,9.75,9.920000076293945,21416.0,0.0,0.0,0.0,SBL.KA,
2024-11-19 00:00:00+05:00,10.0,10.5,9.970000267028809,10.010000228881836,82204.0,0.0,0.0,0.0,SBL.KA,
2024-11-20 00:00:00+05:00,10.0,10.300000190734863,9.699999809265137,9.710000038146973,19209.0,0.0,0.0,0.0,SBL.KA,
2024-11-21 00:00:00+05:00,9.75,10.399999618530273,9.75,10.34000015258789,11357.0,0.0,0.0,0.0,SBL.KA,
2024-11-22 00:00:00+05:00,10.329999923706055,10.329999923706055,10.199999809265137,10.3100004196167,16174.0,0.0,0.0,0.0,SBL.KA,
2024-11-25 00:00:00+05:00,10.59000015258789,10.59000015258789,10.15999984741211,10.260000228881836,13424.0,0.0,0.0,0.0,SBL.KA,
2024-11-26 00:00:00+05:00,10.260000228881836,10.449999809265137,10.029999732971191,10.029999732971191,11283.0,0.0,0.0,0.0,SBL.KA,
2024-11-27 00:00:00+05:00,10.390000343322754,10.390000343322754,10.010000228881836,10.34000015258789,1974.0,0.0,0.0,0.0,SBL.KA,
2024-11-28 00:00:00+05:00,10.600000381469727,10.600000381469727,10.100000381469727,10.210000038146973,5442.0,0.0,0.0,0.0,SBL.KA,
2024-11-29 00:00:00+05:00,10.5,10.5,10.039999961853027,10.4399995803833,24567.0,0.0,0.0,0.0,SBL.KA,
2024-12-02 00:00:00+05:00,9.949999809265137,10.899999618530273,9.949999809265137,10.270000457763672,12575.0,0.0,0.0,0.0,SBL.KA,
2024-12-03 00:00:00+05:00,10.5,10.5,10.199999809265137,10.399999618530273,6542.0,0.0,0.0,0.0,SBL.KA,
2024-12-04 00:00:00+05:00,9.609999656677246,10.399999618530273,9.609999656677246,10.300000190734863,6152.0,0.0,0.0,0.0,SBL.KA,
2024-12-05 00:00:00+05:00,10.149999618530273,10.399999618530273,10.0,10.399999618530273,27871.0,0.0,0.0,0.0,SBL.KA,
2024-12-06 00:00:00+05:00,10.300000190734863,10.59000015258789,10.25,10.34000015258789,162979.0,0.0,0.0,0.0,SBL.KA,
2024-12-09 00:00:00+05:00,10.399999618530273,10.5,10.210000038146973,10.5,135286.0,0.0,0.0,0.0,SBL.KA,
2024-12-10 00:00:00+05:00,10.5,10.6899995803833,10.199999809265137,10.270000457763672,30882.0,0.0,0.0,0.0,SBL.KA,
2024-12-11 00:00:00+05:00,10.670000076293945,10.670000076293945,9.989999771118164,10.0,1498778.0,0.0,0.0,0.0,SBL.KA,
2024-12-12 00:00:00+05:00,10.489999771118164,10.489999771118164,9.899999618530273,9.949999809265137,1188469.0,0.0,0.0,0.0,SBL.KA,
2024-12-13 00:00:00+05:00,9.600000381469727,10.1899995803833,9.600000381469727,10.0,88419.0,0.0,0.0,0.0,SBL.KA,
2024-12-16 00:00:00+05:00,9.84000015258789,10.380000114440918,9.8100004196167,10.260000228881836,18076.0,0.0,0.0,0.0,SBL.KA,
2024-12-17 00:00:00+05:00,9.899999618530273,10.420000076293945,9.699999809265137,9.789999961853027,184098.0,0.0,0.0,0.0,SBL.KA,
2024-12-18 00:00:00+05:00,9.800000190734863,10.020000457763672,9.699999809265137,9.699999809265137,144184.0,0.0,0.0,0.0,SBL.KA,
2024-12-19 00:00:00+05:00,9.979999542236328,9.989999771118164,9.680000305175781,9.680000305175781,9596.0,0.0,0.0,0.0,SBL.KA,
2024-12-20 00:00:00+05:00,9.510000228881836,9.960000038146973,9.5,9.529999732971191,9476.0,0.0,0.0,0.0,SBL.KA,
2024-12-23 00:00:00+05:00,9.6899995803833,9.779999732971191,9.510000228881836,9.699999809265137,24151.0,0.0,0.0,0.0,SBL.KA,
2024-12-24 00:00:00+05:00,9.699999809265137,9.699999809265137,9.649999618530273,9.649999618530273,2550.0,0.0,0.0,0.0,SBL.KA,
2024-12-26 00:00:00+05:00,9.850000381469727,9.850000381469727,9.5,9.539999961853027,17360.0,0.0,0.0,0.0,SBL.KA,
2024-12-27 00:00:00+05:00,9.600000381469727,9.600000381469727,9.199999809265137,9.239999771118164,429100.0,0.0,0.0,0.0,SBL.KA,
2024-12-30 00:00:00+05:00,9.630000114440918,9.630000114440918,9.5,9.510000228881836,1635.0,0.0,0.0,0.0,SBL.KA,
2024-12-31 00:00:00+05:00,9.25,9.399999618530273,9.199999809265137,9.25,17492.0,0.0,0.0,0.0,SBL.KA,
2025-01-01 00:00:00+05:00,9.25,9.25,9.25,9.25,0.0,0.0,0.0,0.0,SBL.KA,
2025-01-02 00:00:00+05:00,9.779999732971191,9.800000190734863,9.5,9.779999732971191,16605.0,0.0,0.0,0.0,SBL.KA,
2025-01-03 00:00:00+05:00,9.800000190734863,9.979999542236328,9.399999618530273,9.779999732971191,283.0,0.0,0.0,0.0,SBL.KA,
2025-01-06 00:00:00+05:00,9.800000190734863,9.800000190734863,9.5,9.510000228881836,8038.0,0.0,0.0,0.0,SBL.KA,
2025-01-07 00:00:00+05:00,9.520000457763672,9.520000457763672,9.25,9.5,7490.0,0.0,0.0,0.0,SBL.KA,
2025-01-08 00:00:00+05:00,9.260000228881836,9.739999771118164,9.260000228881836,9.5,12611.0,0.0,0.0,0.0,SBL.KA,
2025-01-09 00:00:00+05:00,8.520000457763672,9.75,8.520000457763672,9.5,2662.0,0.0,0.0,0.0,SBL.KA,
2025-01-10 00:00:00+05:00,9.5,9.5,9.350000381469727,9.350000381469727,6348.0,0.0,0.0,0.0,SBL.KA,
2025-01-13 00:00:00+05:00,9.5,9.5,9.029999732971191,9.220000267028809,5832.0,0.0,0.0,0.0,SBL.KA,
2025-01-14 00:00:00+05:00,9.319999694824219,9.5,9.3100004196167,9.489999771118164,20195.0,0.0,0.0,0.0,SBL.KA,
2025-01-15 00:00:00+05:00,9.5,9.5,9.460000038146973,9.489999771118164,234392.0,0.0,0.0,0.0,SBL.KA,
2025-01-16 00:00:00+05:00,9.220000267028809,9.5,9.220000267028809,9.319999694824219,4223.0,0.0,0.0,0.0,SBL.KA,
2025-01-17 00:00:00+05:00,9.5,9.800000190734863,9.3100004196167,9.479999542236328,28953.0,0.0,0.0,0.0,SBL.KA,
2025-01-20 00:00:00+05:00,9.0,9.5,9.0,9.479999542236328,28015.0,0.0,0.0,0.0,SBL.KA,
2025-01-21 00:00:00+05:00,9.449999809265137,9.5,9.449999809265137,9.449999809265137,3150.0,0.0,0.0,0.0,SBL.KA,
2025-01-22 00:00:00+05:00,9.350000381469727,9.399999618530273,9.100000381469727,9.239999771118164,6262.0,0.0,0.0,0.0,SBL.KA,
2025-01-23 00:00:00+05:00,9.029999732971191,9.399999618530273,9.029999732971191,9.399999618530273,2651.0,0.0,0.0,0.0,SBL.KA,
2025-01-24 00:00:00+05:00,9.390000343322754,9.479999542236328,9.199999809265137,9.420000076293945,1801.0,0.0,0.0,0.0,SBL.KA,
2025-01-27 00:00:00+05:00,9.300000190734863,9.300000190734863,9.300000190734863,9.300000190734863,1687.0,0.0,0.0,0.0,SBL.KA,
2025-01-28 00:00:00+05:00,8.800000190734863,9.199999809265137,8.800000190734863,9.199999809265137,4500.0,0.0,0.0,0.0,SBL.KA,
2025-01-29 00:00:00+05:00,9.479999542236328,9.479999542236328,8.899999618530273,9.3100004196167,3790.0,0.0,0.0,0.0,SBL.KA,
2025-01-30 00:00:00+05:00,9.25,9.25,9.25,9.25,1150.0,0.0,0.0,0.0,SBL.KA,
2025-01-31 00:00:00+05:00,9.0,9.300000190734863,8.989999771118164,8.989999771118164,17386.0,0.0,0.0,0.0,SBL.KA,
2025-02-03 00:00:00+05:00,8.989999771118164,8.989999771118164,8.989999771118164,8.989999771118164,0.0,0.0,0.0,0.0,SBL.KA,
2025-02-04 00:00:00+05:00,9.300000190734863,9.390000343322754,9.0,9.010000228881836,40797.0,0.0,0.0,0.0,SBL.KA,
2025-02-06 00:00:00+05:00,9.390000343322754,9.390000343322754,9.390000343322754,9.010000228881836,1284.0,0.0,0.0,0.0,SBL.KA,
2025-02-07 00:00:00+05:00,9.100000381469727,9.100000381469727,8.300000190734863,8.899999618530273,21186.0,0.0,0.0,0.0,SBL.KA,
2025-02-10 00:00:00+05:00,8.720000267028809,8.9399995803833,8.720000267028809,8.899999618530273,10.0,0.0,0.0,0.0,SBL.KA,
2025-02-11 00:00:00+05:00,9.0,9.449999809265137,8.350000381469727,9.25,21126.0,0.0,0.0,0.0,SBL.KA,
2025-02-12 00:00:00+05:00,8.970000267028809,8.970000267028809,8.90999984741211,8.920000076293945,5150.0,0.0,0.0,0.0,SBL.KA,
2025-02-13 00:00:00+05:00,8.989999771118164,9.0,8.899999618530273,8.899999618530273,2585.0,0.0,0.0,0.0,SBL.KA,
2025-02-14 00:00:00+05:00,8.100000381469727,8.899999618530273,8.100000381469727,8.899999618530273,2.0,0.0,0.0,0.0,SBL.KA,
2025-02-17 00:00:00+05:00,8.899999618530273,8.899999618530273,8.899999618530273,8.899999618530273,640.0,0.0,0.0,0.0,SBL.KA,
2025-02-18 00:00:00+05:00,9.0,9.0,8.8100004196167,8.899999618530273,1115.0,0.0,0.0,0.0,SBL.KA,
2025-02-19 00:00:00+05:00,8.989999771118164,8.989999771118164,8.550000190734863,8.699999809265137,4720.0,0.0,0.0,0.0,SBL.KA,
2025-02-20 00:00:00+05:00,8.960000038146973,8.960000038146973,8.899999618530273,8.949999809265137,2200.0,0.0,0.0,0.0,SBL.KA,
2025-02-21 00:00:00+05:00,9.430000305175781,9.430000305175781,9.0,9.0,2555.0,0.0,0.0,0.0,SBL.KA,
2025-02-24 00:00:00+05:00,9.399999618530273,9.399999618530273,8.210000038146973,8.899999618530273,2543.0,0.0,0.0,0.0,SBL.KA,
2025-02-25 00:00:00+05:00,8.899999618530273,8.899999618530273,8.899999618530273,8.899999618530273,0.0,0.0,0.0,0.0,SBL.KA,
2025-02-26 00:00:00+05:00,8.899999618530273,8.989999771118164,8.510000228881836,8.90999984741211,4155.0,0.0,0.0,0.0,SBL.KA,
2025-02-27 00:00:00+05:00,8.529999732971191,8.890000343322754,8.529999732971191,8.890000343322754,2535.0,0.0,0.0,0.0,SBL.KA,
2025-02-28 00:00:00+05:00,8.800000190734863,8.800000190734863,8.800000190734863,8.800000190734863,1000.0,0.0,0.0,0.0,SBL.KA,
2025-03-03 00:00:00+05:00,8.720000267028809,8.800000190734863,8.020000457763672,8.65999984741211,3441.0,0.0,0.0,0.0,SBL.KA,
2025-03-04 00:00:00+05:00,8.65999984741211,8.65999984741211,8.65999984741211,8.65999984741211,0.0,0.0,0.0,0.0,SBL.KA,
2025-03-05 00:00:00+05:00,8.199999809265137,8.829999923706055,8.199999809265137,8.5,14047.0,0.0,0.0,0.0,SBL.KA,
2025-03-06 00:00:00+05:00,8.300000190734863,8.5,8.300000190734863,8.5,2571.0,0.0,0.0,0.0,SBL.KA,
2025-03-07 00:00:00+05:00,8.5,9.0,8.5,8.989999771118164,8679718.0,0.0,0.0,0.0,SBL.KA,
2025-03-10 00:00:00+05:00,9.5,9.5,8.199999809265137,8.800000190734863,22150.0,0.0,0.0,0.0,SBL.KA,
2025-03-11 00:00:00+05:00,8.989999771118164,9.0,8.899999618530273,8.800000190734863,314.0,0.0,0.0,0.0,SBL.KA,
2025-03-12 00:00:00+05:00,8.5,8.989999771118164,8.260000228881836,8.989999771118164,5101.0,0.0,0.0,0.0,SBL.KA,
2025-03-13 00:00:00+05:00,8.079999923706055,9.989999771118164,8.050000190734863,8.270000457763672,494355.0,0.0,0.0,0.0,SBL.KA,
2025-03-14 00:00:00+05:00,8.729999542236328,8.739999771118164,8.210000038146973,8.279999732971191,58705.0,0.0,0.0,0.0,SBL.KA,
2025-03-17 00:00:00+05:00,8.279999732971191,8.289999961853027,8.069999694824219,8.25,24350.0,0.0,0.0,0.0,SBL.KA,
2025-03-18 00:00:00+05:00,8.300000190734863,8.300000190734863,8.149999618530273,8.210000038146973,3636.0,0.0,0.0,0.0,SBL.KA,
2025-03-19 00:00:00+05:00,8.380000114440918,8.399999618530273,8.109999656677246,8.180000305175781,24359.0,0.0,0.0,0.0,SBL.KA,
2025-03-20 00:00:00+05:00,8.210000038146973,8.319999694824219,7.320000171661377,8.0,20120.0,0.0,0.0,0.0,SBL.KA,
2025-03-21 00:00:00+05:00,8.289999961853027,8.289999961853027,7.829999923706055,8.130000114440918,1120.0,0.0,0.0,0.0,SBL.KA,
2025-03-24 00:00:00+05:00,9.130000114440918,9.130000114440918,8.149999618530273,8.180000305175781,93216.0,0.0,0.0,0.0,SBL.KA,
2025-03-25 00:00:00+05:00,8.300000190734863,9.180000305175781,8.25,9.039999961853027,137403.0,0.0,0.0,0.0,SBL.KA,
2025-03-26 00:00:00+05:00,9.15999984741211,9.199999809265137,8.770000457763672,9.0,87983.0,0.0,0.0,0.0,SBL.KA,
2025-03-27 00:00:00+05:00,8.989999771118164,8.989999771118164,8.989999771118164,9.0,20001.0,0.0,0.0,0.0,SBL.KA,
2025-03-28 00:00:00+05:00,9.0,9.0,9.0,9.0,0.0,0.0,0.0,0.0,SBL.KA,
2025-03-31 00:00:00+05:00,9.0,9.0,9.0,9.0,0.0,0.0,0.0,0.0,SBL.KA,
2025-04-03 00:00:00+05:00,9.0,9.0,8.5,8.539999961853027,42505.0,0.0,0.0,0.0,SBL.KA,
2025-04-04 00:00:00+05:00,8.989999771118164,9.050000190734863,8.699999809265137,8.989999771118164,124900.0,0.0,0.0,0.0,SBL.KA,
2025-04-07 00:00:00+05:00,8.260000228881836,9.989999771118164,8.260000228881836,9.510000228881836,277702.0,0.0,0.0,0.0,SBL.KA,
2025-04-08 00:00:00+05:00,9.25,10.510000228881836,9.25,10.369999885559082,252803.0,0.0,0.0,0.0,SBL.KA,
2025-04-09 00:00:00+05:00,10.369999885559082,11.300000190734863,9.390000343322754,10.0,92529.0,0.0,0.0,0.0,SBL.KA,
2025-04-10 00:00:00+05:00,9.010000228881836,10.100000381469727,9.010000228881836,10.020000457763672,159203.0,0.0,0.0,0.0,SBL.KA,
2025-04-11 00:00:00+05:00,9.989999771118164,9.989999771118164,9.75,9.779999732971191,3251.0,0.0,0.0,0.0,SBL.KA,
2025-04-14 00:00:00+05:00,9.989999771118164,10.0,9.949999809265137,10.0,13848.0,0.0,0.0,0.0,SBL.KA,
2025-04-15 00:00:00+05:00,9.989999771118164,10.0,9.899999618530273,9.920000076293945,16238.0,0.0,0.0,0.0,SBL.KA,
2025-04-16 00:00:00+05:00,9.920000076293945,9.920000076293945,9.920000076293945,9.920000076293945,1082.0,0.0,0.0,0.0,SBL.KA,
2025-04-17 00:00:00+05:00,10.0,10.0,9.699999809265137,9.979999542236328,2468.0,0.0,0.0,0.0,SBL.KA,
2025-04-18 00:00:00+05:00,9.989999771118164,10.0,9.5,9.970000267028809,4495.0,0.0,0.0,0.0,SBL.KA,
2025-04-21 00:00:00+05:00,9.15999984741211,9.289999961853027,9.0,9.069999694824219,128537.0,0.0,0.0,0.0,SBL.KA,
2025-04-22 00:00:00+05:00,9.100000381469727,9.279999732971191,9.0,9.270000457763672,23309.0,0.0,0.0,0.0,SBL.KA,
2025-04-23 00:00:00+05:00,9.25,9.289999961853027,8.819999694824219,9.010000228881836,6051.0,0.0,0.0,0.0,SBL.KA,
2025-04-24 00:00:00+05:00,9.100000381469727,9.100000381469727,9.0,9.0,1877.0,0.0,0.0,0.0,SBL.KA,
2025-04-25 00:00:00+05:00,9.0,9.0,8.0,8.010000228881836,7844.0,0.0,0.0,0.0,SBL.KA,
2025-04-28 00:00:00+05:00,8.760000228881836,9.010000228881836,8.5,8.609999656677246,25424.0,0.0,0.0,0.0,SBL.KA,
2025-04-29 00:00:00+05:00,9.0,9.0,8.699999809265137,8.609999656677246,370.0,0.0,0.0,0.0,SBL.KA,
2025-04-30 00:00:00+05:00,8.609999656677246,8.609999656677246,7.960000038146973,8.609999656677246,369.0,0.0,0.0,0.0,SBL.KA,
2025-05-02 00:00:00+05:00,8.550000190734863,9.0,8.5,8.510000228881836,2211.0,0.0,0.0,0.0,SBL.KA,
2025-05-05 00:00:00+05:00,7.710000038146973,9.0,7.710000038146973,8.9399995803833,9703.0,0.0,0.0,0.0,SBL.KA,
2025-05-06 00:00:00+05:00,9.350000381469727,9.350000381469727,8.5600004196167,8.890000343322754,1145.0,0.0,0.0,0.0,SBL.KA,
2025-05-07 00:00:00+05:00,8.59000015258789,8.9399995803833,7.909999847412109,8.5600004196167,1535.0,0.0,0.0,0.0,SBL.KA,
2025-05-08 00:00:00+05:00,8.149999618530273,8.149999618530273,7.599999904632568,7.599999904632568,1386.0,0.0,0.0,0.0,SBL.KA,
2025-05-09 00:00:00+05:00,7.400000095367432,7.989999771118164,7.400000095367432,7.489999771118164,1810.0,0.0,0.0,0.0,SBL.KA,
2025-05-12 00:00:00+05:00,8.449999809265137,8.489999771118164,8.449999809265137,8.489999771118164,9522.0,0.0,0.0,0.0,SBL.KA,
2025-05-13 00:00:00+05:00,9.380000114440918,9.399999618530273,8.699999809265137,9.270000457763672,11930.0,0.0,0.0,0.0,SBL.KA,
2025-05-14 00:00:00+05:00,9.600000381469727,9.600000381469727,8.569999694824219,8.75,7666.0,0.0,0.0,0.0,SBL.KA,
2025-05-15 00:00:00+05:00,9.300000190734863,9.300000190734863,8.75,8.979999542236328,2834.0,0.0,0.0,0.0,SBL.KA,
2025-05-16 00:00:00+05:00,8.989999771118164,8.989999771118164,8.520000457763672,8.59000015258789,820.0,0.0,0.0,0.0,SBL.KA,
2025-05-19 00:00:00+05:00,8.989999771118164,8.989999771118164,8.989999771118164,8.59000015258789,26.0,0.0,0.0,0.0,SBL.KA,
2025-05-20 00:00:00+05:00,8.039999961853027,8.989999771118164,8.039999961853027,8.59000015258789,227.0,0.0,0.0,0.0,SBL.KA,
2025-05-21 00:00:00+05:00,8.989999771118164,8.989999771118164,8.989999771118164,8.59000015258789,11.0,0.0,0.0,0.0,SBL.KA,
2025-05-22 00:00:00+05:00,8.960000038146973,9.59000015258789,7.699999809265137,9.59000015258789,793282.0,0.0,0.0,0.0,SBL.KA,
2025-05-23 00:00:00+05:00,9.59000015258789,10.050000190734863,9.59000015258789,9.600000381469727,5865.0,0.0,0.0,0.0,SBL.KA,
2025-05-26 00:00:00+05:00,9.890000343322754,9.890000343322754,9.529999732971191,9.600000381469727,53.0,0.0,0.0,0.0,SBL.KA,
2025-05-27 00:00:00+05:00,9.890000343322754,9.899999618530273,9.890000343322754,9.600000381469727,12.0,0.0,0.0,0.0,SBL.KA,
2025-05-28 00:00:00+05:00,9.600000381469727,9.600000381469727,9.600000381469727,9.600000381469727,0.0,0.0,0.0,0.0,SBL.KA,
2025-05-29 00:00:00+05:00,10.0,10.0,9.010000228881836,9.5,6983.0,0.0,0.0,0.0,SBL.KA,
2025-05-30 00:00:00+05:00,10.279999732971191,10.279999732971191,9.050000190734863,9.5,2019.0,0.0,0.0,0.0,SBL.KA,
2025-06-02 00:00:00+05:00,10.420000076293945,10.430000305175781,9.520000457763672,9.5,82.0,0.0,0.0,0.0,SBL.KA,
2025-06-03 00:00:00+05:00,9.789999961853027,9.789999961853027,9.779999732971191,9.779999732971191,2524.0,0.0,0.0,0.0,SBL.KA,
2025-06-04 00:00:00+05:00,9.399999618530273,10.489999771118164,9.399999618530273,9.90999984741211,14271.0,0.0,0.0,0.0,SBL.KA,
2025-06-05 00:00:00+05:00,10.0,10.0,9.069999694824219,9.880000114440918,45923.0,0.0,0.0,0.0,SBL.KA,
2025-06-06 00:00:00+05:00,9.880000114440918,9.880000114440918,9.880000114440918,9.880000114440918,0.0,0.0,0.0,0.0,SBL.KA,
2025-06-09 00:00:00+05:00,9.880000114440918,9.880000114440918,9.880000114440918,9.880000114440918,0.0,0.0,0.0,0.0,SBL.KA,
2025-06-10 00:00:00+05:00,10.489999771118164,10.880000114440918,9.850000381469727,9.9399995803833,10954.0,0.0,0.0,0.0,SBL.KA,
2025-06-11 00:00:00+05:00,10.800000190734863,10.800000190734863,9.869999885559082,10.039999961853027,20763.0,0.0,0.0,0.0,SBL.KA,
2025-06-12 00:00:00+05:00,9.899999618530273,10.729999542236328,9.5,9.579999923706055,78280.0,0.0,0.0,0.0,SBL.KA,
2025-06-13 00:00:00+05:00,9.579999923706055,9.989999771118164,9.0,9.979999542236328,13563.0,0.0,0.0,0.0,SBL.KA,
2025-06-16 00:00:00+05:00,9.979999542236328,9.979999542236328,9.979999542236328,9.979999542236328,0.0,0.0,0.0,0.0,SBL.KA,
2025-06-17 00:00:00+05:00,9.600000381469727,10.680000305175781,9.5,9.649999618530273,7189.0,0.0,0.0,0.0,SBL.KA,
2025-06-18 00:00:00+05:00,10.0,10.0,9.25,9.850000381469727,3721.0,0.0,0.0,0.0,SBL.KA,
2025-06-19 00:00:00+05:00,9.350000381469727,9.75,9.350000381469727,9.850000381469727,215.0,0.0,0.0,0.0,SBL.KA,
2025-06-20 00:00:00+05:00,9.899999618530273,9.989999771118164,9.5,9.850000381469727,419.0,0.0,0.0,0.0,SBL.KA,
2025-06-23 00:00:00+05:00,8.920000076293945,9.979999542236328,8.920000076293945,9.0600004196167,144857.0,0.0,0.0,0.0,SBL.KA,
2025-06-24 00:00:00+05:00,9.649999618530273,9.989999771118164,9.100000381469727,9.109999656677246,49219.0,0.0,0.0,0.0,SBL.KA,
2025-06-25 00:00:00+05:00,9.1899995803833,9.699999809265137,9.039999961853027,9.399999618530273,44407.0,0.0,0.0,0.0,SBL.KA,
2025-06-26 00:00:00+05:00,9.25,9.260000228881836,9.25,9.260000228881836,1311.0,0.0,0.0,0.0,SBL.KA,
2025-06-27 00:00:00+05:00,9.489999771118164,10.229999542236328,9.100000381469727,9.970000267028809,111935.0,0.0,0.0,0.0,SBL.KA,
2025-06-30 00:00:00+05:00,9.949999809265137,9.949999809265137,9.5,9.550000190734863,823.0,0.0,0.0,0.0,SBL.KA,
2025-07-01 00:00:00+05:00,9.550000190734863,9.899999618530273,9.520000457763672,9.550000190734863,77041.0,0.0,0.0,0.0,SBL.KA,
2025-07-02 00:00:00+05:00,9.550000190734863,10.0,9.550000190734863,10.0,24715.0,0.0,0.0,0.0,SBL.KA,
2025-07-03 00:00:00+05:00,10.050000190734863,10.050000190734863,9.619999885559082,9.619999885559082,11601.0,0.0,0.0,0.0,SBL.KA,
2025-07-04 00:00:00+05:00,9.529999732971191,10.050000190734863,9.529999732971191,10.0,13508.0,0.0,0.0,0.0,SBL.KA,
2025-07-07 00:00:00+05:00,10.0,11.0,9.829999923706055,9.90999984741211,96942.0,0.0,0.0,0.0,SBL.KA,
2025-07-08 00:00:00+05:00,9.90999984741211,9.970000267028809,9.15999984741211,9.699999809265137,36676.0,0.0,0.0,0.0,SBL.KA,
2025-07-09 00:00:00+05:00,9.109999656677246,9.84000015258789,9.109999656677246,9.550000190734863,27883.0,0.0,0.0,0.0,SBL.KA,
2025-07-10 00:00:00+05:00,9.40999984741211,9.739999771118164,9.399999618530273,9.739999771118164,1228.0,0.0,0.0,0.0,SBL.KA,
2025-07-11 00:00:00+05:00,9.699999809265137,10.0,9.510000228881836,9.920000076293945,29240.0,0.0,0.0,0.0,SBL.KA,
2025-07-14 00:00:00+05:00,10.479999542236328,10.5,9.800000190734863,9.970000267028809,26769.0,0.0,0.0,0.0,SBL.KA,
2025-07-15 00:00:00+05:00,9.75,9.84000015258789,9.40999984741211,9.600000381469727,23694.0,0.0,0.0,0.0,SBL.KA,
2025-07-16 00:00:00+05:00,9.75,9.75,9.380000114440918,9.670000076293945,12143.0,0.0,0.0,0.0,SBL.KA,
2025-07-17 00:00:00+05:00,9.970000267028809,9.970000267028809,9.5,9.520000457763672,40935.0,0.0,0.0,0.0,SBL.KA,
2025-07-18 00:00:00+05:00,9.880000114440918,9.890000343322754,9.399999618530273,9.449999809265137,7910.0,0.0,0.0,0.0,SBL.KA,
2025-07-21 00:00:00+05:00,9.449999809265137,9.850000381469727,9.399999618530273,9.5,7341.0,0.0,0.0,0.0,SBL.KA,
2025-07-22 00:00:00+05:00,9.699999809265137,9.899999618530273,9.5,9.5600004196167,10947.0,0.0,0.0,0.0,SBL.KA,
2025-07-23 00:00:00+05:00,9.850000381469727,9.850000381469727,9.649999618530273,9.75,2036.0,0.0,0.0,0.0,SBL.KA,
2025-07-24 00:00:00+05:00,9.890000343322754,9.890000343322754,9.460000038146973,9.579999923706055,11705.0,0.0,0.0,0.0,SBL.KA,
2025-07-25 00:00:00+05:00,9.420000076293945,9.84000015258789,9.40999984741211,9.569999694824219,15775.0,0.0,0.0,0.0,SBL.KA,
2025-07-28 00:00:00+05:00,9.800000190734863,9.800000190734863,9.350000381469727,9.5,1458.0,0.0,0.0,0.0,SBL.KA,
2025-07-29 00:00:00+05:00,9.989999771118164,9.989999771118164,9.3100004196167,9.510000228881836,4047.0,0.0,0.0,0.0,SBL.KA,
2025-07-30 00:00:00+05:00,9.739999771118164,9.819999694824219,9.210000038146973,9.619999885559082,4446.0,0.0,0.0,0.0,SBL.KA,
2025-07-31 00:00:00+05:00,9.710000038146973,9.710000038146973,9.420000076293945,9.4399995803833,2091.0,0.0,0.0,0.0,SBL.KA,
2025-08-01 00:00:00+05:00,9.670000076293945,9.800000190734863,9.25,9.4399995803833,441.0,0.0,0.0,0.0,SBL.KA,
2025-08-04 00:00:00+05:00,9.479999542236328,9.479999542236328,9.479999542236328,9.479999542236328,3061.0,0.0,0.0,0.0,SBL.KA,
2025-08-05 00:00:00+05:00,9.989999771118164,9.989999771118164,8.520000457763672,9.399999618530273,3343.0,0.0,0.0,0.0,SBL.KA,
2025-08-06 00:00:00+05:00,9.399999618530273,9.649999618530273,9.119999885559082,9.369999885559082,12703.0,0.0,0.0,0.0,SBL.KA,
2025-08-07 00:00:00+05:00,9.170000076293945,9.399999618530273,9.170000076293945,9.399999618530273,1584.0,0.0,0.0,0.0,SBL.KA,
2025-08-08 00:00:00+05:00,9.399999618530273,9.600000381469727,9.010000228881836,9.399999618530273,800.0,0.0,0.0,0.0,SBL.KA,
2025-08-11 00:00:00+05:00,9.050000190734863,9.800000190734863,8.5,9.399999618530273,52744.0,0.0,0.0,0.0,SBL.KA,
2025-08-12 00:00:00+05:00,9.699999809265137,9.720000267028809,9.109999656677246,9.5600004196167,8301.0,0.0,0.0,0.0,SBL.KA,
2025-08-13 00:00:00+05:00,9.109999656677246,9.680000305175781,9.109999656677246,9.369999885559082,14466.0,0.0,0.0,0.0,SBL.KA,
2025-08-15 00:00:00+05:00,9.6899995803833,9.6899995803833,9.119999885559082,9.270000457763672,3715.0,0.0,0.0,0.0,SBL.KA,
2025-08-18 00:00:00+05:00,9.6899995803833,9.6899995803833,9.0,9.649999618530273,20839.0,0.0,0.0,0.0,SBL.KA,
2025-08-19 00:00:00+05:00,9.6899995803833,9.6899995803833,9.600000381469727,9.600000381469727,1826.0,0.0,0.0,0.0,SBL.KA,
2025-08-20 00:00:00+05:00,9.789999961853027,10.600000381469727,9.359999656677246,10.039999961853027,631011.0,0.0,0.0,0.0,SBL.KA,
2025-08-21 00:00:00+05:00,9.989999771118164,9.989999771118164,9.520000457763672,9.520000457763672,41894.0,0.0,0.0,0.0,SBL.KA,
2025-08-22 00:00:00+05:00,9.510000228881836,9.979999542236328,9.4399995803833,9.600000381469727,99386.0,0.0,0.0,0.0,SBL.KA,
2025-08-25 00:00:00+05:00,9.970000267028809,9.970000267028809,9.420000076293945,9.600000381469727,3134.0,0.0,0.0,0.0,SBL.KA,
2025-08-26 00:00:00+05:00,9.0600004196167,9.600000381469727,9.0600004196167,9.359999656677246,23542.0,0.0,0.0,0.0,SBL.KA,
2025-08-27 00:00:00+05:00,9.789999961853027,9.789999961853027,9.149999618530273,9.5,19936.0,0.0,0.0,0.0,SBL.KA,
2025-08-28 00:00:00+05:00,9.020000457763672,9.100000381469727,8.949999809265137,9.100000381469727,220033.0,0.0,0.0,0.0,SBL.KA,
2025-08-29 00:00:00+05:00,9.100000381469727,9.199999809265137,8.90999984741211,9.010000228881836,7741.0,0.0,0.0,0.0,SBL.KA,
2025-09-01 00:00:00+05:00,9.1899995803833,9.199999809265137,9.0,9.119999885559082,12659.0,0.0,0.0,0.0,SBL.KA,
2025-09-02 00:00:00+05:00,9.119999885559082,9.380000114440918,9.0600004196167,9.369999885559082,2527.0,0.0,0.0,0.0,SBL.KA,
2025-09-03 00:00:00+05:00,9.119999885559082,9.380000114440918,9.119999885559082,9.15999984741211,26267.0,0.0,0.0,0.0,SBL.KA,
2025-09-04 00:00:00+05:00,9.300000190734863,9.34000015258789,9.260000228881836,9.329999923706055,5368.0,0.0,0.0,0.0,SBL.KA,
2025-09-05 00:00:00+05:00,9.380000114440918,9.380000114440918,9.069999694824219,9.210000038146973,26088.0,0.0,0.0,0.0,SBL.KA,
2025-09-08 00:00:00+05:00,9.380000114440918,9.380000114440918,9.140000343322754,9.34000015258789,4881.0,0.0,0.0,0.0,SBL.KA,
2025-09-09 00:00:00+05:00,9.279999732971191,9.279999732971191,9.199999809265137,9.239999771118164,2436.0,0.0,0.0,0.0,SBL.KA,
2025-09-10 00:00:00+05:00,9.380000114440918,9.789999961853027,9.3100004196167,9.649999618530273,188980.0,0.0,0.0,0.0,SBL.KA,
2025-09-11 00:00:00+05:00,9.5,9.770000457763672,9.350000381469727,9.390000343322754,37257.0,0.0,0.0,0.0,SBL.KA,
2025-09-12 00:00:00+05:00,9.850000381469727,9.850000381469727,9.430000305175781,9.449999809265137,2673.0,0.0,0.0,0.0,SBL.KA,
2025-09-15 00:00:00+05:00,9.5,9.6899995803833,9.399999618530273,9.449999809265137,11434.0,0.0,0.0,0.0,SBL.KA,
2025-09-16 00:00:00+05:00,9.399999618530273,9.399999618530273,9.319999694824219,9.329999923706055,9665.0,0.0,0.0,0.0,SBL.KA,
2025-09-17 00:00:00+05:00,9.770000457763672,9.770000457763672,9.319999694824219,9.430000305175781,35717.0,0.0,0.0,0.0,SBL.KA,
2025-09-18 00:00:00+05:00,9.5,10.1899995803833,9.300000190734863,9.989999771118164,302164.0,0.0,0.0,0.0,SBL.KA,
2025-09-19 00:00:00+05:00,9.859999656677246,10.100000381469727,9.8100004196167,9.8100004196167,195933.0,0.0,0.0,0.0,SBL.KA,
2025-09-22 00:00:00+05:00,9.930000305175781,10.0,9.8100004196167,9.930000305175781,80236.0,0.0,0.0,0.0,SBL.KA,
2025-09-23 00:00:00+05:00,9.930000305175781,9.930000305175781,9.930000305175781,9.930000305175781,0.0,0.0,0.0,0.0,SBL.KA,
2025-09-24 00:00:00+05:00,10.0,11.0600004196167,9.850000381469727,11.010000228881836,3580734.0,0.0,0.0,0.0,SBL.KA,
2025-09-25 00:00:00+05:00,11.25,11.989999771118164,10.449999809265137,10.5600004196167,1854391.0,0.0,0.0,0.0,SBL.KA,
2025-09-26 00:00:00+05:00,10.850000381469727,11.619999885559082,10.5,11.619999885559082,10650092.0,0.0,0.0,0.0,SBL.KA,
2025-09-29 00:00:00+05:00,12.699999809265137,12.779999732971191,11.850000381469727,12.369999885559082,18420033.0,0.0,0.0,0.0,SBL.KA,
2025-09-30 00:00:00+05:00,12.579999923706055,12.699999809265137,11.5600004196167,11.699999809265137,4577507.0,0.0,0.0,0.0,SBL.KA,
2025-10-01 00:00:00+05:00,11.699999809265137,12.1899995803833,11.100000381469727,11.260000228881836,3992254.0,0.0,0.0,0.0,SBL.KA,
2025-10-02 00:00:00+05:00,11.34000015258789,12.390000343322754,10.869999885559082,12.329999923706055,14910239.0,0.0,0.0,0.0,SBL.KA,
2025-10-03 00:00:00+05:00,12.199999809265137,12.399999618530273,11.449999809265137,11.520000457763672,4026675.0,0.0,0.0,0.0,SBL.KA,
2025-10-06 00:00:00+05:00,11.800000190734863,11.890000343322754,11.3100004196167,11.579999923706055,844154.0,0.0,0.0,0.0,SBL.KA,
2025-10-07 00:00:00+05:00,11.579999923706055,11.579999923706055,11.579999923706055,11.579999923706055,0.0,0.0,0.0,0.0,SBL.KA,
2025-10-08 00:00:00+05:00,11.399999618530273,11.539999961853027,11.100000381469727,11.260000228881836,980731.0,0.0,0.0,0.0,SBL.KA,
2025-10-09 00:00:00+05:00,11.479999542236328,11.489999771118164,11.0,11.119999885559082,436575.0,0.0,0.0,0.0,SBL.KA,
2025-10-10 00:00:00+05:00,11.0,11.289999961853027,10.75,10.770000457763672,567940.0,0.0,0.0,0.0,SBL.KA,
2025-10-13 00:00:00+05:00,10.75,10.899999618530273,10.119999885559082,10.180000305175781,395736.0,0.0,0.0,0.0,SBL.KA,
2025-10-14 00:00:00+05:00,10.75,10.75,10.0600004196167,10.359999656677246,653716.0,0.0,0.0,0.0,SBL.KA,
2025-10-15 00:00:00+05:00,10.550000190734863,11.149999618530273,10.520000457763672,10.729999542236328,1646765.0,0.0,0.0,0.0,SBL.KA,
2025-10-16 00:00:00+05:00,10.989999771118164,11.800000190734863,10.649999618530273,11.800000190734863,3298625.0,0.0,0.0,0.0,SBL.KA,
2025-10-17 00:00:00+05:00,12.699999809265137,12.979999542236328,12.5,12.979999542236328,10825611.0,0.0,0.0,0.0,SBL.KA,
2025-10-20 00:00:00+05:00,13.300000190734863,14.010000228881836,12.520000457763672,13.510000228881836,17900882.0,0.0,0.0,0.0,SBL.KA,
2025-10-21 00:00:00+05:00,13.25,13.989999771118164,13.100000381469727,13.170000076293945,3984181.0,0.0,0.0,0.0,SBL.KA,
2025-10-22 00:00:00+05:00,13.050000190734863,13.300000190734863,12.800000190734863,13.180000305175781,1357586.0,0.0,0.0,0.0,SBL.KA,
2025-10-23 00:00:00+05:00,13.0,13.260000228881836,12.699999809265137,13.0,2816076.0,0.0,0.0,0.0,SBL.KA,
2025-10-24 00:00:00+05:00,13.149999618530273,13.149999618530273,12.949999809265137,13.010000228881836,2773879.0,0.0,0.0,0.0,SBL.KA,
2025-10-27 00:00:00+05:00,13.010000228881836,13.699999809265137,12.609999656677246,13.0,10615205.0,0.0,0.0,0.0,SBL.KA,
2025-10-28 00:00:00+05:00,13.029999732971191,13.239999771118164,12.5,12.890000343322754,1658755.0,0.0,0.0,0.0,SBL.KA,
2025-10-29 00:00:00+05:00,12.899999618530273,13.1899995803833,12.670000076293945,13.0,1123451.0,0.0,0.0,0.0,SBL.KA,
2025-10-30 00:00:00+05:00,13.149999618530273,13.170000076293945,12.050000190734863,12.6899995803833,285644.0,0.0,0.0,0.0,SBL.KA,
2025-10-31 00:00:00+05:00,12.829999923706055,13.239999771118164,12.779999732971191,13.010000228881836,639573.0,0.0,0.0,0.0,SBL.KA,
2025-11-03 00:00:00+05:00,13.100000381469727,13.199999809265137,12.600000381469727,12.760000228881836,453354.0,0.0,0.0,0.0,SBL.KA,
2025-11-04 00:00:00+05:00,12.890000343322754,12.890000343322754,12.260000228881836,12.399999618530273,319165.0,0.0,0.0,0.0,SBL.KA,
2025-11-05 00:00:00+05:00,12.399999618530273,12.550000190734863,12.199999809265137,12.300000190734863,599352.0,0.0,0.0,0.0,SBL.KA,
2025-11-06 00:00:00+05:00,12.300000190734863,12.300000190734863,11.829999923706055,11.960000038146973,500655.0,0.0,0.0,0.0,SBL.KA,
2025-11-07 00:00:00+05:00,12.239999771118164,12.479999542236328,11.289999961853027,12.0,191739.0,0.0,0.0,0.0,SBL.KA,
2025-11-10 00:00:00+05:00,12.050000190734863,12.270000457763672,11.609999656677246,12.020000457763672,319101.0,0.0,0.0,0.0,SBL.KA,
2025-11-11 00:00:00+05:00,12.239999771118164,12.239999771118164,11.75,11.8100004196167,386724.0,0.0,0.0,0.0,SBL.KA,
2025-11-12 00:00:00+05:00,12.0,12.0,11.75,11.770000457763672,25914.0,0.0,0.0,0.0,SBL.KA,
2025-11-13 00:00:00+05:00,11.770000457763672,12.390000343322754,11.510000228881836,11.649999618530273,333036.0,0.0,0.0,0.0,SBL.KA,
2025-11-14 00:00:00+05:00,12.1899995803833,12.1899995803833,11.199999809265137,11.6899995803833,69043.0,0.0,0.0,0.0,SBL.KA,
2025-11-17 00:00:00+05:00,11.710000038146973,11.979999542236328,11.710000038146973,11.899999618530273,273094.0,0.0,0.0,0.0,SBL.KA,
2025-11-18 00:00:00+05:00,11.899999618530273,12.1899995803833,11.800000190734863,12.0,134962.0,0.0,0.0,0.0,SBL.KA,
2025-11-19 00:00:00+05:00,11.670000076293945,11.979999542236328,11.670000076293945,11.720000267028809,324033.0,0.0,0.0,0.0,SBL.KA,
2025-11-20 00:00:00+05:00,11.720000267028809,11.819999694824219,11.020000457763672,11.710000038146973,302065.0,0.0,0.0,0.0,SBL.KA,
2025-11-21 00:00:00+05:00,12.0,12.0,11.350000381469727,11.630000114440918,37064.0,0.0,0.0,0.0,SBL.KA,
2025-11-24 00:00:00+05:00,11.510000228881836,11.770000457763672,11.510000228881836,11.640000343322754,38046.0,0.0,0.0,0.0,SBL.KA,
2025-11-25 00:00:00+05:00,11.75,11.75,11.149999618530273,11.210000038146973,78635.0,0.0,0.0,0.0,SBL.KA,
2025-11-26 00:00:00+05:00,11.5,11.5,10.970000267028809,11.180000305175781,32158.0,0.0,0.0,0.0,SBL.KA,
2025-11-27 00:00:00+05:00,11.220000267028809,11.449999809265137,11.199999809265137,11.449999809265137,86351.0,0.0,0.0,0.0,SBL.KA,
2025-11-28 00:00:00+05:00,11.960000038146973,11.960000038146973,11.109999656677246,11.5,42145.0,0.0,0.0,0.0,SBL.KA,
2025-12-01 00:00:00+05:00,11.5,11.649999618530273,11.25,11.619999885559082,60024.0,0.0,0.0,0.0,SBL.KA,
2025-12-02 00:00:00+05:00,11.6899995803833,11.850000381469727,11.399999618530273,11.510000228881836,105001.0,0.0,0.0,0.0,SBL.KA,
2025-12-03 00:00:00+05:00,11.520000457763672,11.800000190734863,11.210000038146973,11.40999984741211,24052.0,0.0,0.0,0.0,SBL.KA,
2025-12-04 00:00:00+05:00,11.800000190734863,11.800000190734863,11.359999656677246,11.460000038146973,42782.0,0.0,0.0,0.0,SBL.KA,
2025-12-05 00:00:00+05:00,12.609999656677246,12.609999656677246,12.609999656677246,12.609999656677246,654186.0,0.0,0.0,0.0,SBL.KA,
2025-12-08 00:00:00+05:00,13.869999885559082,13.869999885559082,13.029999732971191,13.869999885559082,8920186.0,0.0,0.0,0.0,SBL.KA,
2025-12-09 00:00:00+05:00,14.890000343322754,15.260000228881836,13.989999771118164,14.34000015258789,7287069.0,0.0,0.0,0.0,SBL.KA,
2025-12-10 00:00:00+05:00,14.640000343322754,14.949999809265137,13.0,13.779999732971191,3306112.0,0.0,0.0,0.0,SBL.KA,
2025-12-11 00:00:00+05:00,14.140000343322754,14.140000343322754,12.899999618530273,13.279999732971191,5177013.0,0.0,0.0,0.0,SBL.KA,
2025-12-12 00:00:00+05:00,13.59000015258789,13.699999809265137,13.0,13.180000305175781,787181.0,0.0,0.0,0.0,SBL.KA,
2025-12-15 00:00:00+05:00,13.199999809265137,13.199999809265137,12.850000381469727,12.930000305175781,834110.0,0.0,0.0,0.0,SBL.KA,
2025-12-16 00:00:00+05:00,12.899999618530273,13.0,12.5,12.600000381469727,971762.0,0.0,0.0,0.0,SBL.KA,
2025-12-17 00:00:00+05:00,12.430000305175781,13.859999656677246,12.399999618530273,13.859999656677246,20076059.0,0.0,0.0,0.0,SBL.KA,
2025-12-18 00:00:00+05:00,14.989999771118164,15.25,14.600000381469727,15.25,13836706.0,0.0,0.0,0.0,SBL.KA,
2025-12-19 00:00:00+05:00,15.229999542236328,16.780000686645508,15.0,15.279999732971191,13722420.0,0.0,0.0,0.0,SBL.KA,
2025-12-22 00:00:00+05:00,15.59000015258789,16.450000762939453,14.75,15.270000457763672,3330710.0,0.0,0.0,0.0,SBL.KA,
2025-12-23 00:00:00+05:00,15.5,15.550000190734863,14.899999618530273,15.020000457763672,697425.0,0.0,0.0,0.0,SBL.KA,
2025-12-24 00:00:00+05:00,14.979999542236328,15.25,14.3100004196167,14.640000343322754,1115303.0,0.0,0.0,0.0,SBL.KA,
2025-12-26 00:00:00+05:00,14.600000381469727,15.199999809265137,14.5,14.899999618530273,543288.0,0.0,0.0,0.0,SBL.KA,
2025-12-29 00:00:00+05:00,14.949999809265137,14.970000267028809,14.199999809265137,14.260000228881836,810347.0,0.0,0.0,0.0,SBL.KA,
2025-12-30 00:00:00+05:00,14.260000228881836,14.6899995803833,14.0,14.1899995803833,984555.0,0.0,0.0,0.0,SBL.KA,
2025-12-31 00:00:00+05:00,14.1899995803833,14.5,14.100000381469727,14.239999771118164,313461.0,0.0,0.0,0.0,SBL.KA,
2026-01-01 00:00:00+05:00,14.239999771118164,14.239999771118164,14.239999771118164,14.239999771118164,0.0,0.0,0.0,0.0,SBL.KA,
2026-01-02 00:00:00+05:00,15.239999771118164,15.300000190734863,14.710000038146973,15.109999656677246,772678.0,0.0,0.0,0.0,SBL.KA,
2026-01-05 00:00:00+05:00,15.25,16.6200008392334,15.239999771118164,16.09000015258789,8419037.0,0.0,0.0,0.0,SBL.KA,
2026-01-06 00:00:00+05:00,16.200000762939453,16.299999237060547,15.579999923706055,15.869999885559082,1837084.0,0.0,0.0,0.0,SBL.KA,
2026-01-07 00:00:00+05:00,16.0,16.040000915527344,15.829999923706055,15.960000038146973,1215575.0,0.0,0.0,0.0,SBL.KA,
2026-01-08 00:00:00+05:00,15.789999961853027,16.0,15.779999732971191,15.869999885559082,425398.0,0.0,0.0,0.0,SBL.KA,
2026-01-09 00:00:00+05:00,15.949999809265137,16.049999237060547,15.699999809265137,15.770000457763672,945823.0,0.0,0.0,0.0,SBL.KA,
2026-01-12 00:00:00+05:00,15.800000190734863,15.899999618530273,15.3100004196167,15.489999771118164,775257.0,0.0,0.0,0.0,SBL.KA,
2026-01-13 00:00:00+05:00,15.449999809265137,16.0,14.75,15.0,3861238.0,0.0,0.0,0.0,SBL.KA,
2026-01-14 00:00:00+05:00,15.289999961853027,15.289999961853027,14.0,14.039999961853027,884591.0,0.0,0.0,0.0,SBL.KA,
2026-01-15 00:00:00+05:00,14.300000190734863,14.949999809265137,13.850000381469727,13.989999771118164,662826.0,0.0,0.0,0.0,SBL.KA,
2026-01-16 00:00:00+05:00,14.0,14.470000267028809,13.989999771118164,14.15999984741211,835366.0,0.0,0.0,0.0,SBL.KA,
2026-01-19 00:00:00+05:00,14.300000190734863,14.479999542236328,14.130000114440918,14.399999618530273,507160.0,0.0,0.0,0.0,SBL.KA,
2026-01-20 00:00:00+05:00,14.449999809265137,15.520000457763672,14.399999618530273,15.199999809265137,5022143.0,0.0,0.0,0.0,SBL.KA,
2026-01-21 00:00:00+05:00,15.390000343322754,15.600000381469727,15.010000228881836,15.100000381469727,536595.0,0.0,0.0,0.0,SBL.KA,
2026-01-22 00:00:00+05:00,15.100000381469727,15.600000381469727,15.0,15.130000114440918,429247.0,0.0,0.0,0.0,SBL.KA,
2026-01-23 00:00:00+05:00,15.199999809265137,15.399999618530273,14.010000228881836,14.960000038146973,467854.0,0.0,0.0,0.0,SBL.KA,
2026-01-26 00:00:00+05:00,15.010000228881836,15.010000228881836,14.399999618530273,14.579999923706055,194215.0,0.0,0.0,0.0,SBL.KA,
2026-01-27 00:00:00+05:00,15.1899995803833,15.1899995803833,14.34000015258789,14.399999618530273,472025.0,0.0,0.0,0.0,SBL.KA,
2026-01-28 00:00:00+05:00,14.600000381469727,14.600000381469727,14.15999984741211,14.489999771118164,943502.0,0.0,0.0,0.0,SBL.KA,
2026-01-29 00:00:00+05:00,14.5,14.5,13.699999809265137,14.050000190734863,2225551.0,0.0,0.0,0.0,SBL.KA,
2026-01-30 00:00:00+05:00,14.289999961853027,14.300000190734863,13.800000190734863,13.970000267028809,119210.0,0.0,0.0,0.0,SBL.KA,
2026-02-02 00:00:00+05:00,14.0,14.300000190734863,13.550000190734863,14.100000381469727,1045907.0,0.0,0.0,0.0,SBL.KA,
2026-02-03 00:00:00+05:00,14.100000381469727,14.539999961853027,14.0,14.149999618530273,419661.0,0.0,0.0,0.0,SBL.KA,
2026-02-04 00:00:00+05:00,14.600000381469727,15.199999809265137,14.020000457763672,15.039999961853027,890033.0,0.0,0.0,0.0,SBL.KA,
2026-02-06 00:00:00+05:00,14.989999771118164,15.100000381469727,14.069999694824219,14.699999809265137,796801.0,0.0,0.0,0.0,SBL.KA,
2026-02-09 00:00:00+05:00,14.899999618530273,14.979999542236328,14.380000114440918,14.739999771118164,563097.0,0.0,0.0,0.0,SBL.KA,
2026-02-10 00:00:00+05:00,14.75,15.3100004196167,14.510000228881836,14.930000305175781,3196184.0,0.0,0.0,0.0,SBL.KA,
2026-02-11 00:00:00+05:00,15.100000381469727,15.1899995803833,14.75,14.850000381469727,653680.0,0.0,0.0,0.0,SBL.KA,
2026-02-12 00:00:00+05:00,15.0,15.0,14.300000190734863,14.350000381469727,233245.0,0.0,0.0,0.0,SBL.KA,
2026-02-13 00:00:00+05:00,14.489999771118164,14.550000190734863,14.380000114440918,14.460000038146973,122781.0,0.0,0.0,0.0,SBL.KA,
2026-02-16 00:00:00+05:00,14.489999771118164,14.59000015258789,13.800000190734863,14.010000228881836,1118932.0,0.0,0.0,0.0,SBL.KA,
2026-02-17 00:00:00+05:00,14.149999618530273,14.5,13.5,14.390000343322754,461402.0,0.0,0.0,0.0,SBL.KA,
2026-02-18 00:00:00+05:00,14.25,14.800000190734863,14.020000457763672,14.529999732971191,4238843.0,0.0,0.0,0.0,SBL.KA,
2026-02-19 00:00:00+05:00,14.699999809265137,14.699999809265137,13.829999923706055,13.930000305175781,1114171.0,0.0,0.0,0.0,SBL.KA,
2026-02-20 00:00:00+05:00,14.0,14.300000190734863,13.260000228881836,13.729999542236328,160920.0,0.0,0.0,0.0,SBL.KA,
2026-02-23 00:00:00+05:00,13.010000228881836,13.789999961853027,13.010000228881836,13.3100004196167,301231.0,0.0,0.0,0.0,SBL.KA,
2026-02-24 00:00:00+05:00,13.3100004196167,13.510000228881836,12.029999732971191,13.25,448379.0,0.0,0.0,0.0,SBL.KA,
2026-02-25 00:00:00+05:00,13.5,13.5,12.5,12.649999618530273,385877.0,0.0,0.0,0.0,SBL.KA,
2026-02-26 00:00:00+05:00,12.5,13.199999809265137,12.5,13.010000228881836,1020247.0,0.0,0.0,0.0,SBL.KA,
2026-02-27 00:00:00+05:00,12.609999656677246,13.40999984741211,12.609999656677246,13.229999542236328,325122.0,0.0,0.0,0.0,SBL.KA,
2026-03-02 00:00:00+05:00,12.050000190734863,12.890000343322754,11.90999984741211,11.90999984741211,503559.0,0.0,0.0,0.0,SBL.KA,
2026-03-03 00:00:00+05:00,11.130000114440918,11.989999771118164,11.130000114440918,11.899999618530273,69057.0,0.0,0.0,0.0,SBL.KA,
2026-03-04 00:00:00+05:00,12.1899995803833,12.1899995803833,11.109999656677246,11.350000381469727,18068.0,0.0,0.0,0.0,SBL.KA,
2026-03-05 00:00:00+05:00,11.979999542236328,12.149999618530273,11.350000381469727,11.930000305175781,357398.0,0.0,0.0,0.0,SBL.KA,
2026-03-06 00:00:00+05:00,12.149999618530273,12.229999542236328,11.390000343322754,11.6899995803833,494391.0,0.0,0.0,0.0,SBL.KA,
2026-03-09 00:00:00+05:00,11.229999542236328,12.140000343322754,10.520000457763672,10.520000457763672,632965.0,0.0,0.0,0.0,SBL.KA,
2026-03-10 00:00:00+05:00,10.800000190734863,11.390000343322754,10.75,11.09000015258789,670515.0,0.0,0.0,0.0,SBL.KA,
2026-03-11 00:00:00+05:00,11.0,11.350000381469727,10.649999618530273,10.880000114440918,40614.0,0.0,0.0,0.0,SBL.KA,
2026-03-12 00:00:00+05:00,10.84000015258789,11.479999542236328,10.109999656677246,10.970000267028809,162501.0,0.0,0.0,0.0,SBL.KA,
2026-03-13 00:00:00+05:00,10.729999542236328,11.0,10.699999809265137,10.890000343322754,27126.0,0.0,0.0,0.0,SBL.KA,
2026-03-16 00:00:00+05:00,11.25,11.25,10.819999694824219,10.84000015258789,2246.0,0.0,0.0,0.0,SBL.KA,
2026-03-17 00:00:00+05:00,11.0,11.199999809265137,11.0,11.199999809265137,38319.0,0.0,0.0,0.0,SBL.KA,
2026-03-18 00:00:00+05:00,11.399999618530273,11.399999618530273,11.0,11.279999732971191,58222.0,0.0,0.0,0.0,SBL.KA,
2026-03-19 00:00:00+05:00,11.199999809265137,11.199999809265137,10.699999809265137,10.970000267028809,17542.0,0.0,0.0,0.0,SBL.KA,
2026-03-20 00:00:00+05:00,10.970000267028809,10.970000267028809,10.970000267028809,10.970000267028809,0.0,0.0,0.0,0.0,SBL.KA,
2026-03-23 00:00:00+05:00,10.970000267028809,10.970000267028809,10.970000267028809,10.970000267028809,0.0,0.0,0.0,0.0,SBL.KA,
2026-03-24 00:00:00+05:00,11.600000381469727,11.600000381469727,11.050000190734863,11.300000190734863,16814.0,0.0,0.0,0.0,SBL.KA,
2026-03-25 00:00:00+05:00,11.800000190734863,11.899999618530273,10.920000076293945,10.989999771118164,599544.0,0.0,0.0,0.0,SBL.KA,
2026-03-26 00:00:00+05:00,11.010000228881836,12.09000015258789,10.069999694824219,10.1899995803833,1718851.0,0.0,0.0,0.0,SBL.KA,
2026-03-27 00:00:00+05:00,10.300000190734863,10.6899995803833,9.84000015258789,10.149999618530273,61398.0,0.0,0.0,0.0,SBL.KA,
2021-03-29 00:00:00+05:00,1.25,1.25,1.059999942779541,1.100000023841858,7028500.0,0.0,0.0,0.0,SILK.KA,
2021-03-30 00:00:00+05:00,1.100000023841858,1.1699999570846558,1.100000023841858,1.1299999952316284,4009000.0,0.0,0.0,0.0,SILK.KA,
2021-03-31 00:00:00+05:00,1.1799999475479126,1.1799999475479126,1.1200000047683716,1.1299999952316284,5188000.0,0.0,0.0,0.0,SILK.KA,
2021-04-01 00:00:00+05:00,1.2000000476837158,1.2300000190734863,1.1399999856948853,1.149999976158142,2567500.0,0.0,0.0,0.0,SILK.KA,
2021-04-02 00:00:00+05:00,1.1399999856948853,1.1699999570846558,1.090000033378601,1.149999976158142,4797000.0,0.0,0.0,0.0,SILK.KA,
2021-04-05 00:00:00+05:00,1.25,1.3899999856948853,1.25,1.2599999904632568,20019500.0,0.0,0.0,0.0,SILK.KA,
2021-04-06 00:00:00+05:00,1.2699999809265137,1.309999942779541,1.2100000381469727,1.2599999904632568,3370000.0,0.0,0.0,0.0,SILK.KA,
2021-04-07 00:00:00+05:00,1.2599999904632568,1.2999999523162842,1.25,1.2599999904632568,3056000.0,0.0,0.0,0.0,SILK.KA,
2021-04-08 00:00:00+05:00,1.350000023841858,1.3600000143051147,1.1799999475479126,1.2599999904632568,12609500.0,0.0,0.0,0.0,SILK.KA,
2021-04-09 00:00:00+05:00,1.2799999713897705,1.2999999523162842,1.149999976158142,1.1699999570846558,10515000.0,0.0,0.0,0.0,SILK.KA,
2021-04-12 00:00:00+05:00,1.25,1.25,1.1799999475479126,1.2400000095367432,7295000.0,0.0,0.0,0.0,SILK.KA,
2021-04-13 00:00:00+05:00,1.190000057220459,1.25,1.190000057220459,1.2300000190734863,4911000.0,0.0,0.0,0.0,SILK.KA,
2021-04-14 00:00:00+05:00,1.2400000095367432,1.2799999713897705,1.2300000190734863,1.2400000095367432,1698500.0,0.0,0.0,0.0,SILK.KA,
2021-04-15 00:00:00+05:00,1.2400000095367432,1.2799999713897705,1.190000057220459,1.2400000095367432,4739500.0,0.0,0.0,0.0,SILK.KA,
2021-04-16 00:00:00+05:00,1.2000000476837158,1.2799999713897705,1.190000057220459,1.2699999809265137,1882000.0,0.0,0.0,0.0,SILK.KA,
2021-04-19 00:00:00+05:00,1.2799999713897705,1.399999976158142,1.2000000476837158,1.3799999952316284,12369000.0,0.0,0.0,0.0,SILK.KA,
2021-04-20 00:00:00+05:00,1.440000057220459,1.4700000286102295,1.399999976158142,1.4600000381469727,12201000.0,0.0,0.0,0.0,SILK.KA,
2021-04-21 00:00:00+05:00,1.4500000476837158,1.4600000381469727,1.3600000143051147,1.440000057220459,7770500.0,0.0,0.0,0.0,SILK.KA,
2021-04-22 00:00:00+05:00,1.440000057220459,1.440000057220459,1.3600000143051147,1.3700000047683716,3804500.0,0.0,0.0,0.0,SILK.KA,
2021-04-23 00:00:00+05:00,1.3600000143051147,1.3899999856948853,1.2699999809265137,1.3300000429153442,3372000.0,0.0,0.0,0.0,SILK.KA,
2021-04-26 00:00:00+05:00,1.3300000429153442,1.399999976158142,1.2000000476837158,1.3899999856948853,16096500.0,0.0,0.0,0.0,SILK.KA,
2021-04-27 00:00:00+05:00,1.350000023841858,1.399999976158142,1.350000023841858,1.3899999856948853,2168000.0,0.0,0.0,0.0,SILK.KA,
2021-04-28 00:00:00+05:00,1.3899999856948853,1.3899999856948853,1.2999999523162842,1.3300000429153442,3437000.0,0.0,0.0,0.0,SILK.KA,
2021-04-29 00:00:00+05:00,1.3600000143051147,1.3600000143051147,1.309999942779541,1.340000033378601,3290500.0,0.0,0.0,0.0,SILK.KA,
2021-04-30 00:00:00+05:00,1.3600000143051147,1.3600000143051147,1.2899999618530273,1.2999999523162842,1533500.0,0.0,0.0,0.0,SILK.KA,
2021-05-03 00:00:00+05:00,1.2599999904632568,1.340000033378601,1.25,1.3200000524520874,2998000.0,0.0,0.0,0.0,SILK.KA,
2021-05-04 00:00:00+05:00,1.3700000047683716,1.3799999952316284,1.3200000524520874,1.3600000143051147,2558500.0,0.0,0.0,0.0,SILK.KA,
2021-05-05 00:00:00+05:00,1.3899999856948853,1.409999966621399,1.3300000429153442,1.3899999856948853,4094000.0,0.0,0.0,0.0,SILK.KA,
2021-05-06 00:00:00+05:00,1.3899999856948853,1.409999966621399,1.3200000524520874,1.3300000429153442,1756500.0,0.0,0.0,0.0,SILK.KA,
2021-05-07 00:00:00+05:00,1.3300000429153442,1.3300000429153442,1.3300000429153442,1.3300000429153442,0.0,0.0,0.0,0.0,SILK.KA,
2021-05-10 00:00:00+05:00,1.3300000429153442,1.3300000429153442,1.3300000429153442,1.3300000429153442,0.0,0.0,0.0,0.0,SILK.KA,
2021-05-11 00:00:00+05:00,1.3300000429153442,1.3300000429153442,1.3300000429153442,1.3300000429153442,0.0,0.0,0.0,0.0,SILK.KA,
2021-05-12 00:00:00+05:00,1.3300000429153442,1.3300000429153442,1.3300000429153442,1.3300000429153442,0.0,0.0,0.0,0.0,SILK.KA,
2021-05-13 00:00:00+05:00,1.3300000429153442,1.3300000429153442,1.3300000429153442,1.3300000429153442,0.0,0.0,0.0,0.0,SILK.KA,
2021-05-14 00:00:00+05:00,1.3300000429153442,1.3300000429153442,1.3300000429153442,1.3300000429153442,0.0,0.0,0.0,0.0,SILK.KA,
2021-05-17 00:00:00+05:00,1.399999976158142,1.399999976158142,1.350000023841858,1.3600000143051147,1864500.0,0.0,0.0,0.0,SILK.KA,
2021-05-18 00:00:00+05:00,1.3700000047683716,1.3799999952316284,1.340000033378601,1.3600000143051147,1104000.0,0.0,0.0,0.0,SILK.KA,
2021-05-19 00:00:00+05:00,1.309999942779541,1.350000023841858,1.2699999809265137,1.309999942779541,2189500.0,0.0,0.0,0.0,SILK.KA,
2021-05-20 00:00:00+05:00,1.350000023841858,1.350000023841858,1.2599999904632568,1.2999999523162842,4115000.0,0.0,0.0,0.0,SILK.KA,
2021-05-21 00:00:00+05:00,1.3200000524520874,1.4199999570846558,1.309999942779541,1.3899999856948853,10750500.0,0.0,0.0,0.0,SILK.KA,
2021-05-24 00:00:00+05:00,1.4199999570846558,1.5,1.3799999952316284,1.4500000476837158,36611500.0,0.0,0.0,0.0,SILK.KA,
2021-05-25 00:00:00+05:00,1.4800000190734863,1.4800000190734863,1.409999966621399,1.4500000476837158,8243500.0,0.0,0.0,0.0,SILK.KA,
2021-05-26 00:00:00+05:00,1.4700000286102295,1.4700000286102295,1.4199999570846558,1.4500000476837158,16488000.0,0.0,0.0,0.0,SILK.KA,
2021-05-27 00:00:00+05:00,1.5,1.690000057220459,1.4600000381469727,1.5199999809265137,126514500.0,0.0,0.0,0.0,SILK.KA,
2021-05-28 00:00:00+05:00,1.5399999618530273,1.6699999570846558,1.5399999618530273,1.5800000429153442,56306000.0,0.0,0.0,0.0,SILK.KA,
2021-05-31 00:00:00+05:00,1.6200000047683716,1.7000000476837158,1.600000023841858,1.6399999856948853,71595000.0,0.0,0.0,0.0,SILK.KA,
2021-06-01 00:00:00+05:00,1.6799999475479126,1.7799999713897705,1.6399999856948853,1.7000000476837158,86096000.0,0.0,0.0,0.0,SILK.KA,
2021-06-02 00:00:00+05:00,1.7300000190734863,1.7300000190734863,1.6399999856948853,1.649999976158142,20171500.0,0.0,0.0,0.0,SILK.KA,
2021-06-03 00:00:00+05:00,1.659999966621399,1.7100000381469727,1.6200000047683716,1.690000057220459,23784500.0,0.0,0.0,0.0,SILK.KA,
2021-06-04 00:00:00+05:00,1.659999966621399,1.7000000476837158,1.649999976158142,1.6699999570846558,14369500.0,0.0,0.0,0.0,SILK.KA,
2021-06-07 00:00:00+05:00,1.690000057220459,1.7200000286102295,1.6299999952316284,1.649999976158142,11101500.0,0.0,0.0,0.0,SILK.KA,
2021-06-08 00:00:00+05:00,1.6799999475479126,1.6799999475479126,1.559999942779541,1.590000033378601,16728500.0,0.0,0.0,0.0,SILK.KA,
2021-06-09 00:00:00+05:00,1.6100000143051147,1.6399999856948853,1.5299999713897705,1.5499999523162842,16485500.0,0.0,0.0,0.0,SILK.KA,
2021-06-10 00:00:00+05:00,1.559999942779541,1.6200000047683716,1.5199999809265137,1.559999942779541,7025000.0,0.0,0.0,0.0,SILK.KA,
2021-06-11 00:00:00+05:00,1.5700000524520874,1.6399999856948853,1.5700000524520874,1.590000033378601,10722000.0,0.0,0.0,0.0,SILK.KA,
2021-06-14 00:00:00+05:00,1.7000000476837158,1.7200000286102295,1.5800000429153442,1.600000023841858,11154000.0,0.0,0.0,0.0,SILK.KA,
2021-06-15 00:00:00+05:00,1.600000023841858,1.6200000047683716,1.5499999523162842,1.600000023841858,7485000.0,0.0,0.0,0.0,SILK.KA,
2021-06-16 00:00:00+05:00,1.5800000429153442,1.6299999952316284,1.559999942779541,1.5700000524520874,9725500.0,0.0,0.0,0.0,SILK.KA,
2021-06-17 00:00:00+05:00,1.6100000143051147,1.9600000381469727,1.590000033378601,1.7999999523162842,188568500.0,0.0,0.0,0.0,SILK.KA,
2021-06-18 00:00:00+05:00,1.899999976158142,1.9199999570846558,1.7100000381469727,1.8300000429153442,44191000.0,0.0,0.0,0.0,SILK.KA,
2021-06-21 00:00:00+05:00,1.899999976158142,2.240000009536743,1.8600000143051147,2.140000104904175,235101000.0,0.0,0.0,0.0,SILK.KA,
2021-06-22 00:00:00+05:00,2.2100000381469727,2.25,2.0299999713897705,2.0799999237060547,75449500.0,0.0,0.0,0.0,SILK.KA,
2021-06-23 00:00:00+05:00,2.0999999046325684,2.109999895095825,1.909999966621399,1.9199999570846558,52282500.0,0.0,0.0,0.0,SILK.KA,
2021-06-24 00:00:00+05:00,1.940000057220459,1.9500000476837158,1.7699999809265137,1.7899999618530273,33773500.0,0.0,0.0,0.0,SILK.KA,
2021-06-25 00:00:00+05:00,1.7699999809265137,1.940000057220459,1.7200000286102295,1.909999966621399,19125500.0,0.0,0.0,0.0,SILK.KA,
2021-06-28 00:00:00+05:00,1.8799999952316284,1.9900000095367432,1.8600000143051147,1.8899999856948853,22096000.0,0.0,0.0,0.0,SILK.KA,
2021-06-29 00:00:00+05:00,1.940000057220459,2.0999999046325684,1.9199999570846558,2.059999942779541,69193500.0,0.0,0.0,0.0,SILK.KA,
2021-06-30 00:00:00+05:00,2.069999933242798,2.1500000953674316,1.9700000286102295,2.009999990463257,44203000.0,0.0,0.0,0.0,SILK.KA,
2021-07-01 00:00:00+05:00,2.009999990463257,2.119999885559082,1.9700000286102295,2.0,51438000.0,0.0,0.0,0.0,SILK.KA,
2021-07-02 00:00:00+05:00,2.0399999618530273,2.0399999618530273,1.9299999475479126,1.9500000476837158,19519000.0,0.0,0.0,0.0,SILK.KA,
2021-07-05 00:00:00+05:00,1.9500000476837158,1.9500000476837158,1.850000023841858,1.8799999952316284,14504500.0,0.0,0.0,0.0,SILK.KA,
2021-07-06 00:00:00+05:00,1.909999966621399,1.9500000476837158,1.8799999952316284,1.9199999570846558,17719000.0,0.0,0.0,0.0,SILK.KA,
2021-07-07 00:00:00+05:00,1.8899999856948853,1.9600000381469727,1.8799999952316284,1.909999966621399,9964000.0,0.0,0.0,0.0,SILK.KA,
2021-07-08 00:00:00+05:00,1.9500000476837158,2.0,1.9199999570846558,1.9500000476837158,14732500.0,0.0,0.0,0.0,SILK.KA,
2021-07-09 00:00:00+05:00,1.8799999952316284,1.940000057220459,1.8700000047683716,1.8899999856948853,13037500.0,0.0,0.0,0.0,SILK.KA,
2021-07-12 00:00:00+05:00,1.899999976158142,1.9299999475479126,1.840000033378601,1.8700000047683716,15440000.0,0.0,0.0,0.0,SILK.KA,
2021-07-13 00:00:00+05:00,1.8700000047683716,1.8700000047683716,1.7999999523162842,1.809999942779541,11365500.0,0.0,0.0,0.0,SILK.KA,
2021-07-14 00:00:00+05:00,1.8200000524520874,1.8300000429153442,1.75,1.7699999809265137,9171500.0,0.0,0.0,0.0,SILK.KA,
2021-07-15 00:00:00+05:00,1.7599999904632568,1.7799999713897705,1.7100000381469727,1.7599999904632568,10638000.0,0.0,0.0,0.0,SILK.KA,
2021-07-16 00:00:00+05:00,1.75,1.840000033378601,1.75,1.809999942779541,3933500.0,0.0,0.0,0.0,SILK.KA,
2021-07-19 00:00:00+05:00,1.7699999809265137,1.840000033378601,1.7699999809265137,1.8200000524520874,3280000.0,0.0,0.0,0.0,SILK.KA,
2021-07-20 00:00:00+05:00,1.8200000524520874,1.8200000524520874,1.8200000524520874,1.8200000524520874,0.0,0.0,0.0,0.0,SILK.KA,
2021-07-21 00:00:00+05:00,1.8200000524520874,1.8200000524520874,1.8200000524520874,1.8200000524520874,0.0,0.0,0.0,0.0,SILK.KA,
2021-07-22 00:00:00+05:00,1.8200000524520874,1.8200000524520874,1.8200000524520874,1.8200000524520874,0.0,0.0,0.0,0.0,SILK.KA,
2021-07-23 00:00:00+05:00,1.8200000524520874,1.8200000524520874,1.8200000524520874,1.8200000524520874,0.0,0.0,0.0,0.0,SILK.KA,
2021-07-26 00:00:00+05:00,1.840000033378601,1.850000023841858,1.7999999523162842,1.8200000524520874,7108000.0,0.0,0.0,0.0,SILK.KA,
2021-07-27 00:00:00+05:00,1.809999942779541,1.8700000047683716,1.7999999523162842,1.840000033378601,9541000.0,0.0,0.0,0.0,SILK.KA,
2021-07-28 00:00:00+05:00,1.850000023841858,1.8600000143051147,1.7999999523162842,1.8200000524520874,10234500.0,0.0,0.0,0.0,SILK.KA,
2021-07-29 00:00:00+05:00,1.7999999523162842,1.7999999523162842,1.7000000476837158,1.7100000381469727,9453500.0,0.0,0.0,0.0,SILK.KA,
2021-07-30 00:00:00+05:00,1.7400000095367432,1.850000023841858,1.7200000286102295,1.7599999904632568,10097000.0,0.0,0.0,0.0,SILK.KA,
2021-08-02 00:00:00+05:00,1.75,1.8200000524520874,1.7300000190734863,1.75,5962000.0,0.0,0.0,0.0,SILK.KA,
2021-08-03 00:00:00+05:00,1.7999999523162842,1.809999942779541,1.7400000095367432,1.7999999523162842,8019000.0,0.0,0.0,0.0,SILK.KA,
2021-08-04 00:00:00+05:00,1.8200000524520874,1.909999966621399,1.75,1.840000033378601,11488500.0,0.0,0.0,0.0,SILK.KA,
2021-08-05 00:00:00+05:00,1.8600000143051147,1.8700000047683716,1.7599999904632568,1.7799999713897705,9505000.0,0.0,0.0,0.0,SILK.KA,
2021-08-06 00:00:00+05:00,1.75,1.7899999618530273,1.7200000286102295,1.7300000190734863,5604000.0,0.0,0.0,0.0,SILK.KA,
2021-08-09 00:00:00+05:00,1.7699999809265137,1.7699999809265137,1.7000000476837158,1.7000000476837158,8837500.0,0.0,0.0,0.0,SILK.KA,
2021-08-10 00:00:00+05:00,1.7400000095367432,1.7400000095367432,1.6399999856948853,1.7000000476837158,3703500.0,0.0,0.0,0.0,SILK.KA,
2021-08-11 00:00:00+05:00,1.7000000476837158,1.7200000286102295,1.6699999570846558,1.690000057220459,3086500.0,0.0,0.0,0.0,SILK.KA,
2021-08-12 00:00:00+05:00,1.690000057220459,1.690000057220459,1.649999976158142,1.6799999475479126,3917500.0,0.0,0.0,0.0,SILK.KA,
2021-08-13 00:00:00+05:00,1.6699999570846558,1.8600000143051147,1.659999966621399,1.7699999809265137,7674000.0,0.0,0.0,0.0,SILK.KA,
2021-08-16 00:00:00+05:00,1.7400000095367432,1.8200000524520874,1.7200000286102295,1.7699999809265137,6317000.0,0.0,0.0,0.0,SILK.KA,
2021-08-17 00:00:00+05:00,1.809999942779541,1.809999942779541,1.75,1.7899999618530273,3912000.0,0.0,0.0,0.0,SILK.KA,
2021-08-18 00:00:00+05:00,1.7899999618530273,1.7899999618530273,1.7899999618530273,1.7899999618530273,0.0,0.0,0.0,0.0,SILK.KA,
2021-08-19 00:00:00+05:00,1.7899999618530273,1.7899999618530273,1.7899999618530273,1.7899999618530273,0.0,0.0,0.0,0.0,SILK.KA,
2021-08-20 00:00:00+05:00,1.7999999523162842,1.8600000143051147,1.7799999713897705,1.8200000524520874,9176000.0,0.0,0.0,0.0,SILK.KA,
2021-08-23 00:00:00+05:00,1.8200000524520874,1.840000033378601,1.7999999523162842,1.809999942779541,3782000.0,0.0,0.0,0.0,SILK.KA,
2021-08-24 00:00:00+05:00,1.809999942779541,1.8200000524520874,1.75,1.7599999904632568,4226000.0,0.0,0.0,0.0,SILK.KA,
2021-08-25 00:00:00+05:00,1.7999999523162842,1.7999999523162842,1.7400000095367432,1.75,4720500.0,0.0,0.0,0.0,SILK.KA,
2021-08-26 00:00:00+05:00,1.7699999809265137,1.7699999809265137,1.7100000381469727,1.7200000286102295,4393000.0,0.0,0.0,0.0,SILK.KA,
2021-08-27 00:00:00+05:00,1.75,1.75,1.6799999475479126,1.7000000476837158,3546500.0,0.0,0.0,0.0,SILK.KA,
2021-08-30 00:00:00+05:00,1.7300000190734863,1.75,1.6399999856948853,1.6799999475479126,6801500.0,0.0,0.0,0.0,SILK.KA,
2021-08-31 00:00:00+05:00,1.6799999475479126,1.7200000286102295,1.659999966621399,1.6799999475479126,2193500.0,0.0,0.0,0.0,SILK.KA,
2021-09-01 00:00:00+05:00,1.6299999952316284,1.7300000190734863,1.6299999952316284,1.6799999475479126,1710000.0,0.0,0.0,0.0,SILK.KA,
2021-09-02 00:00:00+05:00,1.7000000476837158,1.8600000143051147,1.659999966621399,1.7699999809265137,16273500.0,0.0,0.0,0.0,SILK.KA,
2021-09-03 00:00:00+05:00,1.7100000381469727,1.7899999618530273,1.7000000476837158,1.7300000190734863,2517500.0,0.0,0.0,0.0,SILK.KA,
2021-09-06 00:00:00+05:00,1.7000000476837158,1.7400000095367432,1.6699999570846558,1.6799999475479126,3784500.0,0.0,0.0,0.0,SILK.KA,
2021-09-07 00:00:00+05:00,1.6699999570846558,1.690000057220459,1.6399999856948853,1.649999976158142,3195000.0,0.0,0.0,0.0,SILK.KA,
2021-09-08 00:00:00+05:00,1.659999966621399,1.7000000476837158,1.600000023841858,1.649999976158142,3631500.0,0.0,0.0,0.0,SILK.KA,
2021-09-09 00:00:00+05:00,1.690000057220459,1.7200000286102295,1.6399999856948853,1.649999976158142,1957000.0,0.0,0.0,0.0,SILK.KA,
2021-09-10 00:00:00+05:00,1.649999976158142,1.7000000476837158,1.6399999856948853,1.659999966621399,1728500.0,0.0,0.0,0.0,SILK.KA,
2021-09-13 00:00:00+05:00,1.7200000286102295,1.7200000286102295,1.6200000047683716,1.6299999952316284,2247500.0,0.0,0.0,0.0,SILK.KA,
2021-09-14 00:00:00+05:00,1.6200000047683716,1.659999966621399,1.5700000524520874,1.590000033378601,6620500.0,0.0,0.0,0.0,SILK.KA,
2021-09-15 00:00:00+05:00,1.6299999952316284,1.6399999856948853,1.5099999904632568,1.5299999713897705,5945000.0,0.0,0.0,0.0,SILK.KA,
2021-09-16 00:00:00+05:00,1.5399999618530273,1.690000057220459,1.5099999904632568,1.6200000047683716,3889000.0,0.0,0.0,0.0,SILK.KA,
2021-09-17 00:00:00+05:00,1.6399999856948853,1.7599999904632568,1.6399999856948853,1.659999966621399,10042000.0,0.0,0.0,0.0,SILK.KA,
2021-09-20 00:00:00+05:00,1.649999976158142,1.7200000286102295,1.6200000047683716,1.6799999475479126,2370500.0,0.0,0.0,0.0,SILK.KA,
2021-09-21 00:00:00+05:00,1.6799999475479126,1.6799999475479126,1.6799999475479126,1.6799999475479126,0.0,0.0,0.0,0.0,SILK.KA,
2021-09-22 00:00:00+05:00,1.600000023841858,1.6200000047683716,1.409999966621399,1.4800000190734863,14158000.0,0.0,0.0,0.0,SILK.KA,
2021-09-23 00:00:00+05:00,1.5499999523162842,1.559999942779541,1.4800000190734863,1.5,8088000.0,0.0,0.0,0.0,SILK.KA,
2021-09-24 00:00:00+05:00,1.5399999618530273,1.5499999523162842,1.4199999570846558,1.4800000190734863,5492500.0,0.0,0.0,0.0,SILK.KA,
2021-09-27 00:00:00+05:00,1.5,1.5199999809265137,1.409999966621399,1.4800000190734863,3663000.0,0.0,0.0,0.0,SILK.KA,
2021-09-28 00:00:00+05:00,1.5,1.5199999809265137,1.4500000476837158,1.5099999904632568,3524000.0,0.0,0.0,0.0,SILK.KA,
2021-09-29 00:00:00+05:00,1.5399999618530273,1.5399999618530273,1.440000057220459,1.4900000095367432,4969000.0,0.0,0.0,0.0,SILK.KA,
2021-09-30 00:00:00+05:00,1.5099999904632568,1.5099999904632568,1.4500000476837158,1.5,1924500.0,0.0,0.0,0.0,SILK.KA,
2021-10-01 00:00:00+05:00,1.5,1.5700000524520874,1.4600000381469727,1.5399999618530273,2365000.0,0.0,0.0,0.0,SILK.KA,
2021-10-04 00:00:00+05:00,1.5,1.5299999713897705,1.4299999475479126,1.5199999809265137,3445500.0,0.0,0.0,0.0,SILK.KA,
2021-10-05 00:00:00+05:00,1.5399999618530273,1.5499999523162842,1.4900000095367432,1.5,2924000.0,0.0,0.0,0.0,SILK.KA,
2021-10-06 00:00:00+05:00,1.5099999904632568,1.5199999809265137,1.4700000286102295,1.4900000095367432,7847500.0,0.0,0.0,0.0,SILK.KA,
2021-10-07 00:00:00+05:00,1.5,1.559999942779541,1.5,1.5199999809265137,3682500.0,0.0,0.0,0.0,SILK.KA,
2021-10-08 00:00:00+05:00,1.5399999618530273,1.6200000047683716,1.5199999809265137,1.559999942779541,9331500.0,0.0,0.0,0.0,SILK.KA,
2021-10-11 00:00:00+05:00,1.600000023841858,1.600000023841858,1.4700000286102295,1.4800000190734863,4138500.0,0.0,0.0,0.0,SILK.KA,
2021-10-12 00:00:00+05:00,1.5299999713897705,1.5299999713897705,1.3899999856948853,1.4500000476837158,7143000.0,0.0,0.0,0.0,SILK.KA,
2021-10-13 00:00:00+05:00,1.5,1.5,1.3600000143051147,1.3899999856948853,4640000.0,0.0,0.0,0.0,SILK.KA,
2021-10-14 00:00:00+05:00,1.399999976158142,1.4800000190734863,1.340000033378601,1.4299999475479126,10045500.0,0.0,0.0,0.0,SILK.KA,
2021-10-15 00:00:00+05:00,1.409999966621399,1.5,1.409999966621399,1.4600000381469727,2647500.0,0.0,0.0,0.0,SILK.KA,
2021-10-18 00:00:00+05:00,1.4299999475479126,1.4600000381469727,1.4199999570846558,1.4199999570846558,1742500.0,0.0,0.0,0.0,SILK.KA,
2021-10-19 00:00:00+05:00,1.4199999570846558,1.4199999570846558,1.4199999570846558,1.4199999570846558,0.0,0.0,0.0,0.0,SILK.KA,
2021-10-20 00:00:00+05:00,1.4500000476837158,1.5,1.440000057220459,1.4900000095367432,1533000.0,0.0,0.0,0.0,SILK.KA,
2021-10-21 00:00:00+05:00,1.4900000095367432,1.5800000429153442,1.4500000476837158,1.5099999904632568,7395500.0,0.0,0.0,0.0,SILK.KA,
2021-10-22 00:00:00+05:00,1.5199999809265137,1.5199999809265137,1.4600000381469727,1.4600000381469727,1247500.0,0.0,0.0,0.0,SILK.KA,
2021-10-25 00:00:00+05:00,1.5499999523162842,1.559999942779541,1.3799999952316284,1.4600000381469727,638000.0,0.0,0.0,0.0,SILK.KA,
2021-10-26 00:00:00+05:00,1.4700000286102295,1.4700000286102295,1.399999976158142,1.4199999570846558,1878500.0,0.0,0.0,0.0,SILK.KA,
2021-10-27 00:00:00+05:00,1.4199999570846558,1.4800000190734863,1.3600000143051147,1.409999966621399,761000.0,0.0,0.0,0.0,SILK.KA,
2021-10-28 00:00:00+05:00,1.4500000476837158,1.4500000476837158,1.3700000047683716,1.4199999570846558,1305000.0,0.0,0.0,0.0,SILK.KA,
2021-10-29 00:00:00+05:00,1.3700000047683716,1.4900000095367432,1.3700000047683716,1.399999976158142,627500.0,0.0,0.0,0.0,SILK.KA,
2021-11-01 00:00:00+05:00,1.409999966621399,1.4900000095367432,1.409999966621399,1.4500000476837158,2501000.0,0.0,0.0,0.0,SILK.KA,
2021-11-02 00:00:00+05:00,1.4500000476837158,1.4700000286102295,1.399999976158142,1.4299999475479126,1188500.0,0.0,0.0,0.0,SILK.KA,
2021-11-03 00:00:00+05:00,1.4299999475479126,1.4500000476837158,1.399999976158142,1.4199999570846558,2757000.0,0.0,0.0,0.0,SILK.KA,
2021-11-04 00:00:00+05:00,1.440000057220459,1.4700000286102295,1.4199999570846558,1.4500000476837158,2188000.0,0.0,0.0,0.0,SILK.KA,
2021-11-05 00:00:00+05:00,1.5,1.5299999713897705,1.440000057220459,1.4700000286102295,4745000.0,0.0,0.0,0.0,SILK.KA,
2021-11-08 00:00:00+05:00,1.5,1.5,1.4299999475479126,1.4500000476837158,2626000.0,0.0,0.0,0.0,SILK.KA,
2021-11-09 00:00:00+05:00,1.4500000476837158,1.4700000286102295,1.3700000047683716,1.399999976158142,1808500.0,0.0,0.0,0.0,SILK.KA,
2021-11-10 00:00:00+05:00,1.440000057220459,1.440000057220459,1.399999976158142,1.409999966621399,1523500.0,0.0,0.0,0.0,SILK.KA,
2021-11-11 00:00:00+05:00,1.4600000381469727,1.4600000381469727,1.3799999952316284,1.399999976158142,2029500.0,0.0,0.0,0.0,SILK.KA,
2021-11-12 00:00:00+05:00,1.4199999570846558,1.440000057220459,1.350000023841858,1.3700000047683716,984000.0,0.0,0.0,0.0,SILK.KA,
2021-11-15 00:00:00+05:00,1.3600000143051147,1.399999976158142,1.340000033378601,1.3700000047683716,1469500.0,0.0,0.0,0.0,SILK.KA,
2021-11-16 00:00:00+05:00,1.399999976158142,1.399999976158142,1.340000033378601,1.3600000143051147,1629000.0,0.0,0.0,0.0,SILK.KA,
2021-11-17 00:00:00+05:00,1.3700000047683716,1.4299999475479126,1.340000033378601,1.399999976158142,5381000.0,0.0,0.0,0.0,SILK.KA,
2021-11-18 00:00:00+05:00,1.4299999475479126,1.440000057220459,1.3700000047683716,1.3899999856948853,1164000.0,0.0,0.0,0.0,SILK.KA,
2021-11-19 00:00:00+05:00,1.3799999952316284,1.4199999570846558,1.3799999952316284,1.3799999952316284,1195000.0,0.0,0.0,0.0,SILK.KA,
2021-11-22 00:00:00+05:00,1.3799999952316284,1.4500000476837158,1.350000023841858,1.3600000143051147,1703500.0,0.0,0.0,0.0,SILK.KA,
2021-11-23 00:00:00+05:00,1.3799999952316284,1.4199999570846558,1.340000033378601,1.350000023841858,2296500.0,0.0,0.0,0.0,SILK.KA,
2021-11-24 00:00:00+05:00,1.3799999952316284,1.399999976158142,1.2999999523162842,1.2999999523162842,3636500.0,0.0,0.0,0.0,SILK.KA,
2021-11-25 00:00:00+05:00,1.3200000524520874,1.3799999952316284,1.2899999618530273,1.350000023841858,2890500.0,0.0,0.0,0.0,SILK.KA,
2021-11-26 00:00:00+05:00,1.3600000143051147,1.3899999856948853,1.2999999523162842,1.3200000524520874,1988500.0,0.0,0.0,0.0,SILK.KA,
2021-11-29 00:00:00+05:00,1.3200000524520874,1.3600000143051147,1.2999999523162842,1.3300000429153442,1590500.0,0.0,0.0,0.0,SILK.KA,
2021-11-30 00:00:00+05:00,1.3300000429153442,1.350000023841858,1.309999942779541,1.3200000524520874,1458500.0,0.0,0.0,0.0,SILK.KA,
2021-12-01 00:00:00+05:00,1.350000023841858,1.350000023841858,1.2999999523162842,1.309999942779541,1165000.0,0.0,0.0,0.0,SILK.KA,
2021-12-02 00:00:00+05:00,1.309999942779541,1.309999942779541,1.190000057220459,1.2100000381469727,5161500.0,0.0,0.0,0.0,SILK.KA,
2021-12-03 00:00:00+05:00,1.2300000190734863,1.2300000190734863,1.149999976158142,1.1799999475479126,6889000.0,0.0,0.0,0.0,SILK.KA,
2021-12-06 00:00:00+05:00,1.2200000286102295,1.2200000286102295,1.1399999856948853,1.1699999570846558,1560500.0,0.0,0.0,0.0,SILK.KA,
2021-12-07 00:00:00+05:00,1.190000057220459,1.2200000286102295,1.1699999570846558,1.2000000476837158,3416500.0,0.0,0.0,0.0,SILK.KA,
2021-12-08 00:00:00+05:00,1.2300000190734863,1.2300000190734863,1.1699999570846558,1.190000057220459,1802000.0,0.0,0.0,0.0,SILK.KA,
2021-12-09 00:00:00+05:00,1.190000057220459,1.2100000381469727,1.159999966621399,1.190000057220459,3247500.0,0.0,0.0,0.0,SILK.KA,
2021-12-10 00:00:00+05:00,1.2100000381469727,1.2100000381469727,1.159999966621399,1.1799999475479126,1680500.0,0.0,0.0,0.0,SILK.KA,
2021-12-13 00:00:00+05:00,1.190000057220459,1.190000057220459,1.0700000524520874,1.100000023841858,3160000.0,0.0,0.0,0.0,SILK.KA,
2021-12-14 00:00:00+05:00,1.1100000143051147,1.1200000047683716,1.059999942779541,1.1100000143051147,2998500.0,0.0,0.0,0.0,SILK.KA,
2021-12-15 00:00:00+05:00,1.1399999856948853,1.1799999475479126,1.1200000047683716,1.1699999570846558,1829000.0,0.0,0.0,0.0,SILK.KA,
2021-12-16 00:00:00+05:00,1.1799999475479126,1.190000057220459,1.1100000143051147,1.159999966621399,1928000.0,0.0,0.0,0.0,SILK.KA,
2021-12-17 00:00:00+05:00,1.1299999952316284,1.1699999570846558,1.100000023841858,1.149999976158142,855000.0,0.0,0.0,0.0,SILK.KA,
2021-12-20 00:00:00+05:00,1.1799999475479126,1.4199999570846558,1.159999966621399,1.3600000143051147,12628000.0,0.0,0.0,0.0,SILK.KA,
2021-12-21 00:00:00+05:00,1.440000057220459,1.4700000286102295,1.3600000143051147,1.3899999856948853,4262500.0,0.0,0.0,0.0,SILK.KA,
2021-12-22 00:00:00+05:00,1.399999976158142,1.399999976158142,1.3200000524520874,1.340000033378601,1894000.0,0.0,0.0,0.0,SILK.KA,
2021-12-23 00:00:00+05:00,1.3300000429153442,1.399999976158142,1.3200000524520874,1.340000033378601,2497000.0,0.0,0.0,0.0,SILK.KA,
2021-12-24 00:00:00+05:00,1.3300000429153442,1.3600000143051147,1.2999999523162842,1.3200000524520874,915000.0,0.0,0.0,0.0,SILK.KA,
2021-12-27 00:00:00+05:00,1.309999942779541,1.350000023841858,1.2999999523162842,1.309999942779541,1458000.0,0.0,0.0,0.0,SILK.KA,
2021-12-28 00:00:00+05:00,1.309999942779541,1.340000033378601,1.309999942779541,1.3300000429153442,1142500.0,0.0,0.0,0.0,SILK.KA,
2021-12-29 00:00:00+05:00,1.340000033378601,1.350000023841858,1.2699999809265137,1.2899999618530273,2040500.0,0.0,0.0,0.0,SILK.KA,
2021-12-30 00:00:00+05:00,1.350000023841858,1.3899999856948853,1.309999942779541,1.3600000143051147,2700500.0,0.0,0.0,0.0,SILK.KA,
2021-12-31 00:00:00+05:00,1.3799999952316284,1.5199999809265137,1.3200000524520874,1.4500000476837158,11844500.0,0.0,0.0,0.0,SILK.KA,
2022-01-03 00:00:00+05:00,1.409999966621399,1.440000057220459,1.399999976158142,1.409999966621399,2423000.0,0.0,0.0,0.0,SILK.KA,
2022-01-04 00:00:00+05:00,1.4299999475479126,1.4299999475479126,1.3600000143051147,1.3700000047683716,4410500.0,0.0,0.0,0.0,SILK.KA,
2022-01-05 00:00:00+05:00,1.4299999475479126,1.4500000476837158,1.3700000047683716,1.3799999952316284,2752500.0,0.0,0.0,0.0,SILK.KA,
2022-01-06 00:00:00+05:00,1.3899999856948853,1.409999966621399,1.350000023841858,1.3700000047683716,1332500.0,0.0,0.0,0.0,SILK.KA,
2022-01-07 00:00:00+05:00,1.3700000047683716,1.5700000524520874,1.25,1.4900000095367432,12289000.0,0.0,0.0,0.0,SILK.KA,
2022-01-10 00:00:00+05:00,1.5499999523162842,1.6100000143051147,1.4800000190734863,1.5700000524520874,5624000.0,0.0,0.0,0.0,SILK.KA,
2022-01-11 00:00:00+05:00,1.559999942779541,1.6200000047683716,1.5,1.5499999523162842,4126000.0,0.0,0.0,0.0,SILK.KA,
2022-01-12 00:00:00+05:00,1.5499999523162842,1.600000023841858,1.5299999713897705,1.5499999523162842,5239500.0,0.0,0.0,0.0,SILK.KA,
2022-01-13 00:00:00+05:00,1.600000023841858,1.600000023841858,1.5299999713897705,1.5700000524520874,6277500.0,0.0,0.0,0.0,SILK.KA,
2022-01-14 00:00:00+05:00,1.5700000524520874,1.600000023841858,1.5199999809265137,1.5299999713897705,2431500.0,0.0,0.0,0.0,SILK.KA,
2022-01-17 00:00:00+05:00,1.5800000429153442,1.5800000429153442,1.409999966621399,1.4199999570846558,2777000.0,0.0,0.0,0.0,SILK.KA,
2022-01-18 00:00:00+05:00,1.4700000286102295,1.4700000286102295,1.399999976158142,1.409999966621399,1425000.0,0.0,0.0,0.0,SILK.KA,
2022-01-19 00:00:00+05:00,1.440000057220459,1.4500000476837158,1.3200000524520874,1.3200000524520874,3079000.0,0.0,0.0,0.0,SILK.KA,
2022-01-20 00:00:00+05:00,1.3300000429153442,1.3899999856948853,1.2999999523162842,1.3799999952316284,4277000.0,0.0,0.0,0.0,SILK.KA,
2022-01-21 00:00:00+05:00,1.3799999952316284,1.3799999952316284,1.309999942779541,1.3200000524520874,3143000.0,0.0,0.0,0.0,SILK.KA,
2022-01-24 00:00:00+05:00,1.309999942779541,1.340000033378601,1.25,1.2999999523162842,1569000.0,0.0,0.0,0.0,SILK.KA,
2022-01-25 00:00:00+05:00,1.340000033378601,1.350000023841858,1.2699999809265137,1.2899999618530273,3079500.0,0.0,0.0,0.0,SILK.KA,
2022-01-26 00:00:00+05:00,1.2799999713897705,1.340000033378601,1.2599999904632568,1.2799999713897705,1096500.0,0.0,0.0,0.0,SILK.KA,
2022-01-27 00:00:00+05:00,1.2799999713897705,1.340000033378601,1.2599999904632568,1.2699999809265137,1631500.0,0.0,0.0,0.0,SILK.KA,
2022-01-28 00:00:00+05:00,1.2799999713897705,1.350000023841858,1.2699999809265137,1.309999942779541,1083000.0,0.0,0.0,0.0,SILK.KA,
2022-01-31 00:00:00+05:00,1.350000023841858,1.3899999856948853,1.2400000095367432,1.3799999952316284,3265000.0,0.0,0.0,0.0,SILK.KA,
2022-02-01 00:00:00+05:00,1.409999966621399,1.4600000381469727,1.350000023841858,1.399999976158142,2442500.0,0.0,0.0,0.0,SILK.KA,
2022-02-02 00:00:00+05:00,1.4299999475479126,1.4700000286102295,1.350000023841858,1.3799999952316284,3906500.0,0.0,0.0,0.0,SILK.KA,
2022-02-03 00:00:00+05:00,1.4299999475479126,1.4299999475479126,1.350000023841858,1.3600000143051147,1543000.0,0.0,0.0,0.0,SILK.KA,
2022-02-04 00:00:00+05:00,1.3700000047683716,1.399999976158142,1.3600000143051147,1.399999976158142,996000.0,0.0,0.0,0.0,SILK.KA,
2022-02-07 00:00:00+05:00,1.4199999570846558,1.440000057220459,1.3600000143051147,1.3600000143051147,1133500.0,0.0,0.0,0.0,SILK.KA,
2022-02-08 00:00:00+05:00,1.3899999856948853,1.3899999856948853,1.340000033378601,1.350000023841858,432000.0,0.0,0.0,0.0,SILK.KA,
2022-02-09 00:00:00+05:00,1.3700000047683716,1.409999966621399,1.3200000524520874,1.3899999856948853,769500.0,0.0,0.0,0.0,SILK.KA,
2022-02-10 00:00:00+05:00,1.399999976158142,1.4199999570846558,1.340000033378601,1.3600000143051147,2025500.0,0.0,0.0,0.0,SILK.KA,
2022-02-11 00:00:00+05:00,1.3200000524520874,1.399999976158142,1.3200000524520874,1.350000023841858,2244000.0,0.0,0.0,0.0,SILK.KA,
2022-02-14 00:00:00+05:00,1.3300000429153442,1.3700000047683716,1.309999942779541,1.309999942779541,3038000.0,0.0,0.0,0.0,SILK.KA,
2022-02-15 00:00:00+05:00,1.3200000524520874,1.350000023841858,1.2799999713897705,1.3300000429153442,2817500.0,0.0,0.0,0.0,SILK.KA,
2022-02-16 00:00:00+05:00,1.350000023841858,1.3600000143051147,1.2999999523162842,1.3200000524520874,834000.0,0.0,0.0,0.0,SILK.KA,
2022-02-17 00:00:00+05:00,1.2999999523162842,1.340000033378601,1.2799999713897705,1.2799999713897705,1174500.0,0.0,0.0,0.0,SILK.KA,
2022-02-18 00:00:00+05:00,1.2999999523162842,1.2999999523162842,1.2599999904632568,1.2599999904632568,1571000.0,0.0,0.0,0.0,SILK.KA,
2022-02-21 00:00:00+05:00,1.2799999713897705,1.2899999618530273,1.25,1.2799999713897705,999500.0,0.0,0.0,0.0,SILK.KA,
2022-02-22 00:00:00+05:00,1.2599999904632568,1.2999999523162842,1.2400000095367432,1.2699999809265137,4233500.0,0.0,0.0,0.0,SILK.KA,
2022-02-23 00:00:00+05:00,1.2899999618530273,1.2899999618530273,1.2599999904632568,1.2799999713897705,1381000.0,0.0,0.0,0.0,SILK.KA,
2022-02-24 00:00:00+05:00,1.25,1.2799999713897705,1.149999976158142,1.1799999475479126,3207000.0,0.0,0.0,0.0,SILK.KA,
2022-02-25 00:00:00+05:00,1.159999966621399,1.25,1.149999976158142,1.1699999570846558,2395500.0,0.0,0.0,0.0,SILK.KA,
2022-02-28 00:00:00+05:00,1.2300000190734863,1.2300000190734863,1.1699999570846558,1.2100000381469727,892500.0,0.0,0.0,0.0,SILK.KA,
2022-03-01 00:00:00+05:00,1.25,1.2899999618530273,1.2000000476837158,1.25,737500.0,0.0,0.0,0.0,SILK.KA,
2022-03-02 00:00:00+05:00,1.2599999904632568,1.2799999713897705,1.2000000476837158,1.2599999904632568,1155000.0,0.0,0.0,0.0,SILK.KA,
2022-03-03 00:00:00+05:00,1.2699999809265137,1.2799999713897705,1.2200000286102295,1.25,791000.0,0.0,0.0,0.0,SILK.KA,
2022-03-04 00:00:00+05:00,1.399999976158142,1.399999976158142,1.2200000286102295,1.2400000095367432,381000.0,0.0,0.0,0.0,SILK.KA,
2022-03-07 00:00:00+05:00,1.2200000286102295,1.2200000286102295,1.1299999952316284,1.159999966621399,2659000.0,0.0,0.0,0.0,SILK.KA,
2022-03-08 00:00:00+05:00,1.190000057220459,1.2000000476837158,1.1299999952316284,1.1399999856948853,2411000.0,0.0,0.0,0.0,SILK.KA,
2022-03-09 00:00:00+05:00,1.190000057220459,1.190000057220459,1.1100000143051147,1.1399999856948853,3078000.0,0.0,0.0,0.0,SILK.KA,
2022-03-10 00:00:00+05:00,1.159999966621399,1.190000057220459,1.1200000047683716,1.159999966621399,1974500.0,0.0,0.0,0.0,SILK.KA,
2022-03-11 00:00:00+05:00,1.159999966621399,1.2000000476837158,1.1399999856948853,1.149999976158142,314000.0,0.0,0.0,0.0,SILK.KA,
2022-03-14 00:00:00+05:00,1.2200000286102295,1.2200000286102295,1.100000023841858,1.1200000047683716,2327000.0,0.0,0.0,0.0,SILK.KA,
2022-03-15 00:00:00+05:00,1.149999976158142,1.149999976158142,1.090000033378601,1.1299999952316284,2051500.0,0.0,0.0,0.0,SILK.KA,
2022-03-16 00:00:00+05:00,1.149999976158142,1.149999976158142,1.0399999618530273,1.059999942779541,8278000.0,0.0,0.0,0.0,SILK.KA,
2022-03-17 00:00:00+05:00,1.1399999856948853,1.1399999856948853,1.0700000524520874,1.100000023841858,1548000.0,0.0,0.0,0.0,SILK.KA,
2022-03-18 00:00:00+05:00,1.0800000429153442,1.100000023841858,1.0499999523162842,1.059999942779541,1783500.0,0.0,0.0,0.0,SILK.KA,
2022-03-21 00:00:00+05:00,1.0700000524520874,1.1100000143051147,1.0499999523162842,1.100000023841858,2438000.0,0.0,0.0,0.0,SILK.KA,
2022-03-22 00:00:00+05:00,1.1200000047683716,1.1699999570846558,1.1100000143051147,1.1399999856948853,2970000.0,0.0,0.0,0.0,SILK.KA,
2022-03-23 00:00:00+05:00,1.1399999856948853,1.1399999856948853,1.1399999856948853,1.1399999856948853,0.0,0.0,0.0,0.0,SILK.KA,
2022-03-24 00:00:00+05:00,1.100000023841858,1.159999966621399,1.100000023841858,1.1299999952316284,977000.0,0.0,0.0,0.0,SILK.KA,
2022-03-25 00:00:00+05:00,1.100000023841858,1.1799999475479126,1.100000023841858,1.1399999856948853,967500.0,0.0,0.0,0.0,SILK.KA,
2022-03-28 00:00:00+05:00,1.0800000429153442,1.1699999570846558,1.0800000429153442,1.149999976158142,464000.0,0.0,0.0,0.0,SILK.KA,
2022-03-29 00:00:00+05:00,1.1799999475479126,1.1799999475479126,1.1299999952316284,1.1699999570846558,1150000.0,0.0,0.0,0.0,SILK.KA,
2022-03-30 00:00:00+05:00,1.1200000047683716,1.149999976158142,1.090000033378601,1.1100000143051147,2661500.0,0.0,0.0,0.0,SILK.KA,
2022-03-31 00:00:00+05:00,1.090000033378601,1.159999966621399,1.090000033378601,1.1399999856948853,753000.0,0.0,0.0,0.0,SILK.KA,
2022-04-01 00:00:00+05:00,1.1100000143051147,1.1399999856948853,1.100000023841858,1.1399999856948853,991000.0,0.0,0.0,0.0,SILK.KA,
2022-04-04 00:00:00+05:00,1.1299999952316284,1.1299999952316284,1.0800000429153442,1.100000023841858,1331500.0,0.0,0.0,0.0,SILK.KA,
2022-04-05 00:00:00+05:00,1.100000023841858,1.1200000047683716,1.090000033378601,1.090000033378601,1011500.0,0.0,0.0,0.0,SILK.KA,
2022-04-06 00:00:00+05:00,1.100000023841858,1.1299999952316284,1.100000023841858,1.1200000047683716,305500.0,0.0,0.0,0.0,SILK.KA,
2022-04-07 00:00:00+05:00,1.1200000047683716,1.1299999952316284,1.090000033378601,1.090000033378601,435000.0,0.0,0.0,0.0,SILK.KA,
2022-04-08 00:00:00+05:00,1.149999976158142,1.190000057220459,1.1200000047683716,1.1299999952316284,959000.0,0.0,0.0,0.0,SILK.KA,
2022-04-11 00:00:00+05:00,1.1799999475479126,1.3300000429153442,1.159999966621399,1.2799999713897705,7828500.0,0.0,0.0,0.0,SILK.KA,
2022-04-12 00:00:00+05:00,1.2799999713897705,1.2799999713897705,1.1799999475479126,1.2599999904632568,2674000.0,0.0,0.0,0.0,SILK.KA,
2022-04-13 00:00:00+05:00,1.2899999618530273,1.2899999618530273,1.1799999475479126,1.190000057220459,3552500.0,0.0,0.0,0.0,SILK.KA,
2022-04-14 00:00:00+05:00,1.159999966621399,1.2100000381469727,1.159999966621399,1.2000000476837158,981000.0,0.0,0.0,0.0,SILK.KA,
2022-04-15 00:00:00+05:00,1.190000057220459,1.190000057220459,1.1299999952316284,1.149999976158142,2370500.0,0.0,0.0,0.0,SILK.KA,
2022-04-18 00:00:00+05:00,1.190000057220459,1.190000057220459,1.1200000047683716,1.1399999856948853,926000.0,0.0,0.0,0.0,SILK.KA,
2022-04-19 00:00:00+05:00,1.1799999475479126,1.1799999475479126,1.1399999856948853,1.149999976158142,694000.0,0.0,0.0,0.0,SILK.KA,
2022-04-20 00:00:00+05:00,1.149999976158142,1.159999966621399,1.1299999952316284,1.1399999856948853,284500.0,0.0,0.0,0.0,SILK.KA,
2022-04-21 00:00:00+05:00,1.1200000047683716,1.149999976158142,1.1200000047683716,1.1399999856948853,538500.0,0.0,0.0,0.0,SILK.KA,
2022-04-22 00:00:00+05:00,1.1100000143051147,1.1699999570846558,1.1100000143051147,1.1399999856948853,592000.0,0.0,0.0,0.0,SILK.KA,
2022-04-25 00:00:00+05:00,1.1399999856948853,1.159999966621399,1.100000023841858,1.1200000047683716,2741500.0,0.0,0.0,0.0,SILK.KA,
2022-04-26 00:00:00+05:00,1.1299999952316284,1.149999976158142,1.0800000429153442,1.100000023841858,2251500.0,0.0,0.0,0.0,SILK.KA,
2022-04-27 00:00:00+05:00,1.1299999952316284,1.1299999952316284,1.090000033378601,1.100000023841858,1881500.0,0.0,0.0,0.0,SILK.KA,
2022-04-28 00:00:00+05:00,1.100000023841858,1.149999976158142,1.0499999523162842,1.0800000429153442,2056000.0,0.0,0.0,0.0,SILK.KA,
2022-04-29 00:00:00+05:00,1.0800000429153442,1.0800000429153442,1.0800000429153442,1.0800000429153442,0.0,0.0,0.0,0.0,SILK.KA,
2022-05-02 00:00:00+05:00,1.0800000429153442,1.0800000429153442,1.0800000429153442,1.0800000429153442,0.0,0.0,0.0,0.0,SILK.KA,
2022-05-03 00:00:00+05:00,1.0800000429153442,1.0800000429153442,1.0800000429153442,1.0800000429153442,0.0,0.0,0.0,0.0,SILK.KA,
2022-05-04 00:00:00+05:00,1.0800000429153442,1.0800000429153442,1.0800000429153442,1.0800000429153442,0.0,0.0,0.0,0.0,SILK.KA,
2022-05-05 00:00:00+05:00,1.0800000429153442,1.0800000429153442,1.0800000429153442,1.0800000429153442,0.0,0.0,0.0,0.0,SILK.KA,
2022-05-06 00:00:00+05:00,1.0800000429153442,1.100000023841858,1.0399999618530273,1.0499999523162842,2293500.0,0.0,0.0,0.0,SILK.KA,
2022-05-09 00:00:00+05:00,1.059999942779541,1.059999942779541,1.0,1.0499999523162842,5522500.0,0.0,0.0,0.0,SILK.KA,
2022-05-10 00:00:00+05:00,1.0199999809265137,1.0800000429153442,1.0099999904632568,1.0499999523162842,462500.0,0.0,0.0,0.0,SILK.KA,
2022-05-11 00:00:00+05:00,1.0299999713897705,1.059999942779541,1.0099999904632568,1.0199999809265137,3440000.0,0.0,0.0,0.0,SILK.KA,
2022-05-12 00:00:00+05:00,1.0099999904632568,1.0499999523162842,1.0,1.0199999809265137,2642500.0,0.0,0.0,0.0,SILK.KA,
2022-05-13 00:00:00+05:00,1.0199999809265137,1.0800000429153442,1.0199999809265137,1.059999942779541,180000.0,0.0,0.0,0.0,SILK.KA,
2022-05-16 00:00:00+05:00,1.059999942779541,1.059999942779541,1.0,1.0099999904632568,2407000.0,0.0,0.0,0.0,SILK.KA,
2022-05-17 00:00:00+05:00,1.0299999713897705,1.0499999523162842,1.0199999809265137,1.0199999809265137,767500.0,0.0,0.0,0.0,SILK.KA,
2022-05-18 00:00:00+05:00,1.0299999713897705,1.100000023841858,1.0299999713897705,1.0800000429153442,1024500.0,0.0,0.0,0.0,SILK.KA,
2022-05-19 00:00:00+05:00,1.100000023841858,1.2599999904632568,1.100000023841858,1.2200000286102295,13098500.0,0.0,0.0,0.0,SILK.KA,
2022-05-20 00:00:00+05:00,1.25,1.350000023841858,1.149999976158142,1.2799999713897705,17006500.0,0.0,0.0,0.0,SILK.KA,
2022-05-23 00:00:00+05:00,1.340000033378601,1.340000033378601,1.2300000190734863,1.3200000524520874,9979000.0,0.0,0.0,0.0,SILK.KA,
2022-05-24 00:00:00+05:00,1.309999942779541,1.399999976158142,1.2899999618530273,1.3899999856948853,14667500.0,0.0,0.0,0.0,SILK.KA,
2022-05-25 00:00:00+05:00,1.3899999856948853,1.399999976158142,1.309999942779541,1.3700000047683716,6492000.0,0.0,0.0,0.0,SILK.KA,
2022-05-26 00:00:00+05:00,1.3700000047683716,1.440000057220459,1.350000023841858,1.4299999475479126,13074500.0,0.0,0.0,0.0,SILK.KA,
2022-05-27 00:00:00+05:00,1.4299999475479126,1.4600000381469727,1.2699999809265137,1.2999999523162842,11084000.0,0.0,0.0,0.0,SILK.KA,
2022-05-30 00:00:00+05:00,1.2899999618530273,1.350000023841858,1.25,1.2799999713897705,3056000.0,0.0,0.0,0.0,SILK.KA,
2022-05-31 00:00:00+05:00,1.3200000524520874,1.6299999952316284,1.3200000524520874,1.5,71621000.0,0.0,0.0,0.0,SILK.KA,
2022-06-01 00:00:00+05:00,1.5700000524520874,1.600000023841858,1.4600000381469727,1.4900000095367432,24628500.0,0.0,0.0,0.0,SILK.KA,
2022-06-02 00:00:00+05:00,1.5,1.5,1.4199999570846558,1.440000057220459,9080500.0,0.0,0.0,0.0,SILK.KA,
2022-06-03 00:00:00+05:00,1.4299999475479126,1.4299999475479126,1.350000023841858,1.399999976158142,7799000.0,0.0,0.0,0.0,SILK.KA,
2022-06-06 00:00:00+05:00,1.399999976158142,1.399999976158142,1.340000033378601,1.3700000047683716,4717000.0,0.0,0.0,0.0,SILK.KA,
2022-06-07 00:00:00+05:00,1.409999966621399,1.409999966621399,1.309999942779541,1.3300000429153442,3093500.0,0.0,0.0,0.0,SILK.KA,
2022-06-08 00:00:00+05:00,1.3200000524520874,1.3700000047683716,1.2899999618530273,1.309999942779541,3945000.0,0.0,0.0,0.0,SILK.KA,
2022-06-09 00:00:00+05:00,1.350000023841858,1.350000023841858,1.2599999904632568,1.2699999809265137,6160500.0,0.0,0.0,0.0,SILK.KA,
2022-06-10 00:00:00+05:00,1.2599999904632568,1.340000033378601,1.2599999904632568,1.2899999618530273,1766000.0,0.0,0.0,0.0,SILK.KA,
2022-06-13 00:00:00+05:00,1.2999999523162842,1.2999999523162842,1.2100000381469727,1.2200000286102295,4043000.0,0.0,0.0,0.0,SILK.KA,
2022-06-14 00:00:00+05:00,1.2400000095367432,1.2400000095367432,1.190000057220459,1.2100000381469727,4006000.0,0.0,0.0,0.0,SILK.KA,
2022-06-15 00:00:00+05:00,1.2300000190734863,1.2400000095367432,1.2100000381469727,1.2100000381469727,2395000.0,0.0,0.0,0.0,SILK.KA,
2022-06-16 00:00:00+05:00,1.2000000476837158,1.2400000095367432,1.190000057220459,1.2000000476837158,2033000.0,0.0,0.0,0.0,SILK.KA,
2022-06-17 00:00:00+05:00,1.2400000095367432,1.25,1.1799999475479126,1.2200000286102295,4550000.0,0.0,0.0,0.0,SILK.KA,
2022-06-20 00:00:00+05:00,1.2300000190734863,1.25,1.2000000476837158,1.2100000381469727,1492500.0,0.0,0.0,0.0,SILK.KA,
2022-06-21 00:00:00+05:00,1.2599999904632568,1.2599999904632568,1.2000000476837158,1.2200000286102295,3756000.0,0.0,0.0,0.0,SILK.KA,
2022-06-22 00:00:00+05:00,1.2300000190734863,1.2599999904632568,1.2100000381469727,1.2200000286102295,2327500.0,0.0,0.0,0.0,SILK.KA,
2022-06-23 00:00:00+05:00,1.25,1.2899999618530273,1.2200000286102295,1.2400000095367432,3146500.0,0.0,0.0,0.0,SILK.KA,
2022-06-24 00:00:00+05:00,1.2400000095367432,1.25,1.149999976158142,1.1699999570846558,5521500.0,0.0,0.0,0.0,SILK.KA,
2022-06-27 00:00:00+05:00,1.2000000476837158,1.2400000095367432,1.1799999475479126,1.2000000476837158,1599000.0,0.0,0.0,0.0,SILK.KA,
2022-06-28 00:00:00+05:00,1.2000000476837158,1.2100000381469727,1.159999966621399,1.1699999570846558,3523500.0,0.0,0.0,0.0,SILK.KA,
2022-06-29 00:00:00+05:00,1.190000057220459,1.2100000381469727,1.1299999952316284,1.159999966621399,2159000.0,0.0,0.0,0.0,SILK.KA,
2022-06-30 00:00:00+05:00,1.190000057220459,1.2200000286102295,1.159999966621399,1.1799999475479126,2475000.0,0.0,0.0,0.0,SILK.KA,
2022-07-01 00:00:00+05:00,1.2100000381469727,1.2200000286102295,1.1699999570846558,1.190000057220459,1437000.0,0.0,0.0,0.0,SILK.KA,
2022-07-04 00:00:00+05:00,1.2100000381469727,1.2100000381469727,1.149999976158142,1.1699999570846558,870500.0,0.0,0.0,0.0,SILK.KA,
2022-07-05 00:00:00+05:00,1.1799999475479126,1.2300000190734863,1.1699999570846558,1.2100000381469727,1948000.0,0.0,0.0,0.0,SILK.KA,
2022-07-06 00:00:00+05:00,1.2100000381469727,1.2599999904632568,1.190000057220459,1.25,1678000.0,0.0,0.0,0.0,SILK.KA,
2022-07-07 00:00:00+05:00,1.3300000429153442,1.3300000429153442,1.2400000095367432,1.25,1499000.0,0.0,0.0,0.0,SILK.KA,
2022-07-08 00:00:00+05:00,1.25,1.25,1.25,1.25,0.0,0.0,0.0,0.0,SILK.KA,
2022-07-11 00:00:00+05:00,1.25,1.25,1.25,1.25,0.0,0.0,0.0,0.0,SILK.KA,
2022-07-12 00:00:00+05:00,1.25,1.25,1.25,1.25,0.0,0.0,0.0,0.0,SILK.KA,
2022-07-13 00:00:00+05:00,1.2899999618530273,1.2899999618530273,1.2400000095367432,1.2699999809265137,1925500.0,0.0,0.0,0.0,SILK.KA,
2022-07-14 00:00:00+05:00,1.2799999713897705,1.2899999618530273,1.25,1.2699999809265137,1150500.0,0.0,0.0,0.0,SILK.KA,
2022-07-15 00:00:00+05:00,1.2699999809265137,1.2699999809265137,1.2200000286102295,1.2300000190734863,557500.0,0.0,0.0,0.0,SILK.KA,
2022-07-18 00:00:00+05:00,1.2100000381469727,1.2200000286102295,1.149999976158142,1.159999966621399,2797500.0,0.0,0.0,0.0,SILK.KA,
2022-07-19 00:00:00+05:00,1.1799999475479126,1.190000057220459,1.1100000143051147,1.1200000047683716,3704000.0,0.0,0.0,0.0,SILK.KA,
2022-07-20 00:00:00+05:00,1.149999976158142,1.149999976158142,1.1100000143051147,1.1299999952316284,2027000.0,0.0,0.0,0.0,SILK.KA,
2022-07-21 00:00:00+05:00,1.1399999856948853,1.149999976158142,1.0700000524520874,1.100000023841858,4771500.0,0.0,0.0,0.0,SILK.KA,
2022-07-22 00:00:00+05:00,1.090000033378601,1.159999966621399,1.090000033378601,1.149999976158142,1271000.0,0.0,0.0,0.0,SILK.KA,
2022-07-25 00:00:00+05:00,1.1299999952316284,1.1399999856948853,1.090000033378601,1.100000023841858,334500.0,0.0,0.0,0.0,SILK.KA,
2022-07-26 00:00:00+05:00,1.100000023841858,1.149999976158142,1.100000023841858,1.1100000143051147,503000.0,0.0,0.0,0.0,SILK.KA,
2022-07-27 00:00:00+05:00,1.1299999952316284,1.1399999856948853,1.0800000429153442,1.090000033378601,1266000.0,0.0,0.0,0.0,SILK.KA,
2022-07-28 00:00:00+05:00,1.1200000047683716,1.1200000047683716,1.090000033378601,1.100000023841858,1929500.0,0.0,0.0,0.0,SILK.KA,
2022-07-29 00:00:00+05:00,1.1200000047683716,1.1399999856948853,1.090000033378601,1.1200000047683716,1730500.0,0.0,0.0,0.0,SILK.KA,
2022-08-01 00:00:00+05:00,1.1200000047683716,1.1200000047683716,1.090000033378601,1.090000033378601,457000.0,0.0,0.0,0.0,SILK.KA,
2022-08-02 00:00:00+05:00,1.0700000524520874,1.149999976158142,1.0499999523162842,1.1299999952316284,1962500.0,0.0,0.0,0.0,SILK.KA,
2022-08-03 00:00:00+05:00,1.1399999856948853,1.159999966621399,1.1200000047683716,1.1399999856948853,485000.0,0.0,0.0,0.0,SILK.KA,
2022-08-04 00:00:00+05:00,1.1399999856948853,1.149999976158142,1.100000023841858,1.100000023841858,1554500.0,0.0,0.0,0.0,SILK.KA,
2022-08-05 00:00:00+05:00,1.1100000143051147,1.2200000286102295,1.100000023841858,1.149999976158142,3468000.0,0.0,0.0,0.0,SILK.KA,
2022-08-08 00:00:00+05:00,1.149999976158142,1.149999976158142,1.149999976158142,1.149999976158142,0.0,0.0,0.0,0.0,SILK.KA,
2022-08-09 00:00:00+05:00,1.149999976158142,1.149999976158142,1.149999976158142,1.149999976158142,0.0,0.0,0.0,0.0,SILK.KA,
2022-08-10 00:00:00+05:00,1.149999976158142,1.1799999475479126,1.1299999952316284,1.149999976158142,1721500.0,0.0,0.0,0.0,SILK.KA,
2022-08-11 00:00:00+05:00,1.1799999475479126,1.1799999475479126,1.1200000047683716,1.1200000047683716,1298000.0,0.0,0.0,0.0,SILK.KA,
2022-08-12 00:00:00+05:00,1.1299999952316284,1.149999976158142,1.1299999952316284,1.1299999952316284,1817500.0,0.0,0.0,0.0,SILK.KA,
2022-08-15 00:00:00+05:00,1.149999976158142,1.25,1.1399999856948853,1.2300000190734863,4749500.0,0.0,0.0,0.0,SILK.KA,
2022-08-16 00:00:00+05:00,1.25,1.25,1.149999976158142,1.1799999475479126,1720000.0,0.0,0.0,0.0,SILK.KA,
2022-08-17 00:00:00+05:00,1.159999966621399,1.2100000381469727,1.159999966621399,1.2000000476837158,888500.0,0.0,0.0,0.0,SILK.KA,
2022-08-18 00:00:00+05:00,1.2300000190734863,1.4500000476837158,1.2200000286102295,1.2799999713897705,14889000.0,0.0,0.0,0.0,SILK.KA,
2022-08-19 00:00:00+05:00,1.2899999618530273,1.350000023841858,1.2599999904632568,1.2699999809265137,2094500.0,0.0,0.0,0.0,SILK.KA,
2022-08-22 00:00:00+05:00,1.2699999809265137,1.2999999523162842,1.2200000286102295,1.2300000190734863,1742500.0,0.0,0.0,0.0,SILK.KA,
2022-08-23 00:00:00+05:00,1.2300000190734863,1.2799999713897705,1.2100000381469727,1.2200000286102295,801000.0,0.0,0.0,0.0,SILK.KA,
2022-08-24 00:00:00+05:00,1.2400000095367432,1.2599999904632568,1.2000000476837158,1.2100000381469727,809000.0,0.0,0.0,0.0,SILK.KA,
2022-08-25 00:00:00+05:00,1.2300000190734863,1.2599999904632568,1.2000000476837158,1.2100000381469727,1723500.0,0.0,0.0,0.0,SILK.KA,
2022-08-26 00:00:00+05:00,1.2100000381469727,1.2400000095367432,1.190000057220459,1.2000000476837158,799000.0,0.0,0.0,0.0,SILK.KA,
2022-08-29 00:00:00+05:00,1.1799999475479126,1.2000000476837158,1.159999966621399,1.1699999570846558,1080000.0,0.0,0.0,0.0,SILK.KA,
2022-08-30 00:00:00+05:00,1.2000000476837158,1.2100000381469727,1.1699999570846558,1.1699999570846558,1449500.0,0.0,0.0,0.0,SILK.KA,
2022-08-31 00:00:00+05:00,1.1699999570846558,1.1799999475479126,1.1399999856948853,1.149999976158142,1560000.0,0.0,0.0,0.0,SILK.KA,
2022-09-01 00:00:00+05:00,1.2000000476837158,1.2999999523162842,1.1399999856948853,1.2000000476837158,2831500.0,0.0,0.0,0.0,SILK.KA,
2022-09-02 00:00:00+05:00,1.2400000095367432,1.3700000047683716,1.2300000190734863,1.25,8957000.0,0.0,0.0,0.0,SILK.KA,
2022-09-05 00:00:00+05:00,1.25,1.2599999904632568,1.1299999952316284,1.1399999856948853,5072000.0,0.0,0.0,0.0,SILK.KA,
2022-09-06 00:00:00+05:00,1.149999976158142,1.159999966621399,1.1100000143051147,1.1399999856948853,5006000.0,0.0,0.0,0.0,SILK.KA,
2022-09-07 00:00:00+05:00,1.1299999952316284,1.1699999570846558,1.1100000143051147,1.149999976158142,1354000.0,0.0,0.0,0.0,SILK.KA,
2022-09-08 00:00:00+05:00,1.159999966621399,1.1699999570846558,1.1299999952316284,1.1399999856948853,769000.0,0.0,0.0,0.0,SILK.KA,
2022-09-09 00:00:00+05:00,1.1399999856948853,1.149999976158142,1.1200000047683716,1.1399999856948853,1772500.0,0.0,0.0,0.0,SILK.KA,
2022-09-12 00:00:00+05:00,1.1699999570846558,1.1699999570846558,1.1100000143051147,1.1299999952316284,1131500.0,0.0,0.0,0.0,SILK.KA,
2022-09-13 00:00:00+05:00,1.149999976158142,1.149999976158142,1.1200000047683716,1.1399999856948853,356500.0,0.0,0.0,0.0,SILK.KA,
2022-09-14 00:00:00+05:00,1.149999976158142,1.149999976158142,1.1200000047683716,1.1399999856948853,538500.0,0.0,0.0,0.0,SILK.KA,
2022-09-15 00:00:00+05:00,1.1299999952316284,1.149999976158142,1.100000023841858,1.1100000143051147,1899500.0,0.0,0.0,0.0,SILK.KA,
2022-09-16 00:00:00+05:00,1.1100000143051147,1.1200000047683716,1.0800000429153442,1.100000023841858,2477000.0,0.0,0.0,0.0,SILK.KA,
2022-09-19 00:00:00+05:00,1.1399999856948853,1.1399999856948853,1.090000033378601,1.090000033378601,350500.0,0.0,0.0,0.0,SILK.KA,
2022-09-20 00:00:00+05:00,1.1200000047683716,1.1200000047683716,1.0800000429153442,1.090000033378601,1268000.0,0.0,0.0,0.0,SILK.KA,
2022-09-21 00:00:00+05:00,1.0800000429153442,1.100000023841858,1.059999942779541,1.0700000524520874,1953500.0,0.0,0.0,0.0,SILK.KA,
2022-09-22 00:00:00+05:00,1.090000033378601,1.090000033378601,1.0,1.059999942779541,11214000.0,0.0,0.0,0.0,SILK.KA,
2022-09-23 00:00:00+05:00,1.100000023841858,1.100000023841858,1.0299999713897705,1.0399999618530273,1424500.0,0.0,0.0,0.0,SILK.KA,
2022-09-26 00:00:00+05:00,1.0800000429153442,1.090000033378601,1.0499999523162842,1.0700000524520874,840000.0,0.0,0.0,0.0,SILK.KA,
2022-09-27 00:00:00+05:00,1.0800000429153442,1.100000023841858,1.0700000524520874,1.0700000524520874,1127500.0,0.0,0.0,0.0,SILK.KA,
2022-09-28 00:00:00+05:00,1.090000033378601,1.100000023841858,1.059999942779541,1.059999942779541,375000.0,0.0,0.0,0.0,SILK.KA,
2022-09-29 00:00:00+05:00,1.090000033378601,1.100000023841858,1.0499999523162842,1.059999942779541,650000.0,0.0,0.0,0.0,SILK.KA,
2022-09-30 00:00:00+05:00,1.0800000429153442,1.1200000047683716,1.0499999523162842,1.090000033378601,969500.0,0.0,0.0,0.0,SILK.KA,
2022-10-03 00:00:00+05:00,1.100000023841858,1.1200000047683716,1.0399999618530273,1.0499999523162842,1329000.0,0.0,0.0,0.0,SILK.KA,
2022-10-04 00:00:00+05:00,1.059999942779541,1.1200000047683716,1.059999942779541,1.090000033378601,4318500.0,0.0,0.0,0.0,SILK.KA,
2022-10-05 00:00:00+05:00,1.1100000143051147,1.2799999713897705,1.1100000143051147,1.2000000476837158,13294500.0,0.0,0.0,0.0,SILK.KA,
2022-10-06 00:00:00+05:00,1.2300000190734863,1.2400000095367432,1.149999976158142,1.159999966621399,3196500.0,0.0,0.0,0.0,SILK.KA,
2022-10-07 00:00:00+05:00,1.190000057220459,1.190000057220459,1.1299999952316284,1.1399999856948853,1877500.0,0.0,0.0,0.0,SILK.KA,
2022-10-10 00:00:00+05:00,1.1399999856948853,1.1799999475479126,1.1299999952316284,1.1699999570846558,1005500.0,0.0,0.0,0.0,SILK.KA,
2022-10-11 00:00:00+05:00,1.1699999570846558,1.1699999570846558,1.1399999856948853,1.149999976158142,1705000.0,0.0,0.0,0.0,SILK.KA,
2022-10-12 00:00:00+05:00,1.1699999570846558,1.1699999570846558,1.1299999952316284,1.159999966621399,982500.0,0.0,0.0,0.0,SILK.KA,
2022-10-13 00:00:00+05:00,1.1399999856948853,1.159999966621399,1.1200000047683716,1.1299999952316284,1309000.0,0.0,0.0,0.0,SILK.KA,
2022-10-14 00:00:00+05:00,1.1399999856948853,1.1399999856948853,1.090000033378601,1.1100000143051147,4471500.0,0.0,0.0,0.0,SILK.KA,
2022-10-17 00:00:00+05:00,1.1399999856948853,1.1399999856948853,1.090000033378601,1.100000023841858,664500.0,0.0,0.0,0.0,SILK.KA,
2022-10-18 00:00:00+05:00,1.100000023841858,1.1299999952316284,1.090000033378601,1.100000023841858,779000.0,0.0,0.0,0.0,SILK.KA,
2022-10-19 00:00:00+05:00,1.1299999952316284,1.1299999952316284,1.0700000524520874,1.1100000143051147,3841000.0,0.0,0.0,0.0,SILK.KA,
2022-10-20 00:00:00+05:00,1.1200000047683716,1.1299999952316284,1.0800000429153442,1.090000033378601,1887500.0,0.0,0.0,0.0,SILK.KA,
2022-10-21 00:00:00+05:00,1.090000033378601,1.1100000143051147,1.0499999523162842,1.090000033378601,2479500.0,0.0,0.0,0.0,SILK.KA,
2022-10-24 00:00:00+05:00,1.100000023841858,1.1399999856948853,1.090000033378601,1.1100000143051147,1199500.0,0.0,0.0,0.0,SILK.KA,
2022-10-25 00:00:00+05:00,1.1200000047683716,1.1200000047683716,1.0700000524520874,1.0800000429153442,1166500.0,0.0,0.0,0.0,SILK.KA,
2022-10-26 00:00:00+05:00,1.090000033378601,1.090000033378601,1.0499999523162842,1.0700000524520874,2966000.0,0.0,0.0,0.0,SILK.KA,
2022-10-27 00:00:00+05:00,1.0700000524520874,1.1799999475479126,1.0499999523162842,1.090000033378601,1427500.0,0.0,0.0,0.0,SILK.KA,
2022-10-28 00:00:00+05:00,1.0800000429153442,1.0800000429153442,1.0299999713897705,1.0399999618530273,2350000.0,0.0,0.0,0.0,SILK.KA,
2022-10-31 00:00:00+05:00,1.0399999618530273,1.090000033378601,1.0,1.0299999713897705,5894500.0,0.0,0.0,0.0,SILK.KA,
2022-11-01 00:00:00+05:00,1.090000033378601,1.090000033378601,1.0299999713897705,1.0499999523162842,1333500.0,0.0,0.0,0.0,SILK.KA,
2022-11-02 00:00:00+05:00,1.0800000429153442,1.0800000429153442,1.0499999523162842,1.059999942779541,1838000.0,0.0,0.0,0.0,SILK.KA,
2022-11-03 00:00:00+05:00,1.0499999523162842,1.1200000047683716,1.0499999523162842,1.0700000524520874,4771000.0,0.0,0.0,0.0,SILK.KA,
2022-11-04 00:00:00+05:00,1.100000023841858,1.100000023841858,1.0499999523162842,1.059999942779541,1762000.0,0.0,0.0,0.0,SILK.KA,
2022-11-07 00:00:00+05:00,1.100000023841858,1.100000023841858,1.0499999523162842,1.059999942779541,471000.0,0.0,0.0,0.0,SILK.KA,
2022-11-08 00:00:00+05:00,1.0700000524520874,1.090000033378601,1.059999942779541,1.059999942779541,909000.0,0.0,0.0,0.0,SILK.KA,
2022-11-09 00:00:00+05:00,1.059999942779541,1.059999942779541,1.059999942779541,1.059999942779541,0.0,0.0,0.0,0.0,SILK.KA,
2022-11-10 00:00:00+05:00,1.100000023841858,1.100000023841858,1.059999942779541,1.0800000429153442,932500.0,0.0,0.0,0.0,SILK.KA,
2022-11-11 00:00:00+05:00,1.1200000047683716,1.1399999856948853,1.0800000429153442,1.1100000143051147,1668500.0,0.0,0.0,0.0,SILK.KA,
2022-11-14 00:00:00+05:00,1.1399999856948853,1.1399999856948853,1.059999942779541,1.0700000524520874,508000.0,0.0,0.0,0.0,SILK.KA,
2022-11-15 00:00:00+05:00,1.0800000429153442,1.1100000143051147,1.059999942779541,1.0800000429153442,1162500.0,0.0,0.0,0.0,SILK.KA,
2022-11-16 00:00:00+05:00,1.090000033378601,1.100000023841858,1.0800000429153442,1.0800000429153442,348500.0,0.0,0.0,0.0,SILK.KA,
2022-11-17 00:00:00+05:00,1.1100000143051147,1.1100000143051147,1.059999942779541,1.0700000524520874,630000.0,0.0,0.0,0.0,SILK.KA,
2022-11-18 00:00:00+05:00,1.0700000524520874,1.0800000429153442,1.0,1.0499999523162842,3207500.0,0.0,0.0,0.0,SILK.KA,
2022-11-21 00:00:00+05:00,1.0499999523162842,1.059999942779541,1.0299999713897705,1.0399999618530273,2291000.0,0.0,0.0,0.0,SILK.KA,
2022-11-22 00:00:00+05:00,1.0800000429153442,1.0800000429153442,1.0299999713897705,1.0399999618530273,1949500.0,0.0,0.0,0.0,SILK.KA,
2022-11-23 00:00:00+05:00,1.0800000429153442,1.100000023841858,1.0499999523162842,1.0800000429153442,2680000.0,0.0,0.0,0.0,SILK.KA,
2022-11-24 00:00:00+05:00,1.0800000429153442,1.100000023841858,1.0700000524520874,1.090000033378601,1362500.0,0.0,0.0,0.0,SILK.KA,
2022-11-25 00:00:00+05:00,1.149999976158142,1.149999976158142,1.090000033378601,1.100000023841858,1559500.0,0.0,0.0,0.0,SILK.KA,
2022-11-28 00:00:00+05:00,1.0700000524520874,1.1200000047683716,1.059999942779541,1.090000033378601,1367500.0,0.0,0.0,0.0,SILK.KA,
2022-11-29 00:00:00+05:00,1.1200000047683716,1.1299999952316284,1.059999942779541,1.090000033378601,1801000.0,0.0,0.0,0.0,SILK.KA,
2022-11-30 00:00:00+05:00,1.100000023841858,1.100000023841858,1.0499999523162842,1.0499999523162842,1270000.0,0.0,0.0,0.0,SILK.KA,
2022-12-01 00:00:00+05:00,1.0800000429153442,1.090000033378601,1.059999942779541,1.0800000429153442,890000.0,0.0,0.0,0.0,SILK.KA,
2022-12-02 00:00:00+05:00,1.1299999952316284,1.1299999952316284,1.0499999523162842,1.0800000429153442,1044000.0,0.0,0.0,0.0,SILK.KA,
2022-12-05 00:00:00+05:00,1.090000033378601,1.090000033378601,1.0299999713897705,1.0399999618530273,821500.0,0.0,0.0,0.0,SILK.KA,
2022-12-06 00:00:00+05:00,1.0800000429153442,1.0800000429153442,1.0299999713897705,1.0499999523162842,751000.0,0.0,0.0,0.0,SILK.KA,
2022-12-07 00:00:00+05:00,1.059999942779541,1.1699999570846558,1.0499999523162842,1.1299999952316284,3206500.0,0.0,0.0,0.0,SILK.KA,
2022-12-08 00:00:00+05:00,1.1399999856948853,1.149999976158142,1.090000033378601,1.090000033378601,1648500.0,0.0,0.0,0.0,SILK.KA,
2022-12-09 00:00:00+05:00,1.100000023841858,1.100000023841858,1.0399999618530273,1.0700000524520874,1375000.0,0.0,0.0,0.0,SILK.KA,
2022-12-12 00:00:00+05:00,1.059999942779541,1.090000033378601,1.0299999713897705,1.0399999618530273,1340500.0,0.0,0.0,0.0,SILK.KA,
2022-12-13 00:00:00+05:00,1.0700000524520874,1.1200000047683716,1.0700000524520874,1.0700000524520874,1558500.0,0.0,0.0,0.0,SILK.KA,
2022-12-14 00:00:00+05:00,1.1100000143051147,1.1100000143051147,1.0499999523162842,1.059999942779541,598500.0,0.0,0.0,0.0,SILK.KA,
2022-12-15 00:00:00+05:00,1.100000023841858,1.100000023841858,1.0299999713897705,1.059999942779541,2387500.0,0.0,0.0,0.0,SILK.KA,
2022-12-16 00:00:00+05:00,1.0499999523162842,1.090000033378601,1.0499999523162842,1.059999942779541,1193000.0,0.0,0.0,0.0,SILK.KA,
2022-12-19 00:00:00+05:00,1.059999942779541,1.059999942779541,1.0199999809265137,1.0399999618530273,1165500.0,0.0,0.0,0.0,SILK.KA,
2022-12-20 00:00:00+05:00,1.0299999713897705,1.0399999618530273,0.9599999785423279,0.9800000190734863,6902500.0,0.0,0.0,0.0,SILK.KA,
2022-12-21 00:00:00+05:00,1.0,1.0199999809265137,0.9599999785423279,0.9599999785423279,1935000.0,0.0,0.0,0.0,SILK.KA,
2022-12-22 00:00:00+05:00,0.9399999976158142,1.0,0.9399999976158142,0.9900000095367432,480500.0,0.0,0.0,0.0,SILK.KA,
2022-12-23 00:00:00+05:00,0.9700000286102295,0.9900000095367432,0.949999988079071,0.9800000190734863,1947000.0,0.0,0.0,0.0,SILK.KA,
2022-12-26 00:00:00+05:00,1.0,1.0199999809265137,0.9599999785423279,0.9800000190734863,1513500.0,0.0,0.0,0.0,SILK.KA,
2022-12-27 00:00:00+05:00,1.0399999618530273,1.0399999618530273,0.9599999785423279,0.9599999785423279,1459000.0,0.0,0.0,0.0,SILK.KA,
2022-12-28 00:00:00+05:00,0.9900000095367432,0.9900000095367432,0.9300000071525574,0.9399999976158142,1661500.0,0.0,0.0,0.0,SILK.KA,
2022-12-29 00:00:00+05:00,0.9700000286102295,0.9800000190734863,0.9399999976158142,0.9599999785423279,745500.0,0.0,0.0,0.0,SILK.KA,
2022-12-30 00:00:00+05:00,0.9700000286102295,1.0,0.9599999785423279,0.9700000286102295,703500.0,0.0,0.0,0.0,SILK.KA,
2023-01-02 00:00:00+05:00,0.9800000190734863,1.0,0.9599999785423279,0.9800000190734863,1235000.0,0.0,0.0,0.0,SILK.KA,
2023-01-03 00:00:00+05:00,0.9800000190734863,1.0,0.949999988079071,0.949999988079071,650000.0,0.0,0.0,0.0,SILK.KA,
2023-01-04 00:00:00+05:00,0.9800000190734863,0.9800000190734863,0.9399999976158142,0.9399999976158142,686000.0,0.0,0.0,0.0,SILK.KA,
2023-01-05 00:00:00+05:00,0.949999988079071,0.9700000286102295,0.9399999976158142,0.9399999976158142,369000.0,0.0,0.0,0.0,SILK.KA,
2023-01-06 00:00:00+05:00,0.9599999785423279,0.9700000286102295,0.9100000262260437,0.9300000071525574,1524000.0,0.0,0.0,0.0,SILK.KA,
2023-01-09 00:00:00+05:00,0.9399999976158142,1.0099999904632568,0.9399999976158142,0.9599999785423279,2209500.0,0.0,0.0,0.0,SILK.KA,
2023-01-10 00:00:00+05:00,0.9800000190734863,1.0,0.9399999976158142,0.949999988079071,1551000.0,0.0,0.0,0.0,SILK.KA,
2023-01-11 00:00:00+05:00,0.9900000095367432,0.9900000095367432,0.9300000071525574,0.949999988079071,1638500.0,0.0,0.0,0.0,SILK.KA,
2023-01-12 00:00:00+05:00,0.9800000190734863,0.9800000190734863,0.9300000071525574,0.9599999785423279,959000.0,0.0,0.0,0.0,SILK.KA,
2023-01-13 00:00:00+05:00,0.949999988079071,0.9599999785423279,0.9200000166893005,0.9300000071525574,1600500.0,0.0,0.0,0.0,SILK.KA,
2023-01-16 00:00:00+05:00,0.9700000286102295,0.9700000286102295,0.9100000262260437,0.9200000166893005,735000.0,0.0,0.0,0.0,SILK.KA,
2023-01-17 00:00:00+05:00,0.949999988079071,0.949999988079071,0.9100000262260437,0.9200000166893005,1264500.0,0.0,0.0,0.0,SILK.KA,
2023-01-18 00:00:00+05:00,0.9300000071525574,0.9300000071525574,0.8999999761581421,0.9200000166893005,1323500.0,0.0,0.0,0.0,SILK.KA,
2023-01-19 00:00:00+05:00,0.9300000071525574,0.9300000071525574,0.8899999856948853,0.8999999761581421,1243500.0,0.0,0.0,0.0,SILK.KA,
2023-01-20 00:00:00+05:00,0.8999999761581421,0.9300000071525574,0.8899999856948853,0.9200000166893005,711000.0,0.0,0.0,0.0,SILK.KA,
2023-01-23 00:00:00+05:00,0.9300000071525574,0.9300000071525574,0.8799999952316284,0.8899999856948853,335000.0,0.0,0.0,0.0,SILK.KA,
2023-01-24 00:00:00+05:00,0.9300000071525574,0.9700000286102295,0.8999999761581421,0.9200000166893005,880000.0,0.0,0.0,0.0,SILK.KA,
2023-01-25 00:00:00+05:00,0.9100000262260437,0.949999988079071,0.9100000262260437,0.9200000166893005,992000.0,0.0,0.0,0.0,SILK.KA,
2023-01-26 00:00:00+05:00,0.9200000166893005,0.949999988079071,0.8899999856948853,0.8999999761581421,1615500.0,0.0,0.0,0.0,SILK.KA,
2023-01-27 00:00:00+05:00,0.9200000166893005,0.9200000166893005,0.8600000143051147,0.8799999952316284,785500.0,0.0,0.0,0.0,SILK.KA,
2023-01-30 00:00:00+05:00,0.8999999761581421,0.8999999761581421,0.8500000238418579,0.8799999952316284,825000.0,0.0,0.0,0.0,SILK.KA,
2023-01-31 00:00:00+05:00,0.8899999856948853,0.8999999761581421,0.8700000047683716,0.8799999952316284,530000.0,0.0,0.0,0.0,SILK.KA,
2023-02-01 00:00:00+05:00,0.8999999761581421,0.9399999976158142,0.8799999952316284,0.8999999761581421,603500.0,0.0,0.0,0.0,SILK.KA,
2023-02-02 00:00:00+05:00,0.8999999761581421,0.9100000262260437,0.8799999952316284,0.8899999856948853,172000.0,0.0,0.0,0.0,SILK.KA,
2023-02-03 00:00:00+05:00,0.8999999761581421,0.9399999976158142,0.8700000047683716,0.9200000166893005,742500.0,0.0,0.0,0.0,SILK.KA,
2023-02-06 00:00:00+05:00,0.9399999976158142,0.9399999976158142,0.8199999928474426,0.8899999856948853,685000.0,0.0,0.0,0.0,SILK.KA,
2023-02-07 00:00:00+05:00,0.9399999976158142,0.949999988079071,0.8500000238418579,0.8799999952316284,3293000.0,0.0,0.0,0.0,SILK.KA,
2023-02-08 00:00:00+05:00,0.8999999761581421,0.9300000071525574,0.8799999952316284,0.8999999761581421,1207000.0,0.0,0.0,0.0,SILK.KA,
2023-02-09 00:00:00+05:00,0.9300000071525574,0.9599999785423279,0.9100000262260437,0.949999988079071,2113500.0,0.0,0.0,0.0,SILK.KA,
2023-02-10 00:00:00+05:00,0.9399999976158142,0.9399999976158142,0.8899999856948853,0.9200000166893005,2268500.0,0.0,0.0,0.0,SILK.KA,
2023-02-13 00:00:00+05:00,0.8999999761581421,0.9200000166893005,0.8899999856948853,0.8999999761581421,902500.0,0.0,0.0,0.0,SILK.KA,
2023-02-14 00:00:00+05:00,0.8999999761581421,0.9200000166893005,0.8799999952316284,0.8799999952316284,635500.0,0.0,0.0,0.0,SILK.KA,
2023-02-15 00:00:00+05:00,0.8799999952316284,0.9100000262260437,0.8799999952316284,0.8999999761581421,483500.0,0.0,0.0,0.0,SILK.KA,
2023-02-16 00:00:00+05:00,0.8899999856948853,0.8999999761581421,0.8700000047683716,0.8799999952316284,291500.0,0.0,0.0,0.0,SILK.KA,
2023-02-17 00:00:00+05:00,0.8799999952316284,0.8899999856948853,0.8500000238418579,0.8700000047683716,549000.0,0.0,0.0,0.0,SILK.KA,
2023-02-20 00:00:00+05:00,0.8600000143051147,0.8700000047683716,0.800000011920929,0.800000011920929,2475000.0,0.0,0.0,0.0,SILK.KA,
2023-02-21 00:00:00+05:00,0.800000011920929,0.8600000143051147,0.800000011920929,0.8500000238418579,530500.0,0.0,0.0,0.0,SILK.KA,
2023-02-22 00:00:00+05:00,0.8600000143051147,0.9399999976158142,0.8500000238418579,0.8700000047683716,2421500.0,0.0,0.0,0.0,SILK.KA,
2023-02-23 00:00:00+05:00,0.8899999856948853,0.8999999761581421,0.8600000143051147,0.8700000047683716,370000.0,0.0,0.0,0.0,SILK.KA,
2023-02-24 00:00:00+05:00,0.8799999952316284,0.8899999856948853,0.8600000143051147,0.8600000143051147,573500.0,0.0,0.0,0.0,SILK.KA,
2023-02-27 00:00:00+05:00,0.8799999952316284,0.8999999761581421,0.8600000143051147,0.8999999761581421,945000.0,0.0,0.0,0.0,SILK.KA,
2023-02-28 00:00:00+05:00,0.9100000262260437,0.9100000262260437,0.8799999952316284,0.8899999856948853,1709000.0,0.0,0.0,0.0,SILK.KA,
2023-03-01 00:00:00+05:00,0.8799999952316284,0.8999999761581421,0.8100000023841858,0.8700000047683716,775500.0,0.0,0.0,0.0,SILK.KA,
2023-03-02 00:00:00+05:00,0.8899999856948853,0.9200000166893005,0.8799999952316284,0.8899999856948853,465000.0,0.0,0.0,0.0,SILK.KA,
2023-03-03 00:00:00+05:00,0.8999999761581421,0.9599999785423279,0.8999999761581421,0.9399999976158142,1363000.0,0.0,0.0,0.0,SILK.KA,
2023-03-06 00:00:00+05:00,0.9399999976158142,0.9700000286102295,0.8899999856948853,0.8999999761581421,4853000.0,0.0,0.0,0.0,SILK.KA,
2023-03-07 00:00:00+05:00,0.9100000262260437,0.9200000166893005,0.8899999856948853,0.8899999856948853,494000.0,0.0,0.0,0.0,SILK.KA,
2023-03-08 00:00:00+05:00,0.8999999761581421,0.9900000095367432,0.8999999761581421,0.9800000190734863,3773000.0,0.0,0.0,0.0,SILK.KA,
2023-03-09 00:00:00+05:00,1.0,1.100000023841858,1.0,1.090000033378601,11210000.0,0.0,0.0,0.0,SILK.KA,
2023-03-10 00:00:00+05:00,1.090000033378601,1.1100000143051147,0.9700000286102295,0.9900000095367432,5715000.0,0.0,0.0,0.0,SILK.KA,
2023-03-13 00:00:00+05:00,0.9800000190734863,1.0,0.949999988079071,0.9599999785423279,3696000.0,0.0,0.0,0.0,SILK.KA,
2023-03-14 00:00:00+05:00,0.9700000286102295,0.9700000286102295,0.9200000166893005,0.9300000071525574,1694500.0,0.0,0.0,0.0,SILK.KA,
2023-03-15 00:00:00+05:00,0.9300000071525574,0.9399999976158142,0.8899999856948853,0.9100000262260437,1625000.0,0.0,0.0,0.0,SILK.KA,
2023-03-16 00:00:00+05:00,0.9200000166893005,0.9599999785423279,0.8899999856948853,0.8999999761581421,3531000.0,0.0,0.0,0.0,SILK.KA,
2023-03-17 00:00:00+05:00,0.9200000166893005,0.9200000166893005,0.8799999952316284,0.8899999856948853,1988500.0,0.0,0.0,0.0,SILK.KA,
2023-03-20 00:00:00+05:00,0.9100000262260437,0.9200000166893005,0.8500000238418579,0.8600000143051147,4090000.0,0.0,0.0,0.0,SILK.KA,
2023-03-21 00:00:00+05:00,0.8899999856948853,0.8999999761581421,0.8700000047683716,0.8799999952316284,1113000.0,0.0,0.0,0.0,SILK.KA,
2023-03-22 00:00:00+05:00,0.8999999761581421,0.8999999761581421,0.8700000047683716,0.8700000047683716,374000.0,0.0,0.0,0.0,SILK.KA,
2023-03-23 00:00:00+05:00,0.8700000047683716,0.8700000047683716,0.8700000047683716,0.8700000047683716,0.0,0.0,0.0,0.0,SILK.KA,
2023-03-24 00:00:00+05:00,0.949999988079071,0.949999988079071,0.8500000238418579,0.8700000047683716,627000.0,0.0,0.0,0.0,SILK.KA,
2023-03-27 00:00:00+05:00,0.8999999761581421,0.8999999761581421,0.8500000238418579,0.8799999952316284,679000.0,0.0,0.0,0.0,SILK.KA,
2023-03-28 00:00:00+05:00,0.8899999856948853,0.8899999856948853,0.8399999737739563,0.8500000238418579,715000.0,0.0,0.0,0.0,SILK.KA,
2023-03-29 00:00:00+05:00,0.8700000047683716,0.8799999952316284,0.8500000238418579,0.8600000143051147,664000.0,0.0,0.0,0.0,SILK.KA,
2023-03-30 00:00:00+05:00,0.8600000143051147,0.8799999952316284,0.8199999928474426,0.8600000143051147,1039000.0,0.0,0.0,0.0,SILK.KA,
2023-03-31 00:00:00+05:00,0.8600000143051147,0.8799999952316284,0.8600000143051147,0.8799999952316284,439500.0,0.0,0.0,0.0,SILK.KA,
2023-04-03 00:00:00+05:00,0.8999999761581421,0.9300000071525574,0.8999999761581421,0.9100000262260437,1043000.0,0.0,0.0,0.0,SILK.KA,
2023-04-04 00:00:00+05:00,0.9100000262260437,0.949999988079071,0.9100000262260437,0.9300000071525574,807500.0,0.0,0.0,0.0,SILK.KA,
2023-04-05 00:00:00+05:00,0.949999988079071,1.059999942779541,0.949999988079071,1.0299999713897705,11002000.0,0.0,0.0,0.0,SILK.KA,
2023-04-06 00:00:00+05:00,1.1399999856948853,1.190000057220459,1.0800000429153442,1.1100000143051147,21288500.0,0.0,0.0,0.0,SILK.KA,
2023-04-07 00:00:00+05:00,1.1699999570846558,1.1699999570846558,1.0099999904632568,1.0299999713897705,10156000.0,0.0,0.0,0.0,SILK.KA,
2023-04-10 00:00:00+05:00,1.0399999618530273,1.0399999618530273,0.9599999785423279,1.0,2366500.0,0.0,0.0,0.0,SILK.KA,
2023-04-11 00:00:00+05:00,1.0099999904632568,1.0099999904632568,0.9599999785423279,0.9800000190734863,921500.0,0.0,0.0,0.0,SILK.KA,
2023-04-12 00:00:00+05:00,0.9900000095367432,1.0700000524520874,0.9599999785423279,1.0499999523162842,2774500.0,0.0,0.0,0.0,SILK.KA,
2023-04-13 00:00:00+05:00,1.090000033378601,1.1200000047683716,1.0499999523162842,1.0700000524520874,3865000.0,0.0,0.0,0.0,SILK.KA,
2023-04-14 00:00:00+05:00,1.0700000524520874,1.0700000524520874,1.0700000524520874,1.0700000524520874,0.0,0.0,0.0,0.0,SILK.KA,
2023-04-17 00:00:00+05:00,1.0700000524520874,1.100000023841858,0.9900000095367432,1.0,2008500.0,0.0,0.0,0.0,SILK.KA,
2023-04-18 00:00:00+05:00,1.0,1.0,0.9800000190734863,1.0,1006000.0,0.0,0.0,0.0,SILK.KA,
2023-04-19 00:00:00+05:00,1.0700000524520874,1.1299999952316284,1.059999942779541,1.100000023841858,6401500.0,0.0,0.0,0.0,SILK.KA,
2023-04-20 00:00:00+05:00,1.1299999952316284,1.1399999856948853,1.0299999713897705,1.0399999618530273,5102500.0,0.0,0.0,0.0,SILK.KA,
2023-04-21 00:00:00+05:00,1.0399999618530273,1.0399999618530273,1.0399999618530273,1.0399999618530273,0.0,0.0,0.0,0.0,SILK.KA,
2023-04-24 00:00:00+05:00,1.0399999618530273,1.0399999618530273,1.0399999618530273,1.0399999618530273,0.0,0.0,0.0,0.0,SILK.KA,
2023-04-25 00:00:00+05:00,1.0399999618530273,1.0399999618530273,1.0399999618530273,1.0399999618530273,0.0,0.0,0.0,0.0,SILK.KA,
2023-04-26 00:00:00+05:00,1.0499999523162842,1.0700000524520874,1.0,1.0099999904632568,2379500.0,0.0,0.0,0.0,SILK.KA,
2023-04-27 00:00:00+05:00,1.0499999523162842,1.0499999523162842,1.0,1.0099999904632568,1216000.0,0.0,0.0,0.0,SILK.KA,
2023-04-28 00:00:00+05:00,1.0499999523162842,1.2699999809265137,1.0299999713897705,1.1200000047683716,21774500.0,0.0,0.0,0.0,SILK.KA,
2023-05-01 00:00:00+05:00,1.1200000047683716,1.1200000047683716,1.1200000047683716,1.1200000047683716,0.0,0.0,0.0,0.0,SILK.KA,
2023-05-02 00:00:00+05:00,1.1799999475479126,1.2300000190734863,1.1799999475479126,1.2100000381469727,15573000.0,0.0,0.0,0.0,SILK.KA,
2023-05-03 00:00:00+05:00,1.25,1.2599999904632568,1.2000000476837158,1.2200000286102295,5467000.0,0.0,0.0,0.0,SILK.KA,
2023-05-04 00:00:00+05:00,1.2400000095367432,1.25,1.1799999475479126,1.2000000476837158,2772000.0,0.0,0.0,0.0,SILK.KA,
2023-05-05 00:00:00+05:00,1.190000057220459,1.190000057220459,1.1200000047683716,1.1399999856948853,2432000.0,0.0,0.0,0.0,SILK.KA,
2023-05-08 00:00:00+05:00,1.1399999856948853,1.1399999856948853,1.0800000429153442,1.090000033378601,4367500.0,0.0,0.0,0.0,SILK.KA,
2023-05-09 00:00:00+05:00,1.090000033378601,1.100000023841858,1.0099999904632568,1.0199999809265137,4006000.0,0.0,0.0,0.0,SILK.KA,
2023-05-10 00:00:00+05:00,1.059999942779541,1.0700000524520874,1.0199999809265137,1.0299999713897705,802000.0,0.0,0.0,0.0,SILK.KA,
2023-05-11 00:00:00+05:00,1.059999942779541,1.0700000524520874,1.0299999713897705,1.0399999618530273,681000.0,0.0,0.0,0.0,SILK.KA,
2023-05-12 00:00:00+05:00,1.0399999618530273,1.1699999570846558,1.0399999618530273,1.1200000047683716,2089000.0,0.0,0.0,0.0,SILK.KA,
2023-05-15 00:00:00+05:00,1.100000023841858,1.1799999475479126,1.100000023841858,1.1399999856948853,2188500.0,0.0,0.0,0.0,SILK.KA,
2023-05-16 00:00:00+05:00,1.149999976158142,1.1699999570846558,1.100000023841858,1.1100000143051147,1330000.0,0.0,0.0,0.0,SILK.KA,
2023-05-17 00:00:00+05:00,1.1399999856948853,1.149999976158142,1.090000033378601,1.1100000143051147,1129000.0,0.0,0.0,0.0,SILK.KA,
2023-05-18 00:00:00+05:00,1.1200000047683716,1.1399999856948853,1.090000033378601,1.100000023841858,701500.0,0.0,0.0,0.0,SILK.KA,
2023-05-19 00:00:00+05:00,1.159999966621399,1.159999966621399,1.100000023841858,1.100000023841858,582000.0,0.0,0.0,0.0,SILK.KA,
2023-05-22 00:00:00+05:00,1.100000023841858,1.1200000047683716,1.059999942779541,1.0700000524520874,562500.0,0.0,0.0,0.0,SILK.KA,
2023-05-23 00:00:00+05:00,1.059999942779541,1.0800000429153442,1.0099999904632568,1.059999942779541,1565000.0,0.0,0.0,0.0,SILK.KA,
2023-05-24 00:00:00+05:00,1.0800000429153442,1.100000023841858,1.0499999523162842,1.0800000429153442,1232500.0,0.0,0.0,0.0,SILK.KA,
2023-05-25 00:00:00+05:00,1.0800000429153442,1.100000023841858,1.0299999713897705,1.0499999523162842,1309500.0,0.0,0.0,0.0,SILK.KA,
2023-05-26 00:00:00+05:00,1.059999942779541,1.0700000524520874,1.0299999713897705,1.0299999713897705,1352500.0,0.0,0.0,0.0,SILK.KA,
2023-05-29 00:00:00+05:00,1.0299999713897705,1.190000057220459,1.0199999809265137,1.100000023841858,4787000.0,0.0,0.0,0.0,SILK.KA,
2023-05-30 00:00:00+05:00,1.159999966621399,1.159999966621399,1.059999942779541,1.1200000047683716,1898500.0,0.0,0.0,0.0,SILK.KA,
2023-05-31 00:00:00+05:00,1.1399999856948853,1.149999976158142,1.100000023841858,1.1399999856948853,1686500.0,0.0,0.0,0.0,SILK.KA,
2023-06-01 00:00:00+05:00,1.149999976158142,1.1799999475479126,1.1200000047683716,1.1299999952316284,1428000.0,0.0,0.0,0.0,SILK.KA,
2023-06-02 00:00:00+05:00,1.1399999856948853,1.149999976158142,1.100000023841858,1.1100000143051147,602000.0,0.0,0.0,0.0,SILK.KA,
2023-06-05 00:00:00+05:00,1.1799999475479126,1.1799999475479126,1.100000023841858,1.100000023841858,727000.0,0.0,0.0,0.0,SILK.KA,
2023-06-06 00:00:00+05:00,1.100000023841858,1.1399999856948853,1.0800000429153442,1.0800000429153442,736000.0,0.0,0.0,0.0,SILK.KA,
2023-06-07 00:00:00+05:00,1.100000023841858,1.100000023841858,1.0499999523162842,1.0700000524520874,2422500.0,0.0,0.0,0.0,SILK.KA,
2023-06-08 00:00:00+05:00,1.059999942779541,1.090000033378601,1.0399999618530273,1.0499999523162842,1416000.0,0.0,0.0,0.0,SILK.KA,
2023-06-09 00:00:00+05:00,1.059999942779541,1.1299999952316284,1.059999942779541,1.1100000143051147,1140500.0,0.0,0.0,0.0,SILK.KA,
2023-06-12 00:00:00+05:00,1.059999942779541,1.100000023841858,1.0499999523162842,1.0499999523162842,2336500.0,0.0,0.0,0.0,SILK.KA,
2023-06-13 00:00:00+05:00,1.090000033378601,1.1100000143051147,1.0499999523162842,1.0499999523162842,1613500.0,0.0,0.0,0.0,SILK.KA,
2023-06-14 00:00:00+05:00,1.090000033378601,1.1200000047683716,1.0399999618530273,1.0499999523162842,1190000.0,0.0,0.0,0.0,SILK.KA,
2023-06-15 00:00:00+05:00,1.090000033378601,1.090000033378601,1.0199999809265137,1.0399999618530273,1210500.0,0.0,0.0,0.0,SILK.KA,
2023-06-16 00:00:00+05:00,1.0299999713897705,1.100000023841858,1.0099999904632568,1.0299999713897705,2020000.0,0.0,0.0,0.0,SILK.KA,
2023-06-19 00:00:00+05:00,1.059999942779541,1.059999942779541,1.0,1.0099999904632568,1559000.0,0.0,0.0,0.0,SILK.KA,
2023-06-20 00:00:00+05:00,1.0199999809265137,1.0399999618530273,1.0199999809265137,1.0399999618530273,956000.0,0.0,0.0,0.0,SILK.KA,
2023-06-21 00:00:00+05:00,1.0399999618530273,1.0399999618530273,1.0099999904632568,1.0099999904632568,1890500.0,0.0,0.0,0.0,SILK.KA,
2023-06-22 00:00:00+05:00,1.0099999904632568,1.0499999523162842,1.0,1.0,1038000.0,0.0,0.0,0.0,SILK.KA,
2023-06-23 00:00:00+05:00,1.0099999904632568,1.0299999713897705,0.949999988079071,0.9700000286102295,2366500.0,0.0,0.0,0.0,SILK.KA,
2023-06-26 00:00:00+05:00,1.0399999618530273,1.0399999618530273,1.0,1.0199999809265137,431500.0,0.0,0.0,0.0,SILK.KA,
2023-06-27 00:00:00+05:00,1.0399999618530273,1.0399999618530273,0.9800000190734863,1.0,1413000.0,0.0,0.0,0.0,SILK.KA,
2023-06-28 00:00:00+05:00,1.0,1.0,1.0,1.0,0.0,0.0,0.0,0.0,SILK.KA,
2023-06-29 00:00:00+05:00,1.0,1.0,1.0,1.0,0.0,0.0,0.0,0.0,SILK.KA,
2023-06-30 00:00:00+05:00,1.0,1.0,1.0,1.0,0.0,0.0,0.0,0.0,SILK.KA,
2023-07-03 00:00:00+05:00,1.100000023841858,1.100000023841858,1.0299999713897705,1.0499999523162842,3640000.0,0.0,0.0,0.0,SILK.KA,
2023-07-04 00:00:00+05:00,1.0399999618530273,1.0399999618530273,1.0,1.0,6226500.0,0.0,0.0,0.0,SILK.KA,
2023-07-05 00:00:00+05:00,1.0499999523162842,1.0499999523162842,0.9800000190734863,1.0,2845500.0,0.0,0.0,0.0,SILK.KA,
2023-07-06 00:00:00+05:00,1.0399999618530273,1.0399999618530273,1.0,1.0099999904632568,1486500.0,0.0,0.0,0.0,SILK.KA,
2023-07-07 00:00:00+05:00,1.0199999809265137,1.1200000047683716,0.9900000095367432,1.0199999809265137,1145000.0,0.0,0.0,0.0,SILK.KA,
2023-07-10 00:00:00+05:00,1.0099999904632568,1.0299999713897705,0.9900000095367432,1.0099999904632568,2474500.0,0.0,0.0,0.0,SILK.KA,
2023-07-11 00:00:00+05:00,1.0099999904632568,1.0399999618530273,1.0,1.0199999809265137,1475500.0,0.0,0.0,0.0,SILK.KA,
2023-07-12 00:00:00+05:00,1.0,1.0299999713897705,0.9900000095367432,1.0,1886500.0,0.0,0.0,0.0,SILK.KA,
2023-07-13 00:00:00+05:00,1.0700000524520874,1.0700000524520874,0.9900000095367432,1.0,2973500.0,0.0,0.0,0.0,SILK.KA,
2023-07-14 00:00:00+05:00,1.0299999713897705,1.0299999713897705,0.9800000190734863,0.9800000190734863,2214000.0,0.0,0.0,0.0,SILK.KA,
2023-07-17 00:00:00+05:00,0.9900000095367432,1.0,0.9599999785423279,0.9900000095367432,2613000.0,0.0,0.0,0.0,SILK.KA,
2023-07-18 00:00:00+05:00,1.0,1.0199999809265137,0.9700000286102295,1.0,2190000.0,0.0,0.0,0.0,SILK.KA,
2023-07-19 00:00:00+05:00,0.9599999785423279,1.0,0.9599999785423279,0.9700000286102295,750500.0,0.0,0.0,0.0,SILK.KA,
2023-07-20 00:00:00+05:00,0.9800000190734863,1.0199999809265137,0.9599999785423279,0.9900000095367432,1768500.0,0.0,0.0,0.0,SILK.KA,
2023-07-21 00:00:00+05:00,1.0099999904632568,1.0299999713897705,1.0,1.0,1897500.0,0.0,0.0,0.0,SILK.KA,
2023-07-24 00:00:00+05:00,1.0299999713897705,1.0299999713897705,1.0,1.0099999904632568,1888500.0,0.0,0.0,0.0,SILK.KA,
2023-07-25 00:00:00+05:00,1.0399999618530273,1.0399999618530273,1.0099999904632568,1.0199999809265137,1135000.0,0.0,0.0,0.0,SILK.KA,
2023-07-26 00:00:00+05:00,1.0099999904632568,1.149999976158142,1.0099999904632568,1.059999942779541,7749000.0,0.0,0.0,0.0,SILK.KA,
2023-07-27 00:00:00+05:00,1.059999942779541,1.059999942779541,1.059999942779541,1.059999942779541,0.0,0.0,0.0,0.0,SILK.KA,
2023-07-28 00:00:00+05:00,1.059999942779541,1.059999942779541,1.059999942779541,1.059999942779541,0.0,0.0,0.0,0.0,SILK.KA,
2023-07-31 00:00:00+05:00,1.0499999523162842,1.0800000429153442,1.0199999809265137,1.0700000524520874,3229500.0,0.0,0.0,0.0,SILK.KA,
2023-08-01 00:00:00+05:00,1.0700000524520874,1.0700000524520874,1.0199999809265137,1.0299999713897705,1797000.0,0.0,0.0,0.0,SILK.KA,
2023-08-02 00:00:00+05:00,1.059999942779541,1.0700000524520874,1.0199999809265137,1.0299999713897705,4904500.0,0.0,0.0,0.0,SILK.KA,
2023-08-03 00:00:00+05:00,1.0299999713897705,1.059999942779541,1.0299999713897705,1.0499999523162842,3890000.0,0.0,0.0,0.0,SILK.KA,
2023-08-04 00:00:00+05:00,1.0499999523162842,1.090000033378601,1.0199999809265137,1.0299999713897705,2492000.0,0.0,0.0,0.0,SILK.KA,
2023-08-07 00:00:00+05:00,1.0399999618530273,1.0700000524520874,1.0299999713897705,1.059999942779541,1825500.0,0.0,0.0,0.0,SILK.KA,
2023-08-08 00:00:00+05:00,1.059999942779541,1.059999942779541,1.0,1.0099999904632568,4266500.0,0.0,0.0,0.0,SILK.KA,
2023-08-09 00:00:00+05:00,1.0399999618530273,1.0399999618530273,1.0099999904632568,1.0199999809265137,692500.0,0.0,0.0,0.0,SILK.KA,
2023-08-10 00:00:00+05:00,1.0399999618530273,1.059999942779541,0.9900000095367432,1.0,2015000.0,0.0,0.0,0.0,SILK.KA,
2023-08-11 00:00:00+05:00,1.0299999713897705,1.0700000524520874,0.9599999785423279,1.0,3645000.0,0.0,0.0,0.0,SILK.KA,
2023-08-14 00:00:00+05:00,1.0,1.0,1.0,1.0,0.0,0.0,0.0,0.0,SILK.KA,
2023-08-15 00:00:00+05:00,1.0499999523162842,1.0499999523162842,0.9900000095367432,1.0,1741000.0,0.0,0.0,0.0,SILK.KA,
2023-08-16 00:00:00+05:00,1.0,1.0,0.9599999785423279,0.9700000286102295,5942500.0,0.0,0.0,0.0,SILK.KA,
2023-08-17 00:00:00+05:00,0.9800000190734863,1.0,0.9700000286102295,0.9800000190734863,1042000.0,0.0,0.0,0.0,SILK.KA,
2023-08-18 00:00:00+05:00,0.9700000286102295,1.0399999618530273,0.9700000286102295,1.0099999904632568,1448500.0,0.0,0.0,0.0,SILK.KA,
2023-08-21 00:00:00+05:00,0.9900000095367432,1.0299999713897705,0.9900000095367432,1.0099999904632568,2512000.0,0.0,0.0,0.0,SILK.KA,
2023-08-22 00:00:00+05:00,0.9800000190734863,1.0299999713897705,0.9700000286102295,1.0099999904632568,2579000.0,0.0,0.0,0.0,SILK.KA,
2023-08-23 00:00:00+05:00,0.9900000095367432,1.0199999809265137,0.9900000095367432,1.0,1435000.0,0.0,0.0,0.0,SILK.KA,
2023-08-24 00:00:00+05:00,1.0,1.0199999809265137,1.0,1.0099999904632568,305000.0,0.0,0.0,0.0,SILK.KA,
2023-08-25 00:00:00+05:00,1.0299999713897705,1.0299999713897705,0.9399999976158142,0.9900000095367432,1870000.0,0.0,0.0,0.0,SILK.KA,
2023-08-28 00:00:00+05:00,1.0,1.0,0.9599999785423279,0.9800000190734863,526500.0,0.0,0.0,0.0,SILK.KA,
2023-08-29 00:00:00+05:00,0.9599999785423279,0.9900000095367432,0.949999988079071,0.9599999785423279,525000.0,0.0,0.0,0.0,SILK.KA,
2023-08-30 00:00:00+05:00,0.9700000286102295,0.9900000095367432,0.9300000071525574,0.9399999976158142,1206500.0,0.0,0.0,0.0,SILK.KA,
2023-08-31 00:00:00+05:00,0.9800000190734863,0.9800000190734863,0.8799999952316284,0.9200000166893005,3930000.0,0.0,0.0,0.0,SILK.KA,
2023-09-01 00:00:00+05:00,0.9200000166893005,1.0,0.8999999761581421,0.949999988079071,1798500.0,0.0,0.0,0.0,SILK.KA,
2023-09-04 00:00:00+05:00,0.9900000095367432,0.9900000095367432,0.949999988079071,0.9800000190734863,1593000.0,0.0,0.0,0.0,SILK.KA,
2023-09-05 00:00:00+05:00,0.9900000095367432,0.9900000095367432,0.9599999785423279,0.9900000095367432,458500.0,0.0,0.0,0.0,SILK.KA,
2023-09-06 00:00:00+05:00,1.0,1.0,0.9800000190734863,0.9800000190734863,1426500.0,0.0,0.0,0.0,SILK.KA,
2023-09-07 00:00:00+05:00,0.9900000095367432,1.0,0.9599999785423279,0.9599999785423279,1502000.0,0.0,0.0,0.0,SILK.KA,
2023-09-08 00:00:00+05:00,0.9800000190734863,1.0,0.9599999785423279,0.9700000286102295,578000.0,0.0,0.0,0.0,SILK.KA,
2023-09-11 00:00:00+05:00,0.9900000095367432,1.059999942779541,0.9900000095367432,1.0299999713897705,5210000.0,0.0,0.0,0.0,SILK.KA,
2023-09-12 00:00:00+05:00,1.0700000524520874,1.0700000524520874,0.9599999785423279,0.9700000286102295,3225500.0,0.0,0.0,0.0,SILK.KA,
2023-09-13 00:00:00+05:00,1.0,1.0,0.949999988079071,0.9599999785423279,700000.0,0.0,0.0,0.0,SILK.KA,
2023-09-14 00:00:00+05:00,0.9300000071525574,1.0800000429153442,0.9300000071525574,1.0,1445500.0,0.0,0.0,0.0,SILK.KA,
2023-09-15 00:00:00+05:00,1.0299999713897705,1.0299999713897705,0.9599999785423279,0.9800000190734863,637500.0,0.0,0.0,0.0,SILK.KA,
2023-09-18 00:00:00+05:00,1.0,1.0,0.9300000071525574,0.9700000286102295,352500.0,0.0,0.0,0.0,SILK.KA,
2023-09-19 00:00:00+05:00,0.9800000190734863,1.0099999904632568,0.9800000190734863,0.9900000095367432,739000.0,0.0,0.0,0.0,SILK.KA,
2023-09-20 00:00:00+05:00,1.0199999809265137,1.0199999809265137,0.9599999785423279,0.9800000190734863,929500.0,0.0,0.0,0.0,SILK.KA,
2023-09-21 00:00:00+05:00,0.9700000286102295,0.9900000095367432,0.949999988079071,0.9599999785423279,689500.0,0.0,0.0,0.0,SILK.KA,
2023-09-22 00:00:00+05:00,0.9800000190734863,1.0,0.9599999785423279,0.9700000286102295,760000.0,0.0,0.0,0.0,SILK.KA,
2023-09-25 00:00:00+05:00,0.9800000190734863,0.9800000190734863,0.9599999785423279,0.9800000190734863,1072500.0,0.0,0.0,0.0,SILK.KA,
2023-09-26 00:00:00+05:00,1.0,1.0,0.9300000071525574,0.9399999976158142,2200000.0,0.0,0.0,0.0,SILK.KA,
2023-09-27 00:00:00+05:00,0.949999988079071,0.9800000190734863,0.949999988079071,0.9599999785423279,1054000.0,0.0,0.0,0.0,SILK.KA,
2023-09-28 00:00:00+05:00,0.9599999785423279,0.9599999785423279,0.9599999785423279,0.9599999785423279,0.0,0.0,0.0,0.0,SILK.KA,
2023-09-29 00:00:00+05:00,0.9599999785423279,0.9599999785423279,0.9599999785423279,0.9599999785423279,0.0,0.0,0.0,0.0,SILK.KA,
2023-10-02 00:00:00+05:00,0.9800000190734863,1.0,0.9599999785423279,0.9700000286102295,2660500.0,0.0,0.0,0.0,SILK.KA,
2023-10-03 00:00:00+05:00,0.9700000286102295,1.0099999904632568,0.9599999785423279,0.9599999785423279,1108000.0,0.0,0.0,0.0,SILK.KA,
2023-10-04 00:00:00+05:00,0.9700000286102295,1.0,0.9700000286102295,0.9900000095367432,2827000.0,0.0,0.0,0.0,SILK.KA,
2023-10-05 00:00:00+05:00,1.0099999904632568,1.0199999809265137,0.9800000190734863,1.0199999809265137,2742500.0,0.0,0.0,0.0,SILK.KA,
2023-10-06 00:00:00+05:00,1.0,1.0199999809265137,0.9900000095367432,1.0,2084500.0,0.0,0.0,0.0,SILK.KA,
2023-10-09 00:00:00+05:00,0.9900000095367432,1.0199999809265137,0.9800000190734863,1.0,4276500.0,0.0,0.0,0.0,SILK.KA,
2023-10-10 00:00:00+05:00,1.0199999809265137,1.0199999809265137,1.0,1.0,1761000.0,0.0,0.0,0.0,SILK.KA,
2023-10-11 00:00:00+05:00,1.0099999904632568,1.0199999809265137,0.9800000190734863,0.9900000095367432,1232500.0,0.0,0.0,0.0,SILK.KA,
2023-10-12 00:00:00+05:00,1.0099999904632568,1.0199999809265137,0.9800000190734863,1.0,1070000.0,0.0,0.0,0.0,SILK.KA,
2023-10-13 00:00:00+05:00,0.9900000095367432,1.0,0.9399999976158142,0.9900000095367432,979000.0,0.0,0.0,0.0,SILK.KA,
2023-10-16 00:00:00+05:00,0.9800000190734863,0.9900000095367432,0.9599999785423279,0.9800000190734863,1231500.0,0.0,0.0,0.0,SILK.KA,
2023-10-17 00:00:00+05:00,0.9900000095367432,1.0,0.949999988079071,0.9599999785423279,3095500.0,0.0,0.0,0.0,SILK.KA,
2023-10-18 00:00:00+05:00,0.9599999785423279,0.9800000190734863,0.9599999785423279,0.9700000286102295,659000.0,0.0,0.0,0.0,SILK.KA,
2023-10-19 00:00:00+05:00,0.9800000190734863,1.0099999904632568,0.9599999785423279,1.0,2126500.0,0.0,0.0,0.0,SILK.KA,
2023-10-20 00:00:00+05:00,0.9800000190734863,1.0199999809265137,0.9599999785423279,0.9700000286102295,1199000.0,0.0,0.0,0.0,SILK.KA,
2023-10-23 00:00:00+05:00,0.9900000095367432,0.9900000095367432,0.9599999785423279,0.9599999785423279,816000.0,0.0,0.0,0.0,SILK.KA,
2023-10-24 00:00:00+05:00,0.9700000286102295,0.9700000286102295,0.9399999976158142,0.9599999785423279,474000.0,0.0,0.0,0.0,SILK.KA,
2023-10-25 00:00:00+05:00,0.9599999785423279,0.9700000286102295,0.9200000166893005,0.949999988079071,923000.0,0.0,0.0,0.0,SILK.KA,
2023-10-26 00:00:00+05:00,0.949999988079071,0.9800000190734863,0.9399999976158142,0.9399999976158142,977500.0,0.0,0.0,0.0,SILK.KA,
2023-10-27 00:00:00+05:00,0.949999988079071,0.9599999785423279,0.9399999976158142,0.949999988079071,741000.0,0.0,0.0,0.0,SILK.KA,
2023-10-30 00:00:00+05:00,0.9599999785423279,0.9900000095367432,0.9599999785423279,0.9800000190734863,716500.0,0.0,0.0,0.0,SILK.KA,
2023-10-31 00:00:00+05:00,0.949999988079071,1.0,0.949999988079071,0.9599999785423279,665000.0,0.0,0.0,0.0,SILK.KA,
2023-11-01 00:00:00+05:00,0.9700000286102295,0.9700000286102295,0.9399999976158142,0.949999988079071,2258000.0,0.0,0.0,0.0,SILK.KA,
2023-11-02 00:00:00+05:00,0.9700000286102295,0.9700000286102295,0.9399999976158142,0.9399999976158142,1408500.0,0.0,0.0,0.0,SILK.KA,
2023-11-03 00:00:00+05:00,0.9399999976158142,0.9800000190734863,0.9300000071525574,0.949999988079071,2127500.0,0.0,0.0,0.0,SILK.KA,
2023-11-06 00:00:00+05:00,0.9800000190734863,0.9900000095367432,0.949999988079071,0.9700000286102295,1250000.0,0.0,0.0,0.0,SILK.KA,
2023-11-07 00:00:00+05:00,0.9800000190734863,1.0,0.949999988079071,0.949999988079071,682000.0,0.0,0.0,0.0,SILK.KA,
2023-11-08 00:00:00+05:00,0.9700000286102295,1.0,0.9399999976158142,0.949999988079071,1541000.0,0.0,0.0,0.0,SILK.KA,
2023-11-09 00:00:00+05:00,0.949999988079071,0.949999988079071,0.949999988079071,0.949999988079071,0.0,0.0,0.0,0.0,SILK.KA,
2023-11-10 00:00:00+05:00,0.9599999785423279,0.9900000095367432,0.9399999976158142,0.949999988079071,1589000.0,0.0,0.0,0.0,SILK.KA,
2023-11-13 00:00:00+05:00,0.9599999785423279,0.9900000095367432,0.9399999976158142,0.949999988079071,4296000.0,0.0,0.0,0.0,SILK.KA,
2023-11-14 00:00:00+05:00,0.949999988079071,0.9800000190734863,0.9300000071525574,0.9599999785423279,2062500.0,0.0,0.0,0.0,SILK.KA,
2023-11-15 00:00:00+05:00,0.949999988079071,0.9700000286102295,0.9399999976158142,0.949999988079071,1625000.0,0.0,0.0,0.0,SILK.KA,
2023-11-16 00:00:00+05:00,0.949999988079071,1.0299999713897705,0.949999988079071,1.0099999904632568,5866500.0,0.0,0.0,0.0,SILK.KA,
2023-11-17 00:00:00+05:00,1.0499999523162842,1.0700000524520874,1.0,1.0299999713897705,5417000.0,0.0,0.0,0.0,SILK.KA,
2023-11-20 00:00:00+05:00,1.0299999713897705,1.0299999713897705,0.9900000095367432,1.0199999809265137,1940500.0,0.0,0.0,0.0,SILK.KA,
2023-11-21 00:00:00+05:00,1.0499999523162842,1.1799999475479126,1.0499999523162842,1.1399999856948853,33281000.0,0.0,0.0,0.0,SILK.KA,
2023-11-22 00:00:00+05:00,1.159999966621399,1.1699999570846558,1.100000023841858,1.1100000143051147,7457500.0,0.0,0.0,0.0,SILK.KA,
2023-11-23 00:00:00+05:00,1.100000023841858,1.1200000047683716,1.0499999523162842,1.0800000429153442,2949000.0,0.0,0.0,0.0,SILK.KA,
2023-11-24 00:00:00+05:00,1.0800000429153442,1.1100000143051147,1.0299999713897705,1.059999942779541,926500.0,0.0,0.0,0.0,SILK.KA,
2023-11-27 00:00:00+05:00,1.0800000429153442,1.0800000429153442,1.0399999618530273,1.0499999523162842,1089500.0,0.0,0.0,0.0,SILK.KA,
2023-11-28 00:00:00+05:00,1.0700000524520874,1.100000023841858,1.0399999618530273,1.059999942779541,4489500.0,0.0,0.0,0.0,SILK.KA,
2023-11-29 00:00:00+05:00,1.059999942779541,1.090000033378601,1.0099999904632568,1.0199999809265137,6389500.0,0.0,0.0,0.0,SILK.KA,
2023-11-30 00:00:00+05:00,1.0299999713897705,1.100000023841858,1.0,1.059999942779541,6529500.0,0.0,0.0,0.0,SILK.KA,
2023-12-01 00:00:00+05:00,1.0499999523162842,1.1399999856948853,1.0499999523162842,1.100000023841858,9185500.0,0.0,0.0,0.0,SILK.KA,
2023-12-04 00:00:00+05:00,1.1399999856948853,1.1699999570846558,1.0800000429153442,1.100000023841858,4053500.0,0.0,0.0,0.0,SILK.KA,
2023-12-05 00:00:00+05:00,1.0800000429153442,1.100000023841858,1.059999942779541,1.100000023841858,3842500.0,0.0,0.0,0.0,SILK.KA,
2023-12-06 00:00:00+05:00,1.0800000429153442,1.100000023841858,1.0700000524520874,1.0800000429153442,1971000.0,0.0,0.0,0.0,SILK.KA,
2023-12-07 00:00:00+05:00,1.0800000429153442,1.1299999952316284,1.0700000524520874,1.090000033378601,4970500.0,0.0,0.0,0.0,SILK.KA,
2023-12-08 00:00:00+05:00,1.0700000524520874,1.149999976158142,1.0700000524520874,1.100000023841858,5315000.0,0.0,0.0,0.0,SILK.KA,
2023-12-11 00:00:00+05:00,1.1100000143051147,1.2799999713897705,1.1100000143051147,1.25,28508500.0,0.0,0.0,0.0,SILK.KA,
2023-12-12 00:00:00+05:00,1.25,1.309999942779541,1.149999976158142,1.1799999475479126,19967500.0,0.0,0.0,0.0,SILK.KA,
2023-12-13 00:00:00+05:00,1.2000000476837158,1.2100000381469727,1.0800000429153442,1.149999976158142,16842500.0,0.0,0.0,0.0,SILK.KA,
2023-12-14 00:00:00+05:00,1.1200000047683716,1.1699999570846558,1.0800000429153442,1.159999966621399,8409500.0,0.0,0.0,0.0,SILK.KA,
2023-12-15 00:00:00+05:00,1.1699999570846558,1.2599999904632568,1.1399999856948853,1.2200000286102295,15516500.0,0.0,0.0,0.0,SILK.KA,
2023-12-18 00:00:00+05:00,1.2699999809265137,1.340000033378601,1.2200000286102295,1.3200000524520874,20772000.0,0.0,0.0,0.0,SILK.KA,
2023-12-19 00:00:00+05:00,1.3300000429153442,1.3799999952316284,1.1299999952316284,1.159999966621399,19413000.0,0.0,0.0,0.0,SILK.KA,
2023-12-20 00:00:00+05:00,1.2000000476837158,1.2000000476837158,1.090000033378601,1.149999976158142,6895500.0,0.0,0.0,0.0,SILK.KA,
2023-12-21 00:00:00+05:00,1.1399999856948853,1.1699999570846558,1.090000033378601,1.149999976158142,3075500.0,0.0,0.0,0.0,SILK.KA,
2023-12-22 00:00:00+05:00,1.149999976158142,1.190000057220459,1.100000023841858,1.159999966621399,1616500.0,0.0,0.0,0.0,SILK.KA,
2023-12-25 00:00:00+05:00,1.159999966621399,1.159999966621399,1.159999966621399,1.159999966621399,0.0,0.0,0.0,0.0,SILK.KA,
2023-12-26 00:00:00+05:00,1.1799999475479126,1.1799999475479126,1.0099999904632568,1.0499999523162842,6367500.0,0.0,0.0,0.0,SILK.KA,
2023-12-27 00:00:00+05:00,1.0499999523162842,1.1200000047683716,1.0099999904632568,1.090000033378601,2428000.0,0.0,0.0,0.0,SILK.KA,
2023-12-28 00:00:00+05:00,1.1200000047683716,1.1399999856948853,1.090000033378601,1.100000023841858,2251000.0,0.0,0.0,0.0,SILK.KA,
2023-12-29 00:00:00+05:00,1.100000023841858,1.1200000047683716,1.0800000429153442,1.090000033378601,2368000.0,0.0,0.0,0.0,SILK.KA,
2024-01-01 00:00:00+05:00,1.1200000047683716,1.1699999570846558,1.090000033378601,1.149999976158142,3469500.0,0.0,0.0,0.0,SILK.KA,
2024-01-02 00:00:00+05:00,1.149999976158142,1.149999976158142,1.100000023841858,1.1100000143051147,1950500.0,0.0,0.0,0.0,SILK.KA,
2024-01-03 00:00:00+05:00,1.100000023841858,1.1200000047683716,1.0700000524520874,1.100000023841858,1837000.0,0.0,0.0,0.0,SILK.KA,
2024-01-04 00:00:00+05:00,1.100000023841858,1.1399999856948853,1.0800000429153442,1.1100000143051147,666000.0,0.0,0.0,0.0,SILK.KA,
2024-01-05 00:00:00+05:00,1.1200000047683716,1.159999966621399,1.090000033378601,1.100000023841858,3064500.0,0.0,0.0,0.0,SILK.KA,
2024-01-08 00:00:00+05:00,1.0800000429153442,1.1299999952316284,1.0700000524520874,1.0800000429153442,1468500.0,0.0,0.0,0.0,SILK.KA,
2024-01-09 00:00:00+05:00,1.100000023841858,1.1100000143051147,1.059999942779541,1.0700000524520874,3586000.0,0.0,0.0,0.0,SILK.KA,
2024-01-10 00:00:00+05:00,1.0700000524520874,1.149999976158142,1.0700000524520874,1.0800000429153442,1688500.0,0.0,0.0,0.0,SILK.KA,
2024-01-11 00:00:00+05:00,1.0700000524520874,1.1100000143051147,1.0499999523162842,1.0800000429153442,4019000.0,0.0,0.0,0.0,SILK.KA,
2024-01-12 00:00:00+05:00,1.0700000524520874,1.2400000095367432,1.0700000524520874,1.100000023841858,3032000.0,0.0,0.0,0.0,SILK.KA,
2024-01-15 00:00:00+05:00,1.090000033378601,1.1100000143051147,1.059999942779541,1.059999942779541,2718000.0,0.0,0.0,0.0,SILK.KA,
2024-01-16 00:00:00+05:00,1.0700000524520874,1.0800000429153442,1.0399999618530273,1.059999942779541,1352000.0,0.0,0.0,0.0,SILK.KA,
2024-01-17 00:00:00+05:00,1.0499999523162842,1.0800000429153442,1.0299999713897705,1.0499999523162842,3634500.0,0.0,0.0,0.0,SILK.KA,
2024-01-18 00:00:00+05:00,1.0399999618530273,1.059999942779541,1.0199999809265137,1.0299999713897705,3632500.0,0.0,0.0,0.0,SILK.KA,
2024-01-19 00:00:00+05:00,1.0299999713897705,1.059999942779541,1.0299999713897705,1.0499999523162842,419500.0,0.0,0.0,0.0,SILK.KA,
2024-01-22 00:00:00+05:00,1.0299999713897705,1.0499999523162842,1.0199999809265137,1.0299999713897705,1354500.0,0.0,0.0,0.0,SILK.KA,
2024-01-23 00:00:00+05:00,1.0299999713897705,1.059999942779541,1.0199999809265137,1.0299999713897705,1537000.0,0.0,0.0,0.0,SILK.KA,
2024-01-24 00:00:00+05:00,1.0199999809265137,1.0499999523162842,1.0199999809265137,1.0299999713897705,1577000.0,0.0,0.0,0.0,SILK.KA,
2024-01-25 00:00:00+05:00,1.0399999618530273,1.0399999618530273,1.0199999809265137,1.0199999809265137,2130000.0,0.0,0.0,0.0,SILK.KA,
2024-01-26 00:00:00+05:00,1.0199999809265137,1.0399999618530273,1.0199999809265137,1.0199999809265137,3106500.0,0.0,0.0,0.0,SILK.KA,
2024-01-29 00:00:00+05:00,1.0299999713897705,1.100000023841858,1.0199999809265137,1.059999942779541,5144000.0,0.0,0.0,0.0,SILK.KA,
2024-01-30 00:00:00+05:00,1.0499999523162842,1.100000023841858,1.0199999809265137,1.0199999809265137,1469000.0,0.0,0.0,0.0,SILK.KA,
2024-01-31 00:00:00+05:00,1.0299999713897705,1.0499999523162842,1.0199999809265137,1.0299999713897705,2029500.0,0.0,0.0,0.0,SILK.KA,
2024-02-01 00:00:00+05:00,1.0499999523162842,1.059999942779541,1.0199999809265137,1.0199999809265137,1366500.0,0.0,0.0,0.0,SILK.KA,
2024-02-02 00:00:00+05:00,1.0299999713897705,1.059999942779541,1.0199999809265137,1.0299999713897705,2147500.0,0.0,0.0,0.0,SILK.KA,
2024-02-06 00:00:00+05:00,1.0399999618530273,1.059999942779541,1.0299999713897705,1.059999942779541,2598500.0,0.0,0.0,0.0,SILK.KA,
2024-02-07 00:00:00+05:00,1.0499999523162842,1.0800000429153442,1.0399999618530273,1.0700000524520874,1189000.0,0.0,0.0,0.0,SILK.KA,
2024-02-08 00:00:00+05:00,1.0700000524520874,1.0700000524520874,1.0700000524520874,1.0700000524520874,0.0,0.0,0.0,0.0,SILK.KA,
2024-02-09 00:00:00+05:00,1.0399999618530273,1.0700000524520874,1.0099999904632568,1.0499999523162842,1218000.0,0.0,0.0,0.0,SILK.KA,
2024-02-12 00:00:00+05:00,1.0499999523162842,1.059999942779541,1.0099999904632568,1.0199999809265137,3167000.0,0.0,0.0,0.0,SILK.KA,
2024-02-13 00:00:00+05:00,1.059999942779541,1.059999942779541,1.0099999904632568,1.0299999713897705,2182000.0,0.0,0.0,0.0,SILK.KA,
2024-02-14 00:00:00+05:00,1.0399999618530273,1.059999942779541,1.0299999713897705,1.059999942779541,2051000.0,0.0,0.0,0.0,SILK.KA,
2024-02-15 00:00:00+05:00,1.0399999618530273,1.0700000524520874,1.0399999618530273,1.0399999618530273,1545500.0,0.0,0.0,0.0,SILK.KA,
2024-02-16 00:00:00+05:00,1.0499999523162842,1.059999942779541,1.0,1.0299999713897705,7657000.0,0.0,0.0,0.0,SILK.KA,
2024-02-19 00:00:00+05:00,1.0299999713897705,1.0499999523162842,1.0099999904632568,1.0399999618530273,2489500.0,0.0,0.0,0.0,SILK.KA,
2024-02-20 00:00:00+05:00,1.0299999713897705,1.0499999523162842,1.0199999809265137,1.0199999809265137,1102500.0,0.0,0.0,0.0,SILK.KA,
2024-02-21 00:00:00+05:00,1.0299999713897705,1.0399999618530273,1.0099999904632568,1.0199999809265137,1399500.0,0.0,0.0,0.0,SILK.KA,
2024-02-22 00:00:00+05:00,1.0399999618530273,1.090000033378601,1.0199999809265137,1.0199999809265137,2719500.0,0.0,0.0,0.0,SILK.KA,
2024-02-23 00:00:00+05:00,1.0399999618530273,1.0499999523162842,1.0099999904632568,1.0099999904632568,1869500.0,0.0,0.0,0.0,SILK.KA,
2024-02-26 00:00:00+05:00,1.0199999809265137,1.090000033378601,1.0,1.0,10707000.0,0.0,0.0,0.0,SILK.KA,
2024-02-27 00:00:00+05:00,1.0,1.0299999713897705,0.9700000286102295,0.9900000095367432,5632000.0,0.0,0.0,0.0,SILK.KA,
2024-02-28 00:00:00+05:00,1.0099999904632568,1.0299999713897705,0.9800000190734863,1.0,2746500.0,0.0,0.0,0.0,SILK.KA,
2024-02-29 00:00:00+05:00,1.0,1.0299999713897705,0.9900000095367432,1.0,1107500.0,0.0,0.0,0.0,SILK.KA,
2024-03-01 00:00:00+05:00,1.0,1.0199999809265137,0.9800000190734863,0.9800000190734863,1230000.0,0.0,0.0,0.0,SILK.KA,
2024-03-04 00:00:00+05:00,1.0,1.0299999713897705,0.9800000190734863,1.0,1356500.0,0.0,0.0,0.0,SILK.KA,
2024-03-05 00:00:00+05:00,1.0,1.059999942779541,0.9900000095367432,1.0399999618530273,1902000.0,0.0,0.0,0.0,SILK.KA,
2024-03-06 00:00:00+05:00,1.0199999809265137,1.0499999523162842,0.9800000190734863,0.9900000095367432,4076000.0,0.0,0.0,0.0,SILK.KA,
2024-03-07 00:00:00+05:00,1.0099999904632568,1.0199999809265137,0.9800000190734863,1.0,5626000.0,0.0,0.0,0.0,SILK.KA,
2024-03-08 00:00:00+05:00,1.0199999809265137,1.0199999809265137,0.9900000095367432,0.9900000095367432,1570500.0,0.0,0.0,0.0,SILK.KA,
2024-03-11 00:00:00+05:00,1.0099999904632568,1.0199999809265137,0.9900000095367432,1.0,1570000.0,0.0,0.0,0.0,SILK.KA,
2024-03-12 00:00:00+05:00,0.9900000095367432,1.0,0.949999988079071,0.9700000286102295,3286000.0,0.0,0.0,0.0,SILK.KA,
2024-03-13 00:00:00+05:00,0.9900000095367432,1.0199999809265137,0.9399999976158142,0.949999988079071,2906500.0,0.0,0.0,0.0,SILK.KA,
2024-03-14 00:00:00+05:00,0.9900000095367432,1.0099999904632568,0.9599999785423279,0.9700000286102295,1519500.0,0.0,0.0,0.0,SILK.KA,
2024-03-15 00:00:00+05:00,0.9900000095367432,0.9900000095367432,0.949999988079071,0.949999988079071,1316500.0,0.0,0.0,0.0,SILK.KA,
2024-03-18 00:00:00+05:00,0.9800000190734863,0.9900000095367432,0.949999988079071,0.9800000190734863,778000.0,0.0,0.0,0.0,SILK.KA,
2024-03-19 00:00:00+05:00,0.9900000095367432,0.9900000095367432,0.9599999785423279,0.9599999785423279,1850500.0,0.0,0.0,0.0,SILK.KA,
2024-03-20 00:00:00+05:00,0.9800000190734863,0.9900000095367432,0.9599999785423279,0.9800000190734863,846000.0,0.0,0.0,0.0,SILK.KA,
2024-03-21 00:00:00+05:00,0.9900000095367432,0.9900000095367432,0.9599999785423279,0.9599999785423279,892000.0,0.0,0.0,0.0,SILK.KA,
2024-03-22 00:00:00+05:00,0.9599999785423279,0.9800000190734863,0.9399999976158142,0.9599999785423279,1944500.0,0.0,0.0,0.0,SILK.KA,
2024-03-26 00:00:00+05:00,0.9700000286102295,0.9700000286102295,0.9399999976158142,0.9700000286102295,3156000.0,0.0,0.0,0.0,SILK.KA,
2024-03-27 00:00:00+05:00,0.9700000286102295,0.9800000190734863,0.949999988079071,0.9599999785423279,2009500.0,0.0,0.0,0.0,SILK.KA,
2024-03-28 00:00:00+05:00,0.949999988079071,0.9700000286102295,0.949999988079071,0.949999988079071,1825000.0,0.0,0.0,0.0,SILK.KA,
2024-03-29 00:00:00+05:00,0.949999988079071,0.9800000190734863,0.9399999976158142,0.9599999785423279,703000.0,0.0,0.0,0.0,SILK.KA,
2024-04-01 00:00:00+05:00,0.949999988079071,0.9800000190734863,0.9300000071525574,0.9399999976158142,1214500.0,0.0,0.0,0.0,SILK.KA,
2024-04-02 00:00:00+05:00,0.9800000190734863,0.9800000190734863,0.9399999976158142,0.949999988079071,435000.0,0.0,0.0,0.0,SILK.KA,
2024-04-03 00:00:00+05:00,0.9800000190734863,0.9800000190734863,0.9399999976158142,0.949999988079071,1471500.0,0.0,0.0,0.0,SILK.KA,
2024-04-04 00:00:00+05:00,0.949999988079071,0.9800000190734863,0.949999988079071,0.9599999785423279,900500.0,0.0,0.0,0.0,SILK.KA,
2024-04-08 00:00:00+05:00,0.9700000286102295,0.9700000286102295,0.949999988079071,0.949999988079071,820000.0,0.0,0.0,0.0,SILK.KA,
2024-04-09 00:00:00+05:00,0.949999988079071,0.9599999785423279,0.9300000071525574,0.9300000071525574,4180000.0,0.0,0.0,0.0,SILK.KA,
2024-04-15 00:00:00+05:00,0.9399999976158142,0.9700000286102295,0.9300000071525574,0.9599999785423279,4273000.0,0.0,0.0,0.0,SILK.KA,
2024-04-16 00:00:00+05:00,0.949999988079071,0.9900000095367432,0.9399999976158142,0.9800000190734863,1197000.0,0.0,0.0,0.0,SILK.KA,
2024-04-17 00:00:00+05:00,0.9700000286102295,1.0,0.949999988079071,0.9599999785423279,2288500.0,0.0,0.0,0.0,SILK.KA,
2024-04-18 00:00:00+05:00,0.9800000190734863,0.9900000095367432,0.9599999785423279,0.9700000286102295,592500.0,0.0,0.0,0.0,SILK.KA,
2024-04-19 00:00:00+05:00,0.9599999785423279,0.9900000095367432,0.949999988079071,0.9599999785423279,517500.0,0.0,0.0,0.0,SILK.KA,
2024-04-22 00:00:00+05:00,0.9900000095367432,0.9900000095367432,0.9399999976158142,0.9599999785423279,3139500.0,0.0,0.0,0.0,SILK.KA,
2024-04-23 00:00:00+05:00,0.9599999785423279,0.9700000286102295,0.9300000071525574,0.9399999976158142,2232000.0,0.0,0.0,0.0,SILK.KA,
2024-04-24 00:00:00+05:00,0.9399999976158142,0.949999988079071,0.9200000166893005,0.9300000071525574,1936000.0,0.0,0.0,0.0,SILK.KA,
2024-04-25 00:00:00+05:00,0.9300000071525574,0.949999988079071,0.9200000166893005,0.9399999976158142,6210000.0,0.0,0.0,0.0,SILK.KA,
2024-04-26 00:00:00+05:00,0.9599999785423279,0.9599999785423279,0.8999999761581421,0.9200000166893005,3832500.0,0.0,0.0,0.0,SILK.KA,
2024-04-29 00:00:00+05:00,0.9300000071525574,0.9599999785423279,0.9200000166893005,0.9300000071525574,1108500.0,0.0,0.0,0.0,SILK.KA,
2024-04-30 00:00:00+05:00,0.949999988079071,0.949999988079071,0.8999999761581421,0.9200000166893005,2221500.0,0.0,0.0,0.0,SILK.KA,
2024-05-02 00:00:00+05:00,0.9300000071525574,0.9399999976158142,0.8899999856948853,0.9200000166893005,1217000.0,0.0,0.0,0.0,SILK.KA,
2024-05-03 00:00:00+05:00,0.9399999976158142,0.9399999976158142,0.9100000262260437,0.9200000166893005,1135500.0,0.0,0.0,0.0,SILK.KA,
2024-05-06 00:00:00+05:00,0.9200000166893005,0.949999988079071,0.9100000262260437,0.9100000262260437,1209000.0,0.0,0.0,0.0,SILK.KA,
2024-05-07 00:00:00+05:00,0.9100000262260437,0.9300000071525574,0.8999999761581421,0.9100000262260437,1962500.0,0.0,0.0,0.0,SILK.KA,
2024-05-08 00:00:00+05:00,0.9300000071525574,0.9300000071525574,0.9100000262260437,0.9200000166893005,2497500.0,0.0,0.0,0.0,SILK.KA,
2024-05-09 00:00:00+05:00,0.9300000071525574,0.9900000095367432,0.9200000166893005,0.9300000071525574,5792000.0,0.0,0.0,0.0,SILK.KA,
2024-05-10 00:00:00+05:00,0.949999988079071,0.9800000190734863,0.9300000071525574,0.9300000071525574,3968500.0,0.0,0.0,0.0,SILK.KA,
2024-05-13 00:00:00+05:00,0.9700000286102295,0.9700000286102295,0.9200000166893005,0.9200000166893005,1109500.0,0.0,0.0,0.0,SILK.KA,
2024-05-14 00:00:00+05:00,0.9399999976158142,0.949999988079071,0.8999999761581421,0.9100000262260437,4609000.0,0.0,0.0,0.0,SILK.KA,
2024-05-15 00:00:00+05:00,0.9200000166893005,0.9300000071525574,0.8999999761581421,0.8999999761581421,1421000.0,0.0,0.0,0.0,SILK.KA,
2024-05-16 00:00:00+05:00,0.9200000166893005,0.9300000071525574,0.8799999952316284,0.8999999761581421,1391000.0,0.0,0.0,0.0,SILK.KA,
2024-05-17 00:00:00+05:00,0.8899999856948853,0.9300000071525574,0.8899999856948853,0.9200000166893005,1210000.0,0.0,0.0,0.0,SILK.KA,
2024-05-20 00:00:00+05:00,0.9300000071525574,0.9300000071525574,0.8899999856948853,0.8999999761581421,3014916.0,0.0,0.0,0.0,SILK.KA,
2024-05-21 00:00:00+05:00,0.9100000262260437,0.9300000071525574,0.8899999856948853,0.8999999761581421,1007998.0,0.0,0.0,0.0,SILK.KA,
2024-05-22 00:00:00+05:00,0.9200000166893005,0.9200000166893005,0.8799999952316284,0.8899999856948853,2199233.0,0.0,0.0,0.0,SILK.KA,
2024-05-23 00:00:00+05:00,0.8999999761581421,0.9100000262260437,0.8899999856948853,0.8999999761581421,1683015.0,0.0,0.0,0.0,SILK.KA,
2024-05-24 00:00:00+05:00,0.8999999761581421,0.9200000166893005,0.8899999856948853,0.8999999761581421,2629732.0,0.0,0.0,0.0,SILK.KA,
2024-05-27 00:00:00+05:00,0.9100000262260437,0.9100000262260437,0.8899999856948853,0.8899999856948853,1992622.0,0.0,0.0,0.0,SILK.KA,
2024-05-28 00:00:00+05:00,0.8899999856948853,0.8899999856948853,0.8899999856948853,0.8899999856948853,0.0,0.0,0.0,0.0,SILK.KA,
2024-05-29 00:00:00+05:00,0.8899999856948853,0.9100000262260437,0.8700000047683716,0.8899999856948853,2264049.0,0.0,0.0,0.0,SILK.KA,
2024-05-30 00:00:00+05:00,0.8899999856948853,0.8899999856948853,0.8600000143051147,0.8700000047683716,1585388.0,0.0,0.0,0.0,SILK.KA,
2024-05-31 00:00:00+05:00,0.8999999761581421,0.8999999761581421,0.8600000143051147,0.8799999952316284,1668511.0,0.0,0.0,0.0,SILK.KA,
2024-06-03 00:00:00+05:00,0.8899999856948853,0.8899999856948853,0.8600000143051147,0.8700000047683716,1427623.0,0.0,0.0,0.0,SILK.KA,
2024-06-04 00:00:00+05:00,0.8899999856948853,0.8899999856948853,0.8500000238418579,0.8600000143051147,2276482.0,0.0,0.0,0.0,SILK.KA,
2024-06-05 00:00:00+05:00,0.8700000047683716,0.8799999952316284,0.8500000238418579,0.8600000143051147,2026737.0,0.0,0.0,0.0,SILK.KA,
2024-06-06 00:00:00+05:00,0.8700000047683716,0.8700000047683716,0.8299999833106995,0.8399999737739563,2045322.0,0.0,0.0,0.0,SILK.KA,
2024-06-07 00:00:00+05:00,0.949999988079071,0.949999988079071,0.8100000023841858,0.8899999856948853,5023834.0,0.0,0.0,0.0,SILK.KA,
2024-06-10 00:00:00+05:00,0.8799999952316284,0.8999999761581421,0.8600000143051147,0.8700000047683716,1910073.0,0.0,0.0,0.0,SILK.KA,
2024-06-11 00:00:00+05:00,0.8899999856948853,0.8999999761581421,0.8700000047683716,0.8799999952316284,1793720.0,0.0,0.0,0.0,SILK.KA,
2024-06-12 00:00:00+05:00,0.8899999856948853,0.9100000262260437,0.8600000143051147,0.8700000047683716,756542.0,0.0,0.0,0.0,SILK.KA,
2024-06-13 00:00:00+05:00,0.8999999761581421,0.8999999761581421,0.8500000238418579,0.8600000143051147,958475.0,0.0,0.0,0.0,SILK.KA,
2024-06-14 00:00:00+05:00,0.8700000047683716,0.8799999952316284,0.8500000238418579,0.8600000143051147,847441.0,0.0,0.0,0.0,SILK.KA,
2024-06-20 00:00:00+05:00,0.8899999856948853,1.1299999952316284,0.8899999856948853,1.090000033378601,53586473.0,0.0,0.0,0.0,SILK.KA,
2024-06-21 00:00:00+05:00,1.100000023841858,1.1399999856948853,0.9800000190734863,1.0,18119926.0,0.0,0.0,0.0,SILK.KA,
2024-06-24 00:00:00+05:00,1.0499999523162842,1.0499999523162842,0.9599999785423279,0.9800000190734863,3485153.0,0.0,0.0,0.0,SILK.KA,
2024-06-25 00:00:00+05:00,1.0,1.0,0.9399999976158142,0.949999988079071,2348155.0,0.0,0.0,0.0,SILK.KA,
2024-06-26 00:00:00+05:00,0.9700000286102295,0.9700000286102295,0.8999999761581421,0.9200000166893005,2361430.0,0.0,0.0,0.0,SILK.KA,
2024-06-27 00:00:00+05:00,0.949999988079071,0.9599999785423279,0.9200000166893005,0.9399999976158142,1288423.0,0.0,0.0,0.0,SILK.KA,
2024-06-28 00:00:00+05:00,0.9800000190734863,0.9900000095367432,0.8999999761581421,0.9100000262260437,2053451.0,0.0,0.0,0.0,SILK.KA,
2024-07-01 00:00:00+05:00,0.8999999761581421,0.9599999785423279,0.8999999761581421,0.9300000071525574,2573481.0,0.0,0.0,0.0,SILK.KA,
2024-07-02 00:00:00+05:00,0.9599999785423279,0.9700000286102295,0.8999999761581421,0.9399999976158142,2137998.0,0.0,0.0,0.0,SILK.KA,
2024-07-03 00:00:00+05:00,0.9599999785423279,1.0499999523162842,0.9100000262260437,0.9700000286102295,7880294.0,0.0,0.0,0.0,SILK.KA,
2024-07-04 00:00:00+05:00,0.9900000095367432,1.0199999809265137,0.9399999976158142,0.9599999785423279,3006100.0,0.0,0.0,0.0,SILK.KA,
2024-07-05 00:00:00+05:00,0.949999988079071,1.0399999618530273,0.949999988079071,0.9800000190734863,5531371.0,0.0,0.0,0.0,SILK.KA,
2024-07-08 00:00:00+05:00,0.9900000095367432,1.0,0.949999988079071,0.9700000286102295,1855453.0,0.0,0.0,0.0,SILK.KA,
2024-07-09 00:00:00+05:00,0.9700000286102295,1.0,0.949999988079071,0.949999988079071,4359910.0,0.0,0.0,0.0,SILK.KA,
2024-07-10 00:00:00+05:00,0.9800000190734863,1.0199999809265137,0.9399999976158142,0.949999988079071,6840217.0,0.0,0.0,0.0,SILK.KA,
2024-07-11 00:00:00+05:00,0.949999988079071,1.0,0.9399999976158142,0.9599999785423279,3912996.0,0.0,0.0,0.0,SILK.KA,
2024-07-12 00:00:00+05:00,0.9300000071525574,1.0099999904632568,0.9200000166893005,0.9700000286102295,2730412.0,0.0,0.0,0.0,SILK.KA,
2024-07-15 00:00:00+05:00,1.0,1.090000033378601,0.949999988079071,0.9700000286102295,1588548.0,0.0,0.0,0.0,SILK.KA,
2024-07-16 00:00:00+05:00,0.9700000286102295,0.9700000286102295,0.9700000286102295,0.9700000286102295,0.0,0.0,0.0,0.0,SILK.KA,
2024-07-17 00:00:00+05:00,0.9700000286102295,0.9700000286102295,0.9700000286102295,0.9700000286102295,0.0,0.0,0.0,0.0,SILK.KA,
2024-07-18 00:00:00+05:00,0.9900000095367432,1.0,0.9399999976158142,0.949999988079071,909712.0,0.0,0.0,0.0,SILK.KA,
2024-07-19 00:00:00+05:00,0.9900000095367432,0.9900000095367432,0.8999999761581421,0.9100000262260437,1804472.0,0.0,0.0,0.0,SILK.KA,
2024-07-22 00:00:00+05:00,0.9599999785423279,1.0199999809265137,0.8999999761581421,1.0,9719653.0,0.0,0.0,0.0,SILK.KA,
2024-07-23 00:00:00+05:00,1.0299999713897705,1.0700000524520874,0.9800000190734863,1.0,10555515.0,0.0,0.0,0.0,SILK.KA,
2024-07-24 00:00:00+05:00,1.0399999618530273,1.1399999856948853,1.0,1.100000023841858,36867747.0,0.0,0.0,0.0,SILK.KA,
2024-07-25 00:00:00+05:00,1.149999976158142,1.1699999570846558,1.0800000429153442,1.090000033378601,10058859.0,0.0,0.0,0.0,SILK.KA,
2024-07-26 00:00:00+05:00,1.090000033378601,1.100000023841858,1.0099999904632568,1.0299999713897705,7068772.0,0.0,0.0,0.0,SILK.KA,
2024-07-29 00:00:00+05:00,1.0499999523162842,1.0700000524520874,1.0,1.0099999904632568,3456156.0,0.0,0.0,0.0,SILK.KA,
2024-07-30 00:00:00+05:00,1.0099999904632568,1.0499999523162842,0.9700000286102295,0.9800000190734863,2826276.0,0.0,0.0,0.0,SILK.KA,
2024-07-31 00:00:00+05:00,1.0199999809265137,1.0700000524520874,0.9700000286102295,0.9800000190734863,7768795.0,0.0,0.0,0.0,SILK.KA,
2024-08-01 00:00:00+05:00,1.0299999713897705,1.0299999713897705,0.9700000286102295,0.9800000190734863,1003763.0,0.0,0.0,0.0,SILK.KA,
2024-08-02 00:00:00+05:00,1.0199999809265137,1.0199999809265137,0.9800000190734863,0.9900000095367432,9916981.0,0.0,0.0,0.0,SILK.KA,
2024-08-05 00:00:00+05:00,1.0399999618530273,1.0399999618530273,0.9399999976158142,0.9599999785423279,5288050.0,0.0,0.0,0.0,SILK.KA,
2024-08-06 00:00:00+05:00,0.9700000286102295,1.0099999904632568,0.9599999785423279,0.9700000286102295,2685608.0,0.0,0.0,0.0,SILK.KA,
2024-08-07 00:00:00+05:00,0.9900000095367432,1.0299999713897705,0.949999988079071,0.9700000286102295,16935535.0,0.0,0.0,0.0,SILK.KA,
2024-08-08 00:00:00+05:00,1.0299999713897705,1.0399999618530273,0.9599999785423279,0.9599999785423279,1938715.0,0.0,0.0,0.0,SILK.KA,
2024-08-09 00:00:00+05:00,1.0,1.0,0.949999988079071,0.949999988079071,2253502.0,0.0,0.0,0.0,SILK.KA,
2024-08-12 00:00:00+05:00,0.949999988079071,0.9900000095367432,0.9300000071525574,0.9399999976158142,2760402.0,0.0,0.0,0.0,SILK.KA,
2024-08-13 00:00:00+05:00,0.9700000286102295,0.9700000286102295,0.9300000071525574,0.9300000071525574,1639973.0,0.0,0.0,0.0,SILK.KA,
2024-08-15 00:00:00+05:00,0.9399999976158142,0.9900000095367432,0.9300000071525574,0.9399999976158142,3786806.0,0.0,0.0,0.0,SILK.KA,
2024-08-16 00:00:00+05:00,0.9900000095367432,1.0,0.9399999976158142,0.949999988079071,4549249.0,0.0,0.0,0.0,SILK.KA,
2024-08-19 00:00:00+05:00,0.9900000095367432,0.9900000095367432,0.9200000166893005,0.9300000071525574,2921726.0,0.0,0.0,0.0,SILK.KA,
2024-08-20 00:00:00+05:00,0.9700000286102295,0.9700000286102295,0.9200000166893005,0.9300000071525574,4264279.0,0.0,0.0,0.0,SILK.KA,
2024-08-21 00:00:00+05:00,0.9399999976158142,0.9800000190734863,0.9399999976158142,0.9700000286102295,3119216.0,0.0,0.0,0.0,SILK.KA,
2024-08-22 00:00:00+05:00,0.9700000286102295,1.0199999809265137,0.9700000286102295,0.9800000190734863,6584471.0,0.0,0.0,0.0,SILK.KA,
2024-08-23 00:00:00+05:00,1.0,1.0099999904632568,0.949999988079071,0.9599999785423279,3246807.0,0.0,0.0,0.0,SILK.KA,
2024-08-26 00:00:00+05:00,0.9800000190734863,0.9900000095367432,0.949999988079071,0.949999988079071,3208875.0,0.0,0.0,0.0,SILK.KA,
2024-08-27 00:00:00+05:00,0.949999988079071,0.9800000190734863,0.9399999976158142,0.9399999976158142,1519863.0,0.0,0.0,0.0,SILK.KA,
2024-08-28 00:00:00+05:00,0.9399999976158142,0.9900000095367432,0.9300000071525574,0.9399999976158142,2985949.0,0.0,0.0,0.0,SILK.KA,
2024-08-29 00:00:00+05:00,0.9800000190734863,0.9800000190734863,0.9300000071525574,0.9300000071525574,2974580.0,0.0,0.0,0.0,SILK.KA,
2024-08-30 00:00:00+05:00,0.9800000190734863,0.9800000190734863,0.8999999761581421,0.9100000262260437,9789914.0,0.0,0.0,0.0,SILK.KA,
2024-09-02 00:00:00+05:00,0.949999988079071,0.949999988079071,0.8999999761581421,0.9100000262260437,7166758.0,0.0,0.0,0.0,SILK.KA,
2024-09-03 00:00:00+05:00,0.9100000262260437,0.9300000071525574,0.8999999761581421,0.9100000262260437,1835911.0,0.0,0.0,0.0,SILK.KA,
2024-09-04 00:00:00+05:00,0.9599999785423279,0.9900000095367432,0.9200000166893005,0.949999988079071,9763363.0,0.0,0.0,0.0,SILK.KA,
2024-09-05 00:00:00+05:00,0.9700000286102295,0.9700000286102295,0.9300000071525574,0.9300000071525574,4526333.0,0.0,0.0,0.0,SILK.KA,
2024-09-06 00:00:00+05:00,0.9599999785423279,0.9700000286102295,0.9300000071525574,0.9399999976158142,3316913.0,0.0,0.0,0.0,SILK.KA,
2024-09-09 00:00:00+05:00,0.949999988079071,0.9700000286102295,0.9300000071525574,0.9399999976158142,1098485.0,0.0,0.0,0.0,SILK.KA,
2024-09-10 00:00:00+05:00,0.9399999976158142,0.9599999785423279,0.9300000071525574,0.9399999976158142,1959389.0,0.0,0.0,0.0,SILK.KA,
2024-09-11 00:00:00+05:00,0.9599999785423279,0.9599999785423279,0.9200000166893005,0.9200000166893005,4411688.0,0.0,0.0,0.0,SILK.KA,
2024-09-12 00:00:00+05:00,0.9300000071525574,0.9599999785423279,0.9100000262260437,0.9300000071525574,3854304.0,0.0,0.0,0.0,SILK.KA,
2024-09-13 00:00:00+05:00,0.949999988079071,1.0399999618530273,0.9200000166893005,1.0,13163245.0,0.0,0.0,0.0,SILK.KA,
2024-09-16 00:00:00+05:00,1.0,1.0199999809265137,0.9599999785423279,0.9700000286102295,2260728.0,0.0,0.0,0.0,SILK.KA,
2024-09-17 00:00:00+05:00,0.9700000286102295,0.9700000286102295,0.9700000286102295,0.9700000286102295,0.0,0.0,0.0,0.0,SILK.KA,
2024-09-18 00:00:00+05:00,0.9800000190734863,0.9800000190734863,0.9399999976158142,0.9599999785423279,2136893.0,0.0,0.0,0.0,SILK.KA,
2024-09-19 00:00:00+05:00,0.9800000190734863,0.9800000190734863,0.9200000166893005,0.9300000071525574,4590392.0,0.0,0.0,0.0,SILK.KA,
2024-09-20 00:00:00+05:00,0.9700000286102295,0.9700000286102295,0.9200000166893005,0.9399999976158142,2011931.0,0.0,0.0,0.0,SILK.KA,
2024-09-23 00:00:00+05:00,0.9800000190734863,0.9800000190734863,0.9200000166893005,0.9300000071525574,584681.0,0.0,0.0,0.0,SILK.KA,
2024-09-24 00:00:00+05:00,0.9599999785423279,0.9700000286102295,0.9300000071525574,0.9399999976158142,3171539.0,0.0,0.0,0.0,SILK.KA,
2024-09-25 00:00:00+05:00,0.9599999785423279,0.9599999785423279,0.9399999976158142,0.9399999976158142,2162563.0,0.0,0.0,0.0,SILK.KA,
2024-09-26 00:00:00+05:00,0.9599999785423279,0.9599999785423279,0.9200000166893005,0.9300000071525574,3569894.0,0.0,0.0,0.0,SILK.KA,
2024-09-27 00:00:00+05:00,0.9599999785423279,0.9800000190734863,0.9200000166893005,0.9300000071525574,2164033.0,0.0,0.0,0.0,SILK.KA,
2024-09-30 00:00:00+05:00,0.9300000071525574,0.949999988079071,0.9100000262260437,0.9100000262260437,2445326.0,0.0,0.0,0.0,SILK.KA,
2024-10-01 00:00:00+05:00,0.9399999976158142,0.9399999976158142,0.8899999856948853,0.9100000262260437,2503029.0,0.0,0.0,0.0,SILK.KA,
2024-10-02 00:00:00+05:00,0.949999988079071,0.949999988079071,0.9100000262260437,0.9200000166893005,2003623.0,0.0,0.0,0.0,SILK.KA,
2024-10-03 00:00:00+05:00,0.9200000166893005,0.949999988079071,0.9100000262260437,0.9100000262260437,999158.0,0.0,0.0,0.0,SILK.KA,
2024-10-04 00:00:00+05:00,0.949999988079071,0.949999988079071,0.8999999761581421,0.9100000262260437,3336063.0,0.0,0.0,0.0,SILK.KA,
2024-10-07 00:00:00+05:00,0.9100000262260437,0.949999988079071,0.8899999856948853,0.8999999761581421,3070608.0,0.0,0.0,0.0,SILK.KA,
2024-10-08 00:00:00+05:00,0.9200000166893005,0.9300000071525574,0.8899999856948853,0.8999999761581421,1534838.0,0.0,0.0,0.0,SILK.KA,
2024-10-09 00:00:00+05:00,0.8999999761581421,0.8999999761581421,0.8999999761581421,0.8999999761581421,0.0,0.0,0.0,0.0,SILK.KA,
2024-10-10 00:00:00+05:00,0.9200000166893005,0.9300000071525574,0.8999999761581421,0.9100000262260437,1040736.0,0.0,0.0,0.0,SILK.KA,
2024-10-11 00:00:00+05:00,0.9200000166893005,0.9599999785423279,0.8899999856948853,0.8999999761581421,3528227.0,0.0,0.0,0.0,SILK.KA,
2024-10-14 00:00:00+05:00,0.9100000262260437,0.9599999785423279,0.9100000262260437,0.9300000071525574,8291036.0,0.0,0.0,0.0,SILK.KA,
2024-10-15 00:00:00+05:00,0.9399999976158142,0.9399999976158142,0.8899999856948853,0.8999999761581421,2137743.0,0.0,0.0,0.0,SILK.KA,
2024-10-16 00:00:00+05:00,0.9200000166893005,0.9300000071525574,0.8799999952316284,0.8899999856948853,2695550.0,0.0,0.0,0.0,SILK.KA,
2024-10-17 00:00:00+05:00,0.9300000071525574,0.9300000071525574,0.8700000047683716,0.8999999761581421,6697271.0,0.0,0.0,0.0,SILK.KA,
2024-10-18 00:00:00+05:00,0.9300000071525574,0.9300000071525574,0.8899999856948853,0.8999999761581421,2236966.0,0.0,0.0,0.0,SILK.KA,
2024-10-21 00:00:00+05:00,0.9300000071525574,0.9300000071525574,0.8999999761581421,0.9200000166893005,1929210.0,0.0,0.0,0.0,SILK.KA,
2024-10-22 00:00:00+05:00,0.9399999976158142,0.9599999785423279,0.9100000262260437,0.9399999976158142,6469581.0,0.0,0.0,0.0,SILK.KA,
2024-10-23 00:00:00+05:00,0.949999988079071,0.949999988079071,0.9100000262260437,0.9200000166893005,2322420.0,0.0,0.0,0.0,SILK.KA,
2024-10-24 00:00:00+05:00,0.9399999976158142,0.949999988079071,0.9200000166893005,0.9300000071525574,4996205.0,0.0,0.0,0.0,SILK.KA,
2024-10-25 00:00:00+05:00,0.9300000071525574,0.949999988079071,0.9200000166893005,0.9399999976158142,1712607.0,0.0,0.0,0.0,SILK.KA,
2024-10-28 00:00:00+05:00,0.9599999785423279,1.0199999809265137,0.949999988079071,1.0,14091132.0,0.0,0.0,0.0,SILK.KA,
2024-10-29 00:00:00+05:00,1.0099999904632568,1.1299999952316284,1.0099999904632568,1.0800000429153442,31281039.0,0.0,0.0,0.0,SILK.KA,
2024-10-30 00:00:00+05:00,1.100000023841858,1.2899999618530273,1.100000023841858,1.1799999475479126,68504399.0,0.0,0.0,0.0,SILK.KA,
2024-10-31 00:00:00+05:00,1.2200000286102295,1.2400000095367432,1.0800000429153442,1.100000023841858,25102857.0,0.0,0.0,0.0,SILK.KA,
2024-11-01 00:00:00+05:00,1.0,1.0399999618530273,0.8899999856948853,0.9399999976158142,62534221.0,0.0,0.0,0.0,SILK.KA,
2024-11-04 00:00:00+05:00,0.9399999976158142,0.9900000095367432,0.9200000166893005,0.9300000071525574,12102164.0,0.0,0.0,0.0,SILK.KA,
2024-11-05 00:00:00+05:00,0.9300000071525574,0.9399999976158142,0.8999999761581421,0.9100000262260437,7356587.0,0.0,0.0,0.0,SILK.KA,
2024-11-06 00:00:00+05:00,0.9200000166893005,0.949999988079071,0.9100000262260437,0.9200000166893005,6738197.0,0.0,0.0,0.0,SILK.KA,
2024-11-07 00:00:00+05:00,0.949999988079071,0.949999988079071,0.9100000262260437,0.9200000166893005,8798875.0,0.0,0.0,0.0,SILK.KA,
2024-11-08 00:00:00+05:00,0.9399999976158142,0.9399999976158142,0.8999999761581421,0.9100000262260437,12937035.0,0.0,0.0,0.0,SILK.KA,
2024-11-11 00:00:00+05:00,0.9200000166893005,0.9200000166893005,0.8999999761581421,0.8999999761581421,12031513.0,0.0,0.0,0.0,SILK.KA,
2024-11-12 00:00:00+05:00,0.9200000166893005,0.9200000166893005,0.8999999761581421,0.8999999761581421,4036311.0,0.0,0.0,0.0,SILK.KA,
2024-11-13 00:00:00+05:00,0.8999999761581421,0.9100000262260437,0.8899999856948853,0.8999999761581421,6946836.0,0.0,0.0,0.0,SILK.KA,
2024-11-14 00:00:00+05:00,0.9200000166893005,0.9200000166893005,0.8899999856948853,0.8999999761581421,15533092.0,0.0,0.0,0.0,SILK.KA,
2024-11-15 00:00:00+05:00,0.9200000166893005,0.9700000286102295,0.8999999761581421,0.9300000071525574,19552820.0,0.0,0.0,0.0,SILK.KA,
2024-11-18 00:00:00+05:00,0.9300000071525574,0.9399999976158142,0.9100000262260437,0.9300000071525574,3326152.0,0.0,0.0,0.0,SILK.KA,
2024-11-19 00:00:00+05:00,0.9300000071525574,0.9300000071525574,0.9200000166893005,0.9300000071525574,3510812.0,0.0,0.0,0.0,SILK.KA,
2024-11-20 00:00:00+05:00,0.9200000166893005,0.9300000071525574,0.9100000262260437,0.9200000166893005,3704079.0,0.0,0.0,0.0,SILK.KA,
2024-11-21 00:00:00+05:00,0.9200000166893005,0.9300000071525574,0.9100000262260437,0.9200000166893005,6520954.0,0.0,0.0,0.0,SILK.KA,
2024-11-22 00:00:00+05:00,0.9300000071525574,0.9599999785423279,0.9100000262260437,0.9100000262260437,15876075.0,0.0,0.0,0.0,SILK.KA,
2024-11-25 00:00:00+05:00,0.9100000262260437,0.9300000071525574,0.8999999761581421,0.9200000166893005,2503156.0,0.0,0.0,0.0,SILK.KA,
2024-11-26 00:00:00+05:00,0.9200000166893005,0.9700000286102295,0.9100000262260437,0.9100000262260437,13751849.0,0.0,0.0,0.0,SILK.KA,
2024-11-27 00:00:00+05:00,0.9100000262260437,0.9599999785423279,0.8899999856948853,0.9200000166893005,18651425.0,0.0,0.0,0.0,SILK.KA,
2024-11-28 00:00:00+05:00,0.9399999976158142,0.9399999976158142,0.9100000262260437,0.9100000262260437,10703513.0,0.0,0.0,0.0,SILK.KA,
2024-11-29 00:00:00+05:00,0.9100000262260437,0.9399999976158142,0.9100000262260437,0.9200000166893005,3887728.0,0.0,0.0,0.0,SILK.KA,
2024-12-02 00:00:00+05:00,0.9300000071525574,0.9399999976158142,0.9100000262260437,0.9300000071525574,6204049.0,0.0,0.0,0.0,SILK.KA,
2024-12-03 00:00:00+05:00,0.9300000071525574,1.0399999618530273,0.9200000166893005,1.0299999713897705,41934015.0,0.0,0.0,0.0,SILK.KA,
2024-12-04 00:00:00+05:00,1.0499999523162842,1.0700000524520874,1.0099999904632568,1.0299999713897705,29661907.0,0.0,0.0,0.0,SILK.KA,
2024-12-05 00:00:00+05:00,1.0299999713897705,1.0800000429153442,1.0099999904632568,1.059999942779541,37881310.0,0.0,0.0,0.0,SILK.KA,
2024-12-06 00:00:00+05:00,1.0800000429153442,1.1200000047683716,1.059999942779541,1.100000023841858,33049409.0,0.0,0.0,0.0,SILK.KA,
2024-12-09 00:00:00+05:00,1.1100000143051147,1.1200000047683716,1.0700000524520874,1.090000033378601,21606822.0,0.0,0.0,0.0,SILK.KA,
2024-12-10 00:00:00+05:00,1.0800000429153442,1.090000033378601,1.0399999618530273,1.059999942779541,18982314.0,0.0,0.0,0.0,SILK.KA,
2024-12-11 00:00:00+05:00,1.059999942779541,1.100000023841858,1.059999942779541,1.0800000429153442,12736612.0,0.0,0.0,0.0,SILK.KA,
2024-12-12 00:00:00+05:00,1.090000033378601,1.090000033378601,1.0700000524520874,1.0800000429153442,8808917.0,0.0,0.0,0.0,SILK.KA,
2024-12-13 00:00:00+05:00,1.0700000524520874,1.0700000524520874,1.0199999809265137,1.0299999713897705,6917015.0,0.0,0.0,0.0,SILK.KA,
2024-12-16 00:00:00+05:00,1.0199999809265137,1.0399999618530273,1.0099999904632568,1.0299999713897705,4021842.0,0.0,0.0,0.0,SILK.KA,
2024-12-17 00:00:00+05:00,1.059999942779541,1.059999942779541,1.0199999809265137,1.0299999713897705,10292958.0,0.0,0.0,0.0,SILK.KA,
2024-12-18 00:00:00+05:00,1.0299999713897705,1.059999942779541,0.9700000286102295,0.9800000190734863,8372186.0,0.0,0.0,0.0,SILK.KA,
2024-12-19 00:00:00+05:00,1.0,1.0,0.8999999761581421,0.9200000166893005,10771446.0,0.0,0.0,0.0,SILK.KA,
2024-12-20 00:00:00+05:00,0.9200000166893005,1.0499999523162842,0.9200000166893005,0.9800000190734863,6630393.0,0.0,0.0,0.0,SILK.KA,
2024-12-23 00:00:00+05:00,0.9800000190734863,1.0399999618530273,0.9800000190734863,1.0399999618530273,6971653.0,0.0,0.0,0.0,SILK.KA,
2024-12-24 00:00:00+05:00,1.0399999618530273,1.0499999523162842,0.9900000095367432,1.0199999809265137,5222016.0,0.0,0.0,0.0,SILK.KA,
2024-12-26 00:00:00+05:00,1.0199999809265137,1.0800000429153442,1.0,1.059999942779541,16349091.0,0.0,0.0,0.0,SILK.KA,
2024-12-27 00:00:00+05:00,1.059999942779541,1.059999942779541,0.949999988079071,0.9800000190734863,25548425.0,0.0,0.0,0.0,SILK.KA,
2024-12-30 00:00:00+05:00,1.0,1.0700000524520874,1.0,1.0499999523162842,48777302.0,0.0,0.0,0.0,SILK.KA,
2024-12-31 00:00:00+05:00,1.0700000524520874,1.0700000524520874,1.0,1.0199999809265137,7398461.0,0.0,0.0,0.0,SILK.KA,
2025-01-01 00:00:00+05:00,1.0199999809265137,1.0199999809265137,1.0199999809265137,1.0199999809265137,0.0,0.0,0.0,0.0,SILK.KA,
2025-01-02 00:00:00+05:00,1.059999942779541,1.0700000524520874,1.0299999713897705,1.059999942779541,10681707.0,0.0,0.0,0.0,SILK.KA,
2025-01-03 00:00:00+05:00,1.059999942779541,1.059999942779541,1.0199999809265137,1.0399999618530273,8203488.0,0.0,0.0,0.0,SILK.KA,
2025-01-06 00:00:00+05:00,1.0499999523162842,1.0499999523162842,1.0299999713897705,1.0299999713897705,2787486.0,0.0,0.0,0.0,SILK.KA,
2025-01-07 00:00:00+05:00,1.0499999523162842,1.059999942779541,1.0299999713897705,1.0299999713897705,6262953.0,0.0,0.0,0.0,SILK.KA,
2025-01-08 00:00:00+05:00,1.0499999523162842,1.059999942779541,1.0099999904632568,1.0099999904632568,3201889.0,0.0,0.0,0.0,SILK.KA,
2025-01-09 00:00:00+05:00,1.0299999713897705,1.059999942779541,1.0,1.0,1383069.0,0.0,0.0,0.0,SILK.KA,
2025-01-10 00:00:00+05:00,1.0,1.0199999809265137,0.9800000190734863,0.9900000095367432,2696872.0,0.0,0.0,0.0,SILK.KA,
2025-01-13 00:00:00+05:00,1.0099999904632568,1.0199999809265137,0.9800000190734863,1.0,5437870.0,0.0,0.0,0.0,SILK.KA,
2025-01-14 00:00:00+05:00,1.0099999904632568,1.0700000524520874,0.9900000095367432,1.0499999523162842,7080574.0,0.0,0.0,0.0,SILK.KA,
2025-01-15 00:00:00+05:00,1.0499999523162842,1.0499999523162842,1.0099999904632568,1.0199999809265137,2848696.0,0.0,0.0,0.0,SILK.KA,
2025-01-16 00:00:00+05:00,1.0399999618530273,1.0399999618530273,1.0,1.0099999904632568,829661.0,0.0,0.0,0.0,SILK.KA,
2025-01-17 00:00:00+05:00,1.0299999713897705,1.0499999523162842,1.0,1.0199999809265137,1312409.0,0.0,0.0,0.0,SILK.KA,
2025-01-20 00:00:00+05:00,1.0399999618530273,1.0399999618530273,1.0,1.0299999713897705,2905385.0,0.0,0.0,0.0,SILK.KA,
2025-01-21 00:00:00+05:00,1.0199999809265137,1.0399999618530273,0.9900000095367432,1.0099999904632568,5673122.0,0.0,0.0,0.0,SILK.KA,
2025-01-22 00:00:00+05:00,1.0399999618530273,1.0399999618530273,1.0,1.0,462549.0,0.0,0.0,0.0,SILK.KA,
2025-01-23 00:00:00+05:00,1.0,1.0399999618530273,0.9800000190734863,0.9900000095367432,1917858.0,0.0,0.0,0.0,SILK.KA,
2025-01-24 00:00:00+05:00,1.0199999809265137,1.0199999809265137,0.9800000190734863,1.0,903256.0,0.0,0.0,0.0,SILK.KA,
2025-01-27 00:00:00+05:00,1.0099999904632568,1.0099999904632568,0.9900000095367432,0.9900000095367432,1363166.0,0.0,0.0,0.0,SILK.KA,
2025-01-28 00:00:00+05:00,1.0199999809265137,1.0399999618530273,0.9700000286102295,0.9900000095367432,2718544.0,0.0,0.0,0.0,SILK.KA,
2025-01-29 00:00:00+05:00,1.0,1.0299999713897705,0.9700000286102295,0.9700000286102295,1652364.0,0.0,0.0,0.0,SILK.KA,
2025-01-30 00:00:00+05:00,0.9800000190734863,0.9900000095367432,0.9599999785423279,0.9700000286102295,1896547.0,0.0,0.0,0.0,SILK.KA,
2025-01-31 00:00:00+05:00,0.9900000095367432,1.0199999809265137,0.9700000286102295,1.0,3353903.0,0.0,0.0,0.0,SILK.KA,
2025-02-03 00:00:00+05:00,1.0,1.0199999809265137,1.0,1.0099999904632568,955408.0,0.0,0.0,0.0,SILK.KA,
2025-02-04 00:00:00+05:00,1.0199999809265137,1.0399999618530273,1.0,1.0299999713897705,7267376.0,0.0,0.0,0.0,SILK.KA,
2025-02-06 00:00:00+05:00,1.0399999618530273,1.2100000381469727,1.0299999713897705,1.190000057220459,119523297.0,0.0,0.0,0.0,SILK.KA,
2025-02-07 00:00:00+05:00,1.190000057220459,1.2100000381469727,1.0299999713897705,1.0700000524520874,22233978.0,0.0,0.0,0.0,SILK.KA,
2025-02-10 00:00:00+05:00,1.0800000429153442,1.100000023841858,1.059999942779541,1.0700000524520874,6633706.0,0.0,0.0,0.0,SILK.KA,
2025-02-11 00:00:00+05:00,1.090000033378601,1.090000033378601,1.0499999523162842,1.0700000524520874,4161214.0,0.0,0.0,0.0,SILK.KA,
2025-02-12 00:00:00+05:00,1.059999942779541,1.090000033378601,1.0499999523162842,1.0700000524520874,2975543.0,0.0,0.0,0.0,SILK.KA,
2025-02-13 00:00:00+05:00,1.0800000429153442,1.100000023841858,1.059999942779541,1.0700000524520874,3020040.0,0.0,0.0,0.0,SILK.KA,
2025-02-14 00:00:00+05:00,1.0700000524520874,1.0700000524520874,1.0499999523162842,1.0700000524520874,2472514.0,0.0,0.0,0.0,SILK.KA,
2025-02-17 00:00:00+05:00,1.090000033378601,1.090000033378601,1.059999942779541,1.0700000524520874,1141835.0,0.0,0.0,0.0,SILK.KA,
2025-02-18 00:00:00+05:00,1.090000033378601,1.1299999952316284,1.0700000524520874,1.1200000047683716,8243307.0,0.0,0.0,0.0,SILK.KA,
2025-02-19 00:00:00+05:00,1.149999976158142,1.149999976158142,1.0800000429153442,1.100000023841858,9351874.0,0.0,0.0,0.0,SILK.KA,
2025-02-20 00:00:00+05:00,1.100000023841858,1.1100000143051147,1.0800000429153442,1.090000033378601,1801031.0,0.0,0.0,0.0,SILK.KA,
2025-02-21 00:00:00+05:00,1.100000023841858,1.1100000143051147,1.0800000429153442,1.100000023841858,2352987.0,0.0,0.0,0.0,SILK.KA,
2025-02-24 00:00:00+05:00,1.100000023841858,1.1200000047683716,1.0700000524520874,1.1100000143051147,2795550.0,0.0,0.0,0.0,SILK.KA,
2025-02-25 00:00:00+05:00,1.1299999952316284,1.1399999856948853,1.100000023841858,1.1200000047683716,4631615.0,0.0,0.0,0.0,SILK.KA,
2025-02-26 00:00:00+05:00,1.1299999952316284,1.1399999856948853,1.100000023841858,1.1299999952316284,8054547.0,0.0,0.0,0.0,SILK.KA,
2025-02-27 00:00:00+05:00,1.1399999856948853,1.1399999856948853,1.1200000047683716,1.1399999856948853,3108356.0,0.0,0.0,0.0,SILK.KA,
2025-02-28 00:00:00+05:00,1.1100000143051147,1.1399999856948853,1.0499999523162842,1.1100000143051147,3276612.0,0.0,0.0,0.0,SILK.KA,
2025-03-03 00:00:00+05:00,1.1299999952316284,1.1299999952316284,1.100000023841858,1.100000023841858,631210.0,0.0,0.0,0.0,SILK.KA,
2025-03-04 00:00:00+05:00,1.1200000047683716,1.1200000047683716,1.090000033378601,1.1200000047683716,2882193.0,0.0,0.0,0.0,SILK.KA,
2025-03-05 00:00:00+05:00,1.1299999952316284,1.1299999952316284,1.100000023841858,1.1100000143051147,1028295.0,0.0,0.0,0.0,SILK.KA,
2025-03-06 00:00:00+05:00,1.1299999952316284,1.1299999952316284,1.100000023841858,1.1100000143051147,2378778.0,0.0,0.0,0.0,SILK.KA,
2025-03-07 00:00:00+05:00,1.1200000047683716,1.159999966621399,1.1100000143051147,1.1399999856948853,6524729.0,0.0,0.0,0.0,SILK.KA,
2025-03-10 00:00:00+05:00,1.0099999904632568,1.159999966621399,1.0099999904632568,1.1399999856948853,2491257.0,0.0,0.0,0.0,SILK.KA,
2025-03-11 00:00:00+05:00,1.1799999475479126,1.2000000476837158,1.1399999856948853,1.149999976158142,14618427.0,0.0,0.0,0.0,SILK.KA,
2025-03-12 00:00:00+05:00,1.149999976158142,1.1699999570846558,1.1299999952316284,1.159999966621399,11057559.0,0.0,0.0,0.0,SILK.KA,
2025-03-13 00:00:00+05:00,1.159999966621399,1.1799999475479126,1.1399999856948853,1.1699999570846558,5719764.0,0.0,0.0,0.0,SILK.KA,
2025-03-14 00:00:00+05:00,1.1699999570846558,1.1799999475479126,1.1399999856948853,1.149999976158142,7007435.0,0.0,0.0,0.0,SILK.KA,
2025-03-17 00:00:00+05:00,1.159999966621399,1.1699999570846558,1.149999976158142,1.1699999570846558,16324496.0,0.0,0.0,0.0,SILK.KA,
2025-03-18 00:00:00+05:00,1.159999966621399,1.1699999570846558,1.149999976158142,1.149999976158142,4550235.0,0.0,0.0,0.0,SILK.KA,
2025-03-19 00:00:00+05:00,1.149999976158142,1.149999976158142,1.149999976158142,1.149999976158142,0.0,0.0,0.0,0.0,SILK.KA,
2025-03-20 00:00:00+05:00,1.149999976158142,1.149999976158142,1.149999976158142,1.149999976158142,0.0,0.0,0.0,0.0,SILK.KA,
2025-03-21 00:00:00+05:00,1.149999976158142,1.149999976158142,1.149999976158142,1.149999976158142,0.0,0.0,0.0,0.0,SILK.KA,
2025-03-24 00:00:00+05:00,1.149999976158142,1.149999976158142,1.149999976158142,1.149999976158142,0.0,0.0,0.0,0.0,SILK.KA,
2025-03-25 00:00:00+05:00,1.149999976158142,1.149999976158142,1.149999976158142,1.149999976158142,0.0,0.0,0.0,0.0,SILK.KA,
2025-03-26 00:00:00+05:00,1.149999976158142,1.149999976158142,1.149999976158142,1.149999976158142,0.0,0.0,0.0,0.0,SILK.KA,
2025-03-27 00:00:00+05:00,1.149999976158142,1.149999976158142,1.149999976158142,1.149999976158142,0.0,0.0,0.0,0.0,SILK.KA,
2025-03-28 00:00:00+05:00,1.149999976158142,1.149999976158142,1.149999976158142,1.149999976158142,0.0,0.0,0.0,0.0,SILK.KA,
2025-03-31 00:00:00+05:00,1.149999976158142,1.149999976158142,1.149999976158142,1.149999976158142,0.0,0.0,0.0,0.0,SILK.KA,
2025-04-03 00:00:00+05:00,1.149999976158142,1.149999976158142,1.149999976158142,1.149999976158142,0.0,0.0,0.0,0.0,SILK.KA,
2025-04-04 00:00:00+05:00,1.149999976158142,1.149999976158142,1.149999976158142,1.149999976158142,0.0,0.0,0.0,0.0,SILK.KA,
2021-03-29 00:00:00+05:00,12.62997650141141,12.62997650141141,11.755324363708496,11.755324363708496,5500.0,0.0,0.0,0.0,SCBPL.KA,
2021-03-30 00:00:00+05:00,11.851537453473167,12.525019212396732,11.195548304765795,12.393821716308594,13000.0,0.0,0.0,0.0,SCBPL.KA,
2021-03-31 00:00:00+05:00,12.350089979689903,13.119784079092684,12.350089979689903,12.92298698425293,25000.0,0.0,0.0,0.0,SCBPL.KA,
2021-04-01 00:00:00+05:00,12.24950294592827,12.24950294592827,12.245129585266113,12.245129585266113,1500.0,0.0,0.0,0.0,SCBPL.KA,
2021-04-02 00:00:00+05:00,11.816551965593899,13.027945518493652,11.812178604296783,13.027945518493652,3000.0,0.0,0.0,0.0,SCBPL.KA,
2021-04-05 00:00:00+05:00,12.135797706437101,13.115407943725586,12.083318214201455,13.115407943725586,2000.0,0.0,0.0,0.0,SCBPL.KA,
2021-04-06 00:00:00+05:00,12.249505187475526,14.07752773797256,12.140173653314696,13.447778701782227,48500.0,0.0,0.0,0.0,SCBPL.KA,
2021-04-07 00:00:00+05:00,12.726191518851243,13.557111062294195,12.638725952537897,13.229116439819336,25000.0,0.0,0.0,0.0,SCBPL.KA,
2021-04-08 00:00:00+05:00,13.229116439819336,13.229116439819336,13.229116439819336,13.229116439819336,0.0,0.0,0.0,0.0,SCBPL.KA,
2021-04-09 00:00:00+05:00,13.360312430196549,13.360312430196549,13.119783401489258,13.119783401489258,3000.0,0.0,0.0,0.0,SCBPL.KA,
2021-04-12 00:00:00+05:00,12.686831314543173,13.771399932407997,12.46379488492741,13.185382843017578,5000.0,0.0,0.0,0.0,SCBPL.KA,
2021-04-13 00:00:00+05:00,13.111036806446327,13.338446587807514,12.726190189947943,13.097917556762695,10500.0,0.0,0.0,0.0,SCBPL.KA,
2021-04-14 00:00:00+05:00,13.124155044555664,13.124155044555664,13.124155044555664,13.124155044555664,500.0,0.0,0.0,0.0,SCBPL.KA,
2021-04-15 00:00:00+05:00,13.124155044555664,13.124155044555664,13.124155044555664,13.124155044555664,0.0,0.0,0.0,0.0,SCBPL.KA,
2021-04-16 00:00:00+05:00,13.338447337537053,13.54836368560791,13.338447337537053,13.54836368560791,2000.0,0.0,0.0,0.0,SCBPL.KA,
2021-04-19 00:00:00+05:00,12.686830440493909,13.33844623861207,12.686830440493909,13.329699516296387,1500.0,0.0,0.0,0.0,SCBPL.KA,
2021-04-20 00:00:00+05:00,12.901118964156188,13.504628569020108,12.901118964156188,13.202874183654785,3500.0,0.0,0.0,0.0,SCBPL.KA,
2021-04-21 00:00:00+05:00,12.813654577537926,13.509003153101158,12.813654577537926,13.329699516296387,5500.0,0.0,0.0,0.0,SCBPL.KA,
2021-04-22 00:00:00+05:00,13.329699516296387,13.329699516296387,13.329699516296387,13.329699516296387,0.0,0.0,0.0,0.0,SCBPL.KA,
2021-04-23 00:00:00+05:00,13.115409746794683,13.557109211524214,13.115409746794683,13.421538352966309,6000.0,0.0,0.0,0.0,SCBPL.KA,
2021-04-26 00:00:00+05:00,13.338444698485649,14.383653704657457,13.338444698485649,14.313681602478027,73000.0,0.0,0.0,0.0,SCBPL.KA,
2021-04-27 00:00:00+05:00,13.264101959424568,14.374909935226336,13.264101959424568,14.243712425231934,5500.0,0.0,0.0,0.0,SCBPL.KA,
2021-04-28 00:00:00+05:00,14.243712425231934,14.243712425231934,14.243712425231934,14.243712425231934,0.0,0.0,0.0,0.0,SCBPL.KA,
2021-04-29 00:00:00+05:00,14.243712425231934,14.243712425231934,14.243712425231934,14.243712425231934,0.0,0.0,0.0,0.0,SCBPL.KA,
2021-04-30 00:00:00+05:00,13.985686987681124,15.280171705374224,13.985686987681124,14.855966567993164,25000.0,0.0,0.0,0.0,SCBPL.KA,
2021-05-03 00:00:00+05:00,13.775772519704438,14.934687383113246,13.74515982534421,14.383655548095703,3500.0,0.0,0.0,0.0,SCBPL.KA,
2021-05-04 00:00:00+05:00,13.347191978855838,14.82535457611084,13.347191978855838,14.82535457611084,1500.0,0.0,0.0,0.0,SCBPL.KA,
2021-05-05 00:00:00+05:00,13.775773048400879,13.775773048400879,13.775773048400879,13.775773048400879,500.0,0.0,0.0,0.0,SCBPL.KA,
2021-05-06 00:00:00+05:00,14.641678410258404,14.807862804253958,14.641678410258404,14.751009941101074,18500.0,0.0,0.0,0.0,SCBPL.KA,
2021-05-07 00:00:00+05:00,14.751009941101074,14.751009941101074,14.751009941101074,14.751009941101074,0.0,0.0,0.0,0.0,SCBPL.KA,
2021-05-10 00:00:00+05:00,14.751009941101074,14.751009941101074,14.751009941101074,14.751009941101074,0.0,0.0,0.0,0.0,SCBPL.KA,
2021-05-11 00:00:00+05:00,14.751009941101074,14.751009941101074,14.751009941101074,14.751009941101074,0.0,0.0,0.0,0.0,SCBPL.KA,
2021-05-12 00:00:00+05:00,14.751009941101074,14.751009941101074,14.751009941101074,14.751009941101074,0.0,0.0,0.0,0.0,SCBPL.KA,
2021-05-13 00:00:00+05:00,14.751009941101074,14.751009941101074,14.751009941101074,14.751009941101074,0.0,0.0,0.0,0.0,SCBPL.KA,
2021-05-14 00:00:00+05:00,14.751009941101074,14.751009941101074,14.751009941101074,14.751009941101074,0.0,0.0,0.0,0.0,SCBPL.KA,
2021-05-17 00:00:00+05:00,14.038165848010822,14.84284586452915,14.038165848010822,14.36616039276123,2000.0,0.0,0.0,0.0,SCBPL.KA,
2021-05-18 00:00:00+05:00,14.4317608222333,15.04401800927106,14.427388295415392,14.716023445129395,27000.0,0.0,0.0,0.0,SCBPL.KA,
2021-05-19 00:00:00+05:00,13.994434088904587,15.044017312879049,13.906968542195624,14.392400741577148,93500.0,0.0,0.0,0.0,SCBPL.KA,
2021-05-20 00:00:00+05:00,13.819504267919658,14.650423651475172,13.736412079324118,14.21309757232666,9000.0,0.0,0.0,0.0,SCBPL.KA,
2021-05-21 00:00:00+05:00,14.73789119720459,14.73789119720459,14.73789119720459,14.73789119720459,5000.0,0.0,0.0,0.0,SCBPL.KA,
2021-05-24 00:00:00+05:00,13.994432561247555,14.869084596325527,13.994432561247555,14.707274436950684,28000.0,0.0,0.0,0.0,SCBPL.KA,
2021-05-25 00:00:00+05:00,14.431762076341002,14.869088199866486,14.396775185690915,14.676665306091309,35000.0,0.0,0.0,0.0,SCBPL.KA,
2021-05-26 00:00:00+05:00,14.43176193881068,14.43176193881068,14.234964851446275,14.414268493652344,5500.0,0.0,0.0,0.0,SCBPL.KA,
2021-05-27 00:00:00+05:00,14.414268493652344,14.414268493652344,14.414268493652344,14.414268493652344,2500.0,0.0,0.0,0.0,SCBPL.KA,
2021-05-28 00:00:00+05:00,14.431760573572307,14.864714124816777,14.431760573572307,14.685410499572754,5000.0,0.0,0.0,0.0,SCBPL.KA,
2021-05-31 00:00:00+05:00,15.00028437943017,15.284547001941025,14.213097760210308,15.100869178771973,52000.0,0.0,0.0,0.0,SCBPL.KA,
2021-06-01 00:00:00+05:00,14.436132948185529,15.280172403267274,14.436132948185529,15.253933906555176,3000.0,0.0,0.0,0.0,SCBPL.KA,
2021-06-02 00:00:00+05:00,14.562960157731219,15.29766820787503,14.562960157731219,15.26705551147461,14500.0,0.0,0.0,0.0,SCBPL.KA,
2021-06-03 00:00:00+05:00,15.306414575625935,15.306414575625935,14.562959819727888,15.140230178833008,15500.0,0.0,0.0,0.0,SCBPL.KA,
2021-06-04 00:00:00+05:00,14.234964531598965,14.453627586364746,14.21309855977573,14.453627586364746,3000.0,0.0,0.0,0.0,SCBPL.KA,
2021-06-07 00:00:00+05:00,14.453627586364746,14.453627586364746,14.453627586364746,14.453627586364746,0.0,0.0,0.0,0.0,SCBPL.KA,
2021-06-08 00:00:00+05:00,14.453627586364746,14.453627586364746,14.453627586364746,14.453627586364746,0.0,0.0,0.0,0.0,SCBPL.KA,
2021-06-09 00:00:00+05:00,13.994433725557341,14.427387252979033,13.994433725557341,14.147497177124023,6000.0,0.0,0.0,0.0,SCBPL.KA,
2021-06-10 00:00:00+05:00,14.016299747830944,14.43175983428955,14.016299747830944,14.43175983428955,1000.0,0.0,0.0,0.0,SCBPL.KA,
2021-06-11 00:00:00+05:00,14.086273822501308,14.125633239746094,14.086273822501308,14.125633239746094,1500.0,0.0,0.0,0.0,SCBPL.KA,
2021-06-14 00:00:00+05:00,14.234962836859182,14.25682880607917,14.169364929199219,14.169364929199219,17000.0,0.0,0.0,0.0,SCBPL.KA,
2021-06-15 00:00:00+05:00,13.994433905011961,14.650422994309396,13.994433905011961,14.484238624572754,8000.0,0.0,0.0,0.0,SCBPL.KA,
2021-06-16 00:00:00+05:00,13.841370172652198,14.62855761187031,13.841370172652198,14.283069610595703,8500.0,0.0,0.0,0.0,SCBPL.KA,
2021-06-17 00:00:00+05:00,13.841374083305872,14.357419967651367,13.841374083305872,14.357419967651367,1500.0,0.0,0.0,0.0,SCBPL.KA,
2021-06-18 00:00:00+05:00,14.357419967651367,14.357419967651367,14.357419967651367,14.357419967651367,0.0,0.0,0.0,0.0,SCBPL.KA,
2021-06-21 00:00:00+05:00,13.81950365231048,14.36616039276123,13.81950365231048,14.36616039276123,40500.0,0.0,0.0,0.0,SCBPL.KA,
2021-06-22 00:00:00+05:00,13.81950365231048,14.36616039276123,13.81950365231048,14.36616039276123,11500.0,0.0,0.0,0.0,SCBPL.KA,
2021-06-23 00:00:00+05:00,14.558584853746929,14.79911385170521,14.01629980843991,14.67228889465332,26500.0,0.0,0.0,0.0,SCBPL.KA,
2021-06-24 00:00:00+05:00,14.847220625280352,14.869086595443862,14.10376596185484,14.711648941040039,18000.0,0.0,0.0,0.0,SCBPL.KA,
2021-06-25 00:00:00+05:00,14.650424003601074,14.650424003601074,14.650424003601074,14.650424003601074,10000.0,0.0,0.0,0.0,SCBPL.KA,
2021-06-28 00:00:00+05:00,13.998809465651684,14.619813472280692,13.994436938145943,14.606694221496582,8500.0,0.0,0.0,0.0,SCBPL.KA,
2021-06-29 00:00:00+05:00,14.03816632437925,14.864714006542066,14.03816632437925,14.589198112487793,56000.0,0.0,0.0,0.0,SCBPL.KA,
2021-06-30 00:00:00+05:00,14.217469568072552,15.678138684604715,14.217469568072552,14.816607475280762,56000.0,0.0,0.0,0.0,SCBPL.KA,
2021-07-01 00:00:00+05:00,14.816607475280762,14.816607475280762,14.816607475280762,14.816607475280762,0.0,0.0,0.0,0.0,SCBPL.KA,
2021-07-02 00:00:00+05:00,14.65042121508928,14.65042121508928,14.038164138793945,14.038164138793945,1000.0,0.0,0.0,0.0,SCBPL.KA,
2021-07-05 00:00:00+05:00,14.803488939284417,15.087751593128338,14.803488939284417,14.9959135055542,20000.0,0.0,0.0,0.0,SCBPL.KA,
2021-07-06 00:00:00+05:00,14.9959135055542,14.9959135055542,14.9959135055542,14.9959135055542,0.0,0.0,0.0,0.0,SCBPL.KA,
2021-07-07 00:00:00+05:00,15.08775211548023,15.306415189617624,14.23933998840321,15.223323822021484,3500.0,0.0,0.0,0.0,SCBPL.KA,
2021-07-08 00:00:00+05:00,15.087750598362515,15.306413650512695,15.087750598362515,15.306413650512695,25000.0,0.0,0.0,0.0,SCBPL.KA,
2021-07-09 00:00:00+05:00,15.306413650512695,15.306413650512695,15.306413650512695,15.306413650512695,0.0,0.0,0.0,0.0,SCBPL.KA,
2021-07-12 00:00:00+05:00,14.43175983428955,15.306411945458615,14.43175983428955,14.43175983428955,1500.0,0.0,0.0,0.0,SCBPL.KA,
2021-07-13 00:00:00+05:00,14.431760958771209,14.650424003601074,14.431760958771209,14.650424003601074,4000.0,0.0,0.0,0.0,SCBPL.KA,
2021-07-14 00:00:00+05:00,14.43176057603624,14.75975513458252,14.43176057603624,14.75975513458252,4000.0,0.0,0.0,0.0,SCBPL.KA,
2021-07-15 00:00:00+05:00,14.08190054198664,14.934686757821646,14.04254112684759,14.702902793884277,6000.0,0.0,0.0,0.0,SCBPL.KA,
2021-07-16 00:00:00+05:00,14.702902793884277,14.702902793884277,14.702902793884277,14.702902793884277,0.0,0.0,0.0,0.0,SCBPL.KA,
2021-07-19 00:00:00+05:00,15.087749481201172,15.087749481201172,14.016300271346616,15.087749481201172,21000.0,0.0,0.0,0.0,SCBPL.KA,
2021-07-20 00:00:00+05:00,15.087749481201172,15.087749481201172,15.087749481201172,15.087749481201172,0.0,0.0,0.0,0.0,SCBPL.KA,
2021-07-21 00:00:00+05:00,15.087749481201172,15.087749481201172,15.087749481201172,15.087749481201172,0.0,0.0,0.0,0.0,SCBPL.KA,
2021-07-22 00:00:00+05:00,15.087749481201172,15.087749481201172,15.087749481201172,15.087749481201172,0.0,0.0,0.0,0.0,SCBPL.KA,
2021-07-23 00:00:00+05:00,15.087749481201172,15.087749481201172,15.087749481201172,15.087749481201172,0.0,0.0,0.0,0.0,SCBPL.KA,
2021-07-26 00:00:00+05:00,15.131481891762206,15.297666271375304,14.694155806239985,14.716023445129395,7500.0,0.0,0.0,0.0,SCBPL.KA,
2021-07-27 00:00:00+05:00,14.213098544960607,14.84722173677373,14.213098544960607,14.497361183166504,34000.0,0.0,0.0,0.0,SCBPL.KA,
2021-07-28 00:00:00+05:00,14.431760611900916,14.431760611900916,14.21309757232666,14.21309757232666,5500.0,0.0,0.0,0.0,SCBPL.KA,
2021-07-29 00:00:00+05:00,14.21309757232666,14.21309757232666,14.21309757232666,14.21309757232666,1500.0,0.0,0.0,0.0,SCBPL.KA,
2021-07-30 00:00:00+05:00,13.998805943555304,15.218946007496994,13.998805943555304,14.969670295715332,23500.0,0.0,0.0,0.0,SCBPL.KA,
2021-08-02 00:00:00+05:00,14.431763092463004,14.606694221496582,14.344297527946216,14.606694221496582,1500.0,0.0,0.0,0.0,SCBPL.KA,
2021-08-03 00:00:00+05:00,14.864714622497559,14.864714622497559,14.864714622497559,14.864714622497559,1500.0,0.0,0.0,0.0,SCBPL.KA,
2021-08-04 00:00:00+05:00,13.99443414650771,14.453626183286683,13.99443414650771,14.440506935119629,29000.0,0.0,0.0,0.0,SCBPL.KA,
2021-08-05 00:00:00+05:00,14.256827664066986,14.265574384707648,14.256827664066986,14.261201858520508,2000.0,0.0,0.0,0.0,SCBPL.KA,
2021-08-06 00:00:00+05:00,14.256830215454102,14.256830215454102,14.256830215454102,14.256830215454102,500.0,0.0,0.0,0.0,SCBPL.KA,
2021-08-09 00:00:00+05:00,13.605213313979338,14.475491195682077,13.605213313979338,14.322427749633789,7500.0,0.0,0.0,0.0,SCBPL.KA,
2021-08-10 00:00:00+05:00,14.427388500529796,14.650424073279716,14.213097981540022,14.580451965332031,7500.0,0.0,0.0,0.0,SCBPL.KA,
2021-08-11 00:00:00+05:00,14.676665306091309,14.676665306091309,14.676665306091309,14.676665306091309,1500.0,0.0,0.0,0.0,SCBPL.KA,
2021-08-12 00:00:00+05:00,14.628559160402649,14.86908819460317,14.278698595359458,14.751009941101074,19000.0,0.0,0.0,0.0,SCBPL.KA,
2021-08-13 00:00:00+05:00,14.751009941101074,14.751009941101074,14.751009941101074,14.751009941101074,0.0,0.0,0.0,0.0,SCBPL.KA,
2021-08-16 00:00:00+05:00,14.751009941101074,14.751009941101074,14.751009941101074,14.751009941101074,0.0,0.0,0.0,0.0,SCBPL.KA,
2021-08-17 00:00:00+05:00,14.366162293463145,14.781622438767371,14.366162293463145,14.768503189086914,3000.0,0.0,0.0,0.0,SCBPL.KA,
2021-08-18 00:00:00+05:00,14.768503189086912,14.768503189086912,14.768503189086912,14.768503189086914,0.0,0.0,0.0,0.0,SCBPL.KA,
2021-08-19 00:00:00+05:00,14.768503189086912,14.768503189086912,14.768503189086912,14.768503189086914,0.0,0.0,0.0,0.0,SCBPL.KA,
2021-08-20 00:00:00+05:00,14.650425635874363,14.825356758534816,14.322431032086131,14.73789119720459,2000.0,0.0,0.0,0.0,SCBPL.KA,
2021-08-23 00:00:00+05:00,14.44050548915216,14.86908479178215,14.44050548915216,14.689781188964844,11000.0,0.0,0.0,0.0,SCBPL.KA,
2021-08-24 00:00:00+05:00,14.689781188964846,14.689781188964846,14.689781188964846,14.689781188964844,0.0,0.0,0.0,0.0,SCBPL.KA,
2021-08-25 00:00:00+05:00,14.32680084357566,14.847219917290625,14.213096803187423,14.549838066101074,70000.0,0.0,0.0,0.0,SCBPL.KA,
2021-08-26 00:00:00+05:00,14.479866098014707,14.606691055662845,13.627079948274737,14.484238624572754,35000.0,0.0,0.0,0.0,SCBPL.KA,
2021-08-27 00:00:00+05:00,14.484238624572754,14.484238624572754,14.484238624572754,14.484238624572754,4000.0,0.0,0.0,0.0,SCBPL.KA,
2021-08-30 00:00:00+05:00,14.650426169621534,14.650426169621534,14.606694221496582,14.606694221496582,1000.0,0.0,0.0,0.0,SCBPL.KA,
2021-08-31 00:00:00+05:00,14.56295853797186,15.700007378758439,14.43176104395289,15.057137489318848,50500.0,0.0,0.0,0.0,SCBPL.KA,
2021-09-01 00:00:00+05:00,15.044016975911138,15.044016975911138,14.479865963954506,14.549838066101074,28000.0,0.0,0.0,0.0,SCBPL.KA,
2021-09-02 00:00:00+05:00,15.481342418055771,15.481342418055771,14.322427749633789,14.322427749633789,13500.0,0.0,0.0,0.0,SCBPL.KA,
2021-09-03 00:00:00+05:00,14.06440792405139,14.06440792405139,14.042541951748921,14.05566120147705,1500.0,0.0,0.0,0.0,SCBPL.KA,
2021-09-06 00:00:00+05:00,14.05566120147705,14.05566120147705,14.05566120147705,14.05566120147705,5000.0,0.0,0.0,0.0,SCBPL.KA,
2021-09-07 00:00:00+05:00,13.8413718008523,13.845745162233513,13.01045232348972,13.775773048400879,32500.0,0.0,0.0,0.0,SCBPL.KA,
2021-09-08 00:00:00+05:00,13.36031209764946,13.732039451599121,13.36031209764946,13.732039451599121,4500.0,0.0,0.0,0.0,SCBPL.KA,
2021-09-09 00:00:00+05:00,13.463318577917057,13.95976714251114,13.435991381060445,13.586292266845703,16000.0,1.25,0.0,0.0,SCBPL.KA,
2021-09-10 00:00:00+05:00,13.217373707211161,13.217373707211161,13.208264350891113,13.208264350891113,5000.0,0.0,0.0,0.0,SCBPL.KA,
2021-09-13 00:00:00+05:00,12.79835199146687,13.659166123993693,12.79835199146687,13.645502090454102,10500.0,0.0,0.0,0.0,SCBPL.KA,
2021-09-14 00:00:00+05:00,13.217371186954455,13.235589027404785,13.208261832371356,13.235589027404785,6000.0,0.0,0.0,0.0,SCBPL.KA,
2021-09-15 00:00:00+05:00,13.231037111030453,14.11917938774606,13.231037111030453,14.0189790725708,18500.0,0.0,0.0,0.0,SCBPL.KA,
2021-09-16 00:00:00+05:00,13.663720459278498,15.066529927065071,13.367673356403987,14.474434852600098,70000.0,0.0,0.0,0.0,SCBPL.KA,
2021-09-17 00:00:00+05:00,14.574637413024902,14.574637413024902,14.574637413024902,14.574637413024902,4500.0,0.0,0.0,0.0,SCBPL.KA,
2021-09-20 00:00:00+05:00,13.946104370238126,15.212276109711619,13.90511313944365,14.683945655822754,13000.0,0.0,0.0,0.0,SCBPL.KA,
2021-09-21 00:00:00+05:00,14.346908066597067,15.248713508005602,14.346908066597067,15.244159698486328,3500.0,0.0,0.0,0.0,SCBPL.KA,
2021-09-22 00:00:00+05:00,15.244159698486328,15.244159698486328,15.244159698486328,15.244159698486328,0.0,0.0,0.0,0.0,SCBPL.KA,
2021-09-23 00:00:00+05:00,15.690504519520449,15.690504519520449,14.98454604359162,15.298810958862305,27500.0,0.0,0.0,0.0,SCBPL.KA,
2021-09-24 00:00:00+05:00,15.298810958862305,15.298810958862305,15.298810958862305,15.298810958862305,0.0,0.0,0.0,0.0,SCBPL.KA,
2021-09-27 00:00:00+05:00,14.410668999908376,15.47643917402891,14.410668999908376,15.307920455932617,5000.0,0.0,0.0,0.0,SCBPL.KA,
2021-09-28 00:00:00+05:00,15.307920455932617,15.307920455932617,15.307920455932617,15.307920455932617,0.0,0.0,0.0,0.0,SCBPL.KA,
2021-09-29 00:00:00+05:00,13.823132473136608,15.804372366891723,13.823132473136608,14.97544002532959,5000.0,0.0,0.0,0.0,SCBPL.KA,
2021-09-30 00:00:00+05:00,14.975437968038651,16.095862618105848,14.970882421633497,15.827142715454102,36000.0,0.0,0.0,0.0,SCBPL.KA,
2021-10-01 00:00:00+05:00,15.827142715454102,15.827142715454102,15.827142715454102,15.827142715454102,0.0,0.0,0.0,0.0,SCBPL.KA,
2021-10-04 00:00:00+05:00,15.827142715454102,15.827142715454102,15.827142715454102,15.827142715454102,0.0,0.0,0.0,0.0,SCBPL.KA,
2021-10-05 00:00:00+05:00,15.827142715454102,15.827142715454102,15.827142715454102,15.827142715454102,500.0,0.0,0.0,0.0,SCBPL.KA,
2021-10-06 00:00:00+05:00,15.485549926757812,15.485549926757812,15.485549926757812,15.485549926757812,500.0,0.0,0.0,0.0,SCBPL.KA,
2021-10-07 00:00:00+05:00,15.025540483546646,16.350921456259506,15.025540483546646,15.767934799194336,7000.0,0.0,0.0,0.0,SCBPL.KA,
2021-10-08 00:00:00+05:00,15.07563794095376,15.890907033415026,15.07563794095376,15.863580703735352,5000.0,0.0,0.0,0.0,SCBPL.KA,
2021-10-11 00:00:00+05:00,14.847910910604796,14.857020267320934,14.802365864456249,14.8388032913208,4000.0,0.0,0.0,0.0,SCBPL.KA,
2021-10-12 00:00:00+05:00,14.110069254641964,15.89090751958152,14.110069254641964,15.403568267822266,20500.0,0.0,0.0,0.0,SCBPL.KA,
2021-10-13 00:00:00+05:00,15.403568267822266,15.403568267822266,15.403568267822266,15.403568267822266,0.0,0.0,0.0,0.0,SCBPL.KA,
2021-10-14 00:00:00+05:00,14.579188579123935,16.34636353149503,14.579188579123935,15.804369926452637,22500.0,0.0,0.0,0.0,SCBPL.KA,
2021-10-15 00:00:00+05:00,15.348912796884958,16.323591232299805,15.348912796884958,16.323591232299805,1000.0,0.0,0.0,0.0,SCBPL.KA,
2021-10-18 00:00:00+05:00,16.760828753123967,16.760828753123967,15.371684297434737,16.309926986694336,19500.0,0.0,0.0,0.0,SCBPL.KA,
2021-10-19 00:00:00+05:00,16.309926986694336,16.309926986694336,16.309926986694336,16.309926986694336,0.0,0.0,0.0,0.0,SCBPL.KA,
2021-10-20 00:00:00+05:00,15.603968838270347,16.396465431951412,15.603968838270347,16.259828567504883,14000.0,0.0,0.0,0.0,SCBPL.KA,
2021-10-21 00:00:00+05:00,16.259826518587825,16.39190955712942,15.94100605009948,16.328144073486328,18500.0,0.0,0.0,0.0,SCBPL.KA,
2021-10-22 00:00:00+05:00,16.328145016848826,16.391910504175982,15.71327830007934,16.255271911621094,4000.0,0.0,0.0,0.0,SCBPL.KA,
2021-10-25 00:00:00+05:00,15.257820958048056,16.255271911621094,15.257820958048056,16.255271911621094,1000.0,0.0,0.0,0.0,SCBPL.KA,
2021-10-26 00:00:00+05:00,15.941008567810059,15.941008567810059,15.941008567810059,15.941008567810059,2000.0,0.0,0.0,0.0,SCBPL.KA,
2021-10-27 00:00:00+05:00,15.941006327572067,16.346363067626953,15.941006327572067,16.346363067626953,1000.0,0.0,0.0,0.0,SCBPL.KA,
2021-10-28 00:00:00+05:00,15.736053209604083,16.738059861738822,15.12118639945184,16.291711807250977,66500.0,0.0,0.0,0.0,SCBPL.KA,
2021-10-29 00:00:00+05:00,16.168735025531618,16.168735025531618,15.84991455078125,15.84991455078125,1500.0,0.0,0.0,0.0,SCBPL.KA,
2021-11-01 00:00:00+05:00,15.713279988579202,15.713279988579202,15.257822597605893,15.663179397583008,62000.0,0.0,0.0,0.0,SCBPL.KA,
2021-11-02 00:00:00+05:00,15.4400053024292,15.4400053024292,15.4400053024292,15.4400053024292,3000.0,0.0,0.0,0.0,SCBPL.KA,
2021-11-03 00:00:00+05:00,14.825136819850078,15.4400053024292,14.825136819850078,15.4400053024292,3000.0,0.0,0.0,0.0,SCBPL.KA,
2021-11-04 00:00:00+05:00,14.829691958526174,15.412676811218262,14.829691958526174,15.412676811218262,1000.0,0.0,0.0,0.0,SCBPL.KA,
2021-11-05 00:00:00+05:00,15.257821097199827,15.257821097199827,15.030092424107291,15.253267288208008,3000.0,0.0,0.0,0.0,SCBPL.KA,
2021-11-08 00:00:00+05:00,14.715827174714565,15.143956445750542,14.68849910903624,15.01642894744873,34000.0,0.0,0.0,0.0,SCBPL.KA,
2021-11-09 00:00:00+05:00,15.66773422028595,15.66773422028595,14.975438809512834,15.02553939819336,10500.0,0.0,0.0,0.0,SCBPL.KA,
2021-11-10 00:00:00+05:00,15.435448851728626,15.435448851728626,14.374233292725647,14.94355583190918,18500.0,0.0,0.0,0.0,SCBPL.KA,
2021-11-11 00:00:00+05:00,14.688500575335167,14.984548568725586,14.688500575335167,14.984548568725586,1500.0,0.0,0.0,0.0,SCBPL.KA,
2021-11-12 00:00:00+05:00,14.984548568725586,14.984548568725586,14.984548568725586,14.984548568725586,0.0,0.0,0.0,0.0,SCBPL.KA,
2021-11-15 00:00:00+05:00,14.802364349365234,14.802364349365234,14.802364349365234,14.802364349365234,11500.0,0.0,0.0,0.0,SCBPL.KA,
2021-11-16 00:00:00+05:00,14.15106058290777,15.212277106673412,14.12828806151438,15.052865982055664,2500.0,0.0,0.0,0.0,SCBPL.KA,
2021-11-17 00:00:00+05:00,15.052865982055664,15.052865982055664,15.052865982055664,15.052865982055664,0.0,0.0,0.0,0.0,SCBPL.KA,
2021-11-18 00:00:00+05:00,14.14650486052891,14.957219245536756,14.14650486052891,14.820582389831543,3500.0,0.0,0.0,0.0,SCBPL.KA,
2021-11-19 00:00:00+05:00,14.574636078570007,14.979992866516113,14.574636078570007,14.979992866516113,10500.0,0.0,0.0,0.0,SCBPL.KA,
2021-11-22 00:00:00+05:00,14.579188835557924,14.966328620910645,14.574635026582147,14.966328620910645,4500.0,0.0,0.0,0.0,SCBPL.KA,
2021-11-23 00:00:00+05:00,14.966328620910645,14.966328620910645,14.966328620910645,14.966328620910645,0.0,0.0,0.0,0.0,SCBPL.KA,
2021-11-24 00:00:00+05:00,14.583745549821844,15.48555095581574,14.437999326879316,14.847909927368164,18500.0,0.0,0.0,0.0,SCBPL.KA,
2021-11-25 00:00:00+05:00,14.524534431030581,15.257821033306973,14.524534431030581,14.893455505371094,1000.0,0.0,0.0,0.0,SCBPL.KA,
2021-11-26 00:00:00+05:00,15.257822036743164,15.257822036743164,15.257822036743164,15.257822036743164,500.0,0.0,0.0,0.0,SCBPL.KA,
2021-11-29 00:00:00+05:00,14.57463397401752,15.030091285705566,14.57463397401752,15.030091285705566,26000.0,0.0,0.0,0.0,SCBPL.KA,
2021-11-30 00:00:00+05:00,14.579187849759656,14.934445735964871,14.579187849759656,14.752262115478516,4500.0,0.0,0.0,0.0,SCBPL.KA,
2021-12-01 00:00:00+05:00,14.529089756864526,14.802364349365234,14.524535078972649,14.802364349365234,1500.0,0.0,0.0,0.0,SCBPL.KA,
2021-12-02 00:00:00+05:00,14.797812031769178,14.802365841404084,14.119179725646973,14.119179725646973,12000.0,0.0,0.0,0.0,SCBPL.KA,
2021-12-03 00:00:00+05:00,14.119177335615326,14.119177335615326,13.718375264452218,14.082740783691406,6500.0,0.0,0.0,0.0,SCBPL.KA,
2021-12-06 00:00:00+05:00,14.082740783691406,14.082740783691406,14.082740783691406,14.082740783691406,0.0,0.0,0.0,0.0,SCBPL.KA,
2021-12-07 00:00:00+05:00,13.4405458775582,14.073631286621094,13.435991200024148,14.073631286621094,7000.0,0.0,0.0,0.0,SCBPL.KA,
2021-12-08 00:00:00+05:00,14.324134826660156,14.324134826660156,14.324134826660156,14.324134826660156,1000.0,0.0,0.0,0.0,SCBPL.KA,
2021-12-09 00:00:00+05:00,15.253267815990151,15.253267815990151,13.504310607910156,13.504310607910156,12500.0,0.0,0.0,0.0,SCBPL.KA,
2021-12-10 00:00:00+05:00,14.483544002184015,14.483544002184015,13.663721084594727,13.663721084594727,11500.0,0.0,0.0,0.0,SCBPL.KA,
2021-12-13 00:00:00+05:00,14.506318092346191,14.506318092346191,14.506318092346191,14.506318092346191,500.0,0.0,0.0,0.0,SCBPL.KA,
2021-12-14 00:00:00+05:00,13.435991542170076,13.89144888258262,13.435991542170076,13.741147994995117,4500.0,0.0,0.0,0.0,SCBPL.KA,
2021-12-15 00:00:00+05:00,13.217371400282536,14.756817601038158,13.208262045552411,14.460769653320312,30000.0,0.0,0.0,0.0,SCBPL.KA,
2021-12-16 00:00:00+05:00,13.759367954364514,14.346908430899342,13.66372231514223,14.119179725646973,24000.0,0.0,0.0,0.0,SCBPL.KA,
2021-12-17 00:00:00+05:00,14.119179725646973,14.119179725646973,14.119179725646973,14.119179725646973,0.0,0.0,0.0,0.0,SCBPL.KA,
2021-12-20 00:00:00+05:00,14.073632789968244,14.119178701458084,14.073632789968244,14.1146240234375,12000.0,0.0,0.0,0.0,SCBPL.KA,
2021-12-21 00:00:00+05:00,14.1146240234375,14.1146240234375,14.1146240234375,14.1146240234375,0.0,0.0,0.0,0.0,SCBPL.KA,
2021-12-22 00:00:00+05:00,14.1146240234375,14.1146240234375,14.1146240234375,14.1146240234375,0.0,0.0,0.0,0.0,SCBPL.KA,
2021-12-23 00:00:00+05:00,14.114625047295997,14.119179725646973,13.891451020394602,14.119179725646973,21500.0,0.0,0.0,0.0,SCBPL.KA,
2021-12-24 00:00:00+05:00,13.891450231037442,14.346907615661621,13.891450231037442,14.346907615661621,7500.0,0.0,0.0,0.0,SCBPL.KA,
2021-12-27 00:00:00+05:00,13.722928560774488,14.97088150345344,13.722928560774488,14.469879150390625,7000.0,0.0,0.0,0.0,SCBPL.KA,
2021-12-28 00:00:00+05:00,14.16927882290012,14.752263690820515,14.119178235044718,14.223933219909668,4000.0,0.0,0.0,0.0,SCBPL.KA,
2021-12-29 00:00:00+05:00,13.896005068676416,15.289704438387659,13.896005068676416,15.01187515258789,19500.0,0.0,0.0,0.0,SCBPL.KA,
2021-12-30 00:00:00+05:00,15.011874575501697,16.136854841171647,15.011874575501697,15.895462989807129,11000.0,0.0,0.0,0.0,SCBPL.KA,
2021-12-31 00:00:00+05:00,15.895463819408615,17.08420616382748,14.984549027177339,16.61508560180664,32000.0,0.0,0.0,0.0,SCBPL.KA,
2022-01-03 00:00:00+05:00,16.61508560180664,16.61508560180664,16.61508560180664,16.61508560180664,500.0,0.0,0.0,0.0,SCBPL.KA,
2022-01-04 00:00:00+05:00,16.61508560180664,16.61508560180664,16.61508560180664,16.61508560180664,0.0,0.0,0.0,0.0,SCBPL.KA,
2022-01-05 00:00:00+05:00,16.61508560180664,16.61508560180664,16.61508560180664,16.61508560180664,0.0,0.0,0.0,0.0,SCBPL.KA,
2022-01-06 00:00:00+05:00,15.490103573004312,16.264381408691406,15.490103573004312,16.264381408691406,1000.0,0.0,0.0,0.0,SCBPL.KA,
2022-01-07 00:00:00+05:00,16.806377410888672,16.806377410888672,16.806377410888672,16.806377410888672,500.0,0.0,0.0,0.0,SCBPL.KA,
2022-01-10 00:00:00+05:00,16.806377410888672,16.806377410888672,16.806377410888672,16.806377410888672,0.0,0.0,0.0,0.0,SCBPL.KA,
2022-01-11 00:00:00+05:00,15.74060593838566,16.79271125793457,15.736050392127275,16.79271125793457,1500.0,0.0,0.0,0.0,SCBPL.KA,
2022-01-12 00:00:00+05:00,16.396465301513672,16.396465301513672,16.396465301513672,16.396465301513672,1000.0,0.0,0.0,0.0,SCBPL.KA,
2022-01-13 00:00:00+05:00,16.396465301513672,16.396465301513672,16.396465301513672,16.396465301513672,0.0,0.0,0.0,0.0,SCBPL.KA,
2022-01-14 00:00:00+05:00,16.396465301513672,16.396465301513672,16.396465301513672,16.396465301513672,0.0,0.0,0.0,0.0,SCBPL.KA,
2022-01-17 00:00:00+05:00,16.396466124526693,16.396466124526693,16.237056732177734,16.237056732177734,2500.0,0.0,0.0,0.0,SCBPL.KA,
2022-01-18 00:00:00+05:00,15.28514996005428,15.28514996005428,15.02098385153223,15.02553939819336,46000.0,0.0,0.0,0.0,SCBPL.KA,
2022-01-19 00:00:00+05:00,15.02553939819336,15.02553939819336,15.02553939819336,15.02553939819336,0.0,0.0,0.0,0.0,SCBPL.KA,
2022-01-20 00:00:00+05:00,14.009867877658689,14.961772918701172,14.009867877658689,14.961772918701172,9500.0,0.0,0.0,0.0,SCBPL.KA,
2022-01-21 00:00:00+05:00,15.667732101330184,15.667732101330184,14.346905212216884,15.166728019714355,10000.0,0.0,0.0,0.0,SCBPL.KA,
2022-01-24 00:00:00+05:00,14.579191222746317,14.802366122603416,14.574637413024902,14.574637413024902,3500.0,0.0,0.0,0.0,SCBPL.KA,
2022-01-25 00:00:00+05:00,15.02098433641356,15.02098433641356,14.346907615661621,14.346907615661621,6500.0,0.0,0.0,0.0,SCBPL.KA,
2022-01-26 00:00:00+05:00,14.683946371669734,14.688500180899164,14.146505667417756,14.52908992767334,5500.0,0.0,0.0,0.0,SCBPL.KA,
2022-01-27 00:00:00+05:00,14.173832025470956,14.342350745545241,14.169277348074909,14.251259803771973,4500.0,0.0,0.0,0.0,SCBPL.KA,
2022-01-28 00:00:00+05:00,14.75226442752155,14.75226442752155,13.896004925645453,14.711273193359375,4000.0,0.0,0.0,0.0,SCBPL.KA,
2022-01-31 00:00:00+05:00,14.119178131429324,14.779591649579343,14.119178131429324,14.428889274597168,25000.0,0.0,0.0,0.0,SCBPL.KA,
2022-02-01 00:00:00+05:00,14.934447795129016,14.934447795129016,14.264924895574268,14.542754173278809,8000.0,0.0,0.0,0.0,SCBPL.KA,
2022-02-02 00:00:00+05:00,15.116627602604899,15.116627602604899,14.123731389355012,14.601962089538574,15500.0,0.0,0.0,0.0,SCBPL.KA,
2022-02-03 00:00:00+05:00,14.570082734587402,14.775038051978413,14.187498432998211,14.574637413024902,21500.0,0.0,0.0,0.0,SCBPL.KA,
2022-02-04 00:00:00+05:00,14.519980169844327,14.979992205006182,14.346906756289197,14.570080757141113,8500.0,0.0,0.0,0.0,SCBPL.KA,
2022-02-07 00:00:00+05:00,14.843356132507324,14.843356132507324,14.843356132507324,14.843356132507324,2000.0,0.0,0.0,0.0,SCBPL.KA,
2022-02-08 00:00:00+05:00,14.979990530181441,14.979990530181441,14.305913925170898,14.305913925170898,3000.0,0.0,0.0,0.0,SCBPL.KA,
2022-02-09 00:00:00+05:00,14.305913925170898,14.305913925170898,14.305913925170898,14.305913925170898,1000.0,0.0,0.0,0.0,SCBPL.KA,
2022-02-10 00:00:00+05:00,14.233042787577194,14.242152143453081,14.233042787577194,14.237597465515137,3000.0,0.0,0.0,0.0,SCBPL.KA,
2022-02-11 00:00:00+05:00,14.164724110462558,14.433444023132324,14.164724110462558,14.433444023132324,1000.0,0.0,0.0,0.0,SCBPL.KA,
2022-02-14 00:00:00+05:00,14.30136130124409,14.387898445129395,14.30136130124409,14.387898445129395,1500.0,0.0,0.0,0.0,SCBPL.KA,
2022-02-15 00:00:00+05:00,14.961774006434212,14.961774006434212,14.251261616588712,14.674837112426758,4500.0,0.0,0.0,0.0,SCBPL.KA,
2022-02-16 00:00:00+05:00,14.16927780216987,14.33779652764482,14.128286573007657,14.219377517700195,4000.0,0.0,0.0,0.0,SCBPL.KA,
2022-02-17 00:00:00+05:00,14.779593318365274,14.779593318365274,14.119179725646973,14.119179725646973,11500.0,0.0,0.0,0.0,SCBPL.KA,
2022-02-18 00:00:00+05:00,14.893456809875175,14.893456809875175,13.987095850904966,14.055415153503418,40500.0,0.0,0.0,0.0,SCBPL.KA,
2022-02-21 00:00:00+05:00,14.551861783022762,14.551861783022762,13.982540130615234,13.982540130615234,7500.0,0.0,0.0,0.0,SCBPL.KA,
2022-02-22 00:00:00+05:00,13.982540130615234,13.982540130615234,13.982540130615234,13.982540130615234,0.0,0.0,0.0,0.0,SCBPL.KA,
2022-02-23 00:00:00+05:00,13.235589027404785,13.235589027404785,13.235589027404785,13.235589027404785,1000.0,0.0,0.0,0.0,SCBPL.KA,
2022-02-24 00:00:00+05:00,13.654610633850098,13.654610633850098,13.654610633850098,13.654610633850098,1500.0,0.0,0.0,0.0,SCBPL.KA,
2022-02-25 00:00:00+05:00,13.932440453226203,14.324134053543093,13.932440453226203,14.196605682373047,5000.0,0.0,0.0,0.0,SCBPL.KA,
2022-02-28 00:00:00+05:00,14.346907615661621,14.346907615661621,14.346907615661621,14.346907615661621,500.0,0.0,0.0,0.0,SCBPL.KA,
2022-03-01 00:00:00+05:00,14.346907615661621,14.346907615661621,14.346907615661621,14.346907615661621,0.0,0.0,0.0,0.0,SCBPL.KA,
2022-03-02 00:00:00+05:00,14.346907615661621,14.346907615661621,14.346907615661621,14.346907615661621,0.0,0.0,0.0,0.0,SCBPL.KA,
2022-03-03 00:00:00+05:00,14.119176662329473,15.030091285705566,14.119176662329473,15.030091285705566,4500.0,0.0,0.0,0.0,SCBPL.KA,
2022-03-04 00:00:00+05:00,14.574636472716831,14.93900203704834,14.574636472716831,14.93900203704834,2000.0,0.0,0.0,0.0,SCBPL.KA,
2022-03-07 00:00:00+05:00,13.891451093465921,13.891451093465921,13.827687333648992,13.832242012023926,3000.0,0.0,0.0,0.0,SCBPL.KA,
2022-03-08 00:00:00+05:00,13.832242012023926,13.832242012023926,13.832242012023926,13.832242012023926,0.0,0.0,0.0,0.0,SCBPL.KA,
2022-03-09 00:00:00+05:00,14.23304271697998,14.23304271697998,14.23304271697998,14.23304271697998,500.0,0.0,0.0,0.0,SCBPL.KA,
2022-03-10 00:00:00+05:00,14.23304271697998,14.23304271697998,14.23304271697998,14.23304271697998,0.0,0.0,0.0,0.0,SCBPL.KA,
2022-03-11 00:00:00+05:00,14.346907615661621,14.346907615661621,14.346907615661621,14.346907615661621,1000.0,0.0,0.0,0.0,SCBPL.KA,
2022-03-14 00:00:00+05:00,14.346907615661621,14.346907615661621,14.346907615661621,14.346907615661621,0.0,0.0,0.0,0.0,SCBPL.KA,
2022-03-15 00:00:00+05:00,13.686491882975893,14.346905333096863,13.686491882975893,13.891448020935059,3500.0,0.0,0.0,0.0,SCBPL.KA,
2022-03-16 00:00:00+05:00,13.891448020935059,14.119176677015961,13.891448020935059,13.891448020935059,16000.0,0.0,0.0,0.0,SCBPL.KA,
2022-03-17 00:00:00+05:00,13.891448020935059,13.891448020935059,13.891448020935059,13.891448020935059,0.0,0.0,0.0,0.0,SCBPL.KA,
2022-03-18 00:00:00+05:00,14.017077097496125,14.017077097496125,13.891449961169013,14.012245178222656,4500.0,1.75,0.0,0.0,SCBPL.KA,
2022-03-21 00:00:00+05:00,14.374629974365234,14.374629974365234,14.374629974365234,14.374629974365234,5000.0,0.0,0.0,0.0,SCBPL.KA,
2022-03-22 00:00:00+05:00,14.374629974365234,14.374629974365234,14.374629974365234,14.374629974365234,0.0,0.0,0.0,0.0,SCBPL.KA,
2022-03-23 00:00:00+05:00,14.374629974365234,14.374629974365234,14.374629974365234,14.374629974365234,0.0,0.0,0.0,0.0,SCBPL.KA,
2022-03-24 00:00:00+05:00,14.495424756263647,14.732183250024638,14.495424756263647,14.635547637939453,2500.0,0.0,0.0,0.0,SCBPL.KA,
2022-03-25 00:00:00+05:00,14.635547637939453,14.635547637939453,14.635547637939453,14.635547637939453,0.0,0.0,0.0,0.0,SCBPL.KA,
2022-03-28 00:00:00+05:00,14.712858254723335,15.732370212675924,14.712858254723335,15.302338600158691,15000.0,0.0,0.0,0.0,SCBPL.KA,
2022-03-29 00:00:00+05:00,14.55340863769594,16.42331906506309,14.55340863769594,15.717873573303223,21000.0,0.0,0.0,0.0,SCBPL.KA,
2022-03-30 00:00:00+05:00,15.461786324316137,16.892001116950123,15.340991118657417,16.3170166015625,38000.0,0.0,0.0,0.0,SCBPL.KA,
2022-03-31 00:00:00+05:00,15.703377380108062,17.032124696886434,15.59224600752378,16.78087043762207,48000.0,0.0,0.0,0.0,SCBPL.KA,
2022-04-01 00:00:00+05:00,15.94496791225393,15.94496791225393,15.582582277884523,15.606740951538086,18500.0,0.0,0.0,0.0,SCBPL.KA,
2022-04-04 00:00:00+05:00,15.026924707087796,15.026924707087796,14.437443476824393,14.447107315063477,119500.0,0.0,0.0,0.0,SCBPL.KA,
2022-04-05 00:00:00+05:00,14.901297752285927,14.901297752285927,13.529064040195674,13.847963333129883,24000.0,0.0,0.0,0.0,SCBPL.KA,
2022-04-06 00:00:00+05:00,13.847963333129883,13.847963333129883,13.847963333129883,13.847963333129883,0.0,0.0,0.0,0.0,SCBPL.KA,
2022-04-07 00:00:00+05:00,13.311632285197648,13.852795252306988,13.311632285197648,13.847963333129883,6000.0,0.0,0.0,0.0,SCBPL.KA,
2022-04-08 00:00:00+05:00,14.253834590048953,14.253834590048953,14.012244173268462,14.11854362487793,6500.0,0.0,0.0,0.0,SCBPL.KA,
2022-04-11 00:00:00+05:00,14.253834010978412,15.075241763299621,14.205515745266412,14.57756519317627,32000.0,0.0,0.0,0.0,SCBPL.KA,
2022-04-12 00:00:00+05:00,14.055731991000881,14.877139862538767,14.055731991000881,14.848148345947266,16000.0,0.0,0.0,0.0,SCBPL.KA,
2022-04-13 00:00:00+05:00,14.737017213472674,14.737017213472674,14.253836321227668,14.543745040893555,6500.0,0.0,0.0,0.0,SCBPL.KA,
2022-04-14 00:00:00+05:00,14.543745040893555,14.543745040893555,14.543745040893555,14.543745040893555,0.0,0.0,0.0,0.0,SCBPL.KA,
2022-04-15 00:00:00+05:00,14.4954252243042,14.4954252243042,14.4954252243042,14.4954252243042,5000.0,0.0,0.0,0.0,SCBPL.KA,
2022-04-18 00:00:00+05:00,14.06056250304828,14.466434478759766,14.012244235159901,14.466434478759766,15500.0,0.0,0.0,0.0,SCBPL.KA,
2022-04-19 00:00:00+05:00,14.466434478759766,14.466434478759766,14.466434478759766,14.466434478759766,0.0,0.0,0.0,0.0,SCBPL.KA,
2022-04-20 00:00:00+05:00,13.794813279670059,14.485762061698892,13.794813279670059,14.331144332885742,11000.0,0.0,0.0,0.0,SCBPL.KA,
2022-04-21 00:00:00+05:00,13.587046125930026,13.915608335072829,13.587046125930026,13.674017906188965,22500.0,0.0,0.0,0.0,SCBPL.KA,
2022-04-22 00:00:00+05:00,14.471266550901419,14.4954252243042,14.471266550901419,14.4954252243042,3000.0,0.0,0.0,0.0,SCBPL.KA,
2022-04-25 00:00:00+05:00,14.012244744538698,14.978606451058608,13.963926474893835,14.674202919006348,26000.0,0.0,0.0,0.0,SCBPL.KA,
2022-04-26 00:00:00+05:00,14.03640481592669,14.596894587778992,14.03640481592669,14.480931282043457,3500.0,0.0,0.0,0.0,SCBPL.KA,
2022-04-27 00:00:00+05:00,14.253836459059658,14.505090746639302,14.253836459059658,14.39879035949707,70000.0,0.0,0.0,0.0,SCBPL.KA,
2022-04-28 00:00:00+05:00,14.012244898774092,14.012244898774092,13.480745770018963,13.847963333129883,119000.0,0.0,0.0,0.0,SCBPL.KA,
2022-04-29 00:00:00+05:00,13.847963333129883,13.847963333129883,13.847963333129883,13.847963333129883,0.0,0.0,0.0,0.0,SCBPL.KA,
2022-05-02 00:00:00+05:00,13.847963333129883,13.847963333129883,13.847963333129883,13.847963333129883,0.0,0.0,0.0,0.0,SCBPL.KA,
2022-05-03 00:00:00+05:00,13.847963333129883,13.847963333129883,13.847963333129883,13.847963333129883,0.0,0.0,0.0,0.0,SCBPL.KA,
2022-05-04 00:00:00+05:00,13.847963333129883,13.847963333129883,13.847963333129883,13.847963333129883,0.0,0.0,0.0,0.0,SCBPL.KA,
2022-05-05 00:00:00+05:00,13.847963333129883,13.847963333129883,13.847963333129883,13.847963333129883,0.0,0.0,0.0,0.0,SCBPL.KA,
2022-05-06 00:00:00+05:00,13.818972446116316,14.398788911137235,13.529063752808693,13.736831665039062,9500.0,0.0,0.0,0.0,SCBPL.KA,
2022-05-09 00:00:00+05:00,13.53389497935443,13.954261779785156,13.529063060527214,13.954261779785156,3500.0,0.0,0.0,0.0,SCBPL.KA,
2022-05-10 00:00:00+05:00,13.949430465698242,13.949430465698242,13.949430465698242,13.949430465698242,500.0,0.0,0.0,0.0,SCBPL.KA,
2022-05-11 00:00:00+05:00,13.490409008026544,14.384293740936064,13.490409008026544,14.079889297485352,3000.0,0.0,0.0,0.0,SCBPL.KA,
2022-05-12 00:00:00+05:00,13.775486946105957,13.780318865478593,13.775486946105957,13.775486946105957,3500.0,0.0,0.0,0.0,SCBPL.KA,
2022-05-13 00:00:00+05:00,14.249003956173775,14.495426314104884,13.891450217683849,14.229677200317383,7500.0,0.0,0.0,0.0,SCBPL.KA,
2022-05-16 00:00:00+05:00,14.229677200317383,14.229677200317383,14.229677200317383,14.229677200317383,0.0,0.0,0.0,0.0,SCBPL.KA,
2022-05-17 00:00:00+05:00,14.229677200317383,14.229677200317383,14.229677200317383,14.229677200317383,0.0,0.0,0.0,0.0,SCBPL.KA,
2022-05-18 00:00:00+05:00,13.722334556361348,13.915606692333771,13.722334556361348,13.891448020935059,25500.0,0.0,0.0,0.0,SCBPL.KA,
2022-05-19 00:00:00+05:00,13.606373175194864,14.012245178222656,13.606373175194864,14.012245178222656,1000.0,0.0,0.0,0.0,SCBPL.KA,
2022-05-20 00:00:00+05:00,14.012245178222656,14.012245178222656,14.012245178222656,14.012245178222656,0.0,0.0,0.0,0.0,SCBPL.KA,
2022-05-23 00:00:00+05:00,13.959094757215395,13.959094757215395,13.915608406066895,13.915608406066895,3500.0,0.0,0.0,0.0,SCBPL.KA,
2022-05-24 00:00:00+05:00,13.606372083778037,13.606372083778037,13.480744957527934,13.52906322479248,7000.0,0.0,0.0,0.0,SCBPL.KA,
2022-05-25 00:00:00+05:00,14.012245178222656,14.012245178222656,14.012245178222656,14.012245178222656,500.0,0.0,0.0,0.0,SCBPL.KA,
2022-05-26 00:00:00+05:00,13.577381134033203,13.577381134033203,13.577381134033203,13.577381134033203,500.0,0.0,0.0,0.0,SCBPL.KA,
2022-05-27 00:00:00+05:00,13.988085746765137,13.988085746765137,13.988085746765137,13.988085746765137,500.0,0.0,0.0,0.0,SCBPL.KA,
2022-05-30 00:00:00+05:00,15.031756700617251,15.031756700617251,13.287473518384576,13.432427406311035,5500.0,0.0,0.0,0.0,SCBPL.KA,
2022-05-31 00:00:00+05:00,13.52906376390472,14.133039824793324,13.52906376390472,13.68368148803711,59500.0,0.0,0.0,0.0,SCBPL.KA,
2022-06-01 00:00:00+05:00,13.577383363246263,14.277995109558105,13.529065089322655,14.277995109558105,27000.0,0.0,0.0,0.0,SCBPL.KA,
2022-06-02 00:00:00+05:00,14.920624067598085,14.920624067598085,14.906129232088368,14.910961151123047,2500.0,0.0,0.0,0.0,SCBPL.KA,
2022-06-03 00:00:00+05:00,13.794813331859249,14.64037984590022,13.794813331859249,14.625885009765625,25000.0,0.0,0.0,0.0,SCBPL.KA,
2022-06-06 00:00:00+05:00,13.543558981450133,13.934935195263797,13.52906322479248,13.52906322479248,68500.0,0.0,0.0,0.0,SCBPL.KA,
2022-06-07 00:00:00+05:00,12.99756412807106,13.577381492057027,12.99756412807106,13.52906322479248,11500.0,0.0,0.0,0.0,SCBPL.KA,
2022-06-08 00:00:00+05:00,13.1425186105471,13.1425186105471,12.90092820168847,12.963741302490234,28000.0,0.0,0.0,0.0,SCBPL.KA,
2022-06-09 00:00:00+05:00,13.504904375666364,13.504904375666364,13.045882225036621,13.045882225036621,4000.0,0.0,0.0,0.0,SCBPL.KA,
2022-06-10 00:00:00+05:00,13.867292404174805,13.867292404174805,13.867292404174805,13.867292404174805,2000.0,0.0,0.0,0.0,SCBPL.KA,
2022-06-13 00:00:00+05:00,13.045882225036621,13.045882225036621,13.045882225036621,13.045882225036621,1000.0,0.0,0.0,0.0,SCBPL.KA,
2022-06-14 00:00:00+05:00,13.045882225036621,13.045882225036621,13.045882225036621,13.045882225036621,0.0,0.0,0.0,0.0,SCBPL.KA,
2022-06-15 00:00:00+05:00,12.712486610911442,12.712486610911442,12.07952001991432,12.209979057312012,11000.0,0.0,0.0,0.0,SCBPL.KA,
2022-06-16 00:00:00+05:00,11.596339750525644,11.596339750525644,11.296767234802246,11.296767234802246,165000.0,0.0,0.0,0.0,SCBPL.KA,
2022-06-17 00:00:00+05:00,10.881232757819808,11.29676765429322,10.4512011827517,10.460865020751953,771500.0,0.0,0.0,0.0,SCBPL.KA,
2022-06-20 00:00:00+05:00,10.451201142606068,10.50918324879055,10.161293376466608,10.340069770812988,38000.0,0.0,0.0,0.0,SCBPL.KA,
2022-06-21 00:00:00+05:00,10.393220265656172,10.861905361609448,10.388388346531581,10.67829704284668,39500.0,0.0,0.0,0.0,SCBPL.KA,
2022-06-22 00:00:00+05:00,10.465697430043551,10.62997899736677,9.953525972762302,10.146798133850098,73500.0,0.0,0.0,0.0,SCBPL.KA,
2022-06-23 00:00:00+05:00,10.388387926439067,10.576828156706156,10.335237739812225,10.43187427520752,64500.0,0.0,0.0,0.0,SCBPL.KA,
2022-06-24 00:00:00+05:00,10.364228829722554,10.509182705295826,9.794075321704296,9.852056503295898,211500.0,0.0,0.0,0.0,SCBPL.KA,
2022-06-27 00:00:00+05:00,10.315911415442649,10.315911415442649,9.692607671524687,9.769916534423828,301000.0,0.0,0.0,0.0,SCBPL.KA,
2022-06-28 00:00:00+05:00,9.977684709939444,10.098479926576953,9.615299060026913,9.639458656311035,313500.0,0.0,0.0,0.0,SCBPL.KA,
2022-06-29 00:00:00+05:00,9.827898516471873,9.827898516471873,9.373708261563136,9.460680961608887,102500.0,0.0,0.0,0.0,SCBPL.KA,
2022-06-30 00:00:00+05:00,9.335053847177583,9.373708278200487,9.180436123085965,9.233586311340332,135500.0,0.0,0.0,0.0,SCBPL.KA,
2022-07-01 00:00:00+05:00,9.315726580420051,9.470344296013034,9.315726580420051,9.426857948303223,20500.0,0.0,0.0,0.0,SCBPL.KA,
2022-07-04 00:00:00+05:00,9.301232003655102,9.653953827286381,9.301232003655102,9.470345497131348,24000.0,0.0,0.0,0.0,SCBPL.KA,
2022-07-05 00:00:00+05:00,9.383372478214246,9.591140398572575,9.373708639687262,9.586308479309082,16500.0,0.0,0.0,0.0,SCBPL.KA,
2022-07-06 00:00:00+05:00,9.6346272938439,9.711936163232075,9.6346272938439,9.687776565551758,120000.0,0.0,0.0,0.0,SCBPL.KA,
2022-07-07 00:00:00+05:00,9.760252466229932,9.90520633666539,9.760252466229932,9.847224235534668,63500.0,0.0,0.0,0.0,SCBPL.KA,
2022-07-08 00:00:00+05:00,9.847224235534668,9.847224235534668,9.847224235534668,9.847224235534668,0.0,0.0,0.0,0.0,SCBPL.KA,
2022-07-11 00:00:00+05:00,9.847224235534668,9.847224235534668,9.847224235534668,9.847224235534668,0.0,0.0,0.0,0.0,SCBPL.KA,
2022-07-12 00:00:00+05:00,9.847224235534668,9.847224235534668,9.847224235534668,9.847224235534668,0.0,0.0,0.0,0.0,SCBPL.KA,
2022-07-13 00:00:00+05:00,9.905206781530403,9.905206781530403,9.760252904584739,9.866552352905273,31500.0,0.0,0.0,0.0,SCBPL.KA,
2022-07-14 00:00:00+05:00,9.760253594357044,9.895543643309013,9.67328089340544,9.876216888427734,35000.0,0.0,0.0,0.0,SCBPL.KA,
2022-07-15 00:00:00+05:00,9.856889993139033,10.050162165240895,9.808571719714966,10.021171569824219,1083000.0,0.0,0.0,0.0,SCBPL.KA,
2022-07-18 00:00:00+05:00,9.73609414858548,9.905207633972168,9.73609414858548,9.905207633972168,7000.0,0.0,0.0,0.0,SCBPL.KA,
2022-07-19 00:00:00+05:00,9.905206936155414,9.905206936155414,9.644288847667038,9.895543098449707,34500.0,0.0,0.0,0.0,SCBPL.KA,
2022-07-20 00:00:00+05:00,10.001843452453613,10.001843452453613,10.001843452453613,10.001843452453613,500.0,0.0,0.0,0.0,SCBPL.KA,
2022-07-21 00:00:00+05:00,9.66844932879407,9.929366519621443,9.566980866765267,9.827898979187012,13000.0,0.0,0.0,0.0,SCBPL.KA,
2022-07-22 00:00:00+05:00,9.668448326949626,10.141965309766558,9.668448326949626,10.040497779846191,11000.0,0.0,0.0,0.0,SCBPL.KA,
2022-07-25 00:00:00+05:00,9.711935043334961,9.711935043334961,9.711935043334961,9.711935043334961,1500.0,0.0,0.0,0.0,SCBPL.KA,
2022-07-26 00:00:00+05:00,10.074318885803223,10.074318885803223,10.074318885803223,10.074318885803223,1000.0,0.0,0.0,0.0,SCBPL.KA,
2022-07-27 00:00:00+05:00,10.069489629807208,10.098480224609375,10.069489629807208,10.098480224609375,2000.0,0.0,0.0,0.0,SCBPL.KA,
2022-07-28 00:00:00+05:00,10.050160692368722,10.267592430114746,10.050160692368722,10.267592430114746,12000.0,0.0,0.0,0.0,SCBPL.KA,
2022-07-29 00:00:00+05:00,10.02600343471546,10.750774767345494,9.977685161554577,10.528512001037598,15000.0,0.0,0.0,0.0,SCBPL.KA,
2022-08-01 00:00:00+05:00,10.26759303510626,10.26759303510626,10.151629742006968,10.262761116027832,19000.0,0.0,0.0,0.0,SCBPL.KA,
2022-08-02 00:00:00+05:00,10.267592540600218,10.267592540600218,10.079152313588786,10.175787925720215,4000.0,0.0,0.0,0.0,SCBPL.KA,
2022-08-03 00:00:00+05:00,10.146797325603512,10.359397146662555,10.103310977623382,10.228938102722168,16000.0,0.0,0.0,0.0,SCBPL.KA,
2022-08-04 00:00:00+05:00,10.146797325603512,10.335237552454547,10.146797325603512,10.228938102722168,21500.0,0.0,0.0,0.0,SCBPL.KA,
2022-08-05 00:00:00+05:00,10.243434145910658,10.629978448113423,10.146797609562812,10.393219947814941,186500.0,0.0,0.0,0.0,SCBPL.KA,
2022-08-08 00:00:00+05:00,10.393219947814941,10.393219947814941,10.393219947814941,10.393219947814941,0.0,0.0,0.0,0.0,SCBPL.KA,
2022-08-09 00:00:00+05:00,10.393219947814941,10.393219947814941,10.393219947814941,10.393219947814941,0.0,0.0,0.0,0.0,SCBPL.KA,
2022-08-10 00:00:00+05:00,10.53334089742609,10.629977424468034,10.436705291978368,10.552668571472168,129000.0,0.0,0.0,0.0,SCBPL.KA,
2022-08-11 00:00:00+05:00,10.509183523423681,10.581660466852563,10.388388310510766,10.557501792907715,39500.0,0.0,0.0,0.0,SCBPL.KA,
2022-08-12 00:00:00+05:00,10.745942615087733,10.866737834576032,10.393220795364554,10.779765129089355,49000.0,0.0,0.0,0.0,SCBPL.KA,
2022-08-15 00:00:00+05:00,10.629978801637414,11.103495817982257,10.629978801637414,10.973036766052246,37500.0,0.0,0.0,0.0,SCBPL.KA,
2022-08-16 00:00:00+05:00,11.06484227237284,11.06484227237284,10.847411423342097,11.011693000793457,12000.0,0.0,0.0,0.0,SCBPL.KA,
2022-08-17 00:00:00+05:00,10.62997868125205,10.910223536894012,10.605820007432392,10.663801193237305,114000.0,0.0,0.0,0.0,SCBPL.KA,
2022-08-18 00:00:00+05:00,10.629978773195106,10.847410525830016,10.629978773195106,10.67829704284668,41500.0,0.0,0.0,0.0,SCBPL.KA,
2022-08-19 00:00:00+05:00,10.533342892443374,10.629979437788299,10.509184216904341,10.567166328430176,63500.0,0.0,0.0,0.0,SCBPL.KA,
2022-08-22 00:00:00+05:00,10.494686029230508,10.625145058768139,10.388386591233651,10.533340454101562,71000.0,0.0,0.0,0.0,SCBPL.KA,
2022-08-23 00:00:00+05:00,10.441538823973577,10.62997906707054,10.388388633728027,10.388388633728027,71000.0,0.0,0.0,0.0,SCBPL.KA,
2022-08-24 00:00:00+05:00,10.499519002647652,10.509182840235093,10.267592430114746,10.267592430114746,27500.0,0.0,0.0,0.0,SCBPL.KA,
2022-08-25 00:00:00+05:00,10.156460870608887,10.335237254624937,9.905206627651685,10.29175090789795,2583000.0,0.0,0.0,0.0,SCBPL.KA,
2022-08-26 00:00:00+05:00,10.378724100021218,11.060009002685547,10.378724100021218,11.060009002685547,3104500.0,0.0,0.0,0.0,SCBPL.KA,
2022-08-29 00:00:00+05:00,11.22912189940313,11.354749020433278,10.871568211053138,11.291935920715332,46000.0,0.0,0.0,0.0,SCBPL.KA,
2022-08-30 00:00:00+05:00,11.349918744235175,11.349918744235175,10.876401703700928,10.90056037902832,44500.0,0.0,0.0,0.0,SCBPL.KA,
2022-08-31 00:00:00+05:00,11.089002062436384,11.117992658491378,10.973037835027547,11.108328819274902,29000.0,0.0,0.0,0.0,SCBPL.KA,
2022-09-01 00:00:00+05:00,11.113159282500717,11.127655039425758,11.064841014344896,11.074504852294922,17000.0,0.0,0.0,0.0,SCBPL.KA,
2022-09-02 00:00:00+05:00,11.08416738607884,11.113157974923569,11.064839712452887,11.069671630859375,17000.0,0.0,0.0,0.0,SCBPL.KA,
2022-09-05 00:00:00+05:00,11.021354171703747,11.021354171703747,10.828082029328167,10.987531661987305,47500.0,0.0,0.0,0.0,SCBPL.KA,
2022-09-06 00:00:00+05:00,11.251357287901715,11.251357287901715,10.55299698304105,10.677149772644043,95500.0,1.5,0.0,0.0,SCBPL.KA,
2022-09-07 00:00:00+05:00,10.734052467219739,10.863378400559734,10.656457104551453,10.759917259216309,68500.0,0.0,0.0,0.0,SCBPL.KA,
2022-09-08 00:00:00+05:00,10.63576534042059,10.997878377683657,10.63576534042059,10.842686653137207,2000.0,0.0,0.0,0.0,SCBPL.KA,
2022-09-09 00:00:00+05:00,11.096164703369139,11.096164703369139,10.842685023378218,11.09616470336914,2000.0,0.0,0.0,0.0,SCBPL.KA,
2022-09-12 00:00:00+05:00,11.122033051519717,11.923853644283334,10.997880242834443,11.810047149658203,6331500.0,0.0,0.0,0.0,SCBPL.KA,
2022-09-13 00:00:00+05:00,11.63933324087106,12.0221378601694,11.27722025648367,11.773832321166992,184500.0,0.0,0.0,0.0,SCBPL.KA,
2022-09-14 00:00:00+05:00,11.380683753296307,12.027313512006323,11.380683753296307,11.872122764587402,87500.0,0.0,0.0,0.0,SCBPL.KA,
2022-09-15 00:00:00+05:00,11.639334568722822,11.639334568722822,11.54621973430446,11.582430839538574,10000.0,0.0,0.0,0.0,SCBPL.KA,
2022-09-16 00:00:00+05:00,10.899591043646726,11.51000969310469,10.899591043646726,11.137551307678223,9500.0,0.0,0.0,0.0,SCBPL.KA,
2022-09-19 00:00:00+05:00,11.132377143072448,11.132377143072448,10.759917804696919,10.858205795288086,27500.0,0.0,0.0,0.0,SCBPL.KA,
2022-09-20 00:00:00+05:00,11.27204958623125,11.27204958623125,10.708188399781502,10.785783767700195,18000.0,0.0,0.0,0.0,SCBPL.KA,
2022-09-21 00:00:00+05:00,10.609900328268957,10.6202466403618,9.98396226015269,10.004654884338379,593500.0,0.0,0.0,0.0,SCBPL.KA,
2022-09-22 00:00:00+05:00,9.983961200917093,10.346074192319692,9.983961200917093,10.309863090515137,64500.0,0.0,0.0,0.0,SCBPL.KA,
2022-09-23 00:00:00+05:00,10.340902328491211,10.340902328491211,10.340902328491211,10.340902328491211,1000.0,0.0,0.0,0.0,SCBPL.KA,
2022-09-26 00:00:00+05:00,10.340902507784005,10.449536815329093,9.963270982850247,10.221922874450684,60500.0,0.0,0.0,0.0,SCBPL.KA,
2022-09-27 00:00:00+05:00,10.252962011790403,10.278827795951198,10.18571294632989,10.19605827331543,49000.0,0.0,0.0,0.0,SCBPL.KA,
2022-09-28 00:00:00+05:00,10.340902219683798,10.340902219683798,10.180538327629332,10.283998489379883,12000.0,0.0,0.0,0.0,SCBPL.KA,
2022-09-29 00:00:00+05:00,10.087423035538365,11.01856938260893,9.699445226479195,10.5581693649292,146000.0,0.0,0.0,0.0,SCBPL.KA,
2022-09-30 00:00:00+05:00,10.351249161657327,11.220319703967192,10.242614850529247,10.847860336303711,169000.0,0.0,0.0,0.0,SCBPL.KA,
2022-10-03 00:00:00+05:00,10.604727071492862,10.858205795288086,10.532304860888116,10.858205795288086,11500.0,0.0,0.0,0.0,SCBPL.KA,
2022-10-04 00:00:00+05:00,10.8582057147793,10.8582057147793,10.609900148822437,10.625419616699219,7000.0,0.0,0.0,0.0,SCBPL.KA,
2022-10-05 00:00:00+05:00,10.506438243875468,10.863378085822484,10.506438243875468,10.821993827819824,28000.0,0.0,0.0,0.0,SCBPL.KA,
2022-10-06 00:00:00+05:00,10.821993827819826,10.821993827819826,10.821993827819826,10.821993827819824,0.0,0.0,0.0,0.0,SCBPL.KA,
2022-10-07 00:00:00+05:00,10.527131598221628,10.578862170991679,10.475401025451578,10.485747337341309,15500.0,0.0,0.0,0.0,SCBPL.KA,
2022-10-10 00:00:00+05:00,10.449535874830481,10.449535874830481,10.351247888598587,10.361594200134277,18000.0,0.0,0.0,0.0,SCBPL.KA,
2022-10-11 00:00:00+05:00,10.377112138626664,10.377112138626664,10.294343624022389,10.309863090515137,38500.0,0.0,0.0,0.0,SCBPL.KA,
2022-10-12 00:00:00+05:00,10.340903278605701,10.475402390665073,10.29434585571289,10.29434585571289,35500.0,0.0,0.0,0.0,SCBPL.KA,
2022-10-13 00:00:00+05:00,10.346073624974405,10.578860676207718,10.320208835583358,10.480572700500488,35500.0,0.0,0.0,0.0,SCBPL.KA,
2022-10-14 00:00:00+05:00,10.32021132570497,10.44953727722168,10.32021132570497,10.44953727722168,1000.0,0.0,0.0,0.0,SCBPL.KA,
2022-10-17 00:00:00+05:00,10.346076011657715,10.351249168064987,10.346076011657715,10.346076011657715,47000.0,0.0,0.0,0.0,SCBPL.KA,
2022-10-18 00:00:00+05:00,10.346075484634966,10.346075484634966,10.299518066019818,10.340902328491211,4500.0,0.0,0.0,0.0,SCBPL.KA,
2022-10-19 00:00:00+05:00,10.346076435224763,10.346076435224763,10.29434585571289,10.29434585571289,55000.0,0.0,0.0,0.0,SCBPL.KA,
2022-10-20 00:00:00+05:00,10.320211216300049,10.346076011657715,10.320211216300049,10.346076011657715,1000.0,0.0,0.0,0.0,SCBPL.KA,
2022-10-21 00:00:00+05:00,10.247787475585938,10.247787475585938,10.247787475585938,10.247787475585938,500.0,0.0,0.0,0.0,SCBPL.KA,
2022-10-24 00:00:00+05:00,10.346075671100843,10.346075671100843,10.268480300903319,10.26848030090332,24500.0,0.0,0.0,0.0,SCBPL.KA,
2022-10-25 00:00:00+05:00,10.227095144455806,10.227095144455806,10.087422898291981,10.092596054077148,62500.0,0.0,0.0,0.0,SCBPL.KA,
2022-10-26 00:00:00+05:00,9.978790275350775,9.983962444814232,9.932232856750488,9.932232856750488,119500.0,0.0,0.0,0.0,SCBPL.KA,
2022-10-27 00:00:00+05:00,10.216750230544653,10.216750230544653,10.087424278259277,10.087424278259277,19500.0,0.0,0.0,0.0,SCBPL.KA,
2022-10-28 00:00:00+05:00,9.833945367482102,10.37194080701538,9.833945367482102,10.346076011657715,21000.0,0.0,0.0,0.0,SCBPL.KA,
2022-10-31 00:00:00+05:00,10.346075899762852,10.346075899762852,10.24261474609375,10.24261474609375,46500.0,0.0,0.0,0.0,SCBPL.KA,
2022-11-01 00:00:00+05:00,10.346076011657715,10.346076011657715,10.216750061511993,10.346076011657715,16000.0,0.0,0.0,0.0,SCBPL.KA,
2022-11-02 00:00:00+05:00,10.294345334819315,10.340902755356321,10.24261475792501,10.335729598999023,17500.0,0.0,0.0,0.0,SCBPL.KA,
2022-11-03 00:00:00+05:00,10.346076011657715,10.346076011657715,10.340902855250443,10.346076011657715,14500.0,0.0,0.0,0.0,SCBPL.KA,
2022-11-04 00:00:00+05:00,10.221922332010356,10.992704809675589,10.221922332010356,10.625419616699219,44000.0,0.0,0.0,0.0,SCBPL.KA,
2022-11-07 00:00:00+05:00,10.728880632072547,10.728880632072547,10.092597198524276,10.568516731262207,47500.0,0.0,0.0,0.0,SCBPL.KA,
2022-11-08 00:00:00+05:00,10.346076011657715,10.346076011657715,10.340902855250443,10.346076011657715,147500.0,0.0,0.0,0.0,SCBPL.KA,
2022-11-09 00:00:00+05:00,10.346076011657715,10.346076011657715,10.346076011657715,10.346076011657715,0.0,0.0,0.0,0.0,SCBPL.KA,
2022-11-10 00:00:00+05:00,10.346074840815785,10.811648011316777,10.346074840815785,10.687495231628418,38000.0,0.0,0.0,0.0,SCBPL.KA,
2022-11-11 00:00:00+05:00,10.594381599134612,10.615074224763703,10.346076011657715,10.346076011657715,51500.0,0.0,0.0,0.0,SCBPL.KA,
2022-11-14 00:00:00+05:00,10.34607462003595,10.34607462003595,10.258132946298502,10.30469036102295,10500.0,0.0,0.0,0.0,SCBPL.KA,
2022-11-15 00:00:00+05:00,10.346074809227714,10.56334241968864,10.247786822270047,10.547822952270508,8500.0,0.0,0.0,0.0,SCBPL.KA,
2022-11-16 00:00:00+05:00,10.402979745459016,10.402979745459016,10.346076011657715,10.346076011657715,144000.0,0.0,0.0,0.0,SCBPL.KA,
2022-11-17 00:00:00+05:00,10.346076011657715,10.351249168064987,10.346076011657715,10.346076011657715,157000.0,0.0,0.0,0.0,SCBPL.KA,
2022-11-18 00:00:00+05:00,10.346076011657715,10.397806589051742,10.346076011657715,10.346076011657715,270000.0,0.0,0.0,0.0,SCBPL.KA,
2022-11-21 00:00:00+05:00,10.34607516518772,10.806475194301417,10.340902009203692,10.718533515930176,12000.0,0.0,0.0,0.0,SCBPL.KA,
2022-11-22 00:00:00+05:00,10.356422324472259,10.475401961803437,10.346076011657715,10.346076011657715,27000.0,0.0,0.0,0.0,SCBPL.KA,
2022-11-23 00:00:00+05:00,10.34607442900599,10.34607442900599,10.330554962158203,10.330554962158203,6500.0,0.0,0.0,0.0,SCBPL.KA,
2022-11-24 00:00:00+05:00,10.346076011657715,10.346076011657715,10.346076011657715,10.346076011657715,48000.0,0.0,0.0,0.0,SCBPL.KA,
2022-11-25 00:00:00+05:00,10.44953716644577,10.44953716644577,10.346076011657715,10.346076011657715,1500.0,0.0,0.0,0.0,SCBPL.KA,
2022-11-28 00:00:00+05:00,10.294345434263686,10.547824178147858,10.294345434263686,10.346076011657715,13000.0,0.0,0.0,0.0,SCBPL.KA,
2022-11-29 00:00:00+05:00,10.29434585571289,10.29434585571289,10.29434585571289,10.29434585571289,1000.0,0.0,0.0,0.0,SCBPL.KA,
2022-11-30 00:00:00+05:00,10.346074987340856,10.475400924682617,10.346074987340856,10.475400924682617,25500.0,0.0,0.0,0.0,SCBPL.KA,
2022-12-01 00:00:00+05:00,10.3460774913514,10.496096088581837,10.3460774913514,10.351250648498535,12000.0,0.0,0.0,0.0,SCBPL.KA,
2022-12-02 00:00:00+05:00,10.346076964152385,10.346076964152385,10.299519538879396,10.299519538879395,11000.0,0.0,0.0,0.0,SCBPL.KA,
2022-12-05 00:00:00+05:00,10.29434585571289,10.346076435224763,10.29434585571289,10.29434585571289,3500.0,0.0,0.0,0.0,SCBPL.KA,
2022-12-06 00:00:00+05:00,10.216750765980493,10.216750765980493,10.139155387878418,10.139155387878418,6000.0,0.0,0.0,0.0,SCBPL.KA,
2022-12-07 00:00:00+05:00,10.11328932076071,10.346076435224763,10.11328932076071,10.29434585571289,6500.0,0.0,0.0,0.0,SCBPL.KA,
2022-12-08 00:00:00+05:00,10.594380796252008,10.594380796252008,10.542650222778319,10.54265022277832,2000.0,0.0,0.0,0.0,SCBPL.KA,
2022-12-09 00:00:00+05:00,10.165018713774057,10.594380796252008,10.165018713774057,10.54265022277832,12500.0,0.0,0.0,0.0,SCBPL.KA,
2022-12-12 00:00:00+05:00,10.34607626966351,10.811649504462622,10.34607626966351,10.646112442016602,25500.0,0.0,0.0,0.0,SCBPL.KA,
2022-12-13 00:00:00+05:00,10.75991779558503,10.837514148799967,10.75991779558503,10.81164836883545,25000.0,0.0,0.0,0.0,SCBPL.KA,
2022-12-14 00:00:00+05:00,10.44953727722168,10.475402072853539,10.44953727722168,10.44953727722168,20000.0,0.0,0.0,0.0,SCBPL.KA,
2022-12-15 00:00:00+05:00,10.346074918421305,10.604726791381836,10.340901762560662,10.604726791381836,15000.0,0.0,0.0,0.0,SCBPL.KA,
2022-12-16 00:00:00+05:00,10.552996669044855,10.853032814994412,10.552996669044855,10.739226341247559,25500.0,0.0,0.0,0.0,SCBPL.KA,
2022-12-19 00:00:00+05:00,10.423671384409408,10.423671384409408,10.346076011657715,10.346076011657715,18000.0,0.0,0.0,0.0,SCBPL.KA,
2022-12-20 00:00:00+05:00,10.346076011657715,10.346076011657715,10.087424111366271,10.346076011657715,49000.0,0.0,0.0,0.0,SCBPL.KA,
2022-12-21 00:00:00+05:00,10.351249168064987,10.351249168064987,10.346076011657715,10.346076011657715,5500.0,0.0,0.0,0.0,SCBPL.KA,
2022-12-22 00:00:00+05:00,10.268480722775038,10.268480722775038,10.216750144958494,10.216750144958496,5500.0,0.0,0.0,0.0,SCBPL.KA,
2022-12-23 00:00:00+05:00,10.346075038291323,10.346075038291323,10.252960205078123,10.252960205078125,1500.0,0.0,0.0,0.0,SCBPL.KA,
2022-12-26 00:00:00+05:00,10.252960205078123,10.252960205078123,10.252960205078123,10.252960205078125,0.0,0.0,0.0,0.0,SCBPL.KA,
2022-12-27 00:00:00+05:00,9.906367583826523,10.346076011657715,9.906367583826523,10.346076011657715,1500.0,0.0,0.0,0.0,SCBPL.KA,
2022-12-28 00:00:00+05:00,10.346076011657715,10.346076011657715,10.346076011657715,10.346076011657715,0.0,0.0,0.0,0.0,SCBPL.KA,
2022-12-29 00:00:00+05:00,10.294346381995865,10.340903807268853,10.190886204361613,10.299519538879395,6000.0,0.0,0.0,0.0,SCBPL.KA,
2022-12-30 00:00:00+05:00,10.346075899762852,10.346075899762852,10.24261474609375,10.24261474609375,14500.0,0.0,0.0,0.0,SCBPL.KA,
2023-01-02 00:00:00+05:00,10.216750479784453,10.315038482189134,10.216750479784453,10.29434585571289,12000.0,0.0,0.0,0.0,SCBPL.KA,
2023-01-03 00:00:00+05:00,10.24261474609375,10.24261474609375,10.24261474609375,10.24261474609375,1000.0,0.0,0.0,0.0,SCBPL.KA,
2023-01-04 00:00:00+05:00,10.21674973214379,10.315037727355957,10.190884937619954,10.315037727355957,22500.0,0.0,0.0,0.0,SCBPL.KA,
2023-01-05 00:00:00+05:00,10.252960205078123,10.252960205078123,10.252960205078123,10.252960205078125,1000.0,0.0,0.0,0.0,SCBPL.KA,
2023-01-06 00:00:00+05:00,10.252960205078123,10.252960205078123,10.252960205078123,10.252960205078125,0.0,0.0,0.0,0.0,SCBPL.KA,
2023-01-09 00:00:00+05:00,10.294345604580135,10.294345604580135,9.958098325973902,10.087424278259277,5500.0,0.0,0.0,0.0,SCBPL.KA,
2023-01-10 00:00:00+05:00,10.004655210833231,10.020174679478965,9.95292463535945,9.9891357421875,12000.0,0.0,0.0,0.0,SCBPL.KA,
2023-01-11 00:00:00+05:00,10.061559482473688,10.087424278259277,10.061559482473688,10.087424278259277,4500.0,0.0,0.0,0.0,SCBPL.KA,
2023-01-12 00:00:00+05:00,10.268480300903319,10.268480300903319,10.268480300903319,10.26848030090332,1500.0,0.0,0.0,0.0,SCBPL.KA,
2023-01-13 00:00:00+05:00,9.958098673877874,10.501267297781531,9.958098673877874,10.444364547729492,20500.0,0.0,0.0,0.0,SCBPL.KA,
2023-01-16 00:00:00+05:00,10.444364547729492,10.444364547729492,10.444364547729492,10.444364547729492,0.0,0.0,0.0,0.0,SCBPL.KA,
2023-01-17 00:00:00+05:00,9.983963012695312,9.983963012695312,9.983963012695312,9.983963012695312,500.0,0.0,0.0,0.0,SCBPL.KA,
2023-01-18 00:00:00+05:00,9.958097798713167,10.035693168640137,9.8805024287862,10.035693168640137,14500.0,0.0,0.0,0.0,SCBPL.KA,
2023-01-19 00:00:00+05:00,10.035693168640137,10.035693168640137,10.035693168640137,10.035693168640137,0.0,0.0,0.0,0.0,SCBPL.KA,
2023-01-20 00:00:00+05:00,9.85463691123575,10.397806488607927,9.85463691123575,10.335729598999023,16000.0,0.0,0.0,0.0,SCBPL.KA,
2023-01-23 00:00:00+05:00,10.335729598999023,10.335729598999023,10.335729598999023,10.335729598999023,0.0,0.0,0.0,0.0,SCBPL.KA,
2023-01-24 00:00:00+05:00,10.346075166678759,10.346075166678759,9.82877140834482,9.901193618774414,59000.0,0.0,0.0,0.0,SCBPL.KA,
2023-01-25 00:00:00+05:00,10.185712383060553,10.185712383060553,10.113289178094101,10.144328117370605,249000.0,0.0,0.0,0.0,SCBPL.KA,
2023-01-26 00:00:00+05:00,10.190884930705796,10.371940465607128,10.190884930705796,10.26848030090332,73000.0,0.0,0.0,0.0,SCBPL.KA,
2023-01-27 00:00:00+05:00,10.320210674809084,10.34607546880965,10.247787475585938,10.247787475585938,16000.0,0.0,0.0,0.0,SCBPL.KA,
2023-01-30 00:00:00+05:00,10.340901487652516,10.397805213928223,10.340901487652516,10.397805213928223,40000.0,0.0,0.0,0.0,SCBPL.KA,
2023-01-31 00:00:00+05:00,10.294344269275989,10.785783218886172,10.294344269275989,10.687495231628418,25500.0,0.0,0.0,0.0,SCBPL.KA,
2023-02-01 00:00:00+05:00,10.21674949744605,10.656457901000977,10.190884703516378,10.656457901000977,13000.0,0.0,0.0,0.0,SCBPL.KA,
2023-02-02 00:00:00+05:00,10.273653984069824,10.294345623400382,10.268480827567506,10.273653984069824,7000.0,0.0,0.0,0.0,SCBPL.KA,
2023-02-03 00:00:00+05:00,10.340902328491211,10.340902328491211,10.340902328491211,10.340902328491211,500.0,0.0,0.0,0.0,SCBPL.KA,
2023-02-06 00:00:00+05:00,10.346076011657715,10.656458489343185,10.346076011657715,10.346076011657715,11500.0,0.0,0.0,0.0,SCBPL.KA,
2023-02-07 00:00:00+05:00,10.3512488500146,10.889244273017539,10.3512488500146,10.86337947845459,87000.0,0.0,0.0,0.0,SCBPL.KA,
2023-02-08 00:00:00+05:00,10.739226688530835,10.982359112130023,10.739226688530835,10.86337947845459,28500.0,0.0,0.0,0.0,SCBPL.KA,
2023-02-09 00:00:00+05:00,10.86337906245587,11.380682827334722,10.86337906245587,11.2772216796875,37500.0,0.0,0.0,0.0,SCBPL.KA,
2023-02-10 00:00:00+05:00,11.251357109570662,11.437586784362793,11.251357109570662,11.437586784362793,9500.0,0.0,0.0,0.0,SCBPL.KA,
2023-02-13 00:00:00+05:00,11.432413519611064,11.478970937866839,11.132377372339763,11.380682945251465,3500.0,0.0,0.0,0.0,SCBPL.KA,
2023-02-14 00:00:00+05:00,11.484144865221122,11.510009660798625,11.122031807063841,11.453105926513672,320500.0,0.0,0.0,0.0,SCBPL.KA,
2023-02-15 00:00:00+05:00,11.380682945251467,11.45310515734772,11.380682945251467,11.380682945251465,21500.0,0.0,0.0,0.0,SCBPL.KA,
2023-02-16 00:00:00+05:00,11.478969963703346,11.639333842598035,11.018568976321383,11.334124565124512,112500.0,0.0,0.0,0.0,SCBPL.KA,
2023-02-17 00:00:00+05:00,11.63933353688732,11.63933353688732,11.380681680512046,11.442758560180664,45500.0,0.0,0.0,0.0,SCBPL.KA,
2023-02-20 00:00:00+05:00,11.484144776007104,11.639335521623945,11.391029933965521,11.535874366760254,289000.0,0.0,0.0,0.0,SCBPL.KA,
2023-02-21 00:00:00+05:00,11.73762282298619,11.73762282298619,11.380682945251467,11.380682945251465,25000.0,0.0,0.0,0.0,SCBPL.KA,
2023-02-22 00:00:00+05:00,11.634161674266993,11.639334830370817,11.334125526995692,11.380682945251465,56000.0,0.0,0.0,0.0,SCBPL.KA,
2023-02-23 00:00:00+05:00,11.380683130941486,11.380683130941486,11.303087761475343,11.308260917663574,17500.0,0.0,0.0,0.0,SCBPL.KA,
2023-02-24 00:00:00+05:00,10.837514423359265,11.38068298955283,10.837514423359265,11.0651273727417,17500.0,0.0,0.0,0.0,SCBPL.KA,
2023-02-27 00:00:00+05:00,10.96684046584826,11.380683092730642,10.940974684993956,11.07547378540039,4500.0,0.0,0.0,0.0,SCBPL.KA,
2023-02-28 00:00:00+05:00,11.354817625307012,11.37550926208496,11.199625909418732,11.375509262084961,9000.0,0.0,0.0,0.0,SCBPL.KA,
2023-03-01 00:00:00+05:00,11.354819297790527,11.354819297790527,11.354819297790527,11.354819297790527,14000.0,0.0,0.0,0.0,SCBPL.KA,
2023-03-02 00:00:00+05:00,11.354818670986946,11.354818670986946,11.339299201965332,11.339299201965332,14000.0,0.0,0.0,0.0,SCBPL.KA,
2023-03-03 00:00:00+05:00,11.35481893376111,11.742796788171917,11.35481893376111,11.639335632324219,280000.0,0.0,0.0,0.0,SCBPL.KA,
2023-03-06 00:00:00+05:00,11.628987839681397,11.6393341512854,11.628987839681397,11.634160995483398,12500.0,0.0,0.0,0.0,SCBPL.KA,
2023-03-07 00:00:00+05:00,11.639335178337962,11.639335178337962,11.432413861392133,11.45827865600586,3000.0,0.0,0.0,0.0,SCBPL.KA,
2023-03-08 00:00:00+05:00,11.385856141536342,11.634161715324325,11.1272042555042,11.613470077514648,19500.0,0.0,0.0,0.0,SCBPL.KA,
2023-03-09 00:00:00+05:00,11.613471119104817,11.613471119104817,11.484145164489746,11.484145164489746,13500.0,0.0,0.0,0.0,SCBPL.KA,
2023-03-10 00:00:00+05:00,11.38068320718294,11.58760452270508,11.38068320718294,11.587604522705078,5500.0,0.0,0.0,0.0,SCBPL.KA,
2023-03-13 00:00:00+05:00,11.587605139742909,11.639335718047752,11.510009765625,11.510009765625,33500.0,0.0,0.0,0.0,SCBPL.KA,
2023-03-14 00:00:00+05:00,11.62898816522616,11.62898816522616,11.61346968406431,11.61864185333252,20000.0,0.0,0.0,0.0,SCBPL.KA,
2023-03-15 00:00:00+05:00,11.385856885843936,11.768661583794488,11.385856885843936,11.639335632324219,192000.0,0.0,0.0,0.0,SCBPL.KA,
2023-03-16 00:00:00+05:00,11.231957404355603,11.91867832087309,11.231957404355603,11.569498062133789,62000.0,2.5,0.0,0.0,SCBPL.KA,
2023-03-17 00:00:00+05:00,11.63351545526333,11.639335256092998,11.348351874690673,11.476384162902832,43500.0,0.0,0.0,0.0,SCBPL.KA,
2023-03-20 00:00:00+05:00,11.75572943265288,11.813925222803665,11.639335632324219,11.639335632324219,6000.0,0.0,0.0,0.0,SCBPL.KA,
2023-03-21 00:00:00+05:00,11.633514055052183,11.697530746459961,11.47056298147483,11.697530746459961,7000.0,0.0,0.0,0.0,SCBPL.KA,
2023-03-22 00:00:00+05:00,11.639336072298773,11.784827773202508,11.464746475219727,11.464746475219727,27500.0,0.0,0.0,0.0,SCBPL.KA,
2023-03-23 00:00:00+05:00,11.464746475219727,11.464746475219727,11.464746475219727,11.464746475219727,0.0,0.0,0.0,0.0,SCBPL.KA,
2023-03-24 00:00:00+05:00,11.464746475219727,11.464746475219727,11.464746475219727,11.464746475219727,1000.0,0.0,0.0,0.0,SCBPL.KA,
2023-03-27 00:00:00+05:00,11.464746475219727,11.464746475219727,11.464746475219727,11.464746475219727,1000.0,0.0,0.0,0.0,SCBPL.KA,
2023-03-28 00:00:00+05:00,11.49384307861328,11.49384307861328,11.49384307861328,11.493843078613281,500.0,0.0,0.0,0.0,SCBPL.KA,
2023-03-29 00:00:00+05:00,11.9303176343549,11.9303176343549,11.46474470726349,11.499662399291992,18000.0,0.0,0.0,0.0,SCBPL.KA,
2023-03-30 00:00:00+05:00,12.075810083174677,12.22130177092377,11.49966313288989,12.12818717956543,25000.0,0.0,0.0,0.0,SCBPL.KA,
2023-03-31 00:00:00+05:00,11.470563397590395,11.499662399291992,11.470563397590395,11.499662399291992,3000.0,0.0,0.0,0.0,SCBPL.KA,
2023-04-03 00:00:00+05:00,11.464744792249459,11.464744792249459,11.202859325060848,11.342531204223633,10500.0,0.0,0.0,0.0,SCBPL.KA,
2023-04-04 00:00:00+05:00,11.319254875183105,11.319254875183105,11.319254875183105,11.319254875183105,1000.0,0.0,0.0,0.0,SCBPL.KA,
2023-04-05 00:00:00+05:00,11.290154542160865,11.290154542160865,11.115564964040011,11.144662857055664,4000.0,0.0,0.0,0.0,SCBPL.KA,
2023-04-06 00:00:00+05:00,11.348352189073008,11.348352189073008,11.21450009632309,11.231958389282227,6500.0,0.0,0.0,0.0,SCBPL.KA,
2023-04-07 00:00:00+05:00,11.243597030639648,11.243597030639648,11.243597030639648,11.243597030639648,1000.0,0.0,0.0,0.0,SCBPL.KA,
2023-04-10 00:00:00+05:00,11.639335929573356,11.639335929573356,11.202860832214355,11.202860832214355,4500.0,0.0,0.0,0.0,SCBPL.KA,
2023-04-11 00:00:00+05:00,11.202860832214355,11.202860832214355,11.202860832214355,11.202860832214355,0.0,0.0,0.0,0.0,SCBPL.KA,
2023-04-12 00:00:00+05:00,11.20286096958757,11.581139169934563,11.20286096958757,11.464746475219727,12500.0,0.0,0.0,0.0,SCBPL.KA,
2023-04-13 00:00:00+05:00,11.173761741323238,11.627695083618164,11.162122140235303,11.627695083618164,8000.0,0.0,0.0,0.0,SCBPL.KA,
2023-04-14 00:00:00+05:00,11.627695083618164,11.627695083618164,11.627695083618164,11.627695083618164,0.0,0.0,0.0,0.0,SCBPL.KA,
2023-04-17 00:00:00+05:00,11.348351269367233,11.435646057128906,11.348351269367233,11.435646057128906,3000.0,0.0,0.0,0.0,SCBPL.KA,
2023-04-18 00:00:00+05:00,11.493843428310758,11.493843428310758,11.435646530721675,11.441466331481934,12000.0,0.0,0.0,0.0,SCBPL.KA,
2023-04-19 00:00:00+05:00,11.63351535797119,11.63351535797119,11.610237264860706,11.633515357971191,6000.0,0.0,0.0,0.0,SCBPL.KA,
2023-04-20 00:00:00+05:00,11.633514537797376,11.749908325184425,11.581137444474546,11.680071830749512,23000.0,0.0,0.0,0.0,SCBPL.KA,
2023-04-21 00:00:00+05:00,11.680071830749512,11.680071830749512,11.680071830749512,11.680071830749512,0.0,0.0,0.0,0.0,SCBPL.KA,
2023-04-24 00:00:00+05:00,11.680071830749512,11.680071830749512,11.680071830749512,11.680071830749512,0.0,0.0,0.0,0.0,SCBPL.KA,
2023-04-25 00:00:00+05:00,11.680071830749512,11.680071830749512,11.680071830749512,11.680071830749512,0.0,0.0,0.0,0.0,SCBPL.KA,
2023-04-26 00:00:00+05:00,12.13400640164202,12.13400640164202,11.639334464881854,11.738268852233887,4000.0,0.0,0.0,0.0,SCBPL.KA,
2023-04-27 00:00:00+05:00,12.308595239745928,12.512283802723166,11.726628551247178,12.1922025680542,670500.0,0.0,0.0,0.0,SCBPL.KA,
2023-04-28 00:00:00+05:00,11.988515580268434,12.506465645882386,11.988515580268434,12.4249906539917,508500.0,0.0,0.0,0.0,SCBPL.KA,
2023-05-01 00:00:00+05:00,12.4249906539917,12.4249906539917,12.4249906539917,12.4249906539917,0.0,0.0,0.0,0.0,SCBPL.KA,
2023-05-02 00:00:00+05:00,12.221301227713766,12.919661741874213,12.221301227713766,12.809087753295898,30500.0,0.0,0.0,0.0,SCBPL.KA,
2023-05-03 00:00:00+05:00,12.5122833925135,12.5122833925135,12.366791725158693,12.366791725158691,1000.0,0.0,0.0,0.0,SCBPL.KA,
2023-05-04 00:00:00+05:00,12.797447755402917,12.803267555675287,12.628677987557802,12.65777587890625,193000.0,0.0,0.0,0.0,SCBPL.KA,
2023-05-05 00:00:00+05:00,12.512285094633011,12.512285094633011,11.930318346045429,11.94777774810791,105500.0,0.0,0.0,0.0,SCBPL.KA,
2023-05-08 00:00:00+05:00,12.01761196741049,12.21548073148519,12.01761196741049,12.046710968017578,8500.0,0.0,0.0,0.0,SCBPL.KA,
2023-05-09 00:00:00+05:00,11.936138015382506,12.075809900304897,11.726629632992182,11.901220321655273,13000.0,0.0,0.0,0.0,SCBPL.KA,
2023-05-10 00:00:00+05:00,12.157286170865994,12.157286170865994,12.145647678405407,12.151466369628906,3000.0,0.0,0.0,0.0,SCBPL.KA,
2023-05-11 00:00:00+05:00,12.221301392240258,12.506464958190918,12.221301392240258,12.506464958190918,26500.0,0.0,0.0,0.0,SCBPL.KA,
2023-05-12 00:00:00+05:00,12.506464401864841,12.65777587890625,12.506464401864841,12.65777587890625,1500.0,0.0,0.0,0.0,SCBPL.KA,
2023-05-15 00:00:00+05:00,12.5122852672466,12.74507174789035,12.5122852672466,12.715973854064941,4000.0,0.0,0.0,0.0,SCBPL.KA,
2023-05-16 00:00:00+05:00,12.51228618621826,12.518105987413481,12.51228618621826,12.512286186218262,9000.0,0.0,0.0,0.0,SCBPL.KA,
2023-05-17 00:00:00+05:00,12.227121353149412,12.227121353149412,12.227121353149412,12.227121353149414,1000.0,0.0,0.0,0.0,SCBPL.KA,
2023-05-18 00:00:00+05:00,12.733433081568702,12.733433081568702,12.51228618621826,12.512286186218262,1500.0,0.0,0.0,0.0,SCBPL.KA,
2023-05-19 00:00:00+05:00,12.512284323312935,12.727612495422362,12.512284323312935,12.727612495422363,3000.0,0.0,0.0,0.0,SCBPL.KA,
2023-05-22 00:00:00+05:00,12.774171689935237,12.774171689935237,12.51228618621826,12.512286186218262,1500.0,0.0,0.0,0.0,SCBPL.KA,
2023-05-23 00:00:00+05:00,12.51228618621826,12.797449784702536,12.51228618621826,12.512286186218262,2000.0,0.0,0.0,0.0,SCBPL.KA,
2023-05-24 00:00:00+05:00,12.512284000384257,12.745070457458496,12.512284000384257,12.745070457458496,1000.0,0.0,0.0,0.0,SCBPL.KA,
2023-05-25 00:00:00+05:00,12.803269094435036,12.803269094435036,12.51810550689697,12.518105506896973,18500.0,0.0,0.0,0.0,SCBPL.KA,
2023-05-26 00:00:00+05:00,12.227120895390263,12.774169921875,12.227120895390263,12.774169921875,6000.0,0.0,0.0,0.0,SCBPL.KA,
2023-05-29 00:00:00+05:00,12.232941945861192,12.779989918235195,12.232941945861192,12.721794128417969,22500.0,0.0,0.0,0.0,SCBPL.KA,
2023-05-30 00:00:00+05:00,12.291138777834583,12.762531554835585,12.291138777834583,12.337696075439453,2000.0,0.0,0.0,0.0,SCBPL.KA,
2023-05-31 00:00:00+05:00,11.941958707971587,12.238761901855467,11.941958707971587,12.238761901855469,2000.0,0.0,0.0,0.0,SCBPL.KA,
2023-06-01 00:00:00+05:00,12.739251136779785,12.739251136779785,12.739251136779785,12.739251136779785,500.0,0.0,0.0,0.0,SCBPL.KA,
2023-06-02 00:00:00+05:00,12.739251136779785,12.739251136779785,12.739251136779785,12.739251136779785,0.0,0.0,0.0,0.0,SCBPL.KA,
2023-06-05 00:00:00+05:00,12.739251136779785,12.739251136779785,12.739251136779785,12.739251136779785,1500.0,0.0,0.0,0.0,SCBPL.KA,
2023-06-06 00:00:00+05:00,12.51228453910962,12.739251205777542,12.51228453910962,12.61703872680664,6500.0,0.0,0.0,0.0,SCBPL.KA,
2023-06-07 00:00:00+05:00,12.745072350698436,12.785809847986181,12.745072350698436,12.768351554870605,1000.0,0.0,0.0,0.0,SCBPL.KA,
2023-06-08 00:00:00+05:00,12.745072194730351,12.745072194730351,12.51228570592515,12.518105506896973,14500.0,0.0,0.0,0.0,SCBPL.KA,
2023-06-09 00:00:00+05:00,12.518103192409292,12.686872949333939,11.697530277329241,12.366791725158691,8000.0,0.0,0.0,0.0,SCBPL.KA,
2023-06-12 00:00:00+05:00,12.366791725158693,12.366791725158693,12.366791725158693,12.366791725158691,0.0,0.0,0.0,0.0,SCBPL.KA,
2023-06-13 00:00:00+05:00,12.22130012512207,12.22130012512207,12.22130012512207,12.22130012512207,2500.0,0.0,0.0,0.0,SCBPL.KA,
2023-06-14 00:00:00+05:00,12.22130012512207,12.22130012512207,12.22130012512207,12.22130012512207,1000.0,0.0,0.0,0.0,SCBPL.KA,
2023-06-15 00:00:00+05:00,12.22130012512207,12.22130012512207,12.22130012512207,12.22130012512207,0.0,0.0,0.0,0.0,SCBPL.KA,
2023-06-16 00:00:00+05:00,12.22130012512207,12.22130012512207,12.22130012512207,12.22130012512207,0.0,0.0,0.0,0.0,SCBPL.KA,
2023-06-19 00:00:00+05:00,12.22130012512207,12.22130012512207,12.22130012512207,12.22130012512207,1000.0,0.0,0.0,0.0,SCBPL.KA,
2023-06-20 00:00:00+05:00,12.221302124391118,12.221302124391118,12.075810432434082,12.075810432434082,2000.0,0.0,0.0,0.0,SCBPL.KA,
2023-06-21 00:00:00+05:00,12.22130012512207,12.22130012512207,11.936136588737488,12.22130012512207,6000.0,0.0,0.0,0.0,SCBPL.KA,
2023-06-22 00:00:00+05:00,11.941957473754883,11.941957473754883,11.941957473754883,11.941957473754883,500.0,0.0,0.0,0.0,SCBPL.KA,
2023-06-23 00:00:00+05:00,11.941957473754883,11.941957473754883,11.941957473754883,11.941957473754883,0.0,0.0,0.0,0.0,SCBPL.KA,
2023-06-26 00:00:00+05:00,12.215481435137143,12.215481435137143,11.930317872841567,11.941957473754883,21000.0,0.0,0.0,0.0,SCBPL.KA,
2023-06-27 00:00:00+05:00,12.500644601592473,12.65777587890625,12.500644601592473,12.65777587890625,3500.0,0.0,0.0,0.0,SCBPL.KA,
2023-06-28 00:00:00+05:00,12.65777587890625,12.65777587890625,12.65777587890625,12.65777587890625,0.0,0.0,0.0,0.0,SCBPL.KA,
2023-06-29 00:00:00+05:00,12.65777587890625,12.65777587890625,12.65777587890625,12.65777587890625,0.0,0.0,0.0,0.0,SCBPL.KA,
2023-06-30 00:00:00+05:00,12.65777587890625,12.65777587890625,12.65777587890625,12.65777587890625,0.0,0.0,0.0,0.0,SCBPL.KA,
2023-07-03 00:00:00+05:00,12.232941490474103,13.03605512619841,12.232941490474103,12.715973854064941,24500.0,0.0,0.0,0.0,SCBPL.KA,
2023-07-04 00:00:00+05:00,12.512285050579523,12.512285050579523,12.221301677310233,12.285318374633789,46000.0,0.0,0.0,0.0,SCBPL.KA,
2023-07-05 00:00:00+05:00,12.65777634682848,12.681055548778527,12.512284664681028,12.675235748291016,6000.0,0.0,0.0,0.0,SCBPL.KA,
2023-07-06 00:00:00+05:00,12.7974480134204,12.7974480134204,12.104907307233276,12.774169921875,26000.0,0.0,0.0,0.0,SCBPL.KA,
2023-07-07 00:00:00+05:00,12.7974480134204,12.7974480134204,12.745070919926468,12.774169921875,27500.0,0.0,0.0,0.0,SCBPL.KA,
2023-07-10 00:00:00+05:00,12.745070586581361,12.826546679892836,12.657775803045794,12.803267478942871,69000.0,0.0,0.0,0.0,SCBPL.KA,
2023-07-11 00:00:00+05:00,12.803268645554661,12.913842640115503,12.686874850226038,12.715973854064941,624500.0,0.0,0.0,0.0,SCBPL.KA,
2023-07-12 00:00:00+05:00,12.715972566579236,12.803267349230403,12.541381891263518,12.745070457458496,538000.0,0.0,0.0,0.0,SCBPL.KA,
2023-07-13 00:00:00+05:00,12.89056213188157,12.948759023653476,12.745070457458496,12.745070457458496,5500.0,0.0,0.0,0.0,SCBPL.KA,
2023-07-14 00:00:00+05:00,12.401711057933419,12.401711057933419,12.221301677310233,12.285318374633789,9000.0,0.0,0.0,0.0,SCBPL.KA,
2023-07-17 00:00:00+05:00,12.774169921875,12.774169921875,12.774169921875,12.774169921875,3500.0,0.0,0.0,0.0,SCBPL.KA,
2023-07-18 00:00:00+05:00,12.79744846574234,12.79744846574234,12.541382789611815,12.541382789611816,20000.0,0.0,0.0,0.0,SCBPL.KA,
2023-07-19 00:00:00+05:00,12.721793042177664,12.937120110148367,12.570481559542698,12.675235748291016,173000.0,0.0,0.0,0.0,SCBPL.KA,
2023-07-20 00:00:00+05:00,12.79745007323392,12.803269874560353,12.232942664733201,12.785810470581055,852500.0,0.0,0.0,0.0,SCBPL.KA,
2023-07-21 00:00:00+05:00,12.745071217178307,13.670398410467866,12.686874321937347,13.361955642700195,1647000.0,0.0,0.0,0.0,SCBPL.KA,
2023-07-24 00:00:00+05:00,12.861463959989026,13.036053521476708,12.803267069488678,12.989496231079102,88000.0,0.0,0.0,0.0,SCBPL.KA,
2023-07-25 00:00:00+05:00,12.948760382612761,13.175727063328395,12.803268692920483,12.896383285522461,9000.0,0.0,0.0,0.0,SCBPL.KA,
2023-07-26 00:00:00+05:00,12.809087279180362,13.26302170758407,12.727612295882286,12.803267478942871,452500.0,0.0,0.0,0.0,SCBPL.KA,
2023-07-27 00:00:00+05:00,12.803267478942873,12.803267478942873,12.803267478942873,12.803267478942871,0.0,0.0,0.0,0.0,SCBPL.KA,
2023-07-28 00:00:00+05:00,12.803267478942873,12.803267478942873,12.803267478942873,12.803267478942871,0.0,0.0,0.0,0.0,SCBPL.KA,
2023-07-31 00:00:00+05:00,11.959416597981425,13.239743927260362,11.959416597981425,13.146629333496094,100500.0,0.0,0.0,0.0,SCBPL.KA,
2023-08-01 00:00:00+05:00,12.919663603251504,13.58892521157009,12.919663603251504,13.350318908691406,855000.0,0.0,0.0,0.0,SCBPL.KA,
2023-08-02 00:00:00+05:00,13.385235043361087,13.385235043361087,13.158268369569274,13.297940254211426,65500.0,0.0,0.0,0.0,SCBPL.KA,
2023-08-03 00:00:00+05:00,13.618022348290294,13.618022348290294,12.919662882488518,13.024415969848633,412500.0,0.0,0.0,0.0,SCBPL.KA,
2023-08-04 00:00:00+05:00,13.09425163269043,13.09425163269043,12.948759947882758,13.09425163269043,9000.0,0.0,0.0,0.0,SCBPL.KA,
2023-08-07 00:00:00+05:00,12.867285991506126,13.036055782210772,12.861466190445476,12.948760986328125,45000.0,0.0,0.0,0.0,SCBPL.KA,
2023-08-08 00:00:00+05:00,12.809087279180362,12.809087279180362,12.803267478942873,12.803267478942871,4000.0,0.0,0.0,0.0,SCBPL.KA,
2023-08-09 00:00:00+05:00,12.686873694219852,12.809087279180362,12.686873694219852,12.803267478942871,70000.0,0.0,0.0,0.0,SCBPL.KA,
2023-08-10 00:00:00+05:00,12.861464847358604,13.094251315407607,12.756710659233192,12.809087753295898,190500.0,0.0,0.0,0.0,SCBPL.KA,
2023-08-11 00:00:00+05:00,12.803267799637984,13.315398023217597,12.803267799637984,13.088431358337402,776000.0,0.0,0.0,0.0,SCBPL.KA,
2023-08-14 00:00:00+05:00,13.088431358337402,13.088431358337402,13.088431358337402,13.088431358337402,0.0,0.0,0.0,0.0,SCBPL.KA,
2023-08-15 00:00:00+05:00,13.210645424541953,13.332857906973933,13.09425163269043,13.09425163269043,23000.0,0.0,0.0,0.0,SCBPL.KA,
2023-08-16 00:00:00+05:00,13.239743317498101,13.239743317498101,13.09425163269043,13.09425163269043,9500.0,0.0,0.0,0.0,SCBPL.KA,
2023-08-17 00:00:00+05:00,13.094251158720667,13.379414717420083,13.059333466434504,13.088431358337402,391500.0,0.0,0.0,0.0,SCBPL.KA,
2023-08-18 00:00:00+05:00,13.012775968774097,13.37941450704749,13.012775968774097,13.175725936889648,329500.0,0.0,0.0,0.0,SCBPL.KA,
2023-08-21 00:00:00+05:00,13.350315286587623,13.361953775999126,12.803266323768344,12.902200698852539,1160500.0,0.0,0.0,0.0,SCBPL.KA,
2023-08-22 00:00:00+05:00,12.89056290027398,13.38523484480196,12.89056290027398,13.361955642700195,57000.0,0.0,0.0,0.0,SCBPL.KA,
2023-08-23 00:00:00+05:00,13.501629272496727,13.676218856445955,13.327038578533996,13.629661560058594,141500.0,0.0,0.0,0.0,SCBPL.KA,
2023-08-24 00:00:00+05:00,14.653923034667969,14.653923034667969,14.653923034667969,14.653923034667969,97000.0,0.0,0.0,0.0,SCBPL.KA,
2023-08-25 00:00:00+05:00,15.753837585449219,15.753837585449219,15.713100096135445,15.753837585449219,1039000.0,0.0,0.0,0.0,SCBPL.KA,
2023-08-28 00:00:00+05:00,16.84793737447584,16.935232162475586,16.586051900463143,16.935232162475586,1870000.0,0.0,0.0,0.0,SCBPL.KA,
2023-08-29 00:00:00+05:00,17.10982227540558,17.10982227540558,16.4696586266291,16.580232620239258,613500.0,0.0,0.0,0.0,SCBPL.KA,
2023-08-30 00:00:00+05:00,16.440562162544712,16.7315455636517,16.417282957649633,16.562774658203125,915000.0,0.0,0.0,0.0,SCBPL.KA,
2023-08-31 00:00:00+05:00,16.580232323215196,16.58605212382868,16.0622822787631,16.27178955078125,161000.0,0.0,0.0,0.0,SCBPL.KA,
2023-09-01 00:00:00+05:00,16.5220372782007,16.789742586347053,16.068103879625394,16.6209716796875,148000.0,0.0,0.0,0.0,SCBPL.KA,
2023-09-04 00:00:00+05:00,16.871216732601635,17.10982302237866,16.615151039909144,16.690807342529297,45000.0,0.0,0.0,0.0,SCBPL.KA,
2023-09-05 00:00:00+05:00,16.84794065676708,16.84794065676708,16.1786778950195,16.36490821838379,196000.0,0.0,0.0,0.0,SCBPL.KA,
2023-09-06 00:00:00+05:00,16.290271118459625,16.364904177549207,15.964601705497257,16.00531005859375,21500.0,4.0,0.0,0.0,SCBPL.KA,
2023-09-07 00:00:00+05:00,15.951031910109295,16.283486266083745,15.951031910109295,16.073158264160156,29500.0,0.0,0.0,0.0,SCBPL.KA,
2023-09-08 00:00:00+05:00,16.046018857830884,16.283486630004163,16.012095444989807,16.249563217163086,39000.0,0.0,0.0,0.0,SCBPL.KA,
2023-09-11 00:00:00+05:00,16.113866806030273,16.120651747345295,16.113866806030273,16.113866806030273,13500.0,0.0,0.0,0.0,SCBPL.KA,
2023-09-12 00:00:00+05:00,16.12065359341012,16.96196700138749,16.12065359341012,16.588804244995117,23000.0,0.0,0.0,0.0,SCBPL.KA,
2023-09-13 00:00:00+05:00,16.724496740757083,16.771990034309166,16.724496740757083,16.751636505126953,2000.0,0.0,0.0,0.0,SCBPL.KA,
2023-09-14 00:00:00+05:00,16.615941865252758,16.615941865252758,16.4191837310791,16.4191837310791,3000.0,0.0,0.0,0.0,SCBPL.KA,
2023-09-15 00:00:00+05:00,16.419183331203822,16.419183331203822,16.290272029411792,16.398828506469727,6000.0,0.0,0.0,0.0,SCBPL.KA,
2023-09-18 00:00:00+05:00,16.28348673224032,16.948395463223935,16.15457543326341,16.222423553466797,13500.0,0.0,0.0,0.0,SCBPL.KA,
2023-09-19 00:00:00+05:00,16.161360187542797,16.18171501159668,16.161360187542797,16.18171501159668,1500.0,0.0,0.0,0.0,SCBPL.KA,
2023-09-20 00:00:00+05:00,16.283488210655825,17.30120622382181,16.283488210655825,16.900903701782227,273000.0,0.0,0.0,0.0,SCBPL.KA,
2023-09-21 00:00:00+05:00,17.626871894479255,17.640441775658736,17.036596298217773,17.036596298217773,23500.0,0.0,0.0,0.0,SCBPL.KA,
2023-09-22 00:00:00+05:00,17.606518685540273,18.312135696411133,17.606518685540273,18.312135696411133,107000.0,0.0,0.0,0.0,SCBPL.KA,
2023-09-25 00:00:00+05:00,19.574111517585962,19.574111517585962,17.77614315124969,18.658164978027344,25000.0,0.0,0.0,0.0,SCBPL.KA,
2023-09-26 00:00:00+05:00,18.658164582443707,19.54018639052105,18.658164582443707,19.404491424560547,211500.0,0.0,0.0,0.0,SCBPL.KA,
2023-09-27 00:00:00+05:00,19.167021455435915,19.675880432128906,18.997401796538252,19.675880432128906,218000.0,0.0,0.0,0.0,SCBPL.KA,
2023-09-28 00:00:00+05:00,19.675880432128906,19.675880432128906,19.675880432128906,19.675880432128906,0.0,0.0,0.0,0.0,SCBPL.KA,
2023-09-29 00:00:00+05:00,19.675880432128906,19.675880432128906,19.675880432128906,19.675880432128906,0.0,0.0,0.0,0.0,SCBPL.KA,
2023-10-02 00:00:00+05:00,19.370565003177784,20.334004741090762,19.370565003177784,20.049043655395508,967500.0,0.0,0.0,0.0,SCBPL.KA,
2023-10-03 00:00:00+05:00,20.55790101063473,20.55790101063473,19.8794224123419,20.001548767089844,143000.0,0.0,0.0,0.0,SCBPL.KA,
2023-10-04 00:00:00+05:00,20.693597157699887,20.693597157699887,18.65816137169662,19.933700561523438,7000.0,0.0,0.0,0.0,SCBPL.KA,
2023-10-05 00:00:00+05:00,20.015117911822006,20.015117911822006,19.641955214154923,19.648738861083984,12000.0,0.0,0.0,0.0,SCBPL.KA,
2023-10-06 00:00:00+05:00,19.03132508511648,20.04904303178785,19.01097155440404,19.764081954956055,27000.0,0.0,0.0,0.0,SCBPL.KA,
2023-10-09 00:00:00+05:00,20.2865114636773,20.2865114636773,19.336641608399546,19.669095993041992,14000.0,0.0,0.0,0.0,SCBPL.KA,
2023-10-10 00:00:00+05:00,19.16701992920467,19.91334662774495,18.19679535051182,18.997400283813477,18500.0,0.0,0.0,0.0,SCBPL.KA,
2023-10-11 00:00:00+05:00,19.065249531251453,19.845499687496357,19.058464589742073,19.65552520751953,17000.0,0.0,0.0,0.0,SCBPL.KA,
2023-10-12 00:00:00+05:00,19.675881855356373,19.675881855356373,19.065251297974736,19.078821182250977,14500.0,0.0,0.0,0.0,SCBPL.KA,
2023-10-13 00:00:00+05:00,19.099173560846054,19.981196574090617,17.877912519855503,19.56053924560547,18500.0,0.0,0.0,0.0,SCBPL.KA,
2023-10-16 00:00:00+05:00,19.065248489379883,19.33663966444783,19.065248489379883,19.065248489379883,16500.0,0.0,0.0,0.0,SCBPL.KA,
2023-10-17 00:00:00+05:00,19.065251225059075,19.669096837993163,18.48854408647829,18.692087173461914,23000.0,0.0,0.0,0.0,SCBPL.KA,
2023-10-18 00:00:00+05:00,19.16701992920467,19.16701992920467,18.997400283813477,18.997400283813477,1500.0,0.0,0.0,0.0,SCBPL.KA,
2023-10-19 00:00:00+05:00,19.31628526190393,19.336640085763225,18.9295526672439,18.990615844726562,158000.0,0.0,0.0,0.0,SCBPL.KA,
2023-10-20 00:00:00+05:00,17.993252344050116,19.662309038206043,17.993252344050116,19.221298217773438,10000.0,0.0,0.0,0.0,SCBPL.KA,
2023-10-23 00:00:00+05:00,18.997400283813477,19.33663957459586,18.997400283813477,18.997400283813477,9000.0,0.0,0.0,0.0,SCBPL.KA,
2023-10-24 00:00:00+05:00,18.997400283813477,18.997400283813477,18.997400283813477,18.997400283813477,10000.0,0.0,0.0,0.0,SCBPL.KA,
2023-10-25 00:00:00+05:00,18.997402563439188,19.608033101302095,18.997402563439188,19.397705078125,50500.0,0.0,0.0,0.0,SCBPL.KA,
2023-10-26 00:00:00+05:00,20.849647521972656,20.849647521972656,20.456129977157158,20.849647521972656,1381500.0,0.0,0.0,0.0,SCBPL.KA,
2023-10-27 00:00:00+05:00,20.897141625001982,21.711316511833875,20.897141625001982,21.175317764282227,202000.0,0.0,0.0,0.0,SCBPL.KA,
2023-10-30 00:00:00+05:00,20.86321625173122,22.254096817541893,20.86321625173122,22.152326583862305,90000.0,0.0,0.0,0.0,SCBPL.KA,
2023-10-31 00:00:00+05:00,22.1591143901503,22.93257969933409,22.05055790093487,22.518707275390625,320500.0,0.0,0.0,0.0,SCBPL.KA,
2023-11-01 00:00:00+05:00,22.94614697098788,23.332879581540105,22.525490946704693,23.088626861572266,184000.0,0.0,0.0,0.0,SCBPL.KA,
2023-11-02 00:00:00+05:00,22.334380867182002,24.157746304782,22.334380867182002,22.693195343017578,70000.0,2.5,0.0,0.0,SCBPL.KA,
2023-11-03 00:00:00+05:00,22.33438398202964,23.754996252637135,22.33438398202964,22.598003387451172,40000.0,0.0,0.0,0.0,SCBPL.KA,
2023-11-06 00:00:00+05:00,22.69319771637936,22.905558095940457,22.69319771637936,22.77374839782715,17000.0,0.0,0.0,0.0,SCBPL.KA,
2023-11-07 00:00:00+05:00,22.69319955141587,23.103273114603194,21.609433007497586,23.066659927368164,72500.0,0.0,0.0,0.0,SCBPL.KA,
2023-11-08 00:00:00+05:00,22.70051933716923,23.79893156316129,22.70051933716923,23.454761505126953,77000.0,0.0,0.0,0.0,SCBPL.KA,
2023-11-09 00:00:00+05:00,23.454761505126953,23.454761505126953,23.454761505126953,23.454761505126953,0.0,0.0,0.0,0.0,SCBPL.KA,
2023-11-10 00:00:00+05:00,24.084521482899625,24.091845796350157,23.432797256157873,23.65247917175293,86500.0,0.0,0.0,0.0,SCBPL.KA,
2023-11-13 00:00:00+05:00,23.79893269489773,23.97467988851292,23.432795268822378,23.44744110107422,22000.0,0.0,0.0,0.0,SCBPL.KA,
2023-11-14 00:00:00+05:00,23.97468214669229,24.01861685417915,23.447443309592874,23.798934936523438,95500.0,0.0,0.0,0.0,SCBPL.KA,
2023-11-15 00:00:00+05:00,23.24972766437727,23.982002551444275,22.773749267124423,23.41082763671875,223000.0,0.0,0.0,0.0,SCBPL.KA,
2023-11-16 00:00:00+05:00,23.432798385620117,23.652480311803856,22.92752827935317,23.432798385620117,25500.0,0.0,0.0,0.0,SCBPL.KA,
2023-11-17 00:00:00+05:00,23.432796991975053,23.579252531856312,23.066659538975443,23.403505325317383,15500.0,0.0,0.0,0.0,SCBPL.KA,
2023-11-20 00:00:00+05:00,23.754996645557988,23.79893414499066,23.43279669660619,23.79161262512207,62000.0,0.0,0.0,0.0,SCBPL.KA,
2023-11-21 00:00:00+05:00,23.80625564549456,24.604435394059728,23.798934125631924,24.370107650756836,160500.0,0.0,0.0,0.0,SCBPL.KA,
2023-11-22 00:00:00+05:00,24.6776659291763,25.080416585740323,24.531210383132873,24.824121475219727,50500.0,0.0,0.0,0.0,SCBPL.KA,
2023-11-23 00:00:00+05:00,24.89002409240419,25.629620482956152,24.89002409240419,25.26348304748535,49500.0,0.0,0.0,0.0,SCBPL.KA,
2023-11-24 00:00:00+05:00,25.44655467442104,26.281347675787817,25.08041719709124,25.629623413085938,67500.0,0.0,0.0,0.0,SCBPL.KA,
2023-11-27 00:00:00+05:00,24.89734845842634,25.99576089041574,24.89734845842634,25.629623413085938,37000.0,0.0,0.0,0.0,SCBPL.KA,
2023-11-28 00:00:00+05:00,25.62962154815485,26.17150620427209,25.336710470241687,25.732139587402344,60500.0,0.0,0.0,0.0,SCBPL.KA,
2023-11-29 00:00:00+05:00,26.25205533255504,26.25205533255504,25.26348528653189,25.71749496459961,52000.0,0.0,0.0,0.0,SCBPL.KA,
2023-11-30 00:00:00+05:00,25.336711883544925,25.48316743067092,25.300098695115228,25.336711883544922,37500.0,0.0,0.0,0.0,SCBPL.KA,
2023-12-01 00:00:00+05:00,25.0438029401333,25.995759781916416,25.0438029401333,25.95182228088379,23500.0,0.0,0.0,0.0,SCBPL.KA,
2023-12-04 00:00:00+05:00,24.17971714374784,26.36189597539079,24.17971714374784,25.651588439941406,16000.0,0.0,0.0,0.0,SCBPL.KA,
2023-12-05 00:00:00+05:00,25.70284881983641,26.105602264404297,25.629622444500704,26.105602264404297,6000.0,0.0,0.0,0.0,SCBPL.KA,
2023-12-06 00:00:00+05:00,26.728033022777982,26.728033022777982,25.702847077144256,26.41315460205078,173500.0,0.0,0.0,0.0,SCBPL.KA,
2023-12-07 00:00:00+05:00,26.142216291343924,26.947717619525246,26.142216291343924,26.53032112121582,98000.0,0.0,0.0,0.0,SCBPL.KA,
2023-12-08 00:00:00+05:00,27.0429123983332,27.057558231605878,25.776077151020825,26.361896514892578,64500.0,0.0,0.0,0.0,SCBPL.KA,
2023-12-11 00:00:00+05:00,26.10560072565127,26.65480688851849,26.090954892765975,26.34724998474121,23500.0,0.0,0.0,0.0,SCBPL.KA,
2023-12-12 00:00:00+05:00,25.92253048070459,26.58157616135562,25.92253048070459,26.01040267944336,31500.0,0.0,0.0,0.0,SCBPL.KA,
2023-12-13 00:00:00+05:00,26.574257288128724,26.574257288128724,24.1650721516799,25.497812271118164,35500.0,0.0,0.0,0.0,SCBPL.KA,
2023-12-14 00:00:00+05:00,25.593010233670974,26.288671999540984,25.593010233670974,25.944501876831055,17000.0,0.0,0.0,0.0,SCBPL.KA,
2023-12-15 00:00:00+05:00,25.702847521061223,27.086849409592105,25.636942669226418,26.706066131591797,95000.0,0.0,0.0,0.0,SCBPL.KA,
2023-12-18 00:00:00+05:00,26.361895901449515,26.97700691755295,26.361895901449515,26.764646530151367,74500.0,0.0,0.0,0.0,SCBPL.KA,
2023-12-19 00:00:00+05:00,25.263482956060376,25.99575782435198,25.263482956060376,25.63694190979004,337000.0,0.0,0.0,0.0,SCBPL.KA,
2023-12-20 00:00:00+05:00,25.014512339435587,25.959147701364213,25.014512339435587,25.629623413085938,32000.0,0.0,0.0,0.0,SCBPL.KA,
2023-12-21 00:00:00+05:00,26.061662673950195,26.061662673950195,26.061662673950195,26.061662673950195,500.0,0.0,0.0,0.0,SCBPL.KA,
2023-12-22 00:00:00+05:00,27.020943190951503,27.020943190951503,26.28866833800872,26.566930770874023,49000.0,0.0,0.0,0.0,SCBPL.KA,
2023-12-25 00:00:00+05:00,26.566930770874023,26.566930770874023,26.566930770874023,26.566930770874023,0.0,0.0,0.0,0.0,SCBPL.KA,
2023-12-26 00:00:00+05:00,25.629619489767904,27.460306596179898,25.043800174397433,25.212223052978516,131000.0,0.0,0.0,0.0,SCBPL.KA,
2023-12-27 00:00:00+05:00,25.263487036516757,25.834660632147642,25.263487036516757,25.622303009033203,117000.0,0.0,0.0,0.0,SCBPL.KA,
2023-12-28 00:00:00+05:00,25.995759963989254,26.105602320636585,25.64426833348784,25.995759963989258,35500.0,0.0,0.0,0.0,SCBPL.KA,
2023-12-29 00:00:00+05:00,25.373325257401437,25.99575777695159,25.373325257401437,25.959144592285156,5500.0,0.0,0.0,0.0,SCBPL.KA,
2024-01-01 00:00:00+05:00,26.06898488514278,26.28866958618164,25.270805145801695,26.28866958618164,44000.0,0.0,0.0,0.0,SCBPL.KA,
2024-01-02 00:00:00+05:00,26.720708922929376,26.720708922929376,26.215437518576245,26.50102424621582,6500.0,0.0,0.0,0.0,SCBPL.KA,
2024-01-03 00:00:00+05:00,24.926638375055013,26.435122887848895,24.926638375055013,26.361896514892578,14500.0,0.0,0.0,0.0,SCBPL.KA,
2024-01-04 00:00:00+05:00,26.361896514892578,26.361896514892578,25.62962161170112,26.361896514892578,5500.0,0.0,0.0,0.0,SCBPL.KA,
2024-01-05 00:00:00+05:00,25.99575672052097,26.361894139119855,24.89734446472431,26.281343460083008,33000.0,0.0,0.0,0.0,SCBPL.KA,
2024-01-08 00:00:00+05:00,25.278127404793278,26.43512018078326,25.270803092203444,26.354572296142578,43000.0,0.0,0.0,0.0,SCBPL.KA,
2024-01-09 00:00:00+05:00,26.361896514892578,26.361896514892578,26.354574994959773,26.361896514892578,14000.0,0.0,0.0,0.0,SCBPL.KA,
2024-01-10 00:00:00+05:00,26.35457034545615,27.094166638099985,26.35457034545615,26.728029251098633,88500.0,0.0,0.0,0.0,SCBPL.KA,
2024-01-11 00:00:00+05:00,26.21544097557287,26.933070045491654,26.21544097557287,26.361896514892578,87000.0,0.0,0.0,0.0,SCBPL.KA,
2024-01-12 00:00:00+05:00,26.713388878797875,27.013621485749717,26.36189725066454,26.479061126708984,16000.0,0.0,0.0,0.0,SCBPL.KA,
2024-01-15 00:00:00+05:00,26.80126032909381,26.80126032909381,26.36189650471145,26.574256896972656,14500.0,0.0,0.0,0.0,SCBPL.KA,
2024-01-16 00:00:00+05:00,26.36189219140804,26.508347706708296,26.36189219140804,26.391183853149414,5000.0,0.0,0.0,0.0,SCBPL.KA,
2024-01-17 00:00:00+05:00,26.51567068257604,26.522994995117188,26.51567068257604,26.522994995117188,3500.0,0.0,0.0,0.0,SCBPL.KA,
2024-01-18 00:00:00+05:00,26.52299676509731,26.94039321878069,26.369216918945312,26.369216918945312,15500.0,0.0,0.0,0.0,SCBPL.KA,
2024-01-19 00:00:00+05:00,27.416372606569798,27.416372606569798,27.08685111999512,27.086851119995117,5000.0,0.0,0.0,0.0,SCBPL.KA,
2024-01-22 00:00:00+05:00,26.112924564562327,26.67677661039234,26.112924564562327,26.64016342163086,8000.0,0.0,0.0,0.0,SCBPL.KA,
2024-01-23 00:00:00+05:00,26.508352556846162,27.094171931825837,26.508352556846162,26.544965744018555,20500.0,0.0,0.0,0.0,SCBPL.KA,
2024-01-24 00:00:00+05:00,26.442448450208975,26.977008819580078,26.442448450208975,26.977008819580078,6500.0,0.0,0.0,0.0,SCBPL.KA,
2024-01-25 00:00:00+05:00,27.02094301278427,27.094169380232966,26.94771385192871,26.94771385192871,10500.0,0.0,0.0,0.0,SCBPL.KA,
2024-01-26 00:00:00+05:00,27.094172640258183,27.094172640258183,27.079526806324857,27.086851119995117,10500.0,0.0,0.0,0.0,SCBPL.KA,
2024-01-29 00:00:00+05:00,27.094170692045115,27.094170692045115,26.771970748901367,26.771970748901367,17000.0,0.0,0.0,0.0,SCBPL.KA,
2024-01-30 00:00:00+05:00,26.36921896647857,26.36921896647857,25.783399581909183,25.78339958190918,6000.0,0.0,0.0,0.0,SCBPL.KA,
2024-01-31 00:00:00+05:00,27.16739749606216,27.16739749606216,25.995758781040074,26.537643432617188,93500.0,0.0,0.0,0.0,SCBPL.KA,
2024-02-01 00:00:00+05:00,26.508348425667588,27.094167709350586,26.508348425667588,27.094167709350586,11000.0,0.0,0.0,0.0,SCBPL.KA,
2024-02-02 00:00:00+05:00,26.72803108942337,27.416368418702632,26.72803108942337,27.101490020751953,20000.0,0.0,0.0,0.0,SCBPL.KA,
2024-02-06 00:00:00+05:00,27.02094301278427,27.313851275985915,26.874487484480017,26.94771385192871,13500.0,0.0,0.0,0.0,SCBPL.KA,
2024-02-07 00:00:00+05:00,26.559609537427466,27.277238565829727,26.559609537427466,27.240625381469727,5000.0,0.0,0.0,0.0,SCBPL.KA,
2024-02-08 00:00:00+05:00,27.240625381469727,27.240625381469727,27.240625381469727,27.240625381469727,0.0,0.0,0.0,0.0,SCBPL.KA,
2024-02-09 00:00:00+05:00,27.02094556909893,27.094171943475203,27.02094556909893,27.07220458984375,2500.0,0.0,0.0,0.0,SCBPL.KA,
2024-02-12 00:00:00+05:00,27.094171418084038,27.094171418084038,26.361896514892578,26.361896514892578,4500.0,0.0,0.0,0.0,SCBPL.KA,
2024-02-13 00:00:00+05:00,26.361894842287036,26.83787461652442,25.841980364426252,26.508350372314453,40000.0,0.0,0.0,0.0,SCBPL.KA,
2024-02-14 00:00:00+05:00,27.094167709350586,27.460305110828298,27.094167709350586,27.094167709350586,2500.0,0.0,0.0,0.0,SCBPL.KA,
2024-02-15 00:00:00+05:00,27.057557506548076,27.460308133829507,26.771970748901367,26.771970748901367,39000.0,0.0,0.0,0.0,SCBPL.KA,
2024-02-16 00:00:00+05:00,26.74268021809077,27.460309299235263,26.442447614822083,27.23330307006836,52500.0,0.0,0.0,0.0,SCBPL.KA,
2024-02-19 00:00:00+05:00,26.35457215809479,27.819121806830317,26.35457215809479,27.101490020751953,61500.0,0.0,0.0,0.0,SCBPL.KA,
2024-02-20 00:00:00+05:00,27.09417207801889,27.59944076790132,27.07952624438948,27.16739845275879,44500.0,0.0,0.0,0.0,SCBPL.KA,
2024-02-21 00:00:00+05:00,27.716603216194752,27.75321919508621,27.094170682737897,27.350465774536133,16000.0,0.0,0.0,0.0,SCBPL.KA,
2024-02-22 00:00:00+05:00,27.0941724782258,27.46030994414777,27.0941724782258,27.357791900634766,22500.0,0.0,0.0,0.0,SCBPL.KA,
2024-02-23 00:00:00+05:00,27.753222850640626,28.192586721139598,27.17472494620467,27.833770751953125,153000.0,0.0,0.0,0.0,SCBPL.KA,
2024-02-26 00:00:00+05:00,27.899671601033425,28.177936835496837,27.584793181526475,27.63605499267578,246000.0,0.0,0.0,0.0,SCBPL.KA,
2024-02-27 00:00:00+05:00,27.78983068477362,27.826443868023865,27.46030644870776,27.496919631958008,70500.0,0.0,0.0,0.0,SCBPL.KA,
2024-02-28 00:00:00+05:00,27.81912538191975,28.126679506843338,27.094171983531528,27.17472267150879,147000.0,0.0,0.0,0.0,SCBPL.KA,
2024-02-29 00:00:00+05:00,27.277240808275774,27.82644699904643,27.09417207801889,27.16739845275879,382000.0,0.0,0.0,0.0,SCBPL.KA,
2024-03-01 00:00:00+05:00,27.584792068297514,27.782506611641878,27.401723357060902,27.643375396728516,13500.0,0.0,0.0,0.0,SCBPL.KA,
2024-03-04 00:00:00+05:00,27.819128593292362,27.819128593292362,27.277243861968735,27.577476501464844,48500.0,0.0,0.0,0.0,SCBPL.KA,
2024-03-05 00:00:00+05:00,27.474953626395866,27.63605499267578,27.46030779369706,27.63605499267578,10500.0,0.0,0.0,0.0,SCBPL.KA,
2024-03-06 00:00:00+05:00,27.819125013214563,27.89967290671714,27.50424657897154,27.826446533203125,153500.0,0.0,0.0,0.0,SCBPL.KA,
2024-03-07 00:00:00+05:00,27.826444092420584,29.0639875740623,27.716601748377236,28.5440731048584,235000.0,0.0,0.0,0.0,SCBPL.KA,
2024-03-08 00:00:00+05:00,28.558721542358395,28.92485899802966,28.558721542358395,28.5587215423584,74500.0,0.0,0.0,0.0,SCBPL.KA,
2024-03-11 00:00:00+05:00,28.85163426232823,28.85163426232823,27.826448210880265,28.207231521606445,115000.0,0.0,0.0,0.0,SCBPL.KA,
2024-03-12 00:00:00+05:00,28.192581919805853,28.192581919805853,27.826444492275908,28.09738540649414,135500.0,0.0,0.0,0.0,SCBPL.KA,
2024-03-13 00:00:00+05:00,27.93629035663142,28.19258547082145,27.89967437454093,28.060775756835938,90000.0,0.0,0.0,0.0,SCBPL.KA,
2024-03-14 00:00:00+05:00,28.192585687339214,28.339041236604245,27.98022528057528,28.207231521606445,377000.0,0.0,0.0,0.0,SCBPL.KA,
2024-03-15 00:00:00+05:00,26.64886204596727,27.995793485685645,26.64103236918833,27.64339828491211,33500.0,2.5,0.0,0.0,SCBPL.KA,
2024-03-18 00:00:00+05:00,27.01692088339873,27.408470461419004,27.01692088339873,27.36931610107422,14500.0,0.0,0.0,0.0,SCBPL.KA,
2024-03-19 00:00:00+05:00,27.41629922781167,28.16024399879379,27.408469550917296,28.152414321899414,17000.0,0.0,0.0,0.0,SCBPL.KA,
2024-03-20 00:00:00+05:00,28.183737035713825,28.26987542468052,27.01691809905882,27.134384155273438,38000.0,0.0,0.0,0.0,SCBPL.KA,
2024-03-21 00:00:00+05:00,28.12891572000028,28.34818547972571,27.16570427170135,28.23855209350586,64500.0,0.0,0.0,0.0,SCBPL.KA,
2024-03-22 00:00:00+05:00,28.238552971069588,28.238552971069588,28.14457893371582,28.14457893371582,12000.0,0.0,0.0,0.0,SCBPL.KA,
2024-03-26 00:00:00+05:00,28.98249460057036,29.170439687459073,27.721707636150597,28.26204490661621,67500.0,0.0,0.0,0.0,SCBPL.KA,
2024-03-27 00:00:00+05:00,28.57528618577899,30.345088757624335,28.191566329663896,30.251117706298828,127500.0,0.0,0.0,0.0,SCBPL.KA,
2024-03-28 00:00:00+05:00,30.697485975752326,32.52210536449183,30.149315996539844,32.50644302368164,90500.0,0.0,0.0,0.0,SCBPL.KA,
2024-03-29 00:00:00+05:00,32.89015957664479,32.89015957664479,31.323961501566473,31.75466537475586,16000.0,0.0,0.0,0.0,SCBPL.KA,
2024-04-01 00:00:00+05:00,32.890161378323114,33.43833133208568,32.10706229788685,32.34199142456055,14500.0,0.0,0.0,0.0,SCBPL.KA,
2024-04-02 00:00:00+05:00,32.89015987647978,34.44852828979492,32.89015987647978,34.44852828979492,60000.0,0.0,0.0,0.0,SCBPL.KA,
2024-04-03 00:00:00+05:00,34.4485306625031,35.63100898700672,33.281711691160126,33.837711334228516,105000.0,0.0,0.0,0.0,SCBPL.KA,
2024-04-04 00:00:00+05:00,33.75156897159827,35.9834031299689,33.75156897159827,35.53703689575195,30000.0,0.0,0.0,0.0,SCBPL.KA,
2024-04-08 00:00:00+05:00,35.70931651598073,37.980305021456395,35.70931651598073,37.9411506652832,180000.0,0.0,0.0,0.0,SCBPL.KA,
2024-04-09 00:00:00+05:00,38.51281355799867,40.783802118206786,38.371855482549286,40.66633605957031,280500.0,0.0,0.0,0.0,SCBPL.KA,
2024-04-15 00:00:00+05:00,41.504248353258596,43.71258736627931,41.112698840492,43.70475769042969,239500.0,0.0,0.0,0.0,SCBPL.KA,
2024-04-16 00:00:00+05:00,44.24509664255918,46.90763462658327,43.97884284415677,44.769771575927734,194000.0,0.0,0.0,0.0,SCBPL.KA,
2024-04-17 00:00:00+05:00,44.78543223742542,44.78543223742542,43.07044644529909,43.24272918701172,50000.0,0.0,0.0,0.0,SCBPL.KA,
2024-04-18 00:00:00+05:00,44.51918300278391,44.636649063655305,42.130731325782364,43.85354995727539,191000.0,0.0,0.0,0.0,SCBPL.KA,
2024-04-19 00:00:00+05:00,43.85354883040624,44.6366479166635,42.287350657891736,43.18791580200195,74000.0,0.0,0.0,0.0,SCBPL.KA,
2024-04-22 00:00:00+05:00,42.67889960103445,43.46199867628279,42.67889960103445,43.2662239074707,29000.0,0.0,0.0,0.0,SCBPL.KA,
2024-04-23 00:00:00+05:00,42.381321838441366,43.070449872846986,41.19101086529928,41.93495559692383,89500.0,0.0,0.0,0.0,SCBPL.KA,
2024-04-24 00:00:00+05:00,42.95298284875964,43.84571829900573,41.89580029784064,42.84334945678711,47500.0,0.0,0.0,0.0,SCBPL.KA,
2024-04-25 00:00:00+05:00,44.127630230407824,44.127630230407824,42.373490032964504,42.98430633544922,42000.0,0.0,0.0,0.0,SCBPL.KA,
2024-04-26 00:00:00+05:00,42.48312446806166,42.984307393958765,41.90362984293946,42.287349700927734,49000.0,0.0,0.0,0.0,SCBPL.KA,
2024-04-29 00:00:00+05:00,39.31940394362468,42.95298318334585,39.11579949798768,39.84408187866211,99000.0,0.0,0.0,0.0,SCBPL.KA,
2024-04-30 00:00:00+05:00,39.84408169222565,40.31393994136537,39.62481192031267,40.09467315673828,39500.0,0.0,0.0,0.0,SCBPL.KA,
2024-05-02 00:00:00+05:00,40.219967708072105,42.600589538329174,37.588754420660166,39.444698333740234,31000.0,0.0,0.0,0.0,SCBPL.KA,
2024-05-03 00:00:00+05:00,39.15495824332189,39.3507330345385,38.76340866088867,38.76340866088867,17000.0,0.0,0.0,0.0,SCBPL.KA,
2024-05-06 00:00:00+05:00,39.15495337197286,39.546502905692584,38.17607953767354,38.653770446777344,22500.0,0.0,0.0,0.0,SCBPL.KA,
2024-05-07 00:00:00+05:00,38.763403854422265,39.154953388305316,38.551966747651115,38.99833297729492,23500.0,0.0,0.0,0.0,SCBPL.KA,
2024-05-08 00:00:00+05:00,39.55545274019709,39.55545274019709,37.948687795338856,39.11944580078125,51000.0,1.5,0.0,0.0,SCBPL.KA,
2024-05-09 00:00:00+05:00,38.35239719800154,38.74803380853304,37.14126886543307,38.4169921875,25000.0,0.0,0.0,0.0,SCBPL.KA,
2024-05-10 00:00:00+05:00,37.9486913396229,37.9486913396229,37.230088953873505,37.65802001953125,8000.0,0.0,0.0,0.0,SCBPL.KA,
2024-05-13 00:00:00+05:00,37.15741899547522,37.78720476622707,37.14127024749969,37.585350036621094,15500.0,0.0,0.0,0.0,SCBPL.KA,
2024-05-14 00:00:00+05:00,37.58535202396418,38.35240065303669,37.1493450457471,37.46424102783203,11500.0,0.0,0.0,0.0,SCBPL.KA,
2024-05-15 00:00:00+05:00,38.263583002111474,38.3362508297777,37.948690108910775,38.27973175048828,20500.0,0.0,0.0,0.0,SCBPL.KA,
2024-05-16 00:00:00+05:00,39.13559512890931,39.555453327163164,38.352397809083975,38.45736312866211,32500.0,0.0,0.0,0.0,SCBPL.KA,
2024-05-17 00:00:00+05:00,36.454964623184345,39.48278550284887,36.454964623184345,38.45736312866211,7000.0,0.0,0.0,0.0,SCBPL.KA,
2024-05-20 00:00:00+05:00,37.956761116845435,39.54737733475479,37.956761116845435,39.2647819519043,30000.0,0.0,0.0,0.0,SCBPL.KA,
2024-05-21 00:00:00+05:00,39.32130210445758,40.77465554756703,39.32130210445758,40.5566520690918,37000.0,0.0,0.0,0.0,SCBPL.KA,
2024-05-22 00:00:00+05:00,39.563528213639906,41.17836609991092,39.563528213639906,40.9442138671875,47000.0,0.0,0.0,0.0,SCBPL.KA,
2024-05-23 00:00:00+05:00,41.17836303741822,43.600619686678115,38.764179221763406,43.15653991699219,198000.0,0.0,0.0,0.0,SCBPL.KA,
2024-05-24 00:00:00+05:00,41.50133640396471,46.014808581858716,41.50133640396471,44.1496696472168,214000.0,0.0,0.0,0.0,SCBPL.KA,
2024-05-27 00:00:00+05:00,44.14966850022891,45.207388435175005,42.14726987075982,44.86827087402344,37929.0,0.0,0.0,0.0,SCBPL.KA,
2024-05-28 00:00:00+05:00,44.86827087402344,44.86827087402344,44.86827087402344,44.86827087402344,0.0,0.0,0.0,0.0,SCBPL.KA,
2024-05-29 00:00:00+05:00,46.02288278297273,46.4669626148668,44.173892542477724,46.192440032958984,91814.0,0.0,0.0,0.0,SCBPL.KA,
2024-05-30 00:00:00+05:00,46.83029632399231,47.1532651168709,45.21545851971671,46.36199188232422,51136.0,0.0,0.0,0.0,SCBPL.KA,
2024-05-31 00:00:00+05:00,46.02288126965435,47.63771920894046,46.02288126965435,47.22593688964844,15203.0,0.0,0.0,0.0,SCBPL.KA,
2024-06-03 00:00:00+05:00,47.22593574371895,48.03335469377012,46.83029910296798,47.94453811645508,20060.0,0.0,0.0,0.0,SCBPL.KA,
2024-06-04 00:00:00+05:00,46.1924369448434,47.94453765107817,46.18436411064715,47.597347259521484,64433.0,0.0,0.0,0.0,SCBPL.KA,
2024-06-05 00:00:00+05:00,47.750754624089964,48.68736045177709,46.168214273870134,48.315948486328125,41536.0,0.0,0.0,0.0,SCBPL.KA,
2024-06-06 00:00:00+05:00,48.44513532777787,49.971156597793474,46.91103814370807,48.01720428466797,43049.0,0.0,0.0,0.0,SCBPL.KA,
2024-06-07 00:00:00+05:00,46.240877294730545,47.63771151706458,45.312344397544045,47.02407455444336,47298.0,0.0,0.0,0.0,SCBPL.KA,
2024-06-10 00:00:00+05:00,46.119769707465665,48.44513715323755,46.119769707465665,47.637718200683594,23715.0,0.0,0.0,0.0,SCBPL.KA,
2024-06-11 00:00:00+05:00,48.42898725098298,50.7866521379107,47.23400759927504,47.653865814208984,86509.0,0.0,0.0,0.0,SCBPL.KA,
2024-06-12 00:00:00+05:00,47.435862994092034,48.4451366748174,47.435862994092034,47.99298095703125,20279.0,0.0,0.0,0.0,SCBPL.KA,
2024-06-13 00:00:00+05:00,47.99298028777556,49.25255493257739,43.915515290516566,47.653865814208984,87780.0,0.0,0.0,0.0,SCBPL.KA,
2024-06-14 00:00:00+05:00,50.74627793627797,50.74627793627797,48.04142578383353,49.527076721191406,21930.0,0.0,0.0,0.0,SCBPL.KA,
2024-06-20 00:00:00+05:00,47.25015453942591,50.786650194456946,47.25015453942591,50.447532653808594,86126.0,0.0,0.0,0.0,SCBPL.KA,
2024-06-21 00:00:00+05:00,50.34256988835125,52.240003173294525,50.34256988835125,51.27110290527344,83274.0,0.0,0.0,0.0,SCBPL.KA,
2024-06-24 00:00:00+05:00,50.78665189806992,52.07852095325903,50.463683094243244,50.875465393066406,36936.0,0.0,0.0,0.0,SCBPL.KA,
2024-06-25 00:00:00+05:00,51.10961809047201,51.10961809047201,48.60662061807058,49.8177490234375,25342.0,0.0,0.0,0.0,SCBPL.KA,
2024-06-26 00:00:00+05:00,50.86739367973514,50.86739367973514,49.260628619387454,49.65626525878906,17690.0,0.0,0.0,0.0,SCBPL.KA,
2024-06-27 00:00:00+05:00,50.78665069680671,50.851242608008974,49.57552233119185,49.688560485839844,24263.0,0.0,0.0,0.0,SCBPL.KA,
2024-06-28 00:00:00+05:00,50.851241540705274,50.851241540705274,49.33329315857804,49.801597595214844,6751.0,0.0,0.0,0.0,SCBPL.KA,
2024-07-01 00:00:00+05:00,49.252553373132976,54.28277587890625,49.252553373132976,54.28277587890625,207271.0,0.0,0.0,0.0,SCBPL.KA,
2024-07-02 00:00:00+05:00,56.43858627165096,58.78010247670627,55.71190797903135,58.15031051635742,138451.0,0.0,0.0,0.0,SCBPL.KA,
2024-07-03 00:00:00+05:00,59.587516376425015,60.96012602147084,57.33481694052348,58.23105239868164,67986.0,0.0,0.0,0.0,SCBPL.KA,
2024-07-04 00:00:00+05:00,59.732852581682,59.732852581682,56.680803983106,58.8123893737793,100175.0,0.0,0.0,0.0,SCBPL.KA,
2024-07-05 00:00:00+05:00,59.740926293773256,59.740926293773256,56.923035887440705,57.00377655029297,130067.0,0.0,0.0,0.0,SCBPL.KA,
2024-07-08 00:00:00+05:00,57.73045419063012,58.94158260022376,54.9044879015783,56.462806701660156,62440.0,0.0,0.0,0.0,SCBPL.KA,
2024-07-09 00:00:00+05:00,57.318666706431195,57.318666706431195,56.115614255146546,56.48702621459961,30911.0,0.0,0.0,0.0,SCBPL.KA,
2024-07-10 00:00:00+05:00,56.92303482694852,56.92303482694852,54.09706855894399,54.30699920654297,31277.0,0.0,0.0,0.0,SCBPL.KA,
2024-07-11 00:00:00+05:00,54.105142998903865,54.90448599666956,52.57104583462049,53.66913604736328,30123.0,0.0,0.0,0.0,SCBPL.KA,
2024-07-12 00:00:00+05:00,54.82374839864337,54.82374839864337,51.07732185184875,52.36919403076172,42027.0,0.0,0.0,0.0,SCBPL.KA,
2024-07-15 00:00:00+05:00,53.289647592406766,53.289647592406766,52.078519238033884,53.160457611083984,21054.0,0.0,0.0,0.0,SCBPL.KA,
2024-07-16 00:00:00+05:00,53.16045761108399,53.16045761108399,53.16045761108399,53.160457611083984,0.0,0.0,0.0,0.0,SCBPL.KA,
2024-07-17 00:00:00+05:00,53.16045761108399,53.16045761108399,53.16045761108399,53.160457611083984,0.0,0.0,0.0,0.0,SCBPL.KA,
2024-07-18 00:00:00+05:00,52.48223156552255,53.281574598379855,50.05997472403689,50.35871887207031,90941.0,0.0,0.0,0.0,SCBPL.KA,
2024-07-19 00:00:00+05:00,51.35184312735569,52.482230870434734,48.84884565632772,50.7220573425293,36885.0,0.0,0.0,0.0,SCBPL.KA,
2024-07-22 00:00:00+05:00,50.867390344750056,51.27109979193062,48.63083963776274,50.30219650268555,77360.0,0.0,0.0,0.0,SCBPL.KA,
2024-07-23 00:00:00+05:00,50.85931988816185,50.85931988816185,49.656264324107994,49.664337158203125,9507.0,0.0,0.0,0.0,SCBPL.KA,
2024-07-24 00:00:00+05:00,50.7866545578481,50.7866545578481,49.25255727941647,49.890419006347656,18112.0,0.0,0.0,0.0,SCBPL.KA,
2024-07-25 00:00:00+05:00,50.05189970102932,50.8673914467756,49.65626307899523,49.78544998168945,4619.0,0.0,0.0,0.0,SCBPL.KA,
2024-07-26 00:00:00+05:00,50.4556119225166,50.85124548617735,48.54202677889439,48.89729309082031,8041.0,0.0,0.0,0.0,SCBPL.KA,
2024-07-29 00:00:00+05:00,50.70590843280218,50.70590843280218,48.00105623626636,48.85691833496094,13893.0,0.0,0.0,0.0,SCBPL.KA,
2024-07-30 00:00:00+05:00,48.69543302248828,49.25255093241087,48.40476173729092,48.66313552856445,14862.0,0.0,0.0,0.0,SCBPL.KA,
2024-07-31 00:00:00+05:00,47.960687440320605,50.05997550360971,47.33089855728675,48.186763763427734,26108.0,0.0,0.0,0.0,SCBPL.KA,
2024-08-01 00:00:00+05:00,49.24448070541505,50.05189961589528,46.0228778973731,46.70918273925781,28507.0,0.0,0.0,0.0,SCBPL.KA,
2024-08-02 00:00:00+05:00,48.041428434274074,48.36439725241041,46.047102604408884,46.870670318603516,42338.0,0.0,0.0,0.0,SCBPL.KA,
2024-08-05 00:00:00+05:00,47.799197821305576,47.799197821305576,45.821020969601804,46.3377685546875,21348.0,0.0,0.0,0.0,SCBPL.KA,
2024-08-06 00:00:00+05:00,45.312350089206994,46.82222572594301,45.21546067874045,46.03095245361328,7907.0,0.0,0.0,0.0,SCBPL.KA,
2024-08-07 00:00:00+05:00,46.822224621977995,46.822224621977995,45.304276186850835,45.64339065551758,11364.0,0.0,0.0,0.0,SCBPL.KA,
2024-08-08 00:00:00+05:00,45.30427626109683,45.65953947838594,44.529154834252196,45.03782653808594,14522.0,0.0,0.0,0.0,SCBPL.KA,
2024-08-09 00:00:00+05:00,45.594948510631895,45.94213890110877,44.811751153501426,45.732208251953125,8569.0,0.0,0.0,0.0,SCBPL.KA,
2024-08-12 00:00:00+05:00,45.73220709348463,46.83029731647341,44.981307252177864,45.95021057128906,21510.0,0.0,0.0,0.0,SCBPL.KA,
2024-08-13 00:00:00+05:00,45.30427540705186,46.830296649903104,41.364070274781504,46.31354904174805,16564.0,0.0,0.0,0.0,SCBPL.KA,
2024-08-15 00:00:00+05:00,46.74955704302326,49.24448164733078,45.38501708697409,47.807273864746094,46864.0,0.0,0.0,0.0,SCBPL.KA,
2024-08-16 00:00:00+05:00,48.28365174230262,48.44513614546593,46.8302982739504,48.04949951171875,47851.0,0.0,0.0,0.0,SCBPL.KA,
2024-08-19 00:00:00+05:00,48.36439617513679,50.78665301702894,48.36439617513679,49.65626525878906,44490.0,0.0,0.0,0.0,SCBPL.KA,
2024-08-20 00:00:00+05:00,50.4636863914729,50.4636863914729,48.92958909314853,49.228336334228516,10403.0,0.0,0.0,0.0,SCBPL.KA,
2024-08-21 00:00:00+05:00,49.26062593054,49.54322439470401,48.6066185901652,48.937660217285156,16981.0,0.0,0.0,0.0,SCBPL.KA,
2024-08-22 00:00:00+05:00,49.25255732554942,49.25255732554942,47.50045963354424,47.92031478881836,28444.0,0.0,0.0,0.0,SCBPL.KA,
2024-08-23 00:00:00+05:00,48.04142742469663,50.45561143538207,48.04142742469663,49.25255584716797,36008.0,0.0,0.0,0.0,SCBPL.KA,
2024-08-26 00:00:00+05:00,49.97923524853224,50.302200987033295,49.010331872911244,49.438262939453125,21330.0,0.0,0.0,0.0,SCBPL.KA,
2024-08-27 00:00:00+05:00,49.97923396525937,49.97923396525937,46.22473463615107,47.589271545410156,23669.0,0.0,0.0,0.0,SCBPL.KA,
2024-08-28 00:00:00+05:00,48.364395394285175,48.364395394285175,47.23400765429561,47.25015640258789,36451.0,0.0,0.0,0.0,SCBPL.KA,
2024-08-29 00:00:00+05:00,48.033358887990325,48.033358887990325,45.37694957115309,46.83030319213867,21549.0,0.0,0.0,0.0,SCBPL.KA,
2024-08-30 00:00:00+05:00,47.63771732316603,47.63771732316603,46.83029838548524,47.24208068847656,53420.0,0.0,0.0,0.0,SCBPL.KA,
2024-09-02 00:00:00+05:00,47.225936634565265,47.225936634565265,46.02288102106928,46.870670318603516,6892.0,0.0,0.0,0.0,SCBPL.KA,
2024-09-03 00:00:00+05:00,46.83029599371014,46.83029599371014,44.4080393043803,46.67688751220703,11632.0,0.0,0.0,0.0,SCBPL.KA,
2024-09-04 00:00:00+05:00,45.12664074011245,46.82222223726437,44.73100721348469,46.48310470581055,10065.0,0.0,0.0,0.0,SCBPL.KA,
2024-09-05 00:00:00+05:00,47.679275733484154,48.50739087390925,46.88462049974362,48.047325134277344,7020.0,2.0,0.0,0.0,SCBPL.KA,
2024-09-06 00:00:00+05:00,46.842797641096446,49.35223322901233,46.842797641096446,48.51575469970703,8813.0,0.0,0.0,0.0,SCBPL.KA,
2024-09-09 00:00:00+05:00,48.51575436799423,48.51575436799423,47.67927584440812,48.09751510620117,5716.0,0.0,0.0,0.0,SCBPL.KA,
2024-09-10 00:00:00+05:00,48.306632211384034,50.18870879104835,47.69600330400241,49.720279693603516,12007.0,0.0,0.0,0.0,SCBPL.KA,
2024-09-11 00:00:00+05:00,49.3522286698386,49.3522286698386,48.515750217807444,48.766693115234375,1498.0,0.0,0.0,0.0,SCBPL.KA,
2024-09-12 00:00:00+05:00,47.77128232976712,48.50738422131236,47.67926919445998,47.69599914550781,15625.0,0.0,0.0,0.0,SCBPL.KA,
2024-09-13 00:00:00+05:00,48.50738770078612,48.50738770078612,47.67927261453238,47.79637908935547,8703.0,0.0,0.0,0.0,SCBPL.KA,
2024-09-16 00:00:00+05:00,48.50738658530688,48.50738658530688,47.67927151809654,48.398643493652344,11424.0,0.0,0.0,0.0,SCBPL.KA,
2024-09-17 00:00:00+05:00,48.398643493652344,48.398643493652344,48.398643493652344,48.398643493652344,0.0,0.0,0.0,0.0,SCBPL.KA,
2024-09-18 00:00:00+05:00,48.507388038052206,49.34386651078976,47.67927294604068,48.340091705322266,4650.0,0.0,0.0,0.0,SCBPL.KA,
2024-09-19 00:00:00+05:00,48.51574984849005,49.00927225906807,47.76291797102798,47.9553108215332,11678.0,0.0,0.0,0.0,SCBPL.KA,
2024-09-20 00:00:00+05:00,48.51575244950723,48.9339916947616,47.679273958998486,48.507389068603516,13717.0,0.0,0.0,0.0,SCBPL.KA,
2024-09-23 00:00:00+05:00,49.26858128871186,51.669273513005834,48.507386037549765,51.593990325927734,130581.0,0.0,0.0,0.0,SCBPL.KA,
2024-09-24 00:00:00+05:00,51.025189077610406,52.69814609654845,50.197073949234664,50.205440521240234,17518.0,0.0,0.0,0.0,SCBPL.KA,
2024-09-25 00:00:00+05:00,50.18870854781846,50.18870854781846,48.51575159622451,49.352230072021484,447561.0,0.0,0.0,0.0,SCBPL.KA,
2024-09-26 00:00:00+05:00,50.1887085735858,50.1887085735858,48.51575162113294,49.22675704956055,11723.0,0.0,0.0,0.0,SCBPL.KA,
2024-09-27 00:00:00+05:00,49.352227757621456,49.352227757621456,48.5157493210516,48.524112701416016,6302.0,0.0,0.0,0.0,SCBPL.KA,
2024-09-30 00:00:00+05:00,47.779649171266655,49.22675653716618,44.33335877854112,45.939395904541016,36203.0,0.0,0.0,0.0,SCBPL.KA,
2024-10-01 00:00:00+05:00,46.84279184175463,47.59562370129048,46.006313416009014,46.700592041015625,5048.0,0.0,0.0,0.0,SCBPL.KA,
2024-10-02 00:00:00+05:00,46.42455721435262,47.67927497690269,46.34091063988086,46.767513275146484,1833.0,0.0,0.0,0.0,SCBPL.KA,
2024-10-03 00:00:00+05:00,48.05568566018633,48.05568566018633,46.13178594065576,46.876251220703125,5309.0,0.0,0.0,0.0,SCBPL.KA,
2024-10-04 00:00:00+05:00,46.42455274548745,48.05568631797075,42.20033732304441,47.662540435791016,19489.0,0.0,0.0,0.0,SCBPL.KA,
2024-10-07 00:00:00+05:00,48.507383935324896,49.34386233731358,47.679268913354875,49.134742736816406,7598.0,0.0,0.0,0.0,SCBPL.KA,
2024-10-08 00:00:00+05:00,49.13474498751816,49.35222797799618,47.788014188081156,49.14310836791992,35918.0,0.0,0.0,0.0,SCBPL.KA,
2024-10-09 00:00:00+05:00,49.14310836791992,49.14310836791992,49.14310836791992,49.14310836791992,0.0,0.0,0.0,0.0,SCBPL.KA,
2024-10-10 00:00:00+05:00,48.51574761284722,49.35222601996528,46.75914423426406,47.051910400390625,333838.0,0.0,0.0,0.0,SCBPL.KA,
2024-10-11 00:00:00+05:00,47.67927254086424,48.089148393023876,46.759147505036964,46.83443069458008,44125.0,0.0,0.0,0.0,SCBPL.KA,
2024-10-14 00:00:00+05:00,47.67090749933583,48.515749316185364,46.867885775216195,48.1309700012207,79901.0,0.0,0.0,0.0,SCBPL.KA,
2024-10-15 00:00:00+05:00,47.26103166145643,48.34845299070577,47.26103166145643,48.1309700012207,10116.0,0.0,0.0,0.0,SCBPL.KA,
2024-10-16 00:00:00+05:00,48.51575212345422,49.327137274886645,47.68763701941459,49.176570892333984,37536.0,0.0,0.0,0.0,SCBPL.KA,
2024-10-17 00:00:00+05:00,49.352231373148236,50.1887098709982,46.84279587959833,48.28153991699219,214562.0,0.0,0.0,0.0,SCBPL.KA,
2024-10-18 00:00:00+05:00,48.51575447120784,48.51575447120784,46.94317395006496,47.453426361083984,12457.0,0.0,0.0,0.0,SCBPL.KA,
2024-10-21 00:00:00+05:00,47.67926999920232,48.51574842024096,47.453420442612455,47.762916564941406,1927.0,0.0,0.0,0.0,SCBPL.KA,
2024-10-22 00:00:00+05:00,47.269399853879094,48.47393096722469,47.269399853879094,48.047325134277344,9472.0,0.0,0.0,0.0,SCBPL.KA,
2024-10-23 00:00:00+05:00,48.473929163164236,48.51575244950723,47.679273958998486,48.507389068603516,13556.0,0.0,0.0,0.0,SCBPL.KA,
2024-10-24 00:00:00+05:00,48.51575179981014,49.343866898325494,48.51575179981014,48.63285827636719,7929.0,0.0,0.0,0.0,SCBPL.KA,
2024-10-25 00:00:00+05:00,47.67927272930982,48.515751198245084,46.84279426037456,47.8465690612793,273728.0,0.0,0.0,0.0,SCBPL.KA,
2024-10-28 00:00:00+05:00,47.67927406183646,48.50738917322763,47.344681388546405,47.73782730102539,37086.0,0.0,0.0,0.0,SCBPL.KA,
2024-10-29 00:00:00+05:00,47.34468154525538,47.66254426684183,45.16983873440804,46.449649810791016,53433.0,0.0,0.0,0.0,SCBPL.KA,
2024-10-30 00:00:00+05:00,46.424556874478974,46.8427961256004,46.00631762335754,46.349273681640625,25686.0,0.0,0.0,0.0,SCBPL.KA,
2024-10-31 00:00:00+05:00,46.00631407617579,46.38273001134508,44.24971063326843,44.34172058105469,87926.0,0.0,0.0,0.0,SCBPL.KA,
2024-11-01 00:00:00+05:00,44.350087659867626,44.350087659867626,42.66040081336981,44.291534423828125,37476.0,0.0,0.0,0.0,SCBPL.KA,
2024-11-04 00:00:00+05:00,44.74323450998928,44.74323450998928,43.714363189734506,43.8900260925293,16648.0,0.0,0.0,0.0,SCBPL.KA,
2024-11-05 00:00:00+05:00,44.32499429455435,44.32499429455435,41.82392233492456,42.56002426147461,61530.0,0.0,0.0,0.0,SCBPL.KA,
2024-11-06 00:00:00+05:00,42.66039980259807,42.66039980259807,38.4696442848147,40.585933685302734,142910.0,0.0,0.0,0.0,SCBPL.KA,
2024-11-07 00:00:00+05:00,40.97908124906189,41.82392309150905,40.97908124906189,41.41404724121094,39564.0,0.0,0.0,0.0,SCBPL.KA,
2024-11-08 00:00:00+05:00,41.82392108572061,41.82392108572061,40.9874426640062,41.77373123168945,9072.0,0.0,0.0,0.0,SCBPL.KA,
2024-11-11 00:00:00+05:00,41.823921611614104,42.242160827730245,41.40568239549796,41.59807205200195,225324.0,0.0,0.0,0.0,SCBPL.KA,
2024-11-12 00:00:00+05:00,41.23838942987175,41.82392501831055,41.23838942987175,41.82392501831055,131903.0,0.0,0.0,0.0,SCBPL.KA,
2024-11-13 00:00:00+05:00,42.61021365992638,42.61021365992638,41.19656614303589,41.82392501831055,51893.0,0.0,0.0,0.0,SCBPL.KA,
2024-11-14 00:00:00+05:00,41.82392501831055,41.82392501831055,41.57298210638314,41.82392501831055,46655.0,0.0,0.0,0.0,SCBPL.KA,
2024-11-15 00:00:00+05:00,42.53492656995076,42.53492656995076,41.623164960456194,41.94939422607422,353383.0,0.0,0.0,0.0,SCBPL.KA,
2024-11-18 00:00:00+05:00,42.40109239008479,42.65203848319018,41.40568416198957,42.476375579833984,40351.0,0.0,0.0,0.0,SCBPL.KA,
2024-11-19 00:00:00+05:00,41.924299262991674,42.65203781615685,41.924299262991674,42.33417510986328,212216.0,0.0,0.0,0.0,SCBPL.KA,
2024-11-20 00:00:00+05:00,42.66040389576444,42.66040389576444,41.966125202685674,42.11669158935547,48030.0,0.0,0.0,0.0,SCBPL.KA,
2024-11-21 00:00:00+05:00,42.57675516285248,42.57675516285248,41.82392326766958,42.15851593017578,11687.0,0.0,0.0,0.0,SCBPL.KA,
2024-11-22 00:00:00+05:00,42.65203515955856,43.53033684424999,41.83228351687389,42.426185607910156,125821.0,0.0,0.0,0.0,SCBPL.KA,
2024-11-25 00:00:00+05:00,42.42618736689306,43.496878745695255,41.4140460325251,41.966121673583984,187125.0,0.0,0.0,0.0,SCBPL.KA,
2024-11-26 00:00:00+05:00,42.53492972690125,45.169838233556945,40.987445804523894,41.112918853759766,186732.0,0.0,0.0,0.0,SCBPL.KA,
2024-11-27 00:00:00+05:00,42.66040279673897,43.49688128294954,41.99122064595296,43.41323471069336,103136.0,0.0,0.0,0.0,SCBPL.KA,
2024-11-28 00:00:00+05:00,43.36304404692685,44.12423932759581,40.98744506260085,42.401092529296875,46058.0,0.0,0.0,0.0,SCBPL.KA,
2024-11-29 00:00:00+05:00,43.44668974698231,43.496879602944816,41.98285245265243,42.97826385498047,48472.0,0.0,0.0,0.0,SCBPL.KA,
2024-12-02 00:00:00+05:00,43.39650331013981,43.496879831680616,42.66040137337907,43.47178649902344,137114.0,0.0,0.0,0.0,SCBPL.KA,
2024-12-03 00:00:00+05:00,43.65580655314605,45.16983360607805,42.2421592056841,42.501468658447266,268549.0,0.0,0.0,0.0,SCBPL.KA,
2024-12-04 00:00:00+05:00,42.47637397716284,43.287759081521855,42.47637397716284,42.73568344116211,433504.0,0.0,0.0,0.0,SCBPL.KA,
2024-12-05 00:00:00+05:00,43.41323607055724,45.161476289135194,42.64367417986364,44.266441345214844,279122.0,0.0,0.0,0.0,SCBPL.KA,
2024-12-06 00:00:00+05:00,44.584299900382945,48.69140888427284,44.090777496616,48.20625305175781,1402135.0,0.0,0.0,0.0,SCBPL.KA,
2024-12-09 00:00:00+05:00,48.73323167993847,48.758328202530976,46.006313416009014,46.700592041015625,181774.0,0.0,0.0,0.0,SCBPL.KA,
2024-12-10 00:00:00+05:00,47.595627213161904,47.595627213161904,43.49688134821521,46.675498962402344,59471.0,0.0,0.0,0.0,SCBPL.KA,
2024-12-11 00:00:00+05:00,46.00631557442956,46.84279403941918,45.738642720905844,46.014678955078125,206194.0,0.0,0.0,0.0,SCBPL.KA,
2024-12-12 00:00:00+05:00,46.006317138671875,46.84279563210227,45.62990117844575,46.006317138671875,349967.0,0.0,0.0,0.0,SCBPL.KA,
2024-12-13 00:00:00+05:00,46.00631695888894,46.842795449050556,45.37895809126773,45.38732147216797,121315.0,0.0,0.0,0.0,SCBPL.KA,
2024-12-16 00:00:00+05:00,45.38732094779475,45.38732094779475,43.513610938391096,43.95694351196289,47708.0,0.0,0.0,0.0,SCBPL.KA,
2024-12-17 00:00:00+05:00,43.95694330719447,45.16147435568354,43.95694330719447,44.67631530761719,20051.0,0.0,0.0,0.0,SCBPL.KA,
2024-12-18 00:00:00+05:00,45.1698405627141,45.1698405627141,43.4968835048358,44.5090217590332,37412.0,0.0,0.0,0.0,SCBPL.KA,
2024-12-19 00:00:00+05:00,44.9188971818149,45.16984009974211,41.823926018279735,43.078643798828125,48570.0,0.0,0.0,0.0,SCBPL.KA,
2024-12-20 00:00:00+05:00,43.496880601895135,47.386506778237155,43.16228793628493,46.60858154296875,130653.0,0.0,0.0,0.0,SCBPL.KA,
2024-12-23 00:00:00+05:00,46.8427930061019,46.8427930061019,45.16983611302683,45.328765869140625,70385.0,0.0,0.0,0.0,SCBPL.KA,
2024-12-24 00:00:00+05:00,46.84279307224957,46.84279307224957,43.91511850523398,44.16606140136719,92931.0,0.0,0.0,0.0,SCBPL.KA,
2024-12-26 00:00:00+05:00,44.15769696347327,44.3333566674689,43.78964441310685,44.124237060546875,22198.0,0.0,0.0,0.0,SCBPL.KA,
2024-12-27 00:00:00+05:00,44.3333566493777,44.3333566493777,43.49687822203095,44.24971008300781,130811.0,0.0,0.0,0.0,SCBPL.KA,
2024-12-30 00:00:00+05:00,43.9987658790074,45.92266889670584,43.9987658790074,45.571346282958984,41920.0,0.0,0.0,0.0,SCBPL.KA,
2024-12-31 00:00:00+05:00,46.00631965781158,46.00631965781158,43.53870732889193,44.3333625793457,18370.0,0.0,0.0,0.0,SCBPL.KA,
2025-01-01 00:00:00+05:00,44.3333625793457,44.3333625793457,44.3333625793457,44.3333625793457,0.0,0.0,0.0,0.0,SCBPL.KA,
2025-01-02 00:00:00+05:00,45.58807679411482,46.84279450404459,44.75159832082831,45.27021408081055,94938.0,0.0,0.0,0.0,SCBPL.KA,
2025-01-03 00:00:00+05:00,46.13178948069927,46.13178948069927,44.350089423595044,45.169837951660156,48712.0,0.0,0.0,0.0,SCBPL.KA,
2025-01-06 00:00:00+05:00,44.960718331513576,45.98958647972527,44.960718331513576,45.169837951660156,121650.0,0.0,0.0,0.0,SCBPL.KA,
2025-01-07 00:00:00+05:00,45.99795023346762,45.99795023346762,44.76832592124439,45.73027420043945,50140.0,0.0,0.0,0.0,SCBPL.KA,
2025-01-08 00:00:00+05:00,44.3417200561481,48.09750960118069,44.3417200561481,47.662540435791016,184597.0,0.0,0.0,0.0,SCBPL.KA,
2025-01-09 00:00:00+05:00,48.0975147715786,48.5157540304619,47.662545559430505,47.67927551269531,161877.0,0.0,0.0,0.0,SCBPL.KA,
2025-01-10 00:00:00+05:00,49.25185590360218,49.25185590360218,46.85952683787585,47.629085540771484,4905.0,0.0,0.0,0.0,SCBPL.KA,
2025-01-13 00:00:00+05:00,47.11883336090481,48.91726014213109,46.00631547327685,46.90971374511719,27981.0,0.0,0.0,0.0,SCBPL.KA,
2025-01-14 00:00:00+05:00,47.67090583723918,47.67090583723918,44.333355588026166,46.40782165527344,57593.0,0.0,0.0,0.0,SCBPL.KA,
2025-01-15 00:00:00+05:00,46.8344328587001,46.84279623974151,45.25348580524252,46.39946365356445,5744.0,0.0,0.0,0.0,SCBPL.KA,
2025-01-16 00:00:00+05:00,45.337134637228274,46.75078213164357,41.75700454276008,45.588077545166016,109481.0,0.0,0.0,0.0,SCBPL.KA,
2025-01-17 00:00:00+05:00,45.989585258096525,46.8427936685401,45.21166003654245,45.596439361572266,8089.0,0.0,0.0,0.0,SCBPL.KA,
2025-01-20 00:00:00+05:00,45.35386493488807,46.382733098897994,45.25348521821963,46.006317138671875,24293.0,0.0,0.0,0.0,SCBPL.KA,
2025-01-21 00:00:00+05:00,46.340908272222364,46.84279407523504,45.58807637679124,46.83443069458008,11942.0,0.0,0.0,0.0,SCBPL.KA,
2025-01-22 00:00:00+05:00,46.83443126807584,46.83443126807584,45.169837697089164,45.19493103027344,55092.0,0.0,0.0,0.0,SCBPL.KA,
2025-01-23 00:00:00+05:00,46.00631445706748,46.80096961769015,45.1949293446419,46.74241638183594,3955.0,0.0,0.0,0.0,SCBPL.KA,
2025-01-24 00:00:00+05:00,46.67549964389895,46.67549964389895,45.613171566397305,46.424556732177734,12566.0,0.0,0.0,0.0,SCBPL.KA,
2025-01-27 00:00:00+05:00,46.82606571713908,46.82606571713908,44.249713614567256,44.4002799987793,102103.0,0.0,0.0,0.0,SCBPL.KA,
2025-01-28 00:00:00+05:00,45.16984111857864,45.16984111857864,44.032229794675864,44.3333625793457,72230.0,0.0,0.0,0.0,SCBPL.KA,
2025-01-29 00:00:00+05:00,45.16984111857864,45.16984111857864,43.91512330972923,44.3333625793457,36622.0,0.0,0.0,0.0,SCBPL.KA,
2025-01-30 00:00:00+05:00,45.9979521176316,45.9979521176316,43.49688010745179,45.052730560302734,96165.0,0.0,0.0,0.0,SCBPL.KA,
2025-01-31 00:00:00+05:00,45.16984111857864,45.571350434500964,43.9569465985084,44.3333625793457,57409.0,0.0,0.0,0.0,SCBPL.KA,
2025-02-03 00:00:00+05:00,44.341725960736575,45.086194541020305,44.29153929056653,44.3333625793457,63533.0,0.0,0.0,0.0,SCBPL.KA,
2025-02-04 00:00:00+05:00,44.33335809665928,44.74323394344103,43.915118869332304,44.58430099487305,28564.0,0.0,0.0,0.0,SCBPL.KA,
2025-02-06 00:00:00+05:00,44.65958643240586,44.65958643240586,43.66417816996901,44.32499694824219,24863.0,0.0,0.0,0.0,SCBPL.KA,
2025-02-07 00:00:00+05:00,43.597256957081285,44.751598138981436,43.58052700477408,44.25807571411133,6263.0,0.0,0.0,0.0,SCBPL.KA,
2025-02-10 00:00:00+05:00,45.16147289209917,45.16147289209917,43.496879373607875,44.734867095947266,11668.0,0.0,0.0,0.0,SCBPL.KA,
2025-02-11 00:00:00+05:00,45.08618958673808,45.08618958673808,43.59725578069406,44.68467712402344,31677.0,0.0,0.0,0.0,SCBPL.KA,
2025-02-12 00:00:00+05:00,45.92266789312888,45.92266789312888,44.66795022600418,44.75996017456055,18488.0,0.0,0.0,0.0,SCBPL.KA,
2025-02-13 00:00:00+05:00,44.50065639912454,45.997953665170655,44.458833112719624,45.562984466552734,19162.0,0.0,0.0,0.0,SCBPL.KA,
2025-02-14 00:00:00+05:00,46.41619269860467,46.41619269860467,44.768329056313114,45.069461822509766,18215.0,0.0,0.0,0.0,SCBPL.KA,
2025-02-17 00:00:00+05:00,45.06946487766597,45.06946487766597,44.33336286494351,44.8770751953125,13788.0,0.0,0.0,0.0,SCBPL.KA,
2025-02-18 00:00:00+05:00,44.91889539369464,45.588077545166016,44.79342234426967,45.588077545166016,12550.0,0.0,0.0,0.0,SCBPL.KA,
2025-02-19 00:00:00+05:00,45.16983816222016,45.98958669410654,45.16983816222016,45.663360595703125,3878.0,0.0,0.0,0.0,SCBPL.KA,
2025-02-20 00:00:00+05:00,45.67172001127328,46.42455185831339,45.588073446451894,45.864112854003906,10502.0,0.0,0.0,0.0,SCBPL.KA,
2025-02-21 00:00:00+05:00,45.864113923516385,50.4480153445007,44.341720242788554,49.31876754760742,352944.0,0.0,0.0,0.0,SCBPL.KA,
2025-02-24 00:00:00+05:00,49.184932772865054,50.18870756229334,49.14310948807889,49.87921142578125,376739.0,0.0,0.0,0.0,SCBPL.KA,
2025-02-25 00:00:00+05:00,50.105059781052404,51.443424007316985,49.45260442870041,50.82442855834961,99542.0,0.0,0.0,0.0,SCBPL.KA,
2025-02-26 00:00:00+05:00,51.025184106977555,51.76964939733672,50.606944892985936,51.200843811035156,160243.0,0.0,0.0,0.0,SCBPL.KA,
2025-02-27 00:00:00+05:00,51.03354946516837,53.11638223557245,51.03354946516837,52.698143005371094,95686.0,0.0,0.0,0.0,SCBPL.KA,
2025-02-28 00:00:00+05:00,53.51789266814954,55.20757957752257,53.11638338140429,54.52166748046875,171841.0,0.0,0.0,0.0,SCBPL.KA,
2025-03-03 00:00:00+05:00,55.20758090774196,55.54217358354772,53.952863159838735,54.806068420410156,32427.0,0.0,0.0,0.0,SCBPL.KA,
2025-03-04 00:00:00+05:00,54.789336487937426,55.04028256656593,53.53461885844268,54.64713668823242,6772.0,0.0,0.0,0.0,SCBPL.KA,
2025-03-05 00:00:00+05:00,56.035687841690375,56.035687841690375,53.11637992858886,54.371097564697266,25288.0,0.0,0.0,0.0,SCBPL.KA,
2025-03-06 00:00:00+05:00,54.78933862801792,54.78933862801792,53.969586936725875,54.60531234741211,124261.0,0.0,0.0,0.0,SCBPL.KA,
2025-03-07 00:00:00+05:00,55.123931148006434,55.123931148006434,50.35600334338461,54.287452697753906,13762.0,0.0,0.0,0.0,SCBPL.KA,
2025-03-10 00:00:00+05:00,54.279087830421105,54.78934021164034,54.04487487808919,54.20380783081055,65281.0,0.0,0.0,0.0,SCBPL.KA,
2025-03-11 00:00:00+05:00,54.24562686248406,55.207578367988084,53.877580679671254,54.55512619018555,84466.0,0.0,0.0,0.0,SCBPL.KA,
2025-03-12 00:00:00+05:00,54.53003502095329,54.839527979109725,53.95286281838673,54.3878288269043,101951.0,0.0,0.0,0.0,SCBPL.KA,
2025-03-13 00:00:00+05:00,54.37109963254083,55.207578088426075,53.96122697606783,54.705692291259766,68173.0,0.0,0.0,0.0,SCBPL.KA,
2025-03-14 00:00:00+05:00,55.69203913796946,55.69203913796946,52.97045415300391,53.44536209106445,100687.0,5.5,0.0,0.0,SCBPL.KA,
2025-03-17 00:00:00+05:00,53.4453613126056,53.4453613126056,51.14388602348087,52.30375671386719,38474.0,0.0,0.0,0.0,SCBPL.KA,
2025-03-18 00:00:00+05:00,52.943057171222264,53.25357376838694,51.15301847256073,52.05717086791992,39677.0,0.0,0.0,0.0,SCBPL.KA,
2025-03-19 00:00:00+05:00,52.97045566730807,52.97045566730807,51.783187530165826,52.06630325317383,224459.0,0.0,0.0,0.0,SCBPL.KA,
2025-03-20 00:00:00+05:00,52.07543352898353,52.495543166909485,51.9110421952037,51.974971771240234,129509.0,0.0,0.0,0.0,SCBPL.KA,
2025-03-21 00:00:00+05:00,51.82884775178891,52.650804440091214,51.14388500617056,51.18954849243164,30235.0,0.0,0.0,0.0,SCBPL.KA,
2025-03-24 00:00:00+05:00,52.04803943864966,52.7877970037179,50.2306033482248,50.805973052978516,36409.0,0.0,0.0,0.0,SCBPL.KA,
2025-03-25 00:00:00+05:00,52.04804035048306,52.057171654699076,51.14388794145874,51.60966110229492,7585.0,0.0,0.0,0.0,SCBPL.KA,
2025-03-26 00:00:00+05:00,52.03890369487693,52.05716978655434,51.70098970859677,52.048038482666016,10768.0,0.0,0.0,0.0,SCBPL.KA,
2025-03-27 00:00:00+05:00,52.05716837389657,52.51381020173777,51.64619003205936,52.038902282714844,44742.0,0.0,0.0,0.0,SCBPL.KA,
2025-03-28 00:00:00+05:00,52.038902282714844,52.038902282714844,52.038902282714844,52.038902282714844,0.0,0.0,0.0,0.0,SCBPL.KA,
2025-03-31 00:00:00+05:00,52.038902282714844,52.038902282714844,52.038902282714844,52.038902282714844,0.0,0.0,0.0,0.0,SCBPL.KA,
2025-04-03 00:00:00+05:00,52.038905317371324,52.65080721399003,51.14388770067757,51.9201774597168,39852.0,0.0,0.0,0.0,SCBPL.KA,
2025-04-04 00:00:00+05:00,52.05717032906519,53.153111453825666,51.87451289428831,52.19416427612305,144439.0,0.0,0.0,0.0,SCBPL.KA,
2025-04-07 00:00:00+05:00,52.78779649656448,52.97045393103787,47.49075180024085,52.44988250732422,72633.0,0.0,0.0,0.0,SCBPL.KA,
2025-04-08 00:00:00+05:00,49.40864226101031,52.96131845580983,49.40864226101031,52.2763557434082,14060.0,0.0,0.0,0.0,SCBPL.KA,
2025-04-09 00:00:00+05:00,52.05717140961824,52.787797679990604,51.19868597741832,51.9201774597168,27439.0,0.0,0.0,0.0,SCBPL.KA,
2025-04-10 00:00:00+05:00,53.153111365511265,53.153111365511265,52.05717024257171,52.44988250732422,17643.0,0.0,0.0,0.0,SCBPL.KA,
2025-04-11 00:00:00+05:00,52.376816661454995,52.5138106044181,51.87451134375809,52.23982620239258,118391.0,0.0,0.0,0.0,SCBPL.KA,
2025-04-14 00:00:00+05:00,52.952186357150886,53.883736111381836,52.59600628604213,53.26270294189453,78983.0,0.0,0.0,0.0,SCBPL.KA,
2025-04-15 00:00:00+05:00,53.4727575524621,53.88373589590592,53.4270940662796,53.85633850097656,11735.0,0.0,0.0,0.0,SCBPL.KA,
2025-04-16 00:00:00+05:00,53.85633790428084,56.62358624630869,52.97045164977265,54.988807678222656,57371.0,0.0,0.0,0.0,SCBPL.KA,
2025-04-17 00:00:00+05:00,55.71030315185497,55.71943445552095,54.797019493627836,55.13493347167969,12722.0,0.0,0.0,0.0,SCBPL.KA,
2025-04-18 00:00:00+05:00,56.11214744293998,56.16694571735629,54.84268369878482,56.075618743896484,14862.0,0.0,0.0,0.0,SCBPL.KA,
2025-04-21 00:00:00+05:00,56.16694384371402,56.53225869316834,54.34037656424365,56.404396057128906,50325.0,0.0,0.0,0.0,SCBPL.KA,
2025-04-22 00:00:00+05:00,57.536869154155355,57.536869154155355,55.26279136419391,56.45919418334961,8910.0,0.0,0.0,0.0,SCBPL.KA,
2025-04-23 00:00:00+05:00,56.45919883486933,57.46380952518054,56.166948325546045,56.778846740722656,28100.0,0.0,0.0,0.0,SCBPL.KA,
2025-04-24 00:00:00+05:00,55.710304260253906,56.62358793665151,54.88834755793576,55.710304260253906,22845.0,0.0,0.0,0.0,SCBPL.KA,
2025-04-25 00:00:00+05:00,55.71030513880601,56.6235888296061,52.97045406640571,53.701080322265625,83707.0,0.0,0.0,0.0,SCBPL.KA,
2025-04-28 00:00:00+05:00,53.69194964909544,54.340380241045665,48.49536315769218,53.87460708618164,119046.0,0.0,0.0,0.0,SCBPL.KA,
2025-04-29 00:00:00+05:00,55.472852498900565,55.472852498900565,50.86076710759456,54.80615234375,116295.0,0.0,0.0,0.0,SCBPL.KA,
2025-04-30 00:00:00+05:00,54.79702088476594,54.79702088476594,52.11196811561668,54.57783126831055,58654.0,0.0,0.0,0.0,SCBPL.KA,
2025-05-02 00:00:00+05:00,54.56870067985594,56.112148867475184,51.19868510546327,53.92940139770508,17776.0,0.0,0.0,0.0,SCBPL.KA,
2025-05-05 00:00:00+05:00,55.646374046564844,55.646374046564844,53.975063265558376,54.797019958496094,17492.0,0.0,0.0,0.0,SCBPL.KA,
2025-05-06 00:00:00+05:00,54.797021910611434,54.797021910611434,52.40421959600697,54.66916275024414,9905.0,0.0,0.0,0.0,SCBPL.KA,
2025-05-07 00:00:00+05:00,52.157629218936115,55.42718283732379,49.41777829992831,54.10292434692383,14252.0,0.0,0.0,0.0,SCBPL.KA,
2025-05-08 00:00:00+05:00,54.10292707374041,54.77875505017343,48.97940503954345,51.93844223022461,5896.0,0.0,0.0,0.0,SCBPL.KA,
2025-05-09 00:00:00+05:00,51.938440240128195,53.08004480351004,49.7739589634484,52.88825607299805,16375.0,0.0,0.0,0.0,SCBPL.KA,
2025-05-12 00:00:00+05:00,54.77875650449266,55.710306306705675,52.970455176867695,55.32672882080078,18789.0,0.0,0.0,0.0,SCBPL.KA,
2025-05-13 00:00:00+05:00,55.71030209502972,55.71030209502972,53.061778142853306,54.3038444519043,13422.0,0.0,0.0,0.0,SCBPL.KA,
2025-05-14 00:00:00+05:00,53.10744746771263,55.33585839615551,53.10744746771263,54.57783126831055,5718.0,0.0,0.0,0.0,SCBPL.KA,
2025-05-15 00:00:00+05:00,54.79702010658624,54.79702010658624,53.509290273437486,54.74222183227539,25052.0,0.0,0.0,0.0,SCBPL.KA,
2025-05-16 00:00:00+05:00,53.88373567751518,55.70117168497817,53.88373567751518,54.906612396240234,12267.0,0.0,0.0,0.0,SCBPL.KA,
2025-05-19 00:00:00+05:00,56.623587616219005,56.623587616219005,54.34950974194164,55.253662109375,6085.0,0.0,0.0,0.0,SCBPL.KA,
2025-05-20 00:00:00+05:00,56.61445591567858,56.61445591567858,54.89748165030749,55.33585739135742,7808.0,0.0,0.0,0.0,SCBPL.KA,
2025-05-21 00:00:00+05:00,55.710303520813035,55.710303520813035,52.8060611897045,53.00698471069336,388951.0,0.0,0.0,0.0,SCBPL.KA,
2025-05-22 00:00:00+05:00,54.06639409422275,54.06639409422275,53.01611647757024,53.40882873535156,27923.0,0.0,0.0,0.0,SCBPL.KA,
2025-05-23 00:00:00+05:00,53.86547000790032,53.883736099222375,52.79692979481519,52.979583740234375,37360.0,0.0,0.0,0.0,SCBPL.KA,
2025-05-26 00:00:00+05:00,52.787795098350905,53.42709436012398,52.787795098350905,53.00698471069336,8490.0,0.0,0.0,0.0,SCBPL.KA,
2025-05-27 00:00:00+05:00,53.42709668849582,53.883738540534246,53.244439250900285,53.81980895996094,1817.0,0.0,0.0,0.0,SCBPL.KA,
2025-05-28 00:00:00+05:00,53.81980895996094,53.81980895996094,53.81980895996094,53.81980895996094,0.0,0.0,0.0,0.0,SCBPL.KA,
2025-05-29 00:00:00+05:00,53.88373690480363,54.00246475822168,53.08004629412113,53.381431579589844,12369.0,0.0,0.0,0.0,SCBPL.KA,
2025-05-30 00:00:00+05:00,53.244438498993006,53.79241080404127,52.57774182249996,52.96132278442383,31502.0,0.0,0.0,0.0,SCBPL.KA,
2025-06-02 00:00:00+05:00,53.70107822891836,53.88373565673828,52.97045200153933,53.88373565673828,32220.0,0.0,0.0,0.0,SCBPL.KA,
2025-06-03 00:00:00+05:00,53.427093829138805,54.02072959857839,53.427093829138805,53.88373565673828,16824.0,0.0,0.0,0.0,SCBPL.KA,
2025-06-04 00:00:00+05:00,54.34037807819834,58.90679640409736,53.253571770838626,56.64185333251953,159247.0,0.0,0.0,0.0,SCBPL.KA,
2025-06-05 00:00:00+05:00,56.61445782171777,56.61445782171777,54.906614802580705,55.46371841430664,25391.0,0.0,0.0,0.0,SCBPL.KA,
2025-06-06 00:00:00+05:00,55.46371841430664,55.46371841430664,55.46371841430664,55.46371841430664,0.0,0.0,0.0,0.0,SCBPL.KA,
2025-06-09 00:00:00+05:00,55.46371841430664,55.46371841430664,55.46371841430664,55.46371841430664,0.0,0.0,0.0,0.0,SCBPL.KA,
2025-06-10 00:00:00+05:00,55.527645750156886,56.157813704333364,55.253661349337,55.701171875,23232.0,0.0,0.0,0.0,SCBPL.KA,
2025-06-11 00:00:00+05:00,55.70117295640625,56.44093050459184,55.65550598546578,55.710304260253906,8960.0,0.0,0.0,0.0,SCBPL.KA,
2025-06-12 00:00:00+05:00,56.1669487076473,56.17608001191913,55.34499196714576,55.47285461425781,24299.0,0.0,0.0,0.0,SCBPL.KA,
2025-06-13 00:00:00+05:00,55.31759254259498,55.70117350206801,53.88373743531642,54.26731491088867,39110.0,0.0,0.0,0.0,SCBPL.KA,
2025-06-16 00:00:00+05:00,54.26731491088867,54.26731491088867,54.26731491088867,54.26731491088867,0.0,0.0,0.0,0.0,SCBPL.KA,
2025-06-17 00:00:00+05:00,54.27644955548911,54.79702097604952,53.98419905566224,54.60523223876953,20989.0,0.0,0.0,0.0,SCBPL.KA,
2025-06-18 00:00:00+05:00,55.50937939871065,55.50937939871065,54.37690961825683,54.705692291259766,11586.0,0.0,0.0,0.0,SCBPL.KA,
2025-06-19 00:00:00+05:00,56.34960230985948,56.34960230985948,54.25818190007742,54.367774963378906,13538.0,0.0,0.0,0.0,SCBPL.KA,
2025-06-20 00:00:00+05:00,54.36777769693123,55.25366400323634,53.902004541555854,54.358646392822266,12291.0,0.0,0.0,0.0,SCBPL.KA,
2025-06-23 00:00:00+05:00,54.34037715553219,54.34037715553219,53.427093505859375,53.427093505859375,14819.0,0.0,0.0,0.0,SCBPL.KA,
2025-06-24 00:00:00+05:00,54.340379197827815,56.62358840782058,54.340379197827815,54.80615234375,17030.0,0.0,0.0,0.0,SCBPL.KA,
2025-06-25 00:00:00+05:00,55.710304170009174,55.710304170009174,54.52303608939568,54.66002655029297,36864.0,0.0,0.0,0.0,SCBPL.KA,
2025-06-26 00:00:00+05:00,54.760487214434946,54.797019396835665,54.3403775685287,54.367774963378906,20991.0,0.0,0.0,0.0,SCBPL.KA,
2025-06-27 00:00:00+05:00,55.33585532965012,55.33585532965012,54.404305608163995,54.696556091308594,14961.0,0.0,0.0,0.0,SCBPL.KA,
2025-06-30 00:00:00+05:00,55.41805585596581,56.1669482201896,54.52303823735447,55.52764892578125,33685.0,0.0,0.0,0.0,SCBPL.KA,
2025-07-01 00:00:00+05:00,55.81076392757944,56.61445450814012,55.071002923255335,55.89295959472656,43209.0,0.0,0.0,0.0,SCBPL.KA,
2025-07-02 00:00:00+05:00,57.53686889109335,61.281330393620145,56.714912227660356,60.25845718383789,398928.0,0.0,0.0,0.0,SCBPL.KA,
2025-07-03 00:00:00+05:00,60.258458941155745,61.92063492332711,58.26749680012221,58.596282958984375,55374.0,0.0,0.0,0.0,SCBPL.KA,
2025-07-04 00:00:00+05:00,58.44102601183045,59.36344102405711,57.90218848471759,58.39535903930664,10465.0,0.0,0.0,0.0,SCBPL.KA,
2025-07-07 00:00:00+05:00,59.35430731984738,64.23124603321425,57.90218954205618,63.601078033447266,288338.0,0.0,0.0,0.0,SCBPL.KA,
2025-07-08 00:00:00+05:00,64.20384539823124,64.20384539823124,61.64664831081036,62.64212417602539,58038.0,0.0,0.0,0.0,SCBPL.KA,
2025-07-09 00:00:00+05:00,62.64212499891255,63.01657465663442,56.72405058530186,60.99821853637695,17553.0,0.0,0.0,0.0,SCBPL.KA,
2025-07-10 00:00:00+05:00,59.37257346048228,62.103289688445706,59.37257346048228,61.217403411865234,25849.0,0.0,0.0,0.0,SCBPL.KA,
2025-07-11 00:00:00+05:00,62.103289688445706,62.103289688445706,61.180871228853505,61.217403411865234,15438.0,0.0,0.0,0.0,SCBPL.KA,
2025-07-14 00:00:00+05:00,62.10329221509546,63.01657592414098,61.32700245596711,61.51879119873047,113892.0,0.0,0.0,0.0,SCBPL.KA,
2025-07-15 00:00:00+05:00,62.094153259564166,64.84313899027717,61.65578101061269,61.801902770996094,157416.0,0.0,0.0,0.0,SCBPL.KA,
2025-07-16 00:00:00+05:00,61.19000553902341,62.742584981997474,57.67386482325175,60.532440185546875,37153.0,0.0,0.0,0.0,SCBPL.KA,
2025-07-17 00:00:00+05:00,61.63751234018029,61.63751234018029,60.27672163604783,60.559837341308594,59725.0,0.0,0.0,0.0,SCBPL.KA,
2025-07-18 00:00:00+05:00,61.281337979814566,61.966300789502064,60.96169006218747,61.25394058227539,74278.0,0.0,0.0,0.0,SCBPL.KA,
2025-07-21 00:00:00+05:00,61.28132869575456,62.10328533641436,60.1671215792825,61.272193908691406,405512.0,0.0,0.0,0.0,SCBPL.KA,
2025-07-22 00:00:00+05:00,61.272199615783165,62.53253557145363,61.01648129660412,61.226539611816406,148421.0,0.0,0.0,0.0,SCBPL.KA,
2025-07-23 00:00:00+05:00,61.244803298896116,61.91150347233211,61.19000850604994,61.51879119873047,25860.0,0.0,0.0,0.0,SCBPL.KA,
2025-07-24 00:00:00+05:00,62.05762358650699,62.1580853492453,61.190006873186896,62.10329055786133,54500.0,0.0,0.0,0.0,SCBPL.KA,
2025-07-25 00:00:00+05:00,61.42745832010716,63.564538649421515,61.42745832010716,62.980037689208984,51114.0,0.0,0.0,0.0,SCBPL.KA,
2025-07-28 00:00:00+05:00,63.89332398698533,63.89332398698533,61.67404441553192,62.20375061035156,16817.0,0.0,0.0,0.0,SCBPL.KA,
2025-07-29 00:00:00+05:00,63.01657762343118,63.01657762343118,62.10329388975827,62.15808868408203,14690.0,0.0,0.0,0.0,SCBPL.KA,
2025-07-30 00:00:00+05:00,62.99831446302541,63.00744228346484,62.194620325036546,62.295082092285156,13314.0,0.0,0.0,0.0,SCBPL.KA,
2025-07-31 00:00:00+05:00,63.4640812970418,63.4640812970418,62.10329055786133,62.10329055786133,7566.0,0.0,0.0,0.0,SCBPL.KA,
2025-08-01 00:00:00+05:00,62.103288985458306,62.97090567681108,60.50504257774431,61.8658332824707,30454.0,0.0,0.0,0.0,SCBPL.KA,
2025-08-04 00:00:00+05:00,61.19000850604994,62.7882549968796,60.74250143960212,61.51879119873047,23227.0,0.0,0.0,0.0,SCBPL.KA,
2025-08-05 00:00:00+05:00,61.51878855681693,62.05762257746883,61.272198063995454,61.555320739746094,7950.0,0.0,0.0,0.0,SCBPL.KA,
2025-08-06 00:00:00+05:00,61.57358571729993,62.559933790947866,60.37718629347616,62.285945892333984,24062.0,0.0,0.0,0.0,SCBPL.KA,
2025-08-07 00:00:00+05:00,63.418424695943884,63.47321949026764,61.87497295634004,62.15808868408203,37584.0,0.0,0.0,0.0,SCBPL.KA,
2025-08-08 00:00:00+05:00,62.98917455378708,62.98917455378708,61.756243017920525,62.51426315307617,37765.0,0.0,0.0,0.0,SCBPL.KA,
2025-08-11 00:00:00+05:00,62.98917328763264,64.18557261725695,62.15808183699509,63.38188552856445,94508.0,0.0,0.0,0.0,SCBPL.KA,
2025-08-12 00:00:00+05:00,63.47321458477593,65.66509676975294,63.38188761202718,63.65586853027344,36908.0,0.0,0.0,0.0,SCBPL.KA,
2025-08-13 00:00:00+05:00,65.28152349823542,65.7381653591224,62.148960053838664,63.4549560546875,47037.0,0.0,0.0,0.0,SCBPL.KA,
2025-08-15 00:00:00+05:00,63.47321273714004,64.75181122180813,63.01657091888723,63.354488372802734,6805.0,0.0,0.0,0.0,SCBPL.KA,
2025-08-18 00:00:00+05:00,64.47782397532251,69.22690311235156,61.2356712146501,68.1309585571289,135230.0,0.0,0.0,0.0,SCBPL.KA,
2025-08-19 00:00:00+05:00,70.3228477807686,70.3228477807686,68.49628030594344,69.34563446044922,22808.0,0.0,0.0,0.0,SCBPL.KA,
2025-08-20 00:00:00+05:00,70.14019003066649,76.27745056152344,68.49627660502526,76.27745056152344,230972.0,0.0,0.0,0.0,SCBPL.KA,
2025-08-21 00:00:00+05:00,78.53326177567767,78.53326177567767,73.10836144881732,73.88465118408203,102280.0,0.0,0.0,0.0,SCBPL.KA,
2025-08-22 00:00:00+05:00,73.97597733676513,74.88926100758938,69.42782159022767,70.87081146240234,123931.0,0.0,0.0,0.0,SCBPL.KA,
2025-08-25 00:00:00+05:00,71.96675938463245,74.88012969152805,71.96675938463245,72.23160552978516,58022.0,0.0,0.0,0.0,SCBPL.KA,
2025-08-26 00:00:00+05:00,73.79332142208983,77.62910995015338,73.04442911069452,74.4326171875,157316.0,0.0,0.0,0.0,SCBPL.KA,
2025-08-27 00:00:00+05:00,75.336768717468,75.336768717468,71.23612695040961,71.78409576416016,128349.0,0.0,0.0,0.0,SCBPL.KA,
2025-08-28 00:00:00+05:00,72.06722158079991,72.14941377093078,71.23613005231141,71.6927719116211,43928.0,0.0,0.0,0.0,SCBPL.KA,
2025-08-29 00:00:00+05:00,71.96675326226371,72.6060490199732,71.23612356676615,71.98501586914062,66277.0,0.0,0.0,0.0,SCBPL.KA,
2025-09-01 00:00:00+05:00,72.47818938862073,72.59691375203762,71.6288353345431,72.03981018066406,68529.0,0.0,0.0,0.0,SCBPL.KA,
2025-09-02 00:00:00+05:00,72.03981137429811,73.74765429802935,71.23612427549584,71.90282440185547,235279.0,0.0,0.0,0.0,SCBPL.KA,
2025-09-03 00:00:00+05:00,71.90282291998936,72.46905430855267,71.69276462023771,72.14940643310547,92612.0,0.0,0.0,0.0,SCBPL.KA,
2025-09-04 00:00:00+05:00,73.46816360283451,73.46816360283451,68.81429249465586,69.72212982177734,60992.0,3.5,0.0,0.0,SCBPL.KA,
2025-09-05 00:00:00+05:00,71.67159482656734,71.76715549484044,68.81428928757545,70.32416534423828,55887.0,0.0,0.0,0.0,SCBPL.KA,
2025-09-08 00:00:00+05:00,70.32416506246533,72.59854832863492,70.23816264860763,71.1173324584961,18036.0,0.0,0.0,0.0,SCBPL.KA,
2025-09-09 00:00:00+05:00,70.2477256143522,71.6429318734021,69.76035669736785,70.81153869628906,21312.0,0.0,0.0,0.0,SCBPL.KA,
2025-09-10 00:00:00+05:00,71.65248956639228,71.65248956639228,68.95763774371713,70.23816680908203,42205.0,0.0,0.0,0.0,SCBPL.KA,
2025-09-11 00:00:00+05:00,69.90369703109901,71.67159491415244,69.89413877701652,70.2094955444336,36819.0,0.0,0.0,0.0,SCBPL.KA,
2025-09-12 00:00:00+05:00,69.28254808308954,71.09823011170538,69.18698740596497,69.2347640991211,41023.0,0.0,0.0,0.0,SCBPL.KA,
2025-09-15 00:00:00+05:00,69.4067724326862,69.760354938574,68.80473363804558,69.20609283447266,25350.0,0.0,0.0,0.0,SCBPL.KA,
2025-09-16 00:00:00+05:00,69.2825450616093,69.2825450616093,68.62316402382518,68.69961547851562,42845.0,0.0,0.0,0.0,SCBPL.KA,
2025-09-17 00:00:00+05:00,68.90029487641938,69.23476087619186,68.49893567669243,68.52760314941406,80558.0,0.0,0.0,0.0,SCBPL.KA,
2025-09-18 00:00:00+05:00,68.80473573785078,69.28254640269697,68.32692507300459,68.76651000976562,50699.0,0.0,0.0,0.0,SCBPL.KA,
2025-09-19 00:00:00+05:00,68.76650822773055,69.17742568048213,68.32692330236105,68.41292572021484,41523.0,0.0,0.0,0.0,SCBPL.KA,
2025-09-22 00:00:00+05:00,68.13580220419831,69.19654243977098,66.8934915869726,68.52760314941406,85351.0,0.0,0.0,0.0,SCBPL.KA,
2025-09-23 00:00:00+05:00,68.52760314941406,68.52760314941406,68.52760314941406,68.52760314941406,0.0,0.0,0.0,0.0,SCBPL.KA,
2025-09-24 00:00:00+05:00,68.42248539808875,68.61361403753762,68.09757764724385,68.36515045166016,9004.0,0.0,0.0,0.0,SCBPL.KA,
2025-09-25 00:00:00+05:00,67.84911254054138,68.42248386441173,66.75970483794413,66.87438201904297,105222.0,0.0,0.0,0.0,SCBPL.KA,
2025-09-26 00:00:00+05:00,66.91259900838632,67.83955281915863,65.0300312057017,65.67029571533203,256497.0,0.0,0.0,0.0,SCBPL.KA,
2025-09-29 00:00:00+05:00,65.76585654768945,66.55902396410208,65.6989633493662,65.89964294433594,204491.0,0.0,0.0,0.0,SCBPL.KA,
2025-09-30 00:00:00+05:00,66.21499988043006,66.6928105241415,65.69896351032426,66.12899017333984,215015.0,0.0,0.0,0.0,SCBPL.KA,
2025-10-01 00:00:00+05:00,66.64502512047927,67.35219010745776,66.12898876139161,67.02727508544922,112019.0,0.0,0.0,0.0,SCBPL.KA,
2025-10-02 00:00:00+05:00,67.18017848490864,69.52144769010644,66.51123921855803,68.56582641601562,851722.0,0.0,0.0,0.0,SCBPL.KA,
2025-10-03 00:00:00+05:00,69.12964428257196,69.16787001109518,67.61020985053842,68.2600326538086,245866.0,0.0,0.0,0.0,SCBPL.KA,
2025-10-06 00:00:00+05:00,68.12624240031515,68.12624240031515,66.89349006563671,67.03683471679688,196159.0,0.0,0.0,0.0,SCBPL.KA,
2025-10-07 00:00:00+05:00,67.03683471679688,67.03683471679688,67.03683471679688,67.03683471679688,0.0,0.0,0.0,0.0,SCBPL.KA,
2025-10-08 00:00:00+05:00,66.89349016443695,67.32351682774075,65.95697809417763,66.0716552734375,71227.0,0.0,0.0,0.0,SCBPL.KA,
2025-10-09 00:00:00+05:00,66.88393449590494,66.89349275058241,65.698966094322,65.91876220703125,112985.0,0.0,0.0,0.0,SCBPL.KA,
2025-10-10 00:00:00+05:00,65.93787330632186,66.59725437244502,64.98225195405632,65.364501953125,89231.0,0.0,0.0,0.0,SCBPL.KA,
2025-10-13 00:00:00+05:00,64.98224919698362,65.84230983569434,62.354290589752665,62.89899444580078,168475.0,0.0,0.0,0.0,SCBPL.KA,
2025-10-14 00:00:00+05:00,63.53926019503831,66.41568243998145,63.16656845957533,66.32012176513672,81001.0,0.0,0.0,0.0,SCBPL.KA,
2025-10-15 00:00:00+05:00,66.60680208626326,67.6102073735022,65.93787008864525,67.10372924804688,86794.0,0.0,0.0,0.0,SCBPL.KA,
2025-10-16 00:00:00+05:00,67.31396308281741,67.36173977075934,66.89348740038388,66.90304565429688,53785.0,0.0,0.0,0.0,SCBPL.KA,
2025-10-17 00:00:00+05:00,66.94127862445376,66.99861357251427,65.94743154346843,66.55902862548828,22777.0,0.0,0.0,0.0,SCBPL.KA,
2025-10-20 00:00:00+05:00,66.87438506627994,67.51464961892964,66.17677827506195,67.3521957397461,81123.0,0.0,0.0,0.0,SCBPL.KA,
2025-10-21 00:00:00+05:00,67.41908309334494,67.41908309334494,64.0361829437962,66.85526275634766,91882.0,0.0,0.0,0.0,SCBPL.KA,
2025-10-22 00:00:00+05:00,66.8457065526799,66.98905120484301,66.32011921583104,66.47301483154297,43077.0,0.0,0.0,0.0,SCBPL.KA,
2025-10-23 00:00:00+05:00,66.47301316596467,66.47301316596467,65.85186517350813,65.94742584228516,49793.0,0.0,0.0,0.0,SCBPL.KA,
2025-10-24 00:00:00+05:00,65.69896104445024,65.94742461128195,64.5044344800057,64.85801696777344,58741.0,0.0,0.0,0.0,SCBPL.KA,
2025-10-27 00:00:00+05:00,64.50443418490926,64.97268655460212,64.03618181521641,64.80067443847656,21735.0,0.0,0.0,0.0,SCBPL.KA,
2025-10-28 00:00:00+05:00,64.88669088966829,65.69896757608286,64.88669088966829,65.02047729492188,16400.0,0.0,0.0,0.0,SCBPL.KA,
2025-10-29 00:00:00+05:00,63.83550771147132,64.0266290610002,61.87648107014571,62.76520919799805,97781.0,0.0,0.0,0.0,SCBPL.KA,
2025-10-30 00:00:00+05:00,63.0518953252633,63.0518953252633,60.777512010474645,61.12153625488281,58551.0,0.0,0.0,0.0,SCBPL.KA,
2025-10-31 00:00:00+05:00,61.876480503508944,61.876480503508944,60.2041431926033,60.997310638427734,105922.0,0.0,0.0,0.0,SCBPL.KA,
2025-11-03 00:00:00+05:00,60.99731069192115,61.87648055777338,60.68195390607891,61.14065170288086,30779.0,0.0,0.0,0.0,SCBPL.KA,
2025-11-04 00:00:00+05:00,61.62801689538436,61.62801689538436,60.920859159896864,61.025978088378906,24733.0,0.0,0.0,0.0,SCBPL.KA,
2025-11-05 00:00:00+05:00,61.54201144908772,61.54201144908772,60.443045526801704,60.662837982177734,8519.0,0.0,0.0,0.0,SCBPL.KA,
2025-11-06 00:00:00+05:00,61.341335359814,61.341335359814,59.48742765096501,60.26148223876953,33858.0,0.0,0.0,0.0,SCBPL.KA,
2025-11-07 00:00:00+05:00,59.48742659027151,61.15976388397392,59.48742659027151,60.50994110107422,30047.0,0.0,0.0,0.0,SCBPL.KA,
2025-11-10 00:00:00+05:00,61.38911194184565,61.3986701965332,61.07375879987149,61.3986701965332,13711.0,0.0,0.0,0.0,SCBPL.KA,
2025-11-11 00:00:00+05:00,61.398666883232714,61.398666883232714,60.44304560878551,60.77751159667969,17398.0,0.0,0.0,0.0,SCBPL.KA,
2025-11-12 00:00:00+05:00,60.77751521354479,60.77751521354479,60.21369848225201,60.60550308227539,7043.0,0.0,0.0,0.0,SCBPL.KA,
2025-11-13 00:00:00+05:00,60.68195307172622,61.25532439849352,60.03213029050676,60.28059387207031,225095.0,0.0,0.0,0.0,SCBPL.KA,
2025-11-14 00:00:00+05:00,61.092870987792836,61.092870987792836,60.20414287279997,60.76795959472656,35197.0,0.0,0.0,0.0,SCBPL.KA,
2025-11-17 00:00:00+05:00,61.150208546069734,61.150208546069734,60.77751317720244,60.959083557128906,28924.0,0.0,0.0,0.0,SCBPL.KA,
2025-11-18 00:00:00+05:00,61.111983727408095,61.111983727408095,60.39526774228307,60.71062088012695,22014.0,0.0,0.0,0.0,SCBPL.KA,
2025-11-19 00:00:00+05:00,61.159761899312905,61.637572539151286,60.44304593955533,61.00686264038086,93058.0,0.0,0.0,0.0,SCBPL.KA,
2025-11-20 00:00:00+05:00,61.58023867628799,61.58978963986793,60.68195232456533,60.75840377807617,29294.0,0.0,0.0,0.0,SCBPL.KA,
2025-11-21 00:00:00+05:00,61.15020990389429,61.608907700293976,60.68195385286206,60.997310638427734,5165.0,0.0,0.0,0.0,SCBPL.KA,
2025-11-24 00:00:00+05:00,60.66283829330727,61.1502071865412,60.58639048667415,60.92085647583008,16984.0,0.0,0.0,0.0,SCBPL.KA,
2025-11-25 00:00:00+05:00,61.14065150269258,61.14065150269258,60.92085903694917,60.9686393737793,5147.0,0.0,0.0,0.0,SCBPL.KA,
2025-11-26 00:00:00+05:00,60.92085875864104,61.064203413882595,60.21369738240522,60.68195343017578,43615.0,0.0,0.0,0.0,SCBPL.KA,
2025-11-27 00:00:00+05:00,60.959084887600525,61.159764489935675,60.68195382985805,61.025978088378906,14245.0,0.0,0.0,0.0,SCBPL.KA,
2025-11-28 00:00:00+05:00,61.15020890297603,63.0710061217976,60.6819528596083,62.6123046875,110781.0,0.0,0.0,0.0,SCBPL.KA,
2025-12-01 00:00:00+05:00,62.593193547881015,64.7433414178464,61.87647759122589,64.13174438476562,152290.0,0.0,0.0,0.0,SCBPL.KA,
2025-12-02 00:00:00+05:00,64.50443520997324,68.52759984965343,64.13174350091387,67.87777709960938,381139.0,0.0,0.0,0.0,SCBPL.KA,
2025-12-03 00:00:00+05:00,67.36174531363505,67.37130356833455,65.77541770168806,66.14810943603516,29960.0,0.0,0.0,0.0,SCBPL.KA,
2025-12-04 00:00:00+05:00,66.03342963083266,66.41567960470556,62.593194447600204,63.8546142578125,88108.0,0.0,0.0,0.0,SCBPL.KA,
2025-12-05 00:00:00+05:00,64.00751628716245,64.49487788863489,62.115382952349115,64.07440948486328,66395.0,0.0,0.0,0.0,SCBPL.KA,
2025-12-08 00:00:00+05:00,64.02662822305095,64.02662822305095,63.26212825331657,63.32902145385742,37735.0,0.0,0.0,0.0,SCBPL.KA,
2025-12-09 00:00:00+05:00,63.32902145385742,64.01706996845596,63.071006906289,63.32902145385742,38774.0,0.0,0.0,0.0,SCBPL.KA,
2025-12-10 00:00:00+05:00,63.92151202409218,65.80408726502033,63.405475616110934,64.57133483886719,81204.0,0.0,0.0,0.0,SCBPL.KA,
2025-12-11 00:00:00+05:00,64.26553344726562,64.97269117908698,63.950176663454414,64.26553344726562,24261.0,0.0,0.0,0.0,SCBPL.KA,
2025-12-12 00:00:00+05:00,64.02662963867188,64.92491602934896,63.309913635253906,64.50444030761719,17169.0,0.0,0.0,0.0,SCBPL.KA,
2025-12-15 00:00:00+05:00,64.50443725555066,64.96313868399179,63.54881596287582,63.99795913696289,35205.0,0.0,0.0,0.0,SCBPL.KA,
2025-12-16 00:00:00+05:00,64.02662997997172,65.93787266594103,64.02662997997172,64.90579986572266,108274.0,0.0,0.0,0.0,SCBPL.KA,
2025-12-17 00:00:00+05:00,65.6511778299303,66.03342779316543,64.64777987860116,65.66073608398438,26715.0,0.0,0.0,0.0,SCBPL.KA,
2025-12-18 00:00:00+05:00,65.92830821111211,66.89348771818749,65.07780587910294,66.05254364013672,24661.0,0.0,0.0,0.0,SCBPL.KA,
2025-12-19 00:00:00+05:00,65.5556224696278,66.65458846885379,64.9822511237571,65.92831420898438,52898.0,0.0,0.0,0.0,SCBPL.KA,
2025-12-22 00:00:00+05:00,65.73719112992576,66.65458671737498,64.9822494162222,65.51739501953125,26588.0,0.0,0.0,0.0,SCBPL.KA,
2025-12-23 00:00:00+05:00,66.40611858173287,66.40611858173287,65.46961384014213,65.9378662109375,3536.0,0.0,0.0,0.0,SCBPL.KA,
2025-12-24 00:00:00+05:00,65.93787296127223,66.08121762152442,64.80068122496718,64.96314239501953,46869.0,0.0,0.0,0.0,SCBPL.KA,
2025-12-26 00:00:00+05:00,65.89008613852195,65.89008613852195,64.74334348753976,65.00135803222656,8513.0,0.0,0.0,0.0,SCBPL.KA,
2025-12-29 00:00:00+05:00,65.02047739391067,66.65458902412067,64.80068127590957,65.30715942382812,54463.0,0.0,0.0,0.0,SCBPL.KA,
2025-12-30 00:00:00+05:00,65.30716005181453,66.17677898646122,65.08737122251225,65.76586151123047,38058.0,0.0,0.0,0.0,SCBPL.KA,
2025-12-31 00:00:00+05:00,65.74674918249028,65.74674918249028,65.13515212606997,65.34538269042969,12139.0,0.0,0.0,0.0,SCBPL.KA,
2026-01-01 00:00:00+05:00,65.34538269042969,65.34538269042969,65.34538269042969,65.34538269042969,0.0,0.0,0.0,0.0,SCBPL.KA,
2026-01-02 00:00:00+05:00,66.36789900017902,67.37130432128906,65.50784562872722,66.89349365234375,249816.0,0.0,0.0,0.0,SCBPL.KA,
2026-01-05 00:00:00+05:00,66.8934942275804,69.52145292937821,66.8934942275804,68.60405731201172,84590.0,0.0,0.0,0.0,SCBPL.KA,
2026-01-06 00:00:00+05:00,69.27298255423833,69.27298255423833,67.3808565570898,68.32691955566406,78587.0,0.0,0.0,0.0,SCBPL.KA,
2026-01-07 00:00:00+05:00,67.99245979770777,68.56583114353305,67.84911513854838,68.31736755371094,54879.0,0.0,0.0,0.0,SCBPL.KA,
2026-01-08 00:00:00+05:00,68.31736279638551,71.67159550756692,67.85866866799165,70.78286743164062,203394.0,0.0,0.0,0.0,SCBPL.KA,
2026-01-09 00:00:00+05:00,70.77331246006969,70.83065469688735,69.52145086686707,70.18083190917969,26098.0,0.0,0.0,0.0,SCBPL.KA,
2026-01-12 00:00:00+05:00,70.19038345432314,70.23816743693162,69.28254611125908,69.5023422241211,27969.0,0.0,0.0,0.0,SCBPL.KA,
2026-01-13 00:00:00+05:00,69.05319726261757,69.74124576597639,68.56582835760308,69.14875793457031,33728.0,0.0,0.0,0.0,SCBPL.KA,
2026-01-14 00:00:00+05:00,68.91941154223018,69.66479499793653,68.5658290326309,68.75695037841797,20924.0,0.0,0.0,0.0,SCBPL.KA,
2026-01-15 00:00:00+05:00,69.28254392411974,69.99925989574857,68.5658279524909,68.80473327636719,102776.0,0.0,0.0,0.0,SCBPL.KA,
2026-01-16 00:00:00+05:00,69.75079661795385,71.67159747162061,68.56582824785039,70.11393737792969,81070.0,0.0,0.0,0.0,SCBPL.KA,
2026-01-19 00:00:00+05:00,71.18423002750329,71.1937882821229,70.04704561537997,70.46751403808594,47463.0,0.0,0.0,0.0,SCBPL.KA,
2026-01-20 00:00:00+05:00,70.81153603093537,70.81153603093537,70.00881764805754,70.67774963378906,14448.0,0.0,0.0,0.0,SCBPL.KA,
2026-01-21 00:00:00+05:00,70.28595197115601,70.8019810751544,69.95147867189591,70.07571411132812,43629.0,0.0,0.0,0.0,SCBPL.KA,
2026-01-22 00:00:00+05:00,69.76991513444229,70.67775247888122,69.76035687974368,69.78902435302734,13363.0,0.0,0.0,0.0,SCBPL.KA,
2026-01-23 00:00:00+05:00,70.23816873171317,70.70642114849716,69.30165660733294,69.62657165527344,16433.0,0.0,0.0,0.0,SCBPL.KA,
2026-01-26 00:00:00+05:00,70.04704737938034,70.33372940787959,69.09142603609173,69.62657165527344,37667.0,0.0,0.0,0.0,SCBPL.KA,
2026-01-27 00:00:00+05:00,70.22860968632119,70.47707327420683,69.30165582723558,70.13304901123047,17483.0,0.0,0.0,0.0,SCBPL.KA,
2026-01-28 00:00:00+05:00,69.30165125314859,70.23816330517474,69.30165125314859,69.41632843017578,13457.0,0.0,0.0,0.0,SCBPL.KA,
2026-01-29 00:00:00+05:00,69.30165205185625,70.22860586044376,68.81429044820013,68.8525161743164,20281.0,0.0,0.0,0.0,SCBPL.KA,
2026-01-30 00:00:00+05:00,69.75079300655412,69.76035126048279,66.90304576398066,68.09757232666016,31540.0,0.0,0.0,0.0,SCBPL.KA,
2026-02-02 00:00:00+05:00,68.5658279524909,69.04363860024345,68.09757555912074,68.80473327636719,18862.0,0.0,0.0,0.0,SCBPL.KA,
2026-02-03 00:00:00+05:00,69.04364166259765,70.04704698370769,68.804736328125,69.28254699707031,20490.0,0.0,0.0,0.0,SCBPL.KA,
2026-02-04 00:00:00+05:00,69.62656510692496,69.99925681249104,69.28254087243141,69.57878112792969,8051.0,0.0,0.0,0.0,SCBPL.KA,
2026-02-06 00:00:00+05:00,70.228604918631,70.228604918631,67.8491100035942,68.27913665771484,25003.0,0.0,0.0,0.0,SCBPL.KA,
2026-02-09 00:00:00+05:00,68.27913532225998,68.78562070849337,67.87777614748923,68.21224212646484,13055.0,0.0,0.0,0.0,SCBPL.KA,
2026-02-10 00:00:00+05:00,69.03408424552435,69.03408424552435,68.22180755662274,68.71873474121094,6800.0,0.0,0.0,0.0,SCBPL.KA,
2026-02-11 00:00:00+05:00,68.71873358452476,75.49408533875481,67.99245932971186,73.65929412841797,257001.0,0.0,0.0,0.0,SCBPL.KA,
2026-02-12 00:00:00+05:00,73.77396022896676,73.77396022896676,69.7699120056466,70.21905517578125,36119.0,0.0,0.0,0.0,SCBPL.KA,
2026-02-13 00:00:00+05:00,70.23816351495181,72.14940605957635,69.5214475607176,71.748046875,66098.0,0.0,0.0,0.0,SCBPL.KA,
2026-02-16 00:00:00+05:00,72.13984671261154,72.13984671261154,68.0880146208142,68.72827911376953,19333.0,0.0,0.0,0.0,SCBPL.KA,
2026-02-17 00:00:00+05:00,69.75079425145421,70.56307087041134,66.89348870395538,70.49617767333984,28845.0,0.0,0.0,0.0,SCBPL.KA,
2026-02-18 00:00:00+05:00,69.76991277360979,71.14600248034672,68.32692257705858,70.96443939208984,28546.0,0.0,0.0,0.0,SCBPL.KA,
2026-02-19 00:00:00+05:00,70.96444239126131,71.57603946250609,68.32692546476062,69.11053466796875,5159.0,0.0,0.0,0.0,SCBPL.KA,
2026-02-20 00:00:00+05:00,69.1200928756324,70.68731128098035,67.37130408366573,69.1678695678711,5729.0,0.0,0.0,0.0,SCBPL.KA,
2026-02-23 00:00:00+05:00,69.76035431894543,70.70641735663806,67.37130108884456,68.69005584716797,30325.0,0.0,0.0,0.0,SCBPL.KA,
2026-02-24 00:00:00+05:00,69.67435215486653,69.67435215486653,64.99180634872917,68.80473327636719,131905.0,0.0,0.0,0.0,SCBPL.KA,
2026-02-25 00:00:00+05:00,69.28254618850457,69.87503403577449,67.15150742192151,67.39997100830078,5226.0,0.0,0.0,0.0,SCBPL.KA,
2026-02-26 00:00:00+05:00,66.99861233801377,68.3269254095641,61.15976540156787,66.77881622314453,52897.0,0.0,0.0,0.0,SCBPL.KA,
2026-02-27 00:00:00+05:00,65.08736617387792,70.71597494795714,64.98224724947413,66.92215728759766,85062.0,0.0,0.0,0.0,SCBPL.KA,
2026-03-02 00:00:00+05:00,65.087366486149,65.087366486149,60.2328085950144,60.38570785522461,54007.0,0.0,0.0,0.0,SCBPL.KA,
2026-03-03 00:00:00+05:00,60.39526863978888,65.93787161137388,60.39526863978888,64.89624786376953,24582.0,0.0,0.0,0.0,SCBPL.KA,
2026-03-04 00:00:00+05:00,64.1221898573457,65.92831358982306,61.159765189158286,61.828697204589844,63249.0,0.0,0.0,0.0,SCBPL.KA,
2026-03-05 00:00:00+05:00,64.12218661531162,64.54266231278761,62.182276577830294,63.53925704956055,21562.0,0.0,0.0,0.0,SCBPL.KA,
2026-03-06 00:00:00+05:00,64.50443723308506,64.50443723308506,63.07100529457206,64.02662658691406,11098.0,0.0,0.0,0.0,SCBPL.KA,
2026-03-09 00:00:00+05:00,63.88328318539396,63.88328318539396,60.2041425960217,60.48127365112305,25500.0,0.0,0.0,0.0,SCBPL.KA,
2026-03-10 00:00:00+05:00,63.07100642964194,66.41568101303204,63.07100642964194,63.89284133911133,33775.0,0.0,0.0,0.0,SCBPL.KA,
2026-03-11 00:00:00+05:00,64.5044344800057,64.98224510578352,64.02662385422788,64.85801696777344,8281.0,0.0,0.0,0.0,SCBPL.KA,
2026-03-12 00:00:00+05:00,65.84230695679699,65.84230695679699,64.26553040323918,65.03958129882812,6051.0,0.0,0.0,0.0,SCBPL.KA,
2026-03-13 00:00:00+05:00,65.46005950641658,66.88393321191714,64.02662754642206,66.19588470458984,19191.0,0.0,0.0,0.0,SCBPL.KA,
2026-03-16 00:00:00+05:00,65.9283114989312,66.87438183608147,64.02662715181943,64.5999984741211,11991.0,0.0,0.0,0.0,SCBPL.KA,
2026-03-17 00:00:00+05:00,64.5999984741211,65.0,64.0,64.5,9124.0,3.0,0.0,0.0,SCBPL.KA,
2026-03-18 00:00:00+05:00,63.5,64.5999984741211,63.5,64.55999755859375,22417.0,0.0,0.0,0.0,SCBPL.KA,
2026-03-19 00:00:00+05:00,64.08000183105469,70.88999938964844,63.0099983215332,64.0,16848.0,0.0,0.0,0.0,SCBPL.KA,
2026-03-20 00:00:00+05:00,64.0,64.0,64.0,64.0,0.0,0.0,0.0,0.0,SCBPL.KA,
2026-03-23 00:00:00+05:00,64.0,64.0,64.0,64.0,0.0,0.0,0.0,0.0,SCBPL.KA,
2026-03-24 00:00:00+05:00,65.0,65.9800033569336,64.0,64.58999633789062,9337.0,0.0,0.0,0.0,SCBPL.KA,
2026-03-25 00:00:00+05:00,65.69999694824219,65.69999694824219,63.0,64.16999816894531,68511.0,0.0,0.0,0.0,SCBPL.KA,
2026-03-26 00:00:00+05:00,64.9800033569336,64.9800033569336,63.0,63.0099983215332,39192.0,0.0,0.0,0.0,SCBPL.KA,
2026-03-27 00:00:00+05:00,64.9800033569336,64.9800033569336,61.900001525878906,61.9900016784668,90435.0,0.0,0.0,0.0,SCBPL.KA,
2021-03-29 00:00:00+05:00,17.48760243472447,17.608206589446706,16.643373351668803,17.130613327026367,413500.0,0.0,0.0,0.0,HMB.KA,
2021-03-30 00:00:00+05:00,17.125786540664652,17.125786540664652,16.450402673374317,16.725379943847656,711500.0,0.0,0.0,0.0,HMB.KA,
2021-03-31 00:00:00+05:00,17.005183300598556,17.487599848133268,17.005183300598556,17.352523803710938,572500.0,0.0,0.0,0.0,HMB.KA,
2021-04-01 00:00:00+05:00,17.36699601294289,17.36699601294289,16.64337117907027,17.12578773498535,581000.0,0.0,0.0,0.0,HMB.KA,
2021-04-02 00:00:00+05:00,17.34287707705491,17.366997538915417,16.88458094061221,16.889404296875,390500.0,0.0,0.0,0.0,HMB.KA,
2021-04-05 00:00:00+05:00,17.352526983067143,17.352526983067143,16.643373939371642,16.855636596679688,167000.0,0.0,0.0,0.0,HMB.KA,
2021-04-06 00:00:00+05:00,16.88457856395943,17.328400888595315,16.498645707694962,16.831512451171875,508000.0,0.0,0.0,0.0,HMB.KA,
2021-04-07 00:00:00+05:00,16.884580722817198,16.884580722817198,16.20919675779521,16.397340774536133,391000.0,0.0,0.0,0.0,HMB.KA,
2021-04-08 00:00:00+05:00,16.402166493023948,17.000363963078108,16.402166493023948,16.455232620239258,462500.0,0.0,0.0,0.0,HMB.KA,
2021-04-09 00:00:00+05:00,16.763979566270027,16.812220497977197,16.160958718562473,16.643375396728516,404000.0,0.0,0.0,0.0,HMB.KA,
2021-04-12 00:00:00+05:00,16.638551451349542,16.845988922574524,16.522770642963174,16.60960578918457,319500.0,0.0,0.0,0.0,HMB.KA,
2021-04-13 00:00:00+05:00,16.57100877076126,16.884580283565327,16.532416401340893,16.879756927490234,435000.0,0.0,0.0,0.0,HMB.KA,
2021-04-14 00:00:00+05:00,16.894230810884835,17.11614202174417,16.643373939371642,16.855636596679688,312000.0,0.0,0.0,0.0,HMB.KA,
2021-04-15 00:00:00+05:00,16.88458087674709,16.985887920341987,16.460053756569508,16.91352653503418,409500.0,0.0,0.0,0.0,HMB.KA,
2021-04-16 00:00:00+05:00,16.88458251953125,16.88458251953125,16.88458251953125,16.88458251953125,75000.0,0.0,0.0,0.0,HMB.KA,
2021-04-19 00:00:00+05:00,16.884580299428453,17.270513195360746,16.884580299428453,17.111316680908203,37000.0,0.0,0.0,0.0,HMB.KA,
2021-04-20 00:00:00+05:00,17.608205053541393,17.608205053541393,17.34287630435089,17.36699676513672,48500.0,0.0,0.0,0.0,HMB.KA,
2021-04-21 00:00:00+05:00,17.366996804471583,18.037555553311634,17.366996804471583,17.907302856445312,326500.0,0.0,0.0,0.0,HMB.KA,
2021-04-22 00:00:00+05:00,17.92177805408436,18.090623133891338,17.849414825439453,17.849414825439453,135000.0,0.0,0.0,0.0,HMB.KA,
2021-04-23 00:00:00+05:00,18.090620580709206,19.185706367360908,18.090620580709206,19.176057815551758,4160000.0,0.0,0.0,0.0,HMB.KA,
2021-04-26 00:00:00+05:00,19.29666519165039,19.49445593625387,19.151940570767692,19.29666519165039,720000.0,0.0,0.0,0.0,HMB.KA,
2021-04-27 00:00:00+05:00,18.81424903869629,19.055457359705215,18.66952441414562,18.81424903869629,5000.0,0.0,0.0,0.0,HMB.KA,
2021-04-28 00:00:00+05:00,18.645403567563825,18.814248652696612,18.5730403366364,18.577863693237305,8000.0,0.0,0.0,0.0,HMB.KA,
2021-04-29 00:00:00+05:00,18.573041915893555,18.573041915893555,18.331833579323508,18.573041915893555,42000.0,0.0,0.0,0.0,HMB.KA,
2021-04-30 00:00:00+05:00,18.38972396739479,18.38972396739479,18.090626130644754,18.24982452392578,51000.0,0.0,0.0,0.0,HMB.KA,
2021-05-03 00:00:00+05:00,18.24982452392578,18.24982452392578,18.24982452392578,18.24982452392578,0.0,0.0,0.0,0.0,HMB.KA,
2021-05-04 00:00:00+05:00,18.331827889128967,18.59715660894334,18.331827889128967,18.341476440429688,1553500.0,0.0,0.0,0.0,HMB.KA,
2021-05-05 00:00:00+05:00,18.331827889128967,18.621277067058646,18.331827889128967,18.341476440429688,29500.0,0.0,0.0,0.0,HMB.KA,
2021-05-06 00:00:00+05:00,18.568212711160207,18.597156524658203,18.331827806046338,18.597156524658203,30500.0,0.0,0.0,0.0,HMB.KA,
2021-05-07 00:00:00+05:00,18.597156524658203,18.597156524658203,18.597156524658203,18.597156524658203,0.0,0.0,0.0,0.0,HMB.KA,
2021-05-10 00:00:00+05:00,18.597156524658203,18.597156524658203,18.597156524658203,18.597156524658203,0.0,0.0,0.0,0.0,HMB.KA,
2021-05-11 00:00:00+05:00,18.597156524658203,18.597156524658203,18.597156524658203,18.597156524658203,0.0,0.0,0.0,0.0,HMB.KA,
2021-05-12 00:00:00+05:00,18.597156524658203,18.597156524658203,18.597156524658203,18.597156524658203,0.0,0.0,0.0,0.0,HMB.KA,
2021-05-13 00:00:00+05:00,18.597156524658203,18.597156524658203,18.597156524658203,18.597156524658203,0.0,0.0,0.0,0.0,HMB.KA,
2021-05-14 00:00:00+05:00,18.597156524658203,18.597156524658203,18.597156524658203,18.597156524658203,0.0,0.0,0.0,0.0,HMB.KA,
2021-05-17 00:00:00+05:00,18.573037852411684,19.537870987601902,18.573037852411684,19.417266845703125,4057000.0,0.0,0.0,0.0,HMB.KA,
2021-05-18 00:00:00+05:00,19.38832276873551,19.779080882821347,19.38832276873551,19.644004821777344,953000.0,0.0,0.0,0.0,HMB.KA,
2021-05-19 00:00:00+05:00,19.658479085782677,20.020291584294014,19.537874919612232,19.779083251953125,1815000.0,0.0,0.0,0.0,HMB.KA,
2021-05-20 00:00:00+05:00,19.354553337791998,19.53304880350748,18.81424726494696,18.867313385009766,66500.0,0.0,0.0,0.0,HMB.KA,
2021-05-21 00:00:00+05:00,18.698467899131806,19.2966653342127,18.693644542518555,19.040985107421875,336000.0,0.0,0.0,0.0,HMB.KA,
2021-05-24 00:00:00+05:00,19.151941299438477,19.29666592582749,19.055457601754647,19.151941299438477,85000.0,0.0,0.0,0.0,HMB.KA,
2021-05-25 00:00:00+05:00,19.065106679696214,19.89968728310007,19.065106679696214,19.803203582763672,473500.0,0.0,0.0,0.0,HMB.KA,
2021-05-26 00:00:00+05:00,19.99616952258434,20.261498298920287,19.779081672755517,19.783905029296875,540500.0,0.0,0.0,0.0,HMB.KA,
2021-05-27 00:00:00+05:00,20.218078123802005,21.226328816181557,19.832145240653333,19.92862892150879,800500.0,0.0,0.0,0.0,HMB.KA,
2021-05-28 00:00:00+05:00,20.015466629296544,20.11194848231079,19.54269671621449,19.783905029296875,288500.0,0.0,0.0,0.0,HMB.KA,
2021-05-31 00:00:00+05:00,20.034758138186174,20.382098632768056,19.827318880619,20.01546287536621,550500.0,0.0,0.0,0.0,HMB.KA,
2021-06-01 00:00:00+05:00,20.010644944015183,20.116777209283352,19.77908514365403,19.856271743774414,253500.0,0.0,0.0,0.0,HMB.KA,
2021-06-02 00:00:00+05:00,19.658477516214326,19.981695772413495,19.561993822926695,19.783905029296875,685500.0,0.0,0.0,0.0,HMB.KA,
2021-06-03 00:00:00+05:00,19.788731806079582,19.875566952944187,19.56682058199161,19.779083251953125,244000.0,0.0,0.0,0.0,HMB.KA,
2021-06-04 00:00:00+05:00,19.788727531331837,20.739088744346084,19.77907897928965,19.798376083374023,143500.0,0.0,0.0,0.0,HMB.KA,
2021-06-07 00:00:00+05:00,20.261499779156438,20.261499779156438,19.788731671808943,19.803203582763672,127500.0,0.0,0.0,0.0,HMB.KA,
2021-06-08 00:00:00+05:00,19.803203717132508,20.0878296229057,19.779083251953125,19.779083251953125,203000.0,0.0,0.0,0.0,HMB.KA,
2021-06-09 00:00:00+05:00,19.6825982563619,19.875565645651818,19.397972369309645,19.426918029785156,194000.0,0.0,0.0,0.0,HMB.KA,
2021-06-10 00:00:00+05:00,19.634358780673168,19.639182137638954,19.422094268707628,19.52340316772461,110500.0,0.0,0.0,0.0,HMB.KA,
2021-06-11 00:00:00+05:00,19.441388195490234,20.261496765977295,19.441388195490234,20.097475051879883,144000.0,0.0,0.0,0.0,HMB.KA,
2021-06-14 00:00:00+05:00,21.22633056953605,21.22633056953605,20.0251124162216,20.054058074951172,413500.0,0.0,0.0,0.0,HMB.KA,
2021-06-15 00:00:00+05:00,20.261498096827054,20.30973902285301,19.77908147547403,19.8321475982666,291000.0,0.0,0.0,0.0,HMB.KA,
2021-06-16 00:00:00+05:00,20.020286677865315,20.261494951092608,19.899682541251668,19.91897964477539,304500.0,0.0,0.0,0.0,HMB.KA,
2021-06-17 00:00:00+05:00,20.02028685910667,20.02028685910667,19.779078583695743,19.793550491333008,125000.0,0.0,0.0,0.0,HMB.KA,
2021-06-18 00:00:00+05:00,19.77907781130779,20.02028607729935,19.77907781130779,19.885210037231445,273000.0,0.0,0.0,0.0,HMB.KA,
2021-06-21 00:00:00+05:00,20.020288192407694,20.261496483882485,19.79355180953396,19.83696937561035,193500.0,0.0,0.0,0.0,HMB.KA,
2021-06-22 00:00:00+05:00,19.89968331978543,20.21325482335798,19.586111816212885,19.827320098876953,56500.0,0.0,0.0,0.0,HMB.KA,
2021-06-23 00:00:00+05:00,19.85144470345731,20.261498095470586,19.85144470345731,19.909334182739258,161000.0,0.0,0.0,0.0,HMB.KA,
2021-06-24 00:00:00+05:00,20.020286667118654,20.020286667118654,19.82731931253117,19.841793060302734,50500.0,0.0,0.0,0.0,HMB.KA,
2021-06-25 00:00:00+05:00,19.82732273215834,19.82732273215834,19.658477647978312,19.759784698486328,46000.0,0.0,0.0,0.0,HMB.KA,
2021-06-28 00:00:00+05:00,19.537870980259203,19.566816636802372,19.2966626965523,19.34008026123047,69500.0,0.0,0.0,0.0,HMB.KA,
2021-06-29 00:00:00+05:00,19.537874221801758,19.542697578555952,19.417270059938783,19.537874221801758,32000.0,0.0,0.0,0.0,HMB.KA,
2021-06-30 00:00:00+05:00,19.465508827600182,19.6825966629081,19.465508827600182,19.58611297607422,30500.0,0.0,0.0,0.0,HMB.KA,
2021-07-01 00:00:00+05:00,19.537873167444353,19.68259778581519,19.311136766490236,19.67777442932129,85500.0,0.0,0.0,0.0,HMB.KA,
2021-07-02 00:00:00+05:00,19.44139157882338,19.75496315278568,19.417271113197103,19.475160598754883,87500.0,0.0,0.0,0.0,HMB.KA,
2021-07-05 00:00:00+05:00,19.53787277508986,19.779081080955166,19.296664469224552,19.75013542175293,286000.0,0.0,0.0,0.0,HMB.KA,
2021-07-06 00:00:00+05:00,19.393149015896217,19.706718723202243,19.32078578483222,19.3497314453125,139000.0,0.0,0.0,0.0,HMB.KA,
2021-07-07 00:00:00+05:00,19.32078578164836,19.53305027792195,19.089226018664505,19.426918029785156,103500.0,0.0,0.0,0.0,HMB.KA,
2021-07-08 00:00:00+05:00,19.4799822586258,19.77908002667957,19.103696070147073,19.73566246032715,431500.0,0.0,0.0,0.0,HMB.KA,
2021-07-09 00:00:00+05:00,19.774255922816383,19.779079278773942,19.349728827897923,19.49445343017578,231500.0,0.0,0.0,0.0,HMB.KA,
2021-07-12 00:00:00+05:00,19.330435048428708,19.561994819957064,19.325611691641512,19.51375389099121,108000.0,0.0,0.0,0.0,HMB.KA,
2021-07-13 00:00:00+05:00,19.446215721284347,19.56199468611966,19.344906826711615,19.537874221801758,242000.0,0.0,0.0,0.0,HMB.KA,
2021-07-14 00:00:00+05:00,19.36902663861938,19.48963078496129,19.07957558323487,19.27254295349121,1528000.0,0.0,0.0,0.0,HMB.KA,
2021-07-15 00:00:00+05:00,19.296663143216488,19.296663143216488,19.151938537697006,19.166410446166992,115500.0,0.0,0.0,0.0,HMB.KA,
2021-07-16 00:00:00+05:00,19.17123445978373,19.296661952756487,19.079574137733356,19.176057815551758,139000.0,0.0,0.0,0.0,HMB.KA,
2021-07-19 00:00:00+05:00,19.296663154224166,19.48963052187569,19.296663154224166,19.320783615112305,38500.0,0.0,0.0,0.0,HMB.KA,
2021-07-20 00:00:00+05:00,19.320783615112305,19.320783615112305,19.320783615112305,19.320783615112305,0.0,0.0,0.0,0.0,HMB.KA,
2021-07-21 00:00:00+05:00,19.320783615112305,19.320783615112305,19.320783615112305,19.320783615112305,0.0,0.0,0.0,0.0,HMB.KA,
2021-07-22 00:00:00+05:00,19.320783615112305,19.320783615112305,19.320783615112305,19.320783615112305,0.0,0.0,0.0,0.0,HMB.KA,
2021-07-23 00:00:00+05:00,19.320783615112305,19.320783615112305,19.320783615112305,19.320783615112305,0.0,0.0,0.0,0.0,HMB.KA,
2021-07-26 00:00:00+05:00,19.103698541762046,19.296665937243873,18.983094379654272,18.997568130493164,65000.0,0.0,0.0,0.0,HMB.KA,
2021-07-27 00:00:00+05:00,19.079576494523984,19.508926981564322,19.065104585159173,19.31113624572754,77500.0,0.0,0.0,0.0,HMB.KA,
2021-07-28 00:00:00+05:00,19.296661823534592,19.726012254664546,19.200178146362305,19.200178146362305,54000.0,0.0,0.0,0.0,HMB.KA,
2021-07-29 00:00:00+05:00,19.20018103882653,19.39314842224121,19.20018103882653,19.39314842224121,79000.0,0.0,0.0,0.0,HMB.KA,
2021-07-30 00:00:00+05:00,19.200182568029906,19.774259567260742,19.200182568029906,19.774259567260742,4000.0,0.0,0.0,0.0,HMB.KA,
2021-08-02 00:00:00+05:00,19.972050322890873,19.972050322890873,19.296666267421713,19.774259567260742,31000.0,0.0,0.0,0.0,HMB.KA,
2021-08-03 00:00:00+05:00,19.349730458468127,19.58611356604451,19.29666433709738,19.388322830200195,64000.0,0.0,0.0,0.0,HMB.KA,
2021-08-04 00:00:00+05:00,19.417270753441787,19.779083251953125,19.417270753441787,19.779083251953125,69500.0,0.0,0.0,0.0,HMB.KA,
2021-08-05 00:00:00+05:00,19.779077963159533,20.02028623100294,19.451034571670654,20.01546287536621,4833500.0,0.0,0.0,0.0,HMB.KA,
2021-08-06 00:00:00+05:00,19.827320098876953,19.827320098876953,19.827320098876953,19.827320098876953,1500.0,0.0,0.0,0.0,HMB.KA,
2021-08-09 00:00:00+05:00,20.208431243896484,20.208431243896484,20.208431243896484,20.208431243896484,500.0,0.0,0.0,0.0,HMB.KA,
2021-08-10 00:00:00+05:00,19.783904111377936,20.1167727457624,19.77908075506037,19.89968490600586,16500.0,0.0,0.0,0.0,HMB.KA,
2021-08-11 00:00:00+05:00,19.94792596400577,20.06853011575979,19.94792596400577,20.029937744140625,297000.0,0.0,0.0,0.0,HMB.KA,
2021-08-12 00:00:00+05:00,19.78390002605289,20.13606569353291,19.77907667073133,20.049230575561523,3226000.0,0.0,0.0,0.0,HMB.KA,
2021-08-13 00:00:00+05:00,20.02028646625604,20.618483787257087,20.02028646625604,20.27596664428711,325500.0,0.0,0.0,0.0,HMB.KA,
2021-08-16 00:00:00+05:00,20.237375458507273,20.502704203676693,20.237375458507273,20.266319274902344,95000.0,0.0,0.0,0.0,HMB.KA,
2021-08-17 00:00:00+05:00,20.502704620361328,20.69567198819166,20.502704620361328,20.502704620361328,106000.0,0.0,0.0,0.0,HMB.KA,
2021-08-18 00:00:00+05:00,20.502704620361328,20.502704620361328,20.502704620361328,20.502704620361328,0.0,0.0,0.0,0.0,HMB.KA,
2021-08-19 00:00:00+05:00,20.502704620361328,20.502704620361328,20.502704620361328,20.502704620361328,0.0,0.0,0.0,0.0,HMB.KA,
2021-08-20 00:00:00+05:00,20.55094554218231,20.55094554218231,20.31456244887702,20.502704620361328,30000.0,0.0,0.0,0.0,HMB.KA,
2021-08-23 00:00:00+05:00,20.493056222221764,20.864517211914062,20.2711450357375,20.864517211914062,146000.0,0.0,0.0,0.0,HMB.KA,
2021-08-24 00:00:00+05:00,20.81145169002056,21.22633025768263,20.81145169002056,21.05265998840332,693000.0,0.0,0.0,0.0,HMB.KA,
2021-08-25 00:00:00+05:00,21.226329663646283,21.45788940278055,20.98512137201394,21.09607696533203,460500.0,0.0,0.0,0.0,HMB.KA,
2021-08-26 00:00:00+05:00,20.936880111694336,20.98512103313249,20.88381399394845,20.936880111694336,12500.0,0.0,0.0,0.0,HMB.KA,
2021-08-27 00:00:00+05:00,20.93688070521964,20.985121628025343,20.74391333345034,20.97064971923828,127000.0,0.0,0.0,0.0,HMB.KA,
2021-08-30 00:00:00+05:00,20.985122813702237,21.10572696780397,20.642607457718906,20.806629180908203,38000.0,0.0,0.0,0.0,HMB.KA,
2021-08-31 00:00:00+05:00,21.105724334716797,21.105724334716797,21.105724334716797,21.105724334716797,9500.0,0.0,0.0,0.0,HMB.KA,
2021-09-01 00:00:00+05:00,20.912755651009434,21.221503773257577,20.912755651009434,20.985118865966797,19500.0,0.0,0.0,0.0,HMB.KA,
2021-09-02 00:00:00+05:00,20.628132025215443,21.19738373336396,20.628132025215443,20.989944458007812,22500.0,0.0,0.0,0.0,HMB.KA,
2021-09-03 00:00:00+05:00,21.17808621233776,21.17808621233776,20.695669686683352,20.985118865966797,7000.0,0.0,0.0,0.0,HMB.KA,
2021-09-06 00:00:00+05:00,20.946529525394904,20.946529525394904,20.79215634855431,20.84522247314453,11500.0,0.0,0.0,0.0,HMB.KA,
2021-09-07 00:00:00+05:00,20.62331003243175,21.708747402559737,20.62331003243175,21.573671340942383,165000.0,0.0,0.0,0.0,HMB.KA,
2021-09-08 00:00:00+05:00,21.612266070747378,21.94513474501291,21.467541440327963,21.708749771118164,104500.0,0.0,0.0,0.0,HMB.KA,
2021-09-09 00:00:00+05:00,21.467540470436735,21.70874879032928,21.274573078413322,21.592967987060547,147500.0,0.0,0.0,0.0,HMB.KA,
2021-09-10 00:00:00+05:00,21.70874611276095,23.209061971886587,21.70874611276095,22.070558547973633,334500.0,0.0,0.0,0.0,HMB.KA,
2021-09-13 00:00:00+05:00,22.196674346923828,22.448909282684326,21.757786097532517,22.196674346923828,42000.0,2.0,0.0,0.0,HMB.KA,
2021-09-14 00:00:00+05:00,21.94443941116333,23.659637744094653,21.94443941116333,23.20561408996582,109500.0,0.0,0.0,0.0,HMB.KA,
2021-09-15 00:00:00+05:00,22.751593280275074,22.751593280275074,21.74769918810387,22.388376235961914,100000.0,0.0,0.0,0.0,HMB.KA,
2021-09-16 00:00:00+05:00,22.953384655877784,22.953384655877784,22.398468433957344,22.65070343017578,30500.0,0.0,0.0,0.0,HMB.KA,
2021-09-17 00:00:00+05:00,22.65069959251061,22.70114581344717,22.196675906481676,22.337926864624023,65500.0,0.0,0.0,0.0,HMB.KA,
2021-09-20 00:00:00+05:00,22.020114465415663,22.020114465415663,21.767879486083984,21.767879486083984,18000.0,0.0,0.0,0.0,HMB.KA,
2021-09-21 00:00:00+05:00,21.767879486083984,21.767879486083984,21.767879486083984,21.767879486083984,0.0,0.0,0.0,0.0,HMB.KA,
2021-09-22 00:00:00+05:00,22.57503087355685,22.696104511570113,21.692208437160772,21.893997192382812,157000.0,0.0,0.0,0.0,HMB.KA,
2021-09-23 00:00:00+05:00,21.944441848091337,22.398465552639454,21.69220688432017,22.297571182250977,52000.0,0.0,0.0,0.0,HMB.KA,
2021-09-24 00:00:00+05:00,22.196677493717857,22.24712371826172,22.196677493717857,22.24712371826172,15000.0,0.0,0.0,0.0,HMB.KA,
2021-09-27 00:00:00+05:00,22.196675169304825,22.196675169304825,22.095780806382546,22.191631317138672,1543000.0,0.0,0.0,0.0,HMB.KA,
2021-09-28 00:00:00+05:00,22.19163131713867,22.19163131713867,22.19163131713867,22.191631317138672,0.0,0.0,0.0,0.0,HMB.KA,
2021-09-29 00:00:00+05:00,21.717430537821755,21.949486248426656,21.21296059768931,21.65689468383789,364500.0,0.0,0.0,0.0,HMB.KA,
2021-09-30 00:00:00+05:00,21.89399652395815,22.171454610617502,21.656895032471006,21.944442749023438,161500.0,0.0,0.0,0.0,HMB.KA,
2021-10-01 00:00:00+05:00,21.944439738156404,22.1865850491667,21.93435010964766,22.171451568603516,1004500.0,0.0,0.0,0.0,HMB.KA,
2021-10-04 00:00:00+05:00,22.070558547973633,22.070558547973633,22.070558547973633,22.070558547973633,1000.0,0.0,0.0,0.0,HMB.KA,
2021-10-05 00:00:00+05:00,22.070559037818207,22.696102586426093,21.969664668765315,22.09073829650879,54000.0,0.0,0.0,0.0,HMB.KA,
2021-10-06 00:00:00+05:00,22.19667776280909,22.19667776280909,21.944442788231715,22.141185760498047,15500.0,0.0,0.0,0.0,HMB.KA,
2021-10-07 00:00:00+05:00,22.640610068133213,22.776817174571715,22.18658638000488,22.186586380004883,1018500.0,0.0,0.0,0.0,HMB.KA,
2021-10-08 00:00:00+05:00,22.186585618593245,22.63556351455633,21.44501426156662,21.61149024963379,1021000.0,0.0,0.0,0.0,HMB.KA,
2021-10-11 00:00:00+05:00,21.93435358104265,21.939399358295514,21.43997325227124,21.455106735229492,74000.0,0.0,0.0,0.0,HMB.KA,
2021-10-12 00:00:00+05:00,21.490419681938736,21.939399566087758,21.490419681938736,21.893997192382812,20500.0,0.0,0.0,0.0,HMB.KA,
2021-10-13 00:00:00+05:00,21.445015425025957,22.94833747817454,21.445015425025957,21.581222534179688,25000.0,0.0,0.0,0.0,HMB.KA,
2021-10-14 00:00:00+05:00,21.197824232240237,22.448909282684326,21.197824232240237,22.196674346923828,135000.0,0.0,0.0,0.0,HMB.KA,
2021-10-15 00:00:00+05:00,21.69725103325364,22.19163326247065,21.490418437111863,21.646804809570312,325500.0,0.0,0.0,0.0,HMB.KA,
2021-10-18 00:00:00+05:00,21.687162818079585,21.94444163185497,20.985948009209338,21.742652893066406,249000.0,0.0,0.0,0.0,HMB.KA,
2021-10-19 00:00:00+05:00,21.742652893066406,21.742652893066406,21.742652893066406,21.742652893066406,0.0,0.0,0.0,0.0,HMB.KA,
2021-10-20 00:00:00+05:00,21.465191986804413,23.205613374793913,21.43996887888568,22.479177474975586,1620500.0,0.0,0.0,0.0,HMB.KA,
2021-10-21 00:00:00+05:00,22.948340530895667,22.948340530895667,22.378288907361448,22.443870544433594,3248000.0,0.0,0.0,0.0,HMB.KA,
2021-10-22 00:00:00+05:00,22.448911459421527,22.696102567171394,21.82336791134433,22.20676612854004,673000.0,0.0,0.0,0.0,HMB.KA,
2021-10-25 00:00:00+05:00,22.196676499203306,22.701146419639745,21.9999335381371,22.20676612854004,102500.0,0.0,0.0,0.0,HMB.KA,
2021-10-26 00:00:00+05:00,22.448911298411634,22.75159247874257,22.448911298411634,22.70619010925293,75500.0,0.0,0.0,0.0,HMB.KA,
2021-10-27 00:00:00+05:00,22.877710986830063,22.953382247515982,22.877710986830063,22.94329261779785,3500.0,0.0,0.0,0.0,HMB.KA,
2021-10-28 00:00:00+05:00,23.150119943861068,23.457846844782594,23.079494476318356,23.07949447631836,136500.0,0.0,0.0,0.0,HMB.KA,
2021-10-29 00:00:00+05:00,23.331730135025516,23.457847595214844,23.331730135025516,23.457847595214844,4000.0,0.0,0.0,0.0,HMB.KA,
2021-11-01 00:00:00+05:00,22.978605925337913,23.452808911764212,22.978605925337913,23.356958389282227,24500.0,0.0,0.0,0.0,HMB.KA,
2021-11-02 00:00:00+05:00,23.35695466654215,23.35695466654215,23.20561408996582,23.20561408996582,76000.0,0.0,0.0,0.0,HMB.KA,
2021-11-03 00:00:00+05:00,23.215706711477903,23.71008701837994,23.205617081818666,23.210660934448242,23500.0,0.0,0.0,0.0,HMB.KA,
2021-11-04 00:00:00+05:00,23.261108342170097,23.937098112616418,23.261108342170097,23.60919189453125,483500.0,0.0,0.0,0.0,HMB.KA,
2021-11-05 00:00:00+05:00,23.7100887298584,23.962323716346255,23.7100887298584,23.7100887298584,176500.0,0.0,0.0,0.0,HMB.KA,
2021-11-08 00:00:00+05:00,23.710086618719455,23.710086618719455,23.457851654690526,23.467941284179688,39500.0,0.0,0.0,0.0,HMB.KA,
2021-11-09 00:00:00+05:00,23.45784975927604,23.71008470292417,23.054274234319013,23.351911544799805,54500.0,0.0,0.0,0.0,HMB.KA,
2021-11-10 00:00:00+05:00,23.356959700032984,23.43263096682844,22.978607214856204,23.372095108032227,22000.0,0.0,0.0,0.0,HMB.KA,
2021-11-11 00:00:00+05:00,23.4830738164582,23.4830738164582,22.953380798300493,23.195526123046875,69000.0,0.0,0.0,0.0,HMB.KA,
2021-11-12 00:00:00+05:00,23.205611932473104,23.205611932473104,22.95842087167395,23.07949447631836,38500.0,0.0,0.0,0.0,HMB.KA,
2021-11-15 00:00:00+05:00,22.701146860328365,23.205616790557887,22.60025248940245,23.003828048706055,51500.0,0.0,0.0,0.0,HMB.KA,
2021-11-16 00:00:00+05:00,22.85753326058448,23.432628673874298,22.85753326058448,23.200572967529297,278000.0,0.0,0.0,0.0,HMB.KA,
2021-11-17 00:00:00+05:00,23.30651229091705,23.710087869777915,23.30651229091705,23.518388748168945,70500.0,0.0,0.0,0.0,HMB.KA,
2021-11-18 00:00:00+05:00,23.52847686628895,24.719026190725877,22.812130500392175,24.0026798248291,168000.0,0.0,0.0,0.0,HMB.KA,
2021-11-19 00:00:00+05:00,23.962323315000443,24.71902826178993,23.513345354476044,23.65459632873535,36500.0,0.0,0.0,0.0,HMB.KA,
2021-11-22 00:00:00+05:00,24.15402078538875,24.4415684915148,23.356957372337543,23.432628631591797,90000.0,0.0,0.0,0.0,HMB.KA,
2021-11-23 00:00:00+05:00,23.71008641067983,23.71008641067983,22.87771026692786,23.22579574584961,72000.0,0.0,0.0,0.0,HMB.KA,
2021-11-24 00:00:00+05:00,22.958422788081243,22.958422788081243,22.701144002785593,22.731412887573242,65000.0,0.0,0.0,0.0,HMB.KA,
2021-11-25 00:00:00+05:00,22.706188736711734,22.706188736711734,22.19667499826035,22.262256622314453,70000.0,0.0,0.0,0.0,HMB.KA,
2021-11-26 00:00:00+05:00,22.443867625993885,22.448911478466517,21.9444415576021,22.09073829650879,67000.0,0.0,0.0,0.0,HMB.KA,
2021-11-29 00:00:00+05:00,22.322793264466842,22.953380644819013,22.322793264466842,22.489269256591797,97000.0,0.0,0.0,0.0,HMB.KA,
2021-11-30 00:00:00+05:00,22.49935647003683,23.83620245695961,22.196675303835406,22.46908950805664,177500.0,0.0,0.0,0.0,HMB.KA,
2021-12-01 00:00:00+05:00,22.953383636531914,23.07445727607609,22.70114865151508,22.72637176513672,1580500.0,0.0,0.0,0.0,HMB.KA,
2021-12-02 00:00:00+05:00,22.7011465897573,23.19048303205564,21.798144963553167,22.680967330932617,595500.0,0.0,0.0,0.0,HMB.KA,
2021-12-03 00:00:00+05:00,22.196677383463417,23.04923089018059,21.818324928063472,22.71123695373535,167500.0,0.0,0.0,0.0,HMB.KA,
2021-12-06 00:00:00+05:00,22.751593303217668,22.751593303217668,22.701147079467773,22.701147079467773,1500.0,0.0,0.0,0.0,HMB.KA,
2021-12-07 00:00:00+05:00,23.1047207268396,23.1047207268396,22.4489102504699,22.46908950805664,717000.0,0.0,0.0,0.0,HMB.KA,
2021-12-08 00:00:00+05:00,22.94833875103998,22.94833875103998,21.692207735437872,21.747699737548828,49500.0,0.0,0.0,0.0,HMB.KA,
2021-12-09 00:00:00+05:00,21.697256583146917,21.697256583146917,20.935507634042118,21.323949813842773,114500.0,0.0,0.0,0.0,HMB.KA,
2021-12-10 00:00:00+05:00,21.33907887561581,21.84354883449278,21.137292046705127,21.455106735229492,2617000.0,0.0,0.0,0.0,HMB.KA,
2021-12-13 00:00:00+05:00,21.293674425228968,22.802040301872186,21.187736206054687,22.070558547973633,95000.0,0.0,0.0,0.0,HMB.KA,
2021-12-14 00:00:00+05:00,21.949487667572726,22.948339907087934,21.944443814581334,22.575031280517578,1044500.0,0.0,0.0,0.0,HMB.KA,
2021-12-15 00:00:00+05:00,22.701145764829295,22.701145764829295,22.529625919852364,22.569984436035156,35500.0,0.0,0.0,0.0,HMB.KA,
2021-12-16 00:00:00+05:00,22.448911459421527,22.448911459421527,22.20676612854004,22.20676612854004,10000.0,0.0,0.0,0.0,HMB.KA,
2021-12-17 00:00:00+05:00,21.94444274902344,22.196677723150145,21.692207774896733,21.944442749023438,306000.0,0.0,0.0,0.0,HMB.KA,
2021-12-20 00:00:00+05:00,22.196674962091937,22.196674962091937,21.94444001934089,21.94948387145996,83500.0,0.0,0.0,0.0,HMB.KA,
2021-12-21 00:00:00+05:00,22.181544240510586,22.181544240510586,21.84354837449273,21.944442749023438,7000.0,0.0,0.0,0.0,HMB.KA,
2021-12-22 00:00:00+05:00,21.954532378916525,21.954532378916525,21.94444274902344,21.944442749023438,7000.0,0.0,0.0,0.0,HMB.KA,
2021-12-23 00:00:00+05:00,22.418643575871,22.42368935296545,22.196677493717857,22.24712371826172,245000.0,0.0,0.0,0.0,HMB.KA,
2021-12-24 00:00:00+05:00,22.19667736442919,22.70114730452985,22.19667736442919,22.398466110229492,1012500.0,0.0,0.0,0.0,HMB.KA,
2021-12-27 00:00:00+05:00,22.15127622898248,22.196678603101194,21.59131425631839,21.8233699798584,42000.0,0.0,0.0,0.0,HMB.KA,
2021-12-28 00:00:00+05:00,21.69220501273527,21.944439954743817,21.69220501273527,21.75274085998535,45500.0,0.0,0.0,0.0,HMB.KA,
2021-12-29 00:00:00+05:00,21.692208444614188,21.692208444614188,21.218007371399715,21.26845359802246,56500.0,0.0,0.0,0.0,HMB.KA,
2021-12-30 00:00:00+05:00,21.687160754842616,21.702294235272003,21.238180949972353,21.697248458862305,79500.0,0.0,0.0,0.0,HMB.KA,
2021-12-31 00:00:00+05:00,21.69220426611925,22.12100288301517,21.46519244124502,21.6064453125,1552500.0,0.0,0.0,0.0,HMB.KA,
2022-01-03 00:00:00+05:00,21.838504170189584,21.838504170189584,21.298721488199877,21.65689468383789,84000.0,0.0,0.0,0.0,HMB.KA,
2022-01-04 00:00:00+05:00,21.72247297145024,21.999931010937825,21.692204086917126,21.90912628173828,290500.0,0.0,0.0,0.0,HMB.KA,
2022-01-05 00:00:00+05:00,21.868771243381538,21.944442504536536,21.692207533220024,21.93435287475586,414500.0,0.0,0.0,0.0,HMB.KA,
2022-01-06 00:00:00+05:00,21.712383863691546,22.045333903937006,21.69220460685246,21.697248458862305,46500.0,0.0,0.0,0.0,HMB.KA,
2022-01-07 00:00:00+05:00,21.84859386625538,21.9696655745907,21.69220749155548,21.73760986328125,80500.0,0.0,0.0,0.0,HMB.KA,
2022-01-10 00:00:00+05:00,22.015070043005814,22.827267034341688,21.94444455235057,22.29252815246582,54000.0,0.0,0.0,0.0,HMB.KA,
2022-01-11 00:00:00+05:00,22.196676617232228,22.524582837019537,22.196676617232228,22.484224319458008,248500.0,0.0,0.0,0.0,HMB.KA,
2022-01-12 00:00:00+05:00,22.650700455270563,22.953381641218925,22.44891171503829,22.645654678344727,323500.0,0.0,0.0,0.0,HMB.KA,
2022-01-13 00:00:00+05:00,22.645653407282367,22.953380352884366,22.45395430726146,22.82726287841797,537000.0,0.0,0.0,0.0,HMB.KA,
2022-01-14 00:00:00+05:00,22.701147079467773,22.877710786992488,22.701147079467773,22.701147079467773,17500.0,0.0,0.0,0.0,HMB.KA,
2022-01-17 00:00:00+05:00,22.650702331162822,22.650702331162822,22.44891357421875,22.44891357421875,5000.0,0.0,0.0,0.0,HMB.KA,
2022-01-18 00:00:00+05:00,22.650703555050043,22.701149784811722,22.196679789593684,22.3026180267334,36000.0,0.0,0.0,0.0,HMB.KA,
2022-01-19 00:00:00+05:00,22.670878190577785,22.701147079467773,22.635565449072843,22.701147079467773,7000.0,0.0,0.0,0.0,HMB.KA,
2022-01-20 00:00:00+05:00,22.2471213768086,22.30765914916992,22.196675157574077,22.307659149169922,8000.0,0.0,0.0,0.0,HMB.KA,
2022-01-21 00:00:00+05:00,22.39846404342097,22.620430103799404,22.19667531624063,22.35306167602539,85500.0,0.0,0.0,0.0,HMB.KA,
2022-01-24 00:00:00+05:00,22.448914397562096,22.64061353124976,22.27235067206048,22.443870544433594,36000.0,0.0,0.0,0.0,HMB.KA,
2022-01-25 00:00:00+05:00,22.68601359722282,22.701147079467773,22.44891211191813,22.701147079467773,55500.0,0.0,0.0,0.0,HMB.KA,
2022-01-26 00:00:00+05:00,22.459001452674848,22.70114678747996,22.448911823174626,22.494314193725586,31500.0,0.0,0.0,0.0,HMB.KA,
2022-01-27 00:00:00+05:00,22.453955964533087,22.877710786992488,22.44891211191813,22.701147079467773,21000.0,0.0,0.0,0.0,HMB.KA,
2022-01-28 00:00:00+05:00,22.701147902480436,22.701147902480436,22.44891292578621,22.696104049682617,54500.0,0.0,0.0,0.0,HMB.KA,
2022-01-31 00:00:00+05:00,23.054276418917286,23.054276418917286,22.47918100080812,22.701147079467773,93500.0,0.0,0.0,0.0,HMB.KA,
2022-02-01 00:00:00+05:00,22.701147079467773,22.701147079467773,22.701147079467773,22.701147079467773,14500.0,0.0,0.0,0.0,HMB.KA,
2022-02-02 00:00:00+05:00,23.089588252812174,23.205616102396153,22.953381144761412,23.054275512695312,63000.0,0.0,0.0,0.0,HMB.KA,
2022-02-03 00:00:00+05:00,23.20057293799162,23.205616790557887,23.00382804870605,23.003828048706055,24000.0,0.0,0.0,0.0,HMB.KA,
2022-02-04 00:00:00+05:00,23.19552719055654,23.200572967529297,23.19552719055654,23.200572967529297,2500.0,0.0,0.0,0.0,HMB.KA,
2022-02-07 00:00:00+05:00,23.104717582669373,23.200568080962764,23.05931522147768,23.07949447631836,18500.0,0.0,0.0,0.0,HMB.KA,
2022-02-08 00:00:00+05:00,23.003828627132716,23.205617374058484,22.953382402601328,22.98869514465332,19500.0,0.0,0.0,0.0,HMB.KA,
2022-02-09 00:00:00+05:00,23.155171626490503,23.654595802599037,23.155171626490503,23.437673568725586,139000.0,0.0,0.0,0.0,HMB.KA,
2022-02-10 00:00:00+05:00,23.205616701341683,23.205616701341683,23.029052996200193,23.039140701293945,43000.0,0.0,0.0,0.0,HMB.KA,
2022-02-11 00:00:00+05:00,23.452807774857654,23.452807774857654,23.155170440673828,23.155170440673828,6000.0,0.0,0.0,0.0,HMB.KA,
2022-02-14 00:00:00+05:00,23.155169531122468,23.205615752127972,23.05427516471148,23.195526123046875,12500.0,0.0,0.0,0.0,HMB.KA,
2022-02-15 00:00:00+05:00,23.00887203662554,23.356955568634774,23.003826260051543,23.281286239624023,21500.0,0.0,0.0,0.0,HMB.KA,
2022-02-16 00:00:00+05:00,23.281291631405754,23.33173786242924,22.297574731244882,22.600255966186523,156000.0,0.0,0.0,0.0,HMB.KA,
2022-02-17 00:00:00+05:00,23.064365430057332,23.064365430057332,22.24712277154347,22.40350914001465,71500.0,0.0,0.0,0.0,HMB.KA,
2022-02-18 00:00:00+05:00,22.448909099182302,23.059317176877144,22.196674165483625,22.49935531616211,151000.0,0.0,0.0,0.0,HMB.KA,
2022-02-21 00:00:00+05:00,22.443870665138242,22.443870665138242,22.095785140991207,22.09578514099121,3500.0,0.0,0.0,0.0,HMB.KA,
2022-02-22 00:00:00+05:00,22.146228129531664,22.196674346923828,21.94443941116333,22.196674346923828,209500.0,0.0,0.0,0.0,HMB.KA,
2022-02-23 00:00:00+05:00,22.650703509165943,23.205619733021553,22.650703509165943,22.92816162109375,165500.0,0.0,0.0,0.0,HMB.KA,
2022-02-24 00:00:00+05:00,22.701147079467773,22.751593303217668,22.559896113447998,22.701147079467773,78000.0,0.0,0.0,0.0,HMB.KA,
2022-02-25 00:00:00+05:00,22.701144218444824,23.20561408996582,22.49935550007649,23.20561408996582,80000.0,0.0,0.0,0.0,HMB.KA,
2022-02-28 00:00:00+05:00,23.155170020216765,23.432628090407594,22.701146323977213,23.21570587158203,176000.0,0.0,0.0,0.0,HMB.KA,
2022-03-01 00:00:00+05:00,23.20057293799162,23.205616790557887,23.00382804870605,23.003828048706055,24500.0,0.0,0.0,0.0,HMB.KA,
2022-03-02 00:00:00+05:00,22.802040625064404,23.003827437151692,22.701146256820753,22.70619010925293,33000.0,0.0,0.0,0.0,HMB.KA,
2022-03-03 00:00:00+05:00,22.701147079467773,22.72637019134272,22.19667714436849,22.701147079467773,111500.0,0.0,0.0,0.0,HMB.KA,
2022-03-04 00:00:00+05:00,22.9533840360325,23.079501530735975,22.726372160686196,22.781864166259766,49000.0,0.0,0.0,0.0,HMB.KA,
2022-03-07 00:00:00+05:00,22.696103226852816,22.74654945060271,22.575029595692953,22.701147079467773,534000.0,0.0,0.0,0.0,HMB.KA,
2022-03-08 00:00:00+05:00,22.701148804809602,22.701148804809602,22.459003448486328,22.459003448486328,607500.0,0.0,0.0,0.0,HMB.KA,
2022-03-09 00:00:00+05:00,22.70114830561691,22.95338328679043,21.96966647533366,22.126052856445312,284500.0,0.0,0.0,0.0,HMB.KA,
2022-03-10 00:00:00+05:00,22.575029595692953,23.205617014567057,22.569985743077996,22.701147079467773,17000.0,0.0,0.0,0.0,HMB.KA,
2022-03-11 00:00:00+05:00,22.706194167150258,22.731419207019226,22.701150313816676,22.716283798217773,5500.0,0.0,0.0,0.0,HMB.KA,
2022-03-14 00:00:00+05:00,22.49935943785215,22.701148191536994,22.49935943785215,22.590164184570312,259500.0,0.0,0.0,0.0,HMB.KA,
2022-03-15 00:00:00+05:00,22.701147214198805,22.701147214198805,22.39846602110286,22.433778762817383,431000.0,0.0,0.0,0.0,HMB.KA,
2022-03-16 00:00:00+05:00,22.448910189633622,23.20561502748644,22.348015826373263,23.04922866821289,605000.0,0.0,0.0,0.0,HMB.KA,
2022-03-17 00:00:00+05:00,23.216608077280988,23.27599972981108,22.73067824715807,23.270599365234375,8500.0,3.0,0.0,0.0,HMB.KA,
2022-03-18 00:00:00+05:00,23.216607894020516,23.486568450927734,23.006038989174584,23.486568450927734,397500.0,0.0,0.0,0.0,HMB.KA,
2022-03-21 00:00:00+05:00,23.081624984741214,23.249001252415084,23.081624984741214,23.08162498474121,32000.0,0.0,0.0,0.0,HMB.KA,
2022-03-22 00:00:00+05:00,23.486566910660724,23.486566910660724,22.811665562653232,23.232803344726562,1961000.0,0.0,0.0,0.0,HMB.KA,
2022-03-23 00:00:00+05:00,23.23280334472656,23.23280334472656,23.23280334472656,23.232803344726562,0.0,0.0,0.0,0.0,HMB.KA,
2022-03-24 00:00:00+05:00,23.216608047485348,23.216608047485348,22.984441802239648,23.21660804748535,162000.0,0.0,0.0,0.0,HMB.KA,
2022-03-25 00:00:00+05:00,23.216609492463533,23.756530643451057,23.00064020821423,23.006040573120117,563500.0,0.0,0.0,0.0,HMB.KA,
2022-03-28 00:00:00+05:00,23.702538757518358,23.702538757518358,23.054632980661903,23.17341423034668,18000.0,0.0,0.0,0.0,HMB.KA,
2022-03-29 00:00:00+05:00,23.702536830186343,24.026488662455126,23.351587295532227,23.351587295532227,958500.0,0.0,0.0,0.0,HMB.KA,
2022-03-30 00:00:00+05:00,23.335391198143082,23.486568450927734,23.335391198143082,23.486568450927734,94500.0,0.0,0.0,0.0,HMB.KA,
2022-03-31 00:00:00+05:00,23.486568150895362,24.0264892578125,23.486568150895362,24.0264892578125,595000.0,0.0,0.0,0.0,HMB.KA,
2022-04-01 00:00:00+05:00,24.02648745647923,25.754235281007066,23.756526923260363,25.046937942504883,60500.0,0.0,0.0,0.0,HMB.KA,
2022-04-04 00:00:00+05:00,24.037288420670407,24.566410869157526,23.794323505641724,23.84291648864746,134000.0,0.0,0.0,0.0,HMB.KA,
2022-04-05 00:00:00+05:00,24.296449661254883,24.296449661254883,24.296449661254883,24.296449661254883,26500.0,0.0,0.0,0.0,HMB.KA,
2022-04-06 00:00:00+05:00,24.674392700195312,24.674392700195312,24.296447548622993,24.674392700195312,115500.0,0.0,0.0,0.0,HMB.KA,
2022-04-07 00:00:00+05:00,25.738039897736748,25.916214863548785,24.62040329651706,24.7985782623291,23000.0,0.0,0.0,0.0,HMB.KA,
2022-04-08 00:00:00+05:00,24.782373390815494,25.10632514953613,24.782373390815494,25.106325149536133,7000.0,0.0,0.0,0.0,HMB.KA,
2022-04-11 00:00:00+05:00,26.375144323369025,26.402142025475808,25.376291134482937,25.646251678466797,238500.0,0.0,0.0,0.0,HMB.KA,
2022-04-12 00:00:00+05:00,25.916210522813927,26.45613157537255,25.13332458467685,26.00259780883789,1945000.0,0.0,0.0,0.0,HMB.KA,
2022-04-13 00:00:00+05:00,25.916208267211914,25.916208267211914,25.781228015820187,25.916208267211914,545000.0,0.0,0.0,0.0,HMB.KA,
2022-04-14 00:00:00+05:00,25.6462516784668,25.651649983106857,25.64085337382674,25.646251678466797,60000.0,0.0,0.0,0.0,HMB.KA,
2022-04-15 00:00:00+05:00,25.916215546277108,26.456136703491214,25.916215546277108,26.45613670349121,5500.0,0.0,0.0,0.0,HMB.KA,
2022-04-18 00:00:00+05:00,26.456131222045585,26.456131222045585,25.37628913134985,25.576059341430664,621500.0,0.0,0.0,0.0,HMB.KA,
2022-04-19 00:00:00+05:00,25.64625144671025,25.775833412891135,25.106330363621613,25.11172866821289,96500.0,0.0,0.0,0.0,HMB.KA,
2022-04-20 00:00:00+05:00,25.05233517765885,25.86221667616547,24.86336159222621,25.381685256958008,2077000.0,0.0,0.0,0.0,HMB.KA,
2022-04-21 00:00:00+05:00,25.376293788916392,25.381692094121128,25.160324507284095,25.262910842895508,2666500.0,0.0,0.0,0.0,HMB.KA,
2022-04-22 00:00:00+05:00,25.160321353636355,25.37629060819861,24.836369531428428,24.863365173339844,142000.0,0.0,0.0,0.0,HMB.KA,
2022-04-25 00:00:00+05:00,25.111728140508024,25.613854901999463,24.8363693001589,24.84716796875,150500.0,0.0,0.0,0.0,HMB.KA,
2022-04-26 00:00:00+05:00,25.052338389307533,25.9108129701643,24.8903604211329,24.938953399658203,22000.0,0.0,0.0,0.0,HMB.KA,
2022-04-27 00:00:00+05:00,25.37088715180553,25.916206422370152,25.37088715180553,25.8082218170166,25000.0,0.0,0.0,0.0,HMB.KA,
2022-04-28 00:00:00+05:00,24.944354900338286,25.268306732177734,24.944354900338286,25.268306732177734,6000.0,0.0,0.0,0.0,HMB.KA,
2022-04-29 00:00:00+05:00,25.268306732177734,25.268306732177734,25.268306732177734,25.268306732177734,0.0,0.0,0.0,0.0,HMB.KA,
2022-05-02 00:00:00+05:00,25.268306732177734,25.268306732177734,25.268306732177734,25.268306732177734,0.0,0.0,0.0,0.0,HMB.KA,
2022-05-03 00:00:00+05:00,25.268306732177734,25.268306732177734,25.268306732177734,25.268306732177734,0.0,0.0,0.0,0.0,HMB.KA,
2022-05-04 00:00:00+05:00,25.268306732177734,25.268306732177734,25.268306732177734,25.268306732177734,0.0,0.0,0.0,0.0,HMB.KA,
2022-05-05 00:00:00+05:00,25.268306732177734,25.268306732177734,25.268306732177734,25.268306732177734,0.0,0.0,0.0,0.0,HMB.KA,
2022-05-06 00:00:00+05:00,24.890359670262953,26.871871001867913,24.836368388923788,25.608455657958984,165500.0,0.0,0.0,0.0,HMB.KA,
2022-05-09 00:00:00+05:00,25.00374623830596,25.106330503194325,24.67439404624926,24.841768264770508,2082000.0,0.0,0.0,0.0,HMB.KA,
2022-05-10 00:00:00+05:00,25.376293032644973,25.376293032644973,24.566411340113753,24.625802993774414,37500.0,0.0,0.0,0.0,HMB.KA,
2022-05-11 00:00:00+05:00,24.62040074609416,24.625801110360637,23.756527830651923,23.891508102416992,456500.0,0.0,0.0,0.0,HMB.KA,
2022-05-12 00:00:00+05:00,23.751129122181876,23.89150769619108,23.57295417785645,23.572954177856445,48500.0,0.0,0.0,0.0,HMB.KA,
2022-05-13 00:00:00+05:00,23.756528004228617,23.756528004228617,23.675539016723633,23.675539016723633,24000.0,0.0,0.0,0.0,HMB.KA,
2022-05-16 00:00:00+05:00,23.222007215101804,23.621549763047916,23.02763733571699,23.17341423034668,407500.0,0.0,0.0,0.0,HMB.KA,
2022-05-17 00:00:00+05:00,24.291053653003967,24.291053653003967,22.95204737704428,23.184213638305664,4500.0,0.0,0.0,0.0,HMB.KA,
2022-05-18 00:00:00+05:00,23.0546322308531,23.29219678213199,23.0546322308531,23.28679847717285,207000.0,0.0,0.0,0.0,HMB.KA,
2022-05-19 00:00:00+05:00,23.216608001992924,23.216608001992924,22.984441757202145,22.98444175720215,12500.0,0.0,0.0,0.0,HMB.KA,
2022-05-20 00:00:00+05:00,23.08162763060923,23.108623274390425,23.08162763060923,23.092426300048828,619000.0,0.0,0.0,0.0,HMB.KA,
2022-05-23 00:00:00+05:00,22.730680060458287,23.16261863708496,22.730680060458287,23.16261863708496,107500.0,0.0,0.0,0.0,HMB.KA,
2022-05-24 00:00:00+05:00,22.68748610022257,22.741477389298026,22.35273557675632,22.460718154907227,26000.0,0.0,0.0,0.0,HMB.KA,
2022-05-25 00:00:00+05:00,22.460717773609595,22.67668704551638,22.131367620423397,22.14216423034668,222000.0,0.0,0.0,0.0,HMB.KA,
2022-05-26 00:00:00+05:00,22.136765606459626,22.94664727498864,22.136765606459626,22.8062686920166,169500.0,0.0,0.0,0.0,HMB.KA,
2022-05-27 00:00:00+05:00,23.48656860617704,23.48656860617704,23.189612403543304,23.21660804748535,112000.0,0.0,0.0,0.0,HMB.KA,
2022-05-30 00:00:00+05:00,23.162615912429086,24.269453750655323,22.86565766102098,23.135618209838867,33500.0,0.0,0.0,0.0,HMB.KA,
2022-05-31 00:00:00+05:00,22.763072193422634,22.811665172032498,22.444518680232502,22.69828224182129,56500.0,0.0,0.0,0.0,HMB.KA,
2022-06-01 00:00:00+05:00,22.40672290892828,22.89265266333747,22.40672290892828,22.67668342590332,77500.0,0.0,0.0,0.0,HMB.KA,
2022-06-02 00:00:00+05:00,22.67668342590332,22.67668342590332,22.67668342590332,22.67668342590332,2000.0,0.0,0.0,0.0,HMB.KA,
2022-06-03 00:00:00+05:00,21.731820372344913,22.54170187690435,21.704824734119967,21.89919662475586,194000.0,0.0,0.0,0.0,HMB.KA,
2022-06-06 00:00:00+05:00,21.71022773623188,22.125967245699,21.596844795368742,21.69403076171875,61500.0,0.0,0.0,0.0,HMB.KA,
2022-06-07 00:00:00+05:00,21.893798051381165,22.131364630308713,21.602240191589363,21.829008102416992,47000.0,0.0,0.0,0.0,HMB.KA,
2022-06-08 00:00:00+05:00,21.86680233478546,21.86680233478546,21.59684181213379,21.59684181213379,67500.0,0.0,0.0,0.0,HMB.KA,
2022-06-09 00:00:00+05:00,21.731825574404454,21.86680585747529,21.116315813143153,21.51045799255371,40000.0,0.0,0.0,0.0,HMB.KA,
2022-06-10 00:00:00+05:00,21.591443507920303,22.082771576760933,21.591443507920303,21.59684181213379,31500.0,0.0,0.0,0.0,HMB.KA,
2022-06-13 00:00:00+05:00,21.596844165356124,21.596844165356124,20.78696250915527,20.786962509155273,231000.0,0.0,0.0,0.0,HMB.KA,
2022-06-14 00:00:00+05:00,20.786960980804707,21.051523208618164,20.781562676399922,21.051523208618164,14000.0,0.0,0.0,0.0,HMB.KA,
2022-06-15 00:00:00+05:00,21.40787051252398,21.40787051252398,21.056921005249023,21.056921005249023,6500.0,0.0,0.0,0.0,HMB.KA,
2022-06-16 00:00:00+05:00,21.051521692889377,21.1919002532959,21.051521692889377,21.1919002532959,11000.0,0.0,0.0,0.0,HMB.KA,
2022-06-17 00:00:00+05:00,21.59684181213379,21.59684181213379,21.59684181213379,21.59684181213379,30000.0,0.0,0.0,0.0,HMB.KA,
2022-06-20 00:00:00+05:00,21.596837890910543,21.83440236624197,21.202695846557617,21.202695846557617,202500.0,0.0,0.0,0.0,HMB.KA,
2022-06-21 00:00:00+05:00,21.22429940621035,21.591445922851562,21.22429940621035,21.591445922851562,1000.0,0.0,0.0,0.0,HMB.KA,
2022-06-22 00:00:00+05:00,21.596840505518337,21.83980537313246,21.164904107335012,21.197298049926758,121500.0,0.0,0.0,0.0,HMB.KA,
2022-06-23 00:00:00+05:00,21.20809909948482,21.59684293133214,21.083917499785915,21.137910842895508,56000.0,0.0,0.0,0.0,HMB.KA,
2022-06-24 00:00:00+05:00,21.181104668016754,21.181104668016754,20.78696250915527,20.786962509155273,373000.0,0.0,0.0,0.0,HMB.KA,
2022-06-27 00:00:00+05:00,20.84095407439929,21.05692334279501,20.786962787118153,21.03532600402832,45000.0,0.0,0.0,0.0,HMB.KA,
2022-06-28 00:00:00+05:00,21.05692306122222,21.05692306122222,20.78696250915527,20.786962509155273,71500.0,0.0,0.0,0.0,HMB.KA,
2022-06-29 00:00:00+05:00,20.786961823453254,20.786961823453254,19.977080193968064,20.614187240600586,54500.0,0.0,0.0,0.0,HMB.KA,
2022-06-30 00:00:00+05:00,20.651983036954306,21.191904162103437,20.597991748293648,21.083919525146484,522500.0,0.0,0.0,0.0,HMB.KA,
2022-07-01 00:00:00+05:00,20.92194195506192,20.92194195506192,20.786961684384103,20.88414764404297,30000.0,0.0,0.0,0.0,HMB.KA,
2022-07-04 00:00:00+05:00,20.522396594852726,20.522396594852726,20.51699829101563,20.516998291015625,15500.0,0.0,0.0,0.0,HMB.KA,
2022-07-05 00:00:00+05:00,20.036469419198667,20.516998798355353,20.031069055592837,20.511600494384766,60500.0,0.0,0.0,0.0,HMB.KA,
2022-07-06 00:00:00+05:00,20.51699829101563,20.51699829101563,20.51699829101563,20.516998291015625,3000.0,0.0,0.0,0.0,HMB.KA,
2022-07-07 00:00:00+05:00,20.57098956792738,20.57098956792738,20.51699829101563,20.516998291015625,26500.0,0.0,0.0,0.0,HMB.KA,
2022-07-08 00:00:00+05:00,20.51699829101563,20.51699829101563,20.51699829101563,20.516998291015625,0.0,0.0,0.0,0.0,HMB.KA,
2022-07-11 00:00:00+05:00,20.51699829101563,20.51699829101563,20.51699829101563,20.516998291015625,0.0,0.0,0.0,0.0,HMB.KA,
2022-07-12 00:00:00+05:00,20.51699829101563,20.51699829101563,20.51699829101563,20.516998291015625,0.0,0.0,0.0,0.0,HMB.KA,
2022-07-13 00:00:00+05:00,20.786961632737423,21.056922173422326,20.786961632737423,21.046123504638672,40500.0,0.0,0.0,0.0,HMB.KA,
2022-07-14 00:00:00+05:00,21.326881530957344,21.461861793811504,21.056921005249023,21.056921005249023,651500.0,0.0,0.0,0.0,HMB.KA,
2022-07-15 00:00:00+05:00,21.32688522338867,21.32688522338867,21.32688522338867,21.326885223388672,1000.0,0.0,0.0,0.0,HMB.KA,
2022-07-18 00:00:00+05:00,21.294486999511722,21.294486999511722,21.294486999511722,21.29448699951172,1000.0,0.0,0.0,0.0,HMB.KA,
2022-07-19 00:00:00+05:00,20.570993453189313,20.570993453189313,20.355026245117188,20.355026245117188,1500.0,0.0,0.0,0.0,HMB.KA,
2022-07-20 00:00:00+05:00,20.247042573840414,20.382022857666016,20.247042573840414,20.382022857666016,298000.0,0.0,0.0,0.0,HMB.KA,
2022-07-21 00:00:00+05:00,20.2470426049745,20.2470426049745,19.97168373178655,19.98788070678711,199000.0,0.0,0.0,0.0,HMB.KA,
2022-07-22 00:00:00+05:00,20.004076818225922,20.004076818225922,19.437160061687166,19.458757400512695,91500.0,0.0,0.0,0.0,HMB.KA,
2022-07-25 00:00:00+05:00,19.46415536518613,19.46415536518613,19.302179446097043,19.37236976623535,110000.0,0.0,0.0,0.0,HMB.KA,
2022-07-26 00:00:00+05:00,19.383165786424122,19.73411321988169,19.356168087235996,19.361568450927734,352500.0,0.0,0.0,0.0,HMB.KA,
2022-07-27 00:00:00+05:00,19.437163570043534,19.437163570043534,19.032222662334295,19.42636489868164,216000.0,0.0,0.0,0.0,HMB.KA,
2022-07-28 00:00:00+05:00,19.545144819027723,19.707120741966076,19.32917554868618,19.40476417541504,130500.0,0.0,0.0,0.0,HMB.KA,
2022-07-29 00:00:00+05:00,19.437158584594727,19.518147569218044,19.38316730126947,19.437158584594727,61500.0,0.0,0.0,0.0,HMB.KA,
2022-08-01 00:00:00+05:00,19.442556318014102,19.923087787890815,18.897236957758352,18.994422912597656,94000.0,0.0,0.0,0.0,HMB.KA,
2022-08-02 00:00:00+05:00,19.1672010002306,19.30218128896462,18.762260134028548,18.908039093017578,264000.0,0.0,0.0,0.0,HMB.KA,
2022-08-03 00:00:00+05:00,19.437158484049895,19.437158484049895,19.032217682298857,19.1510009765625,244000.0,0.0,0.0,0.0,HMB.KA,
2022-08-04 00:00:00+05:00,19.437160272954035,20.112061671320493,19.151002739130053,19.869096755981445,121000.0,0.0,0.0,0.0,HMB.KA,
2022-08-05 00:00:00+05:00,19.977080860774258,20.51700196511951,19.869096227978094,20.392820358276367,26500.0,0.0,0.0,0.0,HMB.KA,
2022-08-08 00:00:00+05:00,20.392820358276367,20.392820358276367,20.392820358276367,20.392820358276367,0.0,0.0,0.0,0.0,HMB.KA,
2022-08-09 00:00:00+05:00,20.392820358276367,20.392820358276367,20.392820358276367,20.392820358276367,0.0,0.0,0.0,0.0,HMB.KA,
2022-08-10 00:00:00+05:00,20.51700219688218,20.51700219688218,20.274037285255144,20.40901756286621,6500.0,0.0,0.0,0.0,HMB.KA,
2022-08-11 00:00:00+05:00,20.08506578057946,20.263238676548934,20.08506578057946,20.247041702270508,19500.0,0.0,0.0,0.0,HMB.KA,
2022-08-12 00:00:00+05:00,20.43601605237356,20.78696564688968,20.274040108610684,20.560199737548828,52500.0,0.0,0.0,0.0,HMB.KA,
2022-08-15 00:00:00+05:00,20.71137045342366,21.43486469550672,20.71137045342366,21.213497161865234,34500.0,0.0,0.0,0.0,HMB.KA,
2022-08-16 00:00:00+05:00,21.208100598727707,21.8128137264909,21.208100598727707,21.607643127441406,70500.0,0.0,0.0,0.0,HMB.KA,
2022-08-17 00:00:00+05:00,21.59684218814546,22.3527324885847,21.59684218814546,22.07737159729004,17000.0,0.0,0.0,0.0,HMB.KA,
2022-08-18 00:00:00+05:00,22.10976786798177,22.271743774414066,22.10976786798177,22.271743774414062,6500.0,0.0,0.0,0.0,HMB.KA,
2022-08-19 00:00:00+05:00,21.16490923117021,21.5374540786115,20.97593559521697,21.040727615356445,557000.0,0.0,0.0,0.0,HMB.KA,
2022-08-22 00:00:00+05:00,21.3376826609976,21.456465965097316,20.921943156284197,20.92734146118164,136500.0,0.0,0.0,0.0,HMB.KA,
2022-08-23 00:00:00+05:00,21.05692322116307,21.240496480348376,20.98133459555187,21.089319229125977,80000.0,0.0,0.0,0.0,HMB.KA,
2022-08-24 00:00:00+05:00,21.429463173953632,21.440261840820312,21.056918435411152,21.440261840820312,14500.0,0.0,0.0,0.0,HMB.KA,
2022-08-25 00:00:00+05:00,21.542851164757092,21.596842447020485,21.110912668108366,21.321483612060547,174000.0,0.0,0.0,0.0,HMB.KA,
2022-08-26 00:00:00+05:00,21.326881487836797,21.326881487836797,21.11091224385266,21.218896865844727,40000.0,0.0,0.0,0.0,HMB.KA,
2022-08-29 00:00:00+05:00,21.92998650446224,21.92998650446224,21.218897433824218,21.332672119140625,8500.0,2.0,0.0,0.0,HMB.KA,
2022-08-30 00:00:00+05:00,21.33836204657702,21.526090621948242,21.33836204657702,21.526090621948242,13500.0,0.0,0.0,0.0,HMB.KA,
2022-08-31 00:00:00+05:00,21.38955923218938,21.38955923218938,21.36111610224067,21.366806030273438,2500.0,0.0,0.0,0.0,HMB.KA,
2022-09-01 00:00:00+05:00,21.33267146835511,21.895854949951172,21.10512210466403,21.895854949951172,5500.0,0.0,0.0,0.0,HMB.KA,
2022-09-02 00:00:00+05:00,21.873101816520876,21.873101816520876,21.61710929870605,21.617109298706055,31000.0,0.0,0.0,0.0,HMB.KA,
2022-09-05 00:00:00+05:00,21.611418396843924,21.61710615415831,20.826375513099215,21.048234939575195,49000.0,0.0,0.0,0.0,HMB.KA,
2022-09-06 00:00:00+05:00,20.490744936422544,21.19045639038086,20.490744936422544,21.19045639038086,4000.0,0.0,0.0,0.0,HMB.KA,
2022-09-07 00:00:00+05:00,20.593138679579596,20.593138679579596,20.47936400111466,20.496429443359375,24000.0,0.0,0.0,0.0,HMB.KA,
2022-09-08 00:00:00+05:00,20.7637996673584,20.7637996673584,20.47936405547678,20.7637996673584,23000.0,0.0,0.0,0.0,HMB.KA,
2022-09-09 00:00:00+05:00,20.76379933228364,21.048234939575195,20.76379933228364,21.048234939575195,6000.0,0.0,0.0,0.0,HMB.KA,
2022-09-12 00:00:00+05:00,21.048234939575195,21.048234939575195,21.048234939575195,21.048234939575195,0.0,0.0,0.0,0.0,HMB.KA,
2022-09-13 00:00:00+05:00,21.04823527924002,21.04823527924002,20.7637996673584,20.7637996673584,5500.0,0.0,0.0,0.0,HMB.KA,
2022-09-14 00:00:00+05:00,20.08684369230588,20.7637996673584,20.08115376482821,20.7637996673584,11000.0,0.0,0.0,0.0,HMB.KA,
2022-09-15 00:00:00+05:00,20.479365346576323,20.76380097638988,19.9104940869492,20.10959815979004,74000.0,0.0,0.0,0.0,HMB.KA,
2022-09-16 00:00:00+05:00,19.910493456100596,20.19492907690203,19.910493456100596,19.92755889892578,27000.0,0.0,0.0,0.0,HMB.KA,
2022-09-19 00:00:00+05:00,20.280261033106942,20.280261033106942,19.910493850708008,19.910493850708008,37500.0,0.0,0.0,0.0,HMB.KA,
2022-09-20 00:00:00+05:00,19.910493850708008,19.910493850708008,19.682944481528413,19.910493850708008,180000.0,0.0,0.0,0.0,HMB.KA,
2022-09-21 00:00:00+05:00,20.36559041899558,20.36559041899558,19.910493850708008,19.910493850708008,7500.0,0.0,0.0,0.0,HMB.KA,
2022-09-22 00:00:00+05:00,19.626055502169677,20.109595132020694,19.39850616455078,19.39850616455078,356500.0,0.0,0.0,0.0,HMB.KA,
2022-09-23 00:00:00+05:00,19.591927817514637,19.62606087852927,19.341625213623047,19.341625213623047,24500.0,0.0,0.0,0.0,HMB.KA,
2022-09-26 00:00:00+05:00,19.341625213623047,19.341625213623047,19.341625213623047,19.341625213623047,10500.0,0.0,0.0,0.0,HMB.KA,
2022-09-27 00:00:00+05:00,19.370064482019178,19.626056963381934,19.34162135521698,19.347309112548828,74000.0,0.0,0.0,0.0,HMB.KA,
2022-09-28 00:00:00+05:00,19.432643832285205,19.893430373887565,19.34162450963099,19.3643798828125,87000.0,0.0,0.0,0.0,HMB.KA,
2022-09-29 00:00:00+05:00,19.205092656606457,19.483840527006826,19.0571870848096,19.42695426940918,28500.0,0.0,0.0,0.0,HMB.KA,
2022-09-30 00:00:00+05:00,18.943413771573532,19.540728199897533,18.914970640714635,19.381444931030273,26000.0,0.0,0.0,0.0,HMB.KA,
2022-10-03 00:00:00+05:00,19.626058991980535,19.910494629545468,19.626058991980535,19.682945251464844,49000.0,0.0,0.0,0.0,HMB.KA,
2022-10-04 00:00:00+05:00,19.682944481528413,19.910493850708008,19.682944481528413,19.910493850708008,39500.0,0.0,0.0,0.0,HMB.KA,
2022-10-05 00:00:00+05:00,19.910493850708008,19.910493850708008,19.910493850708008,19.910493850708008,0.0,0.0,0.0,0.0,HMB.KA,
2022-10-06 00:00:00+05:00,20.052711901855982,20.18924195899801,20.052711901855982,20.10959815979004,9500.0,0.0,0.0,0.0,HMB.KA,
2022-10-07 00:00:00+05:00,20.33714508310249,20.473675123806473,20.33714508310249,20.462297439575195,11500.0,0.0,0.0,0.0,HMB.KA,
2022-10-10 00:00:00+05:00,20.462301234111294,20.462301234111294,20.194931030273438,20.194931030273438,3500.0,0.0,0.0,0.0,HMB.KA,
2022-10-11 00:00:00+05:00,20.758113861083984,20.758113861083984,20.758113861083984,20.758113861083984,1000.0,0.0,0.0,0.0,HMB.KA,
2022-10-12 00:00:00+05:00,19.967382595897583,20.758115558782396,19.967382595897583,20.36559295654297,17500.0,0.0,0.0,0.0,HMB.KA,
2022-10-13 00:00:00+05:00,20.19493258458288,20.479368254788273,19.910496914377486,20.47368049621582,66000.0,0.0,0.0,0.0,HMB.KA,
2022-10-14 00:00:00+05:00,19.626060060401013,20.496432464308857,19.626060060401013,19.916183471679688,2105500.0,0.0,0.0,0.0,HMB.KA,
2022-10-17 00:00:00+05:00,20.11528939595708,20.337148854430293,20.11528939595708,20.194931030273438,81500.0,0.0,0.0,0.0,HMB.KA,
2022-10-18 00:00:00+05:00,20.194930207823987,20.473678086650846,20.194930207823987,20.42816734313965,18500.0,0.0,0.0,0.0,HMB.KA,
2022-10-19 00:00:00+05:00,20.73535713026176,20.73535713026176,20.67846870422363,20.678468704223633,10500.0,0.0,0.0,0.0,HMB.KA,
2022-10-20 00:00:00+05:00,20.763801945580376,20.763801945580376,20.024269707560354,20.479366302490234,1412500.0,0.0,0.0,0.0,HMB.KA,
2022-10-21 00:00:00+05:00,20.479366302490234,20.479366302490234,20.479366302490234,20.479366302490234,0.0,0.0,0.0,0.0,HMB.KA,
2022-10-24 00:00:00+05:00,20.763800730024062,20.763800730024062,19.90480609301074,19.910493850708008,1239500.0,0.0,0.0,0.0,HMB.KA,
2022-10-25 00:00:00+05:00,20.166486348517147,20.194929477146694,19.899116165241864,19.910493850708008,324500.0,0.0,0.0,0.0,HMB.KA,
2022-10-26 00:00:00+05:00,19.910493850708008,19.910493850708008,19.910493850708008,19.910493850708008,0.0,0.0,0.0,0.0,HMB.KA,
2022-10-27 00:00:00+05:00,19.91049349703902,19.91049349703902,19.341622254266476,19.375755310058594,35000.0,0.0,0.0,0.0,HMB.KA,
2022-10-28 00:00:00+05:00,19.34162135521698,19.597613836579733,19.32455591314995,19.347309112548828,54500.0,0.0,0.0,0.0,HMB.KA,
2022-10-31 00:00:00+05:00,19.51228297914449,19.79671859741211,19.51228297914449,19.79671859741211,12500.0,0.0,0.0,0.0,HMB.KA,
2022-11-01 00:00:00+05:00,19.91049235419544,20.166484832763672,19.91049235419544,20.166484832763672,6000.0,0.0,0.0,0.0,HMB.KA,
2022-11-02 00:00:00+05:00,20.166484832763672,20.166484832763672,20.166484832763672,20.166484832763672,0.0,0.0,0.0,0.0,HMB.KA,
2022-11-03 00:00:00+05:00,20.194930203098338,20.194930203098338,19.57486042836935,19.614681243896484,592000.0,0.0,0.0,0.0,HMB.KA,
2022-11-04 00:00:00+05:00,19.90480613708496,20.991350145683754,19.62605826772632,19.90480613708496,671500.0,0.0,0.0,0.0,HMB.KA,
2022-11-07 00:00:00+05:00,19.586234693597067,19.626055502169677,19.34161991518171,19.39850616455078,434000.0,0.0,0.0,0.0,HMB.KA,
2022-11-08 00:00:00+05:00,19.626059917693443,20.479366870636635,19.626059917693443,20.05271339416504,31500.0,0.0,0.0,0.0,HMB.KA,
2022-11-09 00:00:00+05:00,20.05271339416504,20.05271339416504,20.05271339416504,20.05271339416504,0.0,0.0,0.0,0.0,HMB.KA,
2022-11-10 00:00:00+05:00,19.68863551923039,20.59314094909914,19.682945591140747,20.48505401611328,758500.0,0.0,0.0,0.0,HMB.KA,
2022-11-11 00:00:00+05:00,20.42247772216797,20.42247772216797,20.416787794712295,20.42247772216797,5000.0,0.0,0.0,0.0,HMB.KA,
2022-11-14 00:00:00+05:00,20.456609732653096,20.456609732653096,19.910493850708008,19.910493850708008,7000.0,0.0,0.0,0.0,HMB.KA,
2022-11-15 00:00:00+05:00,20.359901428222656,20.359901428222656,20.359901428222656,20.359901428222656,500.0,0.0,0.0,0.0,HMB.KA,
2022-11-16 00:00:00+05:00,20.19493032757236,20.337148146780617,20.19493032757236,20.21768569946289,276000.0,0.0,0.0,0.0,HMB.KA,
2022-11-17 00:00:00+05:00,20.47936510358538,20.47936510358538,19.910493850708008,19.910493850708008,45000.0,0.0,0.0,0.0,HMB.KA,
2022-11-18 00:00:00+05:00,19.910493850708008,19.910493850708008,19.910493850708008,19.910493850708008,59000.0,0.0,0.0,0.0,HMB.KA,
2022-11-21 00:00:00+05:00,19.91618211126277,19.973070540029834,19.76827653661174,19.956005096435547,5500.0,0.0,0.0,0.0,HMB.KA,
2022-11-22 00:00:00+05:00,20.05271339416504,20.058401152353067,20.05271339416504,20.05271339416504,5500.0,0.0,0.0,0.0,HMB.KA,
2022-11-23 00:00:00+05:00,20.19492907690203,20.19492907690203,19.910493456100596,19.92755889892578,27000.0,0.0,0.0,0.0,HMB.KA,
2022-11-24 00:00:00+05:00,19.762588279791398,20.10959792118644,19.762588279791398,19.910493850708008,91500.0,0.0,0.0,0.0,HMB.KA,
2022-11-25 00:00:00+05:00,20.1380432198876,20.194929477146694,19.910493850708008,19.910493850708008,6000.0,0.0,0.0,0.0,HMB.KA,
2022-11-28 00:00:00+05:00,19.631746749900287,20.70691528275597,19.34731111233535,19.682945251464844,505000.0,0.0,0.0,0.0,HMB.KA,
2022-11-29 00:00:00+05:00,19.63174602543618,20.234750336047174,19.517973510666074,19.90480613708496,26500.0,0.0,0.0,0.0,HMB.KA,
2022-11-30 00:00:00+05:00,20.462300744066425,20.462300744066425,19.631747021626495,19.876361846923828,5000.0,0.0,0.0,0.0,HMB.KA,
2022-12-01 00:00:00+05:00,19.682946454789366,19.910495846781316,19.682946454789366,19.70570182800293,15000.0,0.0,0.0,0.0,HMB.KA,
2022-12-02 00:00:00+05:00,19.70570182800293,19.70570182800293,19.70570182800293,19.70570182800293,0.0,0.0,0.0,0.0,HMB.KA,
2022-12-05 00:00:00+05:00,19.79671951518411,19.91049420178004,19.728455571255214,19.89911651611328,11000.0,0.0,0.0,0.0,HMB.KA,
2022-12-06 00:00:00+05:00,19.70569974810538,19.70569974810538,19.22784781141608,19.301801681518555,53500.0,0.0,0.0,0.0,HMB.KA,
2022-12-07 00:00:00+05:00,19.335936649122335,20.39972538390657,19.335936649122335,19.916183471679688,148500.0,0.0,0.0,0.0,HMB.KA,
2022-12-08 00:00:00+05:00,19.910494210063547,19.910494210063547,19.62605857849121,19.62605857849121,214000.0,0.0,0.0,0.0,HMB.KA,
2022-12-09 00:00:00+05:00,19.91049196585824,20.194927565370502,19.91049196585824,20.183549880981445,29500.0,0.0,0.0,0.0,HMB.KA,
2022-12-12 00:00:00+05:00,19.910494540429603,20.160797119140625,19.910494540429603,20.160797119140625,17000.0,0.0,0.0,0.0,HMB.KA,
2022-12-13 00:00:00+05:00,20.160797119140625,20.160797119140625,20.05271235857553,20.160797119140625,27000.0,0.0,0.0,0.0,HMB.KA,
2022-12-14 00:00:00+05:00,20.05271339416504,20.160798160311995,20.05271339416504,20.05271339416504,637500.0,0.0,0.0,0.0,HMB.KA,
2022-12-15 00:00:00+05:00,20.05271339416504,20.05271339416504,20.05271339416504,20.05271339416504,0.0,0.0,0.0,0.0,HMB.KA,
2022-12-16 00:00:00+05:00,19.762588500976562,19.762588500976562,19.762588500976562,19.762588500976562,1000.0,0.0,0.0,0.0,HMB.KA,
2022-12-19 00:00:00+05:00,19.762588500976562,19.762588500976562,19.762588500976562,19.762588500976562,0.0,0.0,0.0,0.0,HMB.KA,
2022-12-20 00:00:00+05:00,19.341622081259164,19.910493318943256,18.96047939364517,19.517972946166992,27000.0,0.0,0.0,0.0,HMB.KA,
2022-12-21 00:00:00+05:00,19.11407239851468,19.91049298598259,18.943411464077705,19.603302001953125,35000.0,0.0,0.0,0.0,HMB.KA,
2022-12-22 00:00:00+05:00,19.341624249454448,19.882052419850623,19.341624249454448,19.785343170166016,11000.0,0.0,0.0,0.0,HMB.KA,
2022-12-23 00:00:00+05:00,19.853607089874473,19.887737975335572,19.853607089874473,19.86498260498047,20000.0,0.0,0.0,0.0,HMB.KA,
2022-12-26 00:00:00+05:00,19.864982538176307,19.864982538176307,19.79671859741211,19.79671859741211,2500.0,0.0,0.0,0.0,HMB.KA,
2022-12-27 00:00:00+05:00,19.910496703011606,19.910496703011606,19.341625368639846,19.47246551513672,147500.0,0.0,0.0,0.0,HMB.KA,
2022-12-28 00:00:00+05:00,19.32455821367073,19.853608681444864,18.858083934353797,19.330245971679688,29000.0,0.0,0.0,0.0,HMB.KA,
2022-12-29 00:00:00+05:00,19.34162121581641,19.34162121581641,18.858081553449583,19.21078109741211,530000.0,0.0,0.0,0.0,HMB.KA,
2022-12-30 00:00:00+05:00,19.444021061067232,19.4553987473901,19.057188406376827,19.313180923461914,49500.0,0.0,0.0,0.0,HMB.KA,
2023-01-02 00:00:00+05:00,19.335934043603405,19.62605741578793,19.273357861153215,19.597614288330078,13000.0,0.0,0.0,0.0,HMB.KA,
2023-01-03 00:00:00+05:00,19.62605857849121,19.76827639427738,19.62605857849121,19.62605857849121,100000.0,0.0,0.0,0.0,HMB.KA,
2023-01-04 00:00:00+05:00,19.535039443340846,19.535039443340846,19.483840942382812,19.483840942382812,3000.0,0.0,0.0,0.0,HMB.KA,
2023-01-05 00:00:00+05:00,19.483840373457188,19.626058186402133,19.341622560512246,19.370065689086914,14000.0,0.0,0.0,0.0,HMB.KA,
2023-01-06 00:00:00+05:00,19.341625213623047,19.341625213623047,19.341625213623047,19.341625213623047,8000.0,0.0,0.0,0.0,HMB.KA,
2023-01-09 00:00:00+05:00,19.341623676356985,19.341623676356985,19.057188034057617,19.057188034057617,19500.0,0.0,0.0,0.0,HMB.KA,
2023-01-10 00:00:00+05:00,19.05718760777392,19.273359298706055,18.914969789805458,19.273359298706055,126000.0,0.0,0.0,0.0,HMB.KA,
2023-01-11 00:00:00+05:00,19.273359298706055,19.273359298706055,19.273359298706055,19.273359298706055,0.0,0.0,0.0,0.0,HMB.KA,
2023-01-12 00:00:00+05:00,19.14251881792267,19.34162289142337,19.057187260667142,19.28473663330078,33500.0,0.0,0.0,0.0,HMB.KA,
2023-01-13 00:00:00+05:00,19.284735659949213,19.284735659949213,18.914968490600586,18.914968490600586,306500.0,0.0,0.0,0.0,HMB.KA,
2023-01-16 00:00:00+05:00,19.17096272499171,19.17096272499171,18.960480957310264,19.057188034057617,43000.0,0.0,0.0,0.0,HMB.KA,
2023-01-17 00:00:00+05:00,19.057184559732534,19.057184559732534,17.635006607513688,17.817045211791992,566500.0,0.0,0.0,0.0,HMB.KA,
2023-01-18 00:00:00+05:00,17.635010324746883,17.9990876100463,17.35057467434774,17.7487850189209,31500.0,0.0,0.0,0.0,HMB.KA,
2023-01-19 00:00:00+05:00,17.640698269200453,17.777227244231852,17.06613815446258,17.140090942382812,187500.0,0.0,0.0,0.0,HMB.KA,
2023-01-20 00:00:00+05:00,17.066137669450146,17.236798612130322,16.72481469905398,16.781702041625977,23500.0,0.0,0.0,0.0,HMB.KA,
2023-01-23 00:00:00+05:00,16.781700504492456,17.066136106263514,16.724813167131103,17.043380737304688,84500.0,0.0,0.0,0.0,HMB.KA,
2023-01-24 00:00:00+05:00,17.35057255233883,17.35057255233883,17.066136936726718,17.31644058227539,10500.0,0.0,0.0,0.0,HMB.KA,
2023-01-25 00:00:00+05:00,17.208355125793023,17.62363087337878,17.06613731483606,17.339195251464844,485500.0,0.0,0.0,0.0,HMB.KA,
2023-01-26 00:00:00+05:00,17.390392257609086,18.34609603881836,17.390392257609086,18.34609603881836,113000.0,0.0,0.0,0.0,HMB.KA,
2023-01-27 00:00:00+05:00,17.777226447954124,17.913755416870117,17.635008636370493,17.913755416870117,20500.0,0.0,0.0,0.0,HMB.KA,
2023-01-30 00:00:00+05:00,17.919445407006048,18.06166322769657,17.635009765625,17.635009765625,558000.0,0.0,0.0,0.0,HMB.KA,
2023-01-31 00:00:00+05:00,17.635007091102484,18.14130210876465,17.635007091102484,18.14130210876465,59500.0,0.0,0.0,0.0,HMB.KA,
2023-02-01 00:00:00+05:00,18.14130408030446,18.431429637282836,18.14130408030446,18.20956802368164,94500.0,0.0,0.0,0.0,HMB.KA,
2023-02-02 00:00:00+05:00,18.203880310058594,18.203880310058594,18.203880310058594,18.203880310058594,215500.0,0.0,0.0,0.0,HMB.KA,
2023-02-03 00:00:00+05:00,18.317654996010788,18.48831593990326,18.203880310058594,18.203880310058594,20000.0,0.0,0.0,0.0,HMB.KA,
2023-02-06 00:00:00+05:00,18.203882823640832,18.47694080558681,18.203882823640832,18.385921478271484,208000.0,0.0,0.0,0.0,HMB.KA,
2023-02-07 00:00:00+05:00,18.494004915916673,18.767065048217773,18.488317157776635,18.767065048217773,6500.0,0.0,0.0,0.0,HMB.KA,
2023-02-08 00:00:00+05:00,18.238013322654464,18.65897683856398,18.203880265930056,18.20956802368164,443500.0,0.0,0.0,0.0,HMB.KA,
2023-02-09 00:00:00+05:00,18.602088720416575,18.772749646828,18.488314046118486,18.7499942779541,49500.0,0.0,0.0,0.0,HMB.KA,
2023-02-10 00:00:00+05:00,18.710176160793935,18.715866088867188,18.710176160793935,18.715866088867188,8500.0,0.0,0.0,0.0,HMB.KA,
2023-02-13 00:00:00+05:00,18.715866088867188,18.715866088867188,18.715866088867188,18.715866088867188,0.0,0.0,0.0,0.0,HMB.KA,
2023-02-14 00:00:00+05:00,18.772753292778027,18.772753292778027,18.351787567138672,18.351787567138672,1500.0,0.0,0.0,0.0,HMB.KA,
2023-02-15 00:00:00+05:00,18.266456774203718,18.482628463800026,18.203880587472813,18.397296905517578,87000.0,0.0,0.0,0.0,HMB.KA,
2023-02-16 00:00:00+05:00,18.488317489624023,18.488317489624023,18.488317489624023,18.488317489624023,1500.0,0.0,0.0,0.0,HMB.KA,
2023-02-17 00:00:00+05:00,18.48262608045028,18.48262608045028,18.20387824006783,18.34609603881836,85000.0,0.0,0.0,0.0,HMB.KA,
2023-02-20 00:00:00+05:00,18.476939803067946,19.05718879699707,18.43143122691545,18.488317489624023,45000.0,0.0,0.0,0.0,HMB.KA,
2023-02-21 00:00:00+05:00,18.488317157776635,18.767065048217773,18.488317157776635,18.767065048217773,4000.0,0.0,0.0,0.0,HMB.KA,
2023-02-22 00:00:00+05:00,18.49400675108799,18.772754669189453,18.49400675108799,18.772754669189453,7500.0,0.0,0.0,0.0,HMB.KA,
2023-02-23 00:00:00+05:00,18.744306564331055,18.744306564331055,18.34609628839805,18.744306564331055,15000.0,0.0,0.0,0.0,HMB.KA,
2023-02-24 00:00:00+05:00,18.744310686575375,18.772753818953348,18.488318155029813,18.73862075805664,32500.0,0.0,0.0,0.0,HMB.KA,
2023-02-27 00:00:00+05:00,19.028747212329165,19.028747212329165,18.516762126049745,18.772754669189453,86500.0,0.0,0.0,0.0,HMB.KA,
2023-02-28 00:00:00+05:00,19.085628985017692,19.882049560546875,19.085628985017692,19.882049560546875,38000.0,0.0,0.0,0.0,HMB.KA,
2023-03-01 00:00:00+05:00,19.341625213623047,19.341625213623047,19.341625213623047,19.341625213623047,4000.0,0.0,0.0,0.0,HMB.KA,
2023-03-02 00:00:00+05:00,19.341618829444954,19.8194706755635,19.341618829444954,19.438325881958008,49000.0,0.0,0.0,0.0,HMB.KA,
2023-03-03 00:00:00+05:00,19.34162289142337,19.438329964246098,19.15389433348987,19.28473663330078,27500.0,0.0,0.0,0.0,HMB.KA,
2023-03-06 00:00:00+05:00,19.28473485733349,19.62036895751953,19.28473485733349,19.62036895751953,8000.0,0.0,0.0,0.0,HMB.KA,
2023-03-07 00:00:00+05:00,19.062875747680664,19.062875747680664,19.062875747680664,19.062875747680664,500.0,0.0,0.0,0.0,HMB.KA,
2023-03-08 00:00:00+05:00,19.074253478172622,19.074253478172622,18.94910327120968,19.057188034057617,21000.0,0.0,0.0,0.0,HMB.KA,
2023-03-09 00:00:00+05:00,19.057187682761494,19.421264950981886,19.051499924851917,19.068565368652344,2355500.0,0.0,0.0,0.0,HMB.KA,
2023-03-10 00:00:00+05:00,19.47815233065324,20.052711331709013,19.341622277393093,19.72276496887207,3801000.0,0.0,0.0,0.0,HMB.KA,
2023-03-13 00:00:00+05:00,20.13804322332349,20.13804322332349,19.626058227617857,19.637435913085938,17500.0,0.0,0.0,0.0,HMB.KA,
2023-03-14 00:00:00+05:00,19.637437922936694,19.80241112400113,19.626060236304127,19.700014114379883,1862500.0,0.0,0.0,0.0,HMB.KA,
2023-03-15 00:00:00+05:00,19.887737908454888,20.01857803244941,19.569171404840944,19.79671859741211,915000.0,0.0,0.0,0.0,HMB.KA,
2023-03-16 00:00:00+05:00,19.910498865280008,20.450927125637755,19.904811106150248,19.93325424194336,3490500.0,0.0,0.0,0.0,HMB.KA,
2023-03-17 00:00:00+05:00,19.91049235419544,20.194927959255377,19.91049235419544,20.166484832763672,49500.0,0.0,0.0,0.0,HMB.KA,
2023-03-20 00:00:00+05:00,20.194929341599504,20.325769468474515,20.05271152933472,20.32008171081543,538000.0,0.0,0.0,0.0,HMB.KA,
2023-03-21 00:00:00+05:00,20.32008049507504,20.32008049507504,19.713043163877128,19.8256893157959,3500.0,3.25,0.0,0.0,HMB.KA,
2023-03-22 00:00:00+05:00,19.72556136819646,19.900787669713857,19.706786610045455,19.750593185424805,46500.0,0.0,0.0,0.0,HMB.KA,
2023-03-23 00:00:00+05:00,19.750593185424805,19.750593185424805,19.750593185424805,19.750593185424805,0.0,0.0,0.0,0.0,HMB.KA,
2023-03-24 00:00:00+05:00,19.431428682072617,19.713044074883946,19.40013861337785,19.406396865844727,26500.0,0.0,0.0,0.0,HMB.KA,
2023-03-27 00:00:00+05:00,19.400138220690796,19.400138220690796,19.087232765518362,19.224910736083984,11500.0,0.0,0.0,0.0,HMB.KA,
2023-03-28 00:00:00+05:00,18.52400470851597,18.586586043425623,18.467681626461253,18.505229949951172,91000.0,0.0,0.0,0.0,HMB.KA,
2023-03-29 00:00:00+05:00,18.50522860678854,18.50522860678854,18.24238797415747,18.317485809326172,30500.0,0.0,0.0,0.0,HMB.KA,
2023-03-30 00:00:00+05:00,18.77432989682204,18.780588150024414,18.77432989682204,18.780588150024414,51500.0,0.0,0.0,0.0,HMB.KA,
2023-03-31 00:00:00+05:00,18.786844420244126,18.786844420244126,18.211098316433617,18.44890594482422,66000.0,0.0,0.0,0.0,HMB.KA,
2023-04-03 00:00:00+05:00,18.44890594482422,18.44890594482422,18.44890594482422,18.44890594482422,0.0,0.0,0.0,0.0,HMB.KA,
2023-04-04 00:00:00+05:00,18.77432831051714,18.77432831051714,18.117227297104904,18.154775619506836,109500.0,0.0,0.0,0.0,HMB.KA,
2023-04-05 00:00:00+05:00,18.273678815604956,18.273678815604956,17.52270525575944,17.660383224487305,2727000.0,0.0,0.0,0.0,HMB.KA,
2023-04-06 00:00:00+05:00,17.95451561671877,18.148516667566774,17.773029877096093,18.123483657836914,123500.0,0.0,0.0,0.0,HMB.KA,
2023-04-07 00:00:00+05:00,18.14851943398163,18.14851943398163,17.898195266723633,17.898195266723633,7000.0,0.0,0.0,0.0,HMB.KA,
2023-04-10 00:00:00+05:00,18.455162706755594,18.455162706755594,17.979546294749973,18.01083755493164,3500.0,0.0,0.0,0.0,HMB.KA,
2023-04-11 00:00:00+05:00,18.755553152675077,18.755553152675077,17.835611514780854,17.973289489746094,83500.0,0.0,0.0,0.0,HMB.KA,
2023-04-12 00:00:00+05:00,17.848129418383618,18.05464699383334,17.52270742263262,17.5915470123291,320000.0,0.0,0.0,0.0,HMB.KA,
2023-04-13 00:00:00+05:00,17.960773169227323,18.073418127703157,17.52896331733151,17.55399513244629,720000.0,0.0,0.0,0.0,HMB.KA,
2023-04-14 00:00:00+05:00,17.55399513244629,17.55399513244629,17.55399513244629,17.55399513244629,0.0,0.0,0.0,0.0,HMB.KA,
2023-04-17 00:00:00+05:00,17.64786837130933,17.95451557800124,17.516447457790168,17.697933197021484,1691500.0,0.0,0.0,0.0,HMB.KA,
2023-04-18 00:00:00+05:00,17.69793338409466,17.835611357848492,17.685416879124418,17.8043212890625,1059500.0,0.0,0.0,0.0,HMB.KA,
2023-04-19 00:00:00+05:00,17.773030012222943,17.89819267454464,17.773030012222943,17.83561134338379,15000.0,0.0,0.0,0.0,HMB.KA,
2023-04-20 00:00:00+05:00,17.835610328727654,18.88697281277182,17.835610328727654,18.542776107788086,464500.0,0.0,0.0,0.0,HMB.KA,
2023-04-21 00:00:00+05:00,18.542776107788086,18.542776107788086,18.542776107788086,18.542776107788086,0.0,0.0,0.0,0.0,HMB.KA,
2023-04-24 00:00:00+05:00,18.542776107788086,18.542776107788086,18.542776107788086,18.542776107788086,0.0,0.0,0.0,0.0,HMB.KA,
2023-04-25 00:00:00+05:00,18.542776107788086,18.542776107788086,18.542776107788086,18.542776107788086,0.0,0.0,0.0,0.0,HMB.KA,
2023-04-26 00:00:00+05:00,18.699228781809115,19.012134225366857,18.65542221069336,18.65542221069336,68500.0,0.0,0.0,0.0,HMB.KA,
2023-04-27 00:00:00+05:00,18.774328118732452,18.774328118732452,18.524003982543945,18.524003982543945,25500.0,0.0,0.0,0.0,HMB.KA,
2023-04-28 00:00:00+05:00,18.154777030947024,18.774329770124357,18.154777030947024,18.592844009399414,44500.0,0.0,0.0,0.0,HMB.KA,
2023-05-01 00:00:00+05:00,18.592844009399414,18.592844009399414,18.592844009399414,18.592844009399414,0.0,0.0,0.0,0.0,HMB.KA,
2023-05-02 00:00:00+05:00,19.02465105310663,19.02465105310663,18.442646727209627,18.47393798828125,1037000.0,0.0,0.0,0.0,HMB.KA,
2023-05-03 00:00:00+05:00,18.461420069918415,18.47393657338844,18.411355249677772,18.430130004882812,234000.0,0.0,0.0,0.0,HMB.KA,
2023-05-04 00:00:00+05:00,18.70548969180279,18.71174794479993,18.58658646577621,18.60536003112793,564000.0,0.0,0.0,0.0,HMB.KA,
2023-05-05 00:00:00+05:00,18.711748170018055,19.149816335973014,18.154776776605377,19.043428421020508,3091000.0,0.0,0.0,0.0,HMB.KA,
2023-05-08 00:00:00+05:00,19.0246525812079,20.464018477847365,19.0246525812079,19.750593185424805,3141500.0,0.0,0.0,0.0,HMB.KA,
2023-05-09 00:00:00+05:00,19.74433461899541,20.025950018587654,19.40013908050679,19.900787353515625,72500.0,0.0,0.0,0.0,HMB.KA,
2023-05-10 00:00:00+05:00,19.40014143113546,20.326341445245152,19.40014143113546,19.856983184814453,64500.0,0.0,0.0,0.0,HMB.KA,
2023-05-11 00:00:00+05:00,19.66297848845803,19.713043312617508,19.400137863210883,19.487751007080078,4000.0,0.0,0.0,0.0,HMB.KA,
2023-05-12 00:00:00+05:00,19.494010013101757,19.494010013101757,19.40013861337785,19.406396865844727,6000.0,0.0,0.0,0.0,HMB.KA,
2023-05-15 00:00:00+05:00,19.40013964214022,19.93207919363652,19.38762313654274,19.713045120239258,7000.0,0.0,0.0,0.0,HMB.KA,
2023-05-16 00:00:00+05:00,20.019692345539553,20.025950598338294,19.412656147737707,19.713045120239258,122000.0,0.0,0.0,0.0,HMB.KA,
2023-05-17 00:00:00+05:00,19.412652628299664,19.706783294677734,19.400136124971375,19.706783294677734,67000.0,0.0,0.0,0.0,HMB.KA,
2023-05-18 00:00:00+05:00,19.443945052061533,19.443945052061533,19.15607260242083,19.187362670898438,32500.0,0.0,0.0,0.0,HMB.KA,
2023-05-19 00:00:00+05:00,19.62543166903436,19.688011808788037,18.78058665232352,18.912006378173828,31500.0,0.0,0.0,0.0,HMB.KA,
2023-05-22 00:00:00+05:00,19.12478282087822,19.12478282087822,18.930781755291047,19.087234497070312,109500.0,0.0,0.0,0.0,HMB.KA,
2023-05-23 00:00:00+05:00,19.19988250732422,19.19988250732422,19.19362425381484,19.19988250732422,2000.0,0.0,0.0,0.0,HMB.KA,
2023-05-24 00:00:00+05:00,18.786847582775206,19.206141024542188,18.77433107558459,18.79936408996582,539000.0,0.0,0.0,0.0,HMB.KA,
2023-05-25 00:00:00+05:00,18.617876916208647,19.393882399059233,18.617876916208647,19.181106567382812,78000.0,0.0,0.0,0.0,HMB.KA,
2023-05-26 00:00:00+05:00,19.274975090272484,19.300008099021717,18.930779575447445,19.20613670349121,366500.0,0.0,0.0,0.0,HMB.KA,
2023-05-29 00:00:00+05:00,19.26871881274454,19.337557202316045,18.962070411334842,19.074716567993164,73000.0,0.0,0.0,0.0,HMB.KA,
2023-05-30 00:00:00+05:00,18.774327587138043,18.93078031703086,17.83561120778114,18.123483657836914,447500.0,0.0,0.0,0.0,HMB.KA,
2023-05-31 00:00:00+05:00,18.14851526401369,18.14851526401369,17.998320798168937,18.048385620117188,74500.0,0.0,0.0,0.0,HMB.KA,
2023-06-01 00:00:00+05:00,18.029613193539262,18.148517608642578,18.029613193539262,18.148517608642578,34000.0,0.0,0.0,0.0,HMB.KA,
2023-06-02 00:00:00+05:00,18.148518512409417,18.30497125820605,18.02335583831622,18.23613166809082,13000.0,0.0,0.0,0.0,HMB.KA,
2023-06-05 00:00:00+05:00,18.330003963644568,18.39258410600388,18.330003963644568,18.35503578186035,4000.0,0.0,0.0,0.0,HMB.KA,
2023-06-06 00:00:00+05:00,18.17980725085007,18.549035799342978,18.17980725085007,18.524003982543945,16500.0,0.0,0.0,0.0,HMB.KA,
2023-06-07 00:00:00+05:00,18.30497169494629,18.461424444475742,18.279938682074494,18.30497169494629,37500.0,0.0,0.0,0.0,HMB.KA,
2023-06-08 00:00:00+05:00,18.3237441835732,18.3237441835732,18.060903549194336,18.060903549194336,41000.0,0.0,0.0,0.0,HMB.KA,
2023-06-09 00:00:00+05:00,18.148517850618745,18.167292609140013,18.054646445291755,18.14225959777832,22500.0,0.0,0.0,0.0,HMB.KA,
2023-06-12 00:00:00+05:00,18.148517608642578,18.148517608642578,18.148517608642578,18.148517608642578,11000.0,0.0,0.0,0.0,HMB.KA,
2023-06-13 00:00:00+05:00,18.148517608642578,18.148517608642578,18.148517608642578,18.148517608642578,500.0,0.0,0.0,0.0,HMB.KA,
2023-06-14 00:00:00+05:00,18.15477586139956,18.15477586139956,18.148517608642578,18.148517608642578,8500.0,0.0,0.0,0.0,HMB.KA,
2023-06-15 00:00:00+05:00,18.11722755432129,18.11722755432129,18.11722755432129,18.11722755432129,2000.0,0.0,0.0,0.0,HMB.KA,
2023-06-16 00:00:00+05:00,18.11722755432129,18.11722755432129,18.11722755432129,18.11722755432129,10500.0,0.0,0.0,0.0,HMB.KA,
2023-06-19 00:00:00+05:00,18.08593621018276,18.08593621018276,17.810579058056366,17.816837310791016,25000.0,0.0,0.0,0.0,HMB.KA,
2023-06-20 00:00:00+05:00,17.397545382623935,17.83561356159264,17.397545382623935,17.71670913696289,44500.0,0.0,0.0,0.0,HMB.KA,
2023-06-21 00:00:00+05:00,17.835611154828886,17.960773815827384,17.20980023711559,17.22231674194336,195500.0,0.0,0.0,0.0,HMB.KA,
2023-06-22 00:00:00+05:00,17.222316538664252,17.816836187290868,17.103412131483097,17.147218704223633,26500.0,0.0,0.0,0.0,HMB.KA,
2023-06-23 00:00:00+05:00,17.69793281340469,18.43638867824248,17.52270533039054,18.023353576660156,59000.0,0.0,0.0,0.0,HMB.KA,
2023-06-26 00:00:00+05:00,18.054643256258274,18.58658271733975,18.04838500452326,18.430130004882812,99500.0,0.0,0.0,0.0,HMB.KA,
2023-06-27 00:00:00+05:00,19.39388109357093,19.806916222871404,18.223615291766144,18.912006378173828,454000.0,0.0,0.0,0.0,HMB.KA,
2023-06-28 00:00:00+05:00,18.912006378173828,18.912006378173828,18.912006378173828,18.912006378173828,0.0,0.0,0.0,0.0,HMB.KA,
2023-06-29 00:00:00+05:00,18.912006378173828,18.912006378173828,18.912006378173828,18.912006378173828,0.0,0.0,0.0,0.0,HMB.KA,
2023-06-30 00:00:00+05:00,18.912006378173828,18.912006378173828,18.912006378173828,18.912006378173828,0.0,0.0,0.0,0.0,HMB.KA,
2023-07-03 00:00:00+05:00,19.537817622793515,19.775626454587,19.462720976487965,19.713045120239258,115000.0,0.0,0.0,0.0,HMB.KA,
2023-07-04 00:00:00+05:00,20.02595269437842,20.02595269437842,18.96207348003365,19.093494415283203,222000.0,0.0,0.0,0.0,HMB.KA,
2023-07-05 00:00:00+05:00,18.868197320663246,18.93077864582362,18.48019525322002,18.56155014038086,845000.0,0.0,0.0,0.0,HMB.KA,
2023-07-06 00:00:00+05:00,18.774330139160156,18.930782890319826,18.711748799968337,18.774330139160156,1118500.0,0.0,0.0,0.0,HMB.KA,
2023-07-07 00:00:00+05:00,19.012137795721355,19.08723564147949,18.75555537931068,18.774330139160156,1528500.0,0.0,0.0,0.0,HMB.KA,
2023-07-10 00:00:00+05:00,18.930779958222836,20.151111705712868,18.836908560794274,19.925819396972656,3118500.0,0.0,0.0,0.0,HMB.KA,
2023-07-11 00:00:00+05:00,20.02594797409928,20.338853411194584,19.525299752202606,20.207433700561523,307500.0,0.0,0.0,0.0,HMB.KA,
2023-07-12 00:00:00+05:00,20.63924414954301,20.902085981077608,20.088529863648954,20.49530792236328,83500.0,0.0,0.0,0.0,HMB.KA,
2023-07-13 00:00:00+05:00,20.65175968175723,21.083568342955306,20.401434367066706,20.520339965820312,240500.0,0.0,0.0,0.0,HMB.KA,
2023-07-14 00:00:00+05:00,20.639241380098568,20.639241380098568,20.18239974975586,20.18239974975586,27000.0,0.0,0.0,0.0,HMB.KA,
2023-07-17 00:00:00+05:00,20.401435883091583,20.65176121638371,20.02595027043269,20.338855743408203,51000.0,0.0,0.0,0.0,HMB.KA,
2023-07-18 00:00:00+05:00,20.63924622235305,20.63924622235305,20.0259517368845,20.238727569580078,19000.0,0.0,0.0,0.0,HMB.KA,
2023-07-19 00:00:00+05:00,20.182401789783952,20.964665425046896,20.182401789783952,20.939632415771484,190000.0,0.0,0.0,0.0,HMB.KA,
2023-07-20 00:00:00+05:00,20.964666280604533,21.283828806413847,20.964666280604533,21.139892578125,113000.0,0.0,0.0,0.0,HMB.KA,
2023-07-21 00:00:00+05:00,21.709381591761755,22.21628933459132,21.02724754205355,21.684350967407227,393000.0,0.0,0.0,0.0,HMB.KA,
2023-07-24 00:00:00+05:00,21.59047720269987,21.771962946336252,20.808213535935383,21.158668518066406,70500.0,0.0,0.0,0.0,HMB.KA,
2023-07-25 00:00:00+05:00,21.465315586792876,21.903383739029337,21.214992633571594,21.890867233276367,657500.0,0.0,0.0,0.0,HMB.KA,
2023-07-26 00:00:00+05:00,21.903384206498803,22.028546879420393,21.653058860655616,21.90964126586914,145500.0,0.0,0.0,0.0,HMB.KA,
2023-07-27 00:00:00+05:00,21.90964126586914,21.90964126586914,21.90964126586914,21.90964126586914,0.0,0.0,0.0,0.0,HMB.KA,
2023-07-28 00:00:00+05:00,21.90964126586914,21.90964126586914,21.90964126586914,21.90964126586914,0.0,0.0,0.0,0.0,HMB.KA,
2023-07-31 00:00:00+05:00,22.21629115596294,23.161264743461444,22.21629115596294,22.648099899291992,1569000.0,0.0,0.0,0.0,HMB.KA,
2023-08-01 00:00:00+05:00,22.529191138039174,22.529191138039174,22.12241312091298,22.216285705566406,121500.0,0.0,0.0,0.0,HMB.KA,
2023-08-02 00:00:00+05:00,22.516678328105655,22.529194833931367,22.216289350126765,22.522937774658203,183000.0,0.0,0.0,0.0,HMB.KA,
2023-08-03 00:00:00+05:00,22.529192416665083,22.967260524444953,22.529192416665083,22.598031997680664,926500.0,0.0,0.0,0.0,HMB.KA,
2023-08-04 00:00:00+05:00,22.598033463655156,22.84209934870402,22.435321282103057,22.529193878173828,323500.0,0.0,0.0,0.0,HMB.KA,
2023-08-07 00:00:00+05:00,22.591774017368152,22.84209934870402,22.529193878173828,22.529193878173828,275500.0,0.0,0.0,0.0,HMB.KA,
2023-08-08 00:00:00+05:00,22.779520529670524,22.779520529670524,21.8908677004787,21.90964126586914,253000.0,0.0,0.0,0.0,HMB.KA,
2023-08-09 00:00:00+05:00,21.922156501415884,23.02984215356628,21.909639996121165,22.529193878173828,205500.0,0.0,0.0,0.0,HMB.KA,
2023-08-10 00:00:00+05:00,23.148746631209946,23.148746631209946,21.590476413567053,21.80950927734375,1180000.0,0.0,0.0,0.0,HMB.KA,
2023-08-11 00:00:00+05:00,22.091128156163187,22.522939280543262,22.05983808314655,22.404033660888672,36000.0,0.0,0.0,0.0,HMB.KA,
2023-08-14 00:00:00+05:00,22.40403366088867,22.40403366088867,22.40403366088867,22.404033660888672,0.0,0.0,0.0,0.0,HMB.KA,
2023-08-15 00:00:00+05:00,22.52919393593055,22.835842348239158,22.404031269941743,22.416547775268555,107000.0,0.0,0.0,0.0,HMB.KA,
2023-08-16 00:00:00+05:00,22.59177399043704,22.83584226247424,22.529193851317316,22.579259872436523,14500.0,0.0,0.0,0.0,HMB.KA,
2023-08-17 00:00:00+05:00,22.560484793632355,22.779520063583362,22.560484793632355,22.729454040527344,2013500.0,0.0,0.0,0.0,HMB.KA,
2023-08-18 00:00:00+05:00,22.81081065485722,22.81081065485722,22.37274249223862,22.65435791015625,2051500.0,0.0,0.0,0.0,HMB.KA,
2023-08-21 00:00:00+05:00,22.842100205124005,23.036102463547003,22.654357393222696,22.729454040527344,174000.0,0.0,0.0,0.0,HMB.KA,
2023-08-22 00:00:00+05:00,22.654354083581207,22.998549586328966,22.529191431505925,22.685644149780273,24500.0,0.0,0.0,0.0,HMB.KA,
2023-08-23 00:00:00+05:00,22.685648124033037,23.311459106764982,22.52919537835005,23.23636245727539,62500.0,0.0,0.0,0.0,HMB.KA,
2023-08-24 00:00:00+05:00,23.77455706117826,24.031139433821288,23.467908670810193,23.899717330932617,587500.0,0.0,0.0,0.0,HMB.KA,
2023-08-25 00:00:00+05:00,25.689540863037113,25.689540863037113,25.689540863037113,25.68954086303711,1606000.0,0.0,0.0,0.0,HMB.KA,
2023-08-28 00:00:00+05:00,27.61703358037106,27.61703358037106,26.909866648835646,27.34793472290039,2807500.0,0.0,0.0,0.0,HMB.KA,
2023-08-29 00:00:00+05:00,27.504391984880424,27.504391984880424,26.60322268066917,26.916128158569336,2232500.0,0.0,0.0,0.0,HMB.KA,
2023-08-30 00:00:00+05:00,26.78470658793178,27.09761204430313,26.72212645156918,26.790966033935547,276500.0,0.0,0.0,0.0,HMB.KA,
2023-08-31 00:00:00+05:00,26.90987147355539,26.90987147355539,25.658249544552813,26.227737426757812,437500.0,0.0,0.0,0.0,HMB.KA,
2023-09-01 00:00:00+05:00,26.284056519154294,26.847287256619207,25.971151084402457,26.64702796936035,536500.0,0.0,0.0,0.0,HMB.KA,
2023-09-04 00:00:00+05:00,26.235766042073568,27.568827344287612,26.235766042073568,26.590303421020508,165500.0,5.0,0.0,0.0,HMB.KA,
2023-09-05 00:00:00+05:00,26.59030260907403,26.80302448896553,25.73941238460257,26.008861541748047,125500.0,0.0,0.0,0.0,HMB.KA,
2023-09-06 00:00:00+05:00,26.55484770152661,26.55484770152661,25.675593895104562,26.235763549804688,31500.0,0.0,0.0,0.0,HMB.KA,
2023-09-07 00:00:00+05:00,26.235769417023697,26.235769417023697,25.547965947818327,25.867050170898438,161000.0,0.0,0.0,0.0,HMB.KA,
2023-09-08 00:00:00+05:00,25.881230365032156,26.242857325179568,25.881230365032156,26.0443172454834,97000.0,0.0,0.0,0.0,HMB.KA,
2023-09-11 00:00:00+05:00,26.058498496495435,26.164860796810743,25.526692404730223,25.68977928161621,362500.0,0.0,0.0,0.0,HMB.KA,
2023-09-12 00:00:00+05:00,25.87414346238631,25.87414346238631,25.172158143712863,25.38488006591797,178500.0,0.0,0.0,0.0,HMB.KA,
2023-09-13 00:00:00+05:00,25.136703410517775,25.69687317864959,25.136703410517775,25.51251220703125,29000.0,0.0,0.0,0.0,HMB.KA,
2023-09-14 00:00:00+05:00,25.285606895447707,26.349219080121454,25.285606895447707,26.27831268310547,140000.0,0.0,0.0,0.0,HMB.KA,
2023-09-15 00:00:00+05:00,25.668509990002153,26.21449794651755,25.668509990002153,25.916685104370117,70000.0,0.0,0.0,0.0,HMB.KA,
2023-09-18 00:00:00+05:00,25.881232138899396,25.881232138899396,25.42033240240869,25.824504852294922,149000.0,0.0,0.0,0.0,HMB.KA,
2023-09-19 00:00:00+05:00,26.235766437802386,26.235766437802386,25.597598064109825,25.696870803833008,209500.0,0.0,0.0,0.0,HMB.KA,
2023-09-20 00:00:00+05:00,25.001975124478452,26.01595225890637,25.001975124478452,25.75359535217285,28000.0,0.0,0.0,0.0,HMB.KA,
2023-09-21 00:00:00+05:00,26.164857246921358,26.44848550110511,25.52668894142365,25.810319900512695,112000.0,0.0,0.0,0.0,HMB.KA,
2023-09-22 00:00:00+05:00,25.703959333236867,26.129403095411014,25.45578425611953,25.647232055664062,326500.0,0.0,0.0,0.0,HMB.KA,
2023-09-25 00:00:00+05:00,25.52669029065139,25.88122765579933,25.52669029065139,25.781957626342773,20000.0,0.0,0.0,0.0,HMB.KA,
2023-09-26 00:00:00+05:00,25.881227493286133,25.881227493286133,25.881227493286133,25.881227493286133,8000.0,0.0,0.0,0.0,HMB.KA,
2023-09-27 00:00:00+05:00,25.668507707576897,26.214495615543438,25.668507707576897,26.10813331604004,64500.0,0.0,0.0,0.0,HMB.KA,
2023-09-28 00:00:00+05:00,26.10813331604004,26.10813331604004,26.10813331604004,26.10813331604004,0.0,0.0,0.0,0.0,HMB.KA,
2023-09-29 00:00:00+05:00,26.10813331604004,26.10813331604004,26.10813331604004,26.10813331604004,0.0,0.0,0.0,0.0,HMB.KA,
2023-10-02 00:00:00+05:00,26.22867529910781,26.22867529910781,25.87413793618608,25.881227493286133,19500.0,0.0,0.0,0.0,HMB.KA,
2023-10-03 00:00:00+05:00,25.95213388390831,26.023042979435907,25.810321102663952,25.881227493286133,135000.0,0.0,0.0,0.0,HMB.KA,
2023-10-04 00:00:00+05:00,26.0230416259597,26.512302187578957,25.881226147185846,26.228673934936523,3686000.0,0.0,0.0,0.0,HMB.KA,
2023-10-05 00:00:00+05:00,26.306673618968468,26.413035919398105,26.17195038267583,26.27831268310547,513500.0,0.0,0.0,0.0,HMB.KA,
2023-10-06 00:00:00+05:00,26.271222383878037,26.413037893414455,26.2357691827204,26.285404205322266,109500.0,0.0,0.0,0.0,HMB.KA,
2023-10-09 00:00:00+05:00,26.235770846217765,26.413039568151667,26.093955327689432,26.377586364746094,502000.0,0.0,0.0,0.0,HMB.KA,
2023-10-10 00:00:00+05:00,26.335036075393823,26.923569422800405,26.242855599494067,26.590303421020508,1205500.0,0.0,0.0,0.0,HMB.KA,
2023-10-11 00:00:00+05:00,26.597392353560277,26.944840166923758,26.377580914916983,26.611574172973633,476500.0,0.0,0.0,0.0,HMB.KA,
2023-10-12 00:00:00+05:00,26.54066710176841,26.944839477539062,26.54066710176841,26.944839477539062,363000.0,0.0,0.0,0.0,HMB.KA,
2023-10-13 00:00:00+05:00,26.951932776271327,27.611372576688513,26.59030580744857,27.32065200805664,463000.0,0.0,0.0,0.0,HMB.KA,
2023-10-16 00:00:00+05:00,28.221177821392175,28.221177821392175,27.299381079180243,27.398651123046875,90000.0,0.0,0.0,0.0,HMB.KA,
2023-10-17 00:00:00+05:00,27.583012330416427,27.583012330416427,27.299381312737335,27.30647087097168,50500.0,0.0,0.0,0.0,HMB.KA,
2023-10-18 00:00:00+05:00,27.56882852567462,27.583010346028882,27.02284061411084,27.299379348754883,34000.0,0.0,0.0,0.0,HMB.KA,
2023-10-19 00:00:00+05:00,27.547555722211925,27.79573353258039,27.015749606301227,27.583011627197266,178500.0,0.0,0.0,0.0,HMB.KA,
2023-10-20 00:00:00+05:00,27.653913965079706,28.292082292389853,27.653913965079706,28.050996780395508,369500.0,0.0,0.0,0.0,HMB.KA,
2023-10-23 00:00:00+05:00,28.362993240356445,28.859346163043845,27.902093518238324,28.362993240356445,434000.0,0.0,0.0,0.0,HMB.KA,
2023-10-24 00:00:00+05:00,28.611167789084316,28.611167789084316,27.731916530594923,28.008455276489258,70500.0,0.0,0.0,0.0,HMB.KA,
2023-10-25 00:00:00+05:00,28.35590265283464,29.072067015997025,28.35590265283464,28.575714111328125,384000.0,0.0,0.0,0.0,HMB.KA,
2023-10-26 00:00:00+05:00,28.50480771276359,29.06497745810286,28.433898609293337,28.575714111328125,221500.0,0.0,0.0,0.0,HMB.KA,
2023-10-27 00:00:00+05:00,28.717534699285707,30.13568456097883,28.68208149372462,29.46206283569336,644000.0,0.0,0.0,0.0,HMB.KA,
2023-10-30 00:00:00+05:00,29.66059870646327,29.66059870646327,28.937342121863345,29.072065353393555,437000.0,0.0,0.0,0.0,HMB.KA,
2023-10-31 00:00:00+05:00,29.22096598888298,30.064766562519047,29.22096598888298,29.788225173950195,360000.0,0.0,0.0,0.0,HMB.KA,
2023-11-01 00:00:00+05:00,29.78113613600965,30.63202628087668,29.78113613600965,30.504392623901367,663000.0,0.0,0.0,0.0,HMB.KA,
2023-11-02 00:00:00+05:00,30.49730325424029,30.667482381312333,30.348398208618164,30.348398208618164,63000.0,0.0,0.0,0.0,HMB.KA,
2023-11-03 00:00:00+05:00,30.454760438704156,30.802205544443346,30.454760438704156,30.66039276123047,142000.0,0.0,0.0,0.0,HMB.KA,
2023-11-06 00:00:00+05:00,30.795114970916405,31.837455663544613,30.490212628241558,31.56800651550293,354500.0,0.0,0.0,0.0,HMB.KA,
2023-11-07 00:00:00+05:00,31.872906963858092,32.97197216159695,31.872906963858092,32.26289749145508,1407000.0,0.0,0.0,0.0,HMB.KA,
2023-11-08 00:00:00+05:00,32.581986174785655,33.24142592631277,32.3338083827056,33.21306228637695,1181000.0,0.0,0.0,0.0,HMB.KA,
2023-11-09 00:00:00+05:00,33.21306228637695,33.21306228637695,33.21306228637695,33.21306228637695,0.0,0.0,0.0,0.0,HMB.KA,
2023-11-10 00:00:00+05:00,32.794705805951345,33.80868287212779,32.61743712591918,33.404510498046875,380500.0,0.0,0.0,0.0,HMB.KA,
2023-11-13 00:00:00+05:00,33.67396100406927,34.03558793572796,33.326513187066965,34.01431655883789,354500.0,0.0,0.0,0.0,HMB.KA,
2023-11-14 00:00:00+05:00,33.404512798585365,33.68105152569566,33.04997541410436,33.21306228637695,529000.0,0.0,0.0,0.0,HMB.KA,
2023-11-15 00:00:00+05:00,32.971978428131834,33.31942627269432,32.61744102567881,33.042884826660156,1357500.0,0.0,0.0,0.0,HMB.KA,
2023-11-16 00:00:00+05:00,32.61743773568394,33.43287476103822,32.61743773568394,33.38323974609375,257000.0,0.0,0.0,0.0,HMB.KA,
2023-11-17 00:00:00+05:00,32.97906707717419,33.14924621582031,32.971977519479026,33.14924621582031,38000.0,0.0,0.0,0.0,HMB.KA,
2023-11-20 00:00:00+05:00,32.6954385027745,32.98615905405986,32.624529401908795,32.97197723388672,255000.0,0.0,0.0,0.0,HMB.KA,
2023-11-21 00:00:00+05:00,33.106701597098976,33.688142719496604,32.97197835821854,33.681053161621094,2571000.0,0.0,0.0,0.0,HMB.KA,
2023-11-22 00:00:00+05:00,33.681055372077225,34.74466764698493,33.326517947107995,34.12777328491211,2169000.0,0.0,0.0,0.0,HMB.KA,
2023-11-23 00:00:00+05:00,34.03559032201045,36.68753125809227,34.03559032201045,36.68043899536133,400500.0,0.0,0.0,0.0,HMB.KA,
2023-11-24 00:00:00+05:00,37.22642579256745,37.58096318106809,36.37553551918479,36.94279479980469,797000.0,0.0,0.0,0.0,HMB.KA,
2023-11-27 00:00:00+05:00,36.69461609539543,37.58095947934218,36.16281006502738,37.481689453125,150000.0,0.0,0.0,0.0,HMB.KA,
2023-11-28 00:00:00+05:00,38.219131588170946,38.921114103129675,37.65186960226191,38.495670318603516,357000.0,0.0,0.0,0.0,HMB.KA,
2023-11-29 00:00:00+05:00,38.92820470674232,38.92820470674232,37.36823972178097,37.708595275878906,168000.0,0.0,0.0,0.0,HMB.KA,
2023-11-30 00:00:00+05:00,37.75823182879754,37.86459412717893,36.878977916240785,37.580963134765625,664000.0,0.0,0.0,0.0,HMB.KA,
2023-12-01 00:00:00+05:00,37.013702577386915,38.99911134104061,37.013702577386915,38.89984130859375,1394000.0,0.0,0.0,0.0,HMB.KA,
2023-12-04 00:00:00+05:00,38.999115990253145,39.70819082643956,38.29713071227002,38.516944885253906,400000.0,0.0,0.0,0.0,HMB.KA,
2023-12-05 00:00:00+05:00,37.94259177646365,38.942387147298206,37.94259177646365,38.64457702636719,115500.0,0.0,0.0,0.0,HMB.KA,
2023-12-06 00:00:00+05:00,38.97784162014145,39.71527733746673,38.68002880524196,39.04874801635742,218500.0,0.0,0.0,0.0,HMB.KA,
2023-12-07 00:00:00+05:00,38.72257529997572,41.473786284133794,38.72257529997572,41.42414855957031,576500.0,0.0,0.0,0.0,HMB.KA,
2023-12-08 00:00:00+05:00,41.76450570503484,42.54448688258668,40.77888948680086,42.267948150634766,485500.0,0.0,0.0,0.0,HMB.KA,
2023-12-11 00:00:00+05:00,42.260860061003974,42.544491083523155,41.8354162321311,42.06941223144531,133500.0,0.0,0.0,0.0,HMB.KA,
2023-12-12 00:00:00+05:00,42.012679147876284,42.36721652465162,41.1617889026344,42.119041442871094,54500.0,0.0,0.0,0.0,HMB.KA,
2023-12-13 00:00:00+05:00,42.53030106550499,42.54448288438843,40.77179609753892,41.03415298461914,278500.0,0.0,0.0,0.0,HMB.KA,
2023-12-14 00:00:00+05:00,40.45271409716652,40.77179827683591,39.743639344525896,40.50944137573242,331000.0,0.0,0.0,0.0,HMB.KA,
2023-12-15 00:00:00+05:00,40.417262457113345,40.75761802690037,39.360739844830334,40.06272506713867,162500.0,0.0,0.0,0.0,HMB.KA,
2023-12-18 00:00:00+05:00,40.06272412053426,40.38180830495326,37.588052006824235,38.29712677001953,155000.0,0.0,0.0,0.0,HMB.KA,
2023-12-19 00:00:00+05:00,37.588055259738894,37.921321292851694,36.69462217095251,36.91443634033203,434000.0,0.0,0.0,0.0,HMB.KA,
2023-12-20 00:00:00+05:00,36.91443971064687,37.580969132821295,36.16281935422427,36.83644104003906,285000.0,0.0,0.0,0.0,HMB.KA,
2023-12-21 00:00:00+05:00,36.524439425671694,36.87188724564486,36.16281249092091,36.49607849121094,169500.0,0.0,0.0,0.0,HMB.KA,
2023-12-22 00:00:00+05:00,36.53153103073951,37.21933439601746,36.24081049472917,36.893157958984375,323500.0,0.0,0.0,0.0,HMB.KA,
2023-12-25 00:00:00+05:00,36.893157958984375,36.893157958984375,36.893157958984375,36.893157958984375,0.0,0.0,0.0,0.0,HMB.KA,
2023-12-26 00:00:00+05:00,36.94279536773676,37.36824186342141,35.950092287617224,36.2691764831543,117000.0,0.0,0.0,0.0,HMB.KA,
2023-12-27 00:00:00+05:00,36.162813582510324,37.580963134765625,36.162813582510324,37.580963134765625,233500.0,0.0,0.0,0.0,HMB.KA,
2023-12-28 00:00:00+05:00,37.93550073511883,38.98493108507176,37.58096334507099,38.453125,267000.0,0.0,0.0,0.0,HMB.KA,
2023-12-29 00:00:00+05:00,38.64457588937543,39.67273487145004,38.64457588937543,39.226016998291016,118000.0,0.0,0.0,0.0,HMB.KA,
2024-01-01 00:00:00+05:00,39.69400895139933,40.41726560791922,38.360947503799586,39.750736236572266,172500.0,0.0,0.0,0.0,HMB.KA,
2024-01-02 00:00:00+05:00,40.38180679440136,40.39598861372344,39.708185253582705,39.715274810791016,50500.0,0.0,0.0,0.0,HMB.KA,
2024-01-03 00:00:00+05:00,40.26835869696539,40.26835869696539,39.07711281196431,39.70109939575195,239000.0,0.0,0.0,0.0,HMB.KA,
2024-01-04 00:00:00+05:00,40.190360035878726,40.190360035878726,39.03456735003366,39.70109939575195,30000.0,0.0,0.0,0.0,HMB.KA,
2024-01-05 00:00:00+05:00,40.048540361807476,40.048540361807476,38.98492826850729,39.26146697998047,42500.0,0.0,0.0,0.0,HMB.KA,
2024-01-08 00:00:00+05:00,38.077315600890145,40.034360771352716,38.077315600890145,39.05583953857422,78500.0,0.0,0.0,0.0,HMB.KA,
2024-01-09 00:00:00+05:00,39.67273131684775,39.67982087392367,38.38221553659895,39.084197998046875,29500.0,0.0,0.0,0.0,HMB.KA,
2024-01-10 00:00:00+05:00,38.99911087941906,39.481281921229765,38.76511491578791,38.821842193603516,46500.0,0.0,0.0,0.0,HMB.KA,
2024-01-11 00:00:00+05:00,38.82184631558353,39.708189838770366,38.48149072726848,39.65146255493164,135000.0,0.0,0.0,0.0,HMB.KA,
2024-01-12 00:00:00+05:00,40.12654132559146,40.12654132559146,39.03456553107415,39.708187103271484,20500.0,0.0,0.0,0.0,HMB.KA,
2024-01-15 00:00:00+05:00,39.70818605530133,39.70818605530133,38.99911130431381,39.27565002441406,38500.0,0.0,0.0,0.0,HMB.KA,
2024-01-16 00:00:00+05:00,39.02747632798053,39.52382921226038,38.786390795896345,39.1905632019043,242500.0,0.0,0.0,0.0,HMB.KA,
2024-01-17 00:00:00+05:00,38.72257517084745,39.353651308596795,38.71548290811673,38.942386627197266,22000.0,0.0,0.0,0.0,HMB.KA,
2024-01-18 00:00:00+05:00,38.9991123335702,40.204539983043496,38.644574948719566,39.708187103271484,931000.0,0.0,0.0,0.0,HMB.KA,
2024-01-19 00:00:00+05:00,41.041248380020164,41.041248380020164,39.96345440673725,40.0839958190918,172000.0,0.0,0.0,0.0,HMB.KA,
2024-01-22 00:00:00+05:00,40.06272185476203,40.927793882505384,40.06272185476203,40.417259216308594,18500.0,0.0,0.0,0.0,HMB.KA,
2024-01-23 00:00:00+05:00,41.05543290806287,41.5801467568962,40.06981664218935,40.927799224853516,1030500.0,0.0,0.0,0.0,HMB.KA,
2024-01-24 00:00:00+05:00,40.94906582639684,42.36721529224609,40.771797143165685,42.1048583984375,179500.0,0.0,0.0,0.0,HMB.KA,
2024-01-25 00:00:00+05:00,41.83541176692397,42.544486542634544,40.06272482764753,42.466487884521484,301500.0,0.0,0.0,0.0,HMB.KA,
2024-01-26 00:00:00+05:00,43.14011121016113,43.60101091500766,41.835413461800286,43.21101760864258,1263000.0,0.0,0.0,0.0,HMB.KA,
2024-01-29 00:00:00+05:00,43.25355961747462,43.96263436530207,42.54448486964717,42.63666534423828,632500.0,0.0,0.0,0.0,HMB.KA,
2024-01-30 00:00:00+05:00,43.069200939282275,43.0762904965307,41.835409700334345,42.182857513427734,59000.0,0.0,0.0,0.0,HMB.KA,
2024-01-31 00:00:00+05:00,43.16137543961573,43.18264951956097,42.12612704578981,42.537391662597656,80500.0,0.0,0.0,0.0,HMB.KA,
2024-02-01 00:00:00+05:00,42.54448731265482,42.54448731265482,42.1899499183827,42.402671813964844,55000.0,0.0,0.0,0.0,HMB.KA,
2024-02-02 00:00:00+05:00,42.26085947190761,42.693395558012355,42.18995306971917,42.68630599975586,142500.0,0.0,0.0,0.0,HMB.KA,
2024-02-06 00:00:00+05:00,43.25356400634634,43.402469069321945,42.54448918657017,43.3102912902832,172000.0,0.0,0.0,0.0,HMB.KA,
2024-02-07 00:00:00+05:00,43.544277952877515,43.60809478514956,42.79265778444071,43.48046112060547,148500.0,0.0,0.0,0.0,HMB.KA,
2024-02-08 00:00:00+05:00,43.48046112060547,43.48046112060547,43.48046112060547,43.48046112060547,0.0,0.0,0.0,0.0,HMB.KA,
2024-02-09 00:00:00+05:00,41.239788688947655,42.8990237659423,40.21872198960694,42.82811737060547,240000.0,0.0,0.0,0.0,HMB.KA,
2024-02-12 00:00:00+05:00,42.01268219099645,42.54448829467995,41.83541348976861,41.920501708984375,77500.0,0.0,0.0,0.0,HMB.KA,
2024-02-13 00:00:00+05:00,41.835411071777344,42.33176394750836,41.133425865329755,41.835411071777344,76500.0,0.0,0.0,0.0,HMB.KA,
2024-02-14 00:00:00+05:00,41.8850471979579,42.7501192984271,41.48087478820883,41.573055267333984,69500.0,0.0,0.0,0.0,HMB.KA,
2024-02-15 00:00:00+05:00,41.84249969911109,43.32446603097403,41.69359465117357,41.998497009277344,89000.0,0.0,0.0,0.0,HMB.KA,
2024-02-16 00:00:00+05:00,41.99849954458992,42.46648879843418,40.94906917854236,41.33197021484375,371000.0,0.0,0.0,0.0,HMB.KA,
2024-02-19 00:00:00+05:00,41.48087036470966,41.82831816134165,40.7717956576206,40.89942932128906,99000.0,0.0,0.0,0.0,HMB.KA,
2024-02-20 00:00:00+05:00,41.12633750320198,41.268153001090695,40.41726271866401,40.559078216552734,143000.0,0.0,0.0,0.0,HMB.KA,
2024-02-21 00:00:00+05:00,41.480874577143474,41.480874577143474,40.42435196613126,40.70089340209961,45500.0,0.0,0.0,0.0,HMB.KA,
2024-02-22 00:00:00+05:00,40.80725144801582,41.03415515232675,40.41726087528801,40.566165924072266,15500.0,0.0,0.0,0.0,HMB.KA,
2024-02-23 00:00:00+05:00,40.59453091230203,41.30360568806276,40.41726221836184,41.11924743652344,756000.0,0.0,0.0,0.0,HMB.KA,
2024-02-26 00:00:00+05:00,40.59453285151514,41.126338958740234,40.59453285151514,41.126338958740234,215000.0,0.0,0.0,0.0,HMB.KA,
2024-02-27 00:00:00+05:00,40.949069912248866,41.82832385896476,40.949069912248866,41.32487869262695,153500.0,0.0,0.0,0.0,HMB.KA,
2024-02-28 00:00:00+05:00,41.40996912684106,41.82832336425781,41.32487820387429,41.82832336425781,28000.0,0.0,0.0,0.0,HMB.KA,
2024-02-29 00:00:00+05:00,41.83540802479656,42.45230226711073,41.658139346725385,42.090675354003906,63000.0,0.0,0.0,0.0,HMB.KA,
2024-03-01 00:00:00+05:00,42.154492154581646,42.90610961789834,41.90631438252556,42.84229278564453,463500.0,0.0,0.0,0.0,HMB.KA,
2024-03-04 00:00:00+05:00,42.26085608477253,42.3672183844363,41.83541229592873,41.84959411621094,127000.0,0.0,0.0,0.0,HMB.KA,
2024-03-05 00:00:00+05:00,41.51632477495753,42.246673583984375,41.23978606387876,42.246673583984375,27500.0,0.0,0.0,0.0,HMB.KA,
2024-03-06 00:00:00+05:00,41.83540800286796,42.367214036802714,41.83540800286796,42.14739990234375,78000.0,0.0,0.0,0.0,HMB.KA,
2024-03-07 00:00:00+05:00,42.18994735049448,42.18994735049448,41.69359448774286,42.0977668762207,151500.0,0.0,0.0,0.0,HMB.KA,
2024-03-08 00:00:00+05:00,42.53739997812459,42.53739997812459,41.91341337421971,41.93468475341797,66500.0,0.0,0.0,0.0,HMB.KA,
2024-03-11 00:00:00+05:00,42.473585796346626,42.473585796346626,41.53051492086103,41.8637809753418,58000.0,0.0,0.0,0.0,HMB.KA,
2024-03-12 00:00:00+05:00,41.658146035211345,42.182862596707025,41.48087732867853,41.877960205078125,16500.0,0.0,0.0,0.0,HMB.KA,
2024-03-13 00:00:00+05:00,41.83540892212012,41.90631531290731,41.66522979736328,41.66522979736328,44500.0,0.0,0.0,0.0,HMB.KA,
2024-03-14 00:00:00+05:00,41.835416288873645,41.835416288873645,41.62269437414869,41.750328063964844,43500.0,0.0,0.0,0.0,HMB.KA,
2024-03-15 00:00:00+05:00,41.828319692073016,41.835409249245004,41.12633451620695,41.46669006347656,117500.0,0.0,0.0,0.0,HMB.KA,
2024-03-18 00:00:00+05:00,41.82831846185268,42.189945374907815,41.48087066272449,41.77159118652344,596000.0,0.0,0.0,0.0,HMB.KA,
2024-03-19 00:00:00+05:00,39.902391147318276,44.9077853010271,39.902391147318276,43.79721450805664,3392000.0,5.5,0.0,0.0,HMB.KA,
2024-03-20 00:00:00+05:00,43.789396922697314,44.90778738603803,43.789396922697314,43.91453170776367,307000.0,0.0,0.0,0.0,HMB.KA,
2024-03-21 00:00:00+05:00,44.57931207942735,44.57931207942735,42.2330324962996,42.67882537841797,57000.0,0.0,0.0,0.0,HMB.KA,
2024-03-22 00:00:00+05:00,43.28885636150874,43.28885636150874,41.84198517048817,42.060970306396484,32000.0,0.0,0.0,0.0,HMB.KA,
2024-03-26 00:00:00+05:00,43.00730087505933,43.24192820833332,41.56824945194417,43.21064376831055,137500.0,0.0,0.0,0.0,HMB.KA,
2024-03-27 00:00:00+05:00,43.71118563247991,43.71118563247991,43.09333132856949,43.43745422363281,43500.0,0.0,0.0,0.0,HMB.KA,
2024-03-28 00:00:00+05:00,44.18044058079424,44.61059118958238,44.07094504057594,44.5010986328125,59000.0,0.0,0.0,0.0,HMB.KA,
2024-03-29 00:00:00+05:00,43.13244241028927,44.76701736450195,43.13244241028927,44.76701736450195,25000.0,0.0,0.0,0.0,HMB.KA,
2024-04-01 00:00:00+05:00,45.35358012131105,45.35358012131105,43.80503315993895,43.99273681640625,264500.0,0.0,0.0,0.0,HMB.KA,
2024-04-02 00:00:00+05:00,44.11787199319101,44.57148742675781,44.11787199319101,44.57148742675781,4000.0,0.0,0.0,0.0,HMB.KA,
2024-04-03 00:00:00+05:00,44.57148793771947,44.72008455553186,44.188260998642235,44.579307556152344,174000.0,0.0,0.0,0.0,HMB.KA,
2024-04-04 00:00:00+05:00,44.571490830435266,45.75245019804343,44.18826386648638,45.658599853515625,966000.0,0.0,0.0,0.0,HMB.KA,
2024-04-08 00:00:00+05:00,45.760270739833246,46.37812506928625,44.97035793918414,45.33012008666992,71500.0,0.0,0.0,0.0,HMB.KA,
2024-04-09 00:00:00+05:00,44.97035441087653,47.23842565280449,44.97035441087653,46.933406829833984,759000.0,0.0,0.0,0.0,HMB.KA,
2024-04-15 00:00:00+05:00,46.143498065417006,48.411569502689886,46.143498065417006,47.5434455871582,164500.0,0.0,0.0,0.0,HMB.KA,
2024-04-16 00:00:00+05:00,48.02052151206773,48.1769377582687,46.92558988796899,47.69986343383789,174000.0,0.0,0.0,0.0,HMB.KA,
2024-04-17 00:00:00+05:00,45.400506040065636,48.4975941488709,45.400506040065636,48.16129684448242,224500.0,0.0,0.0,0.0,HMB.KA,
2024-04-18 00:00:00+05:00,48.37245534250686,49.02941364276871,47.94230474930586,48.05961990356445,114000.0,0.0,0.0,0.0,HMB.KA,
2024-04-19 00:00:00+05:00,48.481954355469945,48.481954355469945,47.019438056879714,47.85627746582031,47000.0,0.0,0.0,0.0,HMB.KA,
2024-04-22 00:00:00+05:00,48.450666847523316,48.974667778471485,47.08200395908169,48.098724365234375,200500.0,0.0,0.0,0.0,HMB.KA,
2024-04-23 00:00:00+05:00,47.70768554939712,47.70768554939712,47.082011581504624,47.3166389465332,55500.0,0.0,0.0,0.0,HMB.KA,
2024-04-24 00:00:00+05:00,47.31663793710664,47.70768453162818,46.06529002801721,46.25299072265625,1256000.0,0.0,0.0,0.0,HMB.KA,
2024-04-25 00:00:00+05:00,46.82391416212486,48.411565221183935,45.603850806857004,46.964691162109375,77000.0,0.0,0.0,0.0,HMB.KA,
2024-04-26 00:00:00+05:00,45.36140732613636,48.40374951255472,43.812863089223505,47.29317855834961,224000.0,0.0,0.0,0.0,HMB.KA,
2024-04-29 00:00:00+05:00,47.69204294570092,47.80935811900102,46.464156861208046,46.902130126953125,170500.0,0.0,0.0,0.0,HMB.KA,
2024-04-30 00:00:00+05:00,46.47979570048274,47.70768169561195,46.47979570048274,46.94123077392578,207500.0,0.0,0.0,0.0,HMB.KA,
2024-05-02 00:00:00+05:00,47.31663355284296,47.69986049268248,46.84737887627679,46.995975494384766,205000.0,0.0,0.0,0.0,HMB.KA,
2024-05-03 00:00:00+05:00,47.027262185620216,47.59036722775797,45.963615018823134,46.2999153137207,1043500.0,0.0,0.0,0.0,HMB.KA,
2024-05-06 00:00:00+05:00,46.80827196062976,47.918845740572564,46.80827196062976,47.34009552001953,156000.0,0.0,0.0,0.0,HMB.KA,
2024-05-07 00:00:00+05:00,47.315624181613984,48.947197429255844,46.507994054760495,48.50667190551758,149500.0,2.5,0.0,0.0,HMB.KA,
2024-05-08 00:00:00+05:00,48.351670683703595,48.531144726074,48.13140793497051,48.22930145263672,34500.0,0.0,0.0,0.0,HMB.KA,
2024-05-09 00:00:00+05:00,48.17220198428369,48.17220198428369,47.7806247582088,48.03351974487305,6000.0,0.0,0.0,0.0,HMB.KA,
2024-05-10 00:00:00+05:00,48.13141001092464,48.70246126056869,47.723516705747315,48.106937408447266,167500.0,0.0,0.0,0.0,HMB.KA,
2024-05-13 00:00:00+05:00,47.35641243683883,48.955353457338546,47.31562372843425,48.94719696044922,199500.0,0.0,0.0,0.0,HMB.KA,
2024-05-14 00:00:00+05:00,48.539308338561696,49.65693523903657,48.539308338561696,49.27351760864258,42000.0,0.0,0.0,0.0,HMB.KA,
2024-05-15 00:00:00+05:00,49.35509179060895,50.17087843177604,48.947198470025405,49.84456253051758,253000.0,0.0,0.0,0.0,HMB.KA,
2024-05-16 00:00:00+05:00,50.562452175635684,50.57876828077662,49.77113819218385,50.09745407104492,142000.0,0.0,0.0,0.0,HMB.KA,
2024-05-17 00:00:00+05:00,49.84456394416789,50.170879854681054,49.355093190377296,49.73035430908203,154000.0,0.0,0.0,0.0,HMB.KA,
2024-05-20 00:00:00+05:00,49.110360243795505,50.57061919203774,48.947202280464765,50.36667251586914,29000.0,0.0,0.0,0.0,HMB.KA,
2024-05-21 00:00:00+05:00,49.39587609374006,50.578767240304224,49.39587609374006,50.456398010253906,23500.0,0.0,0.0,0.0,HMB.KA,
2024-05-22 00:00:00+05:00,49.771143844156086,50.57877402446272,49.7629873466488,50.14640808105469,129000.0,0.0,0.0,0.0,HMB.KA,
2024-05-23 00:00:00+05:00,50.13009129963676,50.44824760178721,49.01246443742185,50.154563903808594,228000.0,0.0,0.0,0.0,HMB.KA,
2024-05-24 00:00:00+05:00,49.37956458672196,50.57877194975097,49.36324848039745,50.27693176269531,81500.0,0.0,0.0,0.0,HMB.KA,
2024-05-27 00:00:00+05:00,49.7629815838368,50.97850496228645,49.7629815838368,50.17903137207031,148767.0,0.0,0.0,0.0,HMB.KA,
2024-05-28 00:00:00+05:00,50.17903137207031,50.17903137207031,50.17903137207031,50.17903137207031,0.0,0.0,0.0,0.0,HMB.KA,
2024-05-29 00:00:00+05:00,49.76298753388075,50.170880874322386,49.3550941934391,49.96693420410156,20110.0,0.0,0.0,0.0,HMB.KA,
2024-05-30 00:00:00+05:00,50.015879526173016,50.8235065491115,49.76298454995098,50.37482452392578,33400.0,0.0,0.0,0.0,HMB.KA,
2024-05-31 00:00:00+05:00,50.78271633578885,51.29666277005937,49.762983076034054,50.57876968383789,99580.0,0.0,0.0,0.0,HMB.KA,
2024-06-03 00:00:00+05:00,50.98666145884918,51.39455475051997,50.17087487550759,50.17903137207031,29385.0,0.0,0.0,0.0,HMB.KA,
2024-06-04 00:00:00+05:00,50.170875824548574,50.578769123935146,50.16271932783156,50.505348205566406,8884.0,0.0,0.0,0.0,HMB.KA,
2024-06-05 00:00:00+05:00,50.98666435430858,50.98666435430858,49.06140741037324,49.3550910949707,151650.0,0.0,0.0,0.0,HMB.KA,
2024-06-06 00:00:00+05:00,49.762979043380454,49.762979043380454,48.53929923083831,48.96350860595703,61198.0,0.0,0.0,0.0,HMB.KA,
2024-06-07 00:00:00+05:00,48.947196873407904,49.3550901806863,47.323780141169124,49.03693389892578,47577.0,0.0,0.0,0.0,HMB.KA,
2024-06-10 00:00:00+05:00,48.93903878278699,48.93903878278699,47.78877981820033,48.13140869140625,14313.0,0.0,0.0,0.0,HMB.KA,
2024-06-11 00:00:00+05:00,49.4366659873986,49.4366659873986,47.3645704190081,48.13140869140625,40495.0,0.0,0.0,0.0,HMB.KA,
2024-06-12 00:00:00+05:00,48.13141068314399,48.9471973048922,47.372728875959844,47.49509811401367,12837.0,0.0,0.0,0.0,HMB.KA,
2024-06-13 00:00:00+05:00,48.947196738219475,51.533238805472166,48.947196738219475,51.51692581176758,504319.0,0.0,0.0,0.0,HMB.KA,
2024-06-14 00:00:00+05:00,52.20219130891648,54.65770785991962,49.43667183447889,53.0261344909668,280709.0,0.0,0.0,0.0,HMB.KA,
2024-06-20 00:00:00+05:00,53.841911478245514,57.5374234975101,53.841911478245514,57.5129508972168,777404.0,0.0,0.0,0.0,HMB.KA,
2024-06-21 00:00:00+05:00,58.695846389226325,58.744797820026946,56.29743789457276,56.68085861206055,413092.0,0.0,0.0,0.0,HMB.KA,
2024-06-24 00:00:00+05:00,55.88137707050463,57.09689725239589,54.698489096551306,55.74269485473633,91562.0,0.0,0.0,0.0,HMB.KA,
2024-06-25 00:00:00+05:00,56.248485150864724,56.248485150864724,55.065597037421824,55.497962951660156,31150.0,0.0,0.0,0.0,HMB.KA,
2024-06-26 00:00:00+05:00,56.12612487362018,56.28927971654859,55.310338211061506,55.35112380981445,242477.0,0.0,0.0,0.0,HMB.KA,
2024-06-27 00:00:00+05:00,57.10506887996898,57.10506887996898,55.47349548339844,55.47349548339844,50558.0,0.0,0.0,0.0,HMB.KA,
2024-06-28 00:00:00+05:00,56.08532973050804,57.09690338948462,55.5550671864462,56.02006530761719,36351.0,0.0,0.0,0.0,HMB.KA,
2024-07-01 00:00:00+05:00,57.02348697346419,57.26821922934115,56.28927775791713,57.105064392089844,82712.0,0.0,0.0,0.0,HMB.KA,
2024-07-02 00:00:00+05:00,57.67611251773822,57.67611251773822,56.697171046801145,57.09690475463867,83133.0,0.0,0.0,0.0,HMB.KA,
2024-07-03 00:00:00+05:00,57.51295769560703,58.410321748193674,57.10506437861691,58.31243133544922,158803.0,0.0,0.0,0.0,HMB.KA,
2024-07-04 00:00:00+05:00,58.410321898883,58.73663779810855,57.2682193635726,58.12479782104492,78478.0,0.0,0.0,0.0,HMB.KA,
2024-07-05 00:00:00+05:00,58.32874729311533,61.99978733254217,57.30901394883009,61.22479248046875,1365231.0,0.0,0.0,0.0,HMB.KA,
2024-07-08 00:00:00+05:00,61.18399807957787,61.18399807957787,60.00110993962262,61.175838470458984,42475.0,0.0,0.0,0.0,HMB.KA,
2024-07-09 00:00:00+05:00,61.10242669118903,61.18400411855536,60.368217396974615,60.46611404418945,114040.0,0.0,0.0,0.0,HMB.KA,
2024-07-10 00:00:00+05:00,61.184001147017,61.184001147017,59.56058739262451,59.6666374206543,503670.0,0.0,0.0,0.0,HMB.KA,
2024-07-11 00:00:00+05:00,59.560588781203975,59.560588781203975,58.79374729061672,59.54426956176758,794742.0,0.0,0.0,0.0,HMB.KA,
2024-07-12 00:00:00+05:00,59.1445312032639,60.776104477836704,58.736637884620706,60.3437385559082,134858.0,0.0,0.0,0.0,HMB.KA,
2024-07-15 00:00:00+05:00,61.184000911320005,61.5918942507288,60.3682142325024,60.94742202758789,37911.0,0.0,0.0,0.0,HMB.KA,
2024-07-16 00:00:00+05:00,60.94742202758789,60.94742202758789,60.94742202758789,60.94742202758789,0.0,0.0,0.0,0.0,HMB.KA,
2024-07-17 00:00:00+05:00,60.94742202758789,60.94742202758789,60.94742202758789,60.94742202758789,0.0,0.0,0.0,0.0,HMB.KA,
2024-07-18 00:00:00+05:00,60.368214465056774,61.59189448799711,59.55242778309655,59.6666374206543,705852.0,0.0,0.0,0.0,HMB.KA,
2024-07-19 00:00:00+05:00,59.552425384521484,60.28663461350585,58.7529517298589,59.552425384521484,425552.0,0.0,0.0,0.0,HMB.KA,
2024-07-22 00:00:00+05:00,58.353216257834866,59.54426398279488,57.219273347634655,57.71690368652344,485282.0,0.0,0.0,0.0,HMB.KA,
2024-07-23 00:00:00+05:00,57.94531884025987,58.728473197462804,57.92084623909065,57.97795104980469,151390.0,0.0,0.0,0.0,HMB.KA,
2024-07-24 00:00:00+05:00,57.19480059876051,57.92085019483547,57.105063572373,57.904537200927734,75079.0,0.0,0.0,0.0,HMB.KA,
2024-07-25 00:00:00+05:00,57.92085261637402,58.328745944658344,56.69717263152104,56.80322265625,310595.0,0.0,0.0,0.0,HMB.KA,
2024-07-26 00:00:00+05:00,57.08058922635303,57.096902219762576,55.47348863334779,55.979278564453125,33295.0,0.0,0.0,0.0,HMB.KA,
2024-07-29 00:00:00+05:00,56.207699012229284,57.92084965875292,56.134274980429076,57.121376037597656,225219.0,0.0,0.0,0.0,HMB.KA,
2024-07-30 00:00:00+05:00,53.03429439890691,57.880063099668796,53.03429439890691,57.11322784423828,583769.0,0.0,0.0,0.0,HMB.KA,
2024-07-31 00:00:00+05:00,57.105064392089844,57.880059204970685,56.28927775791713,57.105064392089844,1052478.0,0.0,0.0,0.0,HMB.KA,
2024-08-01 00:00:00+05:00,58.606108782315864,58.606108782315864,56.697171046801145,57.09690475463867,125465.0,0.0,0.0,0.0,HMB.KA,
2024-08-02 00:00:00+05:00,57.096904783039854,57.5129577091762,57.064272570797975,57.105064392089844,78131.0,0.0,0.0,0.0,HMB.KA,
2024-08-05 00:00:00+05:00,57.10506588831063,57.10506588831063,54.65770592166874,54.690338134765625,330681.0,0.0,0.0,0.0,HMB.KA,
2024-08-06 00:00:00+05:00,56.28927993774414,56.61559584884157,55.473493271979734,56.28927993774414,242027.0,0.0,0.0,0.0,HMB.KA,
2024-08-07 00:00:00+05:00,56.67269765100202,56.67269765100202,55.473490320303355,55.489803314208984,9808.0,0.0,0.0,0.0,HMB.KA,
2024-08-08 00:00:00+05:00,55.88138137496087,55.88138137496087,55.073754394147706,55.310333251953125,6839.0,0.0,0.0,0.0,HMB.KA,
2024-08-09 00:00:00+05:00,55.92217589283773,56.28927738620804,55.47349075742242,56.24848556518555,159746.0,0.0,0.0,0.0,HMB.KA,
2024-08-12 00:00:00+05:00,53.1077066083714,57.10506220770212,53.1077066083714,55.62849044799805,130384.0,0.0,0.0,0.0,HMB.KA,
2024-08-13 00:00:00+05:00,56.28927432580966,56.28927432580966,55.06559444916162,55.5550651550293,18965.0,0.0,0.0,0.0,HMB.KA,
2024-08-15 00:00:00+05:00,55.06559558712877,55.881382188419565,54.65770228648337,55.71006774902344,19526.0,0.0,0.0,0.0,HMB.KA,
2024-08-16 00:00:00+05:00,53.279024385099376,56.28927913025348,53.279024385099376,55.881385803222656,18404.0,0.0,0.0,0.0,HMB.KA,
2024-08-19 00:00:00+05:00,55.881385803222656,56.28927913025348,55.55506989680635,55.881385803222656,113788.0,0.0,0.0,0.0,HMB.KA,
2024-08-20 00:00:00+05:00,57.10505953302764,57.10505953302764,53.858226266751316,56.86848068237305,46705.0,0.0,0.0,0.0,HMB.KA,
2024-08-21 00:00:00+05:00,56.28927847407018,61.17583873222683,56.28927847407018,58.70400619506836,854536.0,0.0,0.0,0.0,HMB.KA,
2024-08-22 00:00:00+05:00,59.50347743304659,59.50347743304659,57.19479982880717,58.59795379638672,116008.0,0.0,0.0,0.0,HMB.KA,
2024-08-23 00:00:00+05:00,57.1050659243756,58.65506181568602,55.88138594028184,56.909278869628906,876477.0,0.0,0.0,0.0,HMB.KA,
2024-08-26 00:00:00+05:00,57.92084835036933,57.92084835036933,57.10506175388526,57.15400695800781,134365.0,0.0,0.0,0.0,HMB.KA,
2024-08-27 00:00:00+05:00,54.98402251731275,57.716906602831855,54.98402251731275,56.28927993774414,115201.0,0.0,0.0,0.0,HMB.KA,
2024-08-28 00:00:00+05:00,56.28927993774414,57.10506660350855,56.28927993774414,56.28927993774414,194700.0,0.0,0.0,0.0,HMB.KA,
2024-08-29 00:00:00+05:00,56.86032851954956,56.86032851954956,55.88138700323679,55.93849182128906,4749.0,0.0,0.0,0.0,HMB.KA,
2024-08-30 00:00:00+05:00,55.971124035027266,56.680860679926965,55.971124035027266,55.93849182128906,121.0,0.0,0.0,0.0,HMB.KA,
2024-09-02 00:00:00+05:00,55.881383688906396,56.289277000504256,55.432698556565555,55.50612258911133,65634.0,0.0,0.0,0.0,HMB.KA,
2024-09-03 00:00:00+05:00,56.734129704731814,56.734129704731814,55.048791586870784,56.67484664916992,37336.0,2.5,0.0,0.0,HMB.KA,
2024-09-04 00:00:00+05:00,57.081368645183595,57.081368645183595,55.21817473607136,56.734134674072266,29908.0,0.0,0.0,0.0,HMB.KA,
2024-09-05 00:00:00+05:00,57.15758699768942,58.60579302125464,56.31915329170303,58.13999938964844,1091374.0,0.0,0.0,0.0,HMB.KA,
2024-09-06 00:00:00+05:00,58.01296428677383,58.43641658083787,56.742607404581705,56.84423828125,1721.0,0.0,0.0,0.0,HMB.KA,
2024-09-09 00:00:00+05:00,55.938050512516334,57.843585831788545,55.91263794737589,57.58951187133789,57651.0,0.0,0.0,0.0,HMB.KA,
2024-09-10 00:00:00+05:00,56.310684136776274,57.76736105910566,56.310684136776274,57.58951187133789,105578.0,0.0,0.0,0.0,HMB.KA,
2024-09-11 00:00:00+05:00,57.58950691691794,57.58950691691794,55.14195338985842,55.50612258911133,16981.0,0.0,0.0,0.0,HMB.KA,
2024-09-12 00:00:00+05:00,52.68592970107326,56.98820623685726,52.68592970107326,56.022735595703125,25655.0,0.0,0.0,0.0,HMB.KA,
2024-09-13 00:00:00+05:00,58.33478032275688,58.43641119004967,55.09960535300887,57.08983612060547,106121.0,0.0,0.0,0.0,HMB.KA,
2024-09-16 00:00:00+05:00,57.08983872410837,57.08983872410837,55.52306014006136,56.03120803833008,5551.0,0.0,0.0,0.0,HMB.KA,
2024-09-17 00:00:00+05:00,56.03120803833008,56.03120803833008,56.03120803833008,56.03120803833008,0.0,0.0,0.0,0.0,HMB.KA,
2024-09-18 00:00:00+05:00,56.31915441969745,56.55628666764553,55.53153290394465,56.3276252746582,31730.0,0.0,0.0,0.0,HMB.KA,
2024-09-19 00:00:00+05:00,55.21818035791605,59.19016521696777,55.21818035791605,57.1575927734375,60456.0,0.0,0.0,0.0,HMB.KA,
2024-09-20 00:00:00+05:00,55.13348273189808,58.43641163852312,54.210359910369675,57.504817962646484,327221.0,0.0,0.0,0.0,HMB.KA,
2024-09-23 00:00:00+05:00,57.504818461993366,58.35172298584785,56.76800920014721,57.17452621459961,21453.0,0.0,0.0,0.0,HMB.KA,
2024-09-24 00:00:00+05:00,56.36149776262108,57.75042064303752,56.319149952545395,56.403839111328125,23410.0,0.0,0.0,0.0,HMB.KA,
2024-09-25 00:00:00+05:00,55.60775630354225,57.97908518587161,55.60775630354225,57.16605758666992,828320.0,0.0,0.0,0.0,HMB.KA,
2024-09-26 00:00:00+05:00,59.48657321550305,59.48657321550305,56.22599202137246,56.95433044433594,9860.0,0.0,0.0,0.0,HMB.KA,
2024-09-27 00:00:00+05:00,59.02924502716934,59.02924502716934,56.74260530825014,57.16605758666992,100792.0,0.0,0.0,0.0,HMB.KA,
2024-09-30 00:00:00+05:00,56.327623325369565,58.43641384178097,56.02273717102467,56.90351867675781,82654.0,0.0,0.0,0.0,HMB.KA,
2024-10-01 00:00:00+05:00,57.58104101629108,59.283321044024305,57.16605957816629,57.58951187133789,346157.0,0.0,0.0,0.0,HMB.KA,
2024-10-02 00:00:00+05:00,58.436414198144604,58.436414198144604,57.166057367750156,57.59798049926758,270414.0,0.0,0.0,0.0,HMB.KA,
2024-10-03 00:00:00+05:00,58.4364164576811,58.4364164576811,57.58951187133789,57.58951187133789,630611.0,0.0,0.0,0.0,HMB.KA,
2024-10-04 00:00:00+05:00,57.58950935418188,58.43641390350808,56.835764822191074,57.90286636352539,8605.0,0.0,0.0,0.0,HMB.KA,
2024-10-07 00:00:00+05:00,56.751079285879136,60.04553767636171,56.742608430661285,59.24097442626953,364928.0,0.0,0.0,0.0,HMB.KA,
2024-10-08 00:00:00+05:00,58.64814416121018,60.00319024305813,58.436418009003646,59.06312561035156,186451.0,0.0,0.0,0.0,HMB.KA,
2024-10-09 00:00:00+05:00,59.06312561035156,59.06312561035156,59.06312561035156,59.06312561035156,0.0,0.0,0.0,0.0,HMB.KA,
2024-10-10 00:00:00+05:00,60.164096193429806,60.883963723022035,57.58950574927449,59.088523864746094,47098.0,0.0,0.0,0.0,HMB.KA,
2024-10-11 00:00:00+05:00,58.43640926906041,60.130218233381,55.17582830501696,59.2833137512207,77164.0,0.0,0.0,0.0,HMB.KA,
2024-10-14 00:00:00+05:00,60.12175123963904,60.12175123963904,58.43641302111198,58.876800537109375,45277.0,0.0,0.0,0.0,HMB.KA,
2024-10-15 00:00:00+05:00,58.859859466552734,60.130216145686965,57.16605056104043,58.859859466552734,196335.0,0.0,0.0,0.0,HMB.KA,
2024-10-16 00:00:00+05:00,59.68136082058206,59.68136082058206,58.85986242628118,58.9022102355957,672709.0,0.0,0.0,0.0,HMB.KA,
2024-10-17 00:00:00+05:00,59.283314581512734,60.13021907553435,58.52957009874298,59.926963806152344,112812.0,0.0,0.0,0.0,HMB.KA,
2024-10-18 00:00:00+05:00,59.28331288036049,60.130217350079924,58.91067284604607,60.0709342956543,147750.0,0.0,0.0,0.0,HMB.KA,
2024-10-21 00:00:00+05:00,60.11329212378918,60.13022737300439,59.29179361740931,59.910030364990234,1023385.0,0.0,0.0,0.0,HMB.KA,
2024-10-22 00:00:00+05:00,60.8500909967651,60.8500909967651,58.44488516153646,59.19015884399414,1467.0,0.0,0.0,0.0,HMB.KA,
2024-10-23 00:00:00+05:00,60.1302295067112,60.977134147650794,59.876155529881466,60.1810417175293,23713.0,0.0,0.0,0.0,HMB.KA,
2024-10-24 00:00:00+05:00,59.79145743515606,60.97712504780376,59.79145743515606,60.553672790527344,83737.0,0.0,0.0,0.0,HMB.KA,
2024-10-25 00:00:00+05:00,60.97712458031528,61.82402908837521,60.13022007225535,61.75627517700195,82439.0,0.0,0.0,0.0,HMB.KA,
2024-10-28 00:00:00+05:00,61.75628357184714,62.47615120927962,60.97713286924656,61.99341583251953,15398.0,0.0,0.0,0.0,HMB.KA,
2024-10-29 00:00:00+05:00,61.99341142715781,64.31393458196746,61.99341142715781,62.60318374633789,53874.0,0.0,0.0,0.0,HMB.KA,
2024-10-30 00:00:00+05:00,63.51783633324746,63.51783633324746,61.73933820819022,61.900245666503906,113676.0,0.0,0.0,0.0,HMB.KA,
2024-10-31 00:00:00+05:00,61.824037492430534,62.670942115614515,60.97713286924656,61.99341583251953,233740.0,0.0,0.0,0.0,HMB.KA,
2024-11-01 00:00:00+05:00,61.824032036033834,62.84031490961285,61.824032036033834,62.670936584472656,34675.0,0.0,0.0,0.0,HMB.KA,
2024-11-04 00:00:00+05:00,63.547454012764824,63.74028873628736,63.109195709228516,63.109195709228516,172227.0,2.5,0.0,0.0,HMB.KA,
2024-11-05 00:00:00+05:00,63.109195709228516,65.6248007789517,63.109195709228516,63.109195709228516,312187.0,0.0,0.0,0.0,HMB.KA,
2024-11-06 00:00:00+05:00,63.98571231630113,64.86222892337375,63.109195709228516,63.109195709228516,164446.0,0.0,0.0,0.0,HMB.KA,
2024-11-07 00:00:00+05:00,63.389676056964774,63.459798985282255,63.10919103098534,63.117958068847656,251722.0,0.0,0.0,0.0,HMB.KA,
2024-11-08 00:00:00+05:00,63.11796274774072,63.3721533662667,63.109195709228516,63.109195709228516,178227.0,0.0,0.0,0.0,HMB.KA,
2024-11-11 00:00:00+05:00,63.28449337463586,63.98570930217875,63.10919273639548,63.54745101928711,242986.0,0.0,0.0,0.0,HMB.KA,
2024-11-12 00:00:00+05:00,63.96818016675561,63.96818016675561,63.109191013332975,63.20560836791992,598910.0,0.0,0.0,0.0,HMB.KA,
2024-11-13 00:00:00+05:00,63.28450300772626,65.47579475574021,62.23268564359625,62.285274505615234,211961.0,0.0,0.0,0.0,HMB.KA,
2024-11-14 00:00:00+05:00,63.898058961172985,64.31002281691653,62.23267614929704,63.994476318359375,1667437.0,0.0,0.0,0.0,HMB.KA,
2024-11-15 00:00:00+05:00,63.98570512586578,65.62479340432273,63.98570512586578,64.31877899169922,361653.0,0.0,0.0,0.0,HMB.KA,
2024-11-18 00:00:00+05:00,64.76580976603188,64.77457680430103,63.10919395957627,63.214378356933594,439918.0,0.0,0.0,0.0,HMB.KA,
2024-11-19 00:00:00+05:00,64.33631780896287,64.42396812882285,61.443810442548404,64.04706573486328,597767.0,0.0,0.0,0.0,HMB.KA,
2024-11-20 00:00:00+05:00,64.62556931547368,64.86222584574621,63.98570928026315,63.994476318359375,236110.0,0.0,0.0,0.0,HMB.KA,
2024-11-21 00:00:00+05:00,63.55621891468744,64.59926909468142,63.53868483825247,63.8980598449707,85941.0,0.0,0.0,0.0,HMB.KA,
2024-11-22 00:00:00+05:00,64.33632233681465,69.36752594851896,64.33632233681465,68.81532287597656,1808428.0,0.0,0.0,0.0,HMB.KA,
2024-11-25 00:00:00+05:00,67.49178042718107,70.98907990414801,67.49178042718107,69.94602966308594,474861.0,0.0,0.0,0.0,HMB.KA,
2024-11-26 00:00:00+05:00,70.55958734304772,76.94062721540895,66.63278997459179,74.69674682617188,1348488.0,0.0,0.0,0.0,HMB.KA,
2024-11-27 00:00:00+05:00,78.00997195275433,78.88648849154933,75.38042233636935,77.7733154296875,783287.0,0.0,0.0,0.0,HMB.KA,
2024-11-28 00:00:00+05:00,78.88648527214326,78.88648527214326,71.87435324795275,72.75086975097656,154737.0,0.0,0.0,0.0,HMB.KA,
2024-11-29 00:00:00+05:00,72.83852717533992,76.37088795743807,71.43610197103543,74.95093536376953,73442.0,0.0,0.0,0.0,HMB.KA,
2024-12-02 00:00:00+05:00,77.13346099853516,78.88649420304732,76.25694439627907,77.13346099853516,154451.0,0.0,0.0,0.0,HMB.KA,
2024-12-03 00:00:00+05:00,78.00997364955343,79.01796902855074,77.13345709169329,78.64983367919922,339858.0,0.0,0.0,0.0,HMB.KA,
2024-12-04 00:00:00+05:00,78.6673647905407,78.88649394037508,75.69597405376985,77.01951599121094,83214.0,0.0,0.0,0.0,HMB.KA,
2024-12-05 00:00:00+05:00,77.12469050691149,77.13345754498299,76.25694098197182,76.44977569580078,64041.0,0.0,0.0,0.0,HMB.KA,
2024-12-06 00:00:00+05:00,77.13346174621202,78.00997835696444,74.42502862888678,75.94139862060547,86714.0,0.0,0.0,0.0,HMB.KA,
2024-12-09 00:00:00+05:00,75.94139836921296,78.00997809872422,74.1094818687044,77.7207260131836,250128.0,0.0,0.0,0.0,HMB.KA,
2024-12-10 00:00:00+05:00,78.6235341829051,78.88649183059005,75.42425403071935,76.5549545288086,919592.0,0.0,0.0,0.0,HMB.KA,
2024-12-11 00:00:00+05:00,76.25694290042865,78.44823436308465,71.70781968402173,75.01229095458984,63963.0,0.0,0.0,0.0,HMB.KA,
2024-12-12 00:00:00+05:00,71.88312471000835,76.16929013863566,71.88312471000835,75.86251068115234,128226.0,0.0,0.0,0.0,HMB.KA,
2024-12-13 00:00:00+05:00,75.38042160537891,75.90633018609789,73.02258999895214,74.21465301513672,187587.0,0.0,0.0,0.0,HMB.KA,
2024-12-16 00:00:00+05:00,74.11823963958777,76.66890608953472,70.12132618686927,72.52297973632812,197773.0,0.0,0.0,0.0,HMB.KA,
2024-12-17 00:00:00+05:00,72.75087397413209,77.08962824104661,72.75087397413209,75.38919067382812,287969.0,0.0,0.0,0.0,HMB.KA,
2024-12-18 00:00:00+05:00,76.25693576307182,76.25693576307182,72.75086975097656,72.75086975097656,130767.0,0.0,0.0,0.0,HMB.KA,
2024-12-19 00:00:00+05:00,70.21774359316758,73.53974222600722,70.21774359316758,71.9883041381836,845873.0,0.0,0.0,0.0,HMB.KA,
2024-12-20 00:00:00+05:00,72.75087452676469,74.41625732929334,70.16515334801883,71.9444808959961,24194.0,0.0,0.0,0.0,HMB.KA,
2024-12-23 00:00:00+05:00,71.91819127699287,73.5309786463475,71.87436277111844,73.03136444091797,37362.0,0.0,0.0,0.0,HMB.KA,
2024-12-24 00:00:00+05:00,73.62738625400037,74.9421610085361,72.75086975097656,72.75086975097656,4015.0,0.0,0.0,0.0,HMB.KA,
2024-12-26 00:00:00+05:00,71.87436029779226,72.73334949741776,70.12132711979733,71.80423736572266,539462.0,0.0,0.0,0.0,HMB.KA,
2024-12-27 00:00:00+05:00,72.31262293485399,76.90556826457771,70.56835669044271,72.3038558959961,715875.0,0.0,0.0,0.0,HMB.KA,
2024-12-30 00:00:00+05:00,72.30384470218812,78.79006818356976,72.30384470218812,75.53819274902344,210256.0,0.0,0.0,0.0,HMB.KA,
2024-12-31 00:00:00+05:00,78.00997591566765,78.00997591566765,75.38042616570132,76.25694274902344,215633.0,0.0,0.0,0.0,HMB.KA,
2025-01-01 00:00:00+05:00,76.25694274902344,76.25694274902344,76.25694274902344,76.25694274902344,0.0,0.0,0.0,0.0,HMB.KA,
2025-01-02 00:00:00+05:00,82.5678553701484,88.52817051540896,76.35335631317407,85.47789001464844,368554.0,0.0,0.0,0.0,HMB.KA,
2025-01-03 00:00:00+05:00,85.02211000040758,86.77514319629226,84.14559340246524,84.66273498535156,16977.0,0.0,0.0,0.0,HMB.KA,
2025-01-06 00:00:00+05:00,86.7751426342533,88.52817581878367,84.14559285745774,87.22216796875,202086.0,0.0,0.0,0.0,HMB.KA,
2025-01-07 00:00:00+05:00,85.89862963024092,88.52817951688094,85.89862963024092,86.30182647705078,109803.0,0.0,0.0,0.0,HMB.KA,
2025-01-08 00:00:00+05:00,86.77513783439281,86.77513783439281,83.28659904773363,84.17188262939453,13518.0,0.0,0.0,0.0,HMB.KA,
2025-01-09 00:00:00+05:00,86.77514334951985,86.77514334951985,81.51604375257925,81.52481079101562,21861.0,0.0,0.0,0.0,HMB.KA,
2025-01-10 00:00:00+05:00,83.09377712221945,84.14559437701574,81.516044552734,83.9439926147461,89185.0,0.0,0.0,0.0,HMB.KA,
2025-01-13 00:00:00+05:00,81.51604516165597,86.76637781091682,81.51604516165597,85.89862823486328,29005.0,0.0,0.0,0.0,HMB.KA,
2025-01-14 00:00:00+05:00,85.28507227064469,86.7751478928786,85.28507227064469,85.46037292480469,177386.0,0.0,0.0,0.0,HMB.KA,
2025-01-15 00:00:00+05:00,85.46037357321727,85.89863189923378,83.26908194313478,83.61968994140625,124943.0,0.0,0.0,0.0,HMB.KA,
2025-01-16 00:00:00+05:00,84.13682255507312,85.46036443048925,81.54233434509418,85.10975646972656,71613.0,0.0,0.0,0.0,HMB.KA,
2025-01-17 00:00:00+05:00,84.14559203285219,87.65165836755438,83.36549280836424,86.8715591430664,201301.0,0.0,0.0,0.0,HMB.KA,
2025-01-20 00:00:00+05:00,87.65166044851428,87.65166044851428,85.03087767354518,86.97674560546875,39030.0,0.0,0.0,0.0,HMB.KA,
2025-01-21 00:00:00+05:00,85.89863015621326,87.6428963859234,85.46037183908972,86.71379089355469,46878.0,0.0,0.0,0.0,HMB.KA,
2025-01-22 00:00:00+05:00,86.7137812768404,86.7137812768404,85.02210409286192,85.36394500732422,20146.0,0.0,0.0,0.0,HMB.KA,
2025-01-23 00:00:00+05:00,81.51604559271308,85.88986165046123,81.51604559271308,84.7679214477539,42434.0,0.0,0.0,0.0,HMB.KA,
2025-01-24 00:00:00+05:00,85.8986273127073,85.8986273127073,84.16312149194049,84.18942260742188,34367.0,0.0,0.0,0.0,HMB.KA,
2025-01-27 00:00:00+05:00,85.02211250550332,85.02211250550332,82.41009002426635,83.99658966064453,87077.0,0.0,0.0,0.0,HMB.KA,
2025-01-28 00:00:00+05:00,83.2778434659038,84.58385131848348,82.83081813053565,83.00611877441406,18922.0,0.0,0.0,0.0,HMB.KA,
2025-01-29 00:00:00+05:00,83.70733943738436,84.14559775904605,81.51604782907586,83.26908111572266,44768.0,0.0,0.0,0.0,HMB.KA,
2025-01-30 00:00:00+05:00,82.611688324716,83.70733405846555,82.39255917796608,83.66350555419922,62634.0,0.0,0.0,0.0,HMB.KA,
2025-01-31 00:00:00+05:00,83.26908098035925,85.8986309060548,83.26908098035925,85.881103515625,89845.0,0.0,0.0,0.0,HMB.KA,
2025-02-03 00:00:00+05:00,86.33688618937505,86.33688618937505,84.14559466172594,84.24201202392578,13815.0,0.0,0.0,0.0,HMB.KA,
2025-02-04 00:00:00+05:00,85.01333650147333,85.01333650147333,83.28659786478234,84.41730499267578,24722.0,0.0,0.0,0.0,HMB.KA,
2025-02-06 00:00:00+05:00,84.14559343914354,84.14559343914354,81.51604364417031,82.23478698730469,108321.0,0.0,0.0,0.0,HMB.KA,
2025-02-07 00:00:00+05:00,82.38379383122847,82.38379383122847,81.1829703622488,81.75270080566406,14298.0,0.0,0.0,0.0,HMB.KA,
2025-02-10 00:00:00+05:00,82.38380060010428,82.38380060010428,81.51605096230205,82.120849609375,19813.0,0.0,0.0,0.0,HMB.KA,
2025-02-11 00:00:00+05:00,82.39256281413547,89.40469581959381,82.1734336577149,82.56786346435547,48607.0,0.0,0.0,0.0,HMB.KA,
2025-02-12 00:00:00+05:00,84.7591436230019,84.80297212330471,82.39255172703507,82.7782211303711,19679.0,0.0,0.0,0.0,HMB.KA,
2025-02-13 00:00:00+05:00,83.3567292764727,83.43561924971324,81.95430402105723,81.98059844970703,5490.0,0.0,0.0,0.0,HMB.KA,
2025-02-14 00:00:00+05:00,81.71763965510715,83.25154359426003,80.63952137260902,80.79729461669922,44414.0,0.0,0.0,0.0,HMB.KA,
2025-02-17 00:00:00+05:00,82.73440289713483,82.7431699357414,79.76301210215858,82.57662963867188,294161.0,0.0,0.0,0.0,HMB.KA,
2025-02-18 00:00:00+05:00,80.77101452091239,83.04995658309574,80.77101452091239,82.1646728515625,159091.0,0.0,0.0,0.0,HMB.KA,
2025-02-19 00:00:00+05:00,83.18142756183101,83.7161032284989,82.39256127598571,83.23401641845703,52499.0,0.0,0.0,0.0,HMB.KA,
2025-02-20 00:00:00+05:00,85.89862845427051,86.63489920255026,84.14559522050989,84.29460144042969,299896.0,0.0,0.0,0.0,HMB.KA,
2025-02-21 00:00:00+05:00,84.58385203382991,84.58385203382991,82.18219841847144,82.53280639648438,34032.0,0.0,0.0,0.0,HMB.KA,
2025-02-24 00:00:00+05:00,81.57739743563536,83.61968266203444,80.74470936360882,83.02365112304688,159309.0,0.0,0.0,0.0,HMB.KA,
2025-02-25 00:00:00+05:00,81.54233803660992,85.46036829937874,81.54233803660992,84.66273498535156,604488.0,0.0,0.0,0.0,HMB.KA,
2025-02-26 00:00:00+05:00,84.68902555829432,84.9256820678711,84.68902555829432,84.9256820678711,413.0,0.0,0.0,0.0,HMB.KA,
2025-02-27 00:00:00+05:00,83.26907631033184,84.23324322488803,83.26907631033184,84.07546997070312,501209.0,0.0,0.0,0.0,HMB.KA,
2025-02-28 00:00:00+05:00,84.13682767236583,85.02211132249516,83.70733640513699,84.06671142578125,491222.0,0.0,0.0,0.0,HMB.KA,
2025-03-03 00:00:00+05:00,84.06671142578125,84.53126415994791,83.70733640513699,84.06671142578125,88.0,0.0,0.0,0.0,HMB.KA,
2025-03-04 00:00:00+05:00,84.06671142578125,84.06671142578125,84.06671142578125,84.06671142578125,0.0,0.0,0.0,0.0,HMB.KA,
2025-03-05 00:00:00+05:00,84.05794743217197,84.13683072017126,82.91847312093505,83.26908111572266,24251.0,0.0,0.0,0.0,HMB.KA,
2025-03-06 00:00:00+05:00,84.04917626002518,84.14559362103255,82.39256042059438,83.24278259277344,195063.0,0.0,0.0,0.0,HMB.KA,
2025-03-07 00:00:00+05:00,83.26907340718368,84.23324028812452,82.48897420182595,83.97904968261719,19508.0,0.0,0.0,0.0,HMB.KA,
2025-03-10 00:00:00+05:00,83.27783996132872,84.14558948040401,82.39255636622893,83.21648406982422,95988.0,0.0,0.0,0.0,HMB.KA,
2025-03-11 00:00:00+05:00,83.88262920117177,83.88262920117177,82.39255377588574,82.52403259277344,52843.0,0.0,0.0,0.0,HMB.KA,
2025-03-12 00:00:00+05:00,84.13682604347287,84.13682604347287,81.95430159535357,82.47144317626953,9641.0,0.0,0.0,0.0,HMB.KA,
2025-03-13 00:00:00+05:00,83.68981041544875,83.68981041544875,82.17343370965186,82.39256286621094,237375.0,0.0,0.0,0.0,HMB.KA,
2025-03-14 00:00:00+05:00,83.26907949244722,83.26907949244722,82.34873435998266,82.39256286621094,45292.0,0.0,0.0,0.0,HMB.KA,
2025-03-17 00:00:00+05:00,82.39256286621094,82.39256286621094,82.19096109976849,82.39256286621094,64695.0,0.0,0.0,0.0,HMB.KA,
2025-03-18 00:00:00+05:00,82.39256702003807,82.83082535525104,81.95430868482511,82.24356079101562,238880.0,0.0,0.0,0.0,HMB.KA,
2025-03-19 00:00:00+05:00,81.3873337155728,82.85119752015157,81.01906383874577,81.5438461303711,545362.0,4.5,0.0,0.0,HMB.KA,
2025-03-20 00:00:00+05:00,81.93972958396536,82.4921308504853,81.08350516240235,81.8292465209961,61895.0,0.0,0.0,0.0,HMB.KA,
2025-03-21 00:00:00+05:00,81.82924368969198,81.93972674883851,81.47939120530572,81.57145690917969,416498.0,0.0,0.0,0.0,HMB.KA,
2025-03-24 00:00:00+05:00,82.86040131455313,82.86040131455313,80.83492764764047,81.8200454711914,55610.0,0.0,0.0,0.0,HMB.KA,
2025-03-25 00:00:00+05:00,82.86040192186528,82.86040192186528,81.01905965693494,81.77400970458984,53622.0,0.0,0.0,0.0,HMB.KA,
2025-03-26 00:00:00+05:00,81.47939342969669,82.85119142010895,81.47939342969669,81.88449096679688,281165.0,0.0,0.0,0.0,HMB.KA,
2025-03-27 00:00:00+05:00,82.86040496749135,82.86040496749135,81.47939821803315,82.8511962890625,44091.0,0.0,0.0,0.0,HMB.KA,
2025-03-28 00:00:00+05:00,82.8511962890625,82.8511962890625,82.8511962890625,82.8511962890625,0.0,0.0,0.0,0.0,HMB.KA,
2025-03-31 00:00:00+05:00,82.8511962890625,82.8511962890625,82.8511962890625,82.8511962890625,0.0,0.0,0.0,0.0,HMB.KA,
2025-04-03 00:00:00+05:00,82.86040537734407,82.86961405581847,81.87528750549107,81.9949722290039,47772.0,0.0,0.0,0.0,HMB.KA,
2025-04-04 00:00:00+05:00,81.9397256638158,85.53034426065828,81.93051698630146,82.88801574707031,1757908.0,0.0,0.0,0.0,HMB.KA,
2025-04-07 00:00:00+05:00,79.18692584834967,81.93973055994618,74.60198053088038,80.9546127319336,719980.0,0.0,0.0,0.0,HMB.KA,
2025-04-08 00:00:00+05:00,81.93973605551489,81.93973605551489,80.5587292680624,80.64158630371094,158835.0,0.0,0.0,0.0,HMB.KA,
2025-04-09 00:00:00+05:00,80.32855585077353,81.01905919619564,80.09838806896614,80.1167984008789,523745.0,0.0,0.0,0.0,HMB.KA,
2025-04-10 00:00:00+05:00,83.02612129221907,83.02612129221907,80.09838687046985,80.19966125488281,151767.0,0.0,0.0,0.0,HMB.KA,
2025-04-11 00:00:00+05:00,80.19966022777402,80.54951271770716,79.63805029382671,79.8405990600586,49766.0,0.0,0.0,0.0,HMB.KA,
2025-04-14 00:00:00+05:00,80.10760172238518,83.78107778142008,79.64726613017959,81.93973541259766,524397.0,0.0,0.0,0.0,HMB.KA,
2025-04-15 00:00:00+05:00,81.93972803741823,82.86960781674335,81.0190569358742,82.75912475585938,587752.0,0.0,0.0,0.0,HMB.KA,
2025-04-16 00:00:00+05:00,83.4035983999213,83.4035983999213,81.93973460277365,82.40007019042969,420549.0,0.0,0.0,0.0,HMB.KA,
2025-04-17 00:00:00+05:00,81.93972863130527,82.85119106167434,81.93972863130527,82.72229766845703,97531.0,0.0,0.0,0.0,HMB.KA,
2025-04-18 00:00:00+05:00,82.72230350646718,82.8604055872787,80.09839206770275,81.58988189697266,276646.0,0.0,0.0,0.0,HMB.KA,
2025-04-21 00:00:00+05:00,81.93973618802687,83.32074297771273,81.93973618802687,82.71309661865234,396391.0,0.0,0.0,0.0,HMB.KA,
2025-04-22 00:00:00+05:00,82.86040399583422,90.67690013934214,82.86040399583422,87.49137878417969,506009.0,0.0,0.0,0.0,HMB.KA,
2025-04-23 00:00:00+05:00,87.46376143497423,87.46376143497423,82.03180010944311,82.81436920166016,280860.0,0.0,0.0,0.0,HMB.KA,
2025-04-24 00:00:00+05:00,80.09838032531869,83.7810644782069,79.29739399336697,82.23433685302734,640309.0,0.0,0.0,0.0,HMB.KA,
2025-04-25 00:00:00+05:00,82.81435858832818,82.86039495074368,81.00984416341151,81.31366729736328,104332.0,0.0,0.0,0.0,HMB.KA,
2025-04-28 00:00:00+05:00,81.93973767060426,83.09057668283185,76.42491909077556,80.98223876953125,104557.0,0.0,0.0,0.0,HMB.KA,
2025-04-29 00:00:00+05:00,82.85119838950126,82.85119838950126,79.62884922573934,79.84981536865234,574381.0,0.0,0.0,0.0,HMB.KA,
2025-04-30 00:00:00+05:00,79.84981315941927,80.09839128311421,77.56654558163648,79.53678131103516,829046.0,0.0,0.0,0.0,HMB.KA,
2025-05-02 00:00:00+05:00,76.96810991279742,78.90151800278552,76.96810991279742,77.77830505371094,767314.0,2.5,0.0,0.0,HMB.KA,
2025-05-05 00:00:00+05:00,77.33637857715033,81.01906327130035,77.33637857715033,79.07644653320312,269708.0,0.0,0.0,0.0,HMB.KA,
2025-05-06 00:00:00+05:00,79.17771738022421,79.63805294638831,73.65369058625508,75.10835266113281,488426.0,0.0,0.0,0.0,HMB.KA,
2025-05-07 00:00:00+05:00,72.98159557449806,77.33637300202984,72.98159557449806,74.37181091308594,595494.0,0.0,0.0,0.0,HMB.KA,
2025-05-08 00:00:00+05:00,75.50424755757656,77.15224985892704,70.89168284956008,71.4625015258789,775169.0,0.0,0.0,0.0,HMB.KA,
2025-05-09 00:00:00+05:00,73.62606751485727,75.0254844681709,71.85838072409388,73.6536865234375,484527.0,0.0,0.0,0.0,HMB.KA,
2025-05-12 00:00:00+05:00,81.01905822753906,81.01905822753906,77.82432833038249,81.01905822753906,2369138.0,0.0,0.0,0.0,HMB.KA,
2025-05-13 00:00:00+05:00,81.01905642513007,81.93972752087019,79.63804978151991,81.10191345214844,288867.0,0.0,0.0,0.0,HMB.KA,
2025-05-14 00:00:00+05:00,81.64511450955135,82.39085586268916,81.05588555968588,81.87528228759766,12481.0,0.0,0.0,0.0,HMB.KA,
2025-05-15 00:00:00+05:00,80.56793057580549,81.80162648813034,80.56793057580549,81.4793930053711,18573.0,0.0,0.0,0.0,HMB.KA,
2025-05-16 00:00:00+05:00,80.55873256962998,86.53388688145718,80.55873256962998,82.14228820800781,115147.0,0.0,0.0,0.0,HMB.KA,
2025-05-19 00:00:00+05:00,80.19966487722606,84.65570989600778,80.19966487722606,81.25843811035156,20264.0,0.0,0.0,0.0,HMB.KA,
2025-05-20 00:00:00+05:00,82.76833368814395,84.70174160249881,81.1387418998689,83.59693908691406,30827.0,0.0,0.0,0.0,HMB.KA,
2025-05-21 00:00:00+05:00,84.66491630652486,84.67412498459434,81.93973060350997,82.20672607421875,21405.0,0.0,0.0,0.0,HMB.KA,
2025-05-22 00:00:00+05:00,84.14934600593406,84.24141171773275,81.66352964238807,82.86040496826172,127398.0,0.0,0.0,0.0,HMB.KA,
2025-05-23 00:00:00+05:00,82.85119628983279,84.70174730088976,81.96735281307096,82.86040496826172,274299.0,0.0,0.0,0.0,HMB.KA,
2025-05-26 00:00:00+05:00,84.60968738367848,84.60968738367848,81.93973941368078,82.14228820800781,12930.0,0.0,0.0,0.0,HMB.KA,
2025-05-27 00:00:00+05:00,84.70175362322504,84.70175362322504,83.32074677067246,83.36678314208984,4667.0,0.0,0.0,0.0,HMB.KA,
2025-05-28 00:00:00+05:00,83.36678314208984,83.36678314208984,83.36678314208984,83.36678314208984,0.0,0.0,0.0,0.0,HMB.KA,
2025-05-29 00:00:00+05:00,84.14934295289247,84.60967851934794,82.8604019619845,83.026123046875,126266.0,0.0,0.0,0.0,HMB.KA,
2025-05-30 00:00:00+05:00,83.08136287316096,84.56364399130283,82.40006818676243,82.91564178466797,49794.0,0.0,0.0,0.0,HMB.KA,
2025-06-02 00:00:00+05:00,83.69821788398475,84.18617247116869,81.93973261030007,82.91564178466797,34335.0,0.0,0.0,0.0,HMB.KA,
2025-06-03 00:00:00+05:00,83.78107267072296,89.25906307414338,83.04453295845789,88.04377746582031,397575.0,0.0,0.0,0.0,HMB.KA,
2025-06-04 00:00:00+05:00,87.46375158246941,87.46375158246941,85.44747969299407,85.86178588867188,252291.0,0.0,0.0,0.0,HMB.KA,
2025-06-05 00:00:00+05:00,86.99421331201732,91.55153963075888,85.62241529184912,87.19676208496094,322290.0,0.0,0.0,0.0,HMB.KA,
2025-06-06 00:00:00+05:00,87.19676208496094,87.19676208496094,87.19676208496094,87.19676208496094,0.0,0.0,0.0,0.0,HMB.KA,
2025-06-09 00:00:00+05:00,87.19676208496094,87.19676208496094,87.19676208496094,87.19676208496094,0.0,0.0,0.0,0.0,HMB.KA,
2025-06-10 00:00:00+05:00,87.03103740995945,88.84476058938075,86.26687871598223,87.40851593017578,70428.0,0.0,0.0,0.0,HMB.KA,
2025-06-11 00:00:00+05:00,88.39363631554303,91.60677656185132,88.3844276375651,91.00833892822266,1140270.0,0.0,0.0,0.0,HMB.KA,
2025-06-12 00:00:00+05:00,91.14644807939453,92.52745486847626,89.30510569395221,89.78385162353516,629960.0,0.0,0.0,0.0,HMB.KA,
2025-06-13 00:00:00+05:00,88.62380463635712,91.60677712055211,88.62380463635712,89.7378158569336,20187.0,0.0,0.0,0.0,HMB.KA,
2025-06-16 00:00:00+05:00,89.7378158569336,89.7378158569336,89.7378158569336,89.7378158569336,0.0,0.0,0.0,0.0,HMB.KA,
2025-06-17 00:00:00+05:00,89.06572266210952,91.94742777870671,89.06572266210952,90.1705322265625,42924.0,0.0,0.0,0.0,HMB.KA,
2025-06-18 00:00:00+05:00,87.50979073745629,90.87023462824092,87.46375437285798,87.77677917480469,45921.0,0.0,0.0,0.0,HMB.KA,
2025-06-19 00:00:00+05:00,90.22577345568288,90.22577345568288,87.46375998254973,89.55368041992188,250086.0,0.0,0.0,0.0,HMB.KA,
2025-06-20 00:00:00+05:00,89.67336753382472,90.22576879508445,88.3844265747766,89.39716339111328,650354.0,0.0,0.0,0.0,HMB.KA,
2025-06-23 00:00:00+05:00,83.87314281587241,88.37522430925489,83.87314281587241,85.73290252685547,45997.0,0.0,0.0,0.0,HMB.KA,
2025-06-24 00:00:00+05:00,88.83555024626303,90.22576553919376,86.54308123147158,87.06786346435547,461091.0,0.0,0.0,0.0,HMB.KA,
2025-06-25 00:00:00+05:00,89.30509948615843,90.22577061488171,87.18755308042957,89.29589080810547,411062.0,0.0,0.0,0.0,HMB.KA,
2025-06-26 00:00:00+05:00,90.17973290628639,90.17973290628639,86.54308481163304,86.85610961914062,241273.0,0.0,0.0,0.0,HMB.KA,
2025-06-27 00:00:00+05:00,89.30510109868769,90.22577224403499,87.0954889450215,89.62733459472656,506636.0,0.0,0.0,0.0,HMB.KA,
2025-06-30 00:00:00+05:00,91.1188284221982,91.14644743391804,88.39364255394231,91.07279205322266,587044.0,0.0,0.0,0.0,HMB.KA,
2025-07-01 00:00:00+05:00,92.057904143882,93.9084550783685,90.31783627348058,93.4665298461914,855241.0,0.0,0.0,0.0,HMB.KA,
2025-07-02 00:00:00+05:00,93.90845909013902,97.59114376034056,93.90845909013902,97.43463134765625,1267243.0,0.0,0.0,0.0,HMB.KA,
2025-07-03 00:00:00+05:00,97.43462502170448,97.58192874638378,94.13862077006823,95.6945571899414,840590.0,0.0,0.0,0.0,HMB.KA,
2025-07-04 00:00:00+05:00,95.69455868087707,98.96293694990486,93.95449082200346,97.69241333007812,520199.0,0.0,0.0,0.0,HMB.KA,
2025-07-07 00:00:00+05:00,98.51180663186295,104.94729558431902,98.05147108685425,100.3715591430664,1584930.0,0.0,0.0,0.0,HMB.KA,
2025-07-08 00:00:00+05:00,101.27382526759307,104.95650982277827,98.97214742060231,104.25679779052734,951612.0,0.0,0.0,0.0,HMB.KA,
2025-07-09 00:00:00+05:00,104.03583846378476,104.03583846378476,101.4671651490802,103.45581817626953,240319.0,0.0,0.0,0.0,HMB.KA,
2025-07-10 00:00:00+05:00,104.95651324011376,108.08679661877443,104.14632514029248,107.00961303710938,894483.0,0.0,0.0,0.0,HMB.KA,
2025-07-11 00:00:00+05:00,109.55986391958301,110.250367263614,104.95650829270977,106.42958068847656,597741.0,0.0,0.0,0.0,HMB.KA,
2025-07-14 00:00:00+05:00,106.42958649053885,110.25037327396839,105.87718519003228,107.77376556396484,1168808.0,0.0,0.0,0.0,HMB.KA,
2025-07-15 00:00:00+05:00,108.17885236032699,110.47132139251639,105.98765770930157,106.7149887084961,540488.0,0.0,0.0,0.0,HMB.KA,
2025-07-16 00:00:00+05:00,105.8955929408883,107.90265633564995,104.97492178777128,105.8403549194336,144009.0,0.0,0.0,0.0,HMB.KA,
2025-07-17 00:00:00+05:00,105.87718198737807,107.7093156045678,101.73416182265457,104.62506866455078,517920.0,0.0,0.0,0.0,HMB.KA,
2025-07-18 00:00:00+05:00,107.25818105774856,107.25818105774856,104.03583227060591,104.21076202392578,140400.0,0.0,0.0,0.0,HMB.KA,
2025-07-21 00:00:00+05:00,104.03584008122859,104.03584008122859,102.19449777890595,103.76884460449219,91013.0,0.0,0.0,0.0,HMB.KA,
2025-07-22 00:00:00+05:00,103.91615336685805,106.33751591926459,102.65483138526409,104.3028335571289,462523.0,0.0,0.0,0.0,HMB.KA,
2025-07-23 00:00:00+05:00,105.6930532094341,105.85877430113199,103.11517112172552,104.06346130371094,261884.0,0.0,0.0,0.0,HMB.KA,
2025-07-24 00:00:00+05:00,105.83114540304662,105.83114540304662,103.17040635354222,103.80567169189453,288936.0,0.0,0.0,0.0,HMB.KA,
2025-07-25 00:00:00+05:00,103.12437939677322,104.95651305259214,103.12437939677322,104.91047668457031,27128.0,0.0,0.0,0.0,HMB.KA,
2025-07-28 00:00:00+05:00,104.49617239284562,105.4076348372598,102.65483014803777,103.10595703125,108581.0,0.0,0.0,0.0,HMB.KA,
2025-07-29 00:00:00+05:00,104.95651470784144,104.95651470784144,102.19450116289823,102.76531982421875,69144.0,0.0,0.0,0.0,HMB.KA,
2025-07-30 00:00:00+05:00,104.03583842784434,104.95650956437395,101.27382501825556,102.19449615478516,244511.0,0.0,0.0,0.0,HMB.KA,
2025-07-31 00:00:00+05:00,103.11516426355726,104.0358353730533,102.1944931540612,102.36942291259766,20437.0,0.0,0.0,0.0,HMB.KA,
2025-08-01 00:00:00+05:00,102.83896352416693,104.0266301376184,101.2738253958957,101.33827209472656,40744.0,0.0,0.0,0.0,HMB.KA,
2025-08-04 00:00:00+05:00,101.34748358724964,103.11517053926639,96.90064017194453,100.34394836425781,74152.0,0.0,0.0,0.0,HMB.KA,
2025-08-05 00:00:00+05:00,100.35315403627324,101.45795659214485,99.8928184672995,100.51887512207031,15863.0,0.0,0.0,0.0,HMB.KA,
2025-08-06 00:00:00+05:00,100.54649220440184,103.11516547292152,100.54649220440184,102.29576873779297,706659.0,0.0,0.0,0.0,HMB.KA,
2025-08-07 00:00:00+05:00,103.21644209437333,104.72634220243582,102.05639449090368,102.59959411621094,359823.0,0.0,0.0,0.0,HMB.KA,
2025-08-08 00:00:00+05:00,103.11516729023684,103.11516729023684,101.2738250171969,102.18528747558594,220065.0,0.0,0.0,0.0,HMB.KA,
2025-08-11 00:00:00+05:00,102.19450507168214,110.25037821922466,102.10243935482873,107.50677490234375,438895.0,0.0,0.0,0.0,HMB.KA,
2025-08-12 00:00:00+05:00,107.7185212998451,109.51382717851055,107.25818573873464,107.28580474853516,488868.0,0.0,0.0,0.0,HMB.KA,
2025-08-13 00:00:00+05:00,107.71852614541925,109.32970068178236,102.19449916360287,103.27168273925781,329640.0,0.0,0.0,0.0,HMB.KA,
2025-08-15 00:00:00+05:00,101.37509531984291,104.49616978496748,101.37509531984291,103.65835571289062,102212.0,0.0,0.0,0.0,HMB.KA,
2025-08-18 00:00:00+05:00,103.12437512286932,107.02801874294299,102.19449531584233,106.82546997070312,197453.0,0.0,0.0,0.0,HMB.KA,
2025-08-19 00:00:00+05:00,107.71852554744247,114.98262042627282,106.42958452067457,110.8211898803711,1338904.0,0.0,0.0,0.0,HMB.KA,
2025-08-20 00:00:00+05:00,113.69367624200103,116.78713181066708,111.58533850463162,115.1483383178711,500496.0,0.0,0.0,0.0,HMB.KA,
2025-08-21 00:00:00+05:00,115.55230643398127,115.55230643398127,109.91560855915291,111.60662078857422,113973.0,2.5,0.0,0.0,HMB.KA,
2025-08-22 00:00:00+05:00,112.27363586425781,113.57947037631008,109.91561510595832,112.27363586425781,113982.0,0.0,0.0,0.0,HMB.KA,
2025-08-25 00:00:00+05:00,113.18490279739045,113.18490279739045,110.1504771184113,110.85506439208984,558748.0,0.0,0.0,0.0,HMB.KA,
2025-08-26 00:00:00+05:00,112.73395775733614,112.73395775733614,108.03670951744714,110.31957244873047,56873.0,0.0,0.0,0.0,HMB.KA,
2025-08-27 00:00:00+05:00,110.85506125925956,111.55964851302605,108.88221838219985,109.22042083740234,291137.0,0.0,0.0,0.0,HMB.KA,
2025-08-28 00:00:00+05:00,108.97615930939469,111.27780808300824,108.03670966017577,108.92918395996094,135498.0,0.0,0.0,0.0,HMB.KA,
2025-08-29 00:00:00+05:00,109.02313876282781,110.15047551735448,108.03671372704277,108.47825622558594,115863.0,0.0,0.0,0.0,HMB.KA,
2025-09-01 00:00:00+05:00,108.97615927818165,111.32478340055626,103.57432379672007,110.42291259765625,103424.0,0.0,0.0,0.0,HMB.KA,
2025-09-02 00:00:00+05:00,111.79451005581105,111.79451005581105,109.21102347889104,110.40412139892578,458154.0,0.0,0.0,0.0,HMB.KA,
2025-09-03 00:00:00+05:00,108.97616289110289,110.85506225129433,108.97616289110289,110.56383514404297,22428.0,0.0,0.0,0.0,HMB.KA,
2025-09-04 00:00:00+05:00,110.57322198380136,111.23084104548018,108.04610727525431,110.37593841552734,239753.0,0.0,0.0,0.0,HMB.KA,
2025-09-05 00:00:00+05:00,110.38533200675042,110.85505682380042,109.91560718970042,109.95318603515625,22417.0,0.0,0.0,0.0,HMB.KA,
2025-09-08 00:00:00+05:00,110.85505843777467,115.55230667666342,109.44588396610804,114.72559356689453,231573.0,0.0,0.0,0.0,HMB.KA,
2025-09-09 00:00:00+05:00,114.98863963271356,114.98863963271356,111.79450936035973,111.86966705322266,51900.0,0.0,0.0,0.0,HMB.KA,
2025-09-10 00:00:00+05:00,112.72456290814827,112.72456290814827,110.38533525723759,110.68595886230469,27464.0,0.0,0.0,0.0,HMB.KA,
2025-09-11 00:00:00+05:00,110.68595495736217,112.25483411697465,108.97615691997025,109.92500305175781,420468.0,0.0,0.0,0.0,HMB.KA,
2025-09-12 00:00:00+05:00,111.7945040306298,112.20786415423717,109.54922002727471,109.8686294555664,455495.0,0.0,0.0,0.0,HMB.KA,
2025-09-15 00:00:00+05:00,111.79450837405938,111.79450837405938,108.98555592683583,109.03252410888672,16439.0,0.0,0.0,0.0,HMB.KA,
2025-09-16 00:00:00+05:00,109.16405145500029,110.85506376930155,108.03671469042101,108.81645965576172,97349.0,0.0,0.0,0.0,HMB.KA,
2025-09-17 00:00:00+05:00,109.91560467440675,109.91560467440675,108.5064302555041,109.35193634033203,26535.0,0.0,0.0,0.0,HMB.KA,
2025-09-18 00:00:00+05:00,109.91561189540782,110.36655089275146,107.2851499403397,108.93858337402344,201287.0,0.0,0.0,0.0,HMB.KA,
2025-09-19 00:00:00+05:00,109.89682615702445,109.89682615702445,107.84882557841989,108.03671264648438,495122.0,0.0,0.0,0.0,HMB.KA,
2025-09-22 00:00:00+05:00,108.50643167174633,108.96675998104857,103.5743211412124,104.79560852050781,1004082.0,0.0,0.0,0.0,HMB.KA,
2025-09-23 00:00:00+05:00,104.79560852050781,104.79560852050781,104.79560852050781,104.79560852050781,0.0,0.0,0.0,0.0,HMB.KA,
2025-09-24 00:00:00+05:00,105.64110495235852,105.68808029946427,103.33945629280952,103.70584106445312,72816.0,0.0,0.0,0.0,HMB.KA,
2025-09-25 00:00:00+05:00,105.21836075457855,106.62753522897023,105.20896425120165,106.60874938964844,75794.0,0.0,0.0,0.0,HMB.KA,
2025-09-26 00:00:00+05:00,106.81542604992904,109.44588802831203,105.2371502963857,107.26636505126953,62126.0,0.0,0.0,0.0,HMB.KA,
2025-09-29 00:00:00+05:00,107.09725915477912,108.97615843819631,105.9417329418075,108.69432067871094,653341.0,0.0,0.0,0.0,HMB.KA,
2025-09-30 00:00:00+05:00,108.97616255432311,110.29139353587897,108.13065641136346,109.24860382080078,375730.0,0.0,0.0,0.0,HMB.KA,
2025-10-01 00:00:00+05:00,109.91560835634901,110.57322024022618,108.99494455148901,109.90621185302734,221452.0,0.0,0.0,0.0,HMB.KA,
2025-10-02 00:00:00+05:00,110.26321288350645,117.32787141067712,109.53983260721144,115.74959564208984,1093464.0,0.0,0.0,0.0,HMB.KA,
2025-10-03 00:00:00+05:00,116.38841054915314,117.52514370680517,113.67340177438267,116.30386352539062,527469.0,0.0,0.0,0.0,HMB.KA,
2025-10-06 00:00:00+05:00,115.64625008818687,117.31846931271033,113.57946373218907,115.03560638427734,563079.0,0.0,0.0,0.0,HMB.KA,
2025-10-07 00:00:00+05:00,115.03560638427734,115.03560638427734,115.03560638427734,115.03560638427734,0.0,0.0,0.0,0.0,HMB.KA,
2025-10-08 00:00:00+05:00,115.09197619255814,117.43120376466942,108.2245945225466,111.03355407714844,771511.0,0.0,0.0,0.0,HMB.KA,
2025-10-09 00:00:00+05:00,110.71414111839256,113.55128310845217,110.44169985660326,111.58782958984375,63181.0,0.0,0.0,0.0,HMB.KA,
2025-10-10 00:00:00+05:00,111.58782842243997,113.67340779488735,108.03670988770286,111.63480377197266,54359.0,0.0,0.0,0.0,HMB.KA,
2025-10-13 00:00:00+05:00,110.43230345364277,110.84565640418853,101.46055689800403,104.99288940429688,318286.0,0.0,0.0,0.0,HMB.KA,
2025-10-14 00:00:00+05:00,106.22356984099014,110.85505682380042,106.22356984099014,109.95318603515625,660738.0,0.0,0.0,0.0,HMB.KA,
2025-10-15 00:00:00+05:00,110.84566572287807,114.14313610615926,108.97616286678578,109.97197723388672,1302946.0,0.0,0.0,0.0,HMB.KA,
2025-10-16 00:00:00+05:00,110.85506227242237,116.02203551393357,110.85506227242237,114.58467864990234,416809.0,0.0,0.0,0.0,HMB.KA,
2025-10-17 00:00:00+05:00,115.55230682522539,116.94269545939412,112.73395787826867,116.24749755859375,308479.0,0.0,0.0,0.0,HMB.KA,
2025-10-20 00:00:00+05:00,116.24749932461238,118.3706575704555,115.57109442027777,117.30908203125,187506.0,0.0,0.0,0.0,HMB.KA,
2025-10-21 00:00:00+05:00,117.43120549369361,121.1890040694918,117.43120549369361,119.13160705566406,261463.0,0.0,0.0,0.0,HMB.KA,
2025-10-22 00:00:00+05:00,120.24955791176764,121.64934308238549,118.84038340498911,120.07106018066406,153502.0,0.0,0.0,0.0,HMB.KA,
2025-10-23 00:00:00+05:00,118.37065474008172,120.24955402167032,111.80390375781052,112.99700164794922,180048.0,0.0,0.0,0.0,HMB.KA,
2025-10-24 00:00:00+05:00,111.79450701161105,115.55230556662318,108.17762733589825,114.28404998779297,197393.0,0.0,0.0,0.0,HMB.KA,
2025-10-27 00:00:00+05:00,114.28405021791359,114.69740318594353,108.97615831478467,114.49073028564453,86141.0,0.0,0.0,0.0,HMB.KA,
2025-10-28 00:00:00+05:00,114.81954257056337,117.43121156907033,113.67341279886007,114.84772491455078,604161.0,0.0,0.0,0.0,HMB.KA,
2025-10-29 00:00:00+05:00,115.08258529259875,119.31010883395953,112.74335760659349,113.65462493896484,35137.0,0.0,0.0,0.0,HMB.KA,
2025-10-30 00:00:00+05:00,115.03560339986858,115.5523035591791,113.57946078555753,113.6076431274414,14793.0,0.0,0.0,0.0,HMB.KA,
2025-10-31 00:00:00+05:00,115.36442158986948,119.31010731113902,104.75803402471652,111.8978500366211,215068.0,0.0,0.0,0.0,HMB.KA,
2025-11-03 00:00:00+05:00,114.2968234460042,115.37156742660326,110.44886354478496,114.22965240478516,90514.0,2.5,0.0,0.0,HMB.KA,
2025-11-04 00:00:00+05:00,114.19126585646667,115.05489874312939,110.35290397893837,111.51400756835938,76345.0,0.0,0.0,0.0,HMB.KA,
2025-11-05 00:00:00+05:00,112.18573074431941,114.18167345364994,110.45846488701021,111.60037994384766,11133.0,0.0,0.0,0.0,HMB.KA,
2025-11-06 00:00:00+05:00,112.27209104083029,112.27209104083029,109.87311473653904,110.18018341064453,20484.0,0.0,0.0,0.0,HMB.KA,
2025-11-07 00:00:00+05:00,110.35291059194002,111.31250111882645,108.43372953816714,109.60443115234375,78580.0,0.0,0.0,0.0,HMB.KA,
2025-11-10 00:00:00+05:00,112.73269273967773,112.73269273967773,108.52968175446186,109.51805877685547,26782.0,0.0,0.0,0.0,HMB.KA,
2025-11-11 00:00:00+05:00,112.7039020201634,112.72309793009957,107.46453873505607,108.57766723632812,505607.0,0.0,0.0,0.0,HMB.KA,
2025-11-12 00:00:00+05:00,108.43372795489583,110.5448241547834,108.43372795489583,110.21856689453125,150598.0,0.0,0.0,0.0,HMB.KA,
2025-11-13 00:00:00+05:00,108.44332122802734,112.27208515919078,106.53373091866176,108.44332122802734,160356.0,0.0,0.0,0.0,HMB.KA,
2025-11-14 00:00:00+05:00,108.52968525276428,110.2569510997748,106.62010218713763,109.39331817626953,982847.0,0.0,0.0,0.0,HMB.KA,
2025-11-17 00:00:00+05:00,109.41250872434105,109.67160226657927,107.47413908007144,107.65646362304688,109174.0,0.0,0.0,0.0,HMB.KA,
2025-11-18 00:00:00+05:00,107.65645885935442,110.54482094813595,105.57414194278651,107.5509033203125,284788.0,0.0,0.0,0.0,HMB.KA,
2025-11-19 00:00:00+05:00,107.57009252778349,110.54482158430686,107.47413494294616,108.07867431640625,201000.0,0.0,0.0,0.0,HMB.KA,
2025-11-20 00:00:00+05:00,108.91351947936492,110.30492274691906,107.95392899937052,108.12665557861328,29009.0,0.0,0.0,0.0,HMB.KA,
2025-11-21 00:00:00+05:00,109.82513164188192,109.82513164188192,108.46251486604946,109.37413024902344,6372.0,0.0,0.0,0.0,HMB.KA,
2025-11-24 00:00:00+05:00,108.43372766595138,109.82513097747487,107.9539324107923,109.39331817626953,135552.0,0.0,0.0,0.0,HMB.KA,
2025-11-25 00:00:00+05:00,109.38372161542512,109.39331957055713,107.52212098002494,108.510498046875,49926.0,0.0,0.0,0.0,HMB.KA,
2025-11-26 00:00:00+05:00,109.39331960621101,109.39331960621101,107.5317116491094,108.78878021240234,102113.0,0.0,0.0,0.0,HMB.KA,
2025-11-27 00:00:00+05:00,108.52968579738358,110.30492678616169,107.9539329525224,108.5392837524414,757766.0,0.0,0.0,0.0,HMB.KA,
2025-11-28 00:00:00+05:00,108.54888116278362,110.34331073157801,107.9539324107923,109.39331817626953,565418.0,0.0,0.0,0.0,HMB.KA,
2025-12-01 00:00:00+05:00,109.39331588159497,109.39331588159497,107.95393014631082,108.9231185913086,41191.0,0.0,0.0,0.0,HMB.KA,
2025-12-02 00:00:00+05:00,110.11301190311386,111.29331146113476,108.433728497184,109.36453247070312,1350717.0,0.0,0.0,0.0,HMB.KA,
2025-12-03 00:00:00+05:00,111.29331180487841,111.29331180487841,106.51454779081945,106.84080505371094,590592.0,0.0,0.0,0.0,HMB.KA,
2025-12-04 00:00:00+05:00,108.88473556354127,108.88473556354127,107.37817876644321,107.47413635253906,31114.0,0.0,0.0,0.0,HMB.KA,
2025-12-05 00:00:00+05:00,108.43372426128153,108.43372426128153,105.55495282071652,106.45697021484375,2225786.0,0.0,0.0,0.0,HMB.KA,
2025-12-08 00:00:00+05:00,107.57969202960481,107.62767448326069,106.99434123625701,107.1862564086914,1823191.0,0.0,0.0,0.0,HMB.KA,
2025-12-09 00:00:00+05:00,107.90594932786078,107.95393178153485,107.18625644931721,107.46453857421875,123570.0,0.0,0.0,0.0,HMB.KA,
2025-12-10 00:00:00+05:00,107.7620171545463,108.43372758281618,106.03475130886007,106.61050415039062,452646.0,0.0,0.0,0.0,HMB.KA,
2025-12-11 00:00:00+05:00,108.33776926959088,108.33776926959088,106.99434110096523,107.47413635253906,210133.0,0.0,0.0,0.0,HMB.KA,
2025-12-12 00:00:00+05:00,108.29938477093363,108.33776926959088,106.99434110096523,107.47413635253906,2674191.0,0.0,0.0,0.0,HMB.KA,
2025-12-15 00:00:00+05:00,107.94433325217433,108.33776887114325,107.0998962481041,107.21504974365234,116222.0,0.0,0.0,0.0,HMB.KA,
2025-12-16 00:00:00+05:00,107.47413237262819,108.04988518897699,106.51454190501543,107.06150817871094,154170.0,0.0,0.0,0.0,HMB.KA,
2025-12-17 00:00:00+05:00,106.75443934617772,108.9135178947521,105.5549512636364,107.07110595703125,2505608.0,0.0,0.0,0.0,HMB.KA,
2025-12-18 00:00:00+05:00,107.47413631134924,108.89433347674509,106.85999897525765,107.19585418701172,2050359.0,0.0,0.0,0.0,HMB.KA,
2025-12-19 00:00:00+05:00,107.47413622832465,107.857973893359,106.51454572628604,106.63928985595703,438990.0,0.0,0.0,0.0,HMB.KA,
2025-12-22 00:00:00+05:00,106.84080095102917,107.84837388744619,106.03474845877105,106.71605682373047,51824.0,0.0,0.0,0.0,HMB.KA,
2025-12-23 00:00:00+05:00,107.71403474014922,107.71403474014922,106.27464897524744,106.88878631591797,95503.0,0.0,0.0,0.0,HMB.KA,
2025-12-24 00:00:00+05:00,107.47413855038062,108.88473779022952,105.66051304803052,106.28424835205078,8696065.0,0.0,0.0,0.0,HMB.KA,
2025-12-26 00:00:00+05:00,107.35898064370583,107.35898064370583,106.22666358048689,106.43777465820312,952898.0,0.0,0.0,0.0,HMB.KA,
2025-12-29 00:00:00+05:00,107.46453413651807,107.47413209107545,106.03474639342711,106.51454162597656,209634.0,0.0,0.0,0.0,HMB.KA,
2025-12-30 00:00:00+05:00,107.17666184688602,107.71403016688377,106.52414003499119,107.05191040039062,1015843.0,0.0,0.0,0.0,HMB.KA,
2025-12-31 00:00:00+05:00,107.20544798454156,107.45494355549543,106.52413963252017,106.7928237915039,425703.0,0.0,0.0,0.0,HMB.KA,
2026-01-01 00:00:00+05:00,106.7928237915039,106.7928237915039,106.7928237915039,106.7928237915039,0.0,0.0,0.0,0.0,HMB.KA,
2026-01-02 00:00:00+05:00,110.35290982033219,112.75188612077419,107.95393351989017,110.18978118896484,6193801.0,0.0,0.0,0.0,HMB.KA,
2026-01-05 00:00:00+05:00,111.32209339627734,117.05084972098261,111.29330685331409,115.9377212524414,6313430.0,0.0,0.0,0.0,HMB.KA,
2026-01-06 00:00:00+05:00,117.0508546378873,118.94124180912789,114.19127167220915,116.87812805175781,3749234.0,0.0,0.0,0.0,HMB.KA,
2026-01-07 00:00:00+05:00,117.06044447026817,118.79730827475821,114.20086884526664,114.95894622802734,2425447.0,0.0,0.0,0.0,HMB.KA,
2026-01-08 00:00:00+05:00,115.15085982640198,116.0144927393189,112.08017315946907,112.50238800048828,1591791.0,0.0,0.0,0.0,HMB.KA,
2026-01-09 00:00:00+05:00,112.27208957283176,113.12612454030506,110.35290855449276,111.9074478149414,580711.0,0.0,0.0,0.0,HMB.KA,
2026-01-12 00:00:00+05:00,111.90744507946931,113.71147255701618,110.35290585701992,111.7251205444336,1310511.0,0.0,0.0,0.0,HMB.KA,
2026-01-13 00:00:00+05:00,112.26248785508218,112.27208580975866,110.9574442206658,111.76350402832031,605766.0,0.0,0.0,0.0,HMB.KA,
2026-01-14 00:00:00+05:00,112.27209119474837,114.19127224081244,111.32209862685316,112.39683532714844,888103.0,0.0,0.0,0.0,HMB.KA,
2026-01-15 00:00:00+05:00,112.26249218773988,113.12612511459562,111.33168821774505,112.15693664550781,352539.0,0.0,0.0,0.0,HMB.KA,
2026-01-16 00:00:00+05:00,112.49279961828248,115.15086213119594,111.94583331600309,114.0953140258789,692338.0,0.0,0.0,0.0,HMB.KA,
2026-01-19 00:00:00+05:00,114.09531027641049,115.05490076263582,113.71147261770147,113.95137023925781,638708.0,0.0,0.0,0.0,HMB.KA,
2026-01-20 00:00:00+05:00,113.90338606261345,114.67106136841294,113.03976049495691,113.73065948486328,2143606.0,0.0,0.0,0.0,HMB.KA,
2026-01-21 00:00:00+05:00,113.80743041376505,114.19126807318793,111.31249660915798,112.27208709716797,623330.0,0.0,0.0,0.0,HMB.KA,
2026-01-22 00:00:00+05:00,111.60996436629841,113.17410150589336,111.60996436629841,111.82107543945312,210570.0,0.0,0.0,0.0,HMB.KA,
2026-01-23 00:00:00+05:00,112.40643275192627,112.75188592427546,111.31250014651874,112.42562866210938,525344.0,0.0,0.0,0.0,HMB.KA,
2026-01-26 00:00:00+05:00,113.23167671767855,114.19126719833685,112.7518814773494,113.9705581665039,856484.0,0.0,0.0,0.0,HMB.KA,
2026-01-27 00:00:00+05:00,114.6710648680187,115.77459540837336,114.23925207101209,115.27560424804688,1584163.0,0.0,0.0,0.0,HMB.KA,
2026-01-28 00:00:00+05:00,115.96651346741942,116.11045351037022,115.15086298549112,115.17005157470703,474057.0,0.0,0.0,0.0,HMB.KA,
2026-01-29 00:00:00+05:00,115.15085852536022,115.15085852536022,113.20289100668131,113.9417724609375,438211.0,0.0,0.0,0.0,HMB.KA,
2026-01-30 00:00:00+05:00,114.67106297297599,115.04530267648894,113.23167724528173,114.23925018310547,244765.0,0.0,0.0,0.0,HMB.KA,
2026-02-02 00:00:00+05:00,114.67106055241652,114.67106055241652,113.04935032402967,113.21248626708984,655812.0,0.0,0.0,0.0,HMB.KA,
2026-02-03 00:00:00+05:00,114.1336986494343,116.30236795074576,113.23168121900716,116.03368377685547,990042.0,0.0,0.0,0.0,HMB.KA,
2026-02-04 00:00:00+05:00,116.97408420373364,122.82758482902285,115.72661361687605,121.6568832397461,5658413.0,0.0,0.0,0.0,HMB.KA,
2026-02-06 00:00:00+05:00,122.82758340456311,123.9311066173379,119.56497425616051,121.4361801147461,911299.0,0.0,0.0,0.0,HMB.KA,
2026-02-09 00:00:00+05:00,121.48415470981921,121.86799237048056,117.07003991494983,117.27155303955078,661818.0,0.0,0.0,0.0,HMB.KA,
2026-02-10 00:00:00+05:00,117.27155393110374,117.31953638446161,114.86297973020976,115.57308197021484,370736.0,0.0,0.0,0.0,HMB.KA,
2026-02-11 00:00:00+05:00,116.11045283124663,119.94881490831263,115.57308448320768,118.81649780273438,545287.0,0.0,0.0,0.0,HMB.KA,
2026-02-12 00:00:00+05:00,118.98922039985419,118.98922039985419,115.1508584514718,116.45590209960938,421533.0,0.0,0.0,0.0,HMB.KA,
2026-02-13 00:00:00+05:00,119.52659200521605,122.77960325992352,119.0851812475876,121.90637969970703,2087378.0,0.0,0.0,0.0,HMB.KA,
2026-02-16 00:00:00+05:00,122.34778563371037,122.80839228325996,115.43873713812681,117.06044006347656,576826.0,0.0,0.0,0.0,HMB.KA,
2026-02-17 00:00:00+05:00,118.02962772843681,121.3881943711159,117.10842175640471,118.490234375,979061.0,0.0,0.0,0.0,HMB.KA,
2026-02-18 00:00:00+05:00,118.98921782932904,125.22655586070516,118.98921782932904,124.36293029785156,1385668.0,0.0,0.0,0.0,HMB.KA,
2026-02-19 00:00:00+05:00,126.66594301796736,126.66594301796736,119.56497202092305,120.12153625488281,291287.0,0.0,0.0,0.0,HMB.KA,
2026-02-20 00:00:00+05:00,121.82001417923568,121.86799663390738,118.31751462104245,119.90083312988281,445377.0,0.0,0.0,0.0,HMB.KA,
2026-02-23 00:00:00+05:00,119.90082750112128,121.8679909127971,116.84932948305944,117.87609100341797,159284.0,0.0,0.0,0.0,HMB.KA,
2026-02-24 00:00:00+05:00,117.07003991494983,119.75689621848481,115.15085893273753,117.27155303955078,277462.0,0.0,0.0,0.0,HMB.KA,
2026-02-25 00:00:00+05:00,117.28114835727038,119.78568006842991,116.11044681306932,117.64579010009766,2845720.0,0.0,0.0,0.0,HMB.KA,
2026-02-26 00:00:00+05:00,118.97962530016139,119.65134304990377,115.15086121467976,118.02003479003906,617498.0,0.0,0.0,0.0,HMB.KA,
2026-02-27 00:00:00+05:00,117.0700408361533,119.66093225408937,113.27966129489596,117.79933166503906,548393.0,0.0,0.0,0.0,HMB.KA,
2026-03-02 00:00:00+05:00,109.93068607071129,116.11045127469315,106.01556236862127,106.62969970703125,843775.0,0.0,0.0,0.0,HMB.KA,
2026-03-03 00:00:00+05:00,104.71051971915624,109.87311405853985,104.71051971915624,109.0958480834961,994491.0,0.0,0.0,0.0,HMB.KA,
2026-03-04 00:00:00+05:00,109.09584458691397,109.63321291578599,106.51454383940695,107.5509033203125,273246.0,0.0,0.0,0.0,HMB.KA,
2026-03-05 00:00:00+05:00,108.65443290071894,110.35290482323859,107.61807342879459,109.81553649902344,685220.0,0.0,0.0,0.0,HMB.KA,
2026-03-06 00:00:00+05:00,109.20139789329198,110.3529035233589,108.91351782522813,109.30695343017578,102327.0,0.0,0.0,0.0,HMB.KA,
2026-03-09 00:00:00+05:00,106.56253014113341,109.39331924581082,98.83782352910977,102.67618560791016,744347.0,0.0,0.0,0.0,HMB.KA,
2026-03-10 00:00:00+05:00,105.56454895455721,112.94379464157778,105.56454895455721,109.86351013183594,1007802.0,0.0,0.0,0.0,HMB.KA,
2026-03-11 00:00:00+05:00,109.89230033685514,112.08017281658282,108.19382838089341,109.45088958740234,96229.0,0.0,0.0,0.0,HMB.KA,
2026-03-12 00:00:00+05:00,109.39331883806426,111.30290191524328,108.18423273784232,109.37413024902344,304944.0,0.0,0.0,0.0,HMB.KA,
2026-03-13 00:00:00+05:00,109.37412958734478,111.31249919690583,107.66605232925902,109.39331817626953,40604.0,0.0,0.0,0.0,HMB.KA,
2026-03-16 00:00:00+05:00,110.34331155314766,110.35290950822879,104.59536640345164,106.86000061035156,208905.0,0.0,0.0,0.0,HMB.KA,
2026-03-17 00:00:00+05:00,106.0999984741211,110.0,105.0,105.63999938964844,181107.0,4.5,0.0,0.0,HMB.KA,
2026-03-18 00:00:00+05:00,107.44999694824219,110.0,105.05000305175781,106.12000274658203,483390.0,0.0,0.0,0.0,HMB.KA,
2026-03-19 00:00:00+05:00,106.02999877929688,107.44999694824219,103.94999694824219,106.47000122070312,708990.0,0.0,0.0,0.0,HMB.KA,
2026-03-20 00:00:00+05:00,106.47000122070312,106.47000122070312,106.47000122070312,106.47000122070312,0.0,0.0,0.0,0.0,HMB.KA,
2026-03-23 00:00:00+05:00,106.47000122070312,106.47000122070312,106.47000122070312,106.47000122070312,0.0,0.0,0.0,0.0,HMB.KA,
2026-03-24 00:00:00+05:00,108.0,109.0,104.98999786376953,106.0,425605.0,0.0,0.0,0.0,HMB.KA,
2026-03-25 00:00:00+05:00,107.44999694824219,110.68000030517578,106.05000305175781,109.48999786376953,410867.0,0.0,0.0,0.0,HMB.KA,
2026-03-26 00:00:00+05:00,109.0,109.0,106.26000213623047,107.05000305175781,1381417.0,0.0,0.0,0.0,HMB.KA,
2026-03-27 00:00:00+05:00,108.0,108.0,106.0,106.72000122070312,898003.0,0.0,0.0,0.0,HMB.KA,
